{
  "training": {
    "trials": [
      {
        "train_auc": 0.994217546472242,
        "valid_auc": 0.9844911725758106,
        "best_iteration": 723,
        "train_time": 364.05065870285034,
        "feature_importance": {
          "hour": 4286,
          "n_channels": 1538,
          "ip_app_count": 1587,
          "ip_app_os_count": 1400,
          "FutureClickCount_600-ip": 909,
          "FutureClickCount_600-app": 820,
          "FutureClickCount_600-ip-app": 299,
          "FutureClickCount_600-dev": 324,
          "FutureClickCount_600-ip-dev": 755,
          "FutureClickCount_600-app-dev": 640,
          "FutureClickCount_600-ip-app-dev": 273,
          "FutureClickCount_600-os": 509,
          "FutureClickCount_600-ip-os": 598,
          "FutureClickCount_600-app-os": 751,
          "FutureClickCount_600-ip-app-os": 304,
          "FutureClickCount_600-dev-os": 752,
          "FutureClickCount_600-ip-dev-os": 600,
          "FutureClickCount_600-app-dev-os": 814,
          "FutureClickCount_600-ip-app-dev-os": 386,
          "FutureClickCount_600-cha": 802,
          "FutureClickCount_600-ip-cha": 213,
          "FutureClickCount_600-app-cha": 960,
          "FutureClickCount_600-ip-app-cha": 153,
          "FutureClickCount_600-dev-cha": 644,
          "FutureClickCount_600-ip-dev-cha": 188,
          "FutureClickCount_600-app-dev-cha": 640,
          "FutureClickCount_600-ip-app-dev-cha": 131,
          "FutureClickCount_600-os-cha": 533,
          "FutureClickCount_600-ip-os-cha": 126,
          "FutureClickCount_600-app-os-cha": 532,
          "FutureClickCount_600-ip-app-os-cha": 101,
          "FutureClickCount_600-dev-os-cha": 499,
          "FutureClickCount_600-ip-dev-os-cha": 110,
          "FutureClickCount_600-app-dev-os-cha": 529,
          "FutureClickCount_600-ip-app-dev-os-cha": 117,
          "FutureClickCount_4800-ip": 1379,
          "FutureClickCount_4800-app": 461,
          "FutureClickCount_4800-ip-app": 534,
          "FutureClickCount_4800-dev": 117,
          "FutureClickCount_4800-ip-dev": 1325,
          "FutureClickCount_4800-app-dev": 294,
          "FutureClickCount_4800-ip-app-dev": 431,
          "FutureClickCount_4800-os": 293,
          "FutureClickCount_4800-ip-os": 799,
          "FutureClickCount_4800-app-os": 550,
          "FutureClickCount_4800-ip-app-os": 443,
          "FutureClickCount_4800-dev-os": 340,
          "FutureClickCount_4800-ip-dev-os": 984,
          "FutureClickCount_4800-app-dev-os": 704,
          "FutureClickCount_4800-ip-app-dev-os": 452,
          "FutureClickCount_4800-cha": 492,
          "FutureClickCount_4800-ip-cha": 341,
          "FutureClickCount_4800-app-cha": 751,
          "FutureClickCount_4800-ip-app-cha": 298,
          "FutureClickCount_4800-dev-cha": 358,
          "FutureClickCount_4800-ip-dev-cha": 287,
          "FutureClickCount_4800-app-dev-cha": 453,
          "FutureClickCount_4800-ip-app-dev-cha": 234,
          "FutureClickCount_4800-os-cha": 534,
          "FutureClickCount_4800-ip-os-cha": 189,
          "FutureClickCount_4800-app-os-cha": 484,
          "FutureClickCount_4800-ip-app-os-cha": 187,
          "FutureClickCount_4800-dev-os-cha": 516,
          "FutureClickCount_4800-ip-dev-os-cha": 172,
          "FutureClickCount_4800-app-dev-os-cha": 562,
          "FutureClickCount_4800-ip-app-dev-os-cha": 145,
          "NextClickTimeDelta-ip": 1067,
          "NextClickTimeDelta-app": 183,
          "NextClickTimeDelta-ip-app": 1332,
          "NextClickTimeDelta-dev": 104,
          "NextClickTimeDelta-ip-dev": 837,
          "NextClickTimeDelta-app-dev": 142,
          "NextClickTimeDelta-ip-app-dev": 871,
          "NextClickTimeDelta-os": 144,
          "NextClickTimeDelta-ip-os": 889,
          "NextClickTimeDelta-app-os": 367,
          "NextClickTimeDelta-ip-app-os": 1743,
          "NextClickTimeDelta-dev-os": 142,
          "NextClickTimeDelta-ip-dev-os": 694,
          "NextClickTimeDelta-app-dev-os": 327,
          "NextClickTimeDelta-ip-app-dev-os": 2730,
          "NextClickTimeDelta-cha": 222,
          "NextClickTimeDelta-ip-cha": 863,
          "NextClickTimeDelta-app-cha": 353,
          "NextClickTimeDelta-ip-app-cha": 749,
          "NextClickTimeDelta-dev-cha": 176,
          "NextClickTimeDelta-ip-dev-cha": 525,
          "NextClickTimeDelta-app-dev-cha": 214,
          "NextClickTimeDelta-ip-app-dev-cha": 502,
          "NextClickTimeDelta-os-cha": 460,
          "NextClickTimeDelta-ip-os-cha": 642,
          "NextClickTimeDelta-app-os-cha": 460,
          "NextClickTimeDelta-ip-app-os-cha": 638,
          "NextClickTimeDelta-dev-os-cha": 349,
          "NextClickTimeDelta-ip-dev-os-cha": 414,
          "NextClickTimeDelta-app-dev-os-cha": 367,
          "NextClickTimeDelta-ip-app-dev-os-cha": 675,
          "PrevClickTimeDelta-ip": 994,
          "PrevClickTimeDelta-app": 207,
          "PrevClickTimeDelta-ip-app": 783,
          "PrevClickTimeDelta-dev": 97,
          "PrevClickTimeDelta-ip-dev": 670,
          "PrevClickTimeDelta-app-dev": 136,
          "PrevClickTimeDelta-ip-app-dev": 517,
          "PrevClickTimeDelta-os": 176,
          "PrevClickTimeDelta-ip-os": 819,
          "PrevClickTimeDelta-app-os": 358,
          "PrevClickTimeDelta-ip-app-os": 606,
          "PrevClickTimeDelta-dev-os": 138,
          "PrevClickTimeDelta-ip-dev-os": 533,
          "PrevClickTimeDelta-app-dev-os": 294,
          "PrevClickTimeDelta-ip-app-dev-os": 502,
          "PrevClickTimeDelta-cha": 206,
          "PrevClickTimeDelta-ip-cha": 672,
          "PrevClickTimeDelta-app-cha": 280,
          "PrevClickTimeDelta-ip-app-cha": 507,
          "PrevClickTimeDelta-dev-cha": 218,
          "PrevClickTimeDelta-ip-dev-cha": 448,
          "PrevClickTimeDelta-app-dev-cha": 201,
          "PrevClickTimeDelta-ip-app-dev-cha": 396,
          "PrevClickTimeDelta-os-cha": 425,
          "PrevClickTimeDelta-ip-os-cha": 479,
          "PrevClickTimeDelta-app-os-cha": 429,
          "PrevClickTimeDelta-ip-app-os-cha": 399,
          "PrevClickTimeDelta-dev-os-cha": 324,
          "PrevClickTimeDelta-ip-dev-os-cha": 303,
          "PrevClickTimeDelta-app-dev-os-cha": 384,
          "PrevClickTimeDelta-ip-app-dev-os-cha": 289,
          "AverageAttributedRatio-ip": 830,
          "AverageAttributedRatio-app": 652,
          "AverageAttributedRatio-ip-app": 461,
          "AverageAttributedRatio-dev": 1139,
          "AverageAttributedRatio-ip-dev": 753,
          "AverageAttributedRatio-app-dev": 515,
          "AverageAttributedRatio-ip-app-dev": 544,
          "AverageAttributedRatio-os": 779,
          "AverageAttributedRatio-ip-os": 490,
          "AverageAttributedRatio-app-os": 626,
          "AverageAttributedRatio-ip-app-os": 150,
          "AverageAttributedRatio-dev-os": 630,
          "AverageAttributedRatio-ip-dev-os": 425,
          "AverageAttributedRatio-app-dev-os": 647,
          "AverageAttributedRatio-ip-app-dev-os": 182,
          "AverageAttributedRatio-cha": 562,
          "AverageAttributedRatio-ip-cha": 271,
          "AverageAttributedRatio-app-cha": 647,
          "AverageAttributedRatio-ip-app-cha": 193,
          "AverageAttributedRatio-dev-cha": 432,
          "AverageAttributedRatio-ip-dev-cha": 201,
          "AverageAttributedRatio-app-dev-cha": 495,
          "AverageAttributedRatio-ip-app-dev-cha": 203,
          "AverageAttributedRatio-os-cha": 550,
          "AverageAttributedRatio-ip-os-cha": 146,
          "AverageAttributedRatio-app-os-cha": 737,
          "AverageAttributedRatio-ip-app-os-cha": 116,
          "AverageAttributedRatio-dev-os-cha": 460,
          "AverageAttributedRatio-ip-dev-os-cha": 108,
          "AverageAttributedRatio-app-dev-os-cha": 681,
          "AverageAttributedRatio-ip-app-dev-os-cha": 87,
          "KomakiLDA5NoDevice-ip-app-0": 2566,
          "KomakiLDA5NoDevice-ip-app-1": 2001,
          "KomakiLDA5NoDevice-ip-app-2": 1994,
          "KomakiLDA5NoDevice-ip-app-3": 1501,
          "KomakiLDA5NoDevice-ip-app-4": 1470,
          "KomakiLDA5NoDevice-ip-os-0": 1828,
          "KomakiLDA5NoDevice-ip-os-1": 1827,
          "KomakiLDA5NoDevice-ip-os-2": 1672,
          "KomakiLDA5NoDevice-ip-os-3": 1646,
          "KomakiLDA5NoDevice-ip-os-4": 1574,
          "KomakiLDA5NoDevice-ip-channel-0": 1777,
          "KomakiLDA5NoDevice-ip-channel-1": 1716,
          "KomakiLDA5NoDevice-ip-channel-2": 1770,
          "KomakiLDA5NoDevice-ip-channel-3": 1985,
          "KomakiLDA5NoDevice-ip-channel-4": 2023,
          "KomakiLDA5NoDevice-app-ip-0": 997,
          "KomakiLDA5NoDevice-app-ip-1": 884,
          "KomakiLDA5NoDevice-app-ip-2": 849,
          "KomakiLDA5NoDevice-app-ip-3": 799,
          "KomakiLDA5NoDevice-app-ip-4": 709,
          "KomakiLDA5NoDevice-app-os-0": 663,
          "KomakiLDA5NoDevice-app-os-1": 577,
          "KomakiLDA5NoDevice-app-os-2": 625,
          "KomakiLDA5NoDevice-app-os-3": 492,
          "KomakiLDA5NoDevice-app-os-4": 851,
          "KomakiLDA5NoDevice-app-channel-0": 507,
          "KomakiLDA5NoDevice-app-channel-1": 496,
          "KomakiLDA5NoDevice-app-channel-2": 693,
          "KomakiLDA5NoDevice-app-channel-3": 597,
          "KomakiLDA5NoDevice-app-channel-4": 387,
          "KomakiLDA5NoDevice-os-ip-0": 710,
          "KomakiLDA5NoDevice-os-ip-1": 469,
          "KomakiLDA5NoDevice-os-ip-2": 506,
          "KomakiLDA5NoDevice-os-ip-3": 390,
          "KomakiLDA5NoDevice-os-ip-4": 393,
          "KomakiLDA5NoDevice-os-app-0": 433,
          "KomakiLDA5NoDevice-os-app-1": 633,
          "KomakiLDA5NoDevice-os-app-2": 368,
          "KomakiLDA5NoDevice-os-app-3": 494,
          "KomakiLDA5NoDevice-os-app-4": 379,
          "KomakiLDA5NoDevice-os-channel-0": 600,
          "KomakiLDA5NoDevice-os-channel-1": 419,
          "KomakiLDA5NoDevice-os-channel-2": 377,
          "KomakiLDA5NoDevice-os-channel-3": 379,
          "KomakiLDA5NoDevice-os-channel-4": 375,
          "KomakiLDA5NoDevice-channel-ip-0": 680,
          "KomakiLDA5NoDevice-channel-ip-1": 774,
          "KomakiLDA5NoDevice-channel-ip-2": 585,
          "KomakiLDA5NoDevice-channel-ip-3": 798,
          "KomakiLDA5NoDevice-channel-ip-4": 560,
          "KomakiLDA5NoDevice-channel-app-0": 709,
          "KomakiLDA5NoDevice-channel-app-1": 551,
          "KomakiLDA5NoDevice-channel-app-2": 771,
          "KomakiLDA5NoDevice-channel-app-3": 543,
          "KomakiLDA5NoDevice-channel-app-4": 522,
          "KomakiLDA5NoDevice-channel-os-0": 680,
          "KomakiLDA5NoDevice-channel-os-1": 648,
          "KomakiLDA5NoDevice-channel-os-2": 627,
          "KomakiLDA5NoDevice-channel-os-3": 629,
          "KomakiLDA5NoDevice-channel-os-4": 596
        }
      },
      {
        "train_auc": 0.9921585737042524,
        "valid_auc": 0.9843280896161672,
        "best_iteration": 483,
        "train_time": 265.20965790748596,
        "feature_importance": {
          "hour": 3083,
          "n_channels": 1113,
          "ip_app_count": 1207,
          "ip_app_os_count": 1044,
          "FutureClickCount_600-ip": 578,
          "FutureClickCount_600-app": 533,
          "FutureClickCount_600-ip-app": 183,
          "FutureClickCount_600-dev": 278,
          "FutureClickCount_600-ip-dev": 522,
          "FutureClickCount_600-app-dev": 422,
          "FutureClickCount_600-ip-app-dev": 178,
          "FutureClickCount_600-os": 341,
          "FutureClickCount_600-ip-os": 357,
          "FutureClickCount_600-app-os": 452,
          "FutureClickCount_600-ip-app-os": 245,
          "FutureClickCount_600-dev-os": 605,
          "FutureClickCount_600-ip-dev-os": 383,
          "FutureClickCount_600-app-dev-os": 589,
          "FutureClickCount_600-ip-app-dev-os": 312,
          "FutureClickCount_600-cha": 548,
          "FutureClickCount_600-ip-cha": 121,
          "FutureClickCount_600-app-cha": 706,
          "FutureClickCount_600-ip-app-cha": 106,
          "FutureClickCount_600-dev-cha": 399,
          "FutureClickCount_600-ip-dev-cha": 116,
          "FutureClickCount_600-app-dev-cha": 384,
          "FutureClickCount_600-ip-app-dev-cha": 82,
          "FutureClickCount_600-os-cha": 365,
          "FutureClickCount_600-ip-os-cha": 88,
          "FutureClickCount_600-app-os-cha": 337,
          "FutureClickCount_600-ip-app-os-cha": 67,
          "FutureClickCount_600-dev-os-cha": 378,
          "FutureClickCount_600-ip-dev-os-cha": 76,
          "FutureClickCount_600-app-dev-os-cha": 351,
          "FutureClickCount_600-ip-app-dev-os-cha": 85,
          "FutureClickCount_4800-ip": 992,
          "FutureClickCount_4800-app": 348,
          "FutureClickCount_4800-ip-app": 303,
          "FutureClickCount_4800-dev": 90,
          "FutureClickCount_4800-ip-dev": 1071,
          "FutureClickCount_4800-app-dev": 220,
          "FutureClickCount_4800-ip-app-dev": 287,
          "FutureClickCount_4800-os": 177,
          "FutureClickCount_4800-ip-os": 585,
          "FutureClickCount_4800-app-os": 376,
          "FutureClickCount_4800-ip-app-os": 268,
          "FutureClickCount_4800-dev-os": 260,
          "FutureClickCount_4800-ip-dev-os": 707,
          "FutureClickCount_4800-app-dev-os": 547,
          "FutureClickCount_4800-ip-app-dev-os": 356,
          "FutureClickCount_4800-cha": 353,
          "FutureClickCount_4800-ip-cha": 209,
          "FutureClickCount_4800-app-cha": 587,
          "FutureClickCount_4800-ip-app-cha": 169,
          "FutureClickCount_4800-dev-cha": 243,
          "FutureClickCount_4800-ip-dev-cha": 176,
          "FutureClickCount_4800-app-dev-cha": 318,
          "FutureClickCount_4800-ip-app-dev-cha": 137,
          "FutureClickCount_4800-os-cha": 349,
          "FutureClickCount_4800-ip-os-cha": 101,
          "FutureClickCount_4800-app-os-cha": 333,
          "FutureClickCount_4800-ip-app-os-cha": 115,
          "FutureClickCount_4800-dev-os-cha": 338,
          "FutureClickCount_4800-ip-dev-os-cha": 77,
          "FutureClickCount_4800-app-dev-os-cha": 356,
          "FutureClickCount_4800-ip-app-dev-os-cha": 117,
          "NextClickTimeDelta-ip": 759,
          "NextClickTimeDelta-app": 107,
          "NextClickTimeDelta-ip-app": 913,
          "NextClickTimeDelta-dev": 66,
          "NextClickTimeDelta-ip-dev": 527,
          "NextClickTimeDelta-app-dev": 98,
          "NextClickTimeDelta-ip-app-dev": 492,
          "NextClickTimeDelta-os": 100,
          "NextClickTimeDelta-ip-os": 614,
          "NextClickTimeDelta-app-os": 240,
          "NextClickTimeDelta-ip-app-os": 1408,
          "NextClickTimeDelta-dev-os": 115,
          "NextClickTimeDelta-ip-dev-os": 414,
          "NextClickTimeDelta-app-dev-os": 164,
          "NextClickTimeDelta-ip-app-dev-os": 2311,
          "NextClickTimeDelta-cha": 162,
          "NextClickTimeDelta-ip-cha": 558,
          "NextClickTimeDelta-app-cha": 249,
          "NextClickTimeDelta-ip-app-cha": 513,
          "NextClickTimeDelta-dev-cha": 119,
          "NextClickTimeDelta-ip-dev-cha": 357,
          "NextClickTimeDelta-app-dev-cha": 145,
          "NextClickTimeDelta-ip-app-dev-cha": 343,
          "NextClickTimeDelta-os-cha": 285,
          "NextClickTimeDelta-ip-os-cha": 380,
          "NextClickTimeDelta-app-os-cha": 317,
          "NextClickTimeDelta-ip-app-os-cha": 418,
          "NextClickTimeDelta-dev-os-cha": 229,
          "NextClickTimeDelta-ip-dev-os-cha": 298,
          "NextClickTimeDelta-app-dev-os-cha": 207,
          "NextClickTimeDelta-ip-app-dev-os-cha": 490,
          "PrevClickTimeDelta-ip": 552,
          "PrevClickTimeDelta-app": 130,
          "PrevClickTimeDelta-ip-app": 430,
          "PrevClickTimeDelta-dev": 100,
          "PrevClickTimeDelta-ip-dev": 376,
          "PrevClickTimeDelta-app-dev": 91,
          "PrevClickTimeDelta-ip-app-dev": 233,
          "PrevClickTimeDelta-os": 144,
          "PrevClickTimeDelta-ip-os": 471,
          "PrevClickTimeDelta-app-os": 215,
          "PrevClickTimeDelta-ip-app-os": 382,
          "PrevClickTimeDelta-dev-os": 101,
          "PrevClickTimeDelta-ip-dev-os": 333,
          "PrevClickTimeDelta-app-dev-os": 177,
          "PrevClickTimeDelta-ip-app-dev-os": 330,
          "PrevClickTimeDelta-cha": 144,
          "PrevClickTimeDelta-ip-cha": 400,
          "PrevClickTimeDelta-app-cha": 166,
          "PrevClickTimeDelta-ip-app-cha": 298,
          "PrevClickTimeDelta-dev-cha": 124,
          "PrevClickTimeDelta-ip-dev-cha": 293,
          "PrevClickTimeDelta-app-dev-cha": 117,
          "PrevClickTimeDelta-ip-app-dev-cha": 227,
          "PrevClickTimeDelta-os-cha": 266,
          "PrevClickTimeDelta-ip-os-cha": 285,
          "PrevClickTimeDelta-app-os-cha": 239,
          "PrevClickTimeDelta-ip-app-os-cha": 221,
          "PrevClickTimeDelta-dev-os-cha": 214,
          "PrevClickTimeDelta-ip-dev-os-cha": 165,
          "PrevClickTimeDelta-app-dev-os-cha": 230,
          "PrevClickTimeDelta-ip-app-dev-os-cha": 166,
          "AverageAttributedRatio-ip": 510,
          "AverageAttributedRatio-app": 483,
          "AverageAttributedRatio-ip-app": 384,
          "AverageAttributedRatio-dev": 801,
          "AverageAttributedRatio-ip-dev": 460,
          "AverageAttributedRatio-app-dev": 374,
          "AverageAttributedRatio-ip-app-dev": 403,
          "AverageAttributedRatio-os": 502,
          "AverageAttributedRatio-ip-os": 296,
          "AverageAttributedRatio-app-os": 452,
          "AverageAttributedRatio-ip-app-os": 110,
          "AverageAttributedRatio-dev-os": 307,
          "AverageAttributedRatio-ip-dev-os": 268,
          "AverageAttributedRatio-app-dev-os": 461,
          "AverageAttributedRatio-ip-app-dev-os": 116,
          "AverageAttributedRatio-cha": 437,
          "AverageAttributedRatio-ip-cha": 185,
          "AverageAttributedRatio-app-cha": 483,
          "AverageAttributedRatio-ip-app-cha": 137,
          "AverageAttributedRatio-dev-cha": 287,
          "AverageAttributedRatio-ip-dev-cha": 130,
          "AverageAttributedRatio-app-dev-cha": 361,
          "AverageAttributedRatio-ip-app-dev-cha": 156,
          "AverageAttributedRatio-os-cha": 329,
          "AverageAttributedRatio-ip-os-cha": 74,
          "AverageAttributedRatio-app-os-cha": 545,
          "AverageAttributedRatio-ip-app-os-cha": 49,
          "AverageAttributedRatio-dev-os-cha": 323,
          "AverageAttributedRatio-ip-dev-os-cha": 61,
          "AverageAttributedRatio-app-dev-os-cha": 479,
          "AverageAttributedRatio-ip-app-dev-os-cha": 41,
          "KomakiLDA5NoDevice-ip-app-0": 1713,
          "KomakiLDA5NoDevice-ip-app-1": 1485,
          "KomakiLDA5NoDevice-ip-app-2": 1375,
          "KomakiLDA5NoDevice-ip-app-3": 1055,
          "KomakiLDA5NoDevice-ip-app-4": 882,
          "KomakiLDA5NoDevice-ip-os-0": 1231,
          "KomakiLDA5NoDevice-ip-os-1": 1247,
          "KomakiLDA5NoDevice-ip-os-2": 1104,
          "KomakiLDA5NoDevice-ip-os-3": 1034,
          "KomakiLDA5NoDevice-ip-os-4": 938,
          "KomakiLDA5NoDevice-ip-channel-0": 1229,
          "KomakiLDA5NoDevice-ip-channel-1": 1185,
          "KomakiLDA5NoDevice-ip-channel-2": 1201,
          "KomakiLDA5NoDevice-ip-channel-3": 1308,
          "KomakiLDA5NoDevice-ip-channel-4": 1335,
          "KomakiLDA5NoDevice-app-ip-0": 878,
          "KomakiLDA5NoDevice-app-ip-1": 653,
          "KomakiLDA5NoDevice-app-ip-2": 605,
          "KomakiLDA5NoDevice-app-ip-3": 661,
          "KomakiLDA5NoDevice-app-ip-4": 582,
          "KomakiLDA5NoDevice-app-os-0": 503,
          "KomakiLDA5NoDevice-app-os-1": 565,
          "KomakiLDA5NoDevice-app-os-2": 451,
          "KomakiLDA5NoDevice-app-os-3": 377,
          "KomakiLDA5NoDevice-app-os-4": 727,
          "KomakiLDA5NoDevice-app-channel-0": 378,
          "KomakiLDA5NoDevice-app-channel-1": 376,
          "KomakiLDA5NoDevice-app-channel-2": 578,
          "KomakiLDA5NoDevice-app-channel-3": 474,
          "KomakiLDA5NoDevice-app-channel-4": 268,
          "KomakiLDA5NoDevice-os-ip-0": 500,
          "KomakiLDA5NoDevice-os-ip-1": 309,
          "KomakiLDA5NoDevice-os-ip-2": 305,
          "KomakiLDA5NoDevice-os-ip-3": 274,
          "KomakiLDA5NoDevice-os-ip-4": 296,
          "KomakiLDA5NoDevice-os-app-0": 364,
          "KomakiLDA5NoDevice-os-app-1": 444,
          "KomakiLDA5NoDevice-os-app-2": 270,
          "KomakiLDA5NoDevice-os-app-3": 353,
          "KomakiLDA5NoDevice-os-app-4": 244,
          "KomakiLDA5NoDevice-os-channel-0": 448,
          "KomakiLDA5NoDevice-os-channel-1": 262,
          "KomakiLDA5NoDevice-os-channel-2": 313,
          "KomakiLDA5NoDevice-os-channel-3": 320,
          "KomakiLDA5NoDevice-os-channel-4": 284,
          "KomakiLDA5NoDevice-channel-ip-0": 421,
          "KomakiLDA5NoDevice-channel-ip-1": 536,
          "KomakiLDA5NoDevice-channel-ip-2": 380,
          "KomakiLDA5NoDevice-channel-ip-3": 524,
          "KomakiLDA5NoDevice-channel-ip-4": 390,
          "KomakiLDA5NoDevice-channel-app-0": 469,
          "KomakiLDA5NoDevice-channel-app-1": 399,
          "KomakiLDA5NoDevice-channel-app-2": 597,
          "KomakiLDA5NoDevice-channel-app-3": 364,
          "KomakiLDA5NoDevice-channel-app-4": 318,
          "KomakiLDA5NoDevice-channel-os-0": 487,
          "KomakiLDA5NoDevice-channel-os-1": 472,
          "KomakiLDA5NoDevice-channel-os-2": 426,
          "KomakiLDA5NoDevice-channel-os-3": 448,
          "KomakiLDA5NoDevice-channel-os-4": 393
        }
      },
      {
        "train_auc": 0.9936404292192083,
        "valid_auc": 0.9843471289147817,
        "best_iteration": 662,
        "train_time": 344.4989960193634,
        "feature_importance": {
          "hour": 4015,
          "n_channels": 1491,
          "ip_app_count": 1567,
          "ip_app_os_count": 1317,
          "FutureClickCount_600-ip": 762,
          "FutureClickCount_600-app": 719,
          "FutureClickCount_600-ip-app": 315,
          "FutureClickCount_600-dev": 340,
          "FutureClickCount_600-ip-dev": 667,
          "FutureClickCount_600-app-dev": 624,
          "FutureClickCount_600-ip-app-dev": 283,
          "FutureClickCount_600-os": 535,
          "FutureClickCount_600-ip-os": 590,
          "FutureClickCount_600-app-os": 634,
          "FutureClickCount_600-ip-app-os": 289,
          "FutureClickCount_600-dev-os": 723,
          "FutureClickCount_600-ip-dev-os": 490,
          "FutureClickCount_600-app-dev-os": 789,
          "FutureClickCount_600-ip-app-dev-os": 375,
          "FutureClickCount_600-cha": 711,
          "FutureClickCount_600-ip-cha": 189,
          "FutureClickCount_600-app-cha": 894,
          "FutureClickCount_600-ip-app-cha": 167,
          "FutureClickCount_600-dev-cha": 546,
          "FutureClickCount_600-ip-dev-cha": 183,
          "FutureClickCount_600-app-dev-cha": 566,
          "FutureClickCount_600-ip-app-dev-cha": 104,
          "FutureClickCount_600-os-cha": 499,
          "FutureClickCount_600-ip-os-cha": 152,
          "FutureClickCount_600-app-os-cha": 511,
          "FutureClickCount_600-ip-app-os-cha": 126,
          "FutureClickCount_600-dev-os-cha": 457,
          "FutureClickCount_600-ip-dev-os-cha": 125,
          "FutureClickCount_600-app-dev-os-cha": 501,
          "FutureClickCount_600-ip-app-dev-os-cha": 113,
          "FutureClickCount_4800-ip": 1204,
          "FutureClickCount_4800-app": 487,
          "FutureClickCount_4800-ip-app": 464,
          "FutureClickCount_4800-dev": 137,
          "FutureClickCount_4800-ip-dev": 1237,
          "FutureClickCount_4800-app-dev": 280,
          "FutureClickCount_4800-ip-app-dev": 391,
          "FutureClickCount_4800-os": 266,
          "FutureClickCount_4800-ip-os": 788,
          "FutureClickCount_4800-app-os": 481,
          "FutureClickCount_4800-ip-app-os": 370,
          "FutureClickCount_4800-dev-os": 340,
          "FutureClickCount_4800-ip-dev-os": 935,
          "FutureClickCount_4800-app-dev-os": 624,
          "FutureClickCount_4800-ip-app-dev-os": 404,
          "FutureClickCount_4800-cha": 447,
          "FutureClickCount_4800-ip-cha": 298,
          "FutureClickCount_4800-app-cha": 749,
          "FutureClickCount_4800-ip-app-cha": 262,
          "FutureClickCount_4800-dev-cha": 338,
          "FutureClickCount_4800-ip-dev-cha": 264,
          "FutureClickCount_4800-app-dev-cha": 416,
          "FutureClickCount_4800-ip-app-dev-cha": 235,
          "FutureClickCount_4800-os-cha": 482,
          "FutureClickCount_4800-ip-os-cha": 164,
          "FutureClickCount_4800-app-os-cha": 519,
          "FutureClickCount_4800-ip-app-os-cha": 133,
          "FutureClickCount_4800-dev-os-cha": 487,
          "FutureClickCount_4800-ip-dev-os-cha": 137,
          "FutureClickCount_4800-app-dev-os-cha": 519,
          "FutureClickCount_4800-ip-app-dev-os-cha": 139,
          "NextClickTimeDelta-ip": 959,
          "NextClickTimeDelta-app": 153,
          "NextClickTimeDelta-ip-app": 1291,
          "NextClickTimeDelta-dev": 84,
          "NextClickTimeDelta-ip-dev": 765,
          "NextClickTimeDelta-app-dev": 123,
          "NextClickTimeDelta-ip-app-dev": 760,
          "NextClickTimeDelta-os": 130,
          "NextClickTimeDelta-ip-os": 839,
          "NextClickTimeDelta-app-os": 324,
          "NextClickTimeDelta-ip-app-os": 1620,
          "NextClickTimeDelta-dev-os": 186,
          "NextClickTimeDelta-ip-dev-os": 663,
          "NextClickTimeDelta-app-dev-os": 297,
          "NextClickTimeDelta-ip-app-dev-os": 2587,
          "NextClickTimeDelta-cha": 195,
          "NextClickTimeDelta-ip-cha": 793,
          "NextClickTimeDelta-app-cha": 288,
          "NextClickTimeDelta-ip-app-cha": 637,
          "NextClickTimeDelta-dev-cha": 164,
          "NextClickTimeDelta-ip-dev-cha": 446,
          "NextClickTimeDelta-app-dev-cha": 173,
          "NextClickTimeDelta-ip-app-dev-cha": 462,
          "NextClickTimeDelta-os-cha": 391,
          "NextClickTimeDelta-ip-os-cha": 547,
          "NextClickTimeDelta-app-os-cha": 484,
          "NextClickTimeDelta-ip-app-os-cha": 577,
          "NextClickTimeDelta-dev-os-cha": 310,
          "NextClickTimeDelta-ip-dev-os-cha": 432,
          "NextClickTimeDelta-app-dev-os-cha": 364,
          "NextClickTimeDelta-ip-app-dev-os-cha": 548,
          "PrevClickTimeDelta-ip": 824,
          "PrevClickTimeDelta-app": 183,
          "PrevClickTimeDelta-ip-app": 670,
          "PrevClickTimeDelta-dev": 98,
          "PrevClickTimeDelta-ip-dev": 601,
          "PrevClickTimeDelta-app-dev": 119,
          "PrevClickTimeDelta-ip-app-dev": 420,
          "PrevClickTimeDelta-os": 172,
          "PrevClickTimeDelta-ip-os": 715,
          "PrevClickTimeDelta-app-os": 351,
          "PrevClickTimeDelta-ip-app-os": 582,
          "PrevClickTimeDelta-dev-os": 152,
          "PrevClickTimeDelta-ip-dev-os": 459,
          "PrevClickTimeDelta-app-dev-os": 246,
          "PrevClickTimeDelta-ip-app-dev-os": 428,
          "PrevClickTimeDelta-cha": 220,
          "PrevClickTimeDelta-ip-cha": 657,
          "PrevClickTimeDelta-app-cha": 271,
          "PrevClickTimeDelta-ip-app-cha": 466,
          "PrevClickTimeDelta-dev-cha": 203,
          "PrevClickTimeDelta-ip-dev-cha": 380,
          "PrevClickTimeDelta-app-dev-cha": 212,
          "PrevClickTimeDelta-ip-app-dev-cha": 382,
          "PrevClickTimeDelta-os-cha": 368,
          "PrevClickTimeDelta-ip-os-cha": 429,
          "PrevClickTimeDelta-app-os-cha": 406,
          "PrevClickTimeDelta-ip-app-os-cha": 320,
          "PrevClickTimeDelta-dev-os-cha": 285,
          "PrevClickTimeDelta-ip-dev-os-cha": 259,
          "PrevClickTimeDelta-app-dev-os-cha": 328,
          "PrevClickTimeDelta-ip-app-dev-os-cha": 249,
          "AverageAttributedRatio-ip": 770,
          "AverageAttributedRatio-app": 622,
          "AverageAttributedRatio-ip-app": 432,
          "AverageAttributedRatio-dev": 1011,
          "AverageAttributedRatio-ip-dev": 648,
          "AverageAttributedRatio-app-dev": 503,
          "AverageAttributedRatio-ip-app-dev": 522,
          "AverageAttributedRatio-os": 686,
          "AverageAttributedRatio-ip-os": 425,
          "AverageAttributedRatio-app-os": 646,
          "AverageAttributedRatio-ip-app-os": 144,
          "AverageAttributedRatio-dev-os": 549,
          "AverageAttributedRatio-ip-dev-os": 377,
          "AverageAttributedRatio-app-dev-os": 585,
          "AverageAttributedRatio-ip-app-dev-os": 158,
          "AverageAttributedRatio-cha": 523,
          "AverageAttributedRatio-ip-cha": 240,
          "AverageAttributedRatio-app-cha": 614,
          "AverageAttributedRatio-ip-app-cha": 203,
          "AverageAttributedRatio-dev-cha": 396,
          "AverageAttributedRatio-ip-dev-cha": 201,
          "AverageAttributedRatio-app-dev-cha": 463,
          "AverageAttributedRatio-ip-app-dev-cha": 163,
          "AverageAttributedRatio-os-cha": 437,
          "AverageAttributedRatio-ip-os-cha": 95,
          "AverageAttributedRatio-app-os-cha": 673,
          "AverageAttributedRatio-ip-app-os-cha": 84,
          "AverageAttributedRatio-dev-os-cha": 446,
          "AverageAttributedRatio-ip-dev-os-cha": 102,
          "AverageAttributedRatio-app-dev-os-cha": 658,
          "AverageAttributedRatio-ip-app-dev-os-cha": 80,
          "KomakiLDA5NoDevice-ip-app-0": 2345,
          "KomakiLDA5NoDevice-ip-app-1": 2003,
          "KomakiLDA5NoDevice-ip-app-2": 1848,
          "KomakiLDA5NoDevice-ip-app-3": 1323,
          "KomakiLDA5NoDevice-ip-app-4": 1408,
          "KomakiLDA5NoDevice-ip-os-0": 1650,
          "KomakiLDA5NoDevice-ip-os-1": 1628,
          "KomakiLDA5NoDevice-ip-os-2": 1540,
          "KomakiLDA5NoDevice-ip-os-3": 1529,
          "KomakiLDA5NoDevice-ip-os-4": 1441,
          "KomakiLDA5NoDevice-ip-channel-0": 1700,
          "KomakiLDA5NoDevice-ip-channel-1": 1673,
          "KomakiLDA5NoDevice-ip-channel-2": 1613,
          "KomakiLDA5NoDevice-ip-channel-3": 1825,
          "KomakiLDA5NoDevice-ip-channel-4": 1840,
          "KomakiLDA5NoDevice-app-ip-0": 975,
          "KomakiLDA5NoDevice-app-ip-1": 843,
          "KomakiLDA5NoDevice-app-ip-2": 714,
          "KomakiLDA5NoDevice-app-ip-3": 808,
          "KomakiLDA5NoDevice-app-ip-4": 718,
          "KomakiLDA5NoDevice-app-os-0": 603,
          "KomakiLDA5NoDevice-app-os-1": 570,
          "KomakiLDA5NoDevice-app-os-2": 597,
          "KomakiLDA5NoDevice-app-os-3": 504,
          "KomakiLDA5NoDevice-app-os-4": 784,
          "KomakiLDA5NoDevice-app-channel-0": 482,
          "KomakiLDA5NoDevice-app-channel-1": 487,
          "KomakiLDA5NoDevice-app-channel-2": 646,
          "KomakiLDA5NoDevice-app-channel-3": 582,
          "KomakiLDA5NoDevice-app-channel-4": 325,
          "KomakiLDA5NoDevice-os-ip-0": 687,
          "KomakiLDA5NoDevice-os-ip-1": 406,
          "KomakiLDA5NoDevice-os-ip-2": 432,
          "KomakiLDA5NoDevice-os-ip-3": 334,
          "KomakiLDA5NoDevice-os-ip-4": 376,
          "KomakiLDA5NoDevice-os-app-0": 389,
          "KomakiLDA5NoDevice-os-app-1": 598,
          "KomakiLDA5NoDevice-os-app-2": 322,
          "KomakiLDA5NoDevice-os-app-3": 451,
          "KomakiLDA5NoDevice-os-app-4": 366,
          "KomakiLDA5NoDevice-os-channel-0": 503,
          "KomakiLDA5NoDevice-os-channel-1": 397,
          "KomakiLDA5NoDevice-os-channel-2": 367,
          "KomakiLDA5NoDevice-os-channel-3": 351,
          "KomakiLDA5NoDevice-os-channel-4": 328,
          "KomakiLDA5NoDevice-channel-ip-0": 645,
          "KomakiLDA5NoDevice-channel-ip-1": 693,
          "KomakiLDA5NoDevice-channel-ip-2": 566,
          "KomakiLDA5NoDevice-channel-ip-3": 685,
          "KomakiLDA5NoDevice-channel-ip-4": 534,
          "KomakiLDA5NoDevice-channel-app-0": 647,
          "KomakiLDA5NoDevice-channel-app-1": 498,
          "KomakiLDA5NoDevice-channel-app-2": 733,
          "KomakiLDA5NoDevice-channel-app-3": 518,
          "KomakiLDA5NoDevice-channel-app-4": 535,
          "KomakiLDA5NoDevice-channel-os-0": 647,
          "KomakiLDA5NoDevice-channel-os-1": 598,
          "KomakiLDA5NoDevice-channel-os-2": 619,
          "KomakiLDA5NoDevice-channel-os-3": 541,
          "KomakiLDA5NoDevice-channel-os-4": 528
        }
      },
      {
        "train_auc": 0.9932602220806033,
        "valid_auc": 0.9843739268699565,
        "best_iteration": 599,
        "train_time": 308.45793437957764,
        "feature_importance": {
          "hour": 3699,
          "n_channels": 1374,
          "ip_app_count": 1398,
          "ip_app_os_count": 1243,
          "FutureClickCount_600-ip": 683,
          "FutureClickCount_600-app": 636,
          "FutureClickCount_600-ip-app": 243,
          "FutureClickCount_600-dev": 307,
          "FutureClickCount_600-ip-dev": 632,
          "FutureClickCount_600-app-dev": 572,
          "FutureClickCount_600-ip-app-dev": 243,
          "FutureClickCount_600-os": 401,
          "FutureClickCount_600-ip-os": 433,
          "FutureClickCount_600-app-os": 640,
          "FutureClickCount_600-ip-app-os": 294,
          "FutureClickCount_600-dev-os": 637,
          "FutureClickCount_600-ip-dev-os": 473,
          "FutureClickCount_600-app-dev-os": 684,
          "FutureClickCount_600-ip-app-dev-os": 387,
          "FutureClickCount_600-cha": 624,
          "FutureClickCount_600-ip-cha": 150,
          "FutureClickCount_600-app-cha": 853,
          "FutureClickCount_600-ip-app-cha": 136,
          "FutureClickCount_600-dev-cha": 527,
          "FutureClickCount_600-ip-dev-cha": 144,
          "FutureClickCount_600-app-dev-cha": 470,
          "FutureClickCount_600-ip-app-dev-cha": 94,
          "FutureClickCount_600-os-cha": 397,
          "FutureClickCount_600-ip-os-cha": 133,
          "FutureClickCount_600-app-os-cha": 467,
          "FutureClickCount_600-ip-app-os-cha": 77,
          "FutureClickCount_600-dev-os-cha": 418,
          "FutureClickCount_600-ip-dev-os-cha": 84,
          "FutureClickCount_600-app-dev-os-cha": 425,
          "FutureClickCount_600-ip-app-dev-os-cha": 96,
          "FutureClickCount_4800-ip": 1210,
          "FutureClickCount_4800-app": 415,
          "FutureClickCount_4800-ip-app": 430,
          "FutureClickCount_4800-dev": 117,
          "FutureClickCount_4800-ip-dev": 1189,
          "FutureClickCount_4800-app-dev": 230,
          "FutureClickCount_4800-ip-app-dev": 340,
          "FutureClickCount_4800-os": 212,
          "FutureClickCount_4800-ip-os": 696,
          "FutureClickCount_4800-app-os": 434,
          "FutureClickCount_4800-ip-app-os": 324,
          "FutureClickCount_4800-dev-os": 285,
          "FutureClickCount_4800-ip-dev-os": 826,
          "FutureClickCount_4800-app-dev-os": 596,
          "FutureClickCount_4800-ip-app-dev-os": 367,
          "FutureClickCount_4800-cha": 459,
          "FutureClickCount_4800-ip-cha": 250,
          "FutureClickCount_4800-app-cha": 634,
          "FutureClickCount_4800-ip-app-cha": 187,
          "FutureClickCount_4800-dev-cha": 303,
          "FutureClickCount_4800-ip-dev-cha": 225,
          "FutureClickCount_4800-app-dev-cha": 353,
          "FutureClickCount_4800-ip-app-dev-cha": 176,
          "FutureClickCount_4800-os-cha": 343,
          "FutureClickCount_4800-ip-os-cha": 161,
          "FutureClickCount_4800-app-os-cha": 448,
          "FutureClickCount_4800-ip-app-os-cha": 108,
          "FutureClickCount_4800-dev-os-cha": 412,
          "FutureClickCount_4800-ip-dev-os-cha": 144,
          "FutureClickCount_4800-app-dev-os-cha": 477,
          "FutureClickCount_4800-ip-app-dev-os-cha": 105,
          "NextClickTimeDelta-ip": 803,
          "NextClickTimeDelta-app": 143,
          "NextClickTimeDelta-ip-app": 1096,
          "NextClickTimeDelta-dev": 77,
          "NextClickTimeDelta-ip-dev": 673,
          "NextClickTimeDelta-app-dev": 143,
          "NextClickTimeDelta-ip-app-dev": 689,
          "NextClickTimeDelta-os": 129,
          "NextClickTimeDelta-ip-os": 798,
          "NextClickTimeDelta-app-os": 310,
          "NextClickTimeDelta-ip-app-os": 1595,
          "NextClickTimeDelta-dev-os": 107,
          "NextClickTimeDelta-ip-dev-os": 542,
          "NextClickTimeDelta-app-dev-os": 258,
          "NextClickTimeDelta-ip-app-dev-os": 2559,
          "NextClickTimeDelta-cha": 210,
          "NextClickTimeDelta-ip-cha": 641,
          "NextClickTimeDelta-app-cha": 246,
          "NextClickTimeDelta-ip-app-cha": 587,
          "NextClickTimeDelta-dev-cha": 165,
          "NextClickTimeDelta-ip-dev-cha": 469,
          "NextClickTimeDelta-app-dev-cha": 198,
          "NextClickTimeDelta-ip-app-dev-cha": 411,
          "NextClickTimeDelta-os-cha": 342,
          "NextClickTimeDelta-ip-os-cha": 524,
          "NextClickTimeDelta-app-os-cha": 392,
          "NextClickTimeDelta-ip-app-os-cha": 509,
          "NextClickTimeDelta-dev-os-cha": 322,
          "NextClickTimeDelta-ip-dev-os-cha": 384,
          "NextClickTimeDelta-app-dev-os-cha": 287,
          "NextClickTimeDelta-ip-app-dev-os-cha": 535,
          "PrevClickTimeDelta-ip": 772,
          "PrevClickTimeDelta-app": 171,
          "PrevClickTimeDelta-ip-app": 573,
          "PrevClickTimeDelta-dev": 98,
          "PrevClickTimeDelta-ip-dev": 473,
          "PrevClickTimeDelta-app-dev": 100,
          "PrevClickTimeDelta-ip-app-dev": 393,
          "PrevClickTimeDelta-os": 141,
          "PrevClickTimeDelta-ip-os": 627,
          "PrevClickTimeDelta-app-os": 266,
          "PrevClickTimeDelta-ip-app-os": 469,
          "PrevClickTimeDelta-dev-os": 123,
          "PrevClickTimeDelta-ip-dev-os": 415,
          "PrevClickTimeDelta-app-dev-os": 224,
          "PrevClickTimeDelta-ip-app-dev-os": 362,
          "PrevClickTimeDelta-cha": 216,
          "PrevClickTimeDelta-ip-cha": 536,
          "PrevClickTimeDelta-app-cha": 252,
          "PrevClickTimeDelta-ip-app-cha": 412,
          "PrevClickTimeDelta-dev-cha": 183,
          "PrevClickTimeDelta-ip-dev-cha": 372,
          "PrevClickTimeDelta-app-dev-cha": 186,
          "PrevClickTimeDelta-ip-app-dev-cha": 304,
          "PrevClickTimeDelta-os-cha": 328,
          "PrevClickTimeDelta-ip-os-cha": 315,
          "PrevClickTimeDelta-app-os-cha": 378,
          "PrevClickTimeDelta-ip-app-os-cha": 313,
          "PrevClickTimeDelta-dev-os-cha": 279,
          "PrevClickTimeDelta-ip-dev-os-cha": 247,
          "PrevClickTimeDelta-app-dev-os-cha": 339,
          "PrevClickTimeDelta-ip-app-dev-os-cha": 211,
          "AverageAttributedRatio-ip": 718,
          "AverageAttributedRatio-app": 565,
          "AverageAttributedRatio-ip-app": 411,
          "AverageAttributedRatio-dev": 897,
          "AverageAttributedRatio-ip-dev": 622,
          "AverageAttributedRatio-app-dev": 450,
          "AverageAttributedRatio-ip-app-dev": 470,
          "AverageAttributedRatio-os": 660,
          "AverageAttributedRatio-ip-os": 409,
          "AverageAttributedRatio-app-os": 521,
          "AverageAttributedRatio-ip-app-os": 139,
          "AverageAttributedRatio-dev-os": 487,
          "AverageAttributedRatio-ip-dev-os": 353,
          "AverageAttributedRatio-app-dev-os": 538,
          "AverageAttributedRatio-ip-app-dev-os": 156,
          "AverageAttributedRatio-cha": 470,
          "AverageAttributedRatio-ip-cha": 245,
          "AverageAttributedRatio-app-cha": 569,
          "AverageAttributedRatio-ip-app-cha": 160,
          "AverageAttributedRatio-dev-cha": 358,
          "AverageAttributedRatio-ip-dev-cha": 175,
          "AverageAttributedRatio-app-dev-cha": 385,
          "AverageAttributedRatio-ip-app-dev-cha": 157,
          "AverageAttributedRatio-os-cha": 495,
          "AverageAttributedRatio-ip-os-cha": 99,
          "AverageAttributedRatio-app-os-cha": 590,
          "AverageAttributedRatio-ip-app-os-cha": 92,
          "AverageAttributedRatio-dev-os-cha": 397,
          "AverageAttributedRatio-ip-dev-os-cha": 80,
          "AverageAttributedRatio-app-dev-os-cha": 630,
          "AverageAttributedRatio-ip-app-dev-os-cha": 79,
          "KomakiLDA5NoDevice-ip-app-0": 2170,
          "KomakiLDA5NoDevice-ip-app-1": 1687,
          "KomakiLDA5NoDevice-ip-app-2": 1622,
          "KomakiLDA5NoDevice-ip-app-3": 1180,
          "KomakiLDA5NoDevice-ip-app-4": 1190,
          "KomakiLDA5NoDevice-ip-os-0": 1428,
          "KomakiLDA5NoDevice-ip-os-1": 1540,
          "KomakiLDA5NoDevice-ip-os-2": 1422,
          "KomakiLDA5NoDevice-ip-os-3": 1298,
          "KomakiLDA5NoDevice-ip-os-4": 1231,
          "KomakiLDA5NoDevice-ip-channel-0": 1529,
          "KomakiLDA5NoDevice-ip-channel-1": 1462,
          "KomakiLDA5NoDevice-ip-channel-2": 1466,
          "KomakiLDA5NoDevice-ip-channel-3": 1609,
          "KomakiLDA5NoDevice-ip-channel-4": 1699,
          "KomakiLDA5NoDevice-app-ip-0": 941,
          "KomakiLDA5NoDevice-app-ip-1": 705,
          "KomakiLDA5NoDevice-app-ip-2": 689,
          "KomakiLDA5NoDevice-app-ip-3": 740,
          "KomakiLDA5NoDevice-app-ip-4": 699,
          "KomakiLDA5NoDevice-app-os-0": 552,
          "KomakiLDA5NoDevice-app-os-1": 546,
          "KomakiLDA5NoDevice-app-os-2": 598,
          "KomakiLDA5NoDevice-app-os-3": 439,
          "KomakiLDA5NoDevice-app-os-4": 760,
          "KomakiLDA5NoDevice-app-channel-0": 436,
          "KomakiLDA5NoDevice-app-channel-1": 415,
          "KomakiLDA5NoDevice-app-channel-2": 700,
          "KomakiLDA5NoDevice-app-channel-3": 504,
          "KomakiLDA5NoDevice-app-channel-4": 283,
          "KomakiLDA5NoDevice-os-ip-0": 643,
          "KomakiLDA5NoDevice-os-ip-1": 378,
          "KomakiLDA5NoDevice-os-ip-2": 396,
          "KomakiLDA5NoDevice-os-ip-3": 309,
          "KomakiLDA5NoDevice-os-ip-4": 355,
          "KomakiLDA5NoDevice-os-app-0": 355,
          "KomakiLDA5NoDevice-os-app-1": 559,
          "KomakiLDA5NoDevice-os-app-2": 321,
          "KomakiLDA5NoDevice-os-app-3": 392,
          "KomakiLDA5NoDevice-os-app-4": 306,
          "KomakiLDA5NoDevice-os-channel-0": 545,
          "KomakiLDA5NoDevice-os-channel-1": 321,
          "KomakiLDA5NoDevice-os-channel-2": 343,
          "KomakiLDA5NoDevice-os-channel-3": 385,
          "KomakiLDA5NoDevice-os-channel-4": 298,
          "KomakiLDA5NoDevice-channel-ip-0": 587,
          "KomakiLDA5NoDevice-channel-ip-1": 617,
          "KomakiLDA5NoDevice-channel-ip-2": 517,
          "KomakiLDA5NoDevice-channel-ip-3": 587,
          "KomakiLDA5NoDevice-channel-ip-4": 519,
          "KomakiLDA5NoDevice-channel-app-0": 626,
          "KomakiLDA5NoDevice-channel-app-1": 472,
          "KomakiLDA5NoDevice-channel-app-2": 690,
          "KomakiLDA5NoDevice-channel-app-3": 417,
          "KomakiLDA5NoDevice-channel-app-4": 435,
          "KomakiLDA5NoDevice-channel-os-0": 594,
          "KomakiLDA5NoDevice-channel-os-1": 562,
          "KomakiLDA5NoDevice-channel-os-2": 546,
          "KomakiLDA5NoDevice-channel-os-3": 501,
          "KomakiLDA5NoDevice-channel-os-4": 496
        }
      },
      {
        "train_auc": 0.9942870283785452,
        "valid_auc": 0.9845662012269992,
        "best_iteration": 722,
        "train_time": 357.42017221450806,
        "feature_importance": {
          "hour": 4439,
          "n_channels": 1668,
          "ip_app_count": 1600,
          "ip_app_os_count": 1385,
          "FutureClickCount_600-ip": 873,
          "FutureClickCount_600-app": 806,
          "FutureClickCount_600-ip-app": 305,
          "FutureClickCount_600-dev": 347,
          "FutureClickCount_600-ip-dev": 730,
          "FutureClickCount_600-app-dev": 662,
          "FutureClickCount_600-ip-app-dev": 259,
          "FutureClickCount_600-os": 516,
          "FutureClickCount_600-ip-os": 639,
          "FutureClickCount_600-app-os": 744,
          "FutureClickCount_600-ip-app-os": 285,
          "FutureClickCount_600-dev-os": 711,
          "FutureClickCount_600-ip-dev-os": 576,
          "FutureClickCount_600-app-dev-os": 873,
          "FutureClickCount_600-ip-app-dev-os": 377,
          "FutureClickCount_600-cha": 826,
          "FutureClickCount_600-ip-cha": 212,
          "FutureClickCount_600-app-cha": 958,
          "FutureClickCount_600-ip-app-cha": 157,
          "FutureClickCount_600-dev-cha": 616,
          "FutureClickCount_600-ip-dev-cha": 180,
          "FutureClickCount_600-app-dev-cha": 627,
          "FutureClickCount_600-ip-app-dev-cha": 148,
          "FutureClickCount_600-os-cha": 470,
          "FutureClickCount_600-ip-os-cha": 148,
          "FutureClickCount_600-app-os-cha": 587,
          "FutureClickCount_600-ip-app-os-cha": 150,
          "FutureClickCount_600-dev-os-cha": 529,
          "FutureClickCount_600-ip-dev-os-cha": 107,
          "FutureClickCount_600-app-dev-os-cha": 567,
          "FutureClickCount_600-ip-app-dev-os-cha": 139,
          "FutureClickCount_4800-ip": 1375,
          "FutureClickCount_4800-app": 502,
          "FutureClickCount_4800-ip-app": 540,
          "FutureClickCount_4800-dev": 108,
          "FutureClickCount_4800-ip-dev": 1369,
          "FutureClickCount_4800-app-dev": 288,
          "FutureClickCount_4800-ip-app-dev": 416,
          "FutureClickCount_4800-os": 281,
          "FutureClickCount_4800-ip-os": 858,
          "FutureClickCount_4800-app-os": 566,
          "FutureClickCount_4800-ip-app-os": 432,
          "FutureClickCount_4800-dev-os": 328,
          "FutureClickCount_4800-ip-dev-os": 978,
          "FutureClickCount_4800-app-dev-os": 697,
          "FutureClickCount_4800-ip-app-dev-os": 379,
          "FutureClickCount_4800-cha": 573,
          "FutureClickCount_4800-ip-cha": 333,
          "FutureClickCount_4800-app-cha": 745,
          "FutureClickCount_4800-ip-app-cha": 274,
          "FutureClickCount_4800-dev-cha": 411,
          "FutureClickCount_4800-ip-dev-cha": 270,
          "FutureClickCount_4800-app-dev-cha": 455,
          "FutureClickCount_4800-ip-app-dev-cha": 284,
          "FutureClickCount_4800-os-cha": 478,
          "FutureClickCount_4800-ip-os-cha": 185,
          "FutureClickCount_4800-app-os-cha": 539,
          "FutureClickCount_4800-ip-app-os-cha": 162,
          "FutureClickCount_4800-dev-os-cha": 544,
          "FutureClickCount_4800-ip-dev-os-cha": 162,
          "FutureClickCount_4800-app-dev-os-cha": 550,
          "FutureClickCount_4800-ip-app-dev-os-cha": 154,
          "NextClickTimeDelta-ip": 1086,
          "NextClickTimeDelta-app": 185,
          "NextClickTimeDelta-ip-app": 1246,
          "NextClickTimeDelta-dev": 109,
          "NextClickTimeDelta-ip-dev": 838,
          "NextClickTimeDelta-app-dev": 176,
          "NextClickTimeDelta-ip-app-dev": 812,
          "NextClickTimeDelta-os": 170,
          "NextClickTimeDelta-ip-os": 964,
          "NextClickTimeDelta-app-os": 330,
          "NextClickTimeDelta-ip-app-os": 1828,
          "NextClickTimeDelta-dev-os": 154,
          "NextClickTimeDelta-ip-dev-os": 715,
          "NextClickTimeDelta-app-dev-os": 264,
          "NextClickTimeDelta-ip-app-dev-os": 2731,
          "NextClickTimeDelta-cha": 191,
          "NextClickTimeDelta-ip-cha": 902,
          "NextClickTimeDelta-app-cha": 313,
          "NextClickTimeDelta-ip-app-cha": 718,
          "NextClickTimeDelta-dev-cha": 187,
          "NextClickTimeDelta-ip-dev-cha": 611,
          "NextClickTimeDelta-app-dev-cha": 218,
          "NextClickTimeDelta-ip-app-dev-cha": 574,
          "NextClickTimeDelta-os-cha": 444,
          "NextClickTimeDelta-ip-os-cha": 633,
          "NextClickTimeDelta-app-os-cha": 475,
          "NextClickTimeDelta-ip-app-os-cha": 643,
          "NextClickTimeDelta-dev-os-cha": 344,
          "NextClickTimeDelta-ip-dev-os-cha": 482,
          "NextClickTimeDelta-app-dev-os-cha": 384,
          "NextClickTimeDelta-ip-app-dev-os-cha": 645,
          "PrevClickTimeDelta-ip": 920,
          "PrevClickTimeDelta-app": 163,
          "PrevClickTimeDelta-ip-app": 767,
          "PrevClickTimeDelta-dev": 103,
          "PrevClickTimeDelta-ip-dev": 609,
          "PrevClickTimeDelta-app-dev": 140,
          "PrevClickTimeDelta-ip-app-dev": 484,
          "PrevClickTimeDelta-os": 187,
          "PrevClickTimeDelta-ip-os": 801,
          "PrevClickTimeDelta-app-os": 334,
          "PrevClickTimeDelta-ip-app-os": 662,
          "PrevClickTimeDelta-dev-os": 152,
          "PrevClickTimeDelta-ip-dev-os": 531,
          "PrevClickTimeDelta-app-dev-os": 256,
          "PrevClickTimeDelta-ip-app-dev-os": 502,
          "PrevClickTimeDelta-cha": 170,
          "PrevClickTimeDelta-ip-cha": 685,
          "PrevClickTimeDelta-app-cha": 305,
          "PrevClickTimeDelta-ip-app-cha": 501,
          "PrevClickTimeDelta-dev-cha": 194,
          "PrevClickTimeDelta-ip-dev-cha": 496,
          "PrevClickTimeDelta-app-dev-cha": 252,
          "PrevClickTimeDelta-ip-app-dev-cha": 403,
          "PrevClickTimeDelta-os-cha": 439,
          "PrevClickTimeDelta-ip-os-cha": 510,
          "PrevClickTimeDelta-app-os-cha": 400,
          "PrevClickTimeDelta-ip-app-os-cha": 407,
          "PrevClickTimeDelta-dev-os-cha": 301,
          "PrevClickTimeDelta-ip-dev-os-cha": 356,
          "PrevClickTimeDelta-app-dev-os-cha": 398,
          "PrevClickTimeDelta-ip-app-dev-os-cha": 330,
          "AverageAttributedRatio-ip": 834,
          "AverageAttributedRatio-app": 690,
          "AverageAttributedRatio-ip-app": 515,
          "AverageAttributedRatio-dev": 1103,
          "AverageAttributedRatio-ip-dev": 700,
          "AverageAttributedRatio-app-dev": 589,
          "AverageAttributedRatio-ip-app-dev": 518,
          "AverageAttributedRatio-os": 715,
          "AverageAttributedRatio-ip-os": 506,
          "AverageAttributedRatio-app-os": 739,
          "AverageAttributedRatio-ip-app-os": 168,
          "AverageAttributedRatio-dev-os": 614,
          "AverageAttributedRatio-ip-dev-os": 459,
          "AverageAttributedRatio-app-dev-os": 648,
          "AverageAttributedRatio-ip-app-dev-os": 167,
          "AverageAttributedRatio-cha": 592,
          "AverageAttributedRatio-ip-cha": 267,
          "AverageAttributedRatio-app-cha": 688,
          "AverageAttributedRatio-ip-app-cha": 225,
          "AverageAttributedRatio-dev-cha": 429,
          "AverageAttributedRatio-ip-dev-cha": 238,
          "AverageAttributedRatio-app-dev-cha": 475,
          "AverageAttributedRatio-ip-app-dev-cha": 193,
          "AverageAttributedRatio-os-cha": 574,
          "AverageAttributedRatio-ip-os-cha": 118,
          "AverageAttributedRatio-app-os-cha": 777,
          "AverageAttributedRatio-ip-app-os-cha": 95,
          "AverageAttributedRatio-dev-os-cha": 510,
          "AverageAttributedRatio-ip-dev-os-cha": 103,
          "AverageAttributedRatio-app-dev-os-cha": 641,
          "AverageAttributedRatio-ip-app-dev-os-cha": 102,
          "KomakiLDA5NoDevice-ip-app-0": 2406,
          "KomakiLDA5NoDevice-ip-app-1": 2127,
          "KomakiLDA5NoDevice-ip-app-2": 1976,
          "KomakiLDA5NoDevice-ip-app-3": 1485,
          "KomakiLDA5NoDevice-ip-app-4": 1468,
          "KomakiLDA5NoDevice-ip-os-0": 1873,
          "KomakiLDA5NoDevice-ip-os-1": 1795,
          "KomakiLDA5NoDevice-ip-os-2": 1713,
          "KomakiLDA5NoDevice-ip-os-3": 1599,
          "KomakiLDA5NoDevice-ip-os-4": 1542,
          "KomakiLDA5NoDevice-ip-channel-0": 1717,
          "KomakiLDA5NoDevice-ip-channel-1": 1750,
          "KomakiLDA5NoDevice-ip-channel-2": 1729,
          "KomakiLDA5NoDevice-ip-channel-3": 1938,
          "KomakiLDA5NoDevice-ip-channel-4": 1950,
          "KomakiLDA5NoDevice-app-ip-0": 1031,
          "KomakiLDA5NoDevice-app-ip-1": 883,
          "KomakiLDA5NoDevice-app-ip-2": 782,
          "KomakiLDA5NoDevice-app-ip-3": 863,
          "KomakiLDA5NoDevice-app-ip-4": 743,
          "KomakiLDA5NoDevice-app-os-0": 607,
          "KomakiLDA5NoDevice-app-os-1": 614,
          "KomakiLDA5NoDevice-app-os-2": 627,
          "KomakiLDA5NoDevice-app-os-3": 512,
          "KomakiLDA5NoDevice-app-os-4": 863,
          "KomakiLDA5NoDevice-app-channel-0": 534,
          "KomakiLDA5NoDevice-app-channel-1": 512,
          "KomakiLDA5NoDevice-app-channel-2": 695,
          "KomakiLDA5NoDevice-app-channel-3": 576,
          "KomakiLDA5NoDevice-app-channel-4": 341,
          "KomakiLDA5NoDevice-os-ip-0": 724,
          "KomakiLDA5NoDevice-os-ip-1": 526,
          "KomakiLDA5NoDevice-os-ip-2": 531,
          "KomakiLDA5NoDevice-os-ip-3": 393,
          "KomakiLDA5NoDevice-os-ip-4": 441,
          "KomakiLDA5NoDevice-os-app-0": 422,
          "KomakiLDA5NoDevice-os-app-1": 657,
          "KomakiLDA5NoDevice-os-app-2": 399,
          "KomakiLDA5NoDevice-os-app-3": 467,
          "KomakiLDA5NoDevice-os-app-4": 366,
          "KomakiLDA5NoDevice-os-channel-0": 618,
          "KomakiLDA5NoDevice-os-channel-1": 398,
          "KomakiLDA5NoDevice-os-channel-2": 385,
          "KomakiLDA5NoDevice-os-channel-3": 397,
          "KomakiLDA5NoDevice-os-channel-4": 400,
          "KomakiLDA5NoDevice-channel-ip-0": 630,
          "KomakiLDA5NoDevice-channel-ip-1": 733,
          "KomakiLDA5NoDevice-channel-ip-2": 583,
          "KomakiLDA5NoDevice-channel-ip-3": 780,
          "KomakiLDA5NoDevice-channel-ip-4": 596,
          "KomakiLDA5NoDevice-channel-app-0": 703,
          "KomakiLDA5NoDevice-channel-app-1": 512,
          "KomakiLDA5NoDevice-channel-app-2": 805,
          "KomakiLDA5NoDevice-channel-app-3": 521,
          "KomakiLDA5NoDevice-channel-app-4": 516,
          "KomakiLDA5NoDevice-channel-os-0": 686,
          "KomakiLDA5NoDevice-channel-os-1": 695,
          "KomakiLDA5NoDevice-channel-os-2": 654,
          "KomakiLDA5NoDevice-channel-os-3": 573,
          "KomakiLDA5NoDevice-channel-os-4": 577
        }
      }
    ],
    "average_train_auc": 0.9935127599709702,
    "average_valid_auc": 0.984421303840743,
    "train_auc_std": 0.0007759008760566538,
    "valid_auc_std": 9.199160977976799e-05,
    "average_train_time": 327.9274838447571
  },
  "config": {
    "features": [
      "hour",
      "count",
      "future_click_count_10",
      "future_click_count_80",
      "next_click_time_delta",
      "prev_click_time_delta",
      "average_attributed_ratio",
      "komaki_lda_5_no_device"
    ],
    "model": {
      "name": "lightgbm",
      "model_params": {
        "boosting_type": "gbdt",
        "objective": "binary",
        "metric": "auc",
        "learning_rate": 0.03,
        "num_leaves": 255,
        "max_depth": 8,
        "min_child_samples": 10,
        "max_bin": 100,
        "subsample": 0.7,
        "subsample_freq": 1,
        "colsample_bytree": 0.7,
        "min_child_weight": 0,
        "subsample_for_bin": 200000,
        "min_split_gain": 0,
        "reg_alpha": 0,
        "reg_lambda": 0,
        "verbose": 0
      },
      "train_params": {
        "num_boost_round": 1000,
        "early_stopping_rounds": 30
      }
    },
    "dataset": {
      "input_directory": "data/input/",
      "cache_directory": "data/working/",
      "validation_ratio": 0.33333333333,
      "full_data_train": true,
      "files": {
        "train": "train.feather",
        "test": "old_test.feather"
      },
      "negative_down_sampling": {
        "enabled": true,
        "bagging_size": 5,
        "random_state": 114514
      }
    },
    "note": "29 - ip - os - channel - app"
  }
}