{
  "training": {
    "trials": [
      {
        "train_auc": 0.993563042294289,
        "valid_auc": 0.9846497495915761,
        "best_iteration": 613,
        "train_time": 389.07111287117004,
        "feature_importance": {
          "app": 3361,
          "hour": 3723,
          "n_channels": 1199,
          "ip_app_count": 1393,
          "ip_app_os_count": 1175,
          "FutureClickCount_600-ip": 775,
          "FutureClickCount_600-app": 620,
          "FutureClickCount_600-ip-app": 229,
          "FutureClickCount_600-dev": 343,
          "FutureClickCount_600-ip-dev": 644,
          "FutureClickCount_600-app-dev": 483,
          "FutureClickCount_600-ip-app-dev": 171,
          "FutureClickCount_600-os": 400,
          "FutureClickCount_600-ip-os": 472,
          "FutureClickCount_600-app-os": 554,
          "FutureClickCount_600-ip-app-os": 256,
          "FutureClickCount_600-dev-os": 722,
          "FutureClickCount_600-ip-dev-os": 475,
          "FutureClickCount_600-app-dev-os": 688,
          "FutureClickCount_600-ip-app-dev-os": 385,
          "FutureClickCount_600-cha": 614,
          "FutureClickCount_600-ip-cha": 146,
          "FutureClickCount_600-app-cha": 789,
          "FutureClickCount_600-ip-app-cha": 114,
          "FutureClickCount_600-dev-cha": 458,
          "FutureClickCount_600-ip-dev-cha": 127,
          "FutureClickCount_600-app-dev-cha": 478,
          "FutureClickCount_600-ip-app-dev-cha": 115,
          "FutureClickCount_600-os-cha": 400,
          "FutureClickCount_600-ip-os-cha": 101,
          "FutureClickCount_600-app-os-cha": 447,
          "FutureClickCount_600-ip-app-os-cha": 90,
          "FutureClickCount_600-dev-os-cha": 407,
          "FutureClickCount_600-ip-dev-os-cha": 109,
          "FutureClickCount_600-app-dev-os-cha": 403,
          "FutureClickCount_600-ip-app-dev-os-cha": 82,
          "FutureClickCount_4800-ip": 1263,
          "FutureClickCount_4800-app": 390,
          "FutureClickCount_4800-ip-app": 396,
          "FutureClickCount_4800-dev": 104,
          "FutureClickCount_4800-ip-dev": 1244,
          "FutureClickCount_4800-app-dev": 274,
          "FutureClickCount_4800-ip-app-dev": 324,
          "FutureClickCount_4800-os": 200,
          "FutureClickCount_4800-ip-os": 726,
          "FutureClickCount_4800-app-os": 470,
          "FutureClickCount_4800-ip-app-os": 324,
          "FutureClickCount_4800-dev-os": 285,
          "FutureClickCount_4800-ip-dev-os": 798,
          "FutureClickCount_4800-app-dev-os": 599,
          "FutureClickCount_4800-ip-app-dev-os": 432,
          "FutureClickCount_4800-cha": 449,
          "FutureClickCount_4800-ip-cha": 288,
          "FutureClickCount_4800-app-cha": 690,
          "FutureClickCount_4800-ip-app-cha": 211,
          "FutureClickCount_4800-dev-cha": 307,
          "FutureClickCount_4800-ip-dev-cha": 213,
          "FutureClickCount_4800-app-dev-cha": 425,
          "FutureClickCount_4800-ip-app-dev-cha": 172,
          "FutureClickCount_4800-os-cha": 417,
          "FutureClickCount_4800-ip-os-cha": 143,
          "FutureClickCount_4800-app-os-cha": 413,
          "FutureClickCount_4800-ip-app-os-cha": 132,
          "FutureClickCount_4800-dev-os-cha": 341,
          "FutureClickCount_4800-ip-dev-os-cha": 114,
          "FutureClickCount_4800-app-dev-os-cha": 409,
          "FutureClickCount_4800-ip-app-dev-os-cha": 94,
          "NextClickTimeDelta-ip": 986,
          "NextClickTimeDelta-app": 140,
          "NextClickTimeDelta-ip-app": 1117,
          "NextClickTimeDelta-dev": 96,
          "NextClickTimeDelta-ip-dev": 568,
          "NextClickTimeDelta-app-dev": 137,
          "NextClickTimeDelta-ip-app-dev": 745,
          "NextClickTimeDelta-os": 150,
          "NextClickTimeDelta-ip-os": 717,
          "NextClickTimeDelta-app-os": 317,
          "NextClickTimeDelta-ip-app-os": 1584,
          "NextClickTimeDelta-dev-os": 114,
          "NextClickTimeDelta-ip-dev-os": 536,
          "NextClickTimeDelta-app-dev-os": 233,
          "NextClickTimeDelta-ip-app-dev-os": 2640,
          "NextClickTimeDelta-cha": 196,
          "NextClickTimeDelta-ip-cha": 690,
          "NextClickTimeDelta-app-cha": 273,
          "NextClickTimeDelta-ip-app-cha": 573,
          "NextClickTimeDelta-dev-cha": 163,
          "NextClickTimeDelta-ip-dev-cha": 498,
          "NextClickTimeDelta-app-dev-cha": 188,
          "NextClickTimeDelta-ip-app-dev-cha": 424,
          "NextClickTimeDelta-os-cha": 359,
          "NextClickTimeDelta-ip-os-cha": 431,
          "NextClickTimeDelta-app-os-cha": 429,
          "NextClickTimeDelta-ip-app-os-cha": 570,
          "NextClickTimeDelta-dev-os-cha": 277,
          "NextClickTimeDelta-ip-dev-os-cha": 372,
          "NextClickTimeDelta-app-dev-os-cha": 305,
          "NextClickTimeDelta-ip-app-dev-os-cha": 589,
          "PrevClickTimeDelta-ip": 828,
          "PrevClickTimeDelta-app": 196,
          "PrevClickTimeDelta-ip-app": 618,
          "PrevClickTimeDelta-dev": 86,
          "PrevClickTimeDelta-ip-dev": 488,
          "PrevClickTimeDelta-app-dev": 135,
          "PrevClickTimeDelta-ip-app-dev": 422,
          "PrevClickTimeDelta-os": 142,
          "PrevClickTimeDelta-ip-os": 607,
          "PrevClickTimeDelta-app-os": 265,
          "PrevClickTimeDelta-ip-app-os": 524,
          "PrevClickTimeDelta-dev-os": 105,
          "PrevClickTimeDelta-ip-dev-os": 462,
          "PrevClickTimeDelta-app-dev-os": 220,
          "PrevClickTimeDelta-ip-app-dev-os": 413,
          "PrevClickTimeDelta-cha": 169,
          "PrevClickTimeDelta-ip-cha": 593,
          "PrevClickTimeDelta-app-cha": 235,
          "PrevClickTimeDelta-ip-app-cha": 366,
          "PrevClickTimeDelta-dev-cha": 195,
          "PrevClickTimeDelta-ip-dev-cha": 342,
          "PrevClickTimeDelta-app-dev-cha": 144,
          "PrevClickTimeDelta-ip-app-dev-cha": 294,
          "PrevClickTimeDelta-os-cha": 354,
          "PrevClickTimeDelta-ip-os-cha": 371,
          "PrevClickTimeDelta-app-os-cha": 327,
          "PrevClickTimeDelta-ip-app-os-cha": 309,
          "PrevClickTimeDelta-dev-os-cha": 273,
          "PrevClickTimeDelta-ip-dev-os-cha": 260,
          "PrevClickTimeDelta-app-dev-os-cha": 316,
          "PrevClickTimeDelta-ip-app-dev-os-cha": 241,
          "AverageAttributedRatio-ip": 606,
          "AverageAttributedRatio-app": 504,
          "AverageAttributedRatio-ip-app": 383,
          "AverageAttributedRatio-dev": 907,
          "AverageAttributedRatio-ip-dev": 568,
          "AverageAttributedRatio-app-dev": 316,
          "AverageAttributedRatio-ip-app-dev": 511,
          "AverageAttributedRatio-os": 582,
          "AverageAttributedRatio-ip-os": 391,
          "AverageAttributedRatio-app-os": 448,
          "AverageAttributedRatio-ip-app-os": 151,
          "AverageAttributedRatio-dev-os": 481,
          "AverageAttributedRatio-ip-dev-os": 349,
          "AverageAttributedRatio-app-dev-os": 442,
          "AverageAttributedRatio-ip-app-dev-os": 119,
          "AverageAttributedRatio-cha": 417,
          "AverageAttributedRatio-ip-cha": 207,
          "AverageAttributedRatio-app-cha": 461,
          "AverageAttributedRatio-ip-app-cha": 163,
          "AverageAttributedRatio-dev-cha": 283,
          "AverageAttributedRatio-ip-dev-cha": 138,
          "AverageAttributedRatio-app-dev-cha": 396,
          "AverageAttributedRatio-ip-app-dev-cha": 137,
          "AverageAttributedRatio-os-cha": 451,
          "AverageAttributedRatio-ip-os-cha": 116,
          "AverageAttributedRatio-app-os-cha": 545,
          "AverageAttributedRatio-ip-app-os-cha": 86,
          "AverageAttributedRatio-dev-os-cha": 366,
          "AverageAttributedRatio-ip-dev-os-cha": 84,
          "AverageAttributedRatio-app-dev-os-cha": 489,
          "AverageAttributedRatio-ip-app-dev-os-cha": 65,
          "KomakiLDA5NoDevice-ip-app-0": 2105,
          "KomakiLDA5NoDevice-ip-app-1": 1751,
          "KomakiLDA5NoDevice-ip-app-2": 1699,
          "KomakiLDA5NoDevice-ip-app-3": 1290,
          "KomakiLDA5NoDevice-ip-app-4": 1153,
          "KomakiLDA5NoDevice-ip-os-0": 1556,
          "KomakiLDA5NoDevice-ip-os-1": 1536,
          "KomakiLDA5NoDevice-ip-os-2": 1445,
          "KomakiLDA5NoDevice-ip-os-3": 1313,
          "KomakiLDA5NoDevice-ip-os-4": 1377,
          "KomakiLDA5NoDevice-ip-channel-0": 1515,
          "KomakiLDA5NoDevice-ip-channel-1": 1394,
          "KomakiLDA5NoDevice-ip-channel-2": 1516,
          "KomakiLDA5NoDevice-ip-channel-3": 1654,
          "KomakiLDA5NoDevice-ip-channel-4": 1675,
          "KomakiLDA5NoDevice-app-ip-0": 381,
          "KomakiLDA5NoDevice-app-ip-1": 300,
          "KomakiLDA5NoDevice-app-ip-2": 327,
          "KomakiLDA5NoDevice-app-ip-3": 263,
          "KomakiLDA5NoDevice-app-ip-4": 298,
          "KomakiLDA5NoDevice-app-os-0": 211,
          "KomakiLDA5NoDevice-app-os-1": 274,
          "KomakiLDA5NoDevice-app-os-2": 233,
          "KomakiLDA5NoDevice-app-os-3": 185,
          "KomakiLDA5NoDevice-app-os-4": 317,
          "KomakiLDA5NoDevice-app-channel-0": 211,
          "KomakiLDA5NoDevice-app-channel-1": 207,
          "KomakiLDA5NoDevice-app-channel-2": 238,
          "KomakiLDA5NoDevice-app-channel-3": 232,
          "KomakiLDA5NoDevice-app-channel-4": 151,
          "KomakiLDA5NoDevice-os-ip-0": 632,
          "KomakiLDA5NoDevice-os-ip-1": 385,
          "KomakiLDA5NoDevice-os-ip-2": 368,
          "KomakiLDA5NoDevice-os-ip-3": 356,
          "KomakiLDA5NoDevice-os-ip-4": 321,
          "KomakiLDA5NoDevice-os-app-0": 448,
          "KomakiLDA5NoDevice-os-app-1": 553,
          "KomakiLDA5NoDevice-os-app-2": 341,
          "KomakiLDA5NoDevice-os-app-3": 390,
          "KomakiLDA5NoDevice-os-app-4": 333,
          "KomakiLDA5NoDevice-os-channel-0": 523,
          "KomakiLDA5NoDevice-os-channel-1": 386,
          "KomakiLDA5NoDevice-os-channel-2": 369,
          "KomakiLDA5NoDevice-os-channel-3": 385,
          "KomakiLDA5NoDevice-os-channel-4": 281,
          "KomakiLDA5NoDevice-channel-ip-0": 477,
          "KomakiLDA5NoDevice-channel-ip-1": 486,
          "KomakiLDA5NoDevice-channel-ip-2": 449,
          "KomakiLDA5NoDevice-channel-ip-3": 546,
          "KomakiLDA5NoDevice-channel-ip-4": 397,
          "KomakiLDA5NoDevice-channel-app-0": 407,
          "KomakiLDA5NoDevice-channel-app-1": 309,
          "KomakiLDA5NoDevice-channel-app-2": 375,
          "KomakiLDA5NoDevice-channel-app-3": 369,
          "KomakiLDA5NoDevice-channel-app-4": 385,
          "KomakiLDA5NoDevice-channel-os-0": 480,
          "KomakiLDA5NoDevice-channel-os-1": 467,
          "KomakiLDA5NoDevice-channel-os-2": 469,
          "KomakiLDA5NoDevice-channel-os-3": 431,
          "KomakiLDA5NoDevice-channel-os-4": 439,
          "ItemUserLDA_0": 79,
          "ItemUserLDA_1": 101,
          "ItemUserLDA_2": 26,
          "ItemUserLDA_3": 106,
          "ItemUserLDA_4": 8,
          "ItemUserLDA_5": 121,
          "ItemUserLDA_6": 5,
          "ItemUserLDA_7": 1,
          "ItemUserLDA_8": 82,
          "ItemUserLDA_9": 26,
          "ItemUserLDA_10": 113,
          "ItemUserLDA_11": 9,
          "ItemUserLDA_12": 1,
          "ItemUserLDA_13": 81,
          "ItemUserLDA_14": 55,
          "ItemUserLDA_15": 89,
          "ItemUserLDA_16": 85,
          "ItemUserLDA_17": 71,
          "ItemUserLDA_18": 19,
          "ItemUserLDA_19": 117,
          "ItemUserLDA_20": 49,
          "ItemUserLDA_21": 29,
          "ItemUserLDA_22": 0,
          "ItemUserLDA_23": 88,
          "ItemUserLDA_24": 237,
          "ItemUserLDA_25": 67,
          "ItemUserLDA_26": 68,
          "ItemUserLDA_27": 142,
          "ItemUserLDA_28": 4,
          "ItemUserLDA_29": 42,
          "UserItemLDA_0": 382,
          "UserItemLDA_1": 240,
          "UserItemLDA_2": 147,
          "UserItemLDA_3": 101,
          "UserItemLDA_4": 282,
          "UserItemLDA_5": 54,
          "UserItemLDA_6": 107,
          "UserItemLDA_7": 90,
          "UserItemLDA_8": 129,
          "UserItemLDA_9": 260,
          "UserItemLDA_10": 111,
          "UserItemLDA_11": 75,
          "UserItemLDA_12": 280,
          "UserItemLDA_13": 188,
          "UserItemLDA_14": 186,
          "UserItemLDA_15": 138,
          "UserItemLDA_16": 71,
          "UserItemLDA_17": 159,
          "UserItemLDA_18": 99,
          "UserItemLDA_19": 174,
          "UserItemLDA_20": 192,
          "UserItemLDA_21": 376,
          "UserItemLDA_22": 265,
          "UserItemLDA_23": 163,
          "UserItemLDA_24": 90,
          "UserItemLDA_25": 41,
          "UserItemLDA_26": 63,
          "UserItemLDA_27": 220,
          "UserItemLDA_28": 131,
          "UserItemLDA_29": 3
        }
      },
      {
        "train_auc": 0.9940233428107207,
        "valid_auc": 0.9846496874210434,
        "best_iteration": 664,
        "train_time": 414.4415271282196,
        "feature_importance": {
          "app": 3514,
          "hour": 4056,
          "n_channels": 1330,
          "ip_app_count": 1487,
          "ip_app_os_count": 1270,
          "FutureClickCount_600-ip": 799,
          "FutureClickCount_600-app": 682,
          "FutureClickCount_600-ip-app": 271,
          "FutureClickCount_600-dev": 342,
          "FutureClickCount_600-ip-dev": 737,
          "FutureClickCount_600-app-dev": 537,
          "FutureClickCount_600-ip-app-dev": 232,
          "FutureClickCount_600-os": 406,
          "FutureClickCount_600-ip-os": 504,
          "FutureClickCount_600-app-os": 642,
          "FutureClickCount_600-ip-app-os": 266,
          "FutureClickCount_600-dev-os": 698,
          "FutureClickCount_600-ip-dev-os": 481,
          "FutureClickCount_600-app-dev-os": 710,
          "FutureClickCount_600-ip-app-dev-os": 365,
          "FutureClickCount_600-cha": 641,
          "FutureClickCount_600-ip-cha": 172,
          "FutureClickCount_600-app-cha": 838,
          "FutureClickCount_600-ip-app-cha": 131,
          "FutureClickCount_600-dev-cha": 482,
          "FutureClickCount_600-ip-dev-cha": 149,
          "FutureClickCount_600-app-dev-cha": 513,
          "FutureClickCount_600-ip-app-dev-cha": 118,
          "FutureClickCount_600-os-cha": 464,
          "FutureClickCount_600-ip-os-cha": 111,
          "FutureClickCount_600-app-os-cha": 546,
          "FutureClickCount_600-ip-app-os-cha": 93,
          "FutureClickCount_600-dev-os-cha": 523,
          "FutureClickCount_600-ip-dev-os-cha": 89,
          "FutureClickCount_600-app-dev-os-cha": 447,
          "FutureClickCount_600-ip-app-dev-os-cha": 74,
          "FutureClickCount_4800-ip": 1204,
          "FutureClickCount_4800-app": 395,
          "FutureClickCount_4800-ip-app": 419,
          "FutureClickCount_4800-dev": 85,
          "FutureClickCount_4800-ip-dev": 1317,
          "FutureClickCount_4800-app-dev": 267,
          "FutureClickCount_4800-ip-app-dev": 370,
          "FutureClickCount_4800-os": 222,
          "FutureClickCount_4800-ip-os": 795,
          "FutureClickCount_4800-app-os": 501,
          "FutureClickCount_4800-ip-app-os": 340,
          "FutureClickCount_4800-dev-os": 288,
          "FutureClickCount_4800-ip-dev-os": 846,
          "FutureClickCount_4800-app-dev-os": 598,
          "FutureClickCount_4800-ip-app-dev-os": 459,
          "FutureClickCount_4800-cha": 424,
          "FutureClickCount_4800-ip-cha": 292,
          "FutureClickCount_4800-app-cha": 775,
          "FutureClickCount_4800-ip-app-cha": 249,
          "FutureClickCount_4800-dev-cha": 350,
          "FutureClickCount_4800-ip-dev-cha": 270,
          "FutureClickCount_4800-app-dev-cha": 411,
          "FutureClickCount_4800-ip-app-dev-cha": 205,
          "FutureClickCount_4800-os-cha": 468,
          "FutureClickCount_4800-ip-os-cha": 148,
          "FutureClickCount_4800-app-os-cha": 435,
          "FutureClickCount_4800-ip-app-os-cha": 132,
          "FutureClickCount_4800-dev-os-cha": 429,
          "FutureClickCount_4800-ip-dev-os-cha": 117,
          "FutureClickCount_4800-app-dev-os-cha": 497,
          "FutureClickCount_4800-ip-app-dev-os-cha": 144,
          "NextClickTimeDelta-ip": 1041,
          "NextClickTimeDelta-app": 159,
          "NextClickTimeDelta-ip-app": 1174,
          "NextClickTimeDelta-dev": 76,
          "NextClickTimeDelta-ip-dev": 666,
          "NextClickTimeDelta-app-dev": 151,
          "NextClickTimeDelta-ip-app-dev": 732,
          "NextClickTimeDelta-os": 122,
          "NextClickTimeDelta-ip-os": 835,
          "NextClickTimeDelta-app-os": 323,
          "NextClickTimeDelta-ip-app-os": 1544,
          "NextClickTimeDelta-dev-os": 124,
          "NextClickTimeDelta-ip-dev-os": 594,
          "NextClickTimeDelta-app-dev-os": 253,
          "NextClickTimeDelta-ip-app-dev-os": 2599,
          "NextClickTimeDelta-cha": 195,
          "NextClickTimeDelta-ip-cha": 811,
          "NextClickTimeDelta-app-cha": 296,
          "NextClickTimeDelta-ip-app-cha": 701,
          "NextClickTimeDelta-dev-cha": 169,
          "NextClickTimeDelta-ip-dev-cha": 548,
          "NextClickTimeDelta-app-dev-cha": 170,
          "NextClickTimeDelta-ip-app-dev-cha": 461,
          "NextClickTimeDelta-os-cha": 406,
          "NextClickTimeDelta-ip-os-cha": 511,
          "NextClickTimeDelta-app-os-cha": 430,
          "NextClickTimeDelta-ip-app-os-cha": 593,
          "NextClickTimeDelta-dev-os-cha": 294,
          "NextClickTimeDelta-ip-dev-os-cha": 418,
          "NextClickTimeDelta-app-dev-os-cha": 345,
          "NextClickTimeDelta-ip-app-dev-os-cha": 626,
          "PrevClickTimeDelta-ip": 854,
          "PrevClickTimeDelta-app": 195,
          "PrevClickTimeDelta-ip-app": 671,
          "PrevClickTimeDelta-dev": 93,
          "PrevClickTimeDelta-ip-dev": 531,
          "PrevClickTimeDelta-app-dev": 159,
          "PrevClickTimeDelta-ip-app-dev": 388,
          "PrevClickTimeDelta-os": 212,
          "PrevClickTimeDelta-ip-os": 751,
          "PrevClickTimeDelta-app-os": 320,
          "PrevClickTimeDelta-ip-app-os": 555,
          "PrevClickTimeDelta-dev-os": 111,
          "PrevClickTimeDelta-ip-dev-os": 487,
          "PrevClickTimeDelta-app-dev-os": 275,
          "PrevClickTimeDelta-ip-app-dev-os": 442,
          "PrevClickTimeDelta-cha": 172,
          "PrevClickTimeDelta-ip-cha": 651,
          "PrevClickTimeDelta-app-cha": 267,
          "PrevClickTimeDelta-ip-app-cha": 469,
          "PrevClickTimeDelta-dev-cha": 193,
          "PrevClickTimeDelta-ip-dev-cha": 399,
          "PrevClickTimeDelta-app-dev-cha": 155,
          "PrevClickTimeDelta-ip-app-dev-cha": 330,
          "PrevClickTimeDelta-os-cha": 420,
          "PrevClickTimeDelta-ip-os-cha": 425,
          "PrevClickTimeDelta-app-os-cha": 387,
          "PrevClickTimeDelta-ip-app-os-cha": 334,
          "PrevClickTimeDelta-dev-os-cha": 286,
          "PrevClickTimeDelta-ip-dev-os-cha": 279,
          "PrevClickTimeDelta-app-dev-os-cha": 338,
          "PrevClickTimeDelta-ip-app-dev-os-cha": 270,
          "AverageAttributedRatio-ip": 694,
          "AverageAttributedRatio-app": 658,
          "AverageAttributedRatio-ip-app": 424,
          "AverageAttributedRatio-dev": 943,
          "AverageAttributedRatio-ip-dev": 611,
          "AverageAttributedRatio-app-dev": 372,
          "AverageAttributedRatio-ip-app-dev": 503,
          "AverageAttributedRatio-os": 647,
          "AverageAttributedRatio-ip-os": 409,
          "AverageAttributedRatio-app-os": 484,
          "AverageAttributedRatio-ip-app-os": 183,
          "AverageAttributedRatio-dev-os": 588,
          "AverageAttributedRatio-ip-dev-os": 378,
          "AverageAttributedRatio-app-dev-os": 492,
          "AverageAttributedRatio-ip-app-dev-os": 140,
          "AverageAttributedRatio-cha": 518,
          "AverageAttributedRatio-ip-cha": 237,
          "AverageAttributedRatio-app-cha": 498,
          "AverageAttributedRatio-ip-app-cha": 178,
          "AverageAttributedRatio-dev-cha": 319,
          "AverageAttributedRatio-ip-dev-cha": 195,
          "AverageAttributedRatio-app-dev-cha": 389,
          "AverageAttributedRatio-ip-app-dev-cha": 198,
          "AverageAttributedRatio-os-cha": 441,
          "AverageAttributedRatio-ip-os-cha": 107,
          "AverageAttributedRatio-app-os-cha": 562,
          "AverageAttributedRatio-ip-app-os-cha": 62,
          "AverageAttributedRatio-dev-os-cha": 436,
          "AverageAttributedRatio-ip-dev-os-cha": 86,
          "AverageAttributedRatio-app-dev-os-cha": 498,
          "AverageAttributedRatio-ip-app-dev-os-cha": 71,
          "KomakiLDA5NoDevice-ip-app-0": 2241,
          "KomakiLDA5NoDevice-ip-app-1": 1991,
          "KomakiLDA5NoDevice-ip-app-2": 1857,
          "KomakiLDA5NoDevice-ip-app-3": 1421,
          "KomakiLDA5NoDevice-ip-app-4": 1244,
          "KomakiLDA5NoDevice-ip-os-0": 1682,
          "KomakiLDA5NoDevice-ip-os-1": 1595,
          "KomakiLDA5NoDevice-ip-os-2": 1521,
          "KomakiLDA5NoDevice-ip-os-3": 1445,
          "KomakiLDA5NoDevice-ip-os-4": 1428,
          "KomakiLDA5NoDevice-ip-channel-0": 1669,
          "KomakiLDA5NoDevice-ip-channel-1": 1543,
          "KomakiLDA5NoDevice-ip-channel-2": 1636,
          "KomakiLDA5NoDevice-ip-channel-3": 1786,
          "KomakiLDA5NoDevice-ip-channel-4": 1806,
          "KomakiLDA5NoDevice-app-ip-0": 357,
          "KomakiLDA5NoDevice-app-ip-1": 316,
          "KomakiLDA5NoDevice-app-ip-2": 281,
          "KomakiLDA5NoDevice-app-ip-3": 305,
          "KomakiLDA5NoDevice-app-ip-4": 284,
          "KomakiLDA5NoDevice-app-os-0": 238,
          "KomakiLDA5NoDevice-app-os-1": 298,
          "KomakiLDA5NoDevice-app-os-2": 211,
          "KomakiLDA5NoDevice-app-os-3": 174,
          "KomakiLDA5NoDevice-app-os-4": 307,
          "KomakiLDA5NoDevice-app-channel-0": 213,
          "KomakiLDA5NoDevice-app-channel-1": 235,
          "KomakiLDA5NoDevice-app-channel-2": 267,
          "KomakiLDA5NoDevice-app-channel-3": 282,
          "KomakiLDA5NoDevice-app-channel-4": 152,
          "KomakiLDA5NoDevice-os-ip-0": 706,
          "KomakiLDA5NoDevice-os-ip-1": 442,
          "KomakiLDA5NoDevice-os-ip-2": 445,
          "KomakiLDA5NoDevice-os-ip-3": 409,
          "KomakiLDA5NoDevice-os-ip-4": 403,
          "KomakiLDA5NoDevice-os-app-0": 424,
          "KomakiLDA5NoDevice-os-app-1": 606,
          "KomakiLDA5NoDevice-os-app-2": 364,
          "KomakiLDA5NoDevice-os-app-3": 419,
          "KomakiLDA5NoDevice-os-app-4": 373,
          "KomakiLDA5NoDevice-os-channel-0": 535,
          "KomakiLDA5NoDevice-os-channel-1": 339,
          "KomakiLDA5NoDevice-os-channel-2": 371,
          "KomakiLDA5NoDevice-os-channel-3": 412,
          "KomakiLDA5NoDevice-os-channel-4": 350,
          "KomakiLDA5NoDevice-channel-ip-0": 461,
          "KomakiLDA5NoDevice-channel-ip-1": 523,
          "KomakiLDA5NoDevice-channel-ip-2": 487,
          "KomakiLDA5NoDevice-channel-ip-3": 559,
          "KomakiLDA5NoDevice-channel-ip-4": 443,
          "KomakiLDA5NoDevice-channel-app-0": 506,
          "KomakiLDA5NoDevice-channel-app-1": 330,
          "KomakiLDA5NoDevice-channel-app-2": 421,
          "KomakiLDA5NoDevice-channel-app-3": 409,
          "KomakiLDA5NoDevice-channel-app-4": 366,
          "KomakiLDA5NoDevice-channel-os-0": 558,
          "KomakiLDA5NoDevice-channel-os-1": 513,
          "KomakiLDA5NoDevice-channel-os-2": 475,
          "KomakiLDA5NoDevice-channel-os-3": 530,
          "KomakiLDA5NoDevice-channel-os-4": 441,
          "ItemUserLDA_0": 82,
          "ItemUserLDA_1": 137,
          "ItemUserLDA_2": 22,
          "ItemUserLDA_3": 140,
          "ItemUserLDA_4": 15,
          "ItemUserLDA_5": 103,
          "ItemUserLDA_6": 4,
          "ItemUserLDA_7": 0,
          "ItemUserLDA_8": 52,
          "ItemUserLDA_9": 11,
          "ItemUserLDA_10": 134,
          "ItemUserLDA_11": 11,
          "ItemUserLDA_12": 0,
          "ItemUserLDA_13": 85,
          "ItemUserLDA_14": 61,
          "ItemUserLDA_15": 92,
          "ItemUserLDA_16": 93,
          "ItemUserLDA_17": 84,
          "ItemUserLDA_18": 26,
          "ItemUserLDA_19": 122,
          "ItemUserLDA_20": 63,
          "ItemUserLDA_21": 36,
          "ItemUserLDA_22": 0,
          "ItemUserLDA_23": 87,
          "ItemUserLDA_24": 231,
          "ItemUserLDA_25": 71,
          "ItemUserLDA_26": 85,
          "ItemUserLDA_27": 134,
          "ItemUserLDA_28": 7,
          "ItemUserLDA_29": 57,
          "UserItemLDA_0": 473,
          "UserItemLDA_1": 274,
          "UserItemLDA_2": 164,
          "UserItemLDA_3": 106,
          "UserItemLDA_4": 319,
          "UserItemLDA_5": 58,
          "UserItemLDA_6": 104,
          "UserItemLDA_7": 109,
          "UserItemLDA_8": 126,
          "UserItemLDA_9": 320,
          "UserItemLDA_10": 135,
          "UserItemLDA_11": 75,
          "UserItemLDA_12": 286,
          "UserItemLDA_13": 264,
          "UserItemLDA_14": 199,
          "UserItemLDA_15": 158,
          "UserItemLDA_16": 81,
          "UserItemLDA_17": 149,
          "UserItemLDA_18": 141,
          "UserItemLDA_19": 197,
          "UserItemLDA_20": 220,
          "UserItemLDA_21": 399,
          "UserItemLDA_22": 324,
          "UserItemLDA_23": 185,
          "UserItemLDA_24": 97,
          "UserItemLDA_25": 41,
          "UserItemLDA_26": 48,
          "UserItemLDA_27": 213,
          "UserItemLDA_28": 138,
          "UserItemLDA_29": 5
        }
      },
      {
        "train_auc": 0.9939371958440721,
        "valid_auc": 0.9844727881303952,
        "best_iteration": 661,
        "train_time": 413.02715134620667,
        "feature_importance": {
          "app": 3546,
          "hour": 4009,
          "n_channels": 1254,
          "ip_app_count": 1437,
          "ip_app_os_count": 1361,
          "FutureClickCount_600-ip": 812,
          "FutureClickCount_600-app": 668,
          "FutureClickCount_600-ip-app": 268,
          "FutureClickCount_600-dev": 336,
          "FutureClickCount_600-ip-dev": 710,
          "FutureClickCount_600-app-dev": 508,
          "FutureClickCount_600-ip-app-dev": 251,
          "FutureClickCount_600-os": 487,
          "FutureClickCount_600-ip-os": 530,
          "FutureClickCount_600-app-os": 589,
          "FutureClickCount_600-ip-app-os": 268,
          "FutureClickCount_600-dev-os": 641,
          "FutureClickCount_600-ip-dev-os": 516,
          "FutureClickCount_600-app-dev-os": 777,
          "FutureClickCount_600-ip-app-dev-os": 384,
          "FutureClickCount_600-cha": 618,
          "FutureClickCount_600-ip-cha": 159,
          "FutureClickCount_600-app-cha": 836,
          "FutureClickCount_600-ip-app-cha": 149,
          "FutureClickCount_600-dev-cha": 456,
          "FutureClickCount_600-ip-dev-cha": 152,
          "FutureClickCount_600-app-dev-cha": 508,
          "FutureClickCount_600-ip-app-dev-cha": 128,
          "FutureClickCount_600-os-cha": 456,
          "FutureClickCount_600-ip-os-cha": 114,
          "FutureClickCount_600-app-os-cha": 523,
          "FutureClickCount_600-ip-app-os-cha": 115,
          "FutureClickCount_600-dev-os-cha": 456,
          "FutureClickCount_600-ip-dev-os-cha": 109,
          "FutureClickCount_600-app-dev-os-cha": 426,
          "FutureClickCount_600-ip-app-dev-os-cha": 89,
          "FutureClickCount_4800-ip": 1215,
          "FutureClickCount_4800-app": 458,
          "FutureClickCount_4800-ip-app": 414,
          "FutureClickCount_4800-dev": 114,
          "FutureClickCount_4800-ip-dev": 1221,
          "FutureClickCount_4800-app-dev": 328,
          "FutureClickCount_4800-ip-app-dev": 348,
          "FutureClickCount_4800-os": 253,
          "FutureClickCount_4800-ip-os": 822,
          "FutureClickCount_4800-app-os": 471,
          "FutureClickCount_4800-ip-app-os": 336,
          "FutureClickCount_4800-dev-os": 301,
          "FutureClickCount_4800-ip-dev-os": 823,
          "FutureClickCount_4800-app-dev-os": 591,
          "FutureClickCount_4800-ip-app-dev-os": 438,
          "FutureClickCount_4800-cha": 440,
          "FutureClickCount_4800-ip-cha": 287,
          "FutureClickCount_4800-app-cha": 784,
          "FutureClickCount_4800-ip-app-cha": 237,
          "FutureClickCount_4800-dev-cha": 367,
          "FutureClickCount_4800-ip-dev-cha": 262,
          "FutureClickCount_4800-app-dev-cha": 465,
          "FutureClickCount_4800-ip-app-dev-cha": 187,
          "FutureClickCount_4800-os-cha": 477,
          "FutureClickCount_4800-ip-os-cha": 130,
          "FutureClickCount_4800-app-os-cha": 447,
          "FutureClickCount_4800-ip-app-os-cha": 117,
          "FutureClickCount_4800-dev-os-cha": 414,
          "FutureClickCount_4800-ip-dev-os-cha": 126,
          "FutureClickCount_4800-app-dev-os-cha": 448,
          "FutureClickCount_4800-ip-app-dev-os-cha": 118,
          "NextClickTimeDelta-ip": 1003,
          "NextClickTimeDelta-app": 157,
          "NextClickTimeDelta-ip-app": 1158,
          "NextClickTimeDelta-dev": 71,
          "NextClickTimeDelta-ip-dev": 677,
          "NextClickTimeDelta-app-dev": 138,
          "NextClickTimeDelta-ip-app-dev": 781,
          "NextClickTimeDelta-os": 148,
          "NextClickTimeDelta-ip-os": 866,
          "NextClickTimeDelta-app-os": 321,
          "NextClickTimeDelta-ip-app-os": 1706,
          "NextClickTimeDelta-dev-os": 139,
          "NextClickTimeDelta-ip-dev-os": 569,
          "NextClickTimeDelta-app-dev-os": 249,
          "NextClickTimeDelta-ip-app-dev-os": 2606,
          "NextClickTimeDelta-cha": 185,
          "NextClickTimeDelta-ip-cha": 737,
          "NextClickTimeDelta-app-cha": 306,
          "NextClickTimeDelta-ip-app-cha": 619,
          "NextClickTimeDelta-dev-cha": 182,
          "NextClickTimeDelta-ip-dev-cha": 540,
          "NextClickTimeDelta-app-dev-cha": 208,
          "NextClickTimeDelta-ip-app-dev-cha": 430,
          "NextClickTimeDelta-os-cha": 378,
          "NextClickTimeDelta-ip-os-cha": 535,
          "NextClickTimeDelta-app-os-cha": 453,
          "NextClickTimeDelta-ip-app-os-cha": 613,
          "NextClickTimeDelta-dev-os-cha": 310,
          "NextClickTimeDelta-ip-dev-os-cha": 411,
          "NextClickTimeDelta-app-dev-os-cha": 325,
          "NextClickTimeDelta-ip-app-dev-os-cha": 581,
          "PrevClickTimeDelta-ip": 816,
          "PrevClickTimeDelta-app": 178,
          "PrevClickTimeDelta-ip-app": 658,
          "PrevClickTimeDelta-dev": 73,
          "PrevClickTimeDelta-ip-dev": 481,
          "PrevClickTimeDelta-app-dev": 130,
          "PrevClickTimeDelta-ip-app-dev": 403,
          "PrevClickTimeDelta-os": 161,
          "PrevClickTimeDelta-ip-os": 720,
          "PrevClickTimeDelta-app-os": 309,
          "PrevClickTimeDelta-ip-app-os": 522,
          "PrevClickTimeDelta-dev-os": 115,
          "PrevClickTimeDelta-ip-dev-os": 462,
          "PrevClickTimeDelta-app-dev-os": 239,
          "PrevClickTimeDelta-ip-app-dev-os": 457,
          "PrevClickTimeDelta-cha": 174,
          "PrevClickTimeDelta-ip-cha": 639,
          "PrevClickTimeDelta-app-cha": 266,
          "PrevClickTimeDelta-ip-app-cha": 416,
          "PrevClickTimeDelta-dev-cha": 165,
          "PrevClickTimeDelta-ip-dev-cha": 338,
          "PrevClickTimeDelta-app-dev-cha": 178,
          "PrevClickTimeDelta-ip-app-dev-cha": 346,
          "PrevClickTimeDelta-os-cha": 388,
          "PrevClickTimeDelta-ip-os-cha": 388,
          "PrevClickTimeDelta-app-os-cha": 372,
          "PrevClickTimeDelta-ip-app-os-cha": 331,
          "PrevClickTimeDelta-dev-os-cha": 301,
          "PrevClickTimeDelta-ip-dev-os-cha": 284,
          "PrevClickTimeDelta-app-dev-os-cha": 318,
          "PrevClickTimeDelta-ip-app-dev-os-cha": 213,
          "AverageAttributedRatio-ip": 675,
          "AverageAttributedRatio-app": 571,
          "AverageAttributedRatio-ip-app": 433,
          "AverageAttributedRatio-dev": 913,
          "AverageAttributedRatio-ip-dev": 629,
          "AverageAttributedRatio-app-dev": 379,
          "AverageAttributedRatio-ip-app-dev": 488,
          "AverageAttributedRatio-os": 583,
          "AverageAttributedRatio-ip-os": 409,
          "AverageAttributedRatio-app-os": 474,
          "AverageAttributedRatio-ip-app-os": 174,
          "AverageAttributedRatio-dev-os": 517,
          "AverageAttributedRatio-ip-dev-os": 396,
          "AverageAttributedRatio-app-dev-os": 536,
          "AverageAttributedRatio-ip-app-dev-os": 118,
          "AverageAttributedRatio-cha": 469,
          "AverageAttributedRatio-ip-cha": 214,
          "AverageAttributedRatio-app-cha": 463,
          "AverageAttributedRatio-ip-app-cha": 180,
          "AverageAttributedRatio-dev-cha": 352,
          "AverageAttributedRatio-ip-dev-cha": 167,
          "AverageAttributedRatio-app-dev-cha": 371,
          "AverageAttributedRatio-ip-app-dev-cha": 168,
          "AverageAttributedRatio-os-cha": 452,
          "AverageAttributedRatio-ip-os-cha": 87,
          "AverageAttributedRatio-app-os-cha": 573,
          "AverageAttributedRatio-ip-app-os-cha": 86,
          "AverageAttributedRatio-dev-os-cha": 414,
          "AverageAttributedRatio-ip-dev-os-cha": 82,
          "AverageAttributedRatio-app-dev-os-cha": 501,
          "AverageAttributedRatio-ip-app-dev-os-cha": 86,
          "KomakiLDA5NoDevice-ip-app-0": 2275,
          "KomakiLDA5NoDevice-ip-app-1": 1992,
          "KomakiLDA5NoDevice-ip-app-2": 1769,
          "KomakiLDA5NoDevice-ip-app-3": 1251,
          "KomakiLDA5NoDevice-ip-app-4": 1342,
          "KomakiLDA5NoDevice-ip-os-0": 1632,
          "KomakiLDA5NoDevice-ip-os-1": 1616,
          "KomakiLDA5NoDevice-ip-os-2": 1554,
          "KomakiLDA5NoDevice-ip-os-3": 1457,
          "KomakiLDA5NoDevice-ip-os-4": 1446,
          "KomakiLDA5NoDevice-ip-channel-0": 1687,
          "KomakiLDA5NoDevice-ip-channel-1": 1511,
          "KomakiLDA5NoDevice-ip-channel-2": 1639,
          "KomakiLDA5NoDevice-ip-channel-3": 1754,
          "KomakiLDA5NoDevice-ip-channel-4": 1687,
          "KomakiLDA5NoDevice-app-ip-0": 444,
          "KomakiLDA5NoDevice-app-ip-1": 313,
          "KomakiLDA5NoDevice-app-ip-2": 333,
          "KomakiLDA5NoDevice-app-ip-3": 292,
          "KomakiLDA5NoDevice-app-ip-4": 268,
          "KomakiLDA5NoDevice-app-os-0": 241,
          "KomakiLDA5NoDevice-app-os-1": 266,
          "KomakiLDA5NoDevice-app-os-2": 256,
          "KomakiLDA5NoDevice-app-os-3": 197,
          "KomakiLDA5NoDevice-app-os-4": 306,
          "KomakiLDA5NoDevice-app-channel-0": 231,
          "KomakiLDA5NoDevice-app-channel-1": 249,
          "KomakiLDA5NoDevice-app-channel-2": 266,
          "KomakiLDA5NoDevice-app-channel-3": 259,
          "KomakiLDA5NoDevice-app-channel-4": 140,
          "KomakiLDA5NoDevice-os-ip-0": 727,
          "KomakiLDA5NoDevice-os-ip-1": 399,
          "KomakiLDA5NoDevice-os-ip-2": 375,
          "KomakiLDA5NoDevice-os-ip-3": 400,
          "KomakiLDA5NoDevice-os-ip-4": 372,
          "KomakiLDA5NoDevice-os-app-0": 455,
          "KomakiLDA5NoDevice-os-app-1": 567,
          "KomakiLDA5NoDevice-os-app-2": 336,
          "KomakiLDA5NoDevice-os-app-3": 432,
          "KomakiLDA5NoDevice-os-app-4": 362,
          "KomakiLDA5NoDevice-os-channel-0": 470,
          "KomakiLDA5NoDevice-os-channel-1": 360,
          "KomakiLDA5NoDevice-os-channel-2": 357,
          "KomakiLDA5NoDevice-os-channel-3": 351,
          "KomakiLDA5NoDevice-os-channel-4": 298,
          "KomakiLDA5NoDevice-channel-ip-0": 414,
          "KomakiLDA5NoDevice-channel-ip-1": 580,
          "KomakiLDA5NoDevice-channel-ip-2": 497,
          "KomakiLDA5NoDevice-channel-ip-3": 486,
          "KomakiLDA5NoDevice-channel-ip-4": 470,
          "KomakiLDA5NoDevice-channel-app-0": 427,
          "KomakiLDA5NoDevice-channel-app-1": 359,
          "KomakiLDA5NoDevice-channel-app-2": 429,
          "KomakiLDA5NoDevice-channel-app-3": 346,
          "KomakiLDA5NoDevice-channel-app-4": 383,
          "KomakiLDA5NoDevice-channel-os-0": 526,
          "KomakiLDA5NoDevice-channel-os-1": 520,
          "KomakiLDA5NoDevice-channel-os-2": 451,
          "KomakiLDA5NoDevice-channel-os-3": 476,
          "KomakiLDA5NoDevice-channel-os-4": 432,
          "ItemUserLDA_0": 85,
          "ItemUserLDA_1": 105,
          "ItemUserLDA_2": 14,
          "ItemUserLDA_3": 91,
          "ItemUserLDA_4": 5,
          "ItemUserLDA_5": 102,
          "ItemUserLDA_6": 4,
          "ItemUserLDA_7": 1,
          "ItemUserLDA_8": 75,
          "ItemUserLDA_9": 17,
          "ItemUserLDA_10": 115,
          "ItemUserLDA_11": 13,
          "ItemUserLDA_12": 0,
          "ItemUserLDA_13": 85,
          "ItemUserLDA_14": 60,
          "ItemUserLDA_15": 110,
          "ItemUserLDA_16": 96,
          "ItemUserLDA_17": 85,
          "ItemUserLDA_18": 18,
          "ItemUserLDA_19": 119,
          "ItemUserLDA_20": 60,
          "ItemUserLDA_21": 33,
          "ItemUserLDA_22": 0,
          "ItemUserLDA_23": 86,
          "ItemUserLDA_24": 222,
          "ItemUserLDA_25": 74,
          "ItemUserLDA_26": 81,
          "ItemUserLDA_27": 166,
          "ItemUserLDA_28": 10,
          "ItemUserLDA_29": 59,
          "UserItemLDA_0": 389,
          "UserItemLDA_1": 269,
          "UserItemLDA_2": 167,
          "UserItemLDA_3": 93,
          "UserItemLDA_4": 285,
          "UserItemLDA_5": 66,
          "UserItemLDA_6": 111,
          "UserItemLDA_7": 101,
          "UserItemLDA_8": 153,
          "UserItemLDA_9": 277,
          "UserItemLDA_10": 137,
          "UserItemLDA_11": 81,
          "UserItemLDA_12": 337,
          "UserItemLDA_13": 283,
          "UserItemLDA_14": 210,
          "UserItemLDA_15": 134,
          "UserItemLDA_16": 71,
          "UserItemLDA_17": 120,
          "UserItemLDA_18": 137,
          "UserItemLDA_19": 185,
          "UserItemLDA_20": 199,
          "UserItemLDA_21": 388,
          "UserItemLDA_22": 298,
          "UserItemLDA_23": 185,
          "UserItemLDA_24": 143,
          "UserItemLDA_25": 15,
          "UserItemLDA_26": 83,
          "UserItemLDA_27": 234,
          "UserItemLDA_28": 128,
          "UserItemLDA_29": 6
        }
      },
      {
        "train_auc": 0.9938100224848436,
        "valid_auc": 0.9844931559123199,
        "best_iteration": 628,
        "train_time": 397.39710426330566,
        "feature_importance": {
          "app": 3318,
          "hour": 3869,
          "n_channels": 1254,
          "ip_app_count": 1383,
          "ip_app_os_count": 1202,
          "FutureClickCount_600-ip": 788,
          "FutureClickCount_600-app": 587,
          "FutureClickCount_600-ip-app": 254,
          "FutureClickCount_600-dev": 328,
          "FutureClickCount_600-ip-dev": 653,
          "FutureClickCount_600-app-dev": 502,
          "FutureClickCount_600-ip-app-dev": 206,
          "FutureClickCount_600-os": 425,
          "FutureClickCount_600-ip-os": 534,
          "FutureClickCount_600-app-os": 553,
          "FutureClickCount_600-ip-app-os": 282,
          "FutureClickCount_600-dev-os": 675,
          "FutureClickCount_600-ip-dev-os": 508,
          "FutureClickCount_600-app-dev-os": 623,
          "FutureClickCount_600-ip-app-dev-os": 390,
          "FutureClickCount_600-cha": 608,
          "FutureClickCount_600-ip-cha": 151,
          "FutureClickCount_600-app-cha": 817,
          "FutureClickCount_600-ip-app-cha": 128,
          "FutureClickCount_600-dev-cha": 412,
          "FutureClickCount_600-ip-dev-cha": 157,
          "FutureClickCount_600-app-dev-cha": 509,
          "FutureClickCount_600-ip-app-dev-cha": 107,
          "FutureClickCount_600-os-cha": 448,
          "FutureClickCount_600-ip-os-cha": 109,
          "FutureClickCount_600-app-os-cha": 477,
          "FutureClickCount_600-ip-app-os-cha": 91,
          "FutureClickCount_600-dev-os-cha": 397,
          "FutureClickCount_600-ip-dev-os-cha": 85,
          "FutureClickCount_600-app-dev-os-cha": 428,
          "FutureClickCount_600-ip-app-dev-os-cha": 75,
          "FutureClickCount_4800-ip": 1249,
          "FutureClickCount_4800-app": 423,
          "FutureClickCount_4800-ip-app": 396,
          "FutureClickCount_4800-dev": 84,
          "FutureClickCount_4800-ip-dev": 1285,
          "FutureClickCount_4800-app-dev": 219,
          "FutureClickCount_4800-ip-app-dev": 344,
          "FutureClickCount_4800-os": 204,
          "FutureClickCount_4800-ip-os": 779,
          "FutureClickCount_4800-app-os": 482,
          "FutureClickCount_4800-ip-app-os": 313,
          "FutureClickCount_4800-dev-os": 254,
          "FutureClickCount_4800-ip-dev-os": 776,
          "FutureClickCount_4800-app-dev-os": 612,
          "FutureClickCount_4800-ip-app-dev-os": 399,
          "FutureClickCount_4800-cha": 397,
          "FutureClickCount_4800-ip-cha": 258,
          "FutureClickCount_4800-app-cha": 711,
          "FutureClickCount_4800-ip-app-cha": 231,
          "FutureClickCount_4800-dev-cha": 334,
          "FutureClickCount_4800-ip-dev-cha": 223,
          "FutureClickCount_4800-app-dev-cha": 371,
          "FutureClickCount_4800-ip-app-dev-cha": 206,
          "FutureClickCount_4800-os-cha": 379,
          "FutureClickCount_4800-ip-os-cha": 126,
          "FutureClickCount_4800-app-os-cha": 468,
          "FutureClickCount_4800-ip-app-os-cha": 115,
          "FutureClickCount_4800-dev-os-cha": 342,
          "FutureClickCount_4800-ip-dev-os-cha": 137,
          "FutureClickCount_4800-app-dev-os-cha": 438,
          "FutureClickCount_4800-ip-app-dev-os-cha": 126,
          "NextClickTimeDelta-ip": 905,
          "NextClickTimeDelta-app": 184,
          "NextClickTimeDelta-ip-app": 1052,
          "NextClickTimeDelta-dev": 89,
          "NextClickTimeDelta-ip-dev": 644,
          "NextClickTimeDelta-app-dev": 149,
          "NextClickTimeDelta-ip-app-dev": 707,
          "NextClickTimeDelta-os": 128,
          "NextClickTimeDelta-ip-os": 788,
          "NextClickTimeDelta-app-os": 320,
          "NextClickTimeDelta-ip-app-os": 1662,
          "NextClickTimeDelta-dev-os": 92,
          "NextClickTimeDelta-ip-dev-os": 546,
          "NextClickTimeDelta-app-dev-os": 255,
          "NextClickTimeDelta-ip-app-dev-os": 2579,
          "NextClickTimeDelta-cha": 180,
          "NextClickTimeDelta-ip-cha": 694,
          "NextClickTimeDelta-app-cha": 273,
          "NextClickTimeDelta-ip-app-cha": 546,
          "NextClickTimeDelta-dev-cha": 214,
          "NextClickTimeDelta-ip-dev-cha": 514,
          "NextClickTimeDelta-app-dev-cha": 196,
          "NextClickTimeDelta-ip-app-dev-cha": 409,
          "NextClickTimeDelta-os-cha": 316,
          "NextClickTimeDelta-ip-os-cha": 552,
          "NextClickTimeDelta-app-os-cha": 404,
          "NextClickTimeDelta-ip-app-os-cha": 561,
          "NextClickTimeDelta-dev-os-cha": 289,
          "NextClickTimeDelta-ip-dev-os-cha": 365,
          "NextClickTimeDelta-app-dev-os-cha": 317,
          "NextClickTimeDelta-ip-app-dev-os-cha": 595,
          "PrevClickTimeDelta-ip": 807,
          "PrevClickTimeDelta-app": 190,
          "PrevClickTimeDelta-ip-app": 634,
          "PrevClickTimeDelta-dev": 97,
          "PrevClickTimeDelta-ip-dev": 502,
          "PrevClickTimeDelta-app-dev": 112,
          "PrevClickTimeDelta-ip-app-dev": 425,
          "PrevClickTimeDelta-os": 146,
          "PrevClickTimeDelta-ip-os": 725,
          "PrevClickTimeDelta-app-os": 317,
          "PrevClickTimeDelta-ip-app-os": 489,
          "PrevClickTimeDelta-dev-os": 97,
          "PrevClickTimeDelta-ip-dev-os": 441,
          "PrevClickTimeDelta-app-dev-os": 246,
          "PrevClickTimeDelta-ip-app-dev-os": 373,
          "PrevClickTimeDelta-cha": 175,
          "PrevClickTimeDelta-ip-cha": 590,
          "PrevClickTimeDelta-app-cha": 245,
          "PrevClickTimeDelta-ip-app-cha": 388,
          "PrevClickTimeDelta-dev-cha": 221,
          "PrevClickTimeDelta-ip-dev-cha": 385,
          "PrevClickTimeDelta-app-dev-cha": 175,
          "PrevClickTimeDelta-ip-app-dev-cha": 300,
          "PrevClickTimeDelta-os-cha": 346,
          "PrevClickTimeDelta-ip-os-cha": 307,
          "PrevClickTimeDelta-app-os-cha": 345,
          "PrevClickTimeDelta-ip-app-os-cha": 290,
          "PrevClickTimeDelta-dev-os-cha": 285,
          "PrevClickTimeDelta-ip-dev-os-cha": 262,
          "PrevClickTimeDelta-app-dev-os-cha": 299,
          "PrevClickTimeDelta-ip-app-dev-os-cha": 226,
          "AverageAttributedRatio-ip": 642,
          "AverageAttributedRatio-app": 505,
          "AverageAttributedRatio-ip-app": 415,
          "AverageAttributedRatio-dev": 890,
          "AverageAttributedRatio-ip-dev": 633,
          "AverageAttributedRatio-app-dev": 336,
          "AverageAttributedRatio-ip-app-dev": 475,
          "AverageAttributedRatio-os": 564,
          "AverageAttributedRatio-ip-os": 416,
          "AverageAttributedRatio-app-os": 411,
          "AverageAttributedRatio-ip-app-os": 123,
          "AverageAttributedRatio-dev-os": 488,
          "AverageAttributedRatio-ip-dev-os": 370,
          "AverageAttributedRatio-app-dev-os": 459,
          "AverageAttributedRatio-ip-app-dev-os": 137,
          "AverageAttributedRatio-cha": 462,
          "AverageAttributedRatio-ip-cha": 203,
          "AverageAttributedRatio-app-cha": 483,
          "AverageAttributedRatio-ip-app-cha": 152,
          "AverageAttributedRatio-dev-cha": 293,
          "AverageAttributedRatio-ip-dev-cha": 144,
          "AverageAttributedRatio-app-dev-cha": 369,
          "AverageAttributedRatio-ip-app-dev-cha": 122,
          "AverageAttributedRatio-os-cha": 487,
          "AverageAttributedRatio-ip-os-cha": 106,
          "AverageAttributedRatio-app-os-cha": 532,
          "AverageAttributedRatio-ip-app-os-cha": 82,
          "AverageAttributedRatio-dev-os-cha": 365,
          "AverageAttributedRatio-ip-dev-os-cha": 88,
          "AverageAttributedRatio-app-dev-os-cha": 538,
          "AverageAttributedRatio-ip-app-dev-os-cha": 60,
          "KomakiLDA5NoDevice-ip-app-0": 2162,
          "KomakiLDA5NoDevice-ip-app-1": 1767,
          "KomakiLDA5NoDevice-ip-app-2": 1670,
          "KomakiLDA5NoDevice-ip-app-3": 1220,
          "KomakiLDA5NoDevice-ip-app-4": 1143,
          "KomakiLDA5NoDevice-ip-os-0": 1449,
          "KomakiLDA5NoDevice-ip-os-1": 1539,
          "KomakiLDA5NoDevice-ip-os-2": 1491,
          "KomakiLDA5NoDevice-ip-os-3": 1261,
          "KomakiLDA5NoDevice-ip-os-4": 1354,
          "KomakiLDA5NoDevice-ip-channel-0": 1562,
          "KomakiLDA5NoDevice-ip-channel-1": 1433,
          "KomakiLDA5NoDevice-ip-channel-2": 1492,
          "KomakiLDA5NoDevice-ip-channel-3": 1729,
          "KomakiLDA5NoDevice-ip-channel-4": 1684,
          "KomakiLDA5NoDevice-app-ip-0": 427,
          "KomakiLDA5NoDevice-app-ip-1": 326,
          "KomakiLDA5NoDevice-app-ip-2": 305,
          "KomakiLDA5NoDevice-app-ip-3": 268,
          "KomakiLDA5NoDevice-app-ip-4": 273,
          "KomakiLDA5NoDevice-app-os-0": 203,
          "KomakiLDA5NoDevice-app-os-1": 243,
          "KomakiLDA5NoDevice-app-os-2": 246,
          "KomakiLDA5NoDevice-app-os-3": 183,
          "KomakiLDA5NoDevice-app-os-4": 295,
          "KomakiLDA5NoDevice-app-channel-0": 251,
          "KomakiLDA5NoDevice-app-channel-1": 204,
          "KomakiLDA5NoDevice-app-channel-2": 271,
          "KomakiLDA5NoDevice-app-channel-3": 260,
          "KomakiLDA5NoDevice-app-channel-4": 140,
          "KomakiLDA5NoDevice-os-ip-0": 644,
          "KomakiLDA5NoDevice-os-ip-1": 406,
          "KomakiLDA5NoDevice-os-ip-2": 363,
          "KomakiLDA5NoDevice-os-ip-3": 360,
          "KomakiLDA5NoDevice-os-ip-4": 411,
          "KomakiLDA5NoDevice-os-app-0": 415,
          "KomakiLDA5NoDevice-os-app-1": 550,
          "KomakiLDA5NoDevice-os-app-2": 296,
          "KomakiLDA5NoDevice-os-app-3": 340,
          "KomakiLDA5NoDevice-os-app-4": 339,
          "KomakiLDA5NoDevice-os-channel-0": 521,
          "KomakiLDA5NoDevice-os-channel-1": 359,
          "KomakiLDA5NoDevice-os-channel-2": 400,
          "KomakiLDA5NoDevice-os-channel-3": 406,
          "KomakiLDA5NoDevice-os-channel-4": 314,
          "KomakiLDA5NoDevice-channel-ip-0": 459,
          "KomakiLDA5NoDevice-channel-ip-1": 502,
          "KomakiLDA5NoDevice-channel-ip-2": 431,
          "KomakiLDA5NoDevice-channel-ip-3": 492,
          "KomakiLDA5NoDevice-channel-ip-4": 414,
          "KomakiLDA5NoDevice-channel-app-0": 415,
          "KomakiLDA5NoDevice-channel-app-1": 343,
          "KomakiLDA5NoDevice-channel-app-2": 393,
          "KomakiLDA5NoDevice-channel-app-3": 404,
          "KomakiLDA5NoDevice-channel-app-4": 340,
          "KomakiLDA5NoDevice-channel-os-0": 519,
          "KomakiLDA5NoDevice-channel-os-1": 470,
          "KomakiLDA5NoDevice-channel-os-2": 426,
          "KomakiLDA5NoDevice-channel-os-3": 456,
          "KomakiLDA5NoDevice-channel-os-4": 470,
          "ItemUserLDA_0": 88,
          "ItemUserLDA_1": 120,
          "ItemUserLDA_2": 25,
          "ItemUserLDA_3": 113,
          "ItemUserLDA_4": 12,
          "ItemUserLDA_5": 102,
          "ItemUserLDA_6": 1,
          "ItemUserLDA_7": 1,
          "ItemUserLDA_8": 52,
          "ItemUserLDA_9": 9,
          "ItemUserLDA_10": 118,
          "ItemUserLDA_11": 5,
          "ItemUserLDA_12": 0,
          "ItemUserLDA_13": 55,
          "ItemUserLDA_14": 51,
          "ItemUserLDA_15": 107,
          "ItemUserLDA_16": 111,
          "ItemUserLDA_17": 93,
          "ItemUserLDA_18": 33,
          "ItemUserLDA_19": 108,
          "ItemUserLDA_20": 48,
          "ItemUserLDA_21": 25,
          "ItemUserLDA_22": 0,
          "ItemUserLDA_23": 80,
          "ItemUserLDA_24": 218,
          "ItemUserLDA_25": 54,
          "ItemUserLDA_26": 96,
          "ItemUserLDA_27": 127,
          "ItemUserLDA_28": 4,
          "ItemUserLDA_29": 49,
          "UserItemLDA_0": 357,
          "UserItemLDA_1": 260,
          "UserItemLDA_2": 156,
          "UserItemLDA_3": 118,
          "UserItemLDA_4": 265,
          "UserItemLDA_5": 68,
          "UserItemLDA_6": 98,
          "UserItemLDA_7": 102,
          "UserItemLDA_8": 148,
          "UserItemLDA_9": 278,
          "UserItemLDA_10": 132,
          "UserItemLDA_11": 74,
          "UserItemLDA_12": 296,
          "UserItemLDA_13": 288,
          "UserItemLDA_14": 223,
          "UserItemLDA_15": 148,
          "UserItemLDA_16": 110,
          "UserItemLDA_17": 128,
          "UserItemLDA_18": 113,
          "UserItemLDA_19": 154,
          "UserItemLDA_20": 209,
          "UserItemLDA_21": 369,
          "UserItemLDA_22": 284,
          "UserItemLDA_23": 146,
          "UserItemLDA_24": 103,
          "UserItemLDA_25": 16,
          "UserItemLDA_26": 56,
          "UserItemLDA_27": 189,
          "UserItemLDA_28": 141,
          "UserItemLDA_29": 3
        }
      },
      {
        "train_auc": 0.9931649551698161,
        "valid_auc": 0.9846486284495288,
        "best_iteration": 549,
        "train_time": 360.15608644485474,
        "feature_importance": {
          "app": 3065,
          "hour": 3373,
          "n_channels": 1162,
          "ip_app_count": 1234,
          "ip_app_os_count": 1124,
          "FutureClickCount_600-ip": 643,
          "FutureClickCount_600-app": 512,
          "FutureClickCount_600-ip-app": 197,
          "FutureClickCount_600-dev": 317,
          "FutureClickCount_600-ip-dev": 571,
          "FutureClickCount_600-app-dev": 411,
          "FutureClickCount_600-ip-app-dev": 202,
          "FutureClickCount_600-os": 378,
          "FutureClickCount_600-ip-os": 436,
          "FutureClickCount_600-app-os": 495,
          "FutureClickCount_600-ip-app-os": 230,
          "FutureClickCount_600-dev-os": 609,
          "FutureClickCount_600-ip-dev-os": 439,
          "FutureClickCount_600-app-dev-os": 614,
          "FutureClickCount_600-ip-app-dev-os": 358,
          "FutureClickCount_600-cha": 588,
          "FutureClickCount_600-ip-cha": 147,
          "FutureClickCount_600-app-cha": 692,
          "FutureClickCount_600-ip-app-cha": 95,
          "FutureClickCount_600-dev-cha": 388,
          "FutureClickCount_600-ip-dev-cha": 110,
          "FutureClickCount_600-app-dev-cha": 428,
          "FutureClickCount_600-ip-app-dev-cha": 97,
          "FutureClickCount_600-os-cha": 364,
          "FutureClickCount_600-ip-os-cha": 100,
          "FutureClickCount_600-app-os-cha": 437,
          "FutureClickCount_600-ip-app-os-cha": 102,
          "FutureClickCount_600-dev-os-cha": 397,
          "FutureClickCount_600-ip-dev-os-cha": 74,
          "FutureClickCount_600-app-dev-os-cha": 364,
          "FutureClickCount_600-ip-app-dev-os-cha": 86,
          "FutureClickCount_4800-ip": 1080,
          "FutureClickCount_4800-app": 395,
          "FutureClickCount_4800-ip-app": 360,
          "FutureClickCount_4800-dev": 93,
          "FutureClickCount_4800-ip-dev": 1080,
          "FutureClickCount_4800-app-dev": 241,
          "FutureClickCount_4800-ip-app-dev": 319,
          "FutureClickCount_4800-os": 191,
          "FutureClickCount_4800-ip-os": 675,
          "FutureClickCount_4800-app-os": 420,
          "FutureClickCount_4800-ip-app-os": 312,
          "FutureClickCount_4800-dev-os": 236,
          "FutureClickCount_4800-ip-dev-os": 728,
          "FutureClickCount_4800-app-dev-os": 558,
          "FutureClickCount_4800-ip-app-dev-os": 370,
          "FutureClickCount_4800-cha": 381,
          "FutureClickCount_4800-ip-cha": 227,
          "FutureClickCount_4800-app-cha": 715,
          "FutureClickCount_4800-ip-app-cha": 179,
          "FutureClickCount_4800-dev-cha": 286,
          "FutureClickCount_4800-ip-dev-cha": 170,
          "FutureClickCount_4800-app-dev-cha": 359,
          "FutureClickCount_4800-ip-app-dev-cha": 151,
          "FutureClickCount_4800-os-cha": 358,
          "FutureClickCount_4800-ip-os-cha": 124,
          "FutureClickCount_4800-app-os-cha": 353,
          "FutureClickCount_4800-ip-app-os-cha": 99,
          "FutureClickCount_4800-dev-os-cha": 307,
          "FutureClickCount_4800-ip-dev-os-cha": 112,
          "FutureClickCount_4800-app-dev-os-cha": 368,
          "FutureClickCount_4800-ip-app-dev-os-cha": 57,
          "NextClickTimeDelta-ip": 863,
          "NextClickTimeDelta-app": 154,
          "NextClickTimeDelta-ip-app": 975,
          "NextClickTimeDelta-dev": 83,
          "NextClickTimeDelta-ip-dev": 555,
          "NextClickTimeDelta-app-dev": 133,
          "NextClickTimeDelta-ip-app-dev": 614,
          "NextClickTimeDelta-os": 146,
          "NextClickTimeDelta-ip-os": 756,
          "NextClickTimeDelta-app-os": 237,
          "NextClickTimeDelta-ip-app-os": 1584,
          "NextClickTimeDelta-dev-os": 130,
          "NextClickTimeDelta-ip-dev-os": 476,
          "NextClickTimeDelta-app-dev-os": 199,
          "NextClickTimeDelta-ip-app-dev-os": 2414,
          "NextClickTimeDelta-cha": 181,
          "NextClickTimeDelta-ip-cha": 573,
          "NextClickTimeDelta-app-cha": 278,
          "NextClickTimeDelta-ip-app-cha": 456,
          "NextClickTimeDelta-dev-cha": 138,
          "NextClickTimeDelta-ip-dev-cha": 448,
          "NextClickTimeDelta-app-dev-cha": 160,
          "NextClickTimeDelta-ip-app-dev-cha": 373,
          "NextClickTimeDelta-os-cha": 311,
          "NextClickTimeDelta-ip-os-cha": 414,
          "NextClickTimeDelta-app-os-cha": 381,
          "NextClickTimeDelta-ip-app-os-cha": 511,
          "NextClickTimeDelta-dev-os-cha": 238,
          "NextClickTimeDelta-ip-dev-os-cha": 325,
          "NextClickTimeDelta-app-dev-os-cha": 220,
          "NextClickTimeDelta-ip-app-dev-os-cha": 553,
          "PrevClickTimeDelta-ip": 729,
          "PrevClickTimeDelta-app": 163,
          "PrevClickTimeDelta-ip-app": 482,
          "PrevClickTimeDelta-dev": 69,
          "PrevClickTimeDelta-ip-dev": 415,
          "PrevClickTimeDelta-app-dev": 108,
          "PrevClickTimeDelta-ip-app-dev": 323,
          "PrevClickTimeDelta-os": 176,
          "PrevClickTimeDelta-ip-os": 553,
          "PrevClickTimeDelta-app-os": 259,
          "PrevClickTimeDelta-ip-app-os": 467,
          "PrevClickTimeDelta-dev-os": 107,
          "PrevClickTimeDelta-ip-dev-os": 374,
          "PrevClickTimeDelta-app-dev-os": 186,
          "PrevClickTimeDelta-ip-app-dev-os": 354,
          "PrevClickTimeDelta-cha": 128,
          "PrevClickTimeDelta-ip-cha": 474,
          "PrevClickTimeDelta-app-cha": 216,
          "PrevClickTimeDelta-ip-app-cha": 315,
          "PrevClickTimeDelta-dev-cha": 188,
          "PrevClickTimeDelta-ip-dev-cha": 238,
          "PrevClickTimeDelta-app-dev-cha": 160,
          "PrevClickTimeDelta-ip-app-dev-cha": 268,
          "PrevClickTimeDelta-os-cha": 276,
          "PrevClickTimeDelta-ip-os-cha": 271,
          "PrevClickTimeDelta-app-os-cha": 294,
          "PrevClickTimeDelta-ip-app-os-cha": 269,
          "PrevClickTimeDelta-dev-os-cha": 233,
          "PrevClickTimeDelta-ip-dev-os-cha": 209,
          "PrevClickTimeDelta-app-dev-os-cha": 248,
          "PrevClickTimeDelta-ip-app-dev-os-cha": 191,
          "AverageAttributedRatio-ip": 558,
          "AverageAttributedRatio-app": 453,
          "AverageAttributedRatio-ip-app": 397,
          "AverageAttributedRatio-dev": 758,
          "AverageAttributedRatio-ip-dev": 487,
          "AverageAttributedRatio-app-dev": 314,
          "AverageAttributedRatio-ip-app-dev": 462,
          "AverageAttributedRatio-os": 480,
          "AverageAttributedRatio-ip-os": 367,
          "AverageAttributedRatio-app-os": 391,
          "AverageAttributedRatio-ip-app-os": 133,
          "AverageAttributedRatio-dev-os": 403,
          "AverageAttributedRatio-ip-dev-os": 352,
          "AverageAttributedRatio-app-dev-os": 443,
          "AverageAttributedRatio-ip-app-dev-os": 102,
          "AverageAttributedRatio-cha": 404,
          "AverageAttributedRatio-ip-cha": 191,
          "AverageAttributedRatio-app-cha": 377,
          "AverageAttributedRatio-ip-app-cha": 141,
          "AverageAttributedRatio-dev-cha": 240,
          "AverageAttributedRatio-ip-dev-cha": 136,
          "AverageAttributedRatio-app-dev-cha": 327,
          "AverageAttributedRatio-ip-app-dev-cha": 125,
          "AverageAttributedRatio-os-cha": 370,
          "AverageAttributedRatio-ip-os-cha": 83,
          "AverageAttributedRatio-app-os-cha": 496,
          "AverageAttributedRatio-ip-app-os-cha": 70,
          "AverageAttributedRatio-dev-os-cha": 338,
          "AverageAttributedRatio-ip-dev-os-cha": 60,
          "AverageAttributedRatio-app-dev-os-cha": 485,
          "AverageAttributedRatio-ip-app-dev-os-cha": 51,
          "KomakiLDA5NoDevice-ip-app-0": 1948,
          "KomakiLDA5NoDevice-ip-app-1": 1579,
          "KomakiLDA5NoDevice-ip-app-2": 1456,
          "KomakiLDA5NoDevice-ip-app-3": 1087,
          "KomakiLDA5NoDevice-ip-app-4": 1068,
          "KomakiLDA5NoDevice-ip-os-0": 1352,
          "KomakiLDA5NoDevice-ip-os-1": 1324,
          "KomakiLDA5NoDevice-ip-os-2": 1305,
          "KomakiLDA5NoDevice-ip-os-3": 1147,
          "KomakiLDA5NoDevice-ip-os-4": 1189,
          "KomakiLDA5NoDevice-ip-channel-0": 1277,
          "KomakiLDA5NoDevice-ip-channel-1": 1225,
          "KomakiLDA5NoDevice-ip-channel-2": 1341,
          "KomakiLDA5NoDevice-ip-channel-3": 1538,
          "KomakiLDA5NoDevice-ip-channel-4": 1399,
          "KomakiLDA5NoDevice-app-ip-0": 354,
          "KomakiLDA5NoDevice-app-ip-1": 275,
          "KomakiLDA5NoDevice-app-ip-2": 253,
          "KomakiLDA5NoDevice-app-ip-3": 268,
          "KomakiLDA5NoDevice-app-ip-4": 241,
          "KomakiLDA5NoDevice-app-os-0": 176,
          "KomakiLDA5NoDevice-app-os-1": 252,
          "KomakiLDA5NoDevice-app-os-2": 235,
          "KomakiLDA5NoDevice-app-os-3": 168,
          "KomakiLDA5NoDevice-app-os-4": 310,
          "KomakiLDA5NoDevice-app-channel-0": 184,
          "KomakiLDA5NoDevice-app-channel-1": 182,
          "KomakiLDA5NoDevice-app-channel-2": 261,
          "KomakiLDA5NoDevice-app-channel-3": 224,
          "KomakiLDA5NoDevice-app-channel-4": 122,
          "KomakiLDA5NoDevice-os-ip-0": 588,
          "KomakiLDA5NoDevice-os-ip-1": 412,
          "KomakiLDA5NoDevice-os-ip-2": 303,
          "KomakiLDA5NoDevice-os-ip-3": 329,
          "KomakiLDA5NoDevice-os-ip-4": 348,
          "KomakiLDA5NoDevice-os-app-0": 366,
          "KomakiLDA5NoDevice-os-app-1": 470,
          "KomakiLDA5NoDevice-os-app-2": 289,
          "KomakiLDA5NoDevice-os-app-3": 325,
          "KomakiLDA5NoDevice-os-app-4": 278,
          "KomakiLDA5NoDevice-os-channel-0": 478,
          "KomakiLDA5NoDevice-os-channel-1": 293,
          "KomakiLDA5NoDevice-os-channel-2": 319,
          "KomakiLDA5NoDevice-os-channel-3": 334,
          "KomakiLDA5NoDevice-os-channel-4": 325,
          "KomakiLDA5NoDevice-channel-ip-0": 364,
          "KomakiLDA5NoDevice-channel-ip-1": 403,
          "KomakiLDA5NoDevice-channel-ip-2": 426,
          "KomakiLDA5NoDevice-channel-ip-3": 459,
          "KomakiLDA5NoDevice-channel-ip-4": 382,
          "KomakiLDA5NoDevice-channel-app-0": 371,
          "KomakiLDA5NoDevice-channel-app-1": 291,
          "KomakiLDA5NoDevice-channel-app-2": 383,
          "KomakiLDA5NoDevice-channel-app-3": 358,
          "KomakiLDA5NoDevice-channel-app-4": 335,
          "KomakiLDA5NoDevice-channel-os-0": 425,
          "KomakiLDA5NoDevice-channel-os-1": 460,
          "KomakiLDA5NoDevice-channel-os-2": 377,
          "KomakiLDA5NoDevice-channel-os-3": 384,
          "KomakiLDA5NoDevice-channel-os-4": 405,
          "ItemUserLDA_0": 86,
          "ItemUserLDA_1": 131,
          "ItemUserLDA_2": 21,
          "ItemUserLDA_3": 105,
          "ItemUserLDA_4": 9,
          "ItemUserLDA_5": 93,
          "ItemUserLDA_6": 9,
          "ItemUserLDA_7": 2,
          "ItemUserLDA_8": 64,
          "ItemUserLDA_9": 23,
          "ItemUserLDA_10": 93,
          "ItemUserLDA_11": 6,
          "ItemUserLDA_12": 0,
          "ItemUserLDA_13": 71,
          "ItemUserLDA_14": 78,
          "ItemUserLDA_15": 89,
          "ItemUserLDA_16": 90,
          "ItemUserLDA_17": 85,
          "ItemUserLDA_18": 13,
          "ItemUserLDA_19": 108,
          "ItemUserLDA_20": 48,
          "ItemUserLDA_21": 22,
          "ItemUserLDA_22": 0,
          "ItemUserLDA_23": 70,
          "ItemUserLDA_24": 208,
          "ItemUserLDA_25": 73,
          "ItemUserLDA_26": 102,
          "ItemUserLDA_27": 124,
          "ItemUserLDA_28": 5,
          "ItemUserLDA_29": 51,
          "UserItemLDA_0": 383,
          "UserItemLDA_1": 192,
          "UserItemLDA_2": 116,
          "UserItemLDA_3": 77,
          "UserItemLDA_4": 232,
          "UserItemLDA_5": 61,
          "UserItemLDA_6": 84,
          "UserItemLDA_7": 90,
          "UserItemLDA_8": 121,
          "UserItemLDA_9": 228,
          "UserItemLDA_10": 119,
          "UserItemLDA_11": 66,
          "UserItemLDA_12": 278,
          "UserItemLDA_13": 192,
          "UserItemLDA_14": 179,
          "UserItemLDA_15": 147,
          "UserItemLDA_16": 79,
          "UserItemLDA_17": 115,
          "UserItemLDA_18": 107,
          "UserItemLDA_19": 108,
          "UserItemLDA_20": 207,
          "UserItemLDA_21": 305,
          "UserItemLDA_22": 238,
          "UserItemLDA_23": 146,
          "UserItemLDA_24": 106,
          "UserItemLDA_25": 17,
          "UserItemLDA_26": 60,
          "UserItemLDA_27": 166,
          "UserItemLDA_28": 124,
          "UserItemLDA_29": 1
        }
      }
    ],
    "average_train_auc": 0.9936997117207482,
    "average_valid_auc": 0.9845828019009726,
    "train_auc_std": 0.00030917547017722644,
    "valid_auc_std": 8.176580405682844e-05,
    "average_train_time": 394.81859641075135
  },
  "config": {
    "features": [
      "app",
      "hour",
      "count",
      "future_click_count_10",
      "future_click_count_80",
      "next_click_time_delta",
      "prev_click_time_delta",
      "average_attributed_ratio",
      "komaki_lda_5_no_device",
      "item_user_lda_30",
      "user_item_lda_30"
    ],
    "model": {
      "name": "lightgbm",
      "model_params": {
        "boosting_type": "gbdt",
        "objective": "binary",
        "metric": "auc",
        "learning_rate": 0.03,
        "num_leaves": 255,
        "max_depth": 8,
        "min_child_samples": 10,
        "max_bin": 100,
        "subsample": 0.7,
        "subsample_freq": 1,
        "colsample_bytree": 0.7,
        "min_child_weight": 0,
        "subsample_for_bin": 200000,
        "min_split_gain": 0,
        "reg_alpha": 0,
        "reg_lambda": 0,
        "verbose": 0
      },
      "train_params": {
        "num_boost_round": 1000,
        "early_stopping_rounds": 30
      }
    },
    "dataset": {
      "input_directory": "data/input/",
      "cache_directory": "data/working/",
      "validation_ratio": 0.33333333333,
      "full_data_train": true,
      "files": {
        "train": "train.feather",
        "test": "old_test.feather"
      },
      "negative_down_sampling": {
        "enabled": true,
        "bagging_size": 5,
        "random_state": 114514
      }
    },
    "note": "45 - pca - nmf"
  }
}