{
  "training": {
    "trials": [
      {
        "train_auc": 0.9900180179945766,
        "valid_auc": 0.9858472220137464,
        "best_iteration": 230,
        "train_time": 1009.9029276371002,
        "prediction_time": {
          "test": 326.3497734069824,
          "valid": 4.76837158203125e-07
        },
        "feature_importance": {
          "ip": 1322,
          "os": 634,
          "app": 684,
          "channel": 1106,
          "device": 105,
          "hour": 812,
          "n_channels": 581,
          "ip_app_count": 644,
          "ip_app_os_count": 375,
          "FutureClickCount_600-ip": 392,
          "FutureClickCount_600-app": 279,
          "FutureClickCount_600-ip-app": 76,
          "FutureClickCount_600-dev": 64,
          "FutureClickCount_600-ip-dev": 254,
          "FutureClickCount_600-app-dev": 283,
          "FutureClickCount_600-ip-app-dev": 79,
          "FutureClickCount_600-os": 199,
          "FutureClickCount_600-ip-os": 131,
          "FutureClickCount_600-app-os": 201,
          "FutureClickCount_600-ip-app-os": 26,
          "FutureClickCount_600-dev-os": 289,
          "FutureClickCount_600-ip-dev-os": 139,
          "FutureClickCount_600-app-dev-os": 267,
          "FutureClickCount_600-ip-app-dev-os": 59,
          "FutureClickCount_600-cha": 204,
          "FutureClickCount_600-ip-cha": 41,
          "FutureClickCount_600-app-cha": 267,
          "FutureClickCount_600-ip-app-cha": 27,
          "FutureClickCount_600-dev-cha": 188,
          "FutureClickCount_600-ip-dev-cha": 37,
          "FutureClickCount_600-app-dev-cha": 175,
          "FutureClickCount_600-ip-app-dev-cha": 22,
          "FutureClickCount_600-os-cha": 113,
          "FutureClickCount_600-ip-os-cha": 15,
          "FutureClickCount_600-app-os-cha": 155,
          "FutureClickCount_600-ip-app-os-cha": 16,
          "FutureClickCount_600-dev-os-cha": 137,
          "FutureClickCount_600-ip-dev-os-cha": 20,
          "FutureClickCount_600-app-dev-os-cha": 137,
          "FutureClickCount_600-ip-app-dev-os-cha": 14,
          "FutureClickCount_4800-ip": 630,
          "FutureClickCount_4800-app": 173,
          "FutureClickCount_4800-ip-app": 141,
          "FutureClickCount_4800-dev": 52,
          "FutureClickCount_4800-ip-dev": 370,
          "FutureClickCount_4800-app-dev": 141,
          "FutureClickCount_4800-ip-app-dev": 85,
          "FutureClickCount_4800-os": 96,
          "FutureClickCount_4800-ip-os": 203,
          "FutureClickCount_4800-app-os": 172,
          "FutureClickCount_4800-ip-app-os": 78,
          "FutureClickCount_4800-dev-os": 137,
          "FutureClickCount_4800-ip-dev-os": 353,
          "FutureClickCount_4800-app-dev-os": 228,
          "FutureClickCount_4800-ip-app-dev-os": 73,
          "FutureClickCount_4800-cha": 186,
          "FutureClickCount_4800-ip-cha": 96,
          "FutureClickCount_4800-app-cha": 235,
          "FutureClickCount_4800-ip-app-cha": 67,
          "FutureClickCount_4800-dev-cha": 152,
          "FutureClickCount_4800-ip-dev-cha": 91,
          "FutureClickCount_4800-app-dev-cha": 173,
          "FutureClickCount_4800-ip-app-dev-cha": 58,
          "FutureClickCount_4800-os-cha": 140,
          "FutureClickCount_4800-ip-os-cha": 42,
          "FutureClickCount_4800-app-os-cha": 144,
          "FutureClickCount_4800-ip-app-os-cha": 37,
          "FutureClickCount_4800-dev-os-cha": 165,
          "FutureClickCount_4800-ip-dev-os-cha": 34,
          "FutureClickCount_4800-app-dev-os-cha": 129,
          "FutureClickCount_4800-ip-app-dev-os-cha": 21,
          "NextClickTimeDeltaV3-ip": 261,
          "NextClickTimeDeltaV3-app": 24,
          "NextClickTimeDeltaV3-ip-app": 310,
          "NextClickTimeDeltaV3-dev": 13,
          "NextClickTimeDeltaV3-ip-dev": 230,
          "NextClickTimeDeltaV3-app-dev": 40,
          "NextClickTimeDeltaV3-ip-app-dev": 177,
          "NextClickTimeDeltaV3-os": 43,
          "NextClickTimeDeltaV3-ip-os": 247,
          "NextClickTimeDeltaV3-app-os": 94,
          "NextClickTimeDeltaV3-ip-app-os": 496,
          "NextClickTimeDeltaV3-dev-os": 35,
          "NextClickTimeDeltaV3-ip-dev-os": 225,
          "NextClickTimeDeltaV3-app-dev-os": 78,
          "NextClickTimeDeltaV3-ip-app-dev-os": 791,
          "NextClickTimeDeltaV3-cha": 28,
          "NextClickTimeDeltaV3-ip-cha": 200,
          "NextClickTimeDeltaV3-app-cha": 51,
          "NextClickTimeDeltaV3-ip-app-cha": 167,
          "NextClickTimeDeltaV3-dev-cha": 24,
          "NextClickTimeDeltaV3-ip-dev-cha": 166,
          "NextClickTimeDeltaV3-app-dev-cha": 65,
          "NextClickTimeDeltaV3-ip-app-dev-cha": 152,
          "NextClickTimeDeltaV3-os-cha": 87,
          "NextClickTimeDeltaV3-ip-os-cha": 147,
          "NextClickTimeDeltaV3-app-os-cha": 129,
          "NextClickTimeDeltaV3-ip-app-os-cha": 162,
          "NextClickTimeDeltaV3-dev-os-cha": 90,
          "NextClickTimeDeltaV3-ip-dev-os-cha": 163,
          "NextClickTimeDeltaV3-app-dev-os-cha": 122,
          "NextClickTimeDeltaV3-ip-app-dev-os-cha": 183,
          "PrevClickTimeDeltaV3-ip": 304,
          "PrevClickTimeDeltaV3-app": 24,
          "PrevClickTimeDeltaV3-ip-app": 194,
          "PrevClickTimeDeltaV3-dev": 29,
          "PrevClickTimeDeltaV3-ip-dev": 186,
          "PrevClickTimeDeltaV3-app-dev": 30,
          "PrevClickTimeDeltaV3-ip-app-dev": 138,
          "PrevClickTimeDeltaV3-os": 20,
          "PrevClickTimeDeltaV3-ip-os": 223,
          "PrevClickTimeDeltaV3-app-os": 67,
          "PrevClickTimeDeltaV3-ip-app-os": 142,
          "PrevClickTimeDeltaV3-dev-os": 34,
          "PrevClickTimeDeltaV3-ip-dev-os": 177,
          "PrevClickTimeDeltaV3-app-dev-os": 74,
          "PrevClickTimeDeltaV3-ip-app-dev-os": 125,
          "PrevClickTimeDeltaV3-cha": 27,
          "PrevClickTimeDeltaV3-ip-cha": 184,
          "PrevClickTimeDeltaV3-app-cha": 55,
          "PrevClickTimeDeltaV3-ip-app-cha": 135,
          "PrevClickTimeDeltaV3-dev-cha": 56,
          "PrevClickTimeDeltaV3-ip-dev-cha": 161,
          "PrevClickTimeDeltaV3-app-dev-cha": 39,
          "PrevClickTimeDeltaV3-ip-app-dev-cha": 125,
          "PrevClickTimeDeltaV3-os-cha": 110,
          "PrevClickTimeDeltaV3-ip-os-cha": 122,
          "PrevClickTimeDeltaV3-app-os-cha": 112,
          "PrevClickTimeDeltaV3-ip-app-os-cha": 124,
          "PrevClickTimeDeltaV3-dev-os-cha": 98,
          "PrevClickTimeDeltaV3-ip-dev-os-cha": 92,
          "PrevClickTimeDeltaV3-app-dev-os-cha": 104,
          "PrevClickTimeDeltaV3-ip-app-dev-os-cha": 105,
          "ExactSameClick-ip-app-dev-os-cha": 197,
          "ExactSameClickId-ip-app-dev-os-cha": 146
        }
      }
    ],
    "average_train_auc": 0.9900180179945766,
    "average_valid_auc": 0.9858472220137464,
    "train_auc_std": 0.0,
    "valid_auc_std": 0.0,
    "average_train_time": 1009.9029276371002
  },
  "config": {
    "features": [
      "ip",
      "os",
      "app",
      "channel",
      "device",
      "hour",
      "count",
      "future_click_count_10",
      "future_click_count_80",
      "next_click_time_delta_v3",
      "prev_click_time_delta_v3",
      "exact_same_click",
      "exact_same_click_id"
    ],
    "model": {
      "name": "lightgbm",
      "model_params": {
        "boosting_type": "gbdt",
        "objective": "binary",
        "metric": "auc",
        "learning_rate": 0.1,
        "num_leaves": 255,
        "max_depth": 8,
        "min_child_samples": 100,
        "max_bin": 100,
        "subsample": 0.7,
        "subsample_freq": 1,
        "colsample_bytree": 0.7,
        "min_child_weight": 0,
        "subsample_for_bin": 200000,
        "min_split_gain": 0,
        "reg_alpha": 0,
        "reg_lambda": 0,
        "verbose": 0
      },
      "train_params": {
        "num_boost_round": 350,
        "early_stopping_rounds": 30
      }
    },
    "dataset": {
      "input_directory": "data/input/",
      "cache_directory": "data/working/",
      "files": {
        "train": "train_0.feather",
        "valid": "valid_0.feather",
        "test_full": "old_test.feather",
        "test_submission": "test.feather"
      },
      "negative_down_sampling": {
        "enabled": true,
        "bagging_size": 1,
        "random_state": 114514
      }
    }
  }
}