{
  "training": {
    "trials": [
      {
        "train_auc": 0.9905263891865785,
        "valid_auc": 0.9864476355794747,
        "best_iteration": 200,
        "train_time": 550.9990317821503,
        "prediction_time": {
          "test": 420.512389421463
        },
        "feature_importance": {
          "ip": 1157,
          "os": 382,
          "app": 465,
          "channel": 931,
          "hour": 604,
          "n_channels": 366,
          "ip_app_count": 273,
          "ip_app_os_count": 218,
          "FutureClickCount_600-ip": 185,
          "FutureClickCount_600-app": 97,
          "FutureClickCount_600-ip-app": 34,
          "FutureClickCount_600-dev": 14,
          "FutureClickCount_600-ip-dev": 125,
          "FutureClickCount_600-app-dev": 109,
          "FutureClickCount_600-ip-app-dev": 36,
          "FutureClickCount_600-os": 59,
          "FutureClickCount_600-ip-os": 85,
          "FutureClickCount_600-app-os": 69,
          "FutureClickCount_600-ip-app-os": 50,
          "FutureClickCount_600-dev-os": 166,
          "FutureClickCount_600-ip-dev-os": 78,
          "FutureClickCount_600-app-dev-os": 152,
          "FutureClickCount_600-ip-app-dev-os": 78,
          "FutureClickCount_600-cha": 96,
          "FutureClickCount_600-ip-cha": 29,
          "FutureClickCount_600-app-cha": 117,
          "FutureClickCount_600-ip-app-cha": 20,
          "FutureClickCount_600-dev-cha": 85,
          "FutureClickCount_600-ip-dev-cha": 19,
          "FutureClickCount_600-app-dev-cha": 96,
          "FutureClickCount_600-ip-app-dev-cha": 12,
          "FutureClickCount_600-os-cha": 50,
          "FutureClickCount_600-ip-os-cha": 10,
          "FutureClickCount_600-app-os-cha": 54,
          "FutureClickCount_600-ip-app-os-cha": 14,
          "FutureClickCount_600-dev-os-cha": 71,
          "FutureClickCount_600-ip-dev-os-cha": 15,
          "FutureClickCount_600-app-dev-os-cha": 62,
          "FutureClickCount_600-ip-app-dev-os-cha": 18,
          "FutureClickCount_4800-ip": 316,
          "FutureClickCount_4800-app": 65,
          "FutureClickCount_4800-ip-app": 91,
          "FutureClickCount_4800-dev": 20,
          "FutureClickCount_4800-ip-dev": 219,
          "FutureClickCount_4800-app-dev": 40,
          "FutureClickCount_4800-ip-app-dev": 56,
          "FutureClickCount_4800-os": 42,
          "FutureClickCount_4800-ip-os": 127,
          "FutureClickCount_4800-app-os": 70,
          "FutureClickCount_4800-ip-app-os": 43,
          "FutureClickCount_4800-dev-os": 64,
          "FutureClickCount_4800-ip-dev-os": 173,
          "FutureClickCount_4800-app-dev-os": 142,
          "FutureClickCount_4800-ip-app-dev-os": 72,
          "FutureClickCount_4800-cha": 58,
          "FutureClickCount_4800-ip-cha": 63,
          "FutureClickCount_4800-app-cha": 95,
          "FutureClickCount_4800-ip-app-cha": 38,
          "FutureClickCount_4800-dev-cha": 56,
          "FutureClickCount_4800-ip-dev-cha": 45,
          "FutureClickCount_4800-app-dev-cha": 63,
          "FutureClickCount_4800-ip-app-dev-cha": 33,
          "FutureClickCount_4800-os-cha": 53,
          "FutureClickCount_4800-ip-os-cha": 22,
          "FutureClickCount_4800-app-os-cha": 64,
          "FutureClickCount_4800-ip-app-os-cha": 14,
          "FutureClickCount_4800-dev-os-cha": 78,
          "FutureClickCount_4800-ip-dev-os-cha": 23,
          "FutureClickCount_4800-app-dev-os-cha": 69,
          "FutureClickCount_4800-ip-app-dev-os-cha": 11,
          "NextClickTimeDelta-ip": 131,
          "NextClickTimeDelta-app": 8,
          "NextClickTimeDelta-ip-app": 194,
          "NextClickTimeDelta-dev": 7,
          "NextClickTimeDelta-ip-dev": 114,
          "NextClickTimeDelta-app-dev": 14,
          "NextClickTimeDelta-ip-app-dev": 136,
          "NextClickTimeDelta-os": 19,
          "NextClickTimeDelta-ip-os": 129,
          "NextClickTimeDelta-app-os": 39,
          "NextClickTimeDelta-ip-app-os": 383,
          "NextClickTimeDelta-dev-os": 16,
          "NextClickTimeDelta-ip-dev-os": 116,
          "NextClickTimeDelta-app-dev-os": 41,
          "NextClickTimeDelta-ip-app-dev-os": 692,
          "NextClickTimeDelta-cha": 14,
          "NextClickTimeDelta-ip-cha": 118,
          "NextClickTimeDelta-app-cha": 33,
          "NextClickTimeDelta-ip-app-cha": 92,
          "NextClickTimeDelta-dev-cha": 15,
          "NextClickTimeDelta-ip-dev-cha": 86,
          "NextClickTimeDelta-app-dev-cha": 21,
          "NextClickTimeDelta-ip-app-dev-cha": 83,
          "NextClickTimeDelta-os-cha": 47,
          "NextClickTimeDelta-ip-os-cha": 80,
          "NextClickTimeDelta-app-os-cha": 43,
          "NextClickTimeDelta-ip-app-os-cha": 129,
          "NextClickTimeDelta-dev-os-cha": 47,
          "NextClickTimeDelta-ip-dev-os-cha": 89,
          "NextClickTimeDelta-app-dev-os-cha": 60,
          "NextClickTimeDelta-ip-app-dev-os-cha": 144,
          "PrevClickTimeDelta-ip": 115,
          "PrevClickTimeDelta-app": 23,
          "PrevClickTimeDelta-ip-app": 87,
          "PrevClickTimeDelta-dev": 5,
          "PrevClickTimeDelta-ip-dev": 97,
          "PrevClickTimeDelta-app-dev": 13,
          "PrevClickTimeDelta-ip-app-dev": 95,
          "PrevClickTimeDelta-os": 11,
          "PrevClickTimeDelta-ip-os": 127,
          "PrevClickTimeDelta-app-os": 26,
          "PrevClickTimeDelta-ip-app-os": 79,
          "PrevClickTimeDelta-dev-os": 12,
          "PrevClickTimeDelta-ip-dev-os": 83,
          "PrevClickTimeDelta-app-dev-os": 25,
          "PrevClickTimeDelta-ip-app-dev-os": 78,
          "PrevClickTimeDelta-cha": 6,
          "PrevClickTimeDelta-ip-cha": 88,
          "PrevClickTimeDelta-app-cha": 23,
          "PrevClickTimeDelta-ip-app-cha": 62,
          "PrevClickTimeDelta-dev-cha": 13,
          "PrevClickTimeDelta-ip-dev-cha": 62,
          "PrevClickTimeDelta-app-dev-cha": 29,
          "PrevClickTimeDelta-ip-app-dev-cha": 73,
          "PrevClickTimeDelta-os-cha": 39,
          "PrevClickTimeDelta-ip-os-cha": 79,
          "PrevClickTimeDelta-app-os-cha": 53,
          "PrevClickTimeDelta-ip-app-os-cha": 65,
          "PrevClickTimeDelta-dev-os-cha": 45,
          "PrevClickTimeDelta-ip-dev-os-cha": 64,
          "PrevClickTimeDelta-app-dev-os-cha": 52,
          "PrevClickTimeDelta-ip-app-dev-os-cha": 43,
          "AverageAttributedRatio-ip": 97,
          "AverageAttributedRatio-app": 74,
          "AverageAttributedRatio-ip-app": 52,
          "AverageAttributedRatio-dev": 158,
          "AverageAttributedRatio-ip-dev": 80,
          "AverageAttributedRatio-app-dev": 74,
          "AverageAttributedRatio-ip-app-dev": 84,
          "AverageAttributedRatio-os": 90,
          "AverageAttributedRatio-ip-os": 48,
          "AverageAttributedRatio-app-os": 83,
          "AverageAttributedRatio-ip-app-os": 13,
          "AverageAttributedRatio-dev-os": 86,
          "AverageAttributedRatio-ip-dev-os": 42,
          "AverageAttributedRatio-app-dev-os": 124,
          "AverageAttributedRatio-ip-app-dev-os": 16,
          "AverageAttributedRatio-cha": 66,
          "AverageAttributedRatio-ip-cha": 21,
          "AverageAttributedRatio-app-cha": 82,
          "AverageAttributedRatio-ip-app-cha": 19,
          "AverageAttributedRatio-dev-cha": 56,
          "AverageAttributedRatio-ip-dev-cha": 19,
          "AverageAttributedRatio-app-dev-cha": 89,
          "AverageAttributedRatio-ip-app-dev-cha": 18,
          "AverageAttributedRatio-os-cha": 84,
          "AverageAttributedRatio-ip-os-cha": 9,
          "AverageAttributedRatio-app-os-cha": 117,
          "AverageAttributedRatio-ip-app-os-cha": 11,
          "AverageAttributedRatio-dev-os-cha": 71,
          "AverageAttributedRatio-ip-dev-os-cha": 10,
          "AverageAttributedRatio-app-dev-os-cha": 109,
          "AverageAttributedRatio-ip-app-dev-os-cha": 4,
          "KomakiLDA5MinDF1-ip-app-0": 175,
          "KomakiLDA5MinDF1-ip-app-1": 297,
          "KomakiLDA5MinDF1-ip-app-2": 192,
          "KomakiLDA5MinDF1-ip-app-3": 197,
          "KomakiLDA5MinDF1-ip-app-4": 191,
          "KomakiLDA5MinDF1-ip-os-0": 231,
          "KomakiLDA5MinDF1-ip-os-1": 129,
          "KomakiLDA5MinDF1-ip-os-2": 136,
          "KomakiLDA5MinDF1-ip-os-3": 169,
          "KomakiLDA5MinDF1-ip-os-4": 154,
          "KomakiLDA5MinDF1-ip-device-0": 80,
          "KomakiLDA5MinDF1-ip-device-1": 93,
          "KomakiLDA5MinDF1-ip-device-2": 126,
          "KomakiLDA5MinDF1-ip-device-3": 123,
          "KomakiLDA5MinDF1-ip-device-4": 119,
          "KomakiLDA5MinDF1-ip-channel-0": 139,
          "KomakiLDA5MinDF1-ip-channel-1": 289,
          "KomakiLDA5MinDF1-ip-channel-2": 197,
          "KomakiLDA5MinDF1-ip-channel-3": 183,
          "KomakiLDA5MinDF1-ip-channel-4": 124,
          "KomakiLDA5MinDF1-app-ip-0": 77,
          "KomakiLDA5MinDF1-app-ip-1": 79,
          "KomakiLDA5MinDF1-app-ip-2": 57,
          "KomakiLDA5MinDF1-app-ip-3": 50,
          "KomakiLDA5MinDF1-app-ip-4": 60,
          "KomakiLDA5MinDF1-app-os-0": 46,
          "KomakiLDA5MinDF1-app-os-1": 48,
          "KomakiLDA5MinDF1-app-os-2": 57,
          "KomakiLDA5MinDF1-app-os-3": 55,
          "KomakiLDA5MinDF1-app-os-4": 53,
          "KomakiLDA5MinDF1-app-device-0": 58,
          "KomakiLDA5MinDF1-app-device-1": 47,
          "KomakiLDA5MinDF1-app-device-2": 85,
          "KomakiLDA5MinDF1-app-device-3": 60,
          "KomakiLDA5MinDF1-app-device-4": 40,
          "KomakiLDA5MinDF1-app-channel-0": 50,
          "KomakiLDA5MinDF1-app-channel-1": 44,
          "KomakiLDA5MinDF1-app-channel-2": 80,
          "KomakiLDA5MinDF1-app-channel-3": 37,
          "KomakiLDA5MinDF1-app-channel-4": 56,
          "KomakiLDA5MinDF1-os-ip-0": 46,
          "KomakiLDA5MinDF1-os-ip-1": 58,
          "KomakiLDA5MinDF1-os-ip-2": 41,
          "KomakiLDA5MinDF1-os-ip-3": 47,
          "KomakiLDA5MinDF1-os-ip-4": 47,
          "KomakiLDA5MinDF1-os-app-0": 31,
          "KomakiLDA5MinDF1-os-app-1": 51,
          "KomakiLDA5MinDF1-os-app-2": 61,
          "KomakiLDA5MinDF1-os-app-3": 48,
          "KomakiLDA5MinDF1-os-app-4": 38,
          "KomakiLDA5MinDF1-os-device-0": 33,
          "KomakiLDA5MinDF1-os-device-1": 33,
          "KomakiLDA5MinDF1-os-device-2": 30,
          "KomakiLDA5MinDF1-os-device-3": 16,
          "KomakiLDA5MinDF1-os-device-4": 15,
          "KomakiLDA5MinDF1-os-channel-0": 32,
          "KomakiLDA5MinDF1-os-channel-1": 30,
          "KomakiLDA5MinDF1-os-channel-2": 52,
          "KomakiLDA5MinDF1-os-channel-3": 72,
          "KomakiLDA5MinDF1-os-channel-4": 61,
          "KomakiLDA5MinDF1-device-ip-0": 38,
          "KomakiLDA5MinDF1-device-ip-1": 24,
          "KomakiLDA5MinDF1-device-ip-2": 4,
          "KomakiLDA5MinDF1-device-ip-3": 15,
          "KomakiLDA5MinDF1-device-ip-4": 9,
          "KomakiLDA5MinDF1-device-app-0": 3,
          "KomakiLDA5MinDF1-device-app-1": 14,
          "KomakiLDA5MinDF1-device-app-2": 1,
          "KomakiLDA5MinDF1-device-app-3": 1,
          "KomakiLDA5MinDF1-device-app-4": 0,
          "KomakiLDA5MinDF1-device-os-0": 3,
          "KomakiLDA5MinDF1-device-os-1": 5,
          "KomakiLDA5MinDF1-device-os-2": 0,
          "KomakiLDA5MinDF1-device-os-3": 0,
          "KomakiLDA5MinDF1-device-os-4": 0,
          "KomakiLDA5MinDF1-device-channel-0": 11,
          "KomakiLDA5MinDF1-device-channel-1": 3,
          "KomakiLDA5MinDF1-device-channel-2": 1,
          "KomakiLDA5MinDF1-device-channel-3": 2,
          "KomakiLDA5MinDF1-device-channel-4": 1,
          "KomakiLDA5MinDF1-channel-ip-0": 70,
          "KomakiLDA5MinDF1-channel-ip-1": 54,
          "KomakiLDA5MinDF1-channel-ip-2": 67,
          "KomakiLDA5MinDF1-channel-ip-3": 56,
          "KomakiLDA5MinDF1-channel-ip-4": 48,
          "KomakiLDA5MinDF1-channel-app-0": 59,
          "KomakiLDA5MinDF1-channel-app-1": 64,
          "KomakiLDA5MinDF1-channel-app-2": 52,
          "KomakiLDA5MinDF1-channel-app-3": 67,
          "KomakiLDA5MinDF1-channel-app-4": 45,
          "KomakiLDA5MinDF1-channel-os-0": 57,
          "KomakiLDA5MinDF1-channel-os-1": 46,
          "KomakiLDA5MinDF1-channel-os-2": 54,
          "KomakiLDA5MinDF1-channel-os-3": 59,
          "KomakiLDA5MinDF1-channel-os-4": 50,
          "KomakiLDA5MinDF1-channel-device-0": 39,
          "KomakiLDA5MinDF1-channel-device-1": 46,
          "KomakiLDA5MinDF1-channel-device-2": 56,
          "KomakiLDA5MinDF1-channel-device-3": 51,
          "KomakiLDA5MinDF1-channel-device-4": 16
        }
      }
    ],
    "average_train_auc": 0.9905263891865785,
    "average_valid_auc": 0.9864476355794747,
    "train_auc_std": 0.0,
    "valid_auc_std": 0.0,
    "average_train_time": 550.9990317821503
  },
  "config": {
    "features": [
      "ip",
      "os",
      "app",
      "channel",
      "hour",
      "count",
      "future_click_count_10",
      "future_click_count_80",
      "next_click_time_delta",
      "prev_click_time_delta",
      "average_attributed_ratio",
      "komaki_lda_5_mindf_1"
    ],
    "model": {
      "name": "lightgbm",
      "model_params": {
        "boosting_type": "gbdt",
        "objective": "binary",
        "metric": "auc",
        "learning_rate": 0.1,
        "num_leaves": 255,
        "max_depth": 8,
        "min_child_samples": 100,
        "max_bin": 100,
        "subsample": 0.7,
        "subsample_freq": 1,
        "colsample_bytree": 0.7,
        "min_child_weight": 0,
        "subsample_for_bin": 200000,
        "min_split_gain": 0,
        "reg_alpha": 0,
        "reg_lambda": 0,
        "verbose": 0
      },
      "train_params": {
        "num_boost_round": 350,
        "early_stopping_rounds": 30
      }
    },
    "dataset": {
      "input_directory": "data/input/",
      "cache_directory": "data/working/",
      "files": {
        "train": "train.feather",
        "test": "old_test.feather"
      },
      "negative_down_sampling": {
        "enabled": true,
        "bagging_size": 1,
        "random_state": 114514
      }
    }
  }
}