{
  "training": {
    "trials": [
      {
        "train_auc": 0.9939517712669861,
        "valid_auc": 0.9762202753441802,
        "best_iteration": 105,
        "train_time": 1.5702288150787354,
        "prediction_time": {
          "test": 0.3428080081939697
        },
        "feature_importance": {
          "ip": 0,
          "os": 2,
          "app": 16,
          "channel": 8,
          "hour": 17,
          "n_channels": 0,
          "ip_app_count": 0,
          "ip_app_os_count": 0,
          "FutureClickCount_600-ip": 0,
          "FutureClickCount_600-app": 4,
          "FutureClickCount_600-ip-app": 0,
          "FutureClickCount_600-dev": 2,
          "FutureClickCount_600-ip-dev": 0,
          "FutureClickCount_600-app-dev": 1,
          "FutureClickCount_600-ip-app-dev": 0,
          "FutureClickCount_600-os": 2,
          "FutureClickCount_600-ip-os": 0,
          "FutureClickCount_600-app-os": 1,
          "FutureClickCount_600-ip-app-os": 0,
          "FutureClickCount_600-dev-os": 2,
          "FutureClickCount_600-ip-dev-os": 0,
          "FutureClickCount_600-app-dev-os": 0,
          "FutureClickCount_600-ip-app-dev-os": 0,
          "FutureClickCount_600-cha": 2,
          "FutureClickCount_600-ip-cha": 0,
          "FutureClickCount_600-app-cha": 0,
          "FutureClickCount_600-ip-app-cha": 0,
          "FutureClickCount_600-dev-cha": 1,
          "FutureClickCount_600-ip-dev-cha": 0,
          "FutureClickCount_600-app-dev-cha": 0,
          "FutureClickCount_600-ip-app-dev-cha": 0,
          "FutureClickCount_600-os-cha": 1,
          "FutureClickCount_600-ip-os-cha": 0,
          "FutureClickCount_600-app-os-cha": 0,
          "FutureClickCount_600-ip-app-os-cha": 0,
          "FutureClickCount_600-dev-os-cha": 0,
          "FutureClickCount_600-ip-dev-os-cha": 0,
          "FutureClickCount_600-app-dev-os-cha": 0,
          "FutureClickCount_600-ip-app-dev-os-cha": 0,
          "FutureClickCount_4800-ip": 0,
          "FutureClickCount_4800-app": 9,
          "FutureClickCount_4800-ip-app": 0,
          "FutureClickCount_4800-dev": 6,
          "FutureClickCount_4800-ip-dev": 0,
          "FutureClickCount_4800-app-dev": 1,
          "FutureClickCount_4800-ip-app-dev": 0,
          "FutureClickCount_4800-os": 5,
          "FutureClickCount_4800-ip-os": 0,
          "FutureClickCount_4800-app-os": 2,
          "FutureClickCount_4800-ip-app-os": 0,
          "FutureClickCount_4800-dev-os": 3,
          "FutureClickCount_4800-ip-dev-os": 0,
          "FutureClickCount_4800-app-dev-os": 3,
          "FutureClickCount_4800-ip-app-dev-os": 0,
          "FutureClickCount_4800-cha": 6,
          "FutureClickCount_4800-ip-cha": 0,
          "FutureClickCount_4800-app-cha": 0,
          "FutureClickCount_4800-ip-app-cha": 0,
          "FutureClickCount_4800-dev-cha": 4,
          "FutureClickCount_4800-ip-dev-cha": 0,
          "FutureClickCount_4800-app-dev-cha": 2,
          "FutureClickCount_4800-ip-app-dev-cha": 0,
          "FutureClickCount_4800-os-cha": 0,
          "FutureClickCount_4800-ip-os-cha": 0,
          "FutureClickCount_4800-app-os-cha": 2,
          "FutureClickCount_4800-ip-app-os-cha": 0,
          "FutureClickCount_4800-dev-os-cha": 2,
          "FutureClickCount_4800-ip-dev-os-cha": 0,
          "FutureClickCount_4800-app-dev-os-cha": 1,
          "FutureClickCount_4800-ip-app-dev-os-cha": 0,
          "NextClickTimeDelta-ip": 6,
          "NextClickTimeDelta-app": 7,
          "NextClickTimeDelta-ip-app": 0,
          "NextClickTimeDelta-dev": 2,
          "NextClickTimeDelta-ip-dev": 3,
          "NextClickTimeDelta-app-dev": 1,
          "NextClickTimeDelta-ip-app-dev": 0,
          "NextClickTimeDelta-os": 4,
          "NextClickTimeDelta-ip-os": 0,
          "NextClickTimeDelta-app-os": 0,
          "NextClickTimeDelta-ip-app-os": 0,
          "NextClickTimeDelta-dev-os": 1,
          "NextClickTimeDelta-ip-dev-os": 0,
          "NextClickTimeDelta-app-dev-os": 7,
          "NextClickTimeDelta-ip-app-dev-os": 0,
          "NextClickTimeDelta-cha": 3,
          "NextClickTimeDelta-ip-cha": 0,
          "NextClickTimeDelta-app-cha": 7,
          "NextClickTimeDelta-ip-app-cha": 0,
          "NextClickTimeDelta-dev-cha": 4,
          "NextClickTimeDelta-ip-dev-cha": 0,
          "NextClickTimeDelta-app-dev-cha": 4,
          "NextClickTimeDelta-ip-app-dev-cha": 0,
          "NextClickTimeDelta-os-cha": 0,
          "NextClickTimeDelta-ip-os-cha": 0,
          "NextClickTimeDelta-app-os-cha": 2,
          "NextClickTimeDelta-ip-app-os-cha": 0,
          "NextClickTimeDelta-dev-os-cha": 1,
          "NextClickTimeDelta-ip-dev-os-cha": 0,
          "NextClickTimeDelta-app-dev-os-cha": 5,
          "NextClickTimeDelta-ip-app-dev-os-cha": 0,
          "PrevClickTimeDelta-ip": 10,
          "PrevClickTimeDelta-app": 1,
          "PrevClickTimeDelta-ip-app": 0,
          "PrevClickTimeDelta-dev": 0,
          "PrevClickTimeDelta-ip-dev": 2,
          "PrevClickTimeDelta-app-dev": 2,
          "PrevClickTimeDelta-ip-app-dev": 0,
          "PrevClickTimeDelta-os": 4,
          "PrevClickTimeDelta-ip-os": 0,
          "PrevClickTimeDelta-app-os": 2,
          "PrevClickTimeDelta-ip-app-os": 0,
          "PrevClickTimeDelta-dev-os": 1,
          "PrevClickTimeDelta-ip-dev-os": 0,
          "PrevClickTimeDelta-app-dev-os": 4,
          "PrevClickTimeDelta-ip-app-dev-os": 0,
          "PrevClickTimeDelta-cha": 12,
          "PrevClickTimeDelta-ip-cha": 0,
          "PrevClickTimeDelta-app-cha": 4,
          "PrevClickTimeDelta-ip-app-cha": 0,
          "PrevClickTimeDelta-dev-cha": 4,
          "PrevClickTimeDelta-ip-dev-cha": 0,
          "PrevClickTimeDelta-app-dev-cha": 4,
          "PrevClickTimeDelta-ip-app-dev-cha": 0,
          "PrevClickTimeDelta-os-cha": 4,
          "PrevClickTimeDelta-ip-os-cha": 0,
          "PrevClickTimeDelta-app-os-cha": 5,
          "PrevClickTimeDelta-ip-app-os-cha": 0,
          "PrevClickTimeDelta-dev-os-cha": 2,
          "PrevClickTimeDelta-ip-dev-os-cha": 0,
          "PrevClickTimeDelta-app-dev-os-cha": 2,
          "PrevClickTimeDelta-ip-app-dev-os-cha": 0,
          "AverageAttributedRatio-ip": 4,
          "AverageAttributedRatio-app": 9,
          "AverageAttributedRatio-ip-app": 0,
          "AverageAttributedRatio-dev": 1,
          "AverageAttributedRatio-ip-dev": 0,
          "AverageAttributedRatio-app-dev": 12,
          "AverageAttributedRatio-ip-app-dev": 0,
          "AverageAttributedRatio-os": 7,
          "AverageAttributedRatio-ip-os": 0,
          "AverageAttributedRatio-app-os": 1,
          "AverageAttributedRatio-ip-app-os": 0,
          "AverageAttributedRatio-dev-os": 3,
          "AverageAttributedRatio-ip-dev-os": 0,
          "AverageAttributedRatio-app-dev-os": 0,
          "AverageAttributedRatio-ip-app-dev-os": 0,
          "AverageAttributedRatio-cha": 4,
          "AverageAttributedRatio-ip-cha": 0,
          "AverageAttributedRatio-app-cha": 0,
          "AverageAttributedRatio-ip-app-cha": 0,
          "AverageAttributedRatio-dev-cha": 2,
          "AverageAttributedRatio-ip-dev-cha": 0,
          "AverageAttributedRatio-app-dev-cha": 0,
          "AverageAttributedRatio-ip-app-dev-cha": 0,
          "AverageAttributedRatio-os-cha": 0,
          "AverageAttributedRatio-ip-os-cha": 0,
          "AverageAttributedRatio-app-os-cha": 1,
          "AverageAttributedRatio-ip-app-os-cha": 0,
          "AverageAttributedRatio-dev-os-cha": 1,
          "AverageAttributedRatio-ip-dev-os-cha": 0,
          "AverageAttributedRatio-app-dev-os-cha": 0,
          "AverageAttributedRatio-ip-app-dev-os-cha": 0,
          "SinglePCACount_0": 2,
          "SinglePCACount_1": 11,
          "SinglePCACount_2": 3,
          "SinglePCACount_3": 1,
          "SinglePCACount_4": 3,
          "SinglePCACount_5": 1,
          "SinglePCACount_6": 1,
          "SinglePCACount_7": 0,
          "SinglePCACount_8": 2,
          "SinglePCACount_9": 5,
          "SinglePCACount_10": 0,
          "SinglePCACount_11": 4,
          "SinglePCACount_12": 5,
          "SinglePCACount_13": 2,
          "SinglePCACount_14": 13,
          "SinglePCACount_15": 5,
          "SinglePCACount_16": 1,
          "SinglePCACount_17": 4,
          "SinglePCACount_18": 2,
          "SinglePCACount_19": 3,
          "SinglePCACount_20": 7,
          "SinglePCACount_21": 9,
          "SinglePCACount_22": 3,
          "SinglePCACount_23": 3,
          "SinglePCACount_24": 3,
          "SinglePCACount_25": 6,
          "SinglePCACount_26": 2,
          "SinglePCACount_27": 1,
          "SinglePCACount_28": 7,
          "SinglePCACount_29": 10
        }
      }
    ],
    "average_train_auc": 0.9939517712669861,
    "average_valid_auc": 0.9762202753441802,
    "train_auc_std": 0.0,
    "valid_auc_std": 0.0,
    "average_train_time": 1.5702288150787354
  },
  "config": {
    "features": [
      "ip",
      "os",
      "app",
      "channel",
      "hour",
      "count",
      "future_click_count_10",
      "future_click_count_80",
      "next_click_time_delta",
      "prev_click_time_delta",
      "average_attributed_ratio",
      "single_pca_count"
    ],
    "model": {
      "name": "lightgbm",
      "model_params": {
        "boosting_type": "gbdt",
        "objective": "binary",
        "metric": "auc",
        "learning_rate": 0.1,
        "num_leaves": 255,
        "max_depth": 8,
        "min_child_samples": 100,
        "max_bin": 100,
        "subsample": 0.7,
        "subsample_freq": 1,
        "colsample_bytree": 0.7,
        "min_child_weight": 0,
        "subsample_for_bin": 200000,
        "min_split_gain": 0,
        "reg_alpha": 0,
        "reg_lambda": 0,
        "verbose": 0
      },
      "train_params": {
        "num_boost_round": 350,
        "early_stopping_rounds": 30
      }
    },
    "dataset": {
      "input_directory": "data/input/",
      "cache_directory": "data/working/",
      "files": {
        "train": "train.feather.small",
        "test": "old_test.feather.small"
      },
      "negative_down_sampling": {
        "enabled": true,
        "bagging_size": 1,
        "random_state": 114514
      }
    }
  }
}