{
  "training": {
    "trials": [
      {
        "train_auc": 0.9952498794084853,
        "valid_auc": 0.9849115555291171,
        "best_iteration": 751,
        "train_time": 632.7027897834778,
        "feature_importance": {
          "app": 3896,
          "hour": 4344,
          "n_channels": 1062,
          "ip_app_count": 1043,
          "ip_app_os_count": 1163,
          "FutureClickCount_600-ip": 648,
          "FutureClickCount_600-app": 593,
          "FutureClickCount_600-ip-app": 210,
          "FutureClickCount_600-dev": 317,
          "FutureClickCount_600-ip-dev": 700,
          "FutureClickCount_600-app-dev": 438,
          "FutureClickCount_600-ip-app-dev": 194,
          "FutureClickCount_600-os": 362,
          "FutureClickCount_600-ip-os": 501,
          "FutureClickCount_600-app-os": 566,
          "FutureClickCount_600-ip-app-os": 260,
          "FutureClickCount_600-dev-os": 698,
          "FutureClickCount_600-ip-dev-os": 443,
          "FutureClickCount_600-app-dev-os": 651,
          "FutureClickCount_600-ip-app-dev-os": 365,
          "FutureClickCount_600-cha": 552,
          "FutureClickCount_600-ip-cha": 140,
          "FutureClickCount_600-app-cha": 748,
          "FutureClickCount_600-ip-app-cha": 131,
          "FutureClickCount_600-dev-cha": 428,
          "FutureClickCount_600-ip-dev-cha": 164,
          "FutureClickCount_600-app-dev-cha": 444,
          "FutureClickCount_600-ip-app-dev-cha": 113,
          "FutureClickCount_600-os-cha": 404,
          "FutureClickCount_600-ip-os-cha": 98,
          "FutureClickCount_600-app-os-cha": 393,
          "FutureClickCount_600-ip-app-os-cha": 87,
          "FutureClickCount_600-dev-os-cha": 366,
          "FutureClickCount_600-ip-dev-os-cha": 103,
          "FutureClickCount_600-app-dev-os-cha": 405,
          "FutureClickCount_600-ip-app-dev-os-cha": 97,
          "FutureClickCount_4800-ip": 919,
          "FutureClickCount_4800-app": 349,
          "FutureClickCount_4800-ip-app": 429,
          "FutureClickCount_4800-dev": 104,
          "FutureClickCount_4800-ip-dev": 1173,
          "FutureClickCount_4800-app-dev": 215,
          "FutureClickCount_4800-ip-app-dev": 365,
          "FutureClickCount_4800-os": 193,
          "FutureClickCount_4800-ip-os": 648,
          "FutureClickCount_4800-app-os": 383,
          "FutureClickCount_4800-ip-app-os": 348,
          "FutureClickCount_4800-dev-os": 255,
          "FutureClickCount_4800-ip-dev-os": 755,
          "FutureClickCount_4800-app-dev-os": 580,
          "FutureClickCount_4800-ip-app-dev-os": 416,
          "FutureClickCount_4800-cha": 361,
          "FutureClickCount_4800-ip-cha": 291,
          "FutureClickCount_4800-app-cha": 589,
          "FutureClickCount_4800-ip-app-cha": 182,
          "FutureClickCount_4800-dev-cha": 267,
          "FutureClickCount_4800-ip-dev-cha": 230,
          "FutureClickCount_4800-app-dev-cha": 374,
          "FutureClickCount_4800-ip-app-dev-cha": 157,
          "FutureClickCount_4800-os-cha": 376,
          "FutureClickCount_4800-ip-os-cha": 137,
          "FutureClickCount_4800-app-os-cha": 374,
          "FutureClickCount_4800-ip-app-os-cha": 121,
          "FutureClickCount_4800-dev-os-cha": 383,
          "FutureClickCount_4800-ip-dev-os-cha": 131,
          "FutureClickCount_4800-app-dev-os-cha": 434,
          "FutureClickCount_4800-ip-app-dev-os-cha": 129,
          "NextClickTimeDelta-ip": 874,
          "NextClickTimeDelta-app": 126,
          "NextClickTimeDelta-ip-app": 1092,
          "NextClickTimeDelta-dev": 82,
          "NextClickTimeDelta-ip-dev": 602,
          "NextClickTimeDelta-app-dev": 113,
          "NextClickTimeDelta-ip-app-dev": 745,
          "NextClickTimeDelta-os": 138,
          "NextClickTimeDelta-ip-os": 728,
          "NextClickTimeDelta-app-os": 298,
          "NextClickTimeDelta-ip-app-os": 1542,
          "NextClickTimeDelta-dev-os": 107,
          "NextClickTimeDelta-ip-dev-os": 508,
          "NextClickTimeDelta-app-dev-os": 211,
          "NextClickTimeDelta-ip-app-dev-os": 2675,
          "NextClickTimeDelta-cha": 159,
          "NextClickTimeDelta-ip-cha": 631,
          "NextClickTimeDelta-app-cha": 227,
          "NextClickTimeDelta-ip-app-cha": 563,
          "NextClickTimeDelta-dev-cha": 115,
          "NextClickTimeDelta-ip-dev-cha": 431,
          "NextClickTimeDelta-app-dev-cha": 141,
          "NextClickTimeDelta-ip-app-dev-cha": 416,
          "NextClickTimeDelta-os-cha": 303,
          "NextClickTimeDelta-ip-os-cha": 504,
          "NextClickTimeDelta-app-os-cha": 365,
          "NextClickTimeDelta-ip-app-os-cha": 583,
          "NextClickTimeDelta-dev-os-cha": 244,
          "NextClickTimeDelta-ip-dev-os-cha": 343,
          "NextClickTimeDelta-app-dev-os-cha": 288,
          "NextClickTimeDelta-ip-app-dev-os-cha": 566,
          "PrevClickTimeDelta-ip": 784,
          "PrevClickTimeDelta-app": 136,
          "PrevClickTimeDelta-ip-app": 550,
          "PrevClickTimeDelta-dev": 56,
          "PrevClickTimeDelta-ip-dev": 480,
          "PrevClickTimeDelta-app-dev": 109,
          "PrevClickTimeDelta-ip-app-dev": 407,
          "PrevClickTimeDelta-os": 119,
          "PrevClickTimeDelta-ip-os": 617,
          "PrevClickTimeDelta-app-os": 226,
          "PrevClickTimeDelta-ip-app-os": 437,
          "PrevClickTimeDelta-dev-os": 108,
          "PrevClickTimeDelta-ip-dev-os": 380,
          "PrevClickTimeDelta-app-dev-os": 207,
          "PrevClickTimeDelta-ip-app-dev-os": 413,
          "PrevClickTimeDelta-cha": 150,
          "PrevClickTimeDelta-ip-cha": 477,
          "PrevClickTimeDelta-app-cha": 206,
          "PrevClickTimeDelta-ip-app-cha": 344,
          "PrevClickTimeDelta-dev-cha": 145,
          "PrevClickTimeDelta-ip-dev-cha": 351,
          "PrevClickTimeDelta-app-dev-cha": 145,
          "PrevClickTimeDelta-ip-app-dev-cha": 298,
          "PrevClickTimeDelta-os-cha": 343,
          "PrevClickTimeDelta-ip-os-cha": 342,
          "PrevClickTimeDelta-app-os-cha": 303,
          "PrevClickTimeDelta-ip-app-os-cha": 289,
          "PrevClickTimeDelta-dev-os-cha": 208,
          "PrevClickTimeDelta-ip-dev-os-cha": 227,
          "PrevClickTimeDelta-app-dev-os-cha": 263,
          "PrevClickTimeDelta-ip-app-dev-os-cha": 216,
          "AverageAttributedRatio-ip": 586,
          "AverageAttributedRatio-app": 468,
          "AverageAttributedRatio-ip-app": 402,
          "AverageAttributedRatio-dev": 836,
          "AverageAttributedRatio-ip-dev": 538,
          "AverageAttributedRatio-app-dev": 342,
          "AverageAttributedRatio-ip-app-dev": 478,
          "AverageAttributedRatio-os": 499,
          "AverageAttributedRatio-ip-os": 340,
          "AverageAttributedRatio-app-os": 412,
          "AverageAttributedRatio-ip-app-os": 142,
          "AverageAttributedRatio-dev-os": 480,
          "AverageAttributedRatio-ip-dev-os": 366,
          "AverageAttributedRatio-app-dev-os": 407,
          "AverageAttributedRatio-ip-app-dev-os": 116,
          "AverageAttributedRatio-cha": 399,
          "AverageAttributedRatio-ip-cha": 187,
          "AverageAttributedRatio-app-cha": 389,
          "AverageAttributedRatio-ip-app-cha": 145,
          "AverageAttributedRatio-dev-cha": 268,
          "AverageAttributedRatio-ip-dev-cha": 135,
          "AverageAttributedRatio-app-dev-cha": 339,
          "AverageAttributedRatio-ip-app-dev-cha": 122,
          "AverageAttributedRatio-os-cha": 382,
          "AverageAttributedRatio-ip-os-cha": 112,
          "AverageAttributedRatio-app-os-cha": 474,
          "AverageAttributedRatio-ip-app-os-cha": 96,
          "AverageAttributedRatio-dev-os-cha": 385,
          "AverageAttributedRatio-ip-dev-os-cha": 102,
          "AverageAttributedRatio-app-dev-os-cha": 467,
          "AverageAttributedRatio-ip-app-dev-os-cha": 75,
          "KomakiLDA5NoDevice-ip-app-0": 1247,
          "KomakiLDA5NoDevice-ip-app-1": 1103,
          "KomakiLDA5NoDevice-ip-app-2": 1321,
          "KomakiLDA5NoDevice-ip-app-3": 844,
          "KomakiLDA5NoDevice-ip-app-4": 728,
          "KomakiLDA5NoDevice-ip-os-0": 1186,
          "KomakiLDA5NoDevice-ip-os-1": 1158,
          "KomakiLDA5NoDevice-ip-os-2": 827,
          "KomakiLDA5NoDevice-ip-os-3": 931,
          "KomakiLDA5NoDevice-ip-os-4": 1034,
          "KomakiLDA5NoDevice-ip-channel-0": 1163,
          "KomakiLDA5NoDevice-ip-channel-1": 925,
          "KomakiLDA5NoDevice-ip-channel-2": 1233,
          "KomakiLDA5NoDevice-ip-channel-3": 1229,
          "KomakiLDA5NoDevice-ip-channel-4": 1270,
          "KomakiLDA5NoDevice-app-ip-0": 273,
          "KomakiLDA5NoDevice-app-ip-1": 227,
          "KomakiLDA5NoDevice-app-ip-2": 198,
          "KomakiLDA5NoDevice-app-ip-3": 182,
          "KomakiLDA5NoDevice-app-ip-4": 148,
          "KomakiLDA5NoDevice-app-os-0": 140,
          "KomakiLDA5NoDevice-app-os-1": 172,
          "KomakiLDA5NoDevice-app-os-2": 133,
          "KomakiLDA5NoDevice-app-os-3": 134,
          "KomakiLDA5NoDevice-app-os-4": 148,
          "KomakiLDA5NoDevice-app-channel-0": 142,
          "KomakiLDA5NoDevice-app-channel-1": 144,
          "KomakiLDA5NoDevice-app-channel-2": 201,
          "KomakiLDA5NoDevice-app-channel-3": 182,
          "KomakiLDA5NoDevice-app-channel-4": 99,
          "KomakiLDA5NoDevice-os-ip-0": 345,
          "KomakiLDA5NoDevice-os-ip-1": 291,
          "KomakiLDA5NoDevice-os-ip-2": 260,
          "KomakiLDA5NoDevice-os-ip-3": 192,
          "KomakiLDA5NoDevice-os-ip-4": 219,
          "KomakiLDA5NoDevice-os-app-0": 309,
          "KomakiLDA5NoDevice-os-app-1": 397,
          "KomakiLDA5NoDevice-os-app-2": 115,
          "KomakiLDA5NoDevice-os-app-3": 270,
          "KomakiLDA5NoDevice-os-app-4": 137,
          "KomakiLDA5NoDevice-os-channel-0": 307,
          "KomakiLDA5NoDevice-os-channel-1": 144,
          "KomakiLDA5NoDevice-os-channel-2": 277,
          "KomakiLDA5NoDevice-os-channel-3": 282,
          "KomakiLDA5NoDevice-os-channel-4": 175,
          "KomakiLDA5NoDevice-channel-ip-0": 294,
          "KomakiLDA5NoDevice-channel-ip-1": 307,
          "KomakiLDA5NoDevice-channel-ip-2": 242,
          "KomakiLDA5NoDevice-channel-ip-3": 363,
          "KomakiLDA5NoDevice-channel-ip-4": 268,
          "KomakiLDA5NoDevice-channel-app-0": 232,
          "KomakiLDA5NoDevice-channel-app-1": 223,
          "KomakiLDA5NoDevice-channel-app-2": 294,
          "KomakiLDA5NoDevice-channel-app-3": 243,
          "KomakiLDA5NoDevice-channel-app-4": 197,
          "KomakiLDA5NoDevice-channel-os-0": 283,
          "KomakiLDA5NoDevice-channel-os-1": 299,
          "KomakiLDA5NoDevice-channel-os-2": 350,
          "KomakiLDA5NoDevice-channel-os-3": 268,
          "KomakiLDA5NoDevice-channel-os-4": 314,
          "KomakiNMF5NoDevice-ip-app-0": 753,
          "KomakiNMF5NoDevice-ip-app-1": 1080,
          "KomakiNMF5NoDevice-ip-app-2": 860,
          "KomakiNMF5NoDevice-ip-app-3": 649,
          "KomakiNMF5NoDevice-ip-app-4": 817,
          "KomakiNMF5NoDevice-ip-os-0": 1008,
          "KomakiNMF5NoDevice-ip-os-1": 954,
          "KomakiNMF5NoDevice-ip-os-2": 854,
          "KomakiNMF5NoDevice-ip-os-3": 887,
          "KomakiNMF5NoDevice-ip-os-4": 890,
          "KomakiNMF5NoDevice-ip-channel-0": 802,
          "KomakiNMF5NoDevice-ip-channel-1": 1172,
          "KomakiNMF5NoDevice-ip-channel-2": 828,
          "KomakiNMF5NoDevice-ip-channel-3": 924,
          "KomakiNMF5NoDevice-ip-channel-4": 945,
          "KomakiNMF5NoDevice-app-ip-0": 117,
          "KomakiNMF5NoDevice-app-ip-1": 134,
          "KomakiNMF5NoDevice-app-ip-2": 128,
          "KomakiNMF5NoDevice-app-ip-3": 107,
          "KomakiNMF5NoDevice-app-ip-4": 73,
          "KomakiNMF5NoDevice-app-os-0": 51,
          "KomakiNMF5NoDevice-app-os-1": 78,
          "KomakiNMF5NoDevice-app-os-2": 88,
          "KomakiNMF5NoDevice-app-os-3": 26,
          "KomakiNMF5NoDevice-app-os-4": 33,
          "KomakiNMF5NoDevice-app-channel-0": 80,
          "KomakiNMF5NoDevice-app-channel-1": 87,
          "KomakiNMF5NoDevice-app-channel-2": 121,
          "KomakiNMF5NoDevice-app-channel-3": 109,
          "KomakiNMF5NoDevice-app-channel-4": 83,
          "KomakiNMF5NoDevice-os-ip-0": 154,
          "KomakiNMF5NoDevice-os-ip-1": 173,
          "KomakiNMF5NoDevice-os-ip-2": 145,
          "KomakiNMF5NoDevice-os-ip-3": 169,
          "KomakiNMF5NoDevice-os-ip-4": 143,
          "KomakiNMF5NoDevice-os-app-0": 77,
          "KomakiNMF5NoDevice-os-app-1": 29,
          "KomakiNMF5NoDevice-os-app-2": 106,
          "KomakiNMF5NoDevice-os-app-3": 202,
          "KomakiNMF5NoDevice-os-app-4": 130,
          "KomakiNMF5NoDevice-os-channel-0": 285,
          "KomakiNMF5NoDevice-os-channel-1": 133,
          "KomakiNMF5NoDevice-os-channel-2": 276,
          "KomakiNMF5NoDevice-os-channel-3": 168,
          "KomakiNMF5NoDevice-os-channel-4": 170,
          "KomakiNMF5NoDevice-channel-ip-0": 328,
          "KomakiNMF5NoDevice-channel-ip-1": 186,
          "KomakiNMF5NoDevice-channel-ip-2": 199,
          "KomakiNMF5NoDevice-channel-ip-3": 304,
          "KomakiNMF5NoDevice-channel-ip-4": 233,
          "KomakiNMF5NoDevice-channel-app-0": 116,
          "KomakiNMF5NoDevice-channel-app-1": 79,
          "KomakiNMF5NoDevice-channel-app-2": 117,
          "KomakiNMF5NoDevice-channel-app-3": 107,
          "KomakiNMF5NoDevice-channel-app-4": 146,
          "KomakiNMF5NoDevice-channel-os-0": 257,
          "KomakiNMF5NoDevice-channel-os-1": 89,
          "KomakiNMF5NoDevice-channel-os-2": 230,
          "KomakiNMF5NoDevice-channel-os-3": 135,
          "KomakiNMF5NoDevice-channel-os-4": 281,
          "KomakiPCA5NoDevice-ip-app-0": 1100,
          "KomakiPCA5NoDevice-ip-app-1": 923,
          "KomakiPCA5NoDevice-ip-app-2": 896,
          "KomakiPCA5NoDevice-ip-app-3": 640,
          "KomakiPCA5NoDevice-ip-app-4": 1054,
          "KomakiPCA5NoDevice-ip-os-0": 1147,
          "KomakiPCA5NoDevice-ip-os-1": 883,
          "KomakiPCA5NoDevice-ip-os-2": 855,
          "KomakiPCA5NoDevice-ip-os-3": 739,
          "KomakiPCA5NoDevice-ip-os-4": 886,
          "KomakiPCA5NoDevice-ip-channel-0": 1272,
          "KomakiPCA5NoDevice-ip-channel-1": 941,
          "KomakiPCA5NoDevice-ip-channel-2": 870,
          "KomakiPCA5NoDevice-ip-channel-3": 927,
          "KomakiPCA5NoDevice-ip-channel-4": 904,
          "KomakiPCA5NoDevice-app-ip-0": 89,
          "KomakiPCA5NoDevice-app-ip-1": 101,
          "KomakiPCA5NoDevice-app-ip-2": 97,
          "KomakiPCA5NoDevice-app-ip-3": 129,
          "KomakiPCA5NoDevice-app-ip-4": 92,
          "KomakiPCA5NoDevice-app-os-0": 106,
          "KomakiPCA5NoDevice-app-os-1": 60,
          "KomakiPCA5NoDevice-app-os-2": 112,
          "KomakiPCA5NoDevice-app-os-3": 128,
          "KomakiPCA5NoDevice-app-os-4": 101,
          "KomakiPCA5NoDevice-app-channel-0": 113,
          "KomakiPCA5NoDevice-app-channel-1": 131,
          "KomakiPCA5NoDevice-app-channel-2": 106,
          "KomakiPCA5NoDevice-app-channel-3": 78,
          "KomakiPCA5NoDevice-app-channel-4": 126,
          "KomakiPCA5NoDevice-os-ip-0": 75,
          "KomakiPCA5NoDevice-os-ip-1": 148,
          "KomakiPCA5NoDevice-os-ip-2": 143,
          "KomakiPCA5NoDevice-os-ip-3": 199,
          "KomakiPCA5NoDevice-os-ip-4": 160,
          "KomakiPCA5NoDevice-os-app-0": 149,
          "KomakiPCA5NoDevice-os-app-1": 146,
          "KomakiPCA5NoDevice-os-app-2": 111,
          "KomakiPCA5NoDevice-os-app-3": 208,
          "KomakiPCA5NoDevice-os-app-4": 210,
          "KomakiPCA5NoDevice-os-channel-0": 156,
          "KomakiPCA5NoDevice-os-channel-1": 209,
          "KomakiPCA5NoDevice-os-channel-2": 150,
          "KomakiPCA5NoDevice-os-channel-3": 135,
          "KomakiPCA5NoDevice-os-channel-4": 177,
          "KomakiPCA5NoDevice-channel-ip-0": 229,
          "KomakiPCA5NoDevice-channel-ip-1": 242,
          "KomakiPCA5NoDevice-channel-ip-2": 225,
          "KomakiPCA5NoDevice-channel-ip-3": 214,
          "KomakiPCA5NoDevice-channel-ip-4": 272,
          "KomakiPCA5NoDevice-channel-app-0": 254,
          "KomakiPCA5NoDevice-channel-app-1": 141,
          "KomakiPCA5NoDevice-channel-app-2": 168,
          "KomakiPCA5NoDevice-channel-app-3": 181,
          "KomakiPCA5NoDevice-channel-app-4": 204,
          "KomakiPCA5NoDevice-channel-os-0": 230,
          "KomakiPCA5NoDevice-channel-os-1": 232,
          "KomakiPCA5NoDevice-channel-os-2": 183,
          "KomakiPCA5NoDevice-channel-os-3": 203,
          "KomakiPCA5NoDevice-channel-os-4": 265,
          "ItemUserLDA_0": 62,
          "ItemUserLDA_1": 49,
          "ItemUserLDA_2": 24,
          "ItemUserLDA_3": 65,
          "ItemUserLDA_4": 8,
          "ItemUserLDA_5": 56,
          "ItemUserLDA_6": 2,
          "ItemUserLDA_7": 1,
          "ItemUserLDA_8": 26,
          "ItemUserLDA_9": 14,
          "ItemUserLDA_10": 88,
          "ItemUserLDA_11": 5,
          "ItemUserLDA_12": 0,
          "ItemUserLDA_13": 60,
          "ItemUserLDA_14": 43,
          "ItemUserLDA_15": 18,
          "ItemUserLDA_16": 49,
          "ItemUserLDA_17": 50,
          "ItemUserLDA_18": 14,
          "ItemUserLDA_19": 68,
          "ItemUserLDA_20": 42,
          "ItemUserLDA_21": 15,
          "ItemUserLDA_22": 0,
          "ItemUserLDA_23": 54,
          "ItemUserLDA_24": 126,
          "ItemUserLDA_25": 36,
          "ItemUserLDA_26": 57,
          "ItemUserLDA_27": 101,
          "ItemUserLDA_28": 2,
          "ItemUserLDA_29": 32,
          "UserItemLDA_0": 355,
          "UserItemLDA_1": 207,
          "UserItemLDA_2": 158,
          "UserItemLDA_3": 88,
          "UserItemLDA_4": 273,
          "UserItemLDA_5": 51,
          "UserItemLDA_6": 111,
          "UserItemLDA_7": 89,
          "UserItemLDA_8": 131,
          "UserItemLDA_9": 281,
          "UserItemLDA_10": 115,
          "UserItemLDA_11": 60,
          "UserItemLDA_12": 328,
          "UserItemLDA_13": 253,
          "UserItemLDA_14": 195,
          "UserItemLDA_15": 151,
          "UserItemLDA_16": 85,
          "UserItemLDA_17": 141,
          "UserItemLDA_18": 82,
          "UserItemLDA_19": 163,
          "UserItemLDA_20": 165,
          "UserItemLDA_21": 370,
          "UserItemLDA_22": 299,
          "UserItemLDA_23": 204,
          "UserItemLDA_24": 73,
          "UserItemLDA_25": 32,
          "UserItemLDA_26": 31,
          "UserItemLDA_27": 173,
          "UserItemLDA_28": 141,
          "UserItemLDA_29": 4
        }
      },
      {
        "train_auc": 0.9946822441338597,
        "valid_auc": 0.9848272632891348,
        "best_iteration": 669,
        "train_time": 571.1467530727386,
        "feature_importance": {
          "app": 3487,
          "hour": 3907,
          "n_channels": 895,
          "ip_app_count": 1003,
          "ip_app_os_count": 1123,
          "FutureClickCount_600-ip": 538,
          "FutureClickCount_600-app": 501,
          "FutureClickCount_600-ip-app": 263,
          "FutureClickCount_600-dev": 287,
          "FutureClickCount_600-ip-dev": 631,
          "FutureClickCount_600-app-dev": 384,
          "FutureClickCount_600-ip-app-dev": 183,
          "FutureClickCount_600-os": 302,
          "FutureClickCount_600-ip-os": 416,
          "FutureClickCount_600-app-os": 516,
          "FutureClickCount_600-ip-app-os": 277,
          "FutureClickCount_600-dev-os": 645,
          "FutureClickCount_600-ip-dev-os": 418,
          "FutureClickCount_600-app-dev-os": 553,
          "FutureClickCount_600-ip-app-dev-os": 344,
          "FutureClickCount_600-cha": 483,
          "FutureClickCount_600-ip-cha": 150,
          "FutureClickCount_600-app-cha": 648,
          "FutureClickCount_600-ip-app-cha": 102,
          "FutureClickCount_600-dev-cha": 384,
          "FutureClickCount_600-ip-dev-cha": 134,
          "FutureClickCount_600-app-dev-cha": 390,
          "FutureClickCount_600-ip-app-dev-cha": 97,
          "FutureClickCount_600-os-cha": 323,
          "FutureClickCount_600-ip-os-cha": 114,
          "FutureClickCount_600-app-os-cha": 379,
          "FutureClickCount_600-ip-app-os-cha": 87,
          "FutureClickCount_600-dev-os-cha": 337,
          "FutureClickCount_600-ip-dev-os-cha": 74,
          "FutureClickCount_600-app-dev-os-cha": 340,
          "FutureClickCount_600-ip-app-dev-os-cha": 78,
          "FutureClickCount_4800-ip": 840,
          "FutureClickCount_4800-app": 315,
          "FutureClickCount_4800-ip-app": 348,
          "FutureClickCount_4800-dev": 99,
          "FutureClickCount_4800-ip-dev": 1070,
          "FutureClickCount_4800-app-dev": 192,
          "FutureClickCount_4800-ip-app-dev": 263,
          "FutureClickCount_4800-os": 157,
          "FutureClickCount_4800-ip-os": 584,
          "FutureClickCount_4800-app-os": 338,
          "FutureClickCount_4800-ip-app-os": 293,
          "FutureClickCount_4800-dev-os": 235,
          "FutureClickCount_4800-ip-dev-os": 684,
          "FutureClickCount_4800-app-dev-os": 482,
          "FutureClickCount_4800-ip-app-dev-os": 395,
          "FutureClickCount_4800-cha": 339,
          "FutureClickCount_4800-ip-cha": 213,
          "FutureClickCount_4800-app-cha": 576,
          "FutureClickCount_4800-ip-app-cha": 176,
          "FutureClickCount_4800-dev-cha": 248,
          "FutureClickCount_4800-ip-dev-cha": 192,
          "FutureClickCount_4800-app-dev-cha": 299,
          "FutureClickCount_4800-ip-app-dev-cha": 170,
          "FutureClickCount_4800-os-cha": 288,
          "FutureClickCount_4800-ip-os-cha": 127,
          "FutureClickCount_4800-app-os-cha": 358,
          "FutureClickCount_4800-ip-app-os-cha": 111,
          "FutureClickCount_4800-dev-os-cha": 340,
          "FutureClickCount_4800-ip-dev-os-cha": 93,
          "FutureClickCount_4800-app-dev-os-cha": 448,
          "FutureClickCount_4800-ip-app-dev-os-cha": 123,
          "NextClickTimeDelta-ip": 758,
          "NextClickTimeDelta-app": 149,
          "NextClickTimeDelta-ip-app": 939,
          "NextClickTimeDelta-dev": 73,
          "NextClickTimeDelta-ip-dev": 561,
          "NextClickTimeDelta-app-dev": 91,
          "NextClickTimeDelta-ip-app-dev": 604,
          "NextClickTimeDelta-os": 108,
          "NextClickTimeDelta-ip-os": 664,
          "NextClickTimeDelta-app-os": 206,
          "NextClickTimeDelta-ip-app-os": 1413,
          "NextClickTimeDelta-dev-os": 99,
          "NextClickTimeDelta-ip-dev-os": 455,
          "NextClickTimeDelta-app-dev-os": 194,
          "NextClickTimeDelta-ip-app-dev-os": 2501,
          "NextClickTimeDelta-cha": 138,
          "NextClickTimeDelta-ip-cha": 548,
          "NextClickTimeDelta-app-cha": 210,
          "NextClickTimeDelta-ip-app-cha": 499,
          "NextClickTimeDelta-dev-cha": 132,
          "NextClickTimeDelta-ip-dev-cha": 401,
          "NextClickTimeDelta-app-dev-cha": 163,
          "NextClickTimeDelta-ip-app-dev-cha": 379,
          "NextClickTimeDelta-os-cha": 279,
          "NextClickTimeDelta-ip-os-cha": 405,
          "NextClickTimeDelta-app-os-cha": 295,
          "NextClickTimeDelta-ip-app-os-cha": 493,
          "NextClickTimeDelta-dev-os-cha": 215,
          "NextClickTimeDelta-ip-dev-os-cha": 338,
          "NextClickTimeDelta-app-dev-os-cha": 254,
          "NextClickTimeDelta-ip-app-dev-os-cha": 543,
          "PrevClickTimeDelta-ip": 616,
          "PrevClickTimeDelta-app": 145,
          "PrevClickTimeDelta-ip-app": 455,
          "PrevClickTimeDelta-dev": 99,
          "PrevClickTimeDelta-ip-dev": 385,
          "PrevClickTimeDelta-app-dev": 106,
          "PrevClickTimeDelta-ip-app-dev": 301,
          "PrevClickTimeDelta-os": 146,
          "PrevClickTimeDelta-ip-os": 543,
          "PrevClickTimeDelta-app-os": 239,
          "PrevClickTimeDelta-ip-app-os": 403,
          "PrevClickTimeDelta-dev-os": 90,
          "PrevClickTimeDelta-ip-dev-os": 331,
          "PrevClickTimeDelta-app-dev-os": 194,
          "PrevClickTimeDelta-ip-app-dev-os": 359,
          "PrevClickTimeDelta-cha": 124,
          "PrevClickTimeDelta-ip-cha": 441,
          "PrevClickTimeDelta-app-cha": 162,
          "PrevClickTimeDelta-ip-app-cha": 362,
          "PrevClickTimeDelta-dev-cha": 140,
          "PrevClickTimeDelta-ip-dev-cha": 262,
          "PrevClickTimeDelta-app-dev-cha": 116,
          "PrevClickTimeDelta-ip-app-dev-cha": 254,
          "PrevClickTimeDelta-os-cha": 286,
          "PrevClickTimeDelta-ip-os-cha": 289,
          "PrevClickTimeDelta-app-os-cha": 264,
          "PrevClickTimeDelta-ip-app-os-cha": 245,
          "PrevClickTimeDelta-dev-os-cha": 225,
          "PrevClickTimeDelta-ip-dev-os-cha": 197,
          "PrevClickTimeDelta-app-dev-os-cha": 254,
          "PrevClickTimeDelta-ip-app-dev-os-cha": 163,
          "AverageAttributedRatio-ip": 534,
          "AverageAttributedRatio-app": 468,
          "AverageAttributedRatio-ip-app": 348,
          "AverageAttributedRatio-dev": 744,
          "AverageAttributedRatio-ip-dev": 480,
          "AverageAttributedRatio-app-dev": 328,
          "AverageAttributedRatio-ip-app-dev": 412,
          "AverageAttributedRatio-os": 416,
          "AverageAttributedRatio-ip-os": 308,
          "AverageAttributedRatio-app-os": 389,
          "AverageAttributedRatio-ip-app-os": 150,
          "AverageAttributedRatio-dev-os": 383,
          "AverageAttributedRatio-ip-dev-os": 286,
          "AverageAttributedRatio-app-dev-os": 402,
          "AverageAttributedRatio-ip-app-dev-os": 100,
          "AverageAttributedRatio-cha": 414,
          "AverageAttributedRatio-ip-cha": 171,
          "AverageAttributedRatio-app-cha": 332,
          "AverageAttributedRatio-ip-app-cha": 146,
          "AverageAttributedRatio-dev-cha": 230,
          "AverageAttributedRatio-ip-dev-cha": 154,
          "AverageAttributedRatio-app-dev-cha": 267,
          "AverageAttributedRatio-ip-app-dev-cha": 167,
          "AverageAttributedRatio-os-cha": 352,
          "AverageAttributedRatio-ip-os-cha": 78,
          "AverageAttributedRatio-app-os-cha": 420,
          "AverageAttributedRatio-ip-app-os-cha": 67,
          "AverageAttributedRatio-dev-os-cha": 343,
          "AverageAttributedRatio-ip-dev-os-cha": 64,
          "AverageAttributedRatio-app-dev-os-cha": 404,
          "AverageAttributedRatio-ip-app-dev-os-cha": 51,
          "KomakiLDA5NoDevice-ip-app-0": 1093,
          "KomakiLDA5NoDevice-ip-app-1": 1065,
          "KomakiLDA5NoDevice-ip-app-2": 1165,
          "KomakiLDA5NoDevice-ip-app-3": 780,
          "KomakiLDA5NoDevice-ip-app-4": 609,
          "KomakiLDA5NoDevice-ip-os-0": 1046,
          "KomakiLDA5NoDevice-ip-os-1": 991,
          "KomakiLDA5NoDevice-ip-os-2": 677,
          "KomakiLDA5NoDevice-ip-os-3": 846,
          "KomakiLDA5NoDevice-ip-os-4": 929,
          "KomakiLDA5NoDevice-ip-channel-0": 1022,
          "KomakiLDA5NoDevice-ip-channel-1": 811,
          "KomakiLDA5NoDevice-ip-channel-2": 1116,
          "KomakiLDA5NoDevice-ip-channel-3": 1117,
          "KomakiLDA5NoDevice-ip-channel-4": 1090,
          "KomakiLDA5NoDevice-app-ip-0": 235,
          "KomakiLDA5NoDevice-app-ip-1": 214,
          "KomakiLDA5NoDevice-app-ip-2": 188,
          "KomakiLDA5NoDevice-app-ip-3": 194,
          "KomakiLDA5NoDevice-app-ip-4": 138,
          "KomakiLDA5NoDevice-app-os-0": 135,
          "KomakiLDA5NoDevice-app-os-1": 187,
          "KomakiLDA5NoDevice-app-os-2": 141,
          "KomakiLDA5NoDevice-app-os-3": 131,
          "KomakiLDA5NoDevice-app-os-4": 159,
          "KomakiLDA5NoDevice-app-channel-0": 136,
          "KomakiLDA5NoDevice-app-channel-1": 152,
          "KomakiLDA5NoDevice-app-channel-2": 149,
          "KomakiLDA5NoDevice-app-channel-3": 152,
          "KomakiLDA5NoDevice-app-channel-4": 84,
          "KomakiLDA5NoDevice-os-ip-0": 317,
          "KomakiLDA5NoDevice-os-ip-1": 189,
          "KomakiLDA5NoDevice-os-ip-2": 226,
          "KomakiLDA5NoDevice-os-ip-3": 197,
          "KomakiLDA5NoDevice-os-ip-4": 240,
          "KomakiLDA5NoDevice-os-app-0": 271,
          "KomakiLDA5NoDevice-os-app-1": 292,
          "KomakiLDA5NoDevice-os-app-2": 116,
          "KomakiLDA5NoDevice-os-app-3": 245,
          "KomakiLDA5NoDevice-os-app-4": 131,
          "KomakiLDA5NoDevice-os-channel-0": 262,
          "KomakiLDA5NoDevice-os-channel-1": 148,
          "KomakiLDA5NoDevice-os-channel-2": 226,
          "KomakiLDA5NoDevice-os-channel-3": 327,
          "KomakiLDA5NoDevice-os-channel-4": 184,
          "KomakiLDA5NoDevice-channel-ip-0": 263,
          "KomakiLDA5NoDevice-channel-ip-1": 309,
          "KomakiLDA5NoDevice-channel-ip-2": 235,
          "KomakiLDA5NoDevice-channel-ip-3": 280,
          "KomakiLDA5NoDevice-channel-ip-4": 200,
          "KomakiLDA5NoDevice-channel-app-0": 236,
          "KomakiLDA5NoDevice-channel-app-1": 208,
          "KomakiLDA5NoDevice-channel-app-2": 203,
          "KomakiLDA5NoDevice-channel-app-3": 229,
          "KomakiLDA5NoDevice-channel-app-4": 188,
          "KomakiLDA5NoDevice-channel-os-0": 269,
          "KomakiLDA5NoDevice-channel-os-1": 242,
          "KomakiLDA5NoDevice-channel-os-2": 229,
          "KomakiLDA5NoDevice-channel-os-3": 239,
          "KomakiLDA5NoDevice-channel-os-4": 264,
          "KomakiNMF5NoDevice-ip-app-0": 590,
          "KomakiNMF5NoDevice-ip-app-1": 956,
          "KomakiNMF5NoDevice-ip-app-2": 789,
          "KomakiNMF5NoDevice-ip-app-3": 597,
          "KomakiNMF5NoDevice-ip-app-4": 716,
          "KomakiNMF5NoDevice-ip-os-0": 895,
          "KomakiNMF5NoDevice-ip-os-1": 775,
          "KomakiNMF5NoDevice-ip-os-2": 749,
          "KomakiNMF5NoDevice-ip-os-3": 778,
          "KomakiNMF5NoDevice-ip-os-4": 773,
          "KomakiNMF5NoDevice-ip-channel-0": 676,
          "KomakiNMF5NoDevice-ip-channel-1": 1128,
          "KomakiNMF5NoDevice-ip-channel-2": 663,
          "KomakiNMF5NoDevice-ip-channel-3": 913,
          "KomakiNMF5NoDevice-ip-channel-4": 750,
          "KomakiNMF5NoDevice-app-ip-0": 115,
          "KomakiNMF5NoDevice-app-ip-1": 126,
          "KomakiNMF5NoDevice-app-ip-2": 98,
          "KomakiNMF5NoDevice-app-ip-3": 110,
          "KomakiNMF5NoDevice-app-ip-4": 53,
          "KomakiNMF5NoDevice-app-os-0": 39,
          "KomakiNMF5NoDevice-app-os-1": 82,
          "KomakiNMF5NoDevice-app-os-2": 84,
          "KomakiNMF5NoDevice-app-os-3": 30,
          "KomakiNMF5NoDevice-app-os-4": 54,
          "KomakiNMF5NoDevice-app-channel-0": 87,
          "KomakiNMF5NoDevice-app-channel-1": 93,
          "KomakiNMF5NoDevice-app-channel-2": 106,
          "KomakiNMF5NoDevice-app-channel-3": 117,
          "KomakiNMF5NoDevice-app-channel-4": 72,
          "KomakiNMF5NoDevice-os-ip-0": 148,
          "KomakiNMF5NoDevice-os-ip-1": 160,
          "KomakiNMF5NoDevice-os-ip-2": 156,
          "KomakiNMF5NoDevice-os-ip-3": 139,
          "KomakiNMF5NoDevice-os-ip-4": 101,
          "KomakiNMF5NoDevice-os-app-0": 65,
          "KomakiNMF5NoDevice-os-app-1": 19,
          "KomakiNMF5NoDevice-os-app-2": 98,
          "KomakiNMF5NoDevice-os-app-3": 204,
          "KomakiNMF5NoDevice-os-app-4": 111,
          "KomakiNMF5NoDevice-os-channel-0": 287,
          "KomakiNMF5NoDevice-os-channel-1": 128,
          "KomakiNMF5NoDevice-os-channel-2": 232,
          "KomakiNMF5NoDevice-os-channel-3": 218,
          "KomakiNMF5NoDevice-os-channel-4": 179,
          "KomakiNMF5NoDevice-channel-ip-0": 308,
          "KomakiNMF5NoDevice-channel-ip-1": 183,
          "KomakiNMF5NoDevice-channel-ip-2": 193,
          "KomakiNMF5NoDevice-channel-ip-3": 268,
          "KomakiNMF5NoDevice-channel-ip-4": 232,
          "KomakiNMF5NoDevice-channel-app-0": 112,
          "KomakiNMF5NoDevice-channel-app-1": 57,
          "KomakiNMF5NoDevice-channel-app-2": 109,
          "KomakiNMF5NoDevice-channel-app-3": 107,
          "KomakiNMF5NoDevice-channel-app-4": 137,
          "KomakiNMF5NoDevice-channel-os-0": 266,
          "KomakiNMF5NoDevice-channel-os-1": 87,
          "KomakiNMF5NoDevice-channel-os-2": 202,
          "KomakiNMF5NoDevice-channel-os-3": 105,
          "KomakiNMF5NoDevice-channel-os-4": 221,
          "KomakiPCA5NoDevice-ip-app-0": 960,
          "KomakiPCA5NoDevice-ip-app-1": 752,
          "KomakiPCA5NoDevice-ip-app-2": 765,
          "KomakiPCA5NoDevice-ip-app-3": 555,
          "KomakiPCA5NoDevice-ip-app-4": 921,
          "KomakiPCA5NoDevice-ip-os-0": 1055,
          "KomakiPCA5NoDevice-ip-os-1": 681,
          "KomakiPCA5NoDevice-ip-os-2": 718,
          "KomakiPCA5NoDevice-ip-os-3": 673,
          "KomakiPCA5NoDevice-ip-os-4": 848,
          "KomakiPCA5NoDevice-ip-channel-0": 997,
          "KomakiPCA5NoDevice-ip-channel-1": 723,
          "KomakiPCA5NoDevice-ip-channel-2": 809,
          "KomakiPCA5NoDevice-ip-channel-3": 762,
          "KomakiPCA5NoDevice-ip-channel-4": 784,
          "KomakiPCA5NoDevice-app-ip-0": 69,
          "KomakiPCA5NoDevice-app-ip-1": 90,
          "KomakiPCA5NoDevice-app-ip-2": 94,
          "KomakiPCA5NoDevice-app-ip-3": 129,
          "KomakiPCA5NoDevice-app-ip-4": 84,
          "KomakiPCA5NoDevice-app-os-0": 136,
          "KomakiPCA5NoDevice-app-os-1": 53,
          "KomakiPCA5NoDevice-app-os-2": 110,
          "KomakiPCA5NoDevice-app-os-3": 111,
          "KomakiPCA5NoDevice-app-os-4": 114,
          "KomakiPCA5NoDevice-app-channel-0": 102,
          "KomakiPCA5NoDevice-app-channel-1": 113,
          "KomakiPCA5NoDevice-app-channel-2": 115,
          "KomakiPCA5NoDevice-app-channel-3": 90,
          "KomakiPCA5NoDevice-app-channel-4": 109,
          "KomakiPCA5NoDevice-os-ip-0": 51,
          "KomakiPCA5NoDevice-os-ip-1": 130,
          "KomakiPCA5NoDevice-os-ip-2": 168,
          "KomakiPCA5NoDevice-os-ip-3": 208,
          "KomakiPCA5NoDevice-os-ip-4": 151,
          "KomakiPCA5NoDevice-os-app-0": 138,
          "KomakiPCA5NoDevice-os-app-1": 123,
          "KomakiPCA5NoDevice-os-app-2": 89,
          "KomakiPCA5NoDevice-os-app-3": 173,
          "KomakiPCA5NoDevice-os-app-4": 218,
          "KomakiPCA5NoDevice-os-channel-0": 132,
          "KomakiPCA5NoDevice-os-channel-1": 207,
          "KomakiPCA5NoDevice-os-channel-2": 124,
          "KomakiPCA5NoDevice-os-channel-3": 138,
          "KomakiPCA5NoDevice-os-channel-4": 120,
          "KomakiPCA5NoDevice-channel-ip-0": 203,
          "KomakiPCA5NoDevice-channel-ip-1": 227,
          "KomakiPCA5NoDevice-channel-ip-2": 217,
          "KomakiPCA5NoDevice-channel-ip-3": 232,
          "KomakiPCA5NoDevice-channel-ip-4": 233,
          "KomakiPCA5NoDevice-channel-app-0": 239,
          "KomakiPCA5NoDevice-channel-app-1": 132,
          "KomakiPCA5NoDevice-channel-app-2": 152,
          "KomakiPCA5NoDevice-channel-app-3": 149,
          "KomakiPCA5NoDevice-channel-app-4": 148,
          "KomakiPCA5NoDevice-channel-os-0": 217,
          "KomakiPCA5NoDevice-channel-os-1": 202,
          "KomakiPCA5NoDevice-channel-os-2": 142,
          "KomakiPCA5NoDevice-channel-os-3": 206,
          "KomakiPCA5NoDevice-channel-os-4": 224,
          "ItemUserLDA_0": 55,
          "ItemUserLDA_1": 51,
          "ItemUserLDA_2": 10,
          "ItemUserLDA_3": 72,
          "ItemUserLDA_4": 3,
          "ItemUserLDA_5": 57,
          "ItemUserLDA_6": 2,
          "ItemUserLDA_7": 2,
          "ItemUserLDA_8": 24,
          "ItemUserLDA_9": 10,
          "ItemUserLDA_10": 88,
          "ItemUserLDA_11": 3,
          "ItemUserLDA_12": 0,
          "ItemUserLDA_13": 42,
          "ItemUserLDA_14": 37,
          "ItemUserLDA_15": 27,
          "ItemUserLDA_16": 53,
          "ItemUserLDA_17": 40,
          "ItemUserLDA_18": 15,
          "ItemUserLDA_19": 56,
          "ItemUserLDA_20": 27,
          "ItemUserLDA_21": 14,
          "ItemUserLDA_22": 1,
          "ItemUserLDA_23": 54,
          "ItemUserLDA_24": 117,
          "ItemUserLDA_25": 30,
          "ItemUserLDA_26": 40,
          "ItemUserLDA_27": 105,
          "ItemUserLDA_28": 3,
          "ItemUserLDA_29": 29,
          "UserItemLDA_0": 330,
          "UserItemLDA_1": 198,
          "UserItemLDA_2": 147,
          "UserItemLDA_3": 61,
          "UserItemLDA_4": 255,
          "UserItemLDA_5": 53,
          "UserItemLDA_6": 93,
          "UserItemLDA_7": 102,
          "UserItemLDA_8": 119,
          "UserItemLDA_9": 247,
          "UserItemLDA_10": 105,
          "UserItemLDA_11": 63,
          "UserItemLDA_12": 240,
          "UserItemLDA_13": 229,
          "UserItemLDA_14": 142,
          "UserItemLDA_15": 121,
          "UserItemLDA_16": 50,
          "UserItemLDA_17": 116,
          "UserItemLDA_18": 109,
          "UserItemLDA_19": 128,
          "UserItemLDA_20": 156,
          "UserItemLDA_21": 293,
          "UserItemLDA_22": 221,
          "UserItemLDA_23": 159,
          "UserItemLDA_24": 60,
          "UserItemLDA_25": 22,
          "UserItemLDA_26": 27,
          "UserItemLDA_27": 150,
          "UserItemLDA_28": 119,
          "UserItemLDA_29": 3
        }
      },
      {
        "train_auc": 0.9949712456011908,
        "valid_auc": 0.9846839571649468,
        "best_iteration": 704,
        "train_time": 600.5532360076904,
        "feature_importance": {
          "app": 3761,
          "hour": 4118,
          "n_channels": 933,
          "ip_app_count": 998,
          "ip_app_os_count": 1167,
          "FutureClickCount_600-ip": 593,
          "FutureClickCount_600-app": 532,
          "FutureClickCount_600-ip-app": 219,
          "FutureClickCount_600-dev": 312,
          "FutureClickCount_600-ip-dev": 605,
          "FutureClickCount_600-app-dev": 418,
          "FutureClickCount_600-ip-app-dev": 199,
          "FutureClickCount_600-os": 327,
          "FutureClickCount_600-ip-os": 458,
          "FutureClickCount_600-app-os": 535,
          "FutureClickCount_600-ip-app-os": 260,
          "FutureClickCount_600-dev-os": 650,
          "FutureClickCount_600-ip-dev-os": 404,
          "FutureClickCount_600-app-dev-os": 614,
          "FutureClickCount_600-ip-app-dev-os": 353,
          "FutureClickCount_600-cha": 557,
          "FutureClickCount_600-ip-cha": 128,
          "FutureClickCount_600-app-cha": 679,
          "FutureClickCount_600-ip-app-cha": 111,
          "FutureClickCount_600-dev-cha": 394,
          "FutureClickCount_600-ip-dev-cha": 142,
          "FutureClickCount_600-app-dev-cha": 458,
          "FutureClickCount_600-ip-app-dev-cha": 108,
          "FutureClickCount_600-os-cha": 384,
          "FutureClickCount_600-ip-os-cha": 108,
          "FutureClickCount_600-app-os-cha": 408,
          "FutureClickCount_600-ip-app-os-cha": 110,
          "FutureClickCount_600-dev-os-cha": 319,
          "FutureClickCount_600-ip-dev-os-cha": 94,
          "FutureClickCount_600-app-dev-os-cha": 348,
          "FutureClickCount_600-ip-app-dev-os-cha": 113,
          "FutureClickCount_4800-ip": 847,
          "FutureClickCount_4800-app": 368,
          "FutureClickCount_4800-ip-app": 380,
          "FutureClickCount_4800-dev": 82,
          "FutureClickCount_4800-ip-dev": 1083,
          "FutureClickCount_4800-app-dev": 244,
          "FutureClickCount_4800-ip-app-dev": 298,
          "FutureClickCount_4800-os": 175,
          "FutureClickCount_4800-ip-os": 603,
          "FutureClickCount_4800-app-os": 358,
          "FutureClickCount_4800-ip-app-os": 331,
          "FutureClickCount_4800-dev-os": 262,
          "FutureClickCount_4800-ip-dev-os": 710,
          "FutureClickCount_4800-app-dev-os": 496,
          "FutureClickCount_4800-ip-app-dev-os": 395,
          "FutureClickCount_4800-cha": 339,
          "FutureClickCount_4800-ip-cha": 261,
          "FutureClickCount_4800-app-cha": 582,
          "FutureClickCount_4800-ip-app-cha": 228,
          "FutureClickCount_4800-dev-cha": 254,
          "FutureClickCount_4800-ip-dev-cha": 226,
          "FutureClickCount_4800-app-dev-cha": 336,
          "FutureClickCount_4800-ip-app-dev-cha": 170,
          "FutureClickCount_4800-os-cha": 358,
          "FutureClickCount_4800-ip-os-cha": 151,
          "FutureClickCount_4800-app-os-cha": 379,
          "FutureClickCount_4800-ip-app-os-cha": 120,
          "FutureClickCount_4800-dev-os-cha": 358,
          "FutureClickCount_4800-ip-dev-os-cha": 111,
          "FutureClickCount_4800-app-dev-os-cha": 403,
          "FutureClickCount_4800-ip-app-dev-os-cha": 113,
          "NextClickTimeDelta-ip": 815,
          "NextClickTimeDelta-app": 129,
          "NextClickTimeDelta-ip-app": 993,
          "NextClickTimeDelta-dev": 71,
          "NextClickTimeDelta-ip-dev": 570,
          "NextClickTimeDelta-app-dev": 112,
          "NextClickTimeDelta-ip-app-dev": 691,
          "NextClickTimeDelta-os": 94,
          "NextClickTimeDelta-ip-os": 736,
          "NextClickTimeDelta-app-os": 267,
          "NextClickTimeDelta-ip-app-os": 1470,
          "NextClickTimeDelta-dev-os": 129,
          "NextClickTimeDelta-ip-dev-os": 507,
          "NextClickTimeDelta-app-dev-os": 190,
          "NextClickTimeDelta-ip-app-dev-os": 2589,
          "NextClickTimeDelta-cha": 164,
          "NextClickTimeDelta-ip-cha": 625,
          "NextClickTimeDelta-app-cha": 246,
          "NextClickTimeDelta-ip-app-cha": 482,
          "NextClickTimeDelta-dev-cha": 126,
          "NextClickTimeDelta-ip-dev-cha": 398,
          "NextClickTimeDelta-app-dev-cha": 151,
          "NextClickTimeDelta-ip-app-dev-cha": 412,
          "NextClickTimeDelta-os-cha": 282,
          "NextClickTimeDelta-ip-os-cha": 420,
          "NextClickTimeDelta-app-os-cha": 353,
          "NextClickTimeDelta-ip-app-os-cha": 504,
          "NextClickTimeDelta-dev-os-cha": 211,
          "NextClickTimeDelta-ip-dev-os-cha": 351,
          "NextClickTimeDelta-app-dev-os-cha": 256,
          "NextClickTimeDelta-ip-app-dev-os-cha": 547,
          "PrevClickTimeDelta-ip": 632,
          "PrevClickTimeDelta-app": 135,
          "PrevClickTimeDelta-ip-app": 500,
          "PrevClickTimeDelta-dev": 70,
          "PrevClickTimeDelta-ip-dev": 425,
          "PrevClickTimeDelta-app-dev": 96,
          "PrevClickTimeDelta-ip-app-dev": 351,
          "PrevClickTimeDelta-os": 119,
          "PrevClickTimeDelta-ip-os": 517,
          "PrevClickTimeDelta-app-os": 225,
          "PrevClickTimeDelta-ip-app-os": 421,
          "PrevClickTimeDelta-dev-os": 97,
          "PrevClickTimeDelta-ip-dev-os": 370,
          "PrevClickTimeDelta-app-dev-os": 221,
          "PrevClickTimeDelta-ip-app-dev-os": 422,
          "PrevClickTimeDelta-cha": 115,
          "PrevClickTimeDelta-ip-cha": 444,
          "PrevClickTimeDelta-app-cha": 200,
          "PrevClickTimeDelta-ip-app-cha": 333,
          "PrevClickTimeDelta-dev-cha": 148,
          "PrevClickTimeDelta-ip-dev-cha": 340,
          "PrevClickTimeDelta-app-dev-cha": 122,
          "PrevClickTimeDelta-ip-app-dev-cha": 276,
          "PrevClickTimeDelta-os-cha": 299,
          "PrevClickTimeDelta-ip-os-cha": 312,
          "PrevClickTimeDelta-app-os-cha": 279,
          "PrevClickTimeDelta-ip-app-os-cha": 238,
          "PrevClickTimeDelta-dev-os-cha": 249,
          "PrevClickTimeDelta-ip-dev-os-cha": 224,
          "PrevClickTimeDelta-app-dev-os-cha": 274,
          "PrevClickTimeDelta-ip-app-dev-os-cha": 185,
          "AverageAttributedRatio-ip": 556,
          "AverageAttributedRatio-app": 461,
          "AverageAttributedRatio-ip-app": 345,
          "AverageAttributedRatio-dev": 754,
          "AverageAttributedRatio-ip-dev": 477,
          "AverageAttributedRatio-app-dev": 348,
          "AverageAttributedRatio-ip-app-dev": 432,
          "AverageAttributedRatio-os": 467,
          "AverageAttributedRatio-ip-os": 303,
          "AverageAttributedRatio-app-os": 372,
          "AverageAttributedRatio-ip-app-os": 142,
          "AverageAttributedRatio-dev-os": 420,
          "AverageAttributedRatio-ip-dev-os": 362,
          "AverageAttributedRatio-app-dev-os": 396,
          "AverageAttributedRatio-ip-app-dev-os": 103,
          "AverageAttributedRatio-cha": 385,
          "AverageAttributedRatio-ip-cha": 210,
          "AverageAttributedRatio-app-cha": 335,
          "AverageAttributedRatio-ip-app-cha": 124,
          "AverageAttributedRatio-dev-cha": 239,
          "AverageAttributedRatio-ip-dev-cha": 179,
          "AverageAttributedRatio-app-dev-cha": 275,
          "AverageAttributedRatio-ip-app-dev-cha": 157,
          "AverageAttributedRatio-os-cha": 357,
          "AverageAttributedRatio-ip-os-cha": 100,
          "AverageAttributedRatio-app-os-cha": 427,
          "AverageAttributedRatio-ip-app-os-cha": 69,
          "AverageAttributedRatio-dev-os-cha": 348,
          "AverageAttributedRatio-ip-dev-os-cha": 85,
          "AverageAttributedRatio-app-dev-os-cha": 429,
          "AverageAttributedRatio-ip-app-dev-os-cha": 70,
          "KomakiLDA5NoDevice-ip-app-0": 1083,
          "KomakiLDA5NoDevice-ip-app-1": 1140,
          "KomakiLDA5NoDevice-ip-app-2": 1231,
          "KomakiLDA5NoDevice-ip-app-3": 750,
          "KomakiLDA5NoDevice-ip-app-4": 706,
          "KomakiLDA5NoDevice-ip-os-0": 1082,
          "KomakiLDA5NoDevice-ip-os-1": 1026,
          "KomakiLDA5NoDevice-ip-os-2": 726,
          "KomakiLDA5NoDevice-ip-os-3": 869,
          "KomakiLDA5NoDevice-ip-os-4": 949,
          "KomakiLDA5NoDevice-ip-channel-0": 1049,
          "KomakiLDA5NoDevice-ip-channel-1": 840,
          "KomakiLDA5NoDevice-ip-channel-2": 1192,
          "KomakiLDA5NoDevice-ip-channel-3": 1153,
          "KomakiLDA5NoDevice-ip-channel-4": 1132,
          "KomakiLDA5NoDevice-app-ip-0": 265,
          "KomakiLDA5NoDevice-app-ip-1": 224,
          "KomakiLDA5NoDevice-app-ip-2": 193,
          "KomakiLDA5NoDevice-app-ip-3": 196,
          "KomakiLDA5NoDevice-app-ip-4": 156,
          "KomakiLDA5NoDevice-app-os-0": 118,
          "KomakiLDA5NoDevice-app-os-1": 173,
          "KomakiLDA5NoDevice-app-os-2": 115,
          "KomakiLDA5NoDevice-app-os-3": 123,
          "KomakiLDA5NoDevice-app-os-4": 148,
          "KomakiLDA5NoDevice-app-channel-0": 115,
          "KomakiLDA5NoDevice-app-channel-1": 136,
          "KomakiLDA5NoDevice-app-channel-2": 162,
          "KomakiLDA5NoDevice-app-channel-3": 193,
          "KomakiLDA5NoDevice-app-channel-4": 92,
          "KomakiLDA5NoDevice-os-ip-0": 355,
          "KomakiLDA5NoDevice-os-ip-1": 239,
          "KomakiLDA5NoDevice-os-ip-2": 262,
          "KomakiLDA5NoDevice-os-ip-3": 226,
          "KomakiLDA5NoDevice-os-ip-4": 232,
          "KomakiLDA5NoDevice-os-app-0": 318,
          "KomakiLDA5NoDevice-os-app-1": 287,
          "KomakiLDA5NoDevice-os-app-2": 115,
          "KomakiLDA5NoDevice-os-app-3": 264,
          "KomakiLDA5NoDevice-os-app-4": 142,
          "KomakiLDA5NoDevice-os-channel-0": 258,
          "KomakiLDA5NoDevice-os-channel-1": 158,
          "KomakiLDA5NoDevice-os-channel-2": 196,
          "KomakiLDA5NoDevice-os-channel-3": 281,
          "KomakiLDA5NoDevice-os-channel-4": 174,
          "KomakiLDA5NoDevice-channel-ip-0": 279,
          "KomakiLDA5NoDevice-channel-ip-1": 311,
          "KomakiLDA5NoDevice-channel-ip-2": 237,
          "KomakiLDA5NoDevice-channel-ip-3": 312,
          "KomakiLDA5NoDevice-channel-ip-4": 245,
          "KomakiLDA5NoDevice-channel-app-0": 266,
          "KomakiLDA5NoDevice-channel-app-1": 199,
          "KomakiLDA5NoDevice-channel-app-2": 283,
          "KomakiLDA5NoDevice-channel-app-3": 223,
          "KomakiLDA5NoDevice-channel-app-4": 219,
          "KomakiLDA5NoDevice-channel-os-0": 241,
          "KomakiLDA5NoDevice-channel-os-1": 281,
          "KomakiLDA5NoDevice-channel-os-2": 284,
          "KomakiLDA5NoDevice-channel-os-3": 229,
          "KomakiLDA5NoDevice-channel-os-4": 304,
          "KomakiNMF5NoDevice-ip-app-0": 646,
          "KomakiNMF5NoDevice-ip-app-1": 1009,
          "KomakiNMF5NoDevice-ip-app-2": 800,
          "KomakiNMF5NoDevice-ip-app-3": 613,
          "KomakiNMF5NoDevice-ip-app-4": 718,
          "KomakiNMF5NoDevice-ip-os-0": 905,
          "KomakiNMF5NoDevice-ip-os-1": 896,
          "KomakiNMF5NoDevice-ip-os-2": 747,
          "KomakiNMF5NoDevice-ip-os-3": 818,
          "KomakiNMF5NoDevice-ip-os-4": 809,
          "KomakiNMF5NoDevice-ip-channel-0": 720,
          "KomakiNMF5NoDevice-ip-channel-1": 1119,
          "KomakiNMF5NoDevice-ip-channel-2": 731,
          "KomakiNMF5NoDevice-ip-channel-3": 862,
          "KomakiNMF5NoDevice-ip-channel-4": 849,
          "KomakiNMF5NoDevice-app-ip-0": 102,
          "KomakiNMF5NoDevice-app-ip-1": 109,
          "KomakiNMF5NoDevice-app-ip-2": 106,
          "KomakiNMF5NoDevice-app-ip-3": 122,
          "KomakiNMF5NoDevice-app-ip-4": 67,
          "KomakiNMF5NoDevice-app-os-0": 33,
          "KomakiNMF5NoDevice-app-os-1": 79,
          "KomakiNMF5NoDevice-app-os-2": 92,
          "KomakiNMF5NoDevice-app-os-3": 24,
          "KomakiNMF5NoDevice-app-os-4": 29,
          "KomakiNMF5NoDevice-app-channel-0": 89,
          "KomakiNMF5NoDevice-app-channel-1": 88,
          "KomakiNMF5NoDevice-app-channel-2": 101,
          "KomakiNMF5NoDevice-app-channel-3": 117,
          "KomakiNMF5NoDevice-app-channel-4": 93,
          "KomakiNMF5NoDevice-os-ip-0": 153,
          "KomakiNMF5NoDevice-os-ip-1": 159,
          "KomakiNMF5NoDevice-os-ip-2": 140,
          "KomakiNMF5NoDevice-os-ip-3": 140,
          "KomakiNMF5NoDevice-os-ip-4": 125,
          "KomakiNMF5NoDevice-os-app-0": 72,
          "KomakiNMF5NoDevice-os-app-1": 16,
          "KomakiNMF5NoDevice-os-app-2": 113,
          "KomakiNMF5NoDevice-os-app-3": 202,
          "KomakiNMF5NoDevice-os-app-4": 157,
          "KomakiNMF5NoDevice-os-channel-0": 289,
          "KomakiNMF5NoDevice-os-channel-1": 125,
          "KomakiNMF5NoDevice-os-channel-2": 276,
          "KomakiNMF5NoDevice-os-channel-3": 184,
          "KomakiNMF5NoDevice-os-channel-4": 172,
          "KomakiNMF5NoDevice-channel-ip-0": 283,
          "KomakiNMF5NoDevice-channel-ip-1": 154,
          "KomakiNMF5NoDevice-channel-ip-2": 175,
          "KomakiNMF5NoDevice-channel-ip-3": 280,
          "KomakiNMF5NoDevice-channel-ip-4": 263,
          "KomakiNMF5NoDevice-channel-app-0": 117,
          "KomakiNMF5NoDevice-channel-app-1": 49,
          "KomakiNMF5NoDevice-channel-app-2": 136,
          "KomakiNMF5NoDevice-channel-app-3": 126,
          "KomakiNMF5NoDevice-channel-app-4": 140,
          "KomakiNMF5NoDevice-channel-os-0": 278,
          "KomakiNMF5NoDevice-channel-os-1": 83,
          "KomakiNMF5NoDevice-channel-os-2": 218,
          "KomakiNMF5NoDevice-channel-os-3": 129,
          "KomakiNMF5NoDevice-channel-os-4": 249,
          "KomakiPCA5NoDevice-ip-app-0": 956,
          "KomakiPCA5NoDevice-ip-app-1": 876,
          "KomakiPCA5NoDevice-ip-app-2": 783,
          "KomakiPCA5NoDevice-ip-app-3": 638,
          "KomakiPCA5NoDevice-ip-app-4": 924,
          "KomakiPCA5NoDevice-ip-os-0": 1038,
          "KomakiPCA5NoDevice-ip-os-1": 816,
          "KomakiPCA5NoDevice-ip-os-2": 882,
          "KomakiPCA5NoDevice-ip-os-3": 683,
          "KomakiPCA5NoDevice-ip-os-4": 887,
          "KomakiPCA5NoDevice-ip-channel-0": 1140,
          "KomakiPCA5NoDevice-ip-channel-1": 891,
          "KomakiPCA5NoDevice-ip-channel-2": 879,
          "KomakiPCA5NoDevice-ip-channel-3": 875,
          "KomakiPCA5NoDevice-ip-channel-4": 885,
          "KomakiPCA5NoDevice-app-ip-0": 93,
          "KomakiPCA5NoDevice-app-ip-1": 94,
          "KomakiPCA5NoDevice-app-ip-2": 84,
          "KomakiPCA5NoDevice-app-ip-3": 140,
          "KomakiPCA5NoDevice-app-ip-4": 73,
          "KomakiPCA5NoDevice-app-os-0": 112,
          "KomakiPCA5NoDevice-app-os-1": 79,
          "KomakiPCA5NoDevice-app-os-2": 143,
          "KomakiPCA5NoDevice-app-os-3": 101,
          "KomakiPCA5NoDevice-app-os-4": 102,
          "KomakiPCA5NoDevice-app-channel-0": 103,
          "KomakiPCA5NoDevice-app-channel-1": 130,
          "KomakiPCA5NoDevice-app-channel-2": 104,
          "KomakiPCA5NoDevice-app-channel-3": 106,
          "KomakiPCA5NoDevice-app-channel-4": 120,
          "KomakiPCA5NoDevice-os-ip-0": 83,
          "KomakiPCA5NoDevice-os-ip-1": 142,
          "KomakiPCA5NoDevice-os-ip-2": 176,
          "KomakiPCA5NoDevice-os-ip-3": 186,
          "KomakiPCA5NoDevice-os-ip-4": 160,
          "KomakiPCA5NoDevice-os-app-0": 134,
          "KomakiPCA5NoDevice-os-app-1": 135,
          "KomakiPCA5NoDevice-os-app-2": 118,
          "KomakiPCA5NoDevice-os-app-3": 238,
          "KomakiPCA5NoDevice-os-app-4": 208,
          "KomakiPCA5NoDevice-os-channel-0": 138,
          "KomakiPCA5NoDevice-os-channel-1": 204,
          "KomakiPCA5NoDevice-os-channel-2": 136,
          "KomakiPCA5NoDevice-os-channel-3": 107,
          "KomakiPCA5NoDevice-os-channel-4": 129,
          "KomakiPCA5NoDevice-channel-ip-0": 203,
          "KomakiPCA5NoDevice-channel-ip-1": 213,
          "KomakiPCA5NoDevice-channel-ip-2": 235,
          "KomakiPCA5NoDevice-channel-ip-3": 149,
          "KomakiPCA5NoDevice-channel-ip-4": 278,
          "KomakiPCA5NoDevice-channel-app-0": 221,
          "KomakiPCA5NoDevice-channel-app-1": 151,
          "KomakiPCA5NoDevice-channel-app-2": 163,
          "KomakiPCA5NoDevice-channel-app-3": 134,
          "KomakiPCA5NoDevice-channel-app-4": 172,
          "KomakiPCA5NoDevice-channel-os-0": 229,
          "KomakiPCA5NoDevice-channel-os-1": 210,
          "KomakiPCA5NoDevice-channel-os-2": 154,
          "KomakiPCA5NoDevice-channel-os-3": 176,
          "KomakiPCA5NoDevice-channel-os-4": 193,
          "ItemUserLDA_0": 50,
          "ItemUserLDA_1": 59,
          "ItemUserLDA_2": 14,
          "ItemUserLDA_3": 73,
          "ItemUserLDA_4": 5,
          "ItemUserLDA_5": 68,
          "ItemUserLDA_6": 4,
          "ItemUserLDA_7": 3,
          "ItemUserLDA_8": 31,
          "ItemUserLDA_9": 5,
          "ItemUserLDA_10": 91,
          "ItemUserLDA_11": 4,
          "ItemUserLDA_12": 0,
          "ItemUserLDA_13": 42,
          "ItemUserLDA_14": 42,
          "ItemUserLDA_15": 25,
          "ItemUserLDA_16": 49,
          "ItemUserLDA_17": 43,
          "ItemUserLDA_18": 21,
          "ItemUserLDA_19": 72,
          "ItemUserLDA_20": 40,
          "ItemUserLDA_21": 7,
          "ItemUserLDA_22": 0,
          "ItemUserLDA_23": 38,
          "ItemUserLDA_24": 113,
          "ItemUserLDA_25": 31,
          "ItemUserLDA_26": 58,
          "ItemUserLDA_27": 105,
          "ItemUserLDA_28": 3,
          "ItemUserLDA_29": 31,
          "UserItemLDA_0": 314,
          "UserItemLDA_1": 237,
          "UserItemLDA_2": 136,
          "UserItemLDA_3": 89,
          "UserItemLDA_4": 241,
          "UserItemLDA_5": 44,
          "UserItemLDA_6": 81,
          "UserItemLDA_7": 104,
          "UserItemLDA_8": 139,
          "UserItemLDA_9": 220,
          "UserItemLDA_10": 100,
          "UserItemLDA_11": 74,
          "UserItemLDA_12": 254,
          "UserItemLDA_13": 257,
          "UserItemLDA_14": 165,
          "UserItemLDA_15": 136,
          "UserItemLDA_16": 51,
          "UserItemLDA_17": 111,
          "UserItemLDA_18": 140,
          "UserItemLDA_19": 129,
          "UserItemLDA_20": 178,
          "UserItemLDA_21": 333,
          "UserItemLDA_22": 255,
          "UserItemLDA_23": 146,
          "UserItemLDA_24": 113,
          "UserItemLDA_25": 12,
          "UserItemLDA_26": 36,
          "UserItemLDA_27": 194,
          "UserItemLDA_28": 119,
          "UserItemLDA_29": 1
        }
      },
      {
        "train_auc": 0.9951388827266111,
        "valid_auc": 0.9847539447503018,
        "best_iteration": 747,
        "train_time": 617.0449516773224,
        "feature_importance": {
          "app": 3858,
          "hour": 4500,
          "n_channels": 1028,
          "ip_app_count": 1063,
          "ip_app_os_count": 1223,
          "FutureClickCount_600-ip": 648,
          "FutureClickCount_600-app": 561,
          "FutureClickCount_600-ip-app": 261,
          "FutureClickCount_600-dev": 291,
          "FutureClickCount_600-ip-dev": 610,
          "FutureClickCount_600-app-dev": 428,
          "FutureClickCount_600-ip-app-dev": 222,
          "FutureClickCount_600-os": 336,
          "FutureClickCount_600-ip-os": 483,
          "FutureClickCount_600-app-os": 569,
          "FutureClickCount_600-ip-app-os": 255,
          "FutureClickCount_600-dev-os": 666,
          "FutureClickCount_600-ip-dev-os": 463,
          "FutureClickCount_600-app-dev-os": 649,
          "FutureClickCount_600-ip-app-dev-os": 358,
          "FutureClickCount_600-cha": 531,
          "FutureClickCount_600-ip-cha": 143,
          "FutureClickCount_600-app-cha": 630,
          "FutureClickCount_600-ip-app-cha": 136,
          "FutureClickCount_600-dev-cha": 415,
          "FutureClickCount_600-ip-dev-cha": 125,
          "FutureClickCount_600-app-dev-cha": 472,
          "FutureClickCount_600-ip-app-dev-cha": 111,
          "FutureClickCount_600-os-cha": 389,
          "FutureClickCount_600-ip-os-cha": 107,
          "FutureClickCount_600-app-os-cha": 445,
          "FutureClickCount_600-ip-app-os-cha": 78,
          "FutureClickCount_600-dev-os-cha": 364,
          "FutureClickCount_600-ip-dev-os-cha": 89,
          "FutureClickCount_600-app-dev-os-cha": 382,
          "FutureClickCount_600-ip-app-dev-os-cha": 104,
          "FutureClickCount_4800-ip": 947,
          "FutureClickCount_4800-app": 401,
          "FutureClickCount_4800-ip-app": 393,
          "FutureClickCount_4800-dev": 75,
          "FutureClickCount_4800-ip-dev": 1226,
          "FutureClickCount_4800-app-dev": 244,
          "FutureClickCount_4800-ip-app-dev": 305,
          "FutureClickCount_4800-os": 174,
          "FutureClickCount_4800-ip-os": 650,
          "FutureClickCount_4800-app-os": 388,
          "FutureClickCount_4800-ip-app-os": 357,
          "FutureClickCount_4800-dev-os": 235,
          "FutureClickCount_4800-ip-dev-os": 718,
          "FutureClickCount_4800-app-dev-os": 523,
          "FutureClickCount_4800-ip-app-dev-os": 418,
          "FutureClickCount_4800-cha": 399,
          "FutureClickCount_4800-ip-cha": 284,
          "FutureClickCount_4800-app-cha": 603,
          "FutureClickCount_4800-ip-app-cha": 198,
          "FutureClickCount_4800-dev-cha": 276,
          "FutureClickCount_4800-ip-dev-cha": 205,
          "FutureClickCount_4800-app-dev-cha": 353,
          "FutureClickCount_4800-ip-app-dev-cha": 183,
          "FutureClickCount_4800-os-cha": 341,
          "FutureClickCount_4800-ip-os-cha": 122,
          "FutureClickCount_4800-app-os-cha": 398,
          "FutureClickCount_4800-ip-app-os-cha": 155,
          "FutureClickCount_4800-dev-os-cha": 331,
          "FutureClickCount_4800-ip-dev-os-cha": 123,
          "FutureClickCount_4800-app-dev-os-cha": 419,
          "FutureClickCount_4800-ip-app-dev-os-cha": 117,
          "NextClickTimeDelta-ip": 841,
          "NextClickTimeDelta-app": 127,
          "NextClickTimeDelta-ip-app": 982,
          "NextClickTimeDelta-dev": 90,
          "NextClickTimeDelta-ip-dev": 599,
          "NextClickTimeDelta-app-dev": 106,
          "NextClickTimeDelta-ip-app-dev": 718,
          "NextClickTimeDelta-os": 98,
          "NextClickTimeDelta-ip-os": 765,
          "NextClickTimeDelta-app-os": 249,
          "NextClickTimeDelta-ip-app-os": 1515,
          "NextClickTimeDelta-dev-os": 105,
          "NextClickTimeDelta-ip-dev-os": 518,
          "NextClickTimeDelta-app-dev-os": 206,
          "NextClickTimeDelta-ip-app-dev-os": 2689,
          "NextClickTimeDelta-cha": 206,
          "NextClickTimeDelta-ip-cha": 652,
          "NextClickTimeDelta-app-cha": 213,
          "NextClickTimeDelta-ip-app-cha": 504,
          "NextClickTimeDelta-dev-cha": 139,
          "NextClickTimeDelta-ip-dev-cha": 490,
          "NextClickTimeDelta-app-dev-cha": 165,
          "NextClickTimeDelta-ip-app-dev-cha": 377,
          "NextClickTimeDelta-os-cha": 337,
          "NextClickTimeDelta-ip-os-cha": 490,
          "NextClickTimeDelta-app-os-cha": 401,
          "NextClickTimeDelta-ip-app-os-cha": 536,
          "NextClickTimeDelta-dev-os-cha": 252,
          "NextClickTimeDelta-ip-dev-os-cha": 360,
          "NextClickTimeDelta-app-dev-os-cha": 322,
          "NextClickTimeDelta-ip-app-dev-os-cha": 569,
          "PrevClickTimeDelta-ip": 750,
          "PrevClickTimeDelta-app": 136,
          "PrevClickTimeDelta-ip-app": 571,
          "PrevClickTimeDelta-dev": 85,
          "PrevClickTimeDelta-ip-dev": 473,
          "PrevClickTimeDelta-app-dev": 113,
          "PrevClickTimeDelta-ip-app-dev": 340,
          "PrevClickTimeDelta-os": 107,
          "PrevClickTimeDelta-ip-os": 625,
          "PrevClickTimeDelta-app-os": 246,
          "PrevClickTimeDelta-ip-app-os": 414,
          "PrevClickTimeDelta-dev-os": 105,
          "PrevClickTimeDelta-ip-dev-os": 366,
          "PrevClickTimeDelta-app-dev-os": 205,
          "PrevClickTimeDelta-ip-app-dev-os": 376,
          "PrevClickTimeDelta-cha": 162,
          "PrevClickTimeDelta-ip-cha": 482,
          "PrevClickTimeDelta-app-cha": 214,
          "PrevClickTimeDelta-ip-app-cha": 384,
          "PrevClickTimeDelta-dev-cha": 171,
          "PrevClickTimeDelta-ip-dev-cha": 369,
          "PrevClickTimeDelta-app-dev-cha": 173,
          "PrevClickTimeDelta-ip-app-dev-cha": 290,
          "PrevClickTimeDelta-os-cha": 314,
          "PrevClickTimeDelta-ip-os-cha": 354,
          "PrevClickTimeDelta-app-os-cha": 344,
          "PrevClickTimeDelta-ip-app-os-cha": 290,
          "PrevClickTimeDelta-dev-os-cha": 239,
          "PrevClickTimeDelta-ip-dev-os-cha": 248,
          "PrevClickTimeDelta-app-dev-os-cha": 300,
          "PrevClickTimeDelta-ip-app-dev-os-cha": 223,
          "AverageAttributedRatio-ip": 641,
          "AverageAttributedRatio-app": 442,
          "AverageAttributedRatio-ip-app": 427,
          "AverageAttributedRatio-dev": 745,
          "AverageAttributedRatio-ip-dev": 516,
          "AverageAttributedRatio-app-dev": 339,
          "AverageAttributedRatio-ip-app-dev": 482,
          "AverageAttributedRatio-os": 482,
          "AverageAttributedRatio-ip-os": 390,
          "AverageAttributedRatio-app-os": 408,
          "AverageAttributedRatio-ip-app-os": 137,
          "AverageAttributedRatio-dev-os": 445,
          "AverageAttributedRatio-ip-dev-os": 345,
          "AverageAttributedRatio-app-dev-os": 368,
          "AverageAttributedRatio-ip-app-dev-os": 107,
          "AverageAttributedRatio-cha": 412,
          "AverageAttributedRatio-ip-cha": 240,
          "AverageAttributedRatio-app-cha": 387,
          "AverageAttributedRatio-ip-app-cha": 143,
          "AverageAttributedRatio-dev-cha": 281,
          "AverageAttributedRatio-ip-dev-cha": 166,
          "AverageAttributedRatio-app-dev-cha": 313,
          "AverageAttributedRatio-ip-app-dev-cha": 141,
          "AverageAttributedRatio-os-cha": 402,
          "AverageAttributedRatio-ip-os-cha": 94,
          "AverageAttributedRatio-app-os-cha": 442,
          "AverageAttributedRatio-ip-app-os-cha": 91,
          "AverageAttributedRatio-dev-os-cha": 356,
          "AverageAttributedRatio-ip-dev-os-cha": 65,
          "AverageAttributedRatio-app-dev-os-cha": 470,
          "AverageAttributedRatio-ip-app-dev-os-cha": 62,
          "KomakiLDA5NoDevice-ip-app-0": 1169,
          "KomakiLDA5NoDevice-ip-app-1": 1179,
          "KomakiLDA5NoDevice-ip-app-2": 1274,
          "KomakiLDA5NoDevice-ip-app-3": 773,
          "KomakiLDA5NoDevice-ip-app-4": 683,
          "KomakiLDA5NoDevice-ip-os-0": 1183,
          "KomakiLDA5NoDevice-ip-os-1": 1134,
          "KomakiLDA5NoDevice-ip-os-2": 760,
          "KomakiLDA5NoDevice-ip-os-3": 908,
          "KomakiLDA5NoDevice-ip-os-4": 1023,
          "KomakiLDA5NoDevice-ip-channel-0": 1183,
          "KomakiLDA5NoDevice-ip-channel-1": 992,
          "KomakiLDA5NoDevice-ip-channel-2": 1210,
          "KomakiLDA5NoDevice-ip-channel-3": 1247,
          "KomakiLDA5NoDevice-ip-channel-4": 1164,
          "KomakiLDA5NoDevice-app-ip-0": 292,
          "KomakiLDA5NoDevice-app-ip-1": 217,
          "KomakiLDA5NoDevice-app-ip-2": 186,
          "KomakiLDA5NoDevice-app-ip-3": 182,
          "KomakiLDA5NoDevice-app-ip-4": 149,
          "KomakiLDA5NoDevice-app-os-0": 132,
          "KomakiLDA5NoDevice-app-os-1": 216,
          "KomakiLDA5NoDevice-app-os-2": 120,
          "KomakiLDA5NoDevice-app-os-3": 109,
          "KomakiLDA5NoDevice-app-os-4": 146,
          "KomakiLDA5NoDevice-app-channel-0": 147,
          "KomakiLDA5NoDevice-app-channel-1": 152,
          "KomakiLDA5NoDevice-app-channel-2": 172,
          "KomakiLDA5NoDevice-app-channel-3": 179,
          "KomakiLDA5NoDevice-app-channel-4": 80,
          "KomakiLDA5NoDevice-os-ip-0": 351,
          "KomakiLDA5NoDevice-os-ip-1": 246,
          "KomakiLDA5NoDevice-os-ip-2": 273,
          "KomakiLDA5NoDevice-os-ip-3": 203,
          "KomakiLDA5NoDevice-os-ip-4": 244,
          "KomakiLDA5NoDevice-os-app-0": 275,
          "KomakiLDA5NoDevice-os-app-1": 317,
          "KomakiLDA5NoDevice-os-app-2": 145,
          "KomakiLDA5NoDevice-os-app-3": 251,
          "KomakiLDA5NoDevice-os-app-4": 152,
          "KomakiLDA5NoDevice-os-channel-0": 298,
          "KomakiLDA5NoDevice-os-channel-1": 167,
          "KomakiLDA5NoDevice-os-channel-2": 244,
          "KomakiLDA5NoDevice-os-channel-3": 316,
          "KomakiLDA5NoDevice-os-channel-4": 170,
          "KomakiLDA5NoDevice-channel-ip-0": 307,
          "KomakiLDA5NoDevice-channel-ip-1": 313,
          "KomakiLDA5NoDevice-channel-ip-2": 253,
          "KomakiLDA5NoDevice-channel-ip-3": 349,
          "KomakiLDA5NoDevice-channel-ip-4": 247,
          "KomakiLDA5NoDevice-channel-app-0": 267,
          "KomakiLDA5NoDevice-channel-app-1": 207,
          "KomakiLDA5NoDevice-channel-app-2": 272,
          "KomakiLDA5NoDevice-channel-app-3": 221,
          "KomakiLDA5NoDevice-channel-app-4": 224,
          "KomakiLDA5NoDevice-channel-os-0": 276,
          "KomakiLDA5NoDevice-channel-os-1": 266,
          "KomakiLDA5NoDevice-channel-os-2": 282,
          "KomakiLDA5NoDevice-channel-os-3": 260,
          "KomakiLDA5NoDevice-channel-os-4": 273,
          "KomakiNMF5NoDevice-ip-app-0": 681,
          "KomakiNMF5NoDevice-ip-app-1": 1012,
          "KomakiNMF5NoDevice-ip-app-2": 856,
          "KomakiNMF5NoDevice-ip-app-3": 666,
          "KomakiNMF5NoDevice-ip-app-4": 764,
          "KomakiNMF5NoDevice-ip-os-0": 1021,
          "KomakiNMF5NoDevice-ip-os-1": 912,
          "KomakiNMF5NoDevice-ip-os-2": 805,
          "KomakiNMF5NoDevice-ip-os-3": 819,
          "KomakiNMF5NoDevice-ip-os-4": 862,
          "KomakiNMF5NoDevice-ip-channel-0": 712,
          "KomakiNMF5NoDevice-ip-channel-1": 1148,
          "KomakiNMF5NoDevice-ip-channel-2": 832,
          "KomakiNMF5NoDevice-ip-channel-3": 962,
          "KomakiNMF5NoDevice-ip-channel-4": 923,
          "KomakiNMF5NoDevice-app-ip-0": 99,
          "KomakiNMF5NoDevice-app-ip-1": 134,
          "KomakiNMF5NoDevice-app-ip-2": 99,
          "KomakiNMF5NoDevice-app-ip-3": 93,
          "KomakiNMF5NoDevice-app-ip-4": 67,
          "KomakiNMF5NoDevice-app-os-0": 55,
          "KomakiNMF5NoDevice-app-os-1": 109,
          "KomakiNMF5NoDevice-app-os-2": 104,
          "KomakiNMF5NoDevice-app-os-3": 27,
          "KomakiNMF5NoDevice-app-os-4": 48,
          "KomakiNMF5NoDevice-app-channel-0": 80,
          "KomakiNMF5NoDevice-app-channel-1": 100,
          "KomakiNMF5NoDevice-app-channel-2": 93,
          "KomakiNMF5NoDevice-app-channel-3": 158,
          "KomakiNMF5NoDevice-app-channel-4": 101,
          "KomakiNMF5NoDevice-os-ip-0": 164,
          "KomakiNMF5NoDevice-os-ip-1": 185,
          "KomakiNMF5NoDevice-os-ip-2": 146,
          "KomakiNMF5NoDevice-os-ip-3": 151,
          "KomakiNMF5NoDevice-os-ip-4": 116,
          "KomakiNMF5NoDevice-os-app-0": 74,
          "KomakiNMF5NoDevice-os-app-1": 18,
          "KomakiNMF5NoDevice-os-app-2": 131,
          "KomakiNMF5NoDevice-os-app-3": 211,
          "KomakiNMF5NoDevice-os-app-4": 143,
          "KomakiNMF5NoDevice-os-channel-0": 277,
          "KomakiNMF5NoDevice-os-channel-1": 133,
          "KomakiNMF5NoDevice-os-channel-2": 328,
          "KomakiNMF5NoDevice-os-channel-3": 215,
          "KomakiNMF5NoDevice-os-channel-4": 178,
          "KomakiNMF5NoDevice-channel-ip-0": 310,
          "KomakiNMF5NoDevice-channel-ip-1": 190,
          "KomakiNMF5NoDevice-channel-ip-2": 161,
          "KomakiNMF5NoDevice-channel-ip-3": 279,
          "KomakiNMF5NoDevice-channel-ip-4": 221,
          "KomakiNMF5NoDevice-channel-app-0": 125,
          "KomakiNMF5NoDevice-channel-app-1": 68,
          "KomakiNMF5NoDevice-channel-app-2": 126,
          "KomakiNMF5NoDevice-channel-app-3": 135,
          "KomakiNMF5NoDevice-channel-app-4": 143,
          "KomakiNMF5NoDevice-channel-os-0": 275,
          "KomakiNMF5NoDevice-channel-os-1": 96,
          "KomakiNMF5NoDevice-channel-os-2": 233,
          "KomakiNMF5NoDevice-channel-os-3": 115,
          "KomakiNMF5NoDevice-channel-os-4": 257,
          "KomakiPCA5NoDevice-ip-app-0": 1054,
          "KomakiPCA5NoDevice-ip-app-1": 866,
          "KomakiPCA5NoDevice-ip-app-2": 932,
          "KomakiPCA5NoDevice-ip-app-3": 672,
          "KomakiPCA5NoDevice-ip-app-4": 1005,
          "KomakiPCA5NoDevice-ip-os-0": 1114,
          "KomakiPCA5NoDevice-ip-os-1": 838,
          "KomakiPCA5NoDevice-ip-os-2": 883,
          "KomakiPCA5NoDevice-ip-os-3": 697,
          "KomakiPCA5NoDevice-ip-os-4": 956,
          "KomakiPCA5NoDevice-ip-channel-0": 1206,
          "KomakiPCA5NoDevice-ip-channel-1": 909,
          "KomakiPCA5NoDevice-ip-channel-2": 892,
          "KomakiPCA5NoDevice-ip-channel-3": 929,
          "KomakiPCA5NoDevice-ip-channel-4": 864,
          "KomakiPCA5NoDevice-app-ip-0": 95,
          "KomakiPCA5NoDevice-app-ip-1": 92,
          "KomakiPCA5NoDevice-app-ip-2": 92,
          "KomakiPCA5NoDevice-app-ip-3": 119,
          "KomakiPCA5NoDevice-app-ip-4": 92,
          "KomakiPCA5NoDevice-app-os-0": 100,
          "KomakiPCA5NoDevice-app-os-1": 87,
          "KomakiPCA5NoDevice-app-os-2": 96,
          "KomakiPCA5NoDevice-app-os-3": 117,
          "KomakiPCA5NoDevice-app-os-4": 110,
          "KomakiPCA5NoDevice-app-channel-0": 116,
          "KomakiPCA5NoDevice-app-channel-1": 100,
          "KomakiPCA5NoDevice-app-channel-2": 85,
          "KomakiPCA5NoDevice-app-channel-3": 104,
          "KomakiPCA5NoDevice-app-channel-4": 106,
          "KomakiPCA5NoDevice-os-ip-0": 81,
          "KomakiPCA5NoDevice-os-ip-1": 152,
          "KomakiPCA5NoDevice-os-ip-2": 206,
          "KomakiPCA5NoDevice-os-ip-3": 190,
          "KomakiPCA5NoDevice-os-ip-4": 178,
          "KomakiPCA5NoDevice-os-app-0": 151,
          "KomakiPCA5NoDevice-os-app-1": 145,
          "KomakiPCA5NoDevice-os-app-2": 128,
          "KomakiPCA5NoDevice-os-app-3": 224,
          "KomakiPCA5NoDevice-os-app-4": 213,
          "KomakiPCA5NoDevice-os-channel-0": 169,
          "KomakiPCA5NoDevice-os-channel-1": 220,
          "KomakiPCA5NoDevice-os-channel-2": 168,
          "KomakiPCA5NoDevice-os-channel-3": 139,
          "KomakiPCA5NoDevice-os-channel-4": 182,
          "KomakiPCA5NoDevice-channel-ip-0": 242,
          "KomakiPCA5NoDevice-channel-ip-1": 286,
          "KomakiPCA5NoDevice-channel-ip-2": 241,
          "KomakiPCA5NoDevice-channel-ip-3": 217,
          "KomakiPCA5NoDevice-channel-ip-4": 280,
          "KomakiPCA5NoDevice-channel-app-0": 213,
          "KomakiPCA5NoDevice-channel-app-1": 149,
          "KomakiPCA5NoDevice-channel-app-2": 159,
          "KomakiPCA5NoDevice-channel-app-3": 159,
          "KomakiPCA5NoDevice-channel-app-4": 170,
          "KomakiPCA5NoDevice-channel-os-0": 219,
          "KomakiPCA5NoDevice-channel-os-1": 240,
          "KomakiPCA5NoDevice-channel-os-2": 167,
          "KomakiPCA5NoDevice-channel-os-3": 209,
          "KomakiPCA5NoDevice-channel-os-4": 221,
          "ItemUserLDA_0": 54,
          "ItemUserLDA_1": 48,
          "ItemUserLDA_2": 13,
          "ItemUserLDA_3": 59,
          "ItemUserLDA_4": 9,
          "ItemUserLDA_5": 57,
          "ItemUserLDA_6": 1,
          "ItemUserLDA_7": 1,
          "ItemUserLDA_8": 30,
          "ItemUserLDA_9": 10,
          "ItemUserLDA_10": 83,
          "ItemUserLDA_11": 7,
          "ItemUserLDA_12": 1,
          "ItemUserLDA_13": 49,
          "ItemUserLDA_14": 27,
          "ItemUserLDA_15": 29,
          "ItemUserLDA_16": 58,
          "ItemUserLDA_17": 58,
          "ItemUserLDA_18": 23,
          "ItemUserLDA_19": 63,
          "ItemUserLDA_20": 40,
          "ItemUserLDA_21": 11,
          "ItemUserLDA_22": 0,
          "ItemUserLDA_23": 48,
          "ItemUserLDA_24": 127,
          "ItemUserLDA_25": 36,
          "ItemUserLDA_26": 45,
          "ItemUserLDA_27": 102,
          "ItemUserLDA_28": 0,
          "ItemUserLDA_29": 39,
          "UserItemLDA_0": 318,
          "UserItemLDA_1": 260,
          "UserItemLDA_2": 168,
          "UserItemLDA_3": 103,
          "UserItemLDA_4": 275,
          "UserItemLDA_5": 58,
          "UserItemLDA_6": 97,
          "UserItemLDA_7": 89,
          "UserItemLDA_8": 164,
          "UserItemLDA_9": 275,
          "UserItemLDA_10": 143,
          "UserItemLDA_11": 80,
          "UserItemLDA_12": 255,
          "UserItemLDA_13": 265,
          "UserItemLDA_14": 192,
          "UserItemLDA_15": 134,
          "UserItemLDA_16": 83,
          "UserItemLDA_17": 123,
          "UserItemLDA_18": 106,
          "UserItemLDA_19": 155,
          "UserItemLDA_20": 176,
          "UserItemLDA_21": 355,
          "UserItemLDA_22": 306,
          "UserItemLDA_23": 149,
          "UserItemLDA_24": 94,
          "UserItemLDA_25": 18,
          "UserItemLDA_26": 34,
          "UserItemLDA_27": 191,
          "UserItemLDA_28": 131,
          "UserItemLDA_29": 0
        }
      },
      {
        "train_auc": 0.994312308105932,
        "valid_auc": 0.984870170061499,
        "best_iteration": 625,
        "train_time": 536.1452744007111,
        "feature_importance": {
          "app": 3245,
          "hour": 3623,
          "n_channels": 968,
          "ip_app_count": 887,
          "ip_app_os_count": 1021,
          "FutureClickCount_600-ip": 544,
          "FutureClickCount_600-app": 441,
          "FutureClickCount_600-ip-app": 186,
          "FutureClickCount_600-dev": 292,
          "FutureClickCount_600-ip-dev": 546,
          "FutureClickCount_600-app-dev": 415,
          "FutureClickCount_600-ip-app-dev": 181,
          "FutureClickCount_600-os": 301,
          "FutureClickCount_600-ip-os": 434,
          "FutureClickCount_600-app-os": 475,
          "FutureClickCount_600-ip-app-os": 235,
          "FutureClickCount_600-dev-os": 629,
          "FutureClickCount_600-ip-dev-os": 395,
          "FutureClickCount_600-app-dev-os": 566,
          "FutureClickCount_600-ip-app-dev-os": 322,
          "FutureClickCount_600-cha": 456,
          "FutureClickCount_600-ip-cha": 130,
          "FutureClickCount_600-app-cha": 566,
          "FutureClickCount_600-ip-app-cha": 87,
          "FutureClickCount_600-dev-cha": 327,
          "FutureClickCount_600-ip-dev-cha": 136,
          "FutureClickCount_600-app-dev-cha": 371,
          "FutureClickCount_600-ip-app-dev-cha": 88,
          "FutureClickCount_600-os-cha": 275,
          "FutureClickCount_600-ip-os-cha": 106,
          "FutureClickCount_600-app-os-cha": 340,
          "FutureClickCount_600-ip-app-os-cha": 82,
          "FutureClickCount_600-dev-os-cha": 304,
          "FutureClickCount_600-ip-dev-os-cha": 80,
          "FutureClickCount_600-app-dev-os-cha": 286,
          "FutureClickCount_600-ip-app-dev-os-cha": 92,
          "FutureClickCount_4800-ip": 823,
          "FutureClickCount_4800-app": 345,
          "FutureClickCount_4800-ip-app": 352,
          "FutureClickCount_4800-dev": 74,
          "FutureClickCount_4800-ip-dev": 1055,
          "FutureClickCount_4800-app-dev": 156,
          "FutureClickCount_4800-ip-app-dev": 256,
          "FutureClickCount_4800-os": 135,
          "FutureClickCount_4800-ip-os": 578,
          "FutureClickCount_4800-app-os": 366,
          "FutureClickCount_4800-ip-app-os": 331,
          "FutureClickCount_4800-dev-os": 209,
          "FutureClickCount_4800-ip-dev-os": 651,
          "FutureClickCount_4800-app-dev-os": 494,
          "FutureClickCount_4800-ip-app-dev-os": 372,
          "FutureClickCount_4800-cha": 329,
          "FutureClickCount_4800-ip-cha": 243,
          "FutureClickCount_4800-app-cha": 517,
          "FutureClickCount_4800-ip-app-cha": 133,
          "FutureClickCount_4800-dev-cha": 239,
          "FutureClickCount_4800-ip-dev-cha": 158,
          "FutureClickCount_4800-app-dev-cha": 299,
          "FutureClickCount_4800-ip-app-dev-cha": 176,
          "FutureClickCount_4800-os-cha": 270,
          "FutureClickCount_4800-ip-os-cha": 110,
          "FutureClickCount_4800-app-os-cha": 321,
          "FutureClickCount_4800-ip-app-os-cha": 100,
          "FutureClickCount_4800-dev-os-cha": 272,
          "FutureClickCount_4800-ip-dev-os-cha": 85,
          "FutureClickCount_4800-app-dev-os-cha": 332,
          "FutureClickCount_4800-ip-app-dev-os-cha": 93,
          "NextClickTimeDelta-ip": 744,
          "NextClickTimeDelta-app": 140,
          "NextClickTimeDelta-ip-app": 824,
          "NextClickTimeDelta-dev": 68,
          "NextClickTimeDelta-ip-dev": 551,
          "NextClickTimeDelta-app-dev": 92,
          "NextClickTimeDelta-ip-app-dev": 599,
          "NextClickTimeDelta-os": 107,
          "NextClickTimeDelta-ip-os": 655,
          "NextClickTimeDelta-app-os": 216,
          "NextClickTimeDelta-ip-app-os": 1400,
          "NextClickTimeDelta-dev-os": 114,
          "NextClickTimeDelta-ip-dev-os": 447,
          "NextClickTimeDelta-app-dev-os": 182,
          "NextClickTimeDelta-ip-app-dev-os": 2503,
          "NextClickTimeDelta-cha": 150,
          "NextClickTimeDelta-ip-cha": 509,
          "NextClickTimeDelta-app-cha": 208,
          "NextClickTimeDelta-ip-app-cha": 409,
          "NextClickTimeDelta-dev-cha": 107,
          "NextClickTimeDelta-ip-dev-cha": 384,
          "NextClickTimeDelta-app-dev-cha": 172,
          "NextClickTimeDelta-ip-app-dev-cha": 325,
          "NextClickTimeDelta-os-cha": 245,
          "NextClickTimeDelta-ip-os-cha": 408,
          "NextClickTimeDelta-app-os-cha": 272,
          "NextClickTimeDelta-ip-app-os-cha": 454,
          "NextClickTimeDelta-dev-os-cha": 199,
          "NextClickTimeDelta-ip-dev-os-cha": 325,
          "NextClickTimeDelta-app-dev-os-cha": 204,
          "NextClickTimeDelta-ip-app-dev-os-cha": 482,
          "PrevClickTimeDelta-ip": 589,
          "PrevClickTimeDelta-app": 119,
          "PrevClickTimeDelta-ip-app": 399,
          "PrevClickTimeDelta-dev": 73,
          "PrevClickTimeDelta-ip-dev": 375,
          "PrevClickTimeDelta-app-dev": 83,
          "PrevClickTimeDelta-ip-app-dev": 288,
          "PrevClickTimeDelta-os": 154,
          "PrevClickTimeDelta-ip-os": 545,
          "PrevClickTimeDelta-app-os": 195,
          "PrevClickTimeDelta-ip-app-os": 312,
          "PrevClickTimeDelta-dev-os": 83,
          "PrevClickTimeDelta-ip-dev-os": 321,
          "PrevClickTimeDelta-app-dev-os": 169,
          "PrevClickTimeDelta-ip-app-dev-os": 342,
          "PrevClickTimeDelta-cha": 120,
          "PrevClickTimeDelta-ip-cha": 366,
          "PrevClickTimeDelta-app-cha": 200,
          "PrevClickTimeDelta-ip-app-cha": 267,
          "PrevClickTimeDelta-dev-cha": 106,
          "PrevClickTimeDelta-ip-dev-cha": 245,
          "PrevClickTimeDelta-app-dev-cha": 126,
          "PrevClickTimeDelta-ip-app-dev-cha": 208,
          "PrevClickTimeDelta-os-cha": 267,
          "PrevClickTimeDelta-ip-os-cha": 298,
          "PrevClickTimeDelta-app-os-cha": 240,
          "PrevClickTimeDelta-ip-app-os-cha": 224,
          "PrevClickTimeDelta-dev-os-cha": 200,
          "PrevClickTimeDelta-ip-dev-os-cha": 182,
          "PrevClickTimeDelta-app-dev-os-cha": 175,
          "PrevClickTimeDelta-ip-app-dev-os-cha": 172,
          "AverageAttributedRatio-ip": 503,
          "AverageAttributedRatio-app": 422,
          "AverageAttributedRatio-ip-app": 370,
          "AverageAttributedRatio-dev": 672,
          "AverageAttributedRatio-ip-dev": 455,
          "AverageAttributedRatio-app-dev": 276,
          "AverageAttributedRatio-ip-app-dev": 415,
          "AverageAttributedRatio-os": 353,
          "AverageAttributedRatio-ip-os": 292,
          "AverageAttributedRatio-app-os": 373,
          "AverageAttributedRatio-ip-app-os": 116,
          "AverageAttributedRatio-dev-os": 330,
          "AverageAttributedRatio-ip-dev-os": 311,
          "AverageAttributedRatio-app-dev-os": 360,
          "AverageAttributedRatio-ip-app-dev-os": 107,
          "AverageAttributedRatio-cha": 346,
          "AverageAttributedRatio-ip-cha": 154,
          "AverageAttributedRatio-app-cha": 312,
          "AverageAttributedRatio-ip-app-cha": 142,
          "AverageAttributedRatio-dev-cha": 200,
          "AverageAttributedRatio-ip-dev-cha": 137,
          "AverageAttributedRatio-app-dev-cha": 256,
          "AverageAttributedRatio-ip-app-dev-cha": 121,
          "AverageAttributedRatio-os-cha": 312,
          "AverageAttributedRatio-ip-os-cha": 60,
          "AverageAttributedRatio-app-os-cha": 419,
          "AverageAttributedRatio-ip-app-os-cha": 73,
          "AverageAttributedRatio-dev-os-cha": 291,
          "AverageAttributedRatio-ip-dev-os-cha": 56,
          "AverageAttributedRatio-app-dev-os-cha": 396,
          "AverageAttributedRatio-ip-app-dev-os-cha": 57,
          "KomakiLDA5NoDevice-ip-app-0": 990,
          "KomakiLDA5NoDevice-ip-app-1": 1002,
          "KomakiLDA5NoDevice-ip-app-2": 1068,
          "KomakiLDA5NoDevice-ip-app-3": 678,
          "KomakiLDA5NoDevice-ip-app-4": 511,
          "KomakiLDA5NoDevice-ip-os-0": 1010,
          "KomakiLDA5NoDevice-ip-os-1": 871,
          "KomakiLDA5NoDevice-ip-os-2": 638,
          "KomakiLDA5NoDevice-ip-os-3": 736,
          "KomakiLDA5NoDevice-ip-os-4": 854,
          "KomakiLDA5NoDevice-ip-channel-0": 894,
          "KomakiLDA5NoDevice-ip-channel-1": 763,
          "KomakiLDA5NoDevice-ip-channel-2": 1022,
          "KomakiLDA5NoDevice-ip-channel-3": 1081,
          "KomakiLDA5NoDevice-ip-channel-4": 973,
          "KomakiLDA5NoDevice-app-ip-0": 262,
          "KomakiLDA5NoDevice-app-ip-1": 211,
          "KomakiLDA5NoDevice-app-ip-2": 179,
          "KomakiLDA5NoDevice-app-ip-3": 191,
          "KomakiLDA5NoDevice-app-ip-4": 137,
          "KomakiLDA5NoDevice-app-os-0": 141,
          "KomakiLDA5NoDevice-app-os-1": 203,
          "KomakiLDA5NoDevice-app-os-2": 123,
          "KomakiLDA5NoDevice-app-os-3": 101,
          "KomakiLDA5NoDevice-app-os-4": 161,
          "KomakiLDA5NoDevice-app-channel-0": 131,
          "KomakiLDA5NoDevice-app-channel-1": 139,
          "KomakiLDA5NoDevice-app-channel-2": 172,
          "KomakiLDA5NoDevice-app-channel-3": 175,
          "KomakiLDA5NoDevice-app-channel-4": 76,
          "KomakiLDA5NoDevice-os-ip-0": 287,
          "KomakiLDA5NoDevice-os-ip-1": 218,
          "KomakiLDA5NoDevice-os-ip-2": 238,
          "KomakiLDA5NoDevice-os-ip-3": 195,
          "KomakiLDA5NoDevice-os-ip-4": 210,
          "KomakiLDA5NoDevice-os-app-0": 292,
          "KomakiLDA5NoDevice-os-app-1": 293,
          "KomakiLDA5NoDevice-os-app-2": 120,
          "KomakiLDA5NoDevice-os-app-3": 208,
          "KomakiLDA5NoDevice-os-app-4": 129,
          "KomakiLDA5NoDevice-os-channel-0": 267,
          "KomakiLDA5NoDevice-os-channel-1": 145,
          "KomakiLDA5NoDevice-os-channel-2": 211,
          "KomakiLDA5NoDevice-os-channel-3": 281,
          "KomakiLDA5NoDevice-os-channel-4": 166,
          "KomakiLDA5NoDevice-channel-ip-0": 197,
          "KomakiLDA5NoDevice-channel-ip-1": 247,
          "KomakiLDA5NoDevice-channel-ip-2": 182,
          "KomakiLDA5NoDevice-channel-ip-3": 280,
          "KomakiLDA5NoDevice-channel-ip-4": 173,
          "KomakiLDA5NoDevice-channel-app-0": 193,
          "KomakiLDA5NoDevice-channel-app-1": 169,
          "KomakiLDA5NoDevice-channel-app-2": 250,
          "KomakiLDA5NoDevice-channel-app-3": 193,
          "KomakiLDA5NoDevice-channel-app-4": 153,
          "KomakiLDA5NoDevice-channel-os-0": 223,
          "KomakiLDA5NoDevice-channel-os-1": 257,
          "KomakiLDA5NoDevice-channel-os-2": 267,
          "KomakiLDA5NoDevice-channel-os-3": 230,
          "KomakiLDA5NoDevice-channel-os-4": 232,
          "KomakiNMF5NoDevice-ip-app-0": 579,
          "KomakiNMF5NoDevice-ip-app-1": 851,
          "KomakiNMF5NoDevice-ip-app-2": 737,
          "KomakiNMF5NoDevice-ip-app-3": 509,
          "KomakiNMF5NoDevice-ip-app-4": 589,
          "KomakiNMF5NoDevice-ip-os-0": 769,
          "KomakiNMF5NoDevice-ip-os-1": 781,
          "KomakiNMF5NoDevice-ip-os-2": 601,
          "KomakiNMF5NoDevice-ip-os-3": 763,
          "KomakiNMF5NoDevice-ip-os-4": 683,
          "KomakiNMF5NoDevice-ip-channel-0": 651,
          "KomakiNMF5NoDevice-ip-channel-1": 1048,
          "KomakiNMF5NoDevice-ip-channel-2": 643,
          "KomakiNMF5NoDevice-ip-channel-3": 759,
          "KomakiNMF5NoDevice-ip-channel-4": 730,
          "KomakiNMF5NoDevice-app-ip-0": 86,
          "KomakiNMF5NoDevice-app-ip-1": 117,
          "KomakiNMF5NoDevice-app-ip-2": 105,
          "KomakiNMF5NoDevice-app-ip-3": 113,
          "KomakiNMF5NoDevice-app-ip-4": 68,
          "KomakiNMF5NoDevice-app-os-0": 34,
          "KomakiNMF5NoDevice-app-os-1": 93,
          "KomakiNMF5NoDevice-app-os-2": 81,
          "KomakiNMF5NoDevice-app-os-3": 32,
          "KomakiNMF5NoDevice-app-os-4": 45,
          "KomakiNMF5NoDevice-app-channel-0": 84,
          "KomakiNMF5NoDevice-app-channel-1": 94,
          "KomakiNMF5NoDevice-app-channel-2": 92,
          "KomakiNMF5NoDevice-app-channel-3": 107,
          "KomakiNMF5NoDevice-app-channel-4": 62,
          "KomakiNMF5NoDevice-os-ip-0": 98,
          "KomakiNMF5NoDevice-os-ip-1": 154,
          "KomakiNMF5NoDevice-os-ip-2": 127,
          "KomakiNMF5NoDevice-os-ip-3": 132,
          "KomakiNMF5NoDevice-os-ip-4": 113,
          "KomakiNMF5NoDevice-os-app-0": 83,
          "KomakiNMF5NoDevice-os-app-1": 9,
          "KomakiNMF5NoDevice-os-app-2": 99,
          "KomakiNMF5NoDevice-os-app-3": 164,
          "KomakiNMF5NoDevice-os-app-4": 103,
          "KomakiNMF5NoDevice-os-channel-0": 231,
          "KomakiNMF5NoDevice-os-channel-1": 104,
          "KomakiNMF5NoDevice-os-channel-2": 248,
          "KomakiNMF5NoDevice-os-channel-3": 214,
          "KomakiNMF5NoDevice-os-channel-4": 152,
          "KomakiNMF5NoDevice-channel-ip-0": 307,
          "KomakiNMF5NoDevice-channel-ip-1": 145,
          "KomakiNMF5NoDevice-channel-ip-2": 153,
          "KomakiNMF5NoDevice-channel-ip-3": 225,
          "KomakiNMF5NoDevice-channel-ip-4": 235,
          "KomakiNMF5NoDevice-channel-app-0": 104,
          "KomakiNMF5NoDevice-channel-app-1": 50,
          "KomakiNMF5NoDevice-channel-app-2": 127,
          "KomakiNMF5NoDevice-channel-app-3": 106,
          "KomakiNMF5NoDevice-channel-app-4": 139,
          "KomakiNMF5NoDevice-channel-os-0": 225,
          "KomakiNMF5NoDevice-channel-os-1": 74,
          "KomakiNMF5NoDevice-channel-os-2": 181,
          "KomakiNMF5NoDevice-channel-os-3": 114,
          "KomakiNMF5NoDevice-channel-os-4": 214,
          "KomakiPCA5NoDevice-ip-app-0": 854,
          "KomakiPCA5NoDevice-ip-app-1": 710,
          "KomakiPCA5NoDevice-ip-app-2": 655,
          "KomakiPCA5NoDevice-ip-app-3": 500,
          "KomakiPCA5NoDevice-ip-app-4": 798,
          "KomakiPCA5NoDevice-ip-os-0": 930,
          "KomakiPCA5NoDevice-ip-os-1": 679,
          "KomakiPCA5NoDevice-ip-os-2": 718,
          "KomakiPCA5NoDevice-ip-os-3": 578,
          "KomakiPCA5NoDevice-ip-os-4": 696,
          "KomakiPCA5NoDevice-ip-channel-0": 1029,
          "KomakiPCA5NoDevice-ip-channel-1": 713,
          "KomakiPCA5NoDevice-ip-channel-2": 673,
          "KomakiPCA5NoDevice-ip-channel-3": 709,
          "KomakiPCA5NoDevice-ip-channel-4": 703,
          "KomakiPCA5NoDevice-app-ip-0": 57,
          "KomakiPCA5NoDevice-app-ip-1": 93,
          "KomakiPCA5NoDevice-app-ip-2": 67,
          "KomakiPCA5NoDevice-app-ip-3": 108,
          "KomakiPCA5NoDevice-app-ip-4": 73,
          "KomakiPCA5NoDevice-app-os-0": 101,
          "KomakiPCA5NoDevice-app-os-1": 68,
          "KomakiPCA5NoDevice-app-os-2": 85,
          "KomakiPCA5NoDevice-app-os-3": 102,
          "KomakiPCA5NoDevice-app-os-4": 85,
          "KomakiPCA5NoDevice-app-channel-0": 100,
          "KomakiPCA5NoDevice-app-channel-1": 95,
          "KomakiPCA5NoDevice-app-channel-2": 90,
          "KomakiPCA5NoDevice-app-channel-3": 102,
          "KomakiPCA5NoDevice-app-channel-4": 93,
          "KomakiPCA5NoDevice-os-ip-0": 52,
          "KomakiPCA5NoDevice-os-ip-1": 118,
          "KomakiPCA5NoDevice-os-ip-2": 132,
          "KomakiPCA5NoDevice-os-ip-3": 154,
          "KomakiPCA5NoDevice-os-ip-4": 160,
          "KomakiPCA5NoDevice-os-app-0": 126,
          "KomakiPCA5NoDevice-os-app-1": 111,
          "KomakiPCA5NoDevice-os-app-2": 80,
          "KomakiPCA5NoDevice-os-app-3": 192,
          "KomakiPCA5NoDevice-os-app-4": 186,
          "KomakiPCA5NoDevice-os-channel-0": 139,
          "KomakiPCA5NoDevice-os-channel-1": 190,
          "KomakiPCA5NoDevice-os-channel-2": 106,
          "KomakiPCA5NoDevice-os-channel-3": 98,
          "KomakiPCA5NoDevice-os-channel-4": 104,
          "KomakiPCA5NoDevice-channel-ip-0": 218,
          "KomakiPCA5NoDevice-channel-ip-1": 214,
          "KomakiPCA5NoDevice-channel-ip-2": 174,
          "KomakiPCA5NoDevice-channel-ip-3": 181,
          "KomakiPCA5NoDevice-channel-ip-4": 214,
          "KomakiPCA5NoDevice-channel-app-0": 203,
          "KomakiPCA5NoDevice-channel-app-1": 137,
          "KomakiPCA5NoDevice-channel-app-2": 141,
          "KomakiPCA5NoDevice-channel-app-3": 118,
          "KomakiPCA5NoDevice-channel-app-4": 148,
          "KomakiPCA5NoDevice-channel-os-0": 168,
          "KomakiPCA5NoDevice-channel-os-1": 171,
          "KomakiPCA5NoDevice-channel-os-2": 151,
          "KomakiPCA5NoDevice-channel-os-3": 180,
          "KomakiPCA5NoDevice-channel-os-4": 165,
          "ItemUserLDA_0": 63,
          "ItemUserLDA_1": 53,
          "ItemUserLDA_2": 23,
          "ItemUserLDA_3": 55,
          "ItemUserLDA_4": 9,
          "ItemUserLDA_5": 51,
          "ItemUserLDA_6": 6,
          "ItemUserLDA_7": 1,
          "ItemUserLDA_8": 30,
          "ItemUserLDA_9": 15,
          "ItemUserLDA_10": 100,
          "ItemUserLDA_11": 8,
          "ItemUserLDA_12": 0,
          "ItemUserLDA_13": 38,
          "ItemUserLDA_14": 30,
          "ItemUserLDA_15": 26,
          "ItemUserLDA_16": 52,
          "ItemUserLDA_17": 44,
          "ItemUserLDA_18": 24,
          "ItemUserLDA_19": 57,
          "ItemUserLDA_20": 44,
          "ItemUserLDA_21": 12,
          "ItemUserLDA_22": 0,
          "ItemUserLDA_23": 28,
          "ItemUserLDA_24": 131,
          "ItemUserLDA_25": 32,
          "ItemUserLDA_26": 49,
          "ItemUserLDA_27": 108,
          "ItemUserLDA_28": 2,
          "ItemUserLDA_29": 34,
          "UserItemLDA_0": 336,
          "UserItemLDA_1": 173,
          "UserItemLDA_2": 120,
          "UserItemLDA_3": 71,
          "UserItemLDA_4": 196,
          "UserItemLDA_5": 36,
          "UserItemLDA_6": 96,
          "UserItemLDA_7": 62,
          "UserItemLDA_8": 112,
          "UserItemLDA_9": 198,
          "UserItemLDA_10": 92,
          "UserItemLDA_11": 48,
          "UserItemLDA_12": 221,
          "UserItemLDA_13": 173,
          "UserItemLDA_14": 129,
          "UserItemLDA_15": 111,
          "UserItemLDA_16": 74,
          "UserItemLDA_17": 110,
          "UserItemLDA_18": 80,
          "UserItemLDA_19": 115,
          "UserItemLDA_20": 164,
          "UserItemLDA_21": 263,
          "UserItemLDA_22": 209,
          "UserItemLDA_23": 149,
          "UserItemLDA_24": 94,
          "UserItemLDA_25": 24,
          "UserItemLDA_26": 29,
          "UserItemLDA_27": 154,
          "UserItemLDA_28": 106,
          "UserItemLDA_29": 4
        }
      }
    ],
    "average_train_auc": 0.9948709119952157,
    "average_valid_auc": 0.9848093781589998,
    "train_auc_std": 0.00033856323271269433,
    "valid_auc_std": 8.155861303704803e-05,
    "average_train_time": 591.518600988388
  },
  "config": {
    "features": [
      "app",
      "hour",
      "count",
      "future_click_count_10",
      "future_click_count_80",
      "next_click_time_delta",
      "prev_click_time_delta",
      "average_attributed_ratio",
      "komaki_lda_5_no_device",
      "komaki_nmf_5_no_device",
      "komaki_pca_5_no_device",
      "item_user_lda_30",
      "user_item_lda_30"
    ],
    "model": {
      "name": "lightgbm",
      "model_params": {
        "boosting_type": "gbdt",
        "objective": "binary",
        "metric": "auc",
        "learning_rate": 0.03,
        "num_leaves": 255,
        "max_depth": 8,
        "min_child_samples": 10,
        "max_bin": 100,
        "subsample": 0.7,
        "subsample_freq": 1,
        "colsample_bytree": 0.7,
        "min_child_weight": 0,
        "subsample_for_bin": 200000,
        "min_split_gain": 0,
        "reg_alpha": 0,
        "reg_lambda": 0,
        "verbose": 0
      },
      "train_params": {
        "num_boost_round": 1000,
        "early_stopping_rounds": 30
      }
    },
    "dataset": {
      "input_directory": "data/input/",
      "cache_directory": "data/working/",
      "validation_ratio": 0.33333333333,
      "full_data_train": true,
      "files": {
        "train": "train.feather",
        "test": "old_test.feather"
      },
      "negative_down_sampling": {
        "enabled": true,
        "bagging_size": 5,
        "random_state": 114514
      }
    },
    "note": "43 + 40"
  }
}