{
  "training": {
    "trials": [
      {
        "train_auc": 0.9910492225052483,
        "valid_auc": 0.9841366232843524,
        "best_iteration": 293,
        "train_time": 239.56623220443726,
        "feature_importance": {
          "ip": 1620,
          "os": 747,
          "app": 937,
          "channel": 1588,
          "hour": 1221,
          "n_channels": 742,
          "ip_app_count": 649,
          "ip_app_os_count": 557,
          "FutureClickCount_600-ip": 356,
          "FutureClickCount_600-app": 259,
          "FutureClickCount_600-ip-app": 90,
          "FutureClickCount_600-dev": 143,
          "FutureClickCount_600-ip-dev": 245,
          "FutureClickCount_600-app-dev": 238,
          "FutureClickCount_600-ip-app-dev": 80,
          "FutureClickCount_600-os": 158,
          "FutureClickCount_600-ip-os": 179,
          "FutureClickCount_600-app-os": 201,
          "FutureClickCount_600-ip-app-os": 124,
          "FutureClickCount_600-dev-os": 475,
          "FutureClickCount_600-ip-dev-os": 178,
          "FutureClickCount_600-app-dev-os": 330,
          "FutureClickCount_600-ip-app-dev-os": 255,
          "FutureClickCount_600-cha": 260,
          "FutureClickCount_600-ip-cha": 62,
          "FutureClickCount_600-app-cha": 393,
          "FutureClickCount_600-ip-app-cha": 48,
          "FutureClickCount_600-dev-cha": 174,
          "FutureClickCount_600-ip-dev-cha": 61,
          "FutureClickCount_600-app-dev-cha": 201,
          "FutureClickCount_600-ip-app-dev-cha": 47,
          "FutureClickCount_600-os-cha": 148,
          "FutureClickCount_600-ip-os-cha": 31,
          "FutureClickCount_600-app-os-cha": 214,
          "FutureClickCount_600-ip-app-os-cha": 43,
          "FutureClickCount_600-dev-os-cha": 138,
          "FutureClickCount_600-ip-dev-os-cha": 42,
          "FutureClickCount_600-app-dev-os-cha": 138,
          "FutureClickCount_600-ip-app-dev-os-cha": 51,
          "FutureClickCount_4800-ip": 713,
          "FutureClickCount_4800-app": 161,
          "FutureClickCount_4800-ip-app": 188,
          "FutureClickCount_4800-dev": 41,
          "FutureClickCount_4800-ip-dev": 699,
          "FutureClickCount_4800-app-dev": 105,
          "FutureClickCount_4800-ip-app-dev": 119,
          "FutureClickCount_4800-os": 109,
          "FutureClickCount_4800-ip-os": 321,
          "FutureClickCount_4800-app-os": 178,
          "FutureClickCount_4800-ip-app-os": 184,
          "FutureClickCount_4800-dev-os": 163,
          "FutureClickCount_4800-ip-dev-os": 410,
          "FutureClickCount_4800-app-dev-os": 324,
          "FutureClickCount_4800-ip-app-dev-os": 240,
          "FutureClickCount_4800-cha": 149,
          "FutureClickCount_4800-ip-cha": 113,
          "FutureClickCount_4800-app-cha": 267,
          "FutureClickCount_4800-ip-app-cha": 87,
          "FutureClickCount_4800-dev-cha": 98,
          "FutureClickCount_4800-ip-dev-cha": 74,
          "FutureClickCount_4800-app-dev-cha": 139,
          "FutureClickCount_4800-ip-app-dev-cha": 69,
          "FutureClickCount_4800-os-cha": 123,
          "FutureClickCount_4800-ip-os-cha": 55,
          "FutureClickCount_4800-app-os-cha": 150,
          "FutureClickCount_4800-ip-app-os-cha": 49,
          "FutureClickCount_4800-dev-os-cha": 137,
          "FutureClickCount_4800-ip-dev-os-cha": 33,
          "FutureClickCount_4800-app-dev-os-cha": 149,
          "FutureClickCount_4800-ip-app-dev-os-cha": 35,
          "NextClickTimeDelta-ip": 477,
          "NextClickTimeDelta-app": 43,
          "NextClickTimeDelta-ip-app": 548,
          "NextClickTimeDelta-dev": 38,
          "NextClickTimeDelta-ip-dev": 307,
          "NextClickTimeDelta-app-dev": 41,
          "NextClickTimeDelta-ip-app-dev": 350,
          "NextClickTimeDelta-os": 41,
          "NextClickTimeDelta-ip-os": 295,
          "NextClickTimeDelta-app-os": 115,
          "NextClickTimeDelta-ip-app-os": 1135,
          "NextClickTimeDelta-dev-os": 51,
          "NextClickTimeDelta-ip-dev-os": 245,
          "NextClickTimeDelta-app-dev-os": 77,
          "NextClickTimeDelta-ip-app-dev-os": 1794,
          "NextClickTimeDelta-cha": 55,
          "NextClickTimeDelta-ip-cha": 243,
          "NextClickTimeDelta-app-cha": 107,
          "NextClickTimeDelta-ip-app-cha": 252,
          "NextClickTimeDelta-dev-cha": 47,
          "NextClickTimeDelta-ip-dev-cha": 149,
          "NextClickTimeDelta-app-dev-cha": 70,
          "NextClickTimeDelta-ip-app-dev-cha": 204,
          "NextClickTimeDelta-os-cha": 93,
          "NextClickTimeDelta-ip-os-cha": 183,
          "NextClickTimeDelta-app-os-cha": 123,
          "NextClickTimeDelta-ip-app-os-cha": 293,
          "NextClickTimeDelta-dev-os-cha": 81,
          "NextClickTimeDelta-ip-dev-os-cha": 158,
          "NextClickTimeDelta-app-dev-os-cha": 100,
          "NextClickTimeDelta-ip-app-dev-os-cha": 343,
          "PrevClickTimeDelta-ip": 313,
          "PrevClickTimeDelta-app": 53,
          "PrevClickTimeDelta-ip-app": 172,
          "PrevClickTimeDelta-dev": 38,
          "PrevClickTimeDelta-ip-dev": 170,
          "PrevClickTimeDelta-app-dev": 43,
          "PrevClickTimeDelta-ip-app-dev": 128,
          "PrevClickTimeDelta-os": 40,
          "PrevClickTimeDelta-ip-os": 264,
          "PrevClickTimeDelta-app-os": 85,
          "PrevClickTimeDelta-ip-app-os": 148,
          "PrevClickTimeDelta-dev-os": 35,
          "PrevClickTimeDelta-ip-dev-os": 147,
          "PrevClickTimeDelta-app-dev-os": 73,
          "PrevClickTimeDelta-ip-app-dev-os": 116,
          "PrevClickTimeDelta-cha": 50,
          "PrevClickTimeDelta-ip-cha": 201,
          "PrevClickTimeDelta-app-cha": 89,
          "PrevClickTimeDelta-ip-app-cha": 119,
          "PrevClickTimeDelta-dev-cha": 44,
          "PrevClickTimeDelta-ip-dev-cha": 104,
          "PrevClickTimeDelta-app-dev-cha": 57,
          "PrevClickTimeDelta-ip-app-dev-cha": 77,
          "PrevClickTimeDelta-os-cha": 88,
          "PrevClickTimeDelta-ip-os-cha": 118,
          "PrevClickTimeDelta-app-os-cha": 121,
          "PrevClickTimeDelta-ip-app-os-cha": 69,
          "PrevClickTimeDelta-dev-os-cha": 80,
          "PrevClickTimeDelta-ip-dev-os-cha": 57,
          "PrevClickTimeDelta-app-dev-os-cha": 99,
          "PrevClickTimeDelta-ip-app-dev-os-cha": 60,
          "AverageAttributedRatio-ip": 194,
          "AverageAttributedRatio-app": 194,
          "AverageAttributedRatio-ip-app": 118,
          "AverageAttributedRatio-dev": 299,
          "AverageAttributedRatio-ip-dev": 133,
          "AverageAttributedRatio-app-dev": 120,
          "AverageAttributedRatio-ip-app-dev": 113,
          "AverageAttributedRatio-os": 158,
          "AverageAttributedRatio-ip-os": 101,
          "AverageAttributedRatio-app-os": 178,
          "AverageAttributedRatio-ip-app-os": 39,
          "AverageAttributedRatio-dev-os": 128,
          "AverageAttributedRatio-ip-dev-os": 69,
          "AverageAttributedRatio-app-dev-os": 214,
          "AverageAttributedRatio-ip-app-dev-os": 25,
          "AverageAttributedRatio-cha": 141,
          "AverageAttributedRatio-ip-cha": 68,
          "AverageAttributedRatio-app-cha": 167,
          "AverageAttributedRatio-ip-app-cha": 33,
          "AverageAttributedRatio-dev-cha": 101,
          "AverageAttributedRatio-ip-dev-cha": 35,
          "AverageAttributedRatio-app-dev-cha": 134,
          "AverageAttributedRatio-ip-app-dev-cha": 30,
          "AverageAttributedRatio-os-cha": 161,
          "AverageAttributedRatio-ip-os-cha": 31,
          "AverageAttributedRatio-app-os-cha": 219,
          "AverageAttributedRatio-ip-app-os-cha": 20,
          "AverageAttributedRatio-dev-os-cha": 135,
          "AverageAttributedRatio-ip-dev-os-cha": 25,
          "AverageAttributedRatio-app-dev-os-cha": 226,
          "AverageAttributedRatio-ip-app-dev-os-cha": 17,
          "MedianAttributeTimePast-ip": 854,
          "MedianAttributeTimePast-app": 315,
          "MedianAttributeTimePast-ip-app": 307,
          "MedianAttributeTimePast-dev": 356,
          "MedianAttributeTimePast-ip-dev": 347,
          "MedianAttributeTimePast-app-dev": 394,
          "MedianAttributeTimePast-ip-app-dev": 384,
          "MedianAttributeTimePast-os": 327,
          "MedianAttributeTimePast-ip-os": 210,
          "MedianAttributeTimePast-app-os": 438,
          "MedianAttributeTimePast-ip-app-os": 129,
          "MedianAttributeTimePast-dev-os": 333,
          "MedianAttributeTimePast-ip-dev-os": 263,
          "MedianAttributeTimePast-app-dev-os": 379,
          "MedianAttributeTimePast-ip-app-dev-os": 144,
          "MedianAttributeTimePast-cha": 336,
          "MedianAttributeTimePast-ip-cha": 131,
          "MedianAttributeTimePast-app-cha": 447,
          "MedianAttributeTimePast-ip-app-cha": 116,
          "MedianAttributeTimePast-dev-cha": 373,
          "MedianAttributeTimePast-ip-dev-cha": 136,
          "MedianAttributeTimePast-app-dev-cha": 383,
          "MedianAttributeTimePast-ip-app-dev-cha": 130,
          "MedianAttributeTimePast-os-cha": 334,
          "MedianAttributeTimePast-ip-os-cha": 42,
          "MedianAttributeTimePast-app-os-cha": 491,
          "MedianAttributeTimePast-ip-app-os-cha": 67,
          "MedianAttributeTimePast-dev-os-cha": 367,
          "MedianAttributeTimePast-ip-dev-os-cha": 30,
          "MedianAttributeTimePast-app-dev-os-cha": 420,
          "MedianAttributeTimePast-ip-app-dev-os-cha": 79,
          "KomakiLDA5NoDevice-ip-app-0": 749,
          "KomakiLDA5NoDevice-ip-app-1": 591,
          "KomakiLDA5NoDevice-ip-app-2": 399,
          "KomakiLDA5NoDevice-ip-app-3": 380,
          "KomakiLDA5NoDevice-ip-app-4": 326,
          "KomakiLDA5NoDevice-ip-os-0": 344,
          "KomakiLDA5NoDevice-ip-os-1": 428,
          "KomakiLDA5NoDevice-ip-os-2": 445,
          "KomakiLDA5NoDevice-ip-os-3": 328,
          "KomakiLDA5NoDevice-ip-os-4": 271,
          "KomakiLDA5NoDevice-ip-channel-0": 369,
          "KomakiLDA5NoDevice-ip-channel-1": 531,
          "KomakiLDA5NoDevice-ip-channel-2": 497,
          "KomakiLDA5NoDevice-ip-channel-3": 496,
          "KomakiLDA5NoDevice-ip-channel-4": 578,
          "KomakiLDA5NoDevice-app-ip-0": 287,
          "KomakiLDA5NoDevice-app-ip-1": 188,
          "KomakiLDA5NoDevice-app-ip-2": 161,
          "KomakiLDA5NoDevice-app-ip-3": 205,
          "KomakiLDA5NoDevice-app-ip-4": 184,
          "KomakiLDA5NoDevice-app-os-0": 144,
          "KomakiLDA5NoDevice-app-os-1": 235,
          "KomakiLDA5NoDevice-app-os-2": 154,
          "KomakiLDA5NoDevice-app-os-3": 119,
          "KomakiLDA5NoDevice-app-os-4": 216,
          "KomakiLDA5NoDevice-app-channel-0": 150,
          "KomakiLDA5NoDevice-app-channel-1": 171,
          "KomakiLDA5NoDevice-app-channel-2": 165,
          "KomakiLDA5NoDevice-app-channel-3": 170,
          "KomakiLDA5NoDevice-app-channel-4": 110,
          "KomakiLDA5NoDevice-os-ip-0": 182,
          "KomakiLDA5NoDevice-os-ip-1": 126,
          "KomakiLDA5NoDevice-os-ip-2": 111,
          "KomakiLDA5NoDevice-os-ip-3": 108,
          "KomakiLDA5NoDevice-os-ip-4": 112,
          "KomakiLDA5NoDevice-os-app-0": 218,
          "KomakiLDA5NoDevice-os-app-1": 196,
          "KomakiLDA5NoDevice-os-app-2": 107,
          "KomakiLDA5NoDevice-os-app-3": 176,
          "KomakiLDA5NoDevice-os-app-4": 132,
          "KomakiLDA5NoDevice-os-channel-0": 216,
          "KomakiLDA5NoDevice-os-channel-1": 129,
          "KomakiLDA5NoDevice-os-channel-2": 162,
          "KomakiLDA5NoDevice-os-channel-3": 168,
          "KomakiLDA5NoDevice-os-channel-4": 112,
          "KomakiLDA5NoDevice-channel-ip-0": 167,
          "KomakiLDA5NoDevice-channel-ip-1": 166,
          "KomakiLDA5NoDevice-channel-ip-2": 176,
          "KomakiLDA5NoDevice-channel-ip-3": 151,
          "KomakiLDA5NoDevice-channel-ip-4": 195,
          "KomakiLDA5NoDevice-channel-app-0": 190,
          "KomakiLDA5NoDevice-channel-app-1": 129,
          "KomakiLDA5NoDevice-channel-app-2": 154,
          "KomakiLDA5NoDevice-channel-app-3": 131,
          "KomakiLDA5NoDevice-channel-app-4": 144,
          "KomakiLDA5NoDevice-channel-os-0": 148,
          "KomakiLDA5NoDevice-channel-os-1": 216,
          "KomakiLDA5NoDevice-channel-os-2": 157,
          "KomakiLDA5NoDevice-channel-os-3": 180,
          "KomakiLDA5NoDevice-channel-os-4": 99
        }
      }
    ],
    "average_train_auc": 0.9910492225052483,
    "average_valid_auc": 0.9841366232843524,
    "train_auc_std": 0.0,
    "valid_auc_std": 0.0,
    "average_train_time": 239.56623220443726
  },
  "config": {
    "features": [
      "ip",
      "os",
      "app",
      "channel",
      "hour",
      "count",
      "future_click_count_10",
      "future_click_count_80",
      "next_click_time_delta",
      "prev_click_time_delta",
      "average_attributed_ratio",
      "komaki_lda_5_no_device",
      "median_attribute_time_past"
    ],
    "model": {
      "name": "lightgbm",
      "model_params": {
        "boosting_type": "gbdt",
        "objective": "binary",
        "metric": "auc",
        "learning_rate": 0.03,
        "num_leaves": 255,
        "max_depth": 8,
        "min_child_samples": 10,
        "max_bin": 100,
        "subsample": 0.7,
        "subsample_freq": 1,
        "colsample_bytree": 0.7,
        "min_child_weight": 0,
        "subsample_for_bin": 200000,
        "min_split_gain": 0,
        "reg_alpha": 0,
        "reg_lambda": 0,
        "verbose": 0
      },
      "train_params": {
        "num_boost_round": 1000,
        "early_stopping_rounds": 30
      }
    },
    "dataset": {
      "input_directory": "data/input/",
      "cache_directory": "data/working/",
      "validation_ratio": 0.33333333333,
      "full_data_train": true,
      "files": {
        "train": "train.feather",
        "test": "old_test.feather"
      },
      "negative_down_sampling": {
        "enabled": true,
        "bagging_size": 1,
        "random_state": 114514
      }
    },
    "note": "Introduce Median Attribute Time Past (No bagging)"
  }
}