{
  "training": {
    "trials": [
      {
        "train_auc": 0.9940177680803551,
        "valid_auc": 0.9849754068040838,
        "best_iteration": 608,
        "train_time": 252.87312054634094,
        "feature_importance": {
          "app": 2765,
          "hour": 2939,
          "n_channels": 679,
          "ip_app_count": 676,
          "ip_app_os_count": 859,
          "FutureClickCount_600-ip": 406,
          "FutureClickCount_600-app": 435,
          "FutureClickCount_600-ip-app": 137,
          "FutureClickCount_600-dev": 230,
          "FutureClickCount_600-ip-dev": 490,
          "FutureClickCount_600-app-dev": 335,
          "FutureClickCount_600-ip-app-dev": 144,
          "FutureClickCount_600-os": 228,
          "FutureClickCount_600-ip-os": 279,
          "FutureClickCount_600-app-os": 393,
          "FutureClickCount_600-ip-app-os": 181,
          "FutureClickCount_600-dev-os": 550,
          "FutureClickCount_600-ip-dev-os": 321,
          "FutureClickCount_600-app-dev-os": 493,
          "FutureClickCount_600-ip-app-dev-os": 263,
          "FutureClickCount_600-cha": 415,
          "FutureClickCount_600-ip-cha": 88,
          "FutureClickCount_600-app-cha": 582,
          "FutureClickCount_600-ip-app-cha": 83,
          "FutureClickCount_600-dev-cha": 348,
          "FutureClickCount_600-ip-dev-cha": 77,
          "FutureClickCount_600-app-dev-cha": 332,
          "FutureClickCount_600-ip-app-dev-cha": 56,
          "FutureClickCount_600-os-cha": 294,
          "FutureClickCount_600-ip-os-cha": 57,
          "FutureClickCount_600-app-os-cha": 289,
          "FutureClickCount_600-ip-app-os-cha": 70,
          "FutureClickCount_600-dev-os-cha": 262,
          "FutureClickCount_600-ip-dev-os-cha": 65,
          "FutureClickCount_600-app-dev-os-cha": 266,
          "FutureClickCount_600-ip-app-dev-os-cha": 71,
          "FutureClickCount_4800-ip": 691,
          "FutureClickCount_4800-app": 275,
          "FutureClickCount_4800-ip-app": 260,
          "FutureClickCount_4800-dev": 53,
          "FutureClickCount_4800-ip-dev": 947,
          "FutureClickCount_4800-app-dev": 177,
          "FutureClickCount_4800-ip-app-dev": 221,
          "FutureClickCount_4800-os": 112,
          "FutureClickCount_4800-ip-os": 474,
          "FutureClickCount_4800-app-os": 317,
          "FutureClickCount_4800-ip-app-os": 216,
          "FutureClickCount_4800-dev-os": 189,
          "FutureClickCount_4800-ip-dev-os": 655,
          "FutureClickCount_4800-app-dev-os": 440,
          "FutureClickCount_4800-ip-app-dev-os": 295,
          "FutureClickCount_4800-cha": 266,
          "FutureClickCount_4800-ip-cha": 153,
          "FutureClickCount_4800-app-cha": 436,
          "FutureClickCount_4800-ip-app-cha": 133,
          "FutureClickCount_4800-dev-cha": 252,
          "FutureClickCount_4800-ip-dev-cha": 139,
          "FutureClickCount_4800-app-dev-cha": 287,
          "FutureClickCount_4800-ip-app-dev-cha": 124,
          "FutureClickCount_4800-os-cha": 247,
          "FutureClickCount_4800-ip-os-cha": 85,
          "FutureClickCount_4800-app-os-cha": 285,
          "FutureClickCount_4800-ip-app-os-cha": 80,
          "FutureClickCount_4800-dev-os-cha": 286,
          "FutureClickCount_4800-ip-dev-os-cha": 54,
          "FutureClickCount_4800-app-dev-os-cha": 317,
          "FutureClickCount_4800-ip-app-dev-os-cha": 59,
          "NextClickTimeDelta-ip": 648,
          "NextClickTimeDelta-app": 73,
          "NextClickTimeDelta-ip-app": 782,
          "NextClickTimeDelta-dev": 51,
          "NextClickTimeDelta-ip-dev": 439,
          "NextClickTimeDelta-app-dev": 58,
          "NextClickTimeDelta-ip-app-dev": 554,
          "NextClickTimeDelta-os": 56,
          "NextClickTimeDelta-ip-os": 517,
          "NextClickTimeDelta-app-os": 151,
          "NextClickTimeDelta-ip-app-os": 1161,
          "NextClickTimeDelta-dev-os": 66,
          "NextClickTimeDelta-ip-dev-os": 375,
          "NextClickTimeDelta-app-dev-os": 138,
          "NextClickTimeDelta-ip-app-dev-os": 2092,
          "NextClickTimeDelta-cha": 71,
          "NextClickTimeDelta-ip-cha": 426,
          "NextClickTimeDelta-app-cha": 145,
          "NextClickTimeDelta-ip-app-cha": 389,
          "NextClickTimeDelta-dev-cha": 69,
          "NextClickTimeDelta-ip-dev-cha": 289,
          "NextClickTimeDelta-app-dev-cha": 110,
          "NextClickTimeDelta-ip-app-dev-cha": 316,
          "NextClickTimeDelta-os-cha": 196,
          "NextClickTimeDelta-ip-os-cha": 312,
          "NextClickTimeDelta-app-os-cha": 218,
          "NextClickTimeDelta-ip-app-os-cha": 452,
          "NextClickTimeDelta-dev-os-cha": 179,
          "NextClickTimeDelta-ip-dev-os-cha": 269,
          "NextClickTimeDelta-app-dev-os-cha": 212,
          "NextClickTimeDelta-ip-app-dev-os-cha": 486,
          "PrevClickTimeDelta-ip": 474,
          "PrevClickTimeDelta-app": 84,
          "PrevClickTimeDelta-ip-app": 329,
          "PrevClickTimeDelta-dev": 33,
          "PrevClickTimeDelta-ip-dev": 362,
          "PrevClickTimeDelta-app-dev": 60,
          "PrevClickTimeDelta-ip-app-dev": 280,
          "PrevClickTimeDelta-os": 70,
          "PrevClickTimeDelta-ip-os": 419,
          "PrevClickTimeDelta-app-os": 130,
          "PrevClickTimeDelta-ip-app-os": 346,
          "PrevClickTimeDelta-dev-os": 53,
          "PrevClickTimeDelta-ip-dev-os": 265,
          "PrevClickTimeDelta-app-dev-os": 131,
          "PrevClickTimeDelta-ip-app-dev-os": 271,
          "PrevClickTimeDelta-cha": 60,
          "PrevClickTimeDelta-ip-cha": 334,
          "PrevClickTimeDelta-app-cha": 118,
          "PrevClickTimeDelta-ip-app-cha": 260,
          "PrevClickTimeDelta-dev-cha": 76,
          "PrevClickTimeDelta-ip-dev-cha": 213,
          "PrevClickTimeDelta-app-dev-cha": 97,
          "PrevClickTimeDelta-ip-app-dev-cha": 188,
          "PrevClickTimeDelta-os-cha": 197,
          "PrevClickTimeDelta-ip-os-cha": 250,
          "PrevClickTimeDelta-app-os-cha": 212,
          "PrevClickTimeDelta-ip-app-os-cha": 186,
          "PrevClickTimeDelta-dev-os-cha": 131,
          "PrevClickTimeDelta-ip-dev-os-cha": 159,
          "PrevClickTimeDelta-app-dev-os-cha": 173,
          "PrevClickTimeDelta-ip-app-dev-os-cha": 173,
          "AverageAttributedRatio-ip": 313,
          "AverageAttributedRatio-app": 244,
          "AverageAttributedRatio-ip-app": 165,
          "AverageAttributedRatio-dev": 441,
          "AverageAttributedRatio-ip-dev": 236,
          "AverageAttributedRatio-app-dev": 159,
          "AverageAttributedRatio-ip-app-dev": 191,
          "AverageAttributedRatio-os": 269,
          "AverageAttributedRatio-ip-os": 163,
          "AverageAttributedRatio-app-os": 230,
          "AverageAttributedRatio-ip-app-os": 51,
          "AverageAttributedRatio-dev-os": 255,
          "AverageAttributedRatio-ip-dev-os": 151,
          "AverageAttributedRatio-app-dev-os": 239,
          "AverageAttributedRatio-ip-app-dev-os": 35,
          "AverageAttributedRatio-cha": 235,
          "AverageAttributedRatio-ip-cha": 77,
          "AverageAttributedRatio-app-cha": 186,
          "AverageAttributedRatio-ip-app-cha": 52,
          "AverageAttributedRatio-dev-cha": 167,
          "AverageAttributedRatio-ip-dev-cha": 54,
          "AverageAttributedRatio-app-dev-cha": 180,
          "AverageAttributedRatio-ip-app-dev-cha": 51,
          "AverageAttributedRatio-os-cha": 192,
          "AverageAttributedRatio-ip-os-cha": 45,
          "AverageAttributedRatio-app-os-cha": 250,
          "AverageAttributedRatio-ip-app-os-cha": 27,
          "AverageAttributedRatio-dev-os-cha": 207,
          "AverageAttributedRatio-ip-dev-os-cha": 17,
          "AverageAttributedRatio-app-dev-os-cha": 200,
          "AverageAttributedRatio-ip-app-dev-os-cha": 18,
          "KomakiLDA10NoDevice_1-ip-os-0": 648,
          "KomakiLDA10NoDevice_1-ip-os-1": 477,
          "KomakiLDA10NoDevice_1-ip-os-2": 724,
          "KomakiLDA10NoDevice_1-ip-os-3": 689,
          "KomakiLDA10NoDevice_1-ip-os-4": 621,
          "KomakiLDA10NoDevice_1-ip-os-5": 817,
          "KomakiLDA10NoDevice_1-ip-os-6": 700,
          "KomakiLDA10NoDevice_1-ip-os-7": 598,
          "KomakiLDA10NoDevice_1-ip-os-8": 526,
          "KomakiLDA10NoDevice_1-ip-os-9": 781,
          "KomakiLDA10NoDevice_1-app-ip-0": 167,
          "KomakiLDA10NoDevice_1-app-ip-1": 184,
          "KomakiLDA10NoDevice_1-app-ip-2": 120,
          "KomakiLDA10NoDevice_1-app-ip-3": 165,
          "KomakiLDA10NoDevice_1-app-ip-4": 70,
          "KomakiLDA10NoDevice_1-app-ip-5": 103,
          "KomakiLDA10NoDevice_1-app-ip-6": 174,
          "KomakiLDA10NoDevice_1-app-ip-7": 118,
          "KomakiLDA10NoDevice_1-app-ip-8": 126,
          "KomakiLDA10NoDevice_1-app-ip-9": 109,
          "KomakiLDA10NoDevice_1-app-os-0": 152,
          "KomakiLDA10NoDevice_1-app-os-1": 85,
          "KomakiLDA10NoDevice_1-app-os-2": 92,
          "KomakiLDA10NoDevice_1-app-os-3": 140,
          "KomakiLDA10NoDevice_1-app-os-4": 143,
          "KomakiLDA10NoDevice_1-app-os-5": 133,
          "KomakiLDA10NoDevice_1-app-os-6": 76,
          "KomakiLDA10NoDevice_1-app-os-7": 84,
          "KomakiLDA10NoDevice_1-app-os-8": 88,
          "KomakiLDA10NoDevice_1-app-os-9": 71,
          "KomakiLDA10NoDevice_1-app-channel-0": 83,
          "KomakiLDA10NoDevice_1-app-channel-1": 127,
          "KomakiLDA10NoDevice_1-app-channel-2": 129,
          "KomakiLDA10NoDevice_1-app-channel-3": 37,
          "KomakiLDA10NoDevice_1-app-channel-4": 53,
          "KomakiLDA10NoDevice_1-app-channel-5": 49,
          "KomakiLDA10NoDevice_1-app-channel-6": 88,
          "KomakiLDA10NoDevice_1-app-channel-7": 77,
          "KomakiLDA10NoDevice_1-app-channel-8": 68,
          "KomakiLDA10NoDevice_1-app-channel-9": 53,
          "KomakiLDA10NoDevice_1-channel-ip-0": 237,
          "KomakiLDA10NoDevice_1-channel-ip-1": 206,
          "KomakiLDA10NoDevice_1-channel-ip-2": 191,
          "KomakiLDA10NoDevice_1-channel-ip-3": 208,
          "KomakiLDA10NoDevice_1-channel-ip-4": 177,
          "KomakiLDA10NoDevice_1-channel-ip-5": 108,
          "KomakiLDA10NoDevice_1-channel-ip-6": 157,
          "KomakiLDA10NoDevice_1-channel-ip-7": 183,
          "KomakiLDA10NoDevice_1-channel-ip-8": 141,
          "KomakiLDA10NoDevice_1-channel-ip-9": 24,
          "KomakiLDA10NoDevice_1-channel-os-0": 159,
          "KomakiLDA10NoDevice_1-channel-os-1": 137,
          "KomakiLDA10NoDevice_1-channel-os-2": 25,
          "KomakiLDA10NoDevice_1-channel-os-3": 173,
          "KomakiLDA10NoDevice_1-channel-os-4": 157,
          "KomakiLDA10NoDevice_1-channel-os-5": 257,
          "KomakiLDA10NoDevice_1-channel-os-6": 146,
          "KomakiLDA10NoDevice_1-channel-os-7": 127,
          "KomakiLDA10NoDevice_1-channel-os-8": 65,
          "KomakiLDA10NoDevice_1-channel-os-9": 35,
          "KomakiLDA10NoDevice_2-ip-app-0": 805,
          "KomakiLDA10NoDevice_2-ip-app-1": 672,
          "KomakiLDA10NoDevice_2-ip-app-2": 803,
          "KomakiLDA10NoDevice_2-ip-app-3": 930,
          "KomakiLDA10NoDevice_2-ip-app-4": 897,
          "KomakiLDA10NoDevice_2-ip-app-5": 524,
          "KomakiLDA10NoDevice_2-ip-app-6": 714,
          "KomakiLDA10NoDevice_2-ip-app-7": 766,
          "KomakiLDA10NoDevice_2-ip-app-8": 567,
          "KomakiLDA10NoDevice_2-ip-app-9": 689,
          "KomakiLDA10NoDevice_2-ip-channel-0": 786,
          "KomakiLDA10NoDevice_2-ip-channel-1": 803,
          "KomakiLDA10NoDevice_2-ip-channel-2": 773,
          "KomakiLDA10NoDevice_2-ip-channel-3": 698,
          "KomakiLDA10NoDevice_2-ip-channel-4": 692,
          "KomakiLDA10NoDevice_2-ip-channel-5": 768,
          "KomakiLDA10NoDevice_2-ip-channel-6": 741,
          "KomakiLDA10NoDevice_2-ip-channel-7": 663,
          "KomakiLDA10NoDevice_2-ip-channel-8": 738,
          "KomakiLDA10NoDevice_2-ip-channel-9": 706,
          "KomakiLDA10NoDevice_2-os-ip-0": 163,
          "KomakiLDA10NoDevice_2-os-ip-1": 148,
          "KomakiLDA10NoDevice_2-os-ip-2": 170,
          "KomakiLDA10NoDevice_2-os-ip-3": 139,
          "KomakiLDA10NoDevice_2-os-ip-4": 100,
          "KomakiLDA10NoDevice_2-os-ip-5": 121,
          "KomakiLDA10NoDevice_2-os-ip-6": 106,
          "KomakiLDA10NoDevice_2-os-ip-7": 110,
          "KomakiLDA10NoDevice_2-os-ip-8": 139,
          "KomakiLDA10NoDevice_2-os-ip-9": 115,
          "KomakiLDA10NoDevice_2-os-app-0": 207,
          "KomakiLDA10NoDevice_2-os-app-1": 61,
          "KomakiLDA10NoDevice_2-os-app-2": 53,
          "KomakiLDA10NoDevice_2-os-app-3": 157,
          "KomakiLDA10NoDevice_2-os-app-4": 7,
          "KomakiLDA10NoDevice_2-os-app-5": 115,
          "KomakiLDA10NoDevice_2-os-app-6": 49,
          "KomakiLDA10NoDevice_2-os-app-7": 107,
          "KomakiLDA10NoDevice_2-os-app-8": 96,
          "KomakiLDA10NoDevice_2-os-app-9": 130,
          "KomakiLDA10NoDevice_2-os-channel-0": 189,
          "KomakiLDA10NoDevice_2-os-channel-1": 190,
          "KomakiLDA10NoDevice_2-os-channel-2": 86,
          "KomakiLDA10NoDevice_2-os-channel-3": 107,
          "KomakiLDA10NoDevice_2-os-channel-4": 179,
          "KomakiLDA10NoDevice_2-os-channel-5": 186,
          "KomakiLDA10NoDevice_2-os-channel-6": 201,
          "KomakiLDA10NoDevice_2-os-channel-7": 184,
          "KomakiLDA10NoDevice_2-os-channel-8": 123,
          "KomakiLDA10NoDevice_2-os-channel-9": 91,
          "KomakiLDA10NoDevice_2-channel-app-0": 310,
          "KomakiLDA10NoDevice_2-channel-app-1": 100,
          "KomakiLDA10NoDevice_2-channel-app-2": 77,
          "KomakiLDA10NoDevice_2-channel-app-3": 152,
          "KomakiLDA10NoDevice_2-channel-app-4": 98,
          "KomakiLDA10NoDevice_2-channel-app-5": 88,
          "KomakiLDA10NoDevice_2-channel-app-6": 110,
          "KomakiLDA10NoDevice_2-channel-app-7": 128,
          "KomakiLDA10NoDevice_2-channel-app-8": 202,
          "KomakiLDA10NoDevice_2-channel-app-9": 137,
          "KomakiNMF5NoDevice-ip-app-0": 428,
          "KomakiNMF5NoDevice-ip-app-1": 731,
          "KomakiNMF5NoDevice-ip-app-2": 495,
          "KomakiNMF5NoDevice-ip-app-3": 451,
          "KomakiNMF5NoDevice-ip-app-4": 441,
          "KomakiNMF5NoDevice-ip-os-0": 554,
          "KomakiNMF5NoDevice-ip-os-1": 538,
          "KomakiNMF5NoDevice-ip-os-2": 543,
          "KomakiNMF5NoDevice-ip-os-3": 526,
          "KomakiNMF5NoDevice-ip-os-4": 550,
          "KomakiNMF5NoDevice-ip-channel-0": 521,
          "KomakiNMF5NoDevice-ip-channel-1": 764,
          "KomakiNMF5NoDevice-ip-channel-2": 535,
          "KomakiNMF5NoDevice-ip-channel-3": 587,
          "KomakiNMF5NoDevice-ip-channel-4": 517,
          "KomakiNMF5NoDevice-app-ip-0": 83,
          "KomakiNMF5NoDevice-app-ip-1": 92,
          "KomakiNMF5NoDevice-app-ip-2": 83,
          "KomakiNMF5NoDevice-app-ip-3": 83,
          "KomakiNMF5NoDevice-app-ip-4": 46,
          "KomakiNMF5NoDevice-app-os-0": 27,
          "KomakiNMF5NoDevice-app-os-1": 49,
          "KomakiNMF5NoDevice-app-os-2": 57,
          "KomakiNMF5NoDevice-app-os-3": 21,
          "KomakiNMF5NoDevice-app-os-4": 22,
          "KomakiNMF5NoDevice-app-channel-0": 54,
          "KomakiNMF5NoDevice-app-channel-1": 68,
          "KomakiNMF5NoDevice-app-channel-2": 78,
          "KomakiNMF5NoDevice-app-channel-3": 73,
          "KomakiNMF5NoDevice-app-channel-4": 78,
          "KomakiNMF5NoDevice-os-ip-0": 92,
          "KomakiNMF5NoDevice-os-ip-1": 99,
          "KomakiNMF5NoDevice-os-ip-2": 84,
          "KomakiNMF5NoDevice-os-ip-3": 77,
          "KomakiNMF5NoDevice-os-ip-4": 73,
          "KomakiNMF5NoDevice-os-app-0": 67,
          "KomakiNMF5NoDevice-os-app-1": 2,
          "KomakiNMF5NoDevice-os-app-2": 70,
          "KomakiNMF5NoDevice-os-app-3": 113,
          "KomakiNMF5NoDevice-os-app-4": 58,
          "KomakiNMF5NoDevice-os-channel-0": 146,
          "KomakiNMF5NoDevice-os-channel-1": 68,
          "KomakiNMF5NoDevice-os-channel-2": 177,
          "KomakiNMF5NoDevice-os-channel-3": 136,
          "KomakiNMF5NoDevice-os-channel-4": 120,
          "KomakiNMF5NoDevice-channel-ip-0": 182,
          "KomakiNMF5NoDevice-channel-ip-1": 147,
          "KomakiNMF5NoDevice-channel-ip-2": 150,
          "KomakiNMF5NoDevice-channel-ip-3": 155,
          "KomakiNMF5NoDevice-channel-ip-4": 173,
          "KomakiNMF5NoDevice-channel-app-0": 85,
          "KomakiNMF5NoDevice-channel-app-1": 35,
          "KomakiNMF5NoDevice-channel-app-2": 81,
          "KomakiNMF5NoDevice-channel-app-3": 52,
          "KomakiNMF5NoDevice-channel-app-4": 80,
          "KomakiNMF5NoDevice-channel-os-0": 194,
          "KomakiNMF5NoDevice-channel-os-1": 36,
          "KomakiNMF5NoDevice-channel-os-2": 172,
          "KomakiNMF5NoDevice-channel-os-3": 86,
          "KomakiNMF5NoDevice-channel-os-4": 180,
          "KomakiPCA5NoDevice-ip-app-0": 698,
          "KomakiPCA5NoDevice-ip-app-1": 649,
          "KomakiPCA5NoDevice-ip-app-2": 493,
          "KomakiPCA5NoDevice-ip-app-3": 371,
          "KomakiPCA5NoDevice-ip-app-4": 592,
          "KomakiPCA5NoDevice-ip-os-0": 732,
          "KomakiPCA5NoDevice-ip-os-1": 524,
          "KomakiPCA5NoDevice-ip-os-2": 496,
          "KomakiPCA5NoDevice-ip-os-3": 542,
          "KomakiPCA5NoDevice-ip-os-4": 633,
          "KomakiPCA5NoDevice-ip-channel-0": 765,
          "KomakiPCA5NoDevice-ip-channel-1": 551,
          "KomakiPCA5NoDevice-ip-channel-2": 548,
          "KomakiPCA5NoDevice-ip-channel-3": 573,
          "KomakiPCA5NoDevice-ip-channel-4": 509,
          "KomakiPCA5NoDevice-app-ip-0": 69,
          "KomakiPCA5NoDevice-app-ip-1": 81,
          "KomakiPCA5NoDevice-app-ip-2": 73,
          "KomakiPCA5NoDevice-app-ip-3": 88,
          "KomakiPCA5NoDevice-app-ip-4": 64,
          "KomakiPCA5NoDevice-app-os-0": 96,
          "KomakiPCA5NoDevice-app-os-1": 58,
          "KomakiPCA5NoDevice-app-os-2": 70,
          "KomakiPCA5NoDevice-app-os-3": 73,
          "KomakiPCA5NoDevice-app-os-4": 70,
          "KomakiPCA5NoDevice-app-channel-0": 84,
          "KomakiPCA5NoDevice-app-channel-1": 108,
          "KomakiPCA5NoDevice-app-channel-2": 101,
          "KomakiPCA5NoDevice-app-channel-3": 88,
          "KomakiPCA5NoDevice-app-channel-4": 85,
          "KomakiPCA5NoDevice-os-ip-0": 37,
          "KomakiPCA5NoDevice-os-ip-1": 103,
          "KomakiPCA5NoDevice-os-ip-2": 69,
          "KomakiPCA5NoDevice-os-ip-3": 117,
          "KomakiPCA5NoDevice-os-ip-4": 94,
          "KomakiPCA5NoDevice-os-app-0": 89,
          "KomakiPCA5NoDevice-os-app-1": 74,
          "KomakiPCA5NoDevice-os-app-2": 73,
          "KomakiPCA5NoDevice-os-app-3": 111,
          "KomakiPCA5NoDevice-os-app-4": 136,
          "KomakiPCA5NoDevice-os-channel-0": 144,
          "KomakiPCA5NoDevice-os-channel-1": 139,
          "KomakiPCA5NoDevice-os-channel-2": 85,
          "KomakiPCA5NoDevice-os-channel-3": 87,
          "KomakiPCA5NoDevice-os-channel-4": 86,
          "KomakiPCA5NoDevice-channel-ip-0": 205,
          "KomakiPCA5NoDevice-channel-ip-1": 186,
          "KomakiPCA5NoDevice-channel-ip-2": 159,
          "KomakiPCA5NoDevice-channel-ip-3": 137,
          "KomakiPCA5NoDevice-channel-ip-4": 233,
          "KomakiPCA5NoDevice-channel-app-0": 170,
          "KomakiPCA5NoDevice-channel-app-1": 132,
          "KomakiPCA5NoDevice-channel-app-2": 140,
          "KomakiPCA5NoDevice-channel-app-3": 118,
          "KomakiPCA5NoDevice-channel-app-4": 150,
          "KomakiPCA5NoDevice-channel-os-0": 150,
          "KomakiPCA5NoDevice-channel-os-1": 162,
          "KomakiPCA5NoDevice-channel-os-2": 114,
          "KomakiPCA5NoDevice-channel-os-3": 164,
          "KomakiPCA5NoDevice-channel-os-4": 149
        }
      },
      {
        "train_auc": 0.9940372499850572,
        "valid_auc": 0.9849705146041331,
        "best_iteration": 613,
        "train_time": 244.1571614742279,
        "feature_importance": {
          "app": 2823,
          "hour": 2811,
          "n_channels": 707,
          "ip_app_count": 688,
          "ip_app_os_count": 914,
          "FutureClickCount_600-ip": 399,
          "FutureClickCount_600-app": 421,
          "FutureClickCount_600-ip-app": 160,
          "FutureClickCount_600-dev": 231,
          "FutureClickCount_600-ip-dev": 490,
          "FutureClickCount_600-app-dev": 336,
          "FutureClickCount_600-ip-app-dev": 138,
          "FutureClickCount_600-os": 217,
          "FutureClickCount_600-ip-os": 317,
          "FutureClickCount_600-app-os": 397,
          "FutureClickCount_600-ip-app-os": 168,
          "FutureClickCount_600-dev-os": 504,
          "FutureClickCount_600-ip-dev-os": 286,
          "FutureClickCount_600-app-dev-os": 541,
          "FutureClickCount_600-ip-app-dev-os": 244,
          "FutureClickCount_600-cha": 407,
          "FutureClickCount_600-ip-cha": 105,
          "FutureClickCount_600-app-cha": 619,
          "FutureClickCount_600-ip-app-cha": 87,
          "FutureClickCount_600-dev-cha": 325,
          "FutureClickCount_600-ip-dev-cha": 85,
          "FutureClickCount_600-app-dev-cha": 381,
          "FutureClickCount_600-ip-app-dev-cha": 79,
          "FutureClickCount_600-os-cha": 305,
          "FutureClickCount_600-ip-os-cha": 58,
          "FutureClickCount_600-app-os-cha": 365,
          "FutureClickCount_600-ip-app-os-cha": 54,
          "FutureClickCount_600-dev-os-cha": 319,
          "FutureClickCount_600-ip-dev-os-cha": 47,
          "FutureClickCount_600-app-dev-os-cha": 293,
          "FutureClickCount_600-ip-app-dev-os-cha": 71,
          "FutureClickCount_4800-ip": 654,
          "FutureClickCount_4800-app": 248,
          "FutureClickCount_4800-ip-app": 237,
          "FutureClickCount_4800-dev": 69,
          "FutureClickCount_4800-ip-dev": 934,
          "FutureClickCount_4800-app-dev": 159,
          "FutureClickCount_4800-ip-app-dev": 249,
          "FutureClickCount_4800-os": 128,
          "FutureClickCount_4800-ip-os": 479,
          "FutureClickCount_4800-app-os": 331,
          "FutureClickCount_4800-ip-app-os": 240,
          "FutureClickCount_4800-dev-os": 199,
          "FutureClickCount_4800-ip-dev-os": 645,
          "FutureClickCount_4800-app-dev-os": 432,
          "FutureClickCount_4800-ip-app-dev-os": 278,
          "FutureClickCount_4800-cha": 268,
          "FutureClickCount_4800-ip-cha": 157,
          "FutureClickCount_4800-app-cha": 475,
          "FutureClickCount_4800-ip-app-cha": 130,
          "FutureClickCount_4800-dev-cha": 205,
          "FutureClickCount_4800-ip-dev-cha": 145,
          "FutureClickCount_4800-app-dev-cha": 287,
          "FutureClickCount_4800-ip-app-dev-cha": 117,
          "FutureClickCount_4800-os-cha": 239,
          "FutureClickCount_4800-ip-os-cha": 85,
          "FutureClickCount_4800-app-os-cha": 269,
          "FutureClickCount_4800-ip-app-os-cha": 97,
          "FutureClickCount_4800-dev-os-cha": 274,
          "FutureClickCount_4800-ip-dev-os-cha": 72,
          "FutureClickCount_4800-app-dev-os-cha": 288,
          "FutureClickCount_4800-ip-app-dev-os-cha": 92,
          "NextClickTimeDelta-ip": 592,
          "NextClickTimeDelta-app": 90,
          "NextClickTimeDelta-ip-app": 726,
          "NextClickTimeDelta-dev": 34,
          "NextClickTimeDelta-ip-dev": 475,
          "NextClickTimeDelta-app-dev": 60,
          "NextClickTimeDelta-ip-app-dev": 540,
          "NextClickTimeDelta-os": 65,
          "NextClickTimeDelta-ip-os": 540,
          "NextClickTimeDelta-app-os": 199,
          "NextClickTimeDelta-ip-app-os": 1186,
          "NextClickTimeDelta-dev-os": 59,
          "NextClickTimeDelta-ip-dev-os": 383,
          "NextClickTimeDelta-app-dev-os": 128,
          "NextClickTimeDelta-ip-app-dev-os": 2163,
          "NextClickTimeDelta-cha": 98,
          "NextClickTimeDelta-ip-cha": 483,
          "NextClickTimeDelta-app-cha": 171,
          "NextClickTimeDelta-ip-app-cha": 441,
          "NextClickTimeDelta-dev-cha": 97,
          "NextClickTimeDelta-ip-dev-cha": 279,
          "NextClickTimeDelta-app-dev-cha": 134,
          "NextClickTimeDelta-ip-app-dev-cha": 327,
          "NextClickTimeDelta-os-cha": 198,
          "NextClickTimeDelta-ip-os-cha": 332,
          "NextClickTimeDelta-app-os-cha": 226,
          "NextClickTimeDelta-ip-app-os-cha": 447,
          "NextClickTimeDelta-dev-os-cha": 149,
          "NextClickTimeDelta-ip-dev-os-cha": 270,
          "NextClickTimeDelta-app-dev-os-cha": 226,
          "NextClickTimeDelta-ip-app-dev-os-cha": 461,
          "PrevClickTimeDelta-ip": 391,
          "PrevClickTimeDelta-app": 70,
          "PrevClickTimeDelta-ip-app": 356,
          "PrevClickTimeDelta-dev": 51,
          "PrevClickTimeDelta-ip-dev": 317,
          "PrevClickTimeDelta-app-dev": 66,
          "PrevClickTimeDelta-ip-app-dev": 233,
          "PrevClickTimeDelta-os": 72,
          "PrevClickTimeDelta-ip-os": 410,
          "PrevClickTimeDelta-app-os": 134,
          "PrevClickTimeDelta-ip-app-os": 343,
          "PrevClickTimeDelta-dev-os": 42,
          "PrevClickTimeDelta-ip-dev-os": 300,
          "PrevClickTimeDelta-app-dev-os": 135,
          "PrevClickTimeDelta-ip-app-dev-os": 260,
          "PrevClickTimeDelta-cha": 76,
          "PrevClickTimeDelta-ip-cha": 301,
          "PrevClickTimeDelta-app-cha": 135,
          "PrevClickTimeDelta-ip-app-cha": 266,
          "PrevClickTimeDelta-dev-cha": 89,
          "PrevClickTimeDelta-ip-dev-cha": 222,
          "PrevClickTimeDelta-app-dev-cha": 100,
          "PrevClickTimeDelta-ip-app-dev-cha": 211,
          "PrevClickTimeDelta-os-cha": 188,
          "PrevClickTimeDelta-ip-os-cha": 218,
          "PrevClickTimeDelta-app-os-cha": 189,
          "PrevClickTimeDelta-ip-app-os-cha": 222,
          "PrevClickTimeDelta-dev-os-cha": 147,
          "PrevClickTimeDelta-ip-dev-os-cha": 154,
          "PrevClickTimeDelta-app-dev-os-cha": 155,
          "PrevClickTimeDelta-ip-app-dev-os-cha": 186,
          "AverageAttributedRatio-ip": 291,
          "AverageAttributedRatio-app": 259,
          "AverageAttributedRatio-ip-app": 177,
          "AverageAttributedRatio-dev": 412,
          "AverageAttributedRatio-ip-dev": 270,
          "AverageAttributedRatio-app-dev": 203,
          "AverageAttributedRatio-ip-app-dev": 193,
          "AverageAttributedRatio-os": 236,
          "AverageAttributedRatio-ip-os": 165,
          "AverageAttributedRatio-app-os": 249,
          "AverageAttributedRatio-ip-app-os": 58,
          "AverageAttributedRatio-dev-os": 275,
          "AverageAttributedRatio-ip-dev-os": 193,
          "AverageAttributedRatio-app-dev-os": 246,
          "AverageAttributedRatio-ip-app-dev-os": 41,
          "AverageAttributedRatio-cha": 261,
          "AverageAttributedRatio-ip-cha": 66,
          "AverageAttributedRatio-app-cha": 205,
          "AverageAttributedRatio-ip-app-cha": 66,
          "AverageAttributedRatio-dev-cha": 154,
          "AverageAttributedRatio-ip-dev-cha": 68,
          "AverageAttributedRatio-app-dev-cha": 213,
          "AverageAttributedRatio-ip-app-dev-cha": 73,
          "AverageAttributedRatio-os-cha": 201,
          "AverageAttributedRatio-ip-os-cha": 33,
          "AverageAttributedRatio-app-os-cha": 223,
          "AverageAttributedRatio-ip-app-os-cha": 37,
          "AverageAttributedRatio-dev-os-cha": 232,
          "AverageAttributedRatio-ip-dev-os-cha": 25,
          "AverageAttributedRatio-app-dev-os-cha": 218,
          "AverageAttributedRatio-ip-app-dev-os-cha": 20,
          "KomakiLDA10NoDevice_1-ip-os-0": 677,
          "KomakiLDA10NoDevice_1-ip-os-1": 517,
          "KomakiLDA10NoDevice_1-ip-os-2": 727,
          "KomakiLDA10NoDevice_1-ip-os-3": 707,
          "KomakiLDA10NoDevice_1-ip-os-4": 629,
          "KomakiLDA10NoDevice_1-ip-os-5": 819,
          "KomakiLDA10NoDevice_1-ip-os-6": 684,
          "KomakiLDA10NoDevice_1-ip-os-7": 642,
          "KomakiLDA10NoDevice_1-ip-os-8": 592,
          "KomakiLDA10NoDevice_1-ip-os-9": 708,
          "KomakiLDA10NoDevice_1-app-ip-0": 153,
          "KomakiLDA10NoDevice_1-app-ip-1": 170,
          "KomakiLDA10NoDevice_1-app-ip-2": 131,
          "KomakiLDA10NoDevice_1-app-ip-3": 138,
          "KomakiLDA10NoDevice_1-app-ip-4": 89,
          "KomakiLDA10NoDevice_1-app-ip-5": 67,
          "KomakiLDA10NoDevice_1-app-ip-6": 188,
          "KomakiLDA10NoDevice_1-app-ip-7": 101,
          "KomakiLDA10NoDevice_1-app-ip-8": 144,
          "KomakiLDA10NoDevice_1-app-ip-9": 117,
          "KomakiLDA10NoDevice_1-app-os-0": 137,
          "KomakiLDA10NoDevice_1-app-os-1": 101,
          "KomakiLDA10NoDevice_1-app-os-2": 97,
          "KomakiLDA10NoDevice_1-app-os-3": 132,
          "KomakiLDA10NoDevice_1-app-os-4": 127,
          "KomakiLDA10NoDevice_1-app-os-5": 148,
          "KomakiLDA10NoDevice_1-app-os-6": 105,
          "KomakiLDA10NoDevice_1-app-os-7": 81,
          "KomakiLDA10NoDevice_1-app-os-8": 84,
          "KomakiLDA10NoDevice_1-app-os-9": 82,
          "KomakiLDA10NoDevice_1-app-channel-0": 63,
          "KomakiLDA10NoDevice_1-app-channel-1": 118,
          "KomakiLDA10NoDevice_1-app-channel-2": 106,
          "KomakiLDA10NoDevice_1-app-channel-3": 52,
          "KomakiLDA10NoDevice_1-app-channel-4": 52,
          "KomakiLDA10NoDevice_1-app-channel-5": 69,
          "KomakiLDA10NoDevice_1-app-channel-6": 95,
          "KomakiLDA10NoDevice_1-app-channel-7": 77,
          "KomakiLDA10NoDevice_1-app-channel-8": 53,
          "KomakiLDA10NoDevice_1-app-channel-9": 71,
          "KomakiLDA10NoDevice_1-channel-ip-0": 246,
          "KomakiLDA10NoDevice_1-channel-ip-1": 215,
          "KomakiLDA10NoDevice_1-channel-ip-2": 197,
          "KomakiLDA10NoDevice_1-channel-ip-3": 219,
          "KomakiLDA10NoDevice_1-channel-ip-4": 182,
          "KomakiLDA10NoDevice_1-channel-ip-5": 104,
          "KomakiLDA10NoDevice_1-channel-ip-6": 143,
          "KomakiLDA10NoDevice_1-channel-ip-7": 166,
          "KomakiLDA10NoDevice_1-channel-ip-8": 153,
          "KomakiLDA10NoDevice_1-channel-ip-9": 23,
          "KomakiLDA10NoDevice_1-channel-os-0": 142,
          "KomakiLDA10NoDevice_1-channel-os-1": 141,
          "KomakiLDA10NoDevice_1-channel-os-2": 37,
          "KomakiLDA10NoDevice_1-channel-os-3": 196,
          "KomakiLDA10NoDevice_1-channel-os-4": 173,
          "KomakiLDA10NoDevice_1-channel-os-5": 253,
          "KomakiLDA10NoDevice_1-channel-os-6": 144,
          "KomakiLDA10NoDevice_1-channel-os-7": 146,
          "KomakiLDA10NoDevice_1-channel-os-8": 79,
          "KomakiLDA10NoDevice_1-channel-os-9": 41,
          "KomakiLDA10NoDevice_2-ip-app-0": 773,
          "KomakiLDA10NoDevice_2-ip-app-1": 634,
          "KomakiLDA10NoDevice_2-ip-app-2": 860,
          "KomakiLDA10NoDevice_2-ip-app-3": 970,
          "KomakiLDA10NoDevice_2-ip-app-4": 962,
          "KomakiLDA10NoDevice_2-ip-app-5": 537,
          "KomakiLDA10NoDevice_2-ip-app-6": 729,
          "KomakiLDA10NoDevice_2-ip-app-7": 796,
          "KomakiLDA10NoDevice_2-ip-app-8": 591,
          "KomakiLDA10NoDevice_2-ip-app-9": 758,
          "KomakiLDA10NoDevice_2-ip-channel-0": 798,
          "KomakiLDA10NoDevice_2-ip-channel-1": 770,
          "KomakiLDA10NoDevice_2-ip-channel-2": 774,
          "KomakiLDA10NoDevice_2-ip-channel-3": 736,
          "KomakiLDA10NoDevice_2-ip-channel-4": 693,
          "KomakiLDA10NoDevice_2-ip-channel-5": 837,
          "KomakiLDA10NoDevice_2-ip-channel-6": 689,
          "KomakiLDA10NoDevice_2-ip-channel-7": 669,
          "KomakiLDA10NoDevice_2-ip-channel-8": 775,
          "KomakiLDA10NoDevice_2-ip-channel-9": 783,
          "KomakiLDA10NoDevice_2-os-ip-0": 127,
          "KomakiLDA10NoDevice_2-os-ip-1": 143,
          "KomakiLDA10NoDevice_2-os-ip-2": 164,
          "KomakiLDA10NoDevice_2-os-ip-3": 144,
          "KomakiLDA10NoDevice_2-os-ip-4": 96,
          "KomakiLDA10NoDevice_2-os-ip-5": 117,
          "KomakiLDA10NoDevice_2-os-ip-6": 101,
          "KomakiLDA10NoDevice_2-os-ip-7": 91,
          "KomakiLDA10NoDevice_2-os-ip-8": 118,
          "KomakiLDA10NoDevice_2-os-ip-9": 90,
          "KomakiLDA10NoDevice_2-os-app-0": 203,
          "KomakiLDA10NoDevice_2-os-app-1": 61,
          "KomakiLDA10NoDevice_2-os-app-2": 47,
          "KomakiLDA10NoDevice_2-os-app-3": 182,
          "KomakiLDA10NoDevice_2-os-app-4": 7,
          "KomakiLDA10NoDevice_2-os-app-5": 122,
          "KomakiLDA10NoDevice_2-os-app-6": 42,
          "KomakiLDA10NoDevice_2-os-app-7": 120,
          "KomakiLDA10NoDevice_2-os-app-8": 106,
          "KomakiLDA10NoDevice_2-os-app-9": 125,
          "KomakiLDA10NoDevice_2-os-channel-0": 194,
          "KomakiLDA10NoDevice_2-os-channel-1": 156,
          "KomakiLDA10NoDevice_2-os-channel-2": 85,
          "KomakiLDA10NoDevice_2-os-channel-3": 75,
          "KomakiLDA10NoDevice_2-os-channel-4": 199,
          "KomakiLDA10NoDevice_2-os-channel-5": 219,
          "KomakiLDA10NoDevice_2-os-channel-6": 203,
          "KomakiLDA10NoDevice_2-os-channel-7": 176,
          "KomakiLDA10NoDevice_2-os-channel-8": 119,
          "KomakiLDA10NoDevice_2-os-channel-9": 98,
          "KomakiLDA10NoDevice_2-channel-app-0": 288,
          "KomakiLDA10NoDevice_2-channel-app-1": 93,
          "KomakiLDA10NoDevice_2-channel-app-2": 85,
          "KomakiLDA10NoDevice_2-channel-app-3": 140,
          "KomakiLDA10NoDevice_2-channel-app-4": 130,
          "KomakiLDA10NoDevice_2-channel-app-5": 92,
          "KomakiLDA10NoDevice_2-channel-app-6": 158,
          "KomakiLDA10NoDevice_2-channel-app-7": 134,
          "KomakiLDA10NoDevice_2-channel-app-8": 174,
          "KomakiLDA10NoDevice_2-channel-app-9": 156,
          "KomakiNMF5NoDevice-ip-app-0": 431,
          "KomakiNMF5NoDevice-ip-app-1": 671,
          "KomakiNMF5NoDevice-ip-app-2": 542,
          "KomakiNMF5NoDevice-ip-app-3": 406,
          "KomakiNMF5NoDevice-ip-app-4": 463,
          "KomakiNMF5NoDevice-ip-os-0": 599,
          "KomakiNMF5NoDevice-ip-os-1": 541,
          "KomakiNMF5NoDevice-ip-os-2": 580,
          "KomakiNMF5NoDevice-ip-os-3": 509,
          "KomakiNMF5NoDevice-ip-os-4": 573,
          "KomakiNMF5NoDevice-ip-channel-0": 518,
          "KomakiNMF5NoDevice-ip-channel-1": 850,
          "KomakiNMF5NoDevice-ip-channel-2": 458,
          "KomakiNMF5NoDevice-ip-channel-3": 627,
          "KomakiNMF5NoDevice-ip-channel-4": 468,
          "KomakiNMF5NoDevice-app-ip-0": 89,
          "KomakiNMF5NoDevice-app-ip-1": 78,
          "KomakiNMF5NoDevice-app-ip-2": 77,
          "KomakiNMF5NoDevice-app-ip-3": 92,
          "KomakiNMF5NoDevice-app-ip-4": 54,
          "KomakiNMF5NoDevice-app-os-0": 30,
          "KomakiNMF5NoDevice-app-os-1": 66,
          "KomakiNMF5NoDevice-app-os-2": 65,
          "KomakiNMF5NoDevice-app-os-3": 27,
          "KomakiNMF5NoDevice-app-os-4": 26,
          "KomakiNMF5NoDevice-app-channel-0": 67,
          "KomakiNMF5NoDevice-app-channel-1": 83,
          "KomakiNMF5NoDevice-app-channel-2": 100,
          "KomakiNMF5NoDevice-app-channel-3": 87,
          "KomakiNMF5NoDevice-app-channel-4": 52,
          "KomakiNMF5NoDevice-os-ip-0": 88,
          "KomakiNMF5NoDevice-os-ip-1": 104,
          "KomakiNMF5NoDevice-os-ip-2": 88,
          "KomakiNMF5NoDevice-os-ip-3": 99,
          "KomakiNMF5NoDevice-os-ip-4": 86,
          "KomakiNMF5NoDevice-os-app-0": 51,
          "KomakiNMF5NoDevice-os-app-1": 1,
          "KomakiNMF5NoDevice-os-app-2": 55,
          "KomakiNMF5NoDevice-os-app-3": 119,
          "KomakiNMF5NoDevice-os-app-4": 75,
          "KomakiNMF5NoDevice-os-channel-0": 179,
          "KomakiNMF5NoDevice-os-channel-1": 87,
          "KomakiNMF5NoDevice-os-channel-2": 149,
          "KomakiNMF5NoDevice-os-channel-3": 127,
          "KomakiNMF5NoDevice-os-channel-4": 114,
          "KomakiNMF5NoDevice-channel-ip-0": 182,
          "KomakiNMF5NoDevice-channel-ip-1": 153,
          "KomakiNMF5NoDevice-channel-ip-2": 128,
          "KomakiNMF5NoDevice-channel-ip-3": 163,
          "KomakiNMF5NoDevice-channel-ip-4": 178,
          "KomakiNMF5NoDevice-channel-app-0": 87,
          "KomakiNMF5NoDevice-channel-app-1": 36,
          "KomakiNMF5NoDevice-channel-app-2": 84,
          "KomakiNMF5NoDevice-channel-app-3": 79,
          "KomakiNMF5NoDevice-channel-app-4": 78,
          "KomakiNMF5NoDevice-channel-os-0": 162,
          "KomakiNMF5NoDevice-channel-os-1": 42,
          "KomakiNMF5NoDevice-channel-os-2": 199,
          "KomakiNMF5NoDevice-channel-os-3": 99,
          "KomakiNMF5NoDevice-channel-os-4": 193,
          "KomakiPCA5NoDevice-ip-app-0": 616,
          "KomakiPCA5NoDevice-ip-app-1": 556,
          "KomakiPCA5NoDevice-ip-app-2": 547,
          "KomakiPCA5NoDevice-ip-app-3": 422,
          "KomakiPCA5NoDevice-ip-app-4": 631,
          "KomakiPCA5NoDevice-ip-os-0": 759,
          "KomakiPCA5NoDevice-ip-os-1": 482,
          "KomakiPCA5NoDevice-ip-os-2": 570,
          "KomakiPCA5NoDevice-ip-os-3": 500,
          "KomakiPCA5NoDevice-ip-os-4": 655,
          "KomakiPCA5NoDevice-ip-channel-0": 801,
          "KomakiPCA5NoDevice-ip-channel-1": 602,
          "KomakiPCA5NoDevice-ip-channel-2": 499,
          "KomakiPCA5NoDevice-ip-channel-3": 681,
          "KomakiPCA5NoDevice-ip-channel-4": 526,
          "KomakiPCA5NoDevice-app-ip-0": 80,
          "KomakiPCA5NoDevice-app-ip-1": 56,
          "KomakiPCA5NoDevice-app-ip-2": 94,
          "KomakiPCA5NoDevice-app-ip-3": 74,
          "KomakiPCA5NoDevice-app-ip-4": 47,
          "KomakiPCA5NoDevice-app-os-0": 107,
          "KomakiPCA5NoDevice-app-os-1": 58,
          "KomakiPCA5NoDevice-app-os-2": 65,
          "KomakiPCA5NoDevice-app-os-3": 65,
          "KomakiPCA5NoDevice-app-os-4": 65,
          "KomakiPCA5NoDevice-app-channel-0": 76,
          "KomakiPCA5NoDevice-app-channel-1": 84,
          "KomakiPCA5NoDevice-app-channel-2": 85,
          "KomakiPCA5NoDevice-app-channel-3": 94,
          "KomakiPCA5NoDevice-app-channel-4": 74,
          "KomakiPCA5NoDevice-os-ip-0": 37,
          "KomakiPCA5NoDevice-os-ip-1": 78,
          "KomakiPCA5NoDevice-os-ip-2": 119,
          "KomakiPCA5NoDevice-os-ip-3": 132,
          "KomakiPCA5NoDevice-os-ip-4": 103,
          "KomakiPCA5NoDevice-os-app-0": 76,
          "KomakiPCA5NoDevice-os-app-1": 66,
          "KomakiPCA5NoDevice-os-app-2": 88,
          "KomakiPCA5NoDevice-os-app-3": 95,
          "KomakiPCA5NoDevice-os-app-4": 102,
          "KomakiPCA5NoDevice-os-channel-0": 106,
          "KomakiPCA5NoDevice-os-channel-1": 150,
          "KomakiPCA5NoDevice-os-channel-2": 77,
          "KomakiPCA5NoDevice-os-channel-3": 70,
          "KomakiPCA5NoDevice-os-channel-4": 93,
          "KomakiPCA5NoDevice-channel-ip-0": 197,
          "KomakiPCA5NoDevice-channel-ip-1": 191,
          "KomakiPCA5NoDevice-channel-ip-2": 146,
          "KomakiPCA5NoDevice-channel-ip-3": 181,
          "KomakiPCA5NoDevice-channel-ip-4": 221,
          "KomakiPCA5NoDevice-channel-app-0": 166,
          "KomakiPCA5NoDevice-channel-app-1": 109,
          "KomakiPCA5NoDevice-channel-app-2": 121,
          "KomakiPCA5NoDevice-channel-app-3": 93,
          "KomakiPCA5NoDevice-channel-app-4": 115,
          "KomakiPCA5NoDevice-channel-os-0": 158,
          "KomakiPCA5NoDevice-channel-os-1": 141,
          "KomakiPCA5NoDevice-channel-os-2": 129,
          "KomakiPCA5NoDevice-channel-os-3": 115,
          "KomakiPCA5NoDevice-channel-os-4": 146
        }
      },
      {
        "train_auc": 0.9940996662178012,
        "valid_auc": 0.9847802611911821,
        "best_iteration": 616,
        "train_time": 246.50619530677795,
        "feature_importance": {
          "app": 2882,
          "hour": 2931,
          "n_channels": 729,
          "ip_app_count": 685,
          "ip_app_os_count": 855,
          "FutureClickCount_600-ip": 442,
          "FutureClickCount_600-app": 444,
          "FutureClickCount_600-ip-app": 140,
          "FutureClickCount_600-dev": 232,
          "FutureClickCount_600-ip-dev": 492,
          "FutureClickCount_600-app-dev": 346,
          "FutureClickCount_600-ip-app-dev": 132,
          "FutureClickCount_600-os": 248,
          "FutureClickCount_600-ip-os": 310,
          "FutureClickCount_600-app-os": 440,
          "FutureClickCount_600-ip-app-os": 179,
          "FutureClickCount_600-dev-os": 551,
          "FutureClickCount_600-ip-dev-os": 281,
          "FutureClickCount_600-app-dev-os": 517,
          "FutureClickCount_600-ip-app-dev-os": 254,
          "FutureClickCount_600-cha": 406,
          "FutureClickCount_600-ip-cha": 80,
          "FutureClickCount_600-app-cha": 588,
          "FutureClickCount_600-ip-app-cha": 72,
          "FutureClickCount_600-dev-cha": 354,
          "FutureClickCount_600-ip-dev-cha": 77,
          "FutureClickCount_600-app-dev-cha": 367,
          "FutureClickCount_600-ip-app-dev-cha": 64,
          "FutureClickCount_600-os-cha": 253,
          "FutureClickCount_600-ip-os-cha": 60,
          "FutureClickCount_600-app-os-cha": 335,
          "FutureClickCount_600-ip-app-os-cha": 65,
          "FutureClickCount_600-dev-os-cha": 276,
          "FutureClickCount_600-ip-dev-os-cha": 43,
          "FutureClickCount_600-app-dev-os-cha": 275,
          "FutureClickCount_600-ip-app-dev-os-cha": 60,
          "FutureClickCount_4800-ip": 626,
          "FutureClickCount_4800-app": 337,
          "FutureClickCount_4800-ip-app": 269,
          "FutureClickCount_4800-dev": 62,
          "FutureClickCount_4800-ip-dev": 942,
          "FutureClickCount_4800-app-dev": 218,
          "FutureClickCount_4800-ip-app-dev": 230,
          "FutureClickCount_4800-os": 138,
          "FutureClickCount_4800-ip-os": 499,
          "FutureClickCount_4800-app-os": 318,
          "FutureClickCount_4800-ip-app-os": 194,
          "FutureClickCount_4800-dev-os": 207,
          "FutureClickCount_4800-ip-dev-os": 607,
          "FutureClickCount_4800-app-dev-os": 443,
          "FutureClickCount_4800-ip-app-dev-os": 292,
          "FutureClickCount_4800-cha": 276,
          "FutureClickCount_4800-ip-cha": 154,
          "FutureClickCount_4800-app-cha": 454,
          "FutureClickCount_4800-ip-app-cha": 127,
          "FutureClickCount_4800-dev-cha": 231,
          "FutureClickCount_4800-ip-dev-cha": 150,
          "FutureClickCount_4800-app-dev-cha": 315,
          "FutureClickCount_4800-ip-app-dev-cha": 123,
          "FutureClickCount_4800-os-cha": 267,
          "FutureClickCount_4800-ip-os-cha": 84,
          "FutureClickCount_4800-app-os-cha": 317,
          "FutureClickCount_4800-ip-app-os-cha": 94,
          "FutureClickCount_4800-dev-os-cha": 293,
          "FutureClickCount_4800-ip-dev-os-cha": 68,
          "FutureClickCount_4800-app-dev-os-cha": 298,
          "FutureClickCount_4800-ip-app-dev-os-cha": 104,
          "NextClickTimeDelta-ip": 618,
          "NextClickTimeDelta-app": 93,
          "NextClickTimeDelta-ip-app": 755,
          "NextClickTimeDelta-dev": 52,
          "NextClickTimeDelta-ip-dev": 471,
          "NextClickTimeDelta-app-dev": 72,
          "NextClickTimeDelta-ip-app-dev": 563,
          "NextClickTimeDelta-os": 63,
          "NextClickTimeDelta-ip-os": 538,
          "NextClickTimeDelta-app-os": 199,
          "NextClickTimeDelta-ip-app-os": 1194,
          "NextClickTimeDelta-dev-os": 108,
          "NextClickTimeDelta-ip-dev-os": 396,
          "NextClickTimeDelta-app-dev-os": 135,
          "NextClickTimeDelta-ip-app-dev-os": 2154,
          "NextClickTimeDelta-cha": 94,
          "NextClickTimeDelta-ip-cha": 425,
          "NextClickTimeDelta-app-cha": 150,
          "NextClickTimeDelta-ip-app-cha": 396,
          "NextClickTimeDelta-dev-cha": 83,
          "NextClickTimeDelta-ip-dev-cha": 298,
          "NextClickTimeDelta-app-dev-cha": 105,
          "NextClickTimeDelta-ip-app-dev-cha": 296,
          "NextClickTimeDelta-os-cha": 189,
          "NextClickTimeDelta-ip-os-cha": 320,
          "NextClickTimeDelta-app-os-cha": 246,
          "NextClickTimeDelta-ip-app-os-cha": 457,
          "NextClickTimeDelta-dev-os-cha": 150,
          "NextClickTimeDelta-ip-dev-os-cha": 314,
          "NextClickTimeDelta-app-dev-os-cha": 208,
          "NextClickTimeDelta-ip-app-dev-os-cha": 488,
          "PrevClickTimeDelta-ip": 444,
          "PrevClickTimeDelta-app": 63,
          "PrevClickTimeDelta-ip-app": 368,
          "PrevClickTimeDelta-dev": 40,
          "PrevClickTimeDelta-ip-dev": 272,
          "PrevClickTimeDelta-app-dev": 64,
          "PrevClickTimeDelta-ip-app-dev": 273,
          "PrevClickTimeDelta-os": 44,
          "PrevClickTimeDelta-ip-os": 398,
          "PrevClickTimeDelta-app-os": 162,
          "PrevClickTimeDelta-ip-app-os": 309,
          "PrevClickTimeDelta-dev-os": 49,
          "PrevClickTimeDelta-ip-dev-os": 264,
          "PrevClickTimeDelta-app-dev-os": 138,
          "PrevClickTimeDelta-ip-app-dev-os": 278,
          "PrevClickTimeDelta-cha": 81,
          "PrevClickTimeDelta-ip-cha": 378,
          "PrevClickTimeDelta-app-cha": 141,
          "PrevClickTimeDelta-ip-app-cha": 246,
          "PrevClickTimeDelta-dev-cha": 117,
          "PrevClickTimeDelta-ip-dev-cha": 231,
          "PrevClickTimeDelta-app-dev-cha": 91,
          "PrevClickTimeDelta-ip-app-dev-cha": 194,
          "PrevClickTimeDelta-os-cha": 234,
          "PrevClickTimeDelta-ip-os-cha": 228,
          "PrevClickTimeDelta-app-os-cha": 216,
          "PrevClickTimeDelta-ip-app-os-cha": 186,
          "PrevClickTimeDelta-dev-os-cha": 176,
          "PrevClickTimeDelta-ip-dev-os-cha": 148,
          "PrevClickTimeDelta-app-dev-os-cha": 195,
          "PrevClickTimeDelta-ip-app-dev-os-cha": 166,
          "AverageAttributedRatio-ip": 300,
          "AverageAttributedRatio-app": 265,
          "AverageAttributedRatio-ip-app": 153,
          "AverageAttributedRatio-dev": 408,
          "AverageAttributedRatio-ip-dev": 263,
          "AverageAttributedRatio-app-dev": 203,
          "AverageAttributedRatio-ip-app-dev": 203,
          "AverageAttributedRatio-os": 258,
          "AverageAttributedRatio-ip-os": 168,
          "AverageAttributedRatio-app-os": 245,
          "AverageAttributedRatio-ip-app-os": 48,
          "AverageAttributedRatio-dev-os": 287,
          "AverageAttributedRatio-ip-dev-os": 165,
          "AverageAttributedRatio-app-dev-os": 215,
          "AverageAttributedRatio-ip-app-dev-os": 37,
          "AverageAttributedRatio-cha": 253,
          "AverageAttributedRatio-ip-cha": 65,
          "AverageAttributedRatio-app-cha": 217,
          "AverageAttributedRatio-ip-app-cha": 63,
          "AverageAttributedRatio-dev-cha": 168,
          "AverageAttributedRatio-ip-dev-cha": 53,
          "AverageAttributedRatio-app-dev-cha": 187,
          "AverageAttributedRatio-ip-app-dev-cha": 59,
          "AverageAttributedRatio-os-cha": 221,
          "AverageAttributedRatio-ip-os-cha": 27,
          "AverageAttributedRatio-app-os-cha": 239,
          "AverageAttributedRatio-ip-app-os-cha": 38,
          "AverageAttributedRatio-dev-os-cha": 196,
          "AverageAttributedRatio-ip-dev-os-cha": 26,
          "AverageAttributedRatio-app-dev-os-cha": 211,
          "AverageAttributedRatio-ip-app-dev-os-cha": 30,
          "KomakiLDA10NoDevice_1-ip-os-0": 671,
          "KomakiLDA10NoDevice_1-ip-os-1": 519,
          "KomakiLDA10NoDevice_1-ip-os-2": 766,
          "KomakiLDA10NoDevice_1-ip-os-3": 706,
          "KomakiLDA10NoDevice_1-ip-os-4": 662,
          "KomakiLDA10NoDevice_1-ip-os-5": 859,
          "KomakiLDA10NoDevice_1-ip-os-6": 699,
          "KomakiLDA10NoDevice_1-ip-os-7": 572,
          "KomakiLDA10NoDevice_1-ip-os-8": 534,
          "KomakiLDA10NoDevice_1-ip-os-9": 742,
          "KomakiLDA10NoDevice_1-app-ip-0": 171,
          "KomakiLDA10NoDevice_1-app-ip-1": 203,
          "KomakiLDA10NoDevice_1-app-ip-2": 119,
          "KomakiLDA10NoDevice_1-app-ip-3": 163,
          "KomakiLDA10NoDevice_1-app-ip-4": 88,
          "KomakiLDA10NoDevice_1-app-ip-5": 75,
          "KomakiLDA10NoDevice_1-app-ip-6": 201,
          "KomakiLDA10NoDevice_1-app-ip-7": 118,
          "KomakiLDA10NoDevice_1-app-ip-8": 148,
          "KomakiLDA10NoDevice_1-app-ip-9": 80,
          "KomakiLDA10NoDevice_1-app-os-0": 166,
          "KomakiLDA10NoDevice_1-app-os-1": 83,
          "KomakiLDA10NoDevice_1-app-os-2": 110,
          "KomakiLDA10NoDevice_1-app-os-3": 142,
          "KomakiLDA10NoDevice_1-app-os-4": 128,
          "KomakiLDA10NoDevice_1-app-os-5": 121,
          "KomakiLDA10NoDevice_1-app-os-6": 104,
          "KomakiLDA10NoDevice_1-app-os-7": 86,
          "KomakiLDA10NoDevice_1-app-os-8": 88,
          "KomakiLDA10NoDevice_1-app-os-9": 98,
          "KomakiLDA10NoDevice_1-app-channel-0": 61,
          "KomakiLDA10NoDevice_1-app-channel-1": 108,
          "KomakiLDA10NoDevice_1-app-channel-2": 118,
          "KomakiLDA10NoDevice_1-app-channel-3": 51,
          "KomakiLDA10NoDevice_1-app-channel-4": 40,
          "KomakiLDA10NoDevice_1-app-channel-5": 66,
          "KomakiLDA10NoDevice_1-app-channel-6": 109,
          "KomakiLDA10NoDevice_1-app-channel-7": 89,
          "KomakiLDA10NoDevice_1-app-channel-8": 53,
          "KomakiLDA10NoDevice_1-app-channel-9": 68,
          "KomakiLDA10NoDevice_1-channel-ip-0": 238,
          "KomakiLDA10NoDevice_1-channel-ip-1": 182,
          "KomakiLDA10NoDevice_1-channel-ip-2": 179,
          "KomakiLDA10NoDevice_1-channel-ip-3": 222,
          "KomakiLDA10NoDevice_1-channel-ip-4": 189,
          "KomakiLDA10NoDevice_1-channel-ip-5": 125,
          "KomakiLDA10NoDevice_1-channel-ip-6": 156,
          "KomakiLDA10NoDevice_1-channel-ip-7": 166,
          "KomakiLDA10NoDevice_1-channel-ip-8": 164,
          "KomakiLDA10NoDevice_1-channel-ip-9": 32,
          "KomakiLDA10NoDevice_1-channel-os-0": 163,
          "KomakiLDA10NoDevice_1-channel-os-1": 137,
          "KomakiLDA10NoDevice_1-channel-os-2": 36,
          "KomakiLDA10NoDevice_1-channel-os-3": 171,
          "KomakiLDA10NoDevice_1-channel-os-4": 145,
          "KomakiLDA10NoDevice_1-channel-os-5": 256,
          "KomakiLDA10NoDevice_1-channel-os-6": 186,
          "KomakiLDA10NoDevice_1-channel-os-7": 158,
          "KomakiLDA10NoDevice_1-channel-os-8": 67,
          "KomakiLDA10NoDevice_1-channel-os-9": 36,
          "KomakiLDA10NoDevice_2-ip-app-0": 879,
          "KomakiLDA10NoDevice_2-ip-app-1": 642,
          "KomakiLDA10NoDevice_2-ip-app-2": 836,
          "KomakiLDA10NoDevice_2-ip-app-3": 948,
          "KomakiLDA10NoDevice_2-ip-app-4": 916,
          "KomakiLDA10NoDevice_2-ip-app-5": 485,
          "KomakiLDA10NoDevice_2-ip-app-6": 726,
          "KomakiLDA10NoDevice_2-ip-app-7": 822,
          "KomakiLDA10NoDevice_2-ip-app-8": 636,
          "KomakiLDA10NoDevice_2-ip-app-9": 680,
          "KomakiLDA10NoDevice_2-ip-channel-0": 763,
          "KomakiLDA10NoDevice_2-ip-channel-1": 780,
          "KomakiLDA10NoDevice_2-ip-channel-2": 781,
          "KomakiLDA10NoDevice_2-ip-channel-3": 721,
          "KomakiLDA10NoDevice_2-ip-channel-4": 664,
          "KomakiLDA10NoDevice_2-ip-channel-5": 769,
          "KomakiLDA10NoDevice_2-ip-channel-6": 786,
          "KomakiLDA10NoDevice_2-ip-channel-7": 704,
          "KomakiLDA10NoDevice_2-ip-channel-8": 805,
          "KomakiLDA10NoDevice_2-ip-channel-9": 789,
          "KomakiLDA10NoDevice_2-os-ip-0": 154,
          "KomakiLDA10NoDevice_2-os-ip-1": 158,
          "KomakiLDA10NoDevice_2-os-ip-2": 187,
          "KomakiLDA10NoDevice_2-os-ip-3": 150,
          "KomakiLDA10NoDevice_2-os-ip-4": 82,
          "KomakiLDA10NoDevice_2-os-ip-5": 152,
          "KomakiLDA10NoDevice_2-os-ip-6": 121,
          "KomakiLDA10NoDevice_2-os-ip-7": 104,
          "KomakiLDA10NoDevice_2-os-ip-8": 110,
          "KomakiLDA10NoDevice_2-os-ip-9": 94,
          "KomakiLDA10NoDevice_2-os-app-0": 237,
          "KomakiLDA10NoDevice_2-os-app-1": 53,
          "KomakiLDA10NoDevice_2-os-app-2": 45,
          "KomakiLDA10NoDevice_2-os-app-3": 173,
          "KomakiLDA10NoDevice_2-os-app-4": 9,
          "KomakiLDA10NoDevice_2-os-app-5": 127,
          "KomakiLDA10NoDevice_2-os-app-6": 49,
          "KomakiLDA10NoDevice_2-os-app-7": 128,
          "KomakiLDA10NoDevice_2-os-app-8": 110,
          "KomakiLDA10NoDevice_2-os-app-9": 129,
          "KomakiLDA10NoDevice_2-os-channel-0": 203,
          "KomakiLDA10NoDevice_2-os-channel-1": 175,
          "KomakiLDA10NoDevice_2-os-channel-2": 78,
          "KomakiLDA10NoDevice_2-os-channel-3": 88,
          "KomakiLDA10NoDevice_2-os-channel-4": 171,
          "KomakiLDA10NoDevice_2-os-channel-5": 186,
          "KomakiLDA10NoDevice_2-os-channel-6": 219,
          "KomakiLDA10NoDevice_2-os-channel-7": 171,
          "KomakiLDA10NoDevice_2-os-channel-8": 116,
          "KomakiLDA10NoDevice_2-os-channel-9": 96,
          "KomakiLDA10NoDevice_2-channel-app-0": 298,
          "KomakiLDA10NoDevice_2-channel-app-1": 92,
          "KomakiLDA10NoDevice_2-channel-app-2": 89,
          "KomakiLDA10NoDevice_2-channel-app-3": 185,
          "KomakiLDA10NoDevice_2-channel-app-4": 122,
          "KomakiLDA10NoDevice_2-channel-app-5": 126,
          "KomakiLDA10NoDevice_2-channel-app-6": 139,
          "KomakiLDA10NoDevice_2-channel-app-7": 123,
          "KomakiLDA10NoDevice_2-channel-app-8": 189,
          "KomakiLDA10NoDevice_2-channel-app-9": 151,
          "KomakiNMF5NoDevice-ip-app-0": 421,
          "KomakiNMF5NoDevice-ip-app-1": 769,
          "KomakiNMF5NoDevice-ip-app-2": 541,
          "KomakiNMF5NoDevice-ip-app-3": 464,
          "KomakiNMF5NoDevice-ip-app-4": 460,
          "KomakiNMF5NoDevice-ip-os-0": 619,
          "KomakiNMF5NoDevice-ip-os-1": 561,
          "KomakiNMF5NoDevice-ip-os-2": 550,
          "KomakiNMF5NoDevice-ip-os-3": 511,
          "KomakiNMF5NoDevice-ip-os-4": 518,
          "KomakiNMF5NoDevice-ip-channel-0": 512,
          "KomakiNMF5NoDevice-ip-channel-1": 805,
          "KomakiNMF5NoDevice-ip-channel-2": 488,
          "KomakiNMF5NoDevice-ip-channel-3": 552,
          "KomakiNMF5NoDevice-ip-channel-4": 507,
          "KomakiNMF5NoDevice-app-ip-0": 107,
          "KomakiNMF5NoDevice-app-ip-1": 102,
          "KomakiNMF5NoDevice-app-ip-2": 73,
          "KomakiNMF5NoDevice-app-ip-3": 83,
          "KomakiNMF5NoDevice-app-ip-4": 36,
          "KomakiNMF5NoDevice-app-os-0": 18,
          "KomakiNMF5NoDevice-app-os-1": 50,
          "KomakiNMF5NoDevice-app-os-2": 54,
          "KomakiNMF5NoDevice-app-os-3": 26,
          "KomakiNMF5NoDevice-app-os-4": 20,
          "KomakiNMF5NoDevice-app-channel-0": 54,
          "KomakiNMF5NoDevice-app-channel-1": 86,
          "KomakiNMF5NoDevice-app-channel-2": 109,
          "KomakiNMF5NoDevice-app-channel-3": 66,
          "KomakiNMF5NoDevice-app-channel-4": 63,
          "KomakiNMF5NoDevice-os-ip-0": 90,
          "KomakiNMF5NoDevice-os-ip-1": 114,
          "KomakiNMF5NoDevice-os-ip-2": 79,
          "KomakiNMF5NoDevice-os-ip-3": 92,
          "KomakiNMF5NoDevice-os-ip-4": 84,
          "KomakiNMF5NoDevice-os-app-0": 71,
          "KomakiNMF5NoDevice-os-app-1": 3,
          "KomakiNMF5NoDevice-os-app-2": 72,
          "KomakiNMF5NoDevice-os-app-3": 121,
          "KomakiNMF5NoDevice-os-app-4": 47,
          "KomakiNMF5NoDevice-os-channel-0": 158,
          "KomakiNMF5NoDevice-os-channel-1": 93,
          "KomakiNMF5NoDevice-os-channel-2": 178,
          "KomakiNMF5NoDevice-os-channel-3": 114,
          "KomakiNMF5NoDevice-os-channel-4": 150,
          "KomakiNMF5NoDevice-channel-ip-0": 180,
          "KomakiNMF5NoDevice-channel-ip-1": 134,
          "KomakiNMF5NoDevice-channel-ip-2": 164,
          "KomakiNMF5NoDevice-channel-ip-3": 167,
          "KomakiNMF5NoDevice-channel-ip-4": 151,
          "KomakiNMF5NoDevice-channel-app-0": 87,
          "KomakiNMF5NoDevice-channel-app-1": 35,
          "KomakiNMF5NoDevice-channel-app-2": 100,
          "KomakiNMF5NoDevice-channel-app-3": 73,
          "KomakiNMF5NoDevice-channel-app-4": 87,
          "KomakiNMF5NoDevice-channel-os-0": 183,
          "KomakiNMF5NoDevice-channel-os-1": 40,
          "KomakiNMF5NoDevice-channel-os-2": 193,
          "KomakiNMF5NoDevice-channel-os-3": 107,
          "KomakiNMF5NoDevice-channel-os-4": 215,
          "KomakiPCA5NoDevice-ip-app-0": 680,
          "KomakiPCA5NoDevice-ip-app-1": 606,
          "KomakiPCA5NoDevice-ip-app-2": 552,
          "KomakiPCA5NoDevice-ip-app-3": 417,
          "KomakiPCA5NoDevice-ip-app-4": 612,
          "KomakiPCA5NoDevice-ip-os-0": 760,
          "KomakiPCA5NoDevice-ip-os-1": 462,
          "KomakiPCA5NoDevice-ip-os-2": 567,
          "KomakiPCA5NoDevice-ip-os-3": 541,
          "KomakiPCA5NoDevice-ip-os-4": 652,
          "KomakiPCA5NoDevice-ip-channel-0": 839,
          "KomakiPCA5NoDevice-ip-channel-1": 717,
          "KomakiPCA5NoDevice-ip-channel-2": 538,
          "KomakiPCA5NoDevice-ip-channel-3": 627,
          "KomakiPCA5NoDevice-ip-channel-4": 558,
          "KomakiPCA5NoDevice-app-ip-0": 66,
          "KomakiPCA5NoDevice-app-ip-1": 73,
          "KomakiPCA5NoDevice-app-ip-2": 69,
          "KomakiPCA5NoDevice-app-ip-3": 89,
          "KomakiPCA5NoDevice-app-ip-4": 49,
          "KomakiPCA5NoDevice-app-os-0": 97,
          "KomakiPCA5NoDevice-app-os-1": 54,
          "KomakiPCA5NoDevice-app-os-2": 81,
          "KomakiPCA5NoDevice-app-os-3": 75,
          "KomakiPCA5NoDevice-app-os-4": 65,
          "KomakiPCA5NoDevice-app-channel-0": 88,
          "KomakiPCA5NoDevice-app-channel-1": 81,
          "KomakiPCA5NoDevice-app-channel-2": 80,
          "KomakiPCA5NoDevice-app-channel-3": 94,
          "KomakiPCA5NoDevice-app-channel-4": 82,
          "KomakiPCA5NoDevice-os-ip-0": 45,
          "KomakiPCA5NoDevice-os-ip-1": 113,
          "KomakiPCA5NoDevice-os-ip-2": 93,
          "KomakiPCA5NoDevice-os-ip-3": 115,
          "KomakiPCA5NoDevice-os-ip-4": 128,
          "KomakiPCA5NoDevice-os-app-0": 80,
          "KomakiPCA5NoDevice-os-app-1": 87,
          "KomakiPCA5NoDevice-os-app-2": 69,
          "KomakiPCA5NoDevice-os-app-3": 104,
          "KomakiPCA5NoDevice-os-app-4": 152,
          "KomakiPCA5NoDevice-os-channel-0": 99,
          "KomakiPCA5NoDevice-os-channel-1": 131,
          "KomakiPCA5NoDevice-os-channel-2": 95,
          "KomakiPCA5NoDevice-os-channel-3": 99,
          "KomakiPCA5NoDevice-os-channel-4": 68,
          "KomakiPCA5NoDevice-channel-ip-0": 198,
          "KomakiPCA5NoDevice-channel-ip-1": 179,
          "KomakiPCA5NoDevice-channel-ip-2": 143,
          "KomakiPCA5NoDevice-channel-ip-3": 138,
          "KomakiPCA5NoDevice-channel-ip-4": 170,
          "KomakiPCA5NoDevice-channel-app-0": 168,
          "KomakiPCA5NoDevice-channel-app-1": 104,
          "KomakiPCA5NoDevice-channel-app-2": 123,
          "KomakiPCA5NoDevice-channel-app-3": 111,
          "KomakiPCA5NoDevice-channel-app-4": 140,
          "KomakiPCA5NoDevice-channel-os-0": 175,
          "KomakiPCA5NoDevice-channel-os-1": 175,
          "KomakiPCA5NoDevice-channel-os-2": 122,
          "KomakiPCA5NoDevice-channel-os-3": 136,
          "KomakiPCA5NoDevice-channel-os-4": 137
        }
      },
      {
        "train_auc": 0.9950261897201096,
        "valid_auc": 0.9849303054883861,
        "best_iteration": 738,
        "train_time": 296.41025280952454,
        "feature_importance": {
          "app": 3276,
          "hour": 3548,
          "n_channels": 844,
          "ip_app_count": 852,
          "ip_app_os_count": 1036,
          "FutureClickCount_600-ip": 464,
          "FutureClickCount_600-app": 512,
          "FutureClickCount_600-ip-app": 164,
          "FutureClickCount_600-dev": 236,
          "FutureClickCount_600-ip-dev": 534,
          "FutureClickCount_600-app-dev": 433,
          "FutureClickCount_600-ip-app-dev": 152,
          "FutureClickCount_600-os": 282,
          "FutureClickCount_600-ip-os": 397,
          "FutureClickCount_600-app-os": 479,
          "FutureClickCount_600-ip-app-os": 218,
          "FutureClickCount_600-dev-os": 589,
          "FutureClickCount_600-ip-dev-os": 347,
          "FutureClickCount_600-app-dev-os": 597,
          "FutureClickCount_600-ip-app-dev-os": 280,
          "FutureClickCount_600-cha": 512,
          "FutureClickCount_600-ip-cha": 120,
          "FutureClickCount_600-app-cha": 642,
          "FutureClickCount_600-ip-app-cha": 76,
          "FutureClickCount_600-dev-cha": 411,
          "FutureClickCount_600-ip-dev-cha": 98,
          "FutureClickCount_600-app-dev-cha": 454,
          "FutureClickCount_600-ip-app-dev-cha": 75,
          "FutureClickCount_600-os-cha": 368,
          "FutureClickCount_600-ip-os-cha": 63,
          "FutureClickCount_600-app-os-cha": 363,
          "FutureClickCount_600-ip-app-os-cha": 65,
          "FutureClickCount_600-dev-os-cha": 394,
          "FutureClickCount_600-ip-dev-os-cha": 60,
          "FutureClickCount_600-app-dev-os-cha": 375,
          "FutureClickCount_600-ip-app-dev-os-cha": 74,
          "FutureClickCount_4800-ip": 811,
          "FutureClickCount_4800-app": 268,
          "FutureClickCount_4800-ip-app": 291,
          "FutureClickCount_4800-dev": 76,
          "FutureClickCount_4800-ip-dev": 1036,
          "FutureClickCount_4800-app-dev": 233,
          "FutureClickCount_4800-ip-app-dev": 260,
          "FutureClickCount_4800-os": 125,
          "FutureClickCount_4800-ip-os": 551,
          "FutureClickCount_4800-app-os": 395,
          "FutureClickCount_4800-ip-app-os": 247,
          "FutureClickCount_4800-dev-os": 216,
          "FutureClickCount_4800-ip-dev-os": 678,
          "FutureClickCount_4800-app-dev-os": 492,
          "FutureClickCount_4800-ip-app-dev-os": 303,
          "FutureClickCount_4800-cha": 316,
          "FutureClickCount_4800-ip-cha": 197,
          "FutureClickCount_4800-app-cha": 548,
          "FutureClickCount_4800-ip-app-cha": 139,
          "FutureClickCount_4800-dev-cha": 279,
          "FutureClickCount_4800-ip-dev-cha": 173,
          "FutureClickCount_4800-app-dev-cha": 374,
          "FutureClickCount_4800-ip-app-dev-cha": 153,
          "FutureClickCount_4800-os-cha": 296,
          "FutureClickCount_4800-ip-os-cha": 105,
          "FutureClickCount_4800-app-os-cha": 411,
          "FutureClickCount_4800-ip-app-os-cha": 72,
          "FutureClickCount_4800-dev-os-cha": 318,
          "FutureClickCount_4800-ip-dev-os-cha": 93,
          "FutureClickCount_4800-app-dev-os-cha": 384,
          "FutureClickCount_4800-ip-app-dev-os-cha": 91,
          "NextClickTimeDelta-ip": 708,
          "NextClickTimeDelta-app": 103,
          "NextClickTimeDelta-ip-app": 787,
          "NextClickTimeDelta-dev": 60,
          "NextClickTimeDelta-ip-dev": 530,
          "NextClickTimeDelta-app-dev": 81,
          "NextClickTimeDelta-ip-app-dev": 647,
          "NextClickTimeDelta-os": 65,
          "NextClickTimeDelta-ip-os": 619,
          "NextClickTimeDelta-app-os": 189,
          "NextClickTimeDelta-ip-app-os": 1283,
          "NextClickTimeDelta-dev-os": 80,
          "NextClickTimeDelta-ip-dev-os": 422,
          "NextClickTimeDelta-app-dev-os": 189,
          "NextClickTimeDelta-ip-app-dev-os": 2241,
          "NextClickTimeDelta-cha": 112,
          "NextClickTimeDelta-ip-cha": 532,
          "NextClickTimeDelta-app-cha": 143,
          "NextClickTimeDelta-ip-app-cha": 481,
          "NextClickTimeDelta-dev-cha": 110,
          "NextClickTimeDelta-ip-dev-cha": 400,
          "NextClickTimeDelta-app-dev-cha": 137,
          "NextClickTimeDelta-ip-app-dev-cha": 334,
          "NextClickTimeDelta-os-cha": 201,
          "NextClickTimeDelta-ip-os-cha": 440,
          "NextClickTimeDelta-app-os-cha": 309,
          "NextClickTimeDelta-ip-app-os-cha": 515,
          "NextClickTimeDelta-dev-os-cha": 176,
          "NextClickTimeDelta-ip-dev-os-cha": 373,
          "NextClickTimeDelta-app-dev-os-cha": 259,
          "NextClickTimeDelta-ip-app-dev-os-cha": 505,
          "PrevClickTimeDelta-ip": 579,
          "PrevClickTimeDelta-app": 98,
          "PrevClickTimeDelta-ip-app": 486,
          "PrevClickTimeDelta-dev": 61,
          "PrevClickTimeDelta-ip-dev": 388,
          "PrevClickTimeDelta-app-dev": 69,
          "PrevClickTimeDelta-ip-app-dev": 363,
          "PrevClickTimeDelta-os": 97,
          "PrevClickTimeDelta-ip-os": 574,
          "PrevClickTimeDelta-app-os": 206,
          "PrevClickTimeDelta-ip-app-os": 389,
          "PrevClickTimeDelta-dev-os": 66,
          "PrevClickTimeDelta-ip-dev-os": 307,
          "PrevClickTimeDelta-app-dev-os": 177,
          "PrevClickTimeDelta-ip-app-dev-os": 297,
          "PrevClickTimeDelta-cha": 102,
          "PrevClickTimeDelta-ip-cha": 443,
          "PrevClickTimeDelta-app-cha": 176,
          "PrevClickTimeDelta-ip-app-cha": 348,
          "PrevClickTimeDelta-dev-cha": 96,
          "PrevClickTimeDelta-ip-dev-cha": 306,
          "PrevClickTimeDelta-app-dev-cha": 117,
          "PrevClickTimeDelta-ip-app-dev-cha": 286,
          "PrevClickTimeDelta-os-cha": 225,
          "PrevClickTimeDelta-ip-os-cha": 281,
          "PrevClickTimeDelta-app-os-cha": 231,
          "PrevClickTimeDelta-ip-app-os-cha": 244,
          "PrevClickTimeDelta-dev-os-cha": 179,
          "PrevClickTimeDelta-ip-dev-os-cha": 203,
          "PrevClickTimeDelta-app-dev-os-cha": 221,
          "PrevClickTimeDelta-ip-app-dev-os-cha": 206,
          "AverageAttributedRatio-ip": 362,
          "AverageAttributedRatio-app": 317,
          "AverageAttributedRatio-ip-app": 192,
          "AverageAttributedRatio-dev": 487,
          "AverageAttributedRatio-ip-dev": 375,
          "AverageAttributedRatio-app-dev": 211,
          "AverageAttributedRatio-ip-app-dev": 236,
          "AverageAttributedRatio-os": 362,
          "AverageAttributedRatio-ip-os": 205,
          "AverageAttributedRatio-app-os": 280,
          "AverageAttributedRatio-ip-app-os": 63,
          "AverageAttributedRatio-dev-os": 328,
          "AverageAttributedRatio-ip-dev-os": 256,
          "AverageAttributedRatio-app-dev-os": 241,
          "AverageAttributedRatio-ip-app-dev-os": 64,
          "AverageAttributedRatio-cha": 303,
          "AverageAttributedRatio-ip-cha": 88,
          "AverageAttributedRatio-app-cha": 251,
          "AverageAttributedRatio-ip-app-cha": 77,
          "AverageAttributedRatio-dev-cha": 204,
          "AverageAttributedRatio-ip-dev-cha": 76,
          "AverageAttributedRatio-app-dev-cha": 231,
          "AverageAttributedRatio-ip-app-dev-cha": 53,
          "AverageAttributedRatio-os-cha": 291,
          "AverageAttributedRatio-ip-os-cha": 46,
          "AverageAttributedRatio-app-os-cha": 260,
          "AverageAttributedRatio-ip-app-os-cha": 43,
          "AverageAttributedRatio-dev-os-cha": 235,
          "AverageAttributedRatio-ip-dev-os-cha": 29,
          "AverageAttributedRatio-app-dev-os-cha": 277,
          "AverageAttributedRatio-ip-app-dev-os-cha": 23,
          "KomakiLDA10NoDevice_1-ip-os-0": 862,
          "KomakiLDA10NoDevice_1-ip-os-1": 667,
          "KomakiLDA10NoDevice_1-ip-os-2": 952,
          "KomakiLDA10NoDevice_1-ip-os-3": 956,
          "KomakiLDA10NoDevice_1-ip-os-4": 800,
          "KomakiLDA10NoDevice_1-ip-os-5": 957,
          "KomakiLDA10NoDevice_1-ip-os-6": 897,
          "KomakiLDA10NoDevice_1-ip-os-7": 717,
          "KomakiLDA10NoDevice_1-ip-os-8": 676,
          "KomakiLDA10NoDevice_1-ip-os-9": 953,
          "KomakiLDA10NoDevice_1-app-ip-0": 190,
          "KomakiLDA10NoDevice_1-app-ip-1": 164,
          "KomakiLDA10NoDevice_1-app-ip-2": 147,
          "KomakiLDA10NoDevice_1-app-ip-3": 138,
          "KomakiLDA10NoDevice_1-app-ip-4": 92,
          "KomakiLDA10NoDevice_1-app-ip-5": 93,
          "KomakiLDA10NoDevice_1-app-ip-6": 194,
          "KomakiLDA10NoDevice_1-app-ip-7": 136,
          "KomakiLDA10NoDevice_1-app-ip-8": 133,
          "KomakiLDA10NoDevice_1-app-ip-9": 124,
          "KomakiLDA10NoDevice_1-app-os-0": 160,
          "KomakiLDA10NoDevice_1-app-os-1": 113,
          "KomakiLDA10NoDevice_1-app-os-2": 90,
          "KomakiLDA10NoDevice_1-app-os-3": 159,
          "KomakiLDA10NoDevice_1-app-os-4": 147,
          "KomakiLDA10NoDevice_1-app-os-5": 149,
          "KomakiLDA10NoDevice_1-app-os-6": 97,
          "KomakiLDA10NoDevice_1-app-os-7": 94,
          "KomakiLDA10NoDevice_1-app-os-8": 87,
          "KomakiLDA10NoDevice_1-app-os-9": 106,
          "KomakiLDA10NoDevice_1-app-channel-0": 58,
          "KomakiLDA10NoDevice_1-app-channel-1": 113,
          "KomakiLDA10NoDevice_1-app-channel-2": 121,
          "KomakiLDA10NoDevice_1-app-channel-3": 58,
          "KomakiLDA10NoDevice_1-app-channel-4": 68,
          "KomakiLDA10NoDevice_1-app-channel-5": 68,
          "KomakiLDA10NoDevice_1-app-channel-6": 118,
          "KomakiLDA10NoDevice_1-app-channel-7": 93,
          "KomakiLDA10NoDevice_1-app-channel-8": 88,
          "KomakiLDA10NoDevice_1-app-channel-9": 69,
          "KomakiLDA10NoDevice_1-channel-ip-0": 305,
          "KomakiLDA10NoDevice_1-channel-ip-1": 273,
          "KomakiLDA10NoDevice_1-channel-ip-2": 227,
          "KomakiLDA10NoDevice_1-channel-ip-3": 238,
          "KomakiLDA10NoDevice_1-channel-ip-4": 232,
          "KomakiLDA10NoDevice_1-channel-ip-5": 121,
          "KomakiLDA10NoDevice_1-channel-ip-6": 202,
          "KomakiLDA10NoDevice_1-channel-ip-7": 234,
          "KomakiLDA10NoDevice_1-channel-ip-8": 213,
          "KomakiLDA10NoDevice_1-channel-ip-9": 35,
          "KomakiLDA10NoDevice_1-channel-os-0": 200,
          "KomakiLDA10NoDevice_1-channel-os-1": 158,
          "KomakiLDA10NoDevice_1-channel-os-2": 41,
          "KomakiLDA10NoDevice_1-channel-os-3": 222,
          "KomakiLDA10NoDevice_1-channel-os-4": 206,
          "KomakiLDA10NoDevice_1-channel-os-5": 288,
          "KomakiLDA10NoDevice_1-channel-os-6": 178,
          "KomakiLDA10NoDevice_1-channel-os-7": 201,
          "KomakiLDA10NoDevice_1-channel-os-8": 72,
          "KomakiLDA10NoDevice_1-channel-os-9": 36,
          "KomakiLDA10NoDevice_2-ip-app-0": 993,
          "KomakiLDA10NoDevice_2-ip-app-1": 747,
          "KomakiLDA10NoDevice_2-ip-app-2": 935,
          "KomakiLDA10NoDevice_2-ip-app-3": 1111,
          "KomakiLDA10NoDevice_2-ip-app-4": 1034,
          "KomakiLDA10NoDevice_2-ip-app-5": 649,
          "KomakiLDA10NoDevice_2-ip-app-6": 872,
          "KomakiLDA10NoDevice_2-ip-app-7": 1027,
          "KomakiLDA10NoDevice_2-ip-app-8": 772,
          "KomakiLDA10NoDevice_2-ip-app-9": 894,
          "KomakiLDA10NoDevice_2-ip-channel-0": 975,
          "KomakiLDA10NoDevice_2-ip-channel-1": 928,
          "KomakiLDA10NoDevice_2-ip-channel-2": 879,
          "KomakiLDA10NoDevice_2-ip-channel-3": 887,
          "KomakiLDA10NoDevice_2-ip-channel-4": 790,
          "KomakiLDA10NoDevice_2-ip-channel-5": 959,
          "KomakiLDA10NoDevice_2-ip-channel-6": 912,
          "KomakiLDA10NoDevice_2-ip-channel-7": 833,
          "KomakiLDA10NoDevice_2-ip-channel-8": 896,
          "KomakiLDA10NoDevice_2-ip-channel-9": 938,
          "KomakiLDA10NoDevice_2-os-ip-0": 185,
          "KomakiLDA10NoDevice_2-os-ip-1": 165,
          "KomakiLDA10NoDevice_2-os-ip-2": 203,
          "KomakiLDA10NoDevice_2-os-ip-3": 173,
          "KomakiLDA10NoDevice_2-os-ip-4": 124,
          "KomakiLDA10NoDevice_2-os-ip-5": 159,
          "KomakiLDA10NoDevice_2-os-ip-6": 160,
          "KomakiLDA10NoDevice_2-os-ip-7": 143,
          "KomakiLDA10NoDevice_2-os-ip-8": 167,
          "KomakiLDA10NoDevice_2-os-ip-9": 142,
          "KomakiLDA10NoDevice_2-os-app-0": 217,
          "KomakiLDA10NoDevice_2-os-app-1": 62,
          "KomakiLDA10NoDevice_2-os-app-2": 42,
          "KomakiLDA10NoDevice_2-os-app-3": 197,
          "KomakiLDA10NoDevice_2-os-app-4": 12,
          "KomakiLDA10NoDevice_2-os-app-5": 136,
          "KomakiLDA10NoDevice_2-os-app-6": 42,
          "KomakiLDA10NoDevice_2-os-app-7": 139,
          "KomakiLDA10NoDevice_2-os-app-8": 131,
          "KomakiLDA10NoDevice_2-os-app-9": 154,
          "KomakiLDA10NoDevice_2-os-channel-0": 211,
          "KomakiLDA10NoDevice_2-os-channel-1": 194,
          "KomakiLDA10NoDevice_2-os-channel-2": 98,
          "KomakiLDA10NoDevice_2-os-channel-3": 118,
          "KomakiLDA10NoDevice_2-os-channel-4": 172,
          "KomakiLDA10NoDevice_2-os-channel-5": 192,
          "KomakiLDA10NoDevice_2-os-channel-6": 240,
          "KomakiLDA10NoDevice_2-os-channel-7": 184,
          "KomakiLDA10NoDevice_2-os-channel-8": 134,
          "KomakiLDA10NoDevice_2-os-channel-9": 124,
          "KomakiLDA10NoDevice_2-channel-app-0": 340,
          "KomakiLDA10NoDevice_2-channel-app-1": 122,
          "KomakiLDA10NoDevice_2-channel-app-2": 107,
          "KomakiLDA10NoDevice_2-channel-app-3": 189,
          "KomakiLDA10NoDevice_2-channel-app-4": 141,
          "KomakiLDA10NoDevice_2-channel-app-5": 84,
          "KomakiLDA10NoDevice_2-channel-app-6": 163,
          "KomakiLDA10NoDevice_2-channel-app-7": 170,
          "KomakiLDA10NoDevice_2-channel-app-8": 218,
          "KomakiLDA10NoDevice_2-channel-app-9": 202,
          "KomakiNMF5NoDevice-ip-app-0": 560,
          "KomakiNMF5NoDevice-ip-app-1": 808,
          "KomakiNMF5NoDevice-ip-app-2": 649,
          "KomakiNMF5NoDevice-ip-app-3": 533,
          "KomakiNMF5NoDevice-ip-app-4": 522,
          "KomakiNMF5NoDevice-ip-os-0": 734,
          "KomakiNMF5NoDevice-ip-os-1": 655,
          "KomakiNMF5NoDevice-ip-os-2": 713,
          "KomakiNMF5NoDevice-ip-os-3": 643,
          "KomakiNMF5NoDevice-ip-os-4": 687,
          "KomakiNMF5NoDevice-ip-channel-0": 609,
          "KomakiNMF5NoDevice-ip-channel-1": 881,
          "KomakiNMF5NoDevice-ip-channel-2": 619,
          "KomakiNMF5NoDevice-ip-channel-3": 698,
          "KomakiNMF5NoDevice-ip-channel-4": 705,
          "KomakiNMF5NoDevice-app-ip-0": 111,
          "KomakiNMF5NoDevice-app-ip-1": 103,
          "KomakiNMF5NoDevice-app-ip-2": 109,
          "KomakiNMF5NoDevice-app-ip-3": 83,
          "KomakiNMF5NoDevice-app-ip-4": 56,
          "KomakiNMF5NoDevice-app-os-0": 26,
          "KomakiNMF5NoDevice-app-os-1": 65,
          "KomakiNMF5NoDevice-app-os-2": 70,
          "KomakiNMF5NoDevice-app-os-3": 33,
          "KomakiNMF5NoDevice-app-os-4": 26,
          "KomakiNMF5NoDevice-app-channel-0": 59,
          "KomakiNMF5NoDevice-app-channel-1": 87,
          "KomakiNMF5NoDevice-app-channel-2": 107,
          "KomakiNMF5NoDevice-app-channel-3": 96,
          "KomakiNMF5NoDevice-app-channel-4": 87,
          "KomakiNMF5NoDevice-os-ip-0": 102,
          "KomakiNMF5NoDevice-os-ip-1": 131,
          "KomakiNMF5NoDevice-os-ip-2": 100,
          "KomakiNMF5NoDevice-os-ip-3": 113,
          "KomakiNMF5NoDevice-os-ip-4": 106,
          "KomakiNMF5NoDevice-os-app-0": 89,
          "KomakiNMF5NoDevice-os-app-1": 4,
          "KomakiNMF5NoDevice-os-app-2": 92,
          "KomakiNMF5NoDevice-os-app-3": 128,
          "KomakiNMF5NoDevice-os-app-4": 81,
          "KomakiNMF5NoDevice-os-channel-0": 182,
          "KomakiNMF5NoDevice-os-channel-1": 99,
          "KomakiNMF5NoDevice-os-channel-2": 187,
          "KomakiNMF5NoDevice-os-channel-3": 164,
          "KomakiNMF5NoDevice-os-channel-4": 153,
          "KomakiNMF5NoDevice-channel-ip-0": 242,
          "KomakiNMF5NoDevice-channel-ip-1": 174,
          "KomakiNMF5NoDevice-channel-ip-2": 187,
          "KomakiNMF5NoDevice-channel-ip-3": 187,
          "KomakiNMF5NoDevice-channel-ip-4": 225,
          "KomakiNMF5NoDevice-channel-app-0": 109,
          "KomakiNMF5NoDevice-channel-app-1": 40,
          "KomakiNMF5NoDevice-channel-app-2": 115,
          "KomakiNMF5NoDevice-channel-app-3": 77,
          "KomakiNMF5NoDevice-channel-app-4": 126,
          "KomakiNMF5NoDevice-channel-os-0": 205,
          "KomakiNMF5NoDevice-channel-os-1": 37,
          "KomakiNMF5NoDevice-channel-os-2": 212,
          "KomakiNMF5NoDevice-channel-os-3": 98,
          "KomakiNMF5NoDevice-channel-os-4": 228,
          "KomakiPCA5NoDevice-ip-app-0": 846,
          "KomakiPCA5NoDevice-ip-app-1": 679,
          "KomakiPCA5NoDevice-ip-app-2": 731,
          "KomakiPCA5NoDevice-ip-app-3": 525,
          "KomakiPCA5NoDevice-ip-app-4": 708,
          "KomakiPCA5NoDevice-ip-os-0": 925,
          "KomakiPCA5NoDevice-ip-os-1": 628,
          "KomakiPCA5NoDevice-ip-os-2": 635,
          "KomakiPCA5NoDevice-ip-os-3": 633,
          "KomakiPCA5NoDevice-ip-os-4": 797,
          "KomakiPCA5NoDevice-ip-channel-0": 900,
          "KomakiPCA5NoDevice-ip-channel-1": 747,
          "KomakiPCA5NoDevice-ip-channel-2": 705,
          "KomakiPCA5NoDevice-ip-channel-3": 779,
          "KomakiPCA5NoDevice-ip-channel-4": 655,
          "KomakiPCA5NoDevice-app-ip-0": 89,
          "KomakiPCA5NoDevice-app-ip-1": 90,
          "KomakiPCA5NoDevice-app-ip-2": 96,
          "KomakiPCA5NoDevice-app-ip-3": 96,
          "KomakiPCA5NoDevice-app-ip-4": 65,
          "KomakiPCA5NoDevice-app-os-0": 95,
          "KomakiPCA5NoDevice-app-os-1": 79,
          "KomakiPCA5NoDevice-app-os-2": 100,
          "KomakiPCA5NoDevice-app-os-3": 92,
          "KomakiPCA5NoDevice-app-os-4": 81,
          "KomakiPCA5NoDevice-app-channel-0": 96,
          "KomakiPCA5NoDevice-app-channel-1": 73,
          "KomakiPCA5NoDevice-app-channel-2": 84,
          "KomakiPCA5NoDevice-app-channel-3": 83,
          "KomakiPCA5NoDevice-app-channel-4": 100,
          "KomakiPCA5NoDevice-os-ip-0": 43,
          "KomakiPCA5NoDevice-os-ip-1": 98,
          "KomakiPCA5NoDevice-os-ip-2": 121,
          "KomakiPCA5NoDevice-os-ip-3": 135,
          "KomakiPCA5NoDevice-os-ip-4": 134,
          "KomakiPCA5NoDevice-os-app-0": 100,
          "KomakiPCA5NoDevice-os-app-1": 94,
          "KomakiPCA5NoDevice-os-app-2": 78,
          "KomakiPCA5NoDevice-os-app-3": 115,
          "KomakiPCA5NoDevice-os-app-4": 133,
          "KomakiPCA5NoDevice-os-channel-0": 142,
          "KomakiPCA5NoDevice-os-channel-1": 174,
          "KomakiPCA5NoDevice-os-channel-2": 123,
          "KomakiPCA5NoDevice-os-channel-3": 91,
          "KomakiPCA5NoDevice-os-channel-4": 113,
          "KomakiPCA5NoDevice-channel-ip-0": 247,
          "KomakiPCA5NoDevice-channel-ip-1": 235,
          "KomakiPCA5NoDevice-channel-ip-2": 182,
          "KomakiPCA5NoDevice-channel-ip-3": 177,
          "KomakiPCA5NoDevice-channel-ip-4": 229,
          "KomakiPCA5NoDevice-channel-app-0": 193,
          "KomakiPCA5NoDevice-channel-app-1": 151,
          "KomakiPCA5NoDevice-channel-app-2": 168,
          "KomakiPCA5NoDevice-channel-app-3": 153,
          "KomakiPCA5NoDevice-channel-app-4": 149,
          "KomakiPCA5NoDevice-channel-os-0": 209,
          "KomakiPCA5NoDevice-channel-os-1": 188,
          "KomakiPCA5NoDevice-channel-os-2": 141,
          "KomakiPCA5NoDevice-channel-os-3": 189,
          "KomakiPCA5NoDevice-channel-os-4": 180
        }
      },
      {
        "train_auc": 0.993401021069742,
        "valid_auc": 0.9850071856337721,
        "best_iteration": 532,
        "train_time": 225.42225456237793,
        "feature_importance": {
          "app": 2486,
          "hour": 2630,
          "n_channels": 672,
          "ip_app_count": 613,
          "ip_app_os_count": 808,
          "FutureClickCount_600-ip": 349,
          "FutureClickCount_600-app": 413,
          "FutureClickCount_600-ip-app": 114,
          "FutureClickCount_600-dev": 188,
          "FutureClickCount_600-ip-dev": 425,
          "FutureClickCount_600-app-dev": 317,
          "FutureClickCount_600-ip-app-dev": 106,
          "FutureClickCount_600-os": 200,
          "FutureClickCount_600-ip-os": 303,
          "FutureClickCount_600-app-os": 331,
          "FutureClickCount_600-ip-app-os": 151,
          "FutureClickCount_600-dev-os": 503,
          "FutureClickCount_600-ip-dev-os": 272,
          "FutureClickCount_600-app-dev-os": 476,
          "FutureClickCount_600-ip-app-dev-os": 244,
          "FutureClickCount_600-cha": 343,
          "FutureClickCount_600-ip-cha": 83,
          "FutureClickCount_600-app-cha": 471,
          "FutureClickCount_600-ip-app-cha": 60,
          "FutureClickCount_600-dev-cha": 280,
          "FutureClickCount_600-ip-dev-cha": 61,
          "FutureClickCount_600-app-dev-cha": 322,
          "FutureClickCount_600-ip-app-dev-cha": 55,
          "FutureClickCount_600-os-cha": 245,
          "FutureClickCount_600-ip-os-cha": 59,
          "FutureClickCount_600-app-os-cha": 288,
          "FutureClickCount_600-ip-app-os-cha": 45,
          "FutureClickCount_600-dev-os-cha": 225,
          "FutureClickCount_600-ip-dev-os-cha": 35,
          "FutureClickCount_600-app-dev-os-cha": 203,
          "FutureClickCount_600-ip-app-dev-os-cha": 54,
          "FutureClickCount_4800-ip": 576,
          "FutureClickCount_4800-app": 276,
          "FutureClickCount_4800-ip-app": 213,
          "FutureClickCount_4800-dev": 69,
          "FutureClickCount_4800-ip-dev": 869,
          "FutureClickCount_4800-app-dev": 195,
          "FutureClickCount_4800-ip-app-dev": 189,
          "FutureClickCount_4800-os": 107,
          "FutureClickCount_4800-ip-os": 408,
          "FutureClickCount_4800-app-os": 290,
          "FutureClickCount_4800-ip-app-os": 189,
          "FutureClickCount_4800-dev-os": 168,
          "FutureClickCount_4800-ip-dev-os": 587,
          "FutureClickCount_4800-app-dev-os": 424,
          "FutureClickCount_4800-ip-app-dev-os": 252,
          "FutureClickCount_4800-cha": 240,
          "FutureClickCount_4800-ip-cha": 121,
          "FutureClickCount_4800-app-cha": 423,
          "FutureClickCount_4800-ip-app-cha": 91,
          "FutureClickCount_4800-dev-cha": 225,
          "FutureClickCount_4800-ip-dev-cha": 120,
          "FutureClickCount_4800-app-dev-cha": 273,
          "FutureClickCount_4800-ip-app-dev-cha": 90,
          "FutureClickCount_4800-os-cha": 231,
          "FutureClickCount_4800-ip-os-cha": 76,
          "FutureClickCount_4800-app-os-cha": 233,
          "FutureClickCount_4800-ip-app-os-cha": 70,
          "FutureClickCount_4800-dev-os-cha": 240,
          "FutureClickCount_4800-ip-dev-os-cha": 66,
          "FutureClickCount_4800-app-dev-os-cha": 274,
          "FutureClickCount_4800-ip-app-dev-os-cha": 55,
          "NextClickTimeDelta-ip": 580,
          "NextClickTimeDelta-app": 72,
          "NextClickTimeDelta-ip-app": 621,
          "NextClickTimeDelta-dev": 28,
          "NextClickTimeDelta-ip-dev": 351,
          "NextClickTimeDelta-app-dev": 58,
          "NextClickTimeDelta-ip-app-dev": 457,
          "NextClickTimeDelta-os": 67,
          "NextClickTimeDelta-ip-os": 487,
          "NextClickTimeDelta-app-os": 156,
          "NextClickTimeDelta-ip-app-os": 1133,
          "NextClickTimeDelta-dev-os": 68,
          "NextClickTimeDelta-ip-dev-os": 334,
          "NextClickTimeDelta-app-dev-os": 96,
          "NextClickTimeDelta-ip-app-dev-os": 2061,
          "NextClickTimeDelta-cha": 99,
          "NextClickTimeDelta-ip-cha": 353,
          "NextClickTimeDelta-app-cha": 137,
          "NextClickTimeDelta-ip-app-cha": 303,
          "NextClickTimeDelta-dev-cha": 71,
          "NextClickTimeDelta-ip-dev-cha": 260,
          "NextClickTimeDelta-app-dev-cha": 92,
          "NextClickTimeDelta-ip-app-dev-cha": 267,
          "NextClickTimeDelta-os-cha": 146,
          "NextClickTimeDelta-ip-os-cha": 331,
          "NextClickTimeDelta-app-os-cha": 213,
          "NextClickTimeDelta-ip-app-os-cha": 401,
          "NextClickTimeDelta-dev-os-cha": 129,
          "NextClickTimeDelta-ip-dev-os-cha": 270,
          "NextClickTimeDelta-app-dev-os-cha": 174,
          "NextClickTimeDelta-ip-app-dev-os-cha": 465,
          "PrevClickTimeDelta-ip": 414,
          "PrevClickTimeDelta-app": 79,
          "PrevClickTimeDelta-ip-app": 266,
          "PrevClickTimeDelta-dev": 34,
          "PrevClickTimeDelta-ip-dev": 246,
          "PrevClickTimeDelta-app-dev": 56,
          "PrevClickTimeDelta-ip-app-dev": 197,
          "PrevClickTimeDelta-os": 104,
          "PrevClickTimeDelta-ip-os": 379,
          "PrevClickTimeDelta-app-os": 124,
          "PrevClickTimeDelta-ip-app-os": 294,
          "PrevClickTimeDelta-dev-os": 52,
          "PrevClickTimeDelta-ip-dev-os": 191,
          "PrevClickTimeDelta-app-dev-os": 107,
          "PrevClickTimeDelta-ip-app-dev-os": 254,
          "PrevClickTimeDelta-cha": 58,
          "PrevClickTimeDelta-ip-cha": 259,
          "PrevClickTimeDelta-app-cha": 120,
          "PrevClickTimeDelta-ip-app-cha": 199,
          "PrevClickTimeDelta-dev-cha": 80,
          "PrevClickTimeDelta-ip-dev-cha": 184,
          "PrevClickTimeDelta-app-dev-cha": 85,
          "PrevClickTimeDelta-ip-app-dev-cha": 174,
          "PrevClickTimeDelta-os-cha": 152,
          "PrevClickTimeDelta-ip-os-cha": 205,
          "PrevClickTimeDelta-app-os-cha": 168,
          "PrevClickTimeDelta-ip-app-os-cha": 146,
          "PrevClickTimeDelta-dev-os-cha": 112,
          "PrevClickTimeDelta-ip-dev-os-cha": 119,
          "PrevClickTimeDelta-app-dev-os-cha": 164,
          "PrevClickTimeDelta-ip-app-dev-os-cha": 128,
          "AverageAttributedRatio-ip": 259,
          "AverageAttributedRatio-app": 223,
          "AverageAttributedRatio-ip-app": 179,
          "AverageAttributedRatio-dev": 361,
          "AverageAttributedRatio-ip-dev": 217,
          "AverageAttributedRatio-app-dev": 172,
          "AverageAttributedRatio-ip-app-dev": 177,
          "AverageAttributedRatio-os": 188,
          "AverageAttributedRatio-ip-os": 168,
          "AverageAttributedRatio-app-os": 190,
          "AverageAttributedRatio-ip-app-os": 53,
          "AverageAttributedRatio-dev-os": 217,
          "AverageAttributedRatio-ip-dev-os": 129,
          "AverageAttributedRatio-app-dev-os": 199,
          "AverageAttributedRatio-ip-app-dev-os": 40,
          "AverageAttributedRatio-cha": 212,
          "AverageAttributedRatio-ip-cha": 60,
          "AverageAttributedRatio-app-cha": 184,
          "AverageAttributedRatio-ip-app-cha": 49,
          "AverageAttributedRatio-dev-cha": 121,
          "AverageAttributedRatio-ip-dev-cha": 49,
          "AverageAttributedRatio-app-dev-cha": 183,
          "AverageAttributedRatio-ip-app-dev-cha": 39,
          "AverageAttributedRatio-os-cha": 176,
          "AverageAttributedRatio-ip-os-cha": 28,
          "AverageAttributedRatio-app-os-cha": 250,
          "AverageAttributedRatio-ip-app-os-cha": 28,
          "AverageAttributedRatio-dev-os-cha": 208,
          "AverageAttributedRatio-ip-dev-os-cha": 22,
          "AverageAttributedRatio-app-dev-os-cha": 148,
          "AverageAttributedRatio-ip-app-dev-os-cha": 18,
          "KomakiLDA10NoDevice_1-ip-os-0": 546,
          "KomakiLDA10NoDevice_1-ip-os-1": 468,
          "KomakiLDA10NoDevice_1-ip-os-2": 581,
          "KomakiLDA10NoDevice_1-ip-os-3": 602,
          "KomakiLDA10NoDevice_1-ip-os-4": 558,
          "KomakiLDA10NoDevice_1-ip-os-5": 665,
          "KomakiLDA10NoDevice_1-ip-os-6": 644,
          "KomakiLDA10NoDevice_1-ip-os-7": 564,
          "KomakiLDA10NoDevice_1-ip-os-8": 494,
          "KomakiLDA10NoDevice_1-ip-os-9": 628,
          "KomakiLDA10NoDevice_1-app-ip-0": 159,
          "KomakiLDA10NoDevice_1-app-ip-1": 174,
          "KomakiLDA10NoDevice_1-app-ip-2": 117,
          "KomakiLDA10NoDevice_1-app-ip-3": 132,
          "KomakiLDA10NoDevice_1-app-ip-4": 93,
          "KomakiLDA10NoDevice_1-app-ip-5": 59,
          "KomakiLDA10NoDevice_1-app-ip-6": 186,
          "KomakiLDA10NoDevice_1-app-ip-7": 102,
          "KomakiLDA10NoDevice_1-app-ip-8": 117,
          "KomakiLDA10NoDevice_1-app-ip-9": 74,
          "KomakiLDA10NoDevice_1-app-os-0": 143,
          "KomakiLDA10NoDevice_1-app-os-1": 100,
          "KomakiLDA10NoDevice_1-app-os-2": 103,
          "KomakiLDA10NoDevice_1-app-os-3": 103,
          "KomakiLDA10NoDevice_1-app-os-4": 130,
          "KomakiLDA10NoDevice_1-app-os-5": 116,
          "KomakiLDA10NoDevice_1-app-os-6": 79,
          "KomakiLDA10NoDevice_1-app-os-7": 79,
          "KomakiLDA10NoDevice_1-app-os-8": 76,
          "KomakiLDA10NoDevice_1-app-os-9": 77,
          "KomakiLDA10NoDevice_1-app-channel-0": 73,
          "KomakiLDA10NoDevice_1-app-channel-1": 109,
          "KomakiLDA10NoDevice_1-app-channel-2": 112,
          "KomakiLDA10NoDevice_1-app-channel-3": 40,
          "KomakiLDA10NoDevice_1-app-channel-4": 43,
          "KomakiLDA10NoDevice_1-app-channel-5": 67,
          "KomakiLDA10NoDevice_1-app-channel-6": 111,
          "KomakiLDA10NoDevice_1-app-channel-7": 90,
          "KomakiLDA10NoDevice_1-app-channel-8": 45,
          "KomakiLDA10NoDevice_1-app-channel-9": 59,
          "KomakiLDA10NoDevice_1-channel-ip-0": 219,
          "KomakiLDA10NoDevice_1-channel-ip-1": 147,
          "KomakiLDA10NoDevice_1-channel-ip-2": 178,
          "KomakiLDA10NoDevice_1-channel-ip-3": 163,
          "KomakiLDA10NoDevice_1-channel-ip-4": 151,
          "KomakiLDA10NoDevice_1-channel-ip-5": 87,
          "KomakiLDA10NoDevice_1-channel-ip-6": 125,
          "KomakiLDA10NoDevice_1-channel-ip-7": 159,
          "KomakiLDA10NoDevice_1-channel-ip-8": 140,
          "KomakiLDA10NoDevice_1-channel-ip-9": 35,
          "KomakiLDA10NoDevice_1-channel-os-0": 140,
          "KomakiLDA10NoDevice_1-channel-os-1": 123,
          "KomakiLDA10NoDevice_1-channel-os-2": 31,
          "KomakiLDA10NoDevice_1-channel-os-3": 165,
          "KomakiLDA10NoDevice_1-channel-os-4": 151,
          "KomakiLDA10NoDevice_1-channel-os-5": 183,
          "KomakiLDA10NoDevice_1-channel-os-6": 113,
          "KomakiLDA10NoDevice_1-channel-os-7": 113,
          "KomakiLDA10NoDevice_1-channel-os-8": 51,
          "KomakiLDA10NoDevice_1-channel-os-9": 33,
          "KomakiLDA10NoDevice_2-ip-app-0": 687,
          "KomakiLDA10NoDevice_2-ip-app-1": 536,
          "KomakiLDA10NoDevice_2-ip-app-2": 705,
          "KomakiLDA10NoDevice_2-ip-app-3": 778,
          "KomakiLDA10NoDevice_2-ip-app-4": 823,
          "KomakiLDA10NoDevice_2-ip-app-5": 475,
          "KomakiLDA10NoDevice_2-ip-app-6": 644,
          "KomakiLDA10NoDevice_2-ip-app-7": 678,
          "KomakiLDA10NoDevice_2-ip-app-8": 515,
          "KomakiLDA10NoDevice_2-ip-app-9": 652,
          "KomakiLDA10NoDevice_2-ip-channel-0": 703,
          "KomakiLDA10NoDevice_2-ip-channel-1": 667,
          "KomakiLDA10NoDevice_2-ip-channel-2": 758,
          "KomakiLDA10NoDevice_2-ip-channel-3": 632,
          "KomakiLDA10NoDevice_2-ip-channel-4": 613,
          "KomakiLDA10NoDevice_2-ip-channel-5": 657,
          "KomakiLDA10NoDevice_2-ip-channel-6": 678,
          "KomakiLDA10NoDevice_2-ip-channel-7": 611,
          "KomakiLDA10NoDevice_2-ip-channel-8": 678,
          "KomakiLDA10NoDevice_2-ip-channel-9": 616,
          "KomakiLDA10NoDevice_2-os-ip-0": 115,
          "KomakiLDA10NoDevice_2-os-ip-1": 117,
          "KomakiLDA10NoDevice_2-os-ip-2": 150,
          "KomakiLDA10NoDevice_2-os-ip-3": 110,
          "KomakiLDA10NoDevice_2-os-ip-4": 92,
          "KomakiLDA10NoDevice_2-os-ip-5": 120,
          "KomakiLDA10NoDevice_2-os-ip-6": 103,
          "KomakiLDA10NoDevice_2-os-ip-7": 87,
          "KomakiLDA10NoDevice_2-os-ip-8": 134,
          "KomakiLDA10NoDevice_2-os-ip-9": 76,
          "KomakiLDA10NoDevice_2-os-app-0": 205,
          "KomakiLDA10NoDevice_2-os-app-1": 55,
          "KomakiLDA10NoDevice_2-os-app-2": 33,
          "KomakiLDA10NoDevice_2-os-app-3": 171,
          "KomakiLDA10NoDevice_2-os-app-4": 10,
          "KomakiLDA10NoDevice_2-os-app-5": 110,
          "KomakiLDA10NoDevice_2-os-app-6": 41,
          "KomakiLDA10NoDevice_2-os-app-7": 127,
          "KomakiLDA10NoDevice_2-os-app-8": 110,
          "KomakiLDA10NoDevice_2-os-app-9": 128,
          "KomakiLDA10NoDevice_2-os-channel-0": 168,
          "KomakiLDA10NoDevice_2-os-channel-1": 166,
          "KomakiLDA10NoDevice_2-os-channel-2": 65,
          "KomakiLDA10NoDevice_2-os-channel-3": 64,
          "KomakiLDA10NoDevice_2-os-channel-4": 159,
          "KomakiLDA10NoDevice_2-os-channel-5": 178,
          "KomakiLDA10NoDevice_2-os-channel-6": 225,
          "KomakiLDA10NoDevice_2-os-channel-7": 155,
          "KomakiLDA10NoDevice_2-os-channel-8": 112,
          "KomakiLDA10NoDevice_2-os-channel-9": 107,
          "KomakiLDA10NoDevice_2-channel-app-0": 268,
          "KomakiLDA10NoDevice_2-channel-app-1": 94,
          "KomakiLDA10NoDevice_2-channel-app-2": 67,
          "KomakiLDA10NoDevice_2-channel-app-3": 112,
          "KomakiLDA10NoDevice_2-channel-app-4": 100,
          "KomakiLDA10NoDevice_2-channel-app-5": 76,
          "KomakiLDA10NoDevice_2-channel-app-6": 107,
          "KomakiLDA10NoDevice_2-channel-app-7": 103,
          "KomakiLDA10NoDevice_2-channel-app-8": 145,
          "KomakiLDA10NoDevice_2-channel-app-9": 114,
          "KomakiNMF5NoDevice-ip-app-0": 390,
          "KomakiNMF5NoDevice-ip-app-1": 641,
          "KomakiNMF5NoDevice-ip-app-2": 450,
          "KomakiNMF5NoDevice-ip-app-3": 426,
          "KomakiNMF5NoDevice-ip-app-4": 355,
          "KomakiNMF5NoDevice-ip-os-0": 513,
          "KomakiNMF5NoDevice-ip-os-1": 497,
          "KomakiNMF5NoDevice-ip-os-2": 395,
          "KomakiNMF5NoDevice-ip-os-3": 425,
          "KomakiNMF5NoDevice-ip-os-4": 480,
          "KomakiNMF5NoDevice-ip-channel-0": 443,
          "KomakiNMF5NoDevice-ip-channel-1": 693,
          "KomakiNMF5NoDevice-ip-channel-2": 436,
          "KomakiNMF5NoDevice-ip-channel-3": 477,
          "KomakiNMF5NoDevice-ip-channel-4": 447,
          "KomakiNMF5NoDevice-app-ip-0": 85,
          "KomakiNMF5NoDevice-app-ip-1": 91,
          "KomakiNMF5NoDevice-app-ip-2": 67,
          "KomakiNMF5NoDevice-app-ip-3": 87,
          "KomakiNMF5NoDevice-app-ip-4": 46,
          "KomakiNMF5NoDevice-app-os-0": 26,
          "KomakiNMF5NoDevice-app-os-1": 64,
          "KomakiNMF5NoDevice-app-os-2": 46,
          "KomakiNMF5NoDevice-app-os-3": 20,
          "KomakiNMF5NoDevice-app-os-4": 13,
          "KomakiNMF5NoDevice-app-channel-0": 57,
          "KomakiNMF5NoDevice-app-channel-1": 64,
          "KomakiNMF5NoDevice-app-channel-2": 75,
          "KomakiNMF5NoDevice-app-channel-3": 82,
          "KomakiNMF5NoDevice-app-channel-4": 59,
          "KomakiNMF5NoDevice-os-ip-0": 79,
          "KomakiNMF5NoDevice-os-ip-1": 113,
          "KomakiNMF5NoDevice-os-ip-2": 74,
          "KomakiNMF5NoDevice-os-ip-3": 114,
          "KomakiNMF5NoDevice-os-ip-4": 65,
          "KomakiNMF5NoDevice-os-app-0": 67,
          "KomakiNMF5NoDevice-os-app-1": 9,
          "KomakiNMF5NoDevice-os-app-2": 66,
          "KomakiNMF5NoDevice-os-app-3": 99,
          "KomakiNMF5NoDevice-os-app-4": 64,
          "KomakiNMF5NoDevice-os-channel-0": 134,
          "KomakiNMF5NoDevice-os-channel-1": 69,
          "KomakiNMF5NoDevice-os-channel-2": 154,
          "KomakiNMF5NoDevice-os-channel-3": 141,
          "KomakiNMF5NoDevice-os-channel-4": 95,
          "KomakiNMF5NoDevice-channel-ip-0": 170,
          "KomakiNMF5NoDevice-channel-ip-1": 115,
          "KomakiNMF5NoDevice-channel-ip-2": 143,
          "KomakiNMF5NoDevice-channel-ip-3": 170,
          "KomakiNMF5NoDevice-channel-ip-4": 171,
          "KomakiNMF5NoDevice-channel-app-0": 84,
          "KomakiNMF5NoDevice-channel-app-1": 27,
          "KomakiNMF5NoDevice-channel-app-2": 61,
          "KomakiNMF5NoDevice-channel-app-3": 58,
          "KomakiNMF5NoDevice-channel-app-4": 78,
          "KomakiNMF5NoDevice-channel-os-0": 158,
          "KomakiNMF5NoDevice-channel-os-1": 29,
          "KomakiNMF5NoDevice-channel-os-2": 175,
          "KomakiNMF5NoDevice-channel-os-3": 80,
          "KomakiNMF5NoDevice-channel-os-4": 168,
          "KomakiPCA5NoDevice-ip-app-0": 626,
          "KomakiPCA5NoDevice-ip-app-1": 481,
          "KomakiPCA5NoDevice-ip-app-2": 438,
          "KomakiPCA5NoDevice-ip-app-3": 343,
          "KomakiPCA5NoDevice-ip-app-4": 545,
          "KomakiPCA5NoDevice-ip-os-0": 665,
          "KomakiPCA5NoDevice-ip-os-1": 434,
          "KomakiPCA5NoDevice-ip-os-2": 439,
          "KomakiPCA5NoDevice-ip-os-3": 455,
          "KomakiPCA5NoDevice-ip-os-4": 499,
          "KomakiPCA5NoDevice-ip-channel-0": 678,
          "KomakiPCA5NoDevice-ip-channel-1": 538,
          "KomakiPCA5NoDevice-ip-channel-2": 500,
          "KomakiPCA5NoDevice-ip-channel-3": 529,
          "KomakiPCA5NoDevice-ip-channel-4": 433,
          "KomakiPCA5NoDevice-app-ip-0": 80,
          "KomakiPCA5NoDevice-app-ip-1": 70,
          "KomakiPCA5NoDevice-app-ip-2": 74,
          "KomakiPCA5NoDevice-app-ip-3": 68,
          "KomakiPCA5NoDevice-app-ip-4": 36,
          "KomakiPCA5NoDevice-app-os-0": 92,
          "KomakiPCA5NoDevice-app-os-1": 40,
          "KomakiPCA5NoDevice-app-os-2": 62,
          "KomakiPCA5NoDevice-app-os-3": 65,
          "KomakiPCA5NoDevice-app-os-4": 60,
          "KomakiPCA5NoDevice-app-channel-0": 72,
          "KomakiPCA5NoDevice-app-channel-1": 86,
          "KomakiPCA5NoDevice-app-channel-2": 68,
          "KomakiPCA5NoDevice-app-channel-3": 70,
          "KomakiPCA5NoDevice-app-channel-4": 63,
          "KomakiPCA5NoDevice-os-ip-0": 36,
          "KomakiPCA5NoDevice-os-ip-1": 86,
          "KomakiPCA5NoDevice-os-ip-2": 75,
          "KomakiPCA5NoDevice-os-ip-3": 122,
          "KomakiPCA5NoDevice-os-ip-4": 96,
          "KomakiPCA5NoDevice-os-app-0": 89,
          "KomakiPCA5NoDevice-os-app-1": 68,
          "KomakiPCA5NoDevice-os-app-2": 74,
          "KomakiPCA5NoDevice-os-app-3": 97,
          "KomakiPCA5NoDevice-os-app-4": 104,
          "KomakiPCA5NoDevice-os-channel-0": 93,
          "KomakiPCA5NoDevice-os-channel-1": 134,
          "KomakiPCA5NoDevice-os-channel-2": 62,
          "KomakiPCA5NoDevice-os-channel-3": 52,
          "KomakiPCA5NoDevice-os-channel-4": 69,
          "KomakiPCA5NoDevice-channel-ip-0": 141,
          "KomakiPCA5NoDevice-channel-ip-1": 177,
          "KomakiPCA5NoDevice-channel-ip-2": 140,
          "KomakiPCA5NoDevice-channel-ip-3": 137,
          "KomakiPCA5NoDevice-channel-ip-4": 170,
          "KomakiPCA5NoDevice-channel-app-0": 139,
          "KomakiPCA5NoDevice-channel-app-1": 92,
          "KomakiPCA5NoDevice-channel-app-2": 124,
          "KomakiPCA5NoDevice-channel-app-3": 108,
          "KomakiPCA5NoDevice-channel-app-4": 116,
          "KomakiPCA5NoDevice-channel-os-0": 161,
          "KomakiPCA5NoDevice-channel-os-1": 147,
          "KomakiPCA5NoDevice-channel-os-2": 101,
          "KomakiPCA5NoDevice-channel-os-3": 123,
          "KomakiPCA5NoDevice-channel-os-4": 107
        }
      }
    ],
    "average_train_auc": 0.9941163790146131,
    "average_valid_auc": 0.9849327347443115,
    "train_auc_std": 0.0005207220652857208,
    "valid_auc_std": 8.005653392831128e-05,
    "average_train_time": 253.07379693984984
  },
  "config": {
    "features": [
      "app",
      "hour",
      "count",
      "future_click_count_10",
      "future_click_count_80",
      "next_click_time_delta",
      "prev_click_time_delta",
      "average_attributed_ratio",
      "komaki_lda_10_no_device_1",
      "komaki_lda_10_no_device_2",
      "komaki_nmf_5_no_device",
      "komaki_pca_5_no_device"
    ],
    "model": {
      "name": "lightgbm",
      "model_params": {
        "boosting_type": "gbdt",
        "objective": "binary",
        "metric": "auc",
        "learning_rate": 0.03,
        "num_leaves": 255,
        "max_depth": 8,
        "min_child_samples": 20,
        "subsample": 0.7,
        "subsample_freq": 1,
        "colsample_bytree": 0.7,
        "min_child_weight": 0,
        "subsample_for_bin": 200000,
        "min_split_gain": 0,
        "reg_alpha": 0,
        "reg_lambda": 0,
        "verbose": 0
      },
      "train_params": {
        "num_boost_round": 1000,
        "early_stopping_rounds": 30
      }
    },
    "dataset": {
      "input_directory": "data/input/",
      "cache_directory": "data/working/",
      "files": {
        "train": "train.feather",
        "test": "old_test.feather"
      },
      "negative_down_sampling": {
        "enabled": true,
        "bagging_size": 5
      }
    },
    "rank_average": true,
    "note": "62 with min_child_samples = 20 and max_bin = 255"
  }
}