{
  "training": {
    "trials": [
      {
        "train_auc": 0.9939588649898445,
        "valid_auc": 0.9850621147299132,
        "best_iteration": 688,
        "train_time": 377.52795457839966,
        "feature_importance": {
          "app": 3052,
          "hour": 3401,
          "n_channels": 1389,
          "ip_app_count": 786,
          "ip_app_os_count": 1010,
          "DuplicateRowIndexDiff": 43,
          "FutureClickCount_600-ip": 575,
          "FutureClickCount_600-app": 473,
          "FutureClickCount_600-ip-app": 179,
          "FutureClickCount_600-dev": 274,
          "FutureClickCount_600-ip-dev": 794,
          "FutureClickCount_600-app-dev": 429,
          "FutureClickCount_600-ip-app-dev": 173,
          "FutureClickCount_600-os": 303,
          "FutureClickCount_600-ip-os": 409,
          "FutureClickCount_600-app-os": 508,
          "FutureClickCount_600-ip-app-os": 232,
          "FutureClickCount_600-dev-os": 764,
          "FutureClickCount_600-ip-dev-os": 431,
          "FutureClickCount_600-app-dev-os": 711,
          "FutureClickCount_600-ip-app-dev-os": 306,
          "FutureClickCount_600-cha": 521,
          "FutureClickCount_600-ip-cha": 101,
          "FutureClickCount_600-app-cha": 846,
          "FutureClickCount_600-ip-app-cha": 92,
          "FutureClickCount_600-dev-cha": 447,
          "FutureClickCount_600-ip-dev-cha": 95,
          "FutureClickCount_600-app-dev-cha": 462,
          "FutureClickCount_600-ip-app-dev-cha": 80,
          "FutureClickCount_600-os-cha": 371,
          "FutureClickCount_600-ip-os-cha": 68,
          "FutureClickCount_600-app-os-cha": 378,
          "FutureClickCount_600-ip-app-os-cha": 81,
          "FutureClickCount_600-dev-os-cha": 368,
          "FutureClickCount_600-ip-dev-os-cha": 44,
          "FutureClickCount_600-app-dev-os-cha": 433,
          "FutureClickCount_600-ip-app-dev-os-cha": 92,
          "NextClickTimeDelta-ip": 603,
          "NextClickTimeDelta-app": 78,
          "NextClickTimeDelta-ip-app": 816,
          "NextClickTimeDelta-dev": 34,
          "NextClickTimeDelta-ip-dev": 493,
          "NextClickTimeDelta-app-dev": 73,
          "NextClickTimeDelta-ip-app-dev": 629,
          "NextClickTimeDelta-os": 56,
          "NextClickTimeDelta-ip-os": 555,
          "NextClickTimeDelta-app-os": 168,
          "NextClickTimeDelta-ip-app-os": 1186,
          "NextClickTimeDelta-dev-os": 59,
          "NextClickTimeDelta-ip-dev-os": 386,
          "NextClickTimeDelta-app-dev-os": 159,
          "NextClickTimeDelta-ip-app-dev-os": 2192,
          "NextClickTimeDelta-cha": 75,
          "NextClickTimeDelta-ip-cha": 455,
          "NextClickTimeDelta-app-cha": 196,
          "NextClickTimeDelta-ip-app-cha": 447,
          "NextClickTimeDelta-dev-cha": 84,
          "NextClickTimeDelta-ip-dev-cha": 410,
          "NextClickTimeDelta-app-dev-cha": 124,
          "NextClickTimeDelta-ip-app-dev-cha": 347,
          "NextClickTimeDelta-os-cha": 181,
          "NextClickTimeDelta-ip-os-cha": 329,
          "NextClickTimeDelta-app-os-cha": 247,
          "NextClickTimeDelta-ip-app-os-cha": 457,
          "NextClickTimeDelta-dev-os-cha": 170,
          "NextClickTimeDelta-ip-dev-os-cha": 330,
          "NextClickTimeDelta-app-dev-os-cha": 222,
          "NextClickTimeDelta-ip-app-dev-os-cha": 501,
          "PrevClickTimeDelta-ip": 505,
          "PrevClickTimeDelta-app": 94,
          "PrevClickTimeDelta-ip-app": 394,
          "PrevClickTimeDelta-dev": 27,
          "PrevClickTimeDelta-ip-dev": 347,
          "PrevClickTimeDelta-app-dev": 82,
          "PrevClickTimeDelta-ip-app-dev": 320,
          "PrevClickTimeDelta-os": 57,
          "PrevClickTimeDelta-ip-os": 459,
          "PrevClickTimeDelta-app-os": 149,
          "PrevClickTimeDelta-ip-app-os": 350,
          "PrevClickTimeDelta-dev-os": 44,
          "PrevClickTimeDelta-ip-dev-os": 319,
          "PrevClickTimeDelta-app-dev-os": 167,
          "PrevClickTimeDelta-ip-app-dev-os": 278,
          "PrevClickTimeDelta-cha": 72,
          "PrevClickTimeDelta-ip-cha": 333,
          "PrevClickTimeDelta-app-cha": 129,
          "PrevClickTimeDelta-ip-app-cha": 251,
          "PrevClickTimeDelta-dev-cha": 83,
          "PrevClickTimeDelta-ip-dev-cha": 286,
          "PrevClickTimeDelta-app-dev-cha": 95,
          "PrevClickTimeDelta-ip-app-dev-cha": 228,
          "PrevClickTimeDelta-os-cha": 224,
          "PrevClickTimeDelta-ip-os-cha": 239,
          "PrevClickTimeDelta-app-os-cha": 222,
          "PrevClickTimeDelta-ip-app-os-cha": 207,
          "PrevClickTimeDelta-dev-os-cha": 207,
          "PrevClickTimeDelta-ip-dev-os-cha": 235,
          "PrevClickTimeDelta-app-dev-os-cha": 177,
          "PrevClickTimeDelta-ip-app-dev-os-cha": 195,
          "AverageAttributedRatio-ip": 299,
          "AverageAttributedRatio-app": 240,
          "AverageAttributedRatio-ip-app": 141,
          "AverageAttributedRatio-dev": 458,
          "AverageAttributedRatio-ip-dev": 259,
          "AverageAttributedRatio-app-dev": 202,
          "AverageAttributedRatio-ip-app-dev": 162,
          "AverageAttributedRatio-os": 289,
          "AverageAttributedRatio-ip-os": 152,
          "AverageAttributedRatio-app-os": 235,
          "AverageAttributedRatio-ip-app-os": 55,
          "AverageAttributedRatio-dev-os": 255,
          "AverageAttributedRatio-ip-dev-os": 185,
          "AverageAttributedRatio-app-dev-os": 256,
          "AverageAttributedRatio-ip-app-dev-os": 38,
          "AverageAttributedRatio-cha": 194,
          "AverageAttributedRatio-ip-cha": 71,
          "AverageAttributedRatio-app-cha": 253,
          "AverageAttributedRatio-ip-app-cha": 49,
          "AverageAttributedRatio-dev-cha": 177,
          "AverageAttributedRatio-ip-dev-cha": 42,
          "AverageAttributedRatio-app-dev-cha": 205,
          "AverageAttributedRatio-ip-app-dev-cha": 51,
          "AverageAttributedRatio-os-cha": 209,
          "AverageAttributedRatio-ip-os-cha": 35,
          "AverageAttributedRatio-app-os-cha": 199,
          "AverageAttributedRatio-ip-app-os-cha": 34,
          "AverageAttributedRatio-dev-os-cha": 228,
          "AverageAttributedRatio-ip-dev-os-cha": 31,
          "AverageAttributedRatio-app-dev-os-cha": 278,
          "AverageAttributedRatio-ip-app-dev-os-cha": 14,
          "KomakiLDA10NoDevice_1-ip-os-0": 707,
          "KomakiLDA10NoDevice_1-ip-os-1": 559,
          "KomakiLDA10NoDevice_1-ip-os-2": 819,
          "KomakiLDA10NoDevice_1-ip-os-3": 697,
          "KomakiLDA10NoDevice_1-ip-os-4": 647,
          "KomakiLDA10NoDevice_1-ip-os-5": 882,
          "KomakiLDA10NoDevice_1-ip-os-6": 796,
          "KomakiLDA10NoDevice_1-ip-os-7": 671,
          "KomakiLDA10NoDevice_1-ip-os-8": 633,
          "KomakiLDA10NoDevice_1-ip-os-9": 781,
          "KomakiLDA10NoDevice_1-app-ip-0": 163,
          "KomakiLDA10NoDevice_1-app-ip-1": 167,
          "KomakiLDA10NoDevice_1-app-ip-2": 149,
          "KomakiLDA10NoDevice_1-app-ip-3": 144,
          "KomakiLDA10NoDevice_1-app-ip-4": 74,
          "KomakiLDA10NoDevice_1-app-ip-5": 86,
          "KomakiLDA10NoDevice_1-app-ip-6": 158,
          "KomakiLDA10NoDevice_1-app-ip-7": 108,
          "KomakiLDA10NoDevice_1-app-ip-8": 120,
          "KomakiLDA10NoDevice_1-app-ip-9": 94,
          "KomakiLDA10NoDevice_1-app-os-0": 143,
          "KomakiLDA10NoDevice_1-app-os-1": 79,
          "KomakiLDA10NoDevice_1-app-os-2": 93,
          "KomakiLDA10NoDevice_1-app-os-3": 152,
          "KomakiLDA10NoDevice_1-app-os-4": 136,
          "KomakiLDA10NoDevice_1-app-os-5": 129,
          "KomakiLDA10NoDevice_1-app-os-6": 75,
          "KomakiLDA10NoDevice_1-app-os-7": 84,
          "KomakiLDA10NoDevice_1-app-os-8": 75,
          "KomakiLDA10NoDevice_1-app-os-9": 98,
          "KomakiLDA10NoDevice_1-app-channel-0": 59,
          "KomakiLDA10NoDevice_1-app-channel-1": 120,
          "KomakiLDA10NoDevice_1-app-channel-2": 95,
          "KomakiLDA10NoDevice_1-app-channel-3": 40,
          "KomakiLDA10NoDevice_1-app-channel-4": 73,
          "KomakiLDA10NoDevice_1-app-channel-5": 49,
          "KomakiLDA10NoDevice_1-app-channel-6": 102,
          "KomakiLDA10NoDevice_1-app-channel-7": 98,
          "KomakiLDA10NoDevice_1-app-channel-8": 71,
          "KomakiLDA10NoDevice_1-app-channel-9": 52,
          "KomakiLDA10NoDevice_1-channel-ip-0": 277,
          "KomakiLDA10NoDevice_1-channel-ip-1": 200,
          "KomakiLDA10NoDevice_1-channel-ip-2": 191,
          "KomakiLDA10NoDevice_1-channel-ip-3": 241,
          "KomakiLDA10NoDevice_1-channel-ip-4": 219,
          "KomakiLDA10NoDevice_1-channel-ip-5": 103,
          "KomakiLDA10NoDevice_1-channel-ip-6": 179,
          "KomakiLDA10NoDevice_1-channel-ip-7": 202,
          "KomakiLDA10NoDevice_1-channel-ip-8": 172,
          "KomakiLDA10NoDevice_1-channel-ip-9": 37,
          "KomakiLDA10NoDevice_1-channel-os-0": 187,
          "KomakiLDA10NoDevice_1-channel-os-1": 133,
          "KomakiLDA10NoDevice_1-channel-os-2": 40,
          "KomakiLDA10NoDevice_1-channel-os-3": 200,
          "KomakiLDA10NoDevice_1-channel-os-4": 196,
          "KomakiLDA10NoDevice_1-channel-os-5": 253,
          "KomakiLDA10NoDevice_1-channel-os-6": 158,
          "KomakiLDA10NoDevice_1-channel-os-7": 153,
          "KomakiLDA10NoDevice_1-channel-os-8": 72,
          "KomakiLDA10NoDevice_1-channel-os-9": 46,
          "KomakiLDA10NoDevice_2-ip-app-0": 909,
          "KomakiLDA10NoDevice_2-ip-app-1": 701,
          "KomakiLDA10NoDevice_2-ip-app-2": 852,
          "KomakiLDA10NoDevice_2-ip-app-3": 1012,
          "KomakiLDA10NoDevice_2-ip-app-4": 964,
          "KomakiLDA10NoDevice_2-ip-app-5": 602,
          "KomakiLDA10NoDevice_2-ip-app-6": 825,
          "KomakiLDA10NoDevice_2-ip-app-7": 823,
          "KomakiLDA10NoDevice_2-ip-app-8": 662,
          "KomakiLDA10NoDevice_2-ip-app-9": 724,
          "KomakiLDA10NoDevice_2-ip-channel-0": 817,
          "KomakiLDA10NoDevice_2-ip-channel-1": 854,
          "KomakiLDA10NoDevice_2-ip-channel-2": 806,
          "KomakiLDA10NoDevice_2-ip-channel-3": 774,
          "KomakiLDA10NoDevice_2-ip-channel-4": 690,
          "KomakiLDA10NoDevice_2-ip-channel-5": 885,
          "KomakiLDA10NoDevice_2-ip-channel-6": 829,
          "KomakiLDA10NoDevice_2-ip-channel-7": 720,
          "KomakiLDA10NoDevice_2-ip-channel-8": 878,
          "KomakiLDA10NoDevice_2-ip-channel-9": 719,
          "KomakiLDA10NoDevice_2-os-ip-0": 157,
          "KomakiLDA10NoDevice_2-os-ip-1": 184,
          "KomakiLDA10NoDevice_2-os-ip-2": 172,
          "KomakiLDA10NoDevice_2-os-ip-3": 145,
          "KomakiLDA10NoDevice_2-os-ip-4": 100,
          "KomakiLDA10NoDevice_2-os-ip-5": 131,
          "KomakiLDA10NoDevice_2-os-ip-6": 114,
          "KomakiLDA10NoDevice_2-os-ip-7": 97,
          "KomakiLDA10NoDevice_2-os-ip-8": 128,
          "KomakiLDA10NoDevice_2-os-ip-9": 108,
          "KomakiLDA10NoDevice_2-os-app-0": 186,
          "KomakiLDA10NoDevice_2-os-app-1": 70,
          "KomakiLDA10NoDevice_2-os-app-2": 60,
          "KomakiLDA10NoDevice_2-os-app-3": 199,
          "KomakiLDA10NoDevice_2-os-app-4": 10,
          "KomakiLDA10NoDevice_2-os-app-5": 122,
          "KomakiLDA10NoDevice_2-os-app-6": 45,
          "KomakiLDA10NoDevice_2-os-app-7": 140,
          "KomakiLDA10NoDevice_2-os-app-8": 117,
          "KomakiLDA10NoDevice_2-os-app-9": 114,
          "KomakiLDA10NoDevice_2-os-channel-0": 231,
          "KomakiLDA10NoDevice_2-os-channel-1": 168,
          "KomakiLDA10NoDevice_2-os-channel-2": 88,
          "KomakiLDA10NoDevice_2-os-channel-3": 85,
          "KomakiLDA10NoDevice_2-os-channel-4": 200,
          "KomakiLDA10NoDevice_2-os-channel-5": 176,
          "KomakiLDA10NoDevice_2-os-channel-6": 223,
          "KomakiLDA10NoDevice_2-os-channel-7": 197,
          "KomakiLDA10NoDevice_2-os-channel-8": 123,
          "KomakiLDA10NoDevice_2-os-channel-9": 105,
          "KomakiLDA10NoDevice_2-channel-app-0": 311,
          "KomakiLDA10NoDevice_2-channel-app-1": 101,
          "KomakiLDA10NoDevice_2-channel-app-2": 112,
          "KomakiLDA10NoDevice_2-channel-app-3": 178,
          "KomakiLDA10NoDevice_2-channel-app-4": 116,
          "KomakiLDA10NoDevice_2-channel-app-5": 101,
          "KomakiLDA10NoDevice_2-channel-app-6": 121,
          "KomakiLDA10NoDevice_2-channel-app-7": 157,
          "KomakiLDA10NoDevice_2-channel-app-8": 162,
          "KomakiLDA10NoDevice_2-channel-app-9": 145,
          "KomakiNMF5NoDevice-ip-app-0": 458,
          "KomakiNMF5NoDevice-ip-app-1": 756,
          "KomakiNMF5NoDevice-ip-app-2": 524,
          "KomakiNMF5NoDevice-ip-app-3": 480,
          "KomakiNMF5NoDevice-ip-app-4": 515,
          "KomakiNMF5NoDevice-ip-os-0": 581,
          "KomakiNMF5NoDevice-ip-os-1": 587,
          "KomakiNMF5NoDevice-ip-os-2": 581,
          "KomakiNMF5NoDevice-ip-os-3": 571,
          "KomakiNMF5NoDevice-ip-os-4": 606,
          "KomakiNMF5NoDevice-ip-channel-0": 531,
          "KomakiNMF5NoDevice-ip-channel-1": 819,
          "KomakiNMF5NoDevice-ip-channel-2": 595,
          "KomakiNMF5NoDevice-ip-channel-3": 680,
          "KomakiNMF5NoDevice-ip-channel-4": 574,
          "KomakiNMF5NoDevice-app-ip-0": 95,
          "KomakiNMF5NoDevice-app-ip-1": 110,
          "KomakiNMF5NoDevice-app-ip-2": 96,
          "KomakiNMF5NoDevice-app-ip-3": 88,
          "KomakiNMF5NoDevice-app-ip-4": 43,
          "KomakiNMF5NoDevice-app-os-0": 24,
          "KomakiNMF5NoDevice-app-os-1": 74,
          "KomakiNMF5NoDevice-app-os-2": 65,
          "KomakiNMF5NoDevice-app-os-3": 18,
          "KomakiNMF5NoDevice-app-os-4": 24,
          "KomakiNMF5NoDevice-app-channel-0": 70,
          "KomakiNMF5NoDevice-app-channel-1": 90,
          "KomakiNMF5NoDevice-app-channel-2": 103,
          "KomakiNMF5NoDevice-app-channel-3": 85,
          "KomakiNMF5NoDevice-app-channel-4": 78,
          "KomakiNMF5NoDevice-os-ip-0": 86,
          "KomakiNMF5NoDevice-os-ip-1": 128,
          "KomakiNMF5NoDevice-os-ip-2": 86,
          "KomakiNMF5NoDevice-os-ip-3": 97,
          "KomakiNMF5NoDevice-os-ip-4": 86,
          "KomakiNMF5NoDevice-os-app-0": 65,
          "KomakiNMF5NoDevice-os-app-1": 3,
          "KomakiNMF5NoDevice-os-app-2": 77,
          "KomakiNMF5NoDevice-os-app-3": 101,
          "KomakiNMF5NoDevice-os-app-4": 72,
          "KomakiNMF5NoDevice-os-channel-0": 192,
          "KomakiNMF5NoDevice-os-channel-1": 90,
          "KomakiNMF5NoDevice-os-channel-2": 156,
          "KomakiNMF5NoDevice-os-channel-3": 156,
          "KomakiNMF5NoDevice-os-channel-4": 117,
          "KomakiNMF5NoDevice-channel-ip-0": 235,
          "KomakiNMF5NoDevice-channel-ip-1": 167,
          "KomakiNMF5NoDevice-channel-ip-2": 141,
          "KomakiNMF5NoDevice-channel-ip-3": 199,
          "KomakiNMF5NoDevice-channel-ip-4": 179,
          "KomakiNMF5NoDevice-channel-app-0": 92,
          "KomakiNMF5NoDevice-channel-app-1": 36,
          "KomakiNMF5NoDevice-channel-app-2": 95,
          "KomakiNMF5NoDevice-channel-app-3": 74,
          "KomakiNMF5NoDevice-channel-app-4": 110,
          "KomakiNMF5NoDevice-channel-os-0": 182,
          "KomakiNMF5NoDevice-channel-os-1": 40,
          "KomakiNMF5NoDevice-channel-os-2": 162,
          "KomakiNMF5NoDevice-channel-os-3": 76,
          "KomakiNMF5NoDevice-channel-os-4": 189,
          "KomakiPCA5NoDevice-ip-app-0": 615,
          "KomakiPCA5NoDevice-ip-app-1": 639,
          "KomakiPCA5NoDevice-ip-app-2": 580,
          "KomakiPCA5NoDevice-ip-app-3": 416,
          "KomakiPCA5NoDevice-ip-app-4": 591,
          "KomakiPCA5NoDevice-ip-os-0": 791,
          "KomakiPCA5NoDevice-ip-os-1": 534,
          "KomakiPCA5NoDevice-ip-os-2": 599,
          "KomakiPCA5NoDevice-ip-os-3": 577,
          "KomakiPCA5NoDevice-ip-os-4": 694,
          "KomakiPCA5NoDevice-ip-channel-0": 756,
          "KomakiPCA5NoDevice-ip-channel-1": 609,
          "KomakiPCA5NoDevice-ip-channel-2": 623,
          "KomakiPCA5NoDevice-ip-channel-3": 605,
          "KomakiPCA5NoDevice-ip-channel-4": 580,
          "KomakiPCA5NoDevice-app-ip-0": 78,
          "KomakiPCA5NoDevice-app-ip-1": 71,
          "KomakiPCA5NoDevice-app-ip-2": 75,
          "KomakiPCA5NoDevice-app-ip-3": 103,
          "KomakiPCA5NoDevice-app-ip-4": 59,
          "KomakiPCA5NoDevice-app-os-0": 109,
          "KomakiPCA5NoDevice-app-os-1": 52,
          "KomakiPCA5NoDevice-app-os-2": 71,
          "KomakiPCA5NoDevice-app-os-3": 90,
          "KomakiPCA5NoDevice-app-os-4": 92,
          "KomakiPCA5NoDevice-app-channel-0": 69,
          "KomakiPCA5NoDevice-app-channel-1": 117,
          "KomakiPCA5NoDevice-app-channel-2": 92,
          "KomakiPCA5NoDevice-app-channel-3": 61,
          "KomakiPCA5NoDevice-app-channel-4": 99,
          "KomakiPCA5NoDevice-os-ip-0": 50,
          "KomakiPCA5NoDevice-os-ip-1": 96,
          "KomakiPCA5NoDevice-os-ip-2": 112,
          "KomakiPCA5NoDevice-os-ip-3": 119,
          "KomakiPCA5NoDevice-os-ip-4": 106,
          "KomakiPCA5NoDevice-os-app-0": 93,
          "KomakiPCA5NoDevice-os-app-1": 98,
          "KomakiPCA5NoDevice-os-app-2": 85,
          "KomakiPCA5NoDevice-os-app-3": 112,
          "KomakiPCA5NoDevice-os-app-4": 141,
          "KomakiPCA5NoDevice-os-channel-0": 123,
          "KomakiPCA5NoDevice-os-channel-1": 150,
          "KomakiPCA5NoDevice-os-channel-2": 77,
          "KomakiPCA5NoDevice-os-channel-3": 71,
          "KomakiPCA5NoDevice-os-channel-4": 95,
          "KomakiPCA5NoDevice-channel-ip-0": 190,
          "KomakiPCA5NoDevice-channel-ip-1": 184,
          "KomakiPCA5NoDevice-channel-ip-2": 158,
          "KomakiPCA5NoDevice-channel-ip-3": 147,
          "KomakiPCA5NoDevice-channel-ip-4": 194,
          "KomakiPCA5NoDevice-channel-app-0": 162,
          "KomakiPCA5NoDevice-channel-app-1": 110,
          "KomakiPCA5NoDevice-channel-app-2": 112,
          "KomakiPCA5NoDevice-channel-app-3": 124,
          "KomakiPCA5NoDevice-channel-app-4": 142,
          "KomakiPCA5NoDevice-channel-os-0": 157,
          "KomakiPCA5NoDevice-channel-os-1": 148,
          "KomakiPCA5NoDevice-channel-os-2": 145,
          "KomakiPCA5NoDevice-channel-os-3": 183,
          "KomakiPCA5NoDevice-channel-os-4": 184
        }
      },
      {
        "train_auc": 0.9937494733746518,
        "valid_auc": 0.985047415958448,
        "best_iteration": 658,
        "train_time": 291.1552267074585,
        "feature_importance": {
          "app": 2920,
          "hour": 3248,
          "n_channels": 1337,
          "ip_app_count": 807,
          "ip_app_os_count": 1015,
          "DuplicateRowIndexDiff": 66,
          "FutureClickCount_600-ip": 582,
          "FutureClickCount_600-app": 491,
          "FutureClickCount_600-ip-app": 194,
          "FutureClickCount_600-dev": 279,
          "FutureClickCount_600-ip-dev": 750,
          "FutureClickCount_600-app-dev": 450,
          "FutureClickCount_600-ip-app-dev": 146,
          "FutureClickCount_600-os": 274,
          "FutureClickCount_600-ip-os": 352,
          "FutureClickCount_600-app-os": 541,
          "FutureClickCount_600-ip-app-os": 247,
          "FutureClickCount_600-dev-os": 815,
          "FutureClickCount_600-ip-dev-os": 419,
          "FutureClickCount_600-app-dev-os": 715,
          "FutureClickCount_600-ip-app-dev-os": 272,
          "FutureClickCount_600-cha": 504,
          "FutureClickCount_600-ip-cha": 94,
          "FutureClickCount_600-app-cha": 748,
          "FutureClickCount_600-ip-app-cha": 90,
          "FutureClickCount_600-dev-cha": 408,
          "FutureClickCount_600-ip-dev-cha": 108,
          "FutureClickCount_600-app-dev-cha": 530,
          "FutureClickCount_600-ip-app-dev-cha": 64,
          "FutureClickCount_600-os-cha": 368,
          "FutureClickCount_600-ip-os-cha": 80,
          "FutureClickCount_600-app-os-cha": 418,
          "FutureClickCount_600-ip-app-os-cha": 62,
          "FutureClickCount_600-dev-os-cha": 365,
          "FutureClickCount_600-ip-dev-os-cha": 61,
          "FutureClickCount_600-app-dev-os-cha": 481,
          "FutureClickCount_600-ip-app-dev-os-cha": 91,
          "NextClickTimeDelta-ip": 539,
          "NextClickTimeDelta-app": 81,
          "NextClickTimeDelta-ip-app": 702,
          "NextClickTimeDelta-dev": 35,
          "NextClickTimeDelta-ip-dev": 472,
          "NextClickTimeDelta-app-dev": 71,
          "NextClickTimeDelta-ip-app-dev": 538,
          "NextClickTimeDelta-os": 58,
          "NextClickTimeDelta-ip-os": 559,
          "NextClickTimeDelta-app-os": 176,
          "NextClickTimeDelta-ip-app-os": 1212,
          "NextClickTimeDelta-dev-os": 52,
          "NextClickTimeDelta-ip-dev-os": 406,
          "NextClickTimeDelta-app-dev-os": 163,
          "NextClickTimeDelta-ip-app-dev-os": 2177,
          "NextClickTimeDelta-cha": 90,
          "NextClickTimeDelta-ip-cha": 455,
          "NextClickTimeDelta-app-cha": 182,
          "NextClickTimeDelta-ip-app-cha": 420,
          "NextClickTimeDelta-dev-cha": 91,
          "NextClickTimeDelta-ip-dev-cha": 383,
          "NextClickTimeDelta-app-dev-cha": 111,
          "NextClickTimeDelta-ip-app-dev-cha": 357,
          "NextClickTimeDelta-os-cha": 183,
          "NextClickTimeDelta-ip-os-cha": 335,
          "NextClickTimeDelta-app-os-cha": 252,
          "NextClickTimeDelta-ip-app-os-cha": 455,
          "NextClickTimeDelta-dev-os-cha": 183,
          "NextClickTimeDelta-ip-dev-os-cha": 303,
          "NextClickTimeDelta-app-dev-os-cha": 245,
          "NextClickTimeDelta-ip-app-dev-os-cha": 491,
          "PrevClickTimeDelta-ip": 417,
          "PrevClickTimeDelta-app": 83,
          "PrevClickTimeDelta-ip-app": 377,
          "PrevClickTimeDelta-dev": 46,
          "PrevClickTimeDelta-ip-dev": 332,
          "PrevClickTimeDelta-app-dev": 62,
          "PrevClickTimeDelta-ip-app-dev": 295,
          "PrevClickTimeDelta-os": 62,
          "PrevClickTimeDelta-ip-os": 388,
          "PrevClickTimeDelta-app-os": 148,
          "PrevClickTimeDelta-ip-app-os": 356,
          "PrevClickTimeDelta-dev-os": 47,
          "PrevClickTimeDelta-ip-dev-os": 304,
          "PrevClickTimeDelta-app-dev-os": 161,
          "PrevClickTimeDelta-ip-app-dev-os": 263,
          "PrevClickTimeDelta-cha": 72,
          "PrevClickTimeDelta-ip-cha": 304,
          "PrevClickTimeDelta-app-cha": 124,
          "PrevClickTimeDelta-ip-app-cha": 243,
          "PrevClickTimeDelta-dev-cha": 92,
          "PrevClickTimeDelta-ip-dev-cha": 265,
          "PrevClickTimeDelta-app-dev-cha": 93,
          "PrevClickTimeDelta-ip-app-dev-cha": 273,
          "PrevClickTimeDelta-os-cha": 192,
          "PrevClickTimeDelta-ip-os-cha": 247,
          "PrevClickTimeDelta-app-os-cha": 207,
          "PrevClickTimeDelta-ip-app-os-cha": 216,
          "PrevClickTimeDelta-dev-os-cha": 193,
          "PrevClickTimeDelta-ip-dev-os-cha": 187,
          "PrevClickTimeDelta-app-dev-os-cha": 197,
          "PrevClickTimeDelta-ip-app-dev-os-cha": 153,
          "AverageAttributedRatio-ip": 277,
          "AverageAttributedRatio-app": 274,
          "AverageAttributedRatio-ip-app": 117,
          "AverageAttributedRatio-dev": 412,
          "AverageAttributedRatio-ip-dev": 220,
          "AverageAttributedRatio-app-dev": 222,
          "AverageAttributedRatio-ip-app-dev": 186,
          "AverageAttributedRatio-os": 291,
          "AverageAttributedRatio-ip-os": 140,
          "AverageAttributedRatio-app-os": 254,
          "AverageAttributedRatio-ip-app-os": 53,
          "AverageAttributedRatio-dev-os": 281,
          "AverageAttributedRatio-ip-dev-os": 163,
          "AverageAttributedRatio-app-dev-os": 231,
          "AverageAttributedRatio-ip-app-dev-os": 43,
          "AverageAttributedRatio-cha": 259,
          "AverageAttributedRatio-ip-cha": 60,
          "AverageAttributedRatio-app-cha": 184,
          "AverageAttributedRatio-ip-app-cha": 50,
          "AverageAttributedRatio-dev-cha": 161,
          "AverageAttributedRatio-ip-dev-cha": 47,
          "AverageAttributedRatio-app-dev-cha": 208,
          "AverageAttributedRatio-ip-app-dev-cha": 71,
          "AverageAttributedRatio-os-cha": 175,
          "AverageAttributedRatio-ip-os-cha": 31,
          "AverageAttributedRatio-app-os-cha": 211,
          "AverageAttributedRatio-ip-app-os-cha": 33,
          "AverageAttributedRatio-dev-os-cha": 222,
          "AverageAttributedRatio-ip-dev-os-cha": 22,
          "AverageAttributedRatio-app-dev-os-cha": 220,
          "AverageAttributedRatio-ip-app-dev-os-cha": 15,
          "KomakiLDA10NoDevice_1-ip-os-0": 677,
          "KomakiLDA10NoDevice_1-ip-os-1": 500,
          "KomakiLDA10NoDevice_1-ip-os-2": 770,
          "KomakiLDA10NoDevice_1-ip-os-3": 676,
          "KomakiLDA10NoDevice_1-ip-os-4": 639,
          "KomakiLDA10NoDevice_1-ip-os-5": 785,
          "KomakiLDA10NoDevice_1-ip-os-6": 728,
          "KomakiLDA10NoDevice_1-ip-os-7": 598,
          "KomakiLDA10NoDevice_1-ip-os-8": 552,
          "KomakiLDA10NoDevice_1-ip-os-9": 684,
          "KomakiLDA10NoDevice_1-app-ip-0": 152,
          "KomakiLDA10NoDevice_1-app-ip-1": 156,
          "KomakiLDA10NoDevice_1-app-ip-2": 128,
          "KomakiLDA10NoDevice_1-app-ip-3": 143,
          "KomakiLDA10NoDevice_1-app-ip-4": 86,
          "KomakiLDA10NoDevice_1-app-ip-5": 74,
          "KomakiLDA10NoDevice_1-app-ip-6": 160,
          "KomakiLDA10NoDevice_1-app-ip-7": 136,
          "KomakiLDA10NoDevice_1-app-ip-8": 99,
          "KomakiLDA10NoDevice_1-app-ip-9": 96,
          "KomakiLDA10NoDevice_1-app-os-0": 107,
          "KomakiLDA10NoDevice_1-app-os-1": 93,
          "KomakiLDA10NoDevice_1-app-os-2": 95,
          "KomakiLDA10NoDevice_1-app-os-3": 124,
          "KomakiLDA10NoDevice_1-app-os-4": 118,
          "KomakiLDA10NoDevice_1-app-os-5": 146,
          "KomakiLDA10NoDevice_1-app-os-6": 100,
          "KomakiLDA10NoDevice_1-app-os-7": 88,
          "KomakiLDA10NoDevice_1-app-os-8": 82,
          "KomakiLDA10NoDevice_1-app-os-9": 77,
          "KomakiLDA10NoDevice_1-app-channel-0": 51,
          "KomakiLDA10NoDevice_1-app-channel-1": 127,
          "KomakiLDA10NoDevice_1-app-channel-2": 102,
          "KomakiLDA10NoDevice_1-app-channel-3": 48,
          "KomakiLDA10NoDevice_1-app-channel-4": 69,
          "KomakiLDA10NoDevice_1-app-channel-5": 67,
          "KomakiLDA10NoDevice_1-app-channel-6": 117,
          "KomakiLDA10NoDevice_1-app-channel-7": 106,
          "KomakiLDA10NoDevice_1-app-channel-8": 76,
          "KomakiLDA10NoDevice_1-app-channel-9": 55,
          "KomakiLDA10NoDevice_1-channel-ip-0": 246,
          "KomakiLDA10NoDevice_1-channel-ip-1": 185,
          "KomakiLDA10NoDevice_1-channel-ip-2": 177,
          "KomakiLDA10NoDevice_1-channel-ip-3": 228,
          "KomakiLDA10NoDevice_1-channel-ip-4": 186,
          "KomakiLDA10NoDevice_1-channel-ip-5": 119,
          "KomakiLDA10NoDevice_1-channel-ip-6": 155,
          "KomakiLDA10NoDevice_1-channel-ip-7": 184,
          "KomakiLDA10NoDevice_1-channel-ip-8": 164,
          "KomakiLDA10NoDevice_1-channel-ip-9": 25,
          "KomakiLDA10NoDevice_1-channel-os-0": 213,
          "KomakiLDA10NoDevice_1-channel-os-1": 121,
          "KomakiLDA10NoDevice_1-channel-os-2": 14,
          "KomakiLDA10NoDevice_1-channel-os-3": 178,
          "KomakiLDA10NoDevice_1-channel-os-4": 222,
          "KomakiLDA10NoDevice_1-channel-os-5": 288,
          "KomakiLDA10NoDevice_1-channel-os-6": 171,
          "KomakiLDA10NoDevice_1-channel-os-7": 131,
          "KomakiLDA10NoDevice_1-channel-os-8": 74,
          "KomakiLDA10NoDevice_1-channel-os-9": 34,
          "KomakiLDA10NoDevice_2-ip-app-0": 879,
          "KomakiLDA10NoDevice_2-ip-app-1": 647,
          "KomakiLDA10NoDevice_2-ip-app-2": 771,
          "KomakiLDA10NoDevice_2-ip-app-3": 1001,
          "KomakiLDA10NoDevice_2-ip-app-4": 961,
          "KomakiLDA10NoDevice_2-ip-app-5": 548,
          "KomakiLDA10NoDevice_2-ip-app-6": 723,
          "KomakiLDA10NoDevice_2-ip-app-7": 822,
          "KomakiLDA10NoDevice_2-ip-app-8": 583,
          "KomakiLDA10NoDevice_2-ip-app-9": 709,
          "KomakiLDA10NoDevice_2-ip-channel-0": 836,
          "KomakiLDA10NoDevice_2-ip-channel-1": 879,
          "KomakiLDA10NoDevice_2-ip-channel-2": 738,
          "KomakiLDA10NoDevice_2-ip-channel-3": 791,
          "KomakiLDA10NoDevice_2-ip-channel-4": 677,
          "KomakiLDA10NoDevice_2-ip-channel-5": 904,
          "KomakiLDA10NoDevice_2-ip-channel-6": 784,
          "KomakiLDA10NoDevice_2-ip-channel-7": 666,
          "KomakiLDA10NoDevice_2-ip-channel-8": 803,
          "KomakiLDA10NoDevice_2-ip-channel-9": 761,
          "KomakiLDA10NoDevice_2-os-ip-0": 136,
          "KomakiLDA10NoDevice_2-os-ip-1": 151,
          "KomakiLDA10NoDevice_2-os-ip-2": 164,
          "KomakiLDA10NoDevice_2-os-ip-3": 139,
          "KomakiLDA10NoDevice_2-os-ip-4": 88,
          "KomakiLDA10NoDevice_2-os-ip-5": 139,
          "KomakiLDA10NoDevice_2-os-ip-6": 111,
          "KomakiLDA10NoDevice_2-os-ip-7": 114,
          "KomakiLDA10NoDevice_2-os-ip-8": 124,
          "KomakiLDA10NoDevice_2-os-ip-9": 104,
          "KomakiLDA10NoDevice_2-os-app-0": 196,
          "KomakiLDA10NoDevice_2-os-app-1": 76,
          "KomakiLDA10NoDevice_2-os-app-2": 45,
          "KomakiLDA10NoDevice_2-os-app-3": 190,
          "KomakiLDA10NoDevice_2-os-app-4": 16,
          "KomakiLDA10NoDevice_2-os-app-5": 137,
          "KomakiLDA10NoDevice_2-os-app-6": 56,
          "KomakiLDA10NoDevice_2-os-app-7": 133,
          "KomakiLDA10NoDevice_2-os-app-8": 124,
          "KomakiLDA10NoDevice_2-os-app-9": 128,
          "KomakiLDA10NoDevice_2-os-channel-0": 224,
          "KomakiLDA10NoDevice_2-os-channel-1": 176,
          "KomakiLDA10NoDevice_2-os-channel-2": 81,
          "KomakiLDA10NoDevice_2-os-channel-3": 103,
          "KomakiLDA10NoDevice_2-os-channel-4": 215,
          "KomakiLDA10NoDevice_2-os-channel-5": 203,
          "KomakiLDA10NoDevice_2-os-channel-6": 197,
          "KomakiLDA10NoDevice_2-os-channel-7": 166,
          "KomakiLDA10NoDevice_2-os-channel-8": 115,
          "KomakiLDA10NoDevice_2-os-channel-9": 94,
          "KomakiLDA10NoDevice_2-channel-app-0": 283,
          "KomakiLDA10NoDevice_2-channel-app-1": 102,
          "KomakiLDA10NoDevice_2-channel-app-2": 91,
          "KomakiLDA10NoDevice_2-channel-app-3": 136,
          "KomakiLDA10NoDevice_2-channel-app-4": 130,
          "KomakiLDA10NoDevice_2-channel-app-5": 84,
          "KomakiLDA10NoDevice_2-channel-app-6": 145,
          "KomakiLDA10NoDevice_2-channel-app-7": 153,
          "KomakiLDA10NoDevice_2-channel-app-8": 183,
          "KomakiLDA10NoDevice_2-channel-app-9": 170,
          "KomakiNMF5NoDevice-ip-app-0": 438,
          "KomakiNMF5NoDevice-ip-app-1": 694,
          "KomakiNMF5NoDevice-ip-app-2": 503,
          "KomakiNMF5NoDevice-ip-app-3": 406,
          "KomakiNMF5NoDevice-ip-app-4": 495,
          "KomakiNMF5NoDevice-ip-os-0": 616,
          "KomakiNMF5NoDevice-ip-os-1": 556,
          "KomakiNMF5NoDevice-ip-os-2": 519,
          "KomakiNMF5NoDevice-ip-os-3": 527,
          "KomakiNMF5NoDevice-ip-os-4": 604,
          "KomakiNMF5NoDevice-ip-channel-0": 514,
          "KomakiNMF5NoDevice-ip-channel-1": 830,
          "KomakiNMF5NoDevice-ip-channel-2": 562,
          "KomakiNMF5NoDevice-ip-channel-3": 650,
          "KomakiNMF5NoDevice-ip-channel-4": 589,
          "KomakiNMF5NoDevice-app-ip-0": 90,
          "KomakiNMF5NoDevice-app-ip-1": 110,
          "KomakiNMF5NoDevice-app-ip-2": 108,
          "KomakiNMF5NoDevice-app-ip-3": 84,
          "KomakiNMF5NoDevice-app-ip-4": 49,
          "KomakiNMF5NoDevice-app-os-0": 31,
          "KomakiNMF5NoDevice-app-os-1": 66,
          "KomakiNMF5NoDevice-app-os-2": 66,
          "KomakiNMF5NoDevice-app-os-3": 17,
          "KomakiNMF5NoDevice-app-os-4": 30,
          "KomakiNMF5NoDevice-app-channel-0": 74,
          "KomakiNMF5NoDevice-app-channel-1": 73,
          "KomakiNMF5NoDevice-app-channel-2": 93,
          "KomakiNMF5NoDevice-app-channel-3": 100,
          "KomakiNMF5NoDevice-app-channel-4": 68,
          "KomakiNMF5NoDevice-os-ip-0": 109,
          "KomakiNMF5NoDevice-os-ip-1": 91,
          "KomakiNMF5NoDevice-os-ip-2": 92,
          "KomakiNMF5NoDevice-os-ip-3": 115,
          "KomakiNMF5NoDevice-os-ip-4": 91,
          "KomakiNMF5NoDevice-os-app-0": 87,
          "KomakiNMF5NoDevice-os-app-1": 2,
          "KomakiNMF5NoDevice-os-app-2": 75,
          "KomakiNMF5NoDevice-os-app-3": 109,
          "KomakiNMF5NoDevice-os-app-4": 54,
          "KomakiNMF5NoDevice-os-channel-0": 171,
          "KomakiNMF5NoDevice-os-channel-1": 89,
          "KomakiNMF5NoDevice-os-channel-2": 179,
          "KomakiNMF5NoDevice-os-channel-3": 151,
          "KomakiNMF5NoDevice-os-channel-4": 94,
          "KomakiNMF5NoDevice-channel-ip-0": 218,
          "KomakiNMF5NoDevice-channel-ip-1": 153,
          "KomakiNMF5NoDevice-channel-ip-2": 129,
          "KomakiNMF5NoDevice-channel-ip-3": 167,
          "KomakiNMF5NoDevice-channel-ip-4": 186,
          "KomakiNMF5NoDevice-channel-app-0": 93,
          "KomakiNMF5NoDevice-channel-app-1": 40,
          "KomakiNMF5NoDevice-channel-app-2": 92,
          "KomakiNMF5NoDevice-channel-app-3": 66,
          "KomakiNMF5NoDevice-channel-app-4": 88,
          "KomakiNMF5NoDevice-channel-os-0": 174,
          "KomakiNMF5NoDevice-channel-os-1": 33,
          "KomakiNMF5NoDevice-channel-os-2": 181,
          "KomakiNMF5NoDevice-channel-os-3": 96,
          "KomakiNMF5NoDevice-channel-os-4": 175,
          "KomakiPCA5NoDevice-ip-app-0": 598,
          "KomakiPCA5NoDevice-ip-app-1": 576,
          "KomakiPCA5NoDevice-ip-app-2": 527,
          "KomakiPCA5NoDevice-ip-app-3": 448,
          "KomakiPCA5NoDevice-ip-app-4": 607,
          "KomakiPCA5NoDevice-ip-os-0": 801,
          "KomakiPCA5NoDevice-ip-os-1": 478,
          "KomakiPCA5NoDevice-ip-os-2": 525,
          "KomakiPCA5NoDevice-ip-os-3": 556,
          "KomakiPCA5NoDevice-ip-os-4": 702,
          "KomakiPCA5NoDevice-ip-channel-0": 706,
          "KomakiPCA5NoDevice-ip-channel-1": 609,
          "KomakiPCA5NoDevice-ip-channel-2": 618,
          "KomakiPCA5NoDevice-ip-channel-3": 628,
          "KomakiPCA5NoDevice-ip-channel-4": 536,
          "KomakiPCA5NoDevice-app-ip-0": 91,
          "KomakiPCA5NoDevice-app-ip-1": 59,
          "KomakiPCA5NoDevice-app-ip-2": 76,
          "KomakiPCA5NoDevice-app-ip-3": 80,
          "KomakiPCA5NoDevice-app-ip-4": 74,
          "KomakiPCA5NoDevice-app-os-0": 108,
          "KomakiPCA5NoDevice-app-os-1": 55,
          "KomakiPCA5NoDevice-app-os-2": 86,
          "KomakiPCA5NoDevice-app-os-3": 83,
          "KomakiPCA5NoDevice-app-os-4": 79,
          "KomakiPCA5NoDevice-app-channel-0": 81,
          "KomakiPCA5NoDevice-app-channel-1": 87,
          "KomakiPCA5NoDevice-app-channel-2": 57,
          "KomakiPCA5NoDevice-app-channel-3": 59,
          "KomakiPCA5NoDevice-app-channel-4": 98,
          "KomakiPCA5NoDevice-os-ip-0": 60,
          "KomakiPCA5NoDevice-os-ip-1": 103,
          "KomakiPCA5NoDevice-os-ip-2": 121,
          "KomakiPCA5NoDevice-os-ip-3": 134,
          "KomakiPCA5NoDevice-os-ip-4": 111,
          "KomakiPCA5NoDevice-os-app-0": 85,
          "KomakiPCA5NoDevice-os-app-1": 68,
          "KomakiPCA5NoDevice-os-app-2": 87,
          "KomakiPCA5NoDevice-os-app-3": 97,
          "KomakiPCA5NoDevice-os-app-4": 114,
          "KomakiPCA5NoDevice-os-channel-0": 97,
          "KomakiPCA5NoDevice-os-channel-1": 120,
          "KomakiPCA5NoDevice-os-channel-2": 93,
          "KomakiPCA5NoDevice-os-channel-3": 86,
          "KomakiPCA5NoDevice-os-channel-4": 79,
          "KomakiPCA5NoDevice-channel-ip-0": 160,
          "KomakiPCA5NoDevice-channel-ip-1": 181,
          "KomakiPCA5NoDevice-channel-ip-2": 160,
          "KomakiPCA5NoDevice-channel-ip-3": 175,
          "KomakiPCA5NoDevice-channel-ip-4": 195,
          "KomakiPCA5NoDevice-channel-app-0": 179,
          "KomakiPCA5NoDevice-channel-app-1": 115,
          "KomakiPCA5NoDevice-channel-app-2": 123,
          "KomakiPCA5NoDevice-channel-app-3": 119,
          "KomakiPCA5NoDevice-channel-app-4": 131,
          "KomakiPCA5NoDevice-channel-os-0": 158,
          "KomakiPCA5NoDevice-channel-os-1": 123,
          "KomakiPCA5NoDevice-channel-os-2": 99,
          "KomakiPCA5NoDevice-channel-os-3": 157,
          "KomakiPCA5NoDevice-channel-os-4": 170
        }
      },
      {
        "train_auc": 0.9943019432817373,
        "valid_auc": 0.9848732140905486,
        "best_iteration": 716,
        "train_time": 384.9305114746094,
        "feature_importance": {
          "app": 3125,
          "hour": 3560,
          "n_channels": 1304,
          "ip_app_count": 811,
          "ip_app_os_count": 1050,
          "DuplicateRowIndexDiff": 58,
          "FutureClickCount_600-ip": 589,
          "FutureClickCount_600-app": 563,
          "FutureClickCount_600-ip-app": 215,
          "FutureClickCount_600-dev": 288,
          "FutureClickCount_600-ip-dev": 810,
          "FutureClickCount_600-app-dev": 506,
          "FutureClickCount_600-ip-app-dev": 206,
          "FutureClickCount_600-os": 291,
          "FutureClickCount_600-ip-os": 391,
          "FutureClickCount_600-app-os": 549,
          "FutureClickCount_600-ip-app-os": 213,
          "FutureClickCount_600-dev-os": 819,
          "FutureClickCount_600-ip-dev-os": 418,
          "FutureClickCount_600-app-dev-os": 779,
          "FutureClickCount_600-ip-app-dev-os": 274,
          "FutureClickCount_600-cha": 518,
          "FutureClickCount_600-ip-cha": 117,
          "FutureClickCount_600-app-cha": 849,
          "FutureClickCount_600-ip-app-cha": 112,
          "FutureClickCount_600-dev-cha": 423,
          "FutureClickCount_600-ip-dev-cha": 115,
          "FutureClickCount_600-app-dev-cha": 585,
          "FutureClickCount_600-ip-app-dev-cha": 93,
          "FutureClickCount_600-os-cha": 362,
          "FutureClickCount_600-ip-os-cha": 73,
          "FutureClickCount_600-app-os-cha": 427,
          "FutureClickCount_600-ip-app-os-cha": 61,
          "FutureClickCount_600-dev-os-cha": 406,
          "FutureClickCount_600-ip-dev-os-cha": 65,
          "FutureClickCount_600-app-dev-os-cha": 478,
          "FutureClickCount_600-ip-app-dev-os-cha": 95,
          "NextClickTimeDelta-ip": 666,
          "NextClickTimeDelta-app": 86,
          "NextClickTimeDelta-ip-app": 848,
          "NextClickTimeDelta-dev": 43,
          "NextClickTimeDelta-ip-dev": 543,
          "NextClickTimeDelta-app-dev": 79,
          "NextClickTimeDelta-ip-app-dev": 606,
          "NextClickTimeDelta-os": 63,
          "NextClickTimeDelta-ip-os": 599,
          "NextClickTimeDelta-app-os": 182,
          "NextClickTimeDelta-ip-app-os": 1242,
          "NextClickTimeDelta-dev-os": 78,
          "NextClickTimeDelta-ip-dev-os": 432,
          "NextClickTimeDelta-app-dev-os": 197,
          "NextClickTimeDelta-ip-app-dev-os": 2209,
          "NextClickTimeDelta-cha": 72,
          "NextClickTimeDelta-ip-cha": 445,
          "NextClickTimeDelta-app-cha": 183,
          "NextClickTimeDelta-ip-app-cha": 443,
          "NextClickTimeDelta-dev-cha": 107,
          "NextClickTimeDelta-ip-dev-cha": 401,
          "NextClickTimeDelta-app-dev-cha": 136,
          "NextClickTimeDelta-ip-app-dev-cha": 381,
          "NextClickTimeDelta-os-cha": 215,
          "NextClickTimeDelta-ip-os-cha": 384,
          "NextClickTimeDelta-app-os-cha": 285,
          "NextClickTimeDelta-ip-app-os-cha": 522,
          "NextClickTimeDelta-dev-os-cha": 165,
          "NextClickTimeDelta-ip-dev-os-cha": 375,
          "NextClickTimeDelta-app-dev-os-cha": 248,
          "NextClickTimeDelta-ip-app-dev-os-cha": 542,
          "PrevClickTimeDelta-ip": 482,
          "PrevClickTimeDelta-app": 106,
          "PrevClickTimeDelta-ip-app": 432,
          "PrevClickTimeDelta-dev": 57,
          "PrevClickTimeDelta-ip-dev": 360,
          "PrevClickTimeDelta-app-dev": 77,
          "PrevClickTimeDelta-ip-app-dev": 348,
          "PrevClickTimeDelta-os": 57,
          "PrevClickTimeDelta-ip-os": 454,
          "PrevClickTimeDelta-app-os": 177,
          "PrevClickTimeDelta-ip-app-os": 373,
          "PrevClickTimeDelta-dev-os": 50,
          "PrevClickTimeDelta-ip-dev-os": 333,
          "PrevClickTimeDelta-app-dev-os": 155,
          "PrevClickTimeDelta-ip-app-dev-os": 337,
          "PrevClickTimeDelta-cha": 82,
          "PrevClickTimeDelta-ip-cha": 365,
          "PrevClickTimeDelta-app-cha": 155,
          "PrevClickTimeDelta-ip-app-cha": 332,
          "PrevClickTimeDelta-dev-cha": 109,
          "PrevClickTimeDelta-ip-dev-cha": 286,
          "PrevClickTimeDelta-app-dev-cha": 107,
          "PrevClickTimeDelta-ip-app-dev-cha": 264,
          "PrevClickTimeDelta-os-cha": 213,
          "PrevClickTimeDelta-ip-os-cha": 274,
          "PrevClickTimeDelta-app-os-cha": 218,
          "PrevClickTimeDelta-ip-app-os-cha": 284,
          "PrevClickTimeDelta-dev-os-cha": 189,
          "PrevClickTimeDelta-ip-dev-os-cha": 221,
          "PrevClickTimeDelta-app-dev-os-cha": 209,
          "PrevClickTimeDelta-ip-app-dev-os-cha": 203,
          "AverageAttributedRatio-ip": 318,
          "AverageAttributedRatio-app": 269,
          "AverageAttributedRatio-ip-app": 146,
          "AverageAttributedRatio-dev": 437,
          "AverageAttributedRatio-ip-dev": 306,
          "AverageAttributedRatio-app-dev": 226,
          "AverageAttributedRatio-ip-app-dev": 177,
          "AverageAttributedRatio-os": 303,
          "AverageAttributedRatio-ip-os": 173,
          "AverageAttributedRatio-app-os": 253,
          "AverageAttributedRatio-ip-app-os": 41,
          "AverageAttributedRatio-dev-os": 306,
          "AverageAttributedRatio-ip-dev-os": 171,
          "AverageAttributedRatio-app-dev-os": 269,
          "AverageAttributedRatio-ip-app-dev-os": 36,
          "AverageAttributedRatio-cha": 239,
          "AverageAttributedRatio-ip-cha": 79,
          "AverageAttributedRatio-app-cha": 224,
          "AverageAttributedRatio-ip-app-cha": 53,
          "AverageAttributedRatio-dev-cha": 216,
          "AverageAttributedRatio-ip-dev-cha": 56,
          "AverageAttributedRatio-app-dev-cha": 210,
          "AverageAttributedRatio-ip-app-dev-cha": 83,
          "AverageAttributedRatio-os-cha": 219,
          "AverageAttributedRatio-ip-os-cha": 21,
          "AverageAttributedRatio-app-os-cha": 273,
          "AverageAttributedRatio-ip-app-os-cha": 38,
          "AverageAttributedRatio-dev-os-cha": 281,
          "AverageAttributedRatio-ip-dev-os-cha": 26,
          "AverageAttributedRatio-app-dev-os-cha": 224,
          "AverageAttributedRatio-ip-app-dev-os-cha": 16,
          "KomakiLDA10NoDevice_1-ip-os-0": 813,
          "KomakiLDA10NoDevice_1-ip-os-1": 552,
          "KomakiLDA10NoDevice_1-ip-os-2": 859,
          "KomakiLDA10NoDevice_1-ip-os-3": 734,
          "KomakiLDA10NoDevice_1-ip-os-4": 719,
          "KomakiLDA10NoDevice_1-ip-os-5": 880,
          "KomakiLDA10NoDevice_1-ip-os-6": 844,
          "KomakiLDA10NoDevice_1-ip-os-7": 687,
          "KomakiLDA10NoDevice_1-ip-os-8": 637,
          "KomakiLDA10NoDevice_1-ip-os-9": 839,
          "KomakiLDA10NoDevice_1-app-ip-0": 174,
          "KomakiLDA10NoDevice_1-app-ip-1": 189,
          "KomakiLDA10NoDevice_1-app-ip-2": 149,
          "KomakiLDA10NoDevice_1-app-ip-3": 157,
          "KomakiLDA10NoDevice_1-app-ip-4": 90,
          "KomakiLDA10NoDevice_1-app-ip-5": 103,
          "KomakiLDA10NoDevice_1-app-ip-6": 169,
          "KomakiLDA10NoDevice_1-app-ip-7": 114,
          "KomakiLDA10NoDevice_1-app-ip-8": 144,
          "KomakiLDA10NoDevice_1-app-ip-9": 97,
          "KomakiLDA10NoDevice_1-app-os-0": 145,
          "KomakiLDA10NoDevice_1-app-os-1": 93,
          "KomakiLDA10NoDevice_1-app-os-2": 89,
          "KomakiLDA10NoDevice_1-app-os-3": 144,
          "KomakiLDA10NoDevice_1-app-os-4": 120,
          "KomakiLDA10NoDevice_1-app-os-5": 132,
          "KomakiLDA10NoDevice_1-app-os-6": 116,
          "KomakiLDA10NoDevice_1-app-os-7": 98,
          "KomakiLDA10NoDevice_1-app-os-8": 84,
          "KomakiLDA10NoDevice_1-app-os-9": 93,
          "KomakiLDA10NoDevice_1-app-channel-0": 73,
          "KomakiLDA10NoDevice_1-app-channel-1": 107,
          "KomakiLDA10NoDevice_1-app-channel-2": 132,
          "KomakiLDA10NoDevice_1-app-channel-3": 56,
          "KomakiLDA10NoDevice_1-app-channel-4": 66,
          "KomakiLDA10NoDevice_1-app-channel-5": 55,
          "KomakiLDA10NoDevice_1-app-channel-6": 97,
          "KomakiLDA10NoDevice_1-app-channel-7": 92,
          "KomakiLDA10NoDevice_1-app-channel-8": 85,
          "KomakiLDA10NoDevice_1-app-channel-9": 56,
          "KomakiLDA10NoDevice_1-channel-ip-0": 262,
          "KomakiLDA10NoDevice_1-channel-ip-1": 210,
          "KomakiLDA10NoDevice_1-channel-ip-2": 195,
          "KomakiLDA10NoDevice_1-channel-ip-3": 240,
          "KomakiLDA10NoDevice_1-channel-ip-4": 202,
          "KomakiLDA10NoDevice_1-channel-ip-5": 107,
          "KomakiLDA10NoDevice_1-channel-ip-6": 203,
          "KomakiLDA10NoDevice_1-channel-ip-7": 204,
          "KomakiLDA10NoDevice_1-channel-ip-8": 237,
          "KomakiLDA10NoDevice_1-channel-ip-9": 53,
          "KomakiLDA10NoDevice_1-channel-os-0": 211,
          "KomakiLDA10NoDevice_1-channel-os-1": 122,
          "KomakiLDA10NoDevice_1-channel-os-2": 31,
          "KomakiLDA10NoDevice_1-channel-os-3": 218,
          "KomakiLDA10NoDevice_1-channel-os-4": 163,
          "KomakiLDA10NoDevice_1-channel-os-5": 296,
          "KomakiLDA10NoDevice_1-channel-os-6": 208,
          "KomakiLDA10NoDevice_1-channel-os-7": 150,
          "KomakiLDA10NoDevice_1-channel-os-8": 81,
          "KomakiLDA10NoDevice_1-channel-os-9": 39,
          "KomakiLDA10NoDevice_2-ip-app-0": 929,
          "KomakiLDA10NoDevice_2-ip-app-1": 694,
          "KomakiLDA10NoDevice_2-ip-app-2": 886,
          "KomakiLDA10NoDevice_2-ip-app-3": 998,
          "KomakiLDA10NoDevice_2-ip-app-4": 955,
          "KomakiLDA10NoDevice_2-ip-app-5": 601,
          "KomakiLDA10NoDevice_2-ip-app-6": 874,
          "KomakiLDA10NoDevice_2-ip-app-7": 898,
          "KomakiLDA10NoDevice_2-ip-app-8": 670,
          "KomakiLDA10NoDevice_2-ip-app-9": 677,
          "KomakiLDA10NoDevice_2-ip-channel-0": 896,
          "KomakiLDA10NoDevice_2-ip-channel-1": 980,
          "KomakiLDA10NoDevice_2-ip-channel-2": 839,
          "KomakiLDA10NoDevice_2-ip-channel-3": 836,
          "KomakiLDA10NoDevice_2-ip-channel-4": 735,
          "KomakiLDA10NoDevice_2-ip-channel-5": 887,
          "KomakiLDA10NoDevice_2-ip-channel-6": 795,
          "KomakiLDA10NoDevice_2-ip-channel-7": 782,
          "KomakiLDA10NoDevice_2-ip-channel-8": 946,
          "KomakiLDA10NoDevice_2-ip-channel-9": 870,
          "KomakiLDA10NoDevice_2-os-ip-0": 186,
          "KomakiLDA10NoDevice_2-os-ip-1": 183,
          "KomakiLDA10NoDevice_2-os-ip-2": 218,
          "KomakiLDA10NoDevice_2-os-ip-3": 156,
          "KomakiLDA10NoDevice_2-os-ip-4": 98,
          "KomakiLDA10NoDevice_2-os-ip-5": 142,
          "KomakiLDA10NoDevice_2-os-ip-6": 131,
          "KomakiLDA10NoDevice_2-os-ip-7": 128,
          "KomakiLDA10NoDevice_2-os-ip-8": 173,
          "KomakiLDA10NoDevice_2-os-ip-9": 106,
          "KomakiLDA10NoDevice_2-os-app-0": 221,
          "KomakiLDA10NoDevice_2-os-app-1": 81,
          "KomakiLDA10NoDevice_2-os-app-2": 56,
          "KomakiLDA10NoDevice_2-os-app-3": 194,
          "KomakiLDA10NoDevice_2-os-app-4": 17,
          "KomakiLDA10NoDevice_2-os-app-5": 109,
          "KomakiLDA10NoDevice_2-os-app-6": 42,
          "KomakiLDA10NoDevice_2-os-app-7": 129,
          "KomakiLDA10NoDevice_2-os-app-8": 115,
          "KomakiLDA10NoDevice_2-os-app-9": 128,
          "KomakiLDA10NoDevice_2-os-channel-0": 204,
          "KomakiLDA10NoDevice_2-os-channel-1": 183,
          "KomakiLDA10NoDevice_2-os-channel-2": 82,
          "KomakiLDA10NoDevice_2-os-channel-3": 102,
          "KomakiLDA10NoDevice_2-os-channel-4": 202,
          "KomakiLDA10NoDevice_2-os-channel-5": 211,
          "KomakiLDA10NoDevice_2-os-channel-6": 208,
          "KomakiLDA10NoDevice_2-os-channel-7": 197,
          "KomakiLDA10NoDevice_2-os-channel-8": 111,
          "KomakiLDA10NoDevice_2-os-channel-9": 110,
          "KomakiLDA10NoDevice_2-channel-app-0": 282,
          "KomakiLDA10NoDevice_2-channel-app-1": 108,
          "KomakiLDA10NoDevice_2-channel-app-2": 88,
          "KomakiLDA10NoDevice_2-channel-app-3": 184,
          "KomakiLDA10NoDevice_2-channel-app-4": 149,
          "KomakiLDA10NoDevice_2-channel-app-5": 101,
          "KomakiLDA10NoDevice_2-channel-app-6": 153,
          "KomakiLDA10NoDevice_2-channel-app-7": 155,
          "KomakiLDA10NoDevice_2-channel-app-8": 183,
          "KomakiLDA10NoDevice_2-channel-app-9": 188,
          "KomakiNMF5NoDevice-ip-app-0": 535,
          "KomakiNMF5NoDevice-ip-app-1": 769,
          "KomakiNMF5NoDevice-ip-app-2": 573,
          "KomakiNMF5NoDevice-ip-app-3": 523,
          "KomakiNMF5NoDevice-ip-app-4": 558,
          "KomakiNMF5NoDevice-ip-os-0": 636,
          "KomakiNMF5NoDevice-ip-os-1": 607,
          "KomakiNMF5NoDevice-ip-os-2": 597,
          "KomakiNMF5NoDevice-ip-os-3": 656,
          "KomakiNMF5NoDevice-ip-os-4": 652,
          "KomakiNMF5NoDevice-ip-channel-0": 625,
          "KomakiNMF5NoDevice-ip-channel-1": 916,
          "KomakiNMF5NoDevice-ip-channel-2": 591,
          "KomakiNMF5NoDevice-ip-channel-3": 685,
          "KomakiNMF5NoDevice-ip-channel-4": 629,
          "KomakiNMF5NoDevice-app-ip-0": 98,
          "KomakiNMF5NoDevice-app-ip-1": 103,
          "KomakiNMF5NoDevice-app-ip-2": 92,
          "KomakiNMF5NoDevice-app-ip-3": 77,
          "KomakiNMF5NoDevice-app-ip-4": 33,
          "KomakiNMF5NoDevice-app-os-0": 26,
          "KomakiNMF5NoDevice-app-os-1": 62,
          "KomakiNMF5NoDevice-app-os-2": 82,
          "KomakiNMF5NoDevice-app-os-3": 19,
          "KomakiNMF5NoDevice-app-os-4": 22,
          "KomakiNMF5NoDevice-app-channel-0": 66,
          "KomakiNMF5NoDevice-app-channel-1": 92,
          "KomakiNMF5NoDevice-app-channel-2": 103,
          "KomakiNMF5NoDevice-app-channel-3": 113,
          "KomakiNMF5NoDevice-app-channel-4": 70,
          "KomakiNMF5NoDevice-os-ip-0": 104,
          "KomakiNMF5NoDevice-os-ip-1": 108,
          "KomakiNMF5NoDevice-os-ip-2": 97,
          "KomakiNMF5NoDevice-os-ip-3": 109,
          "KomakiNMF5NoDevice-os-ip-4": 121,
          "KomakiNMF5NoDevice-os-app-0": 71,
          "KomakiNMF5NoDevice-os-app-1": 3,
          "KomakiNMF5NoDevice-os-app-2": 77,
          "KomakiNMF5NoDevice-os-app-3": 130,
          "KomakiNMF5NoDevice-os-app-4": 78,
          "KomakiNMF5NoDevice-os-channel-0": 191,
          "KomakiNMF5NoDevice-os-channel-1": 93,
          "KomakiNMF5NoDevice-os-channel-2": 181,
          "KomakiNMF5NoDevice-os-channel-3": 148,
          "KomakiNMF5NoDevice-os-channel-4": 138,
          "KomakiNMF5NoDevice-channel-ip-0": 215,
          "KomakiNMF5NoDevice-channel-ip-1": 164,
          "KomakiNMF5NoDevice-channel-ip-2": 173,
          "KomakiNMF5NoDevice-channel-ip-3": 209,
          "KomakiNMF5NoDevice-channel-ip-4": 211,
          "KomakiNMF5NoDevice-channel-app-0": 90,
          "KomakiNMF5NoDevice-channel-app-1": 37,
          "KomakiNMF5NoDevice-channel-app-2": 106,
          "KomakiNMF5NoDevice-channel-app-3": 90,
          "KomakiNMF5NoDevice-channel-app-4": 78,
          "KomakiNMF5NoDevice-channel-os-0": 204,
          "KomakiNMF5NoDevice-channel-os-1": 36,
          "KomakiNMF5NoDevice-channel-os-2": 189,
          "KomakiNMF5NoDevice-channel-os-3": 108,
          "KomakiNMF5NoDevice-channel-os-4": 236,
          "KomakiPCA5NoDevice-ip-app-0": 704,
          "KomakiPCA5NoDevice-ip-app-1": 668,
          "KomakiPCA5NoDevice-ip-app-2": 623,
          "KomakiPCA5NoDevice-ip-app-3": 517,
          "KomakiPCA5NoDevice-ip-app-4": 689,
          "KomakiPCA5NoDevice-ip-os-0": 836,
          "KomakiPCA5NoDevice-ip-os-1": 555,
          "KomakiPCA5NoDevice-ip-os-2": 599,
          "KomakiPCA5NoDevice-ip-os-3": 637,
          "KomakiPCA5NoDevice-ip-os-4": 755,
          "KomakiPCA5NoDevice-ip-channel-0": 843,
          "KomakiPCA5NoDevice-ip-channel-1": 764,
          "KomakiPCA5NoDevice-ip-channel-2": 692,
          "KomakiPCA5NoDevice-ip-channel-3": 748,
          "KomakiPCA5NoDevice-ip-channel-4": 635,
          "KomakiPCA5NoDevice-app-ip-0": 80,
          "KomakiPCA5NoDevice-app-ip-1": 69,
          "KomakiPCA5NoDevice-app-ip-2": 74,
          "KomakiPCA5NoDevice-app-ip-3": 102,
          "KomakiPCA5NoDevice-app-ip-4": 69,
          "KomakiPCA5NoDevice-app-os-0": 106,
          "KomakiPCA5NoDevice-app-os-1": 63,
          "KomakiPCA5NoDevice-app-os-2": 68,
          "KomakiPCA5NoDevice-app-os-3": 83,
          "KomakiPCA5NoDevice-app-os-4": 76,
          "KomakiPCA5NoDevice-app-channel-0": 96,
          "KomakiPCA5NoDevice-app-channel-1": 125,
          "KomakiPCA5NoDevice-app-channel-2": 87,
          "KomakiPCA5NoDevice-app-channel-3": 75,
          "KomakiPCA5NoDevice-app-channel-4": 99,
          "KomakiPCA5NoDevice-os-ip-0": 69,
          "KomakiPCA5NoDevice-os-ip-1": 111,
          "KomakiPCA5NoDevice-os-ip-2": 114,
          "KomakiPCA5NoDevice-os-ip-3": 156,
          "KomakiPCA5NoDevice-os-ip-4": 122,
          "KomakiPCA5NoDevice-os-app-0": 90,
          "KomakiPCA5NoDevice-os-app-1": 107,
          "KomakiPCA5NoDevice-os-app-2": 99,
          "KomakiPCA5NoDevice-os-app-3": 127,
          "KomakiPCA5NoDevice-os-app-4": 170,
          "KomakiPCA5NoDevice-os-channel-0": 122,
          "KomakiPCA5NoDevice-os-channel-1": 150,
          "KomakiPCA5NoDevice-os-channel-2": 98,
          "KomakiPCA5NoDevice-os-channel-3": 75,
          "KomakiPCA5NoDevice-os-channel-4": 83,
          "KomakiPCA5NoDevice-channel-ip-0": 199,
          "KomakiPCA5NoDevice-channel-ip-1": 205,
          "KomakiPCA5NoDevice-channel-ip-2": 192,
          "KomakiPCA5NoDevice-channel-ip-3": 162,
          "KomakiPCA5NoDevice-channel-ip-4": 248,
          "KomakiPCA5NoDevice-channel-app-0": 196,
          "KomakiPCA5NoDevice-channel-app-1": 124,
          "KomakiPCA5NoDevice-channel-app-2": 147,
          "KomakiPCA5NoDevice-channel-app-3": 135,
          "KomakiPCA5NoDevice-channel-app-4": 155,
          "KomakiPCA5NoDevice-channel-os-0": 200,
          "KomakiPCA5NoDevice-channel-os-1": 178,
          "KomakiPCA5NoDevice-channel-os-2": 147,
          "KomakiPCA5NoDevice-channel-os-3": 173,
          "KomakiPCA5NoDevice-channel-os-4": 159
        }
      },
      {
        "train_auc": 0.9931552173595213,
        "valid_auc": 0.9849396688751437,
        "best_iteration": 592,
        "train_time": 327.9331524372101,
        "feature_importance": {
          "app": 2653,
          "hour": 2952,
          "n_channels": 1257,
          "ip_app_count": 726,
          "ip_app_os_count": 941,
          "DuplicateRowIndexDiff": 91,
          "FutureClickCount_600-ip": 510,
          "FutureClickCount_600-app": 408,
          "FutureClickCount_600-ip-app": 184,
          "FutureClickCount_600-dev": 239,
          "FutureClickCount_600-ip-dev": 684,
          "FutureClickCount_600-app-dev": 374,
          "FutureClickCount_600-ip-app-dev": 152,
          "FutureClickCount_600-os": 254,
          "FutureClickCount_600-ip-os": 348,
          "FutureClickCount_600-app-os": 470,
          "FutureClickCount_600-ip-app-os": 204,
          "FutureClickCount_600-dev-os": 757,
          "FutureClickCount_600-ip-dev-os": 342,
          "FutureClickCount_600-app-dev-os": 653,
          "FutureClickCount_600-ip-app-dev-os": 270,
          "FutureClickCount_600-cha": 458,
          "FutureClickCount_600-ip-cha": 101,
          "FutureClickCount_600-app-cha": 671,
          "FutureClickCount_600-ip-app-cha": 70,
          "FutureClickCount_600-dev-cha": 384,
          "FutureClickCount_600-ip-dev-cha": 88,
          "FutureClickCount_600-app-dev-cha": 439,
          "FutureClickCount_600-ip-app-dev-cha": 85,
          "FutureClickCount_600-os-cha": 340,
          "FutureClickCount_600-ip-os-cha": 54,
          "FutureClickCount_600-app-os-cha": 363,
          "FutureClickCount_600-ip-app-os-cha": 55,
          "FutureClickCount_600-dev-os-cha": 373,
          "FutureClickCount_600-ip-dev-os-cha": 43,
          "FutureClickCount_600-app-dev-os-cha": 393,
          "FutureClickCount_600-ip-app-dev-os-cha": 52,
          "NextClickTimeDelta-ip": 514,
          "NextClickTimeDelta-app": 65,
          "NextClickTimeDelta-ip-app": 598,
          "NextClickTimeDelta-dev": 40,
          "NextClickTimeDelta-ip-dev": 435,
          "NextClickTimeDelta-app-dev": 65,
          "NextClickTimeDelta-ip-app-dev": 535,
          "NextClickTimeDelta-os": 45,
          "NextClickTimeDelta-ip-os": 524,
          "NextClickTimeDelta-app-os": 191,
          "NextClickTimeDelta-ip-app-os": 1131,
          "NextClickTimeDelta-dev-os": 65,
          "NextClickTimeDelta-ip-dev-os": 367,
          "NextClickTimeDelta-app-dev-os": 166,
          "NextClickTimeDelta-ip-app-dev-os": 2125,
          "NextClickTimeDelta-cha": 98,
          "NextClickTimeDelta-ip-cha": 371,
          "NextClickTimeDelta-app-cha": 168,
          "NextClickTimeDelta-ip-app-cha": 322,
          "NextClickTimeDelta-dev-cha": 96,
          "NextClickTimeDelta-ip-dev-cha": 346,
          "NextClickTimeDelta-app-dev-cha": 127,
          "NextClickTimeDelta-ip-app-dev-cha": 319,
          "NextClickTimeDelta-os-cha": 164,
          "NextClickTimeDelta-ip-os-cha": 289,
          "NextClickTimeDelta-app-os-cha": 234,
          "NextClickTimeDelta-ip-app-os-cha": 412,
          "NextClickTimeDelta-dev-os-cha": 152,
          "NextClickTimeDelta-ip-dev-os-cha": 283,
          "NextClickTimeDelta-app-dev-os-cha": 205,
          "NextClickTimeDelta-ip-app-dev-os-cha": 481,
          "PrevClickTimeDelta-ip": 451,
          "PrevClickTimeDelta-app": 88,
          "PrevClickTimeDelta-ip-app": 300,
          "PrevClickTimeDelta-dev": 33,
          "PrevClickTimeDelta-ip-dev": 302,
          "PrevClickTimeDelta-app-dev": 65,
          "PrevClickTimeDelta-ip-app-dev": 236,
          "PrevClickTimeDelta-os": 73,
          "PrevClickTimeDelta-ip-os": 335,
          "PrevClickTimeDelta-app-os": 142,
          "PrevClickTimeDelta-ip-app-os": 282,
          "PrevClickTimeDelta-dev-os": 48,
          "PrevClickTimeDelta-ip-dev-os": 265,
          "PrevClickTimeDelta-app-dev-os": 156,
          "PrevClickTimeDelta-ip-app-dev-os": 234,
          "PrevClickTimeDelta-cha": 62,
          "PrevClickTimeDelta-ip-cha": 278,
          "PrevClickTimeDelta-app-cha": 142,
          "PrevClickTimeDelta-ip-app-cha": 221,
          "PrevClickTimeDelta-dev-cha": 63,
          "PrevClickTimeDelta-ip-dev-cha": 219,
          "PrevClickTimeDelta-app-dev-cha": 111,
          "PrevClickTimeDelta-ip-app-dev-cha": 219,
          "PrevClickTimeDelta-os-cha": 173,
          "PrevClickTimeDelta-ip-os-cha": 211,
          "PrevClickTimeDelta-app-os-cha": 171,
          "PrevClickTimeDelta-ip-app-os-cha": 162,
          "PrevClickTimeDelta-dev-os-cha": 171,
          "PrevClickTimeDelta-ip-dev-os-cha": 173,
          "PrevClickTimeDelta-app-dev-os-cha": 204,
          "PrevClickTimeDelta-ip-app-dev-os-cha": 170,
          "AverageAttributedRatio-ip": 270,
          "AverageAttributedRatio-app": 216,
          "AverageAttributedRatio-ip-app": 140,
          "AverageAttributedRatio-dev": 364,
          "AverageAttributedRatio-ip-dev": 236,
          "AverageAttributedRatio-app-dev": 212,
          "AverageAttributedRatio-ip-app-dev": 167,
          "AverageAttributedRatio-os": 262,
          "AverageAttributedRatio-ip-os": 146,
          "AverageAttributedRatio-app-os": 215,
          "AverageAttributedRatio-ip-app-os": 40,
          "AverageAttributedRatio-dev-os": 276,
          "AverageAttributedRatio-ip-dev-os": 182,
          "AverageAttributedRatio-app-dev-os": 247,
          "AverageAttributedRatio-ip-app-dev-os": 58,
          "AverageAttributedRatio-cha": 198,
          "AverageAttributedRatio-ip-cha": 44,
          "AverageAttributedRatio-app-cha": 185,
          "AverageAttributedRatio-ip-app-cha": 43,
          "AverageAttributedRatio-dev-cha": 151,
          "AverageAttributedRatio-ip-dev-cha": 53,
          "AverageAttributedRatio-app-dev-cha": 168,
          "AverageAttributedRatio-ip-app-dev-cha": 43,
          "AverageAttributedRatio-os-cha": 197,
          "AverageAttributedRatio-ip-os-cha": 18,
          "AverageAttributedRatio-app-os-cha": 207,
          "AverageAttributedRatio-ip-app-os-cha": 31,
          "AverageAttributedRatio-dev-os-cha": 179,
          "AverageAttributedRatio-ip-dev-os-cha": 13,
          "AverageAttributedRatio-app-dev-os-cha": 211,
          "AverageAttributedRatio-ip-app-dev-os-cha": 22,
          "KomakiLDA10NoDevice_1-ip-os-0": 559,
          "KomakiLDA10NoDevice_1-ip-os-1": 430,
          "KomakiLDA10NoDevice_1-ip-os-2": 642,
          "KomakiLDA10NoDevice_1-ip-os-3": 619,
          "KomakiLDA10NoDevice_1-ip-os-4": 577,
          "KomakiLDA10NoDevice_1-ip-os-5": 698,
          "KomakiLDA10NoDevice_1-ip-os-6": 622,
          "KomakiLDA10NoDevice_1-ip-os-7": 609,
          "KomakiLDA10NoDevice_1-ip-os-8": 454,
          "KomakiLDA10NoDevice_1-ip-os-9": 665,
          "KomakiLDA10NoDevice_1-app-ip-0": 134,
          "KomakiLDA10NoDevice_1-app-ip-1": 141,
          "KomakiLDA10NoDevice_1-app-ip-2": 134,
          "KomakiLDA10NoDevice_1-app-ip-3": 166,
          "KomakiLDA10NoDevice_1-app-ip-4": 80,
          "KomakiLDA10NoDevice_1-app-ip-5": 84,
          "KomakiLDA10NoDevice_1-app-ip-6": 171,
          "KomakiLDA10NoDevice_1-app-ip-7": 127,
          "KomakiLDA10NoDevice_1-app-ip-8": 115,
          "KomakiLDA10NoDevice_1-app-ip-9": 106,
          "KomakiLDA10NoDevice_1-app-os-0": 128,
          "KomakiLDA10NoDevice_1-app-os-1": 82,
          "KomakiLDA10NoDevice_1-app-os-2": 75,
          "KomakiLDA10NoDevice_1-app-os-3": 110,
          "KomakiLDA10NoDevice_1-app-os-4": 119,
          "KomakiLDA10NoDevice_1-app-os-5": 142,
          "KomakiLDA10NoDevice_1-app-os-6": 73,
          "KomakiLDA10NoDevice_1-app-os-7": 59,
          "KomakiLDA10NoDevice_1-app-os-8": 66,
          "KomakiLDA10NoDevice_1-app-os-9": 83,
          "KomakiLDA10NoDevice_1-app-channel-0": 59,
          "KomakiLDA10NoDevice_1-app-channel-1": 103,
          "KomakiLDA10NoDevice_1-app-channel-2": 101,
          "KomakiLDA10NoDevice_1-app-channel-3": 41,
          "KomakiLDA10NoDevice_1-app-channel-4": 50,
          "KomakiLDA10NoDevice_1-app-channel-5": 66,
          "KomakiLDA10NoDevice_1-app-channel-6": 89,
          "KomakiLDA10NoDevice_1-app-channel-7": 95,
          "KomakiLDA10NoDevice_1-app-channel-8": 94,
          "KomakiLDA10NoDevice_1-app-channel-9": 40,
          "KomakiLDA10NoDevice_1-channel-ip-0": 230,
          "KomakiLDA10NoDevice_1-channel-ip-1": 154,
          "KomakiLDA10NoDevice_1-channel-ip-2": 167,
          "KomakiLDA10NoDevice_1-channel-ip-3": 181,
          "KomakiLDA10NoDevice_1-channel-ip-4": 156,
          "KomakiLDA10NoDevice_1-channel-ip-5": 100,
          "KomakiLDA10NoDevice_1-channel-ip-6": 156,
          "KomakiLDA10NoDevice_1-channel-ip-7": 177,
          "KomakiLDA10NoDevice_1-channel-ip-8": 153,
          "KomakiLDA10NoDevice_1-channel-ip-9": 34,
          "KomakiLDA10NoDevice_1-channel-os-0": 151,
          "KomakiLDA10NoDevice_1-channel-os-1": 123,
          "KomakiLDA10NoDevice_1-channel-os-2": 23,
          "KomakiLDA10NoDevice_1-channel-os-3": 163,
          "KomakiLDA10NoDevice_1-channel-os-4": 174,
          "KomakiLDA10NoDevice_1-channel-os-5": 204,
          "KomakiLDA10NoDevice_1-channel-os-6": 135,
          "KomakiLDA10NoDevice_1-channel-os-7": 131,
          "KomakiLDA10NoDevice_1-channel-os-8": 66,
          "KomakiLDA10NoDevice_1-channel-os-9": 25,
          "KomakiLDA10NoDevice_2-ip-app-0": 751,
          "KomakiLDA10NoDevice_2-ip-app-1": 547,
          "KomakiLDA10NoDevice_2-ip-app-2": 689,
          "KomakiLDA10NoDevice_2-ip-app-3": 854,
          "KomakiLDA10NoDevice_2-ip-app-4": 879,
          "KomakiLDA10NoDevice_2-ip-app-5": 504,
          "KomakiLDA10NoDevice_2-ip-app-6": 731,
          "KomakiLDA10NoDevice_2-ip-app-7": 729,
          "KomakiLDA10NoDevice_2-ip-app-8": 522,
          "KomakiLDA10NoDevice_2-ip-app-9": 598,
          "KomakiLDA10NoDevice_2-ip-channel-0": 761,
          "KomakiLDA10NoDevice_2-ip-channel-1": 708,
          "KomakiLDA10NoDevice_2-ip-channel-2": 724,
          "KomakiLDA10NoDevice_2-ip-channel-3": 642,
          "KomakiLDA10NoDevice_2-ip-channel-4": 610,
          "KomakiLDA10NoDevice_2-ip-channel-5": 696,
          "KomakiLDA10NoDevice_2-ip-channel-6": 694,
          "KomakiLDA10NoDevice_2-ip-channel-7": 611,
          "KomakiLDA10NoDevice_2-ip-channel-8": 783,
          "KomakiLDA10NoDevice_2-ip-channel-9": 604,
          "KomakiLDA10NoDevice_2-os-ip-0": 139,
          "KomakiLDA10NoDevice_2-os-ip-1": 149,
          "KomakiLDA10NoDevice_2-os-ip-2": 174,
          "KomakiLDA10NoDevice_2-os-ip-3": 132,
          "KomakiLDA10NoDevice_2-os-ip-4": 76,
          "KomakiLDA10NoDevice_2-os-ip-5": 147,
          "KomakiLDA10NoDevice_2-os-ip-6": 113,
          "KomakiLDA10NoDevice_2-os-ip-7": 77,
          "KomakiLDA10NoDevice_2-os-ip-8": 125,
          "KomakiLDA10NoDevice_2-os-ip-9": 94,
          "KomakiLDA10NoDevice_2-os-app-0": 205,
          "KomakiLDA10NoDevice_2-os-app-1": 60,
          "KomakiLDA10NoDevice_2-os-app-2": 42,
          "KomakiLDA10NoDevice_2-os-app-3": 172,
          "KomakiLDA10NoDevice_2-os-app-4": 6,
          "KomakiLDA10NoDevice_2-os-app-5": 106,
          "KomakiLDA10NoDevice_2-os-app-6": 40,
          "KomakiLDA10NoDevice_2-os-app-7": 121,
          "KomakiLDA10NoDevice_2-os-app-8": 142,
          "KomakiLDA10NoDevice_2-os-app-9": 94,
          "KomakiLDA10NoDevice_2-os-channel-0": 207,
          "KomakiLDA10NoDevice_2-os-channel-1": 151,
          "KomakiLDA10NoDevice_2-os-channel-2": 86,
          "KomakiLDA10NoDevice_2-os-channel-3": 94,
          "KomakiLDA10NoDevice_2-os-channel-4": 204,
          "KomakiLDA10NoDevice_2-os-channel-5": 188,
          "KomakiLDA10NoDevice_2-os-channel-6": 193,
          "KomakiLDA10NoDevice_2-os-channel-7": 166,
          "KomakiLDA10NoDevice_2-os-channel-8": 134,
          "KomakiLDA10NoDevice_2-os-channel-9": 92,
          "KomakiLDA10NoDevice_2-channel-app-0": 254,
          "KomakiLDA10NoDevice_2-channel-app-1": 78,
          "KomakiLDA10NoDevice_2-channel-app-2": 64,
          "KomakiLDA10NoDevice_2-channel-app-3": 142,
          "KomakiLDA10NoDevice_2-channel-app-4": 123,
          "KomakiLDA10NoDevice_2-channel-app-5": 62,
          "KomakiLDA10NoDevice_2-channel-app-6": 121,
          "KomakiLDA10NoDevice_2-channel-app-7": 154,
          "KomakiLDA10NoDevice_2-channel-app-8": 152,
          "KomakiLDA10NoDevice_2-channel-app-9": 145,
          "KomakiNMF5NoDevice-ip-app-0": 423,
          "KomakiNMF5NoDevice-ip-app-1": 650,
          "KomakiNMF5NoDevice-ip-app-2": 492,
          "KomakiNMF5NoDevice-ip-app-3": 405,
          "KomakiNMF5NoDevice-ip-app-4": 404,
          "KomakiNMF5NoDevice-ip-os-0": 555,
          "KomakiNMF5NoDevice-ip-os-1": 461,
          "KomakiNMF5NoDevice-ip-os-2": 501,
          "KomakiNMF5NoDevice-ip-os-3": 460,
          "KomakiNMF5NoDevice-ip-os-4": 518,
          "KomakiNMF5NoDevice-ip-channel-0": 430,
          "KomakiNMF5NoDevice-ip-channel-1": 754,
          "KomakiNMF5NoDevice-ip-channel-2": 483,
          "KomakiNMF5NoDevice-ip-channel-3": 451,
          "KomakiNMF5NoDevice-ip-channel-4": 450,
          "KomakiNMF5NoDevice-app-ip-0": 98,
          "KomakiNMF5NoDevice-app-ip-1": 85,
          "KomakiNMF5NoDevice-app-ip-2": 88,
          "KomakiNMF5NoDevice-app-ip-3": 66,
          "KomakiNMF5NoDevice-app-ip-4": 34,
          "KomakiNMF5NoDevice-app-os-0": 25,
          "KomakiNMF5NoDevice-app-os-1": 76,
          "KomakiNMF5NoDevice-app-os-2": 60,
          "KomakiNMF5NoDevice-app-os-3": 18,
          "KomakiNMF5NoDevice-app-os-4": 20,
          "KomakiNMF5NoDevice-app-channel-0": 63,
          "KomakiNMF5NoDevice-app-channel-1": 53,
          "KomakiNMF5NoDevice-app-channel-2": 86,
          "KomakiNMF5NoDevice-app-channel-3": 77,
          "KomakiNMF5NoDevice-app-channel-4": 54,
          "KomakiNMF5NoDevice-os-ip-0": 73,
          "KomakiNMF5NoDevice-os-ip-1": 99,
          "KomakiNMF5NoDevice-os-ip-2": 86,
          "KomakiNMF5NoDevice-os-ip-3": 93,
          "KomakiNMF5NoDevice-os-ip-4": 79,
          "KomakiNMF5NoDevice-os-app-0": 58,
          "KomakiNMF5NoDevice-os-app-1": 0,
          "KomakiNMF5NoDevice-os-app-2": 70,
          "KomakiNMF5NoDevice-os-app-3": 88,
          "KomakiNMF5NoDevice-os-app-4": 60,
          "KomakiNMF5NoDevice-os-channel-0": 184,
          "KomakiNMF5NoDevice-os-channel-1": 79,
          "KomakiNMF5NoDevice-os-channel-2": 154,
          "KomakiNMF5NoDevice-os-channel-3": 124,
          "KomakiNMF5NoDevice-os-channel-4": 84,
          "KomakiNMF5NoDevice-channel-ip-0": 205,
          "KomakiNMF5NoDevice-channel-ip-1": 122,
          "KomakiNMF5NoDevice-channel-ip-2": 117,
          "KomakiNMF5NoDevice-channel-ip-3": 164,
          "KomakiNMF5NoDevice-channel-ip-4": 169,
          "KomakiNMF5NoDevice-channel-app-0": 88,
          "KomakiNMF5NoDevice-channel-app-1": 40,
          "KomakiNMF5NoDevice-channel-app-2": 87,
          "KomakiNMF5NoDevice-channel-app-3": 78,
          "KomakiNMF5NoDevice-channel-app-4": 97,
          "KomakiNMF5NoDevice-channel-os-0": 168,
          "KomakiNMF5NoDevice-channel-os-1": 21,
          "KomakiNMF5NoDevice-channel-os-2": 154,
          "KomakiNMF5NoDevice-channel-os-3": 90,
          "KomakiNMF5NoDevice-channel-os-4": 176,
          "KomakiPCA5NoDevice-ip-app-0": 588,
          "KomakiPCA5NoDevice-ip-app-1": 495,
          "KomakiPCA5NoDevice-ip-app-2": 502,
          "KomakiPCA5NoDevice-ip-app-3": 345,
          "KomakiPCA5NoDevice-ip-app-4": 454,
          "KomakiPCA5NoDevice-ip-os-0": 695,
          "KomakiPCA5NoDevice-ip-os-1": 442,
          "KomakiPCA5NoDevice-ip-os-2": 459,
          "KomakiPCA5NoDevice-ip-os-3": 418,
          "KomakiPCA5NoDevice-ip-os-4": 529,
          "KomakiPCA5NoDevice-ip-channel-0": 591,
          "KomakiPCA5NoDevice-ip-channel-1": 523,
          "KomakiPCA5NoDevice-ip-channel-2": 513,
          "KomakiPCA5NoDevice-ip-channel-3": 565,
          "KomakiPCA5NoDevice-ip-channel-4": 449,
          "KomakiPCA5NoDevice-app-ip-0": 68,
          "KomakiPCA5NoDevice-app-ip-1": 63,
          "KomakiPCA5NoDevice-app-ip-2": 79,
          "KomakiPCA5NoDevice-app-ip-3": 79,
          "KomakiPCA5NoDevice-app-ip-4": 68,
          "KomakiPCA5NoDevice-app-os-0": 118,
          "KomakiPCA5NoDevice-app-os-1": 57,
          "KomakiPCA5NoDevice-app-os-2": 57,
          "KomakiPCA5NoDevice-app-os-3": 78,
          "KomakiPCA5NoDevice-app-os-4": 75,
          "KomakiPCA5NoDevice-app-channel-0": 67,
          "KomakiPCA5NoDevice-app-channel-1": 90,
          "KomakiPCA5NoDevice-app-channel-2": 87,
          "KomakiPCA5NoDevice-app-channel-3": 67,
          "KomakiPCA5NoDevice-app-channel-4": 85,
          "KomakiPCA5NoDevice-os-ip-0": 52,
          "KomakiPCA5NoDevice-os-ip-1": 79,
          "KomakiPCA5NoDevice-os-ip-2": 115,
          "KomakiPCA5NoDevice-os-ip-3": 134,
          "KomakiPCA5NoDevice-os-ip-4": 96,
          "KomakiPCA5NoDevice-os-app-0": 68,
          "KomakiPCA5NoDevice-os-app-1": 70,
          "KomakiPCA5NoDevice-os-app-2": 64,
          "KomakiPCA5NoDevice-os-app-3": 95,
          "KomakiPCA5NoDevice-os-app-4": 124,
          "KomakiPCA5NoDevice-os-channel-0": 109,
          "KomakiPCA5NoDevice-os-channel-1": 117,
          "KomakiPCA5NoDevice-os-channel-2": 82,
          "KomakiPCA5NoDevice-os-channel-3": 67,
          "KomakiPCA5NoDevice-os-channel-4": 89,
          "KomakiPCA5NoDevice-channel-ip-0": 173,
          "KomakiPCA5NoDevice-channel-ip-1": 152,
          "KomakiPCA5NoDevice-channel-ip-2": 133,
          "KomakiPCA5NoDevice-channel-ip-3": 146,
          "KomakiPCA5NoDevice-channel-ip-4": 194,
          "KomakiPCA5NoDevice-channel-app-0": 172,
          "KomakiPCA5NoDevice-channel-app-1": 129,
          "KomakiPCA5NoDevice-channel-app-2": 122,
          "KomakiPCA5NoDevice-channel-app-3": 92,
          "KomakiPCA5NoDevice-channel-app-4": 123,
          "KomakiPCA5NoDevice-channel-os-0": 138,
          "KomakiPCA5NoDevice-channel-os-1": 126,
          "KomakiPCA5NoDevice-channel-os-2": 95,
          "KomakiPCA5NoDevice-channel-os-3": 145,
          "KomakiPCA5NoDevice-channel-os-4": 141
        }
      },
      {
        "train_auc": 0.9938570562637051,
        "valid_auc": 0.9850574019888729,
        "best_iteration": 648,
        "train_time": 346.43817830085754,
        "feature_importance": {
          "app": 2929,
          "hour": 3235,
          "n_channels": 1351,
          "ip_app_count": 776,
          "ip_app_os_count": 1054,
          "DuplicateRowIndexDiff": 53,
          "FutureClickCount_600-ip": 576,
          "FutureClickCount_600-app": 525,
          "FutureClickCount_600-ip-app": 184,
          "FutureClickCount_600-dev": 253,
          "FutureClickCount_600-ip-dev": 750,
          "FutureClickCount_600-app-dev": 480,
          "FutureClickCount_600-ip-app-dev": 173,
          "FutureClickCount_600-os": 291,
          "FutureClickCount_600-ip-os": 403,
          "FutureClickCount_600-app-os": 466,
          "FutureClickCount_600-ip-app-os": 209,
          "FutureClickCount_600-dev-os": 765,
          "FutureClickCount_600-ip-dev-os": 416,
          "FutureClickCount_600-app-dev-os": 706,
          "FutureClickCount_600-ip-app-dev-os": 262,
          "FutureClickCount_600-cha": 458,
          "FutureClickCount_600-ip-cha": 92,
          "FutureClickCount_600-app-cha": 716,
          "FutureClickCount_600-ip-app-cha": 74,
          "FutureClickCount_600-dev-cha": 444,
          "FutureClickCount_600-ip-dev-cha": 95,
          "FutureClickCount_600-app-dev-cha": 474,
          "FutureClickCount_600-ip-app-dev-cha": 82,
          "FutureClickCount_600-os-cha": 335,
          "FutureClickCount_600-ip-os-cha": 49,
          "FutureClickCount_600-app-os-cha": 406,
          "FutureClickCount_600-ip-app-os-cha": 55,
          "FutureClickCount_600-dev-os-cha": 318,
          "FutureClickCount_600-ip-dev-os-cha": 48,
          "FutureClickCount_600-app-dev-os-cha": 403,
          "FutureClickCount_600-ip-app-dev-os-cha": 69,
          "NextClickTimeDelta-ip": 622,
          "NextClickTimeDelta-app": 98,
          "NextClickTimeDelta-ip-app": 658,
          "NextClickTimeDelta-dev": 35,
          "NextClickTimeDelta-ip-dev": 447,
          "NextClickTimeDelta-app-dev": 71,
          "NextClickTimeDelta-ip-app-dev": 580,
          "NextClickTimeDelta-os": 67,
          "NextClickTimeDelta-ip-os": 535,
          "NextClickTimeDelta-app-os": 171,
          "NextClickTimeDelta-ip-app-os": 1241,
          "NextClickTimeDelta-dev-os": 70,
          "NextClickTimeDelta-ip-dev-os": 383,
          "NextClickTimeDelta-app-dev-os": 169,
          "NextClickTimeDelta-ip-app-dev-os": 2204,
          "NextClickTimeDelta-cha": 79,
          "NextClickTimeDelta-ip-cha": 444,
          "NextClickTimeDelta-app-cha": 179,
          "NextClickTimeDelta-ip-app-cha": 395,
          "NextClickTimeDelta-dev-cha": 65,
          "NextClickTimeDelta-ip-dev-cha": 405,
          "NextClickTimeDelta-app-dev-cha": 146,
          "NextClickTimeDelta-ip-app-dev-cha": 357,
          "NextClickTimeDelta-os-cha": 174,
          "NextClickTimeDelta-ip-os-cha": 326,
          "NextClickTimeDelta-app-os-cha": 271,
          "NextClickTimeDelta-ip-app-os-cha": 434,
          "NextClickTimeDelta-dev-os-cha": 162,
          "NextClickTimeDelta-ip-dev-os-cha": 326,
          "NextClickTimeDelta-app-dev-os-cha": 221,
          "NextClickTimeDelta-ip-app-dev-os-cha": 499,
          "PrevClickTimeDelta-ip": 434,
          "PrevClickTimeDelta-app": 81,
          "PrevClickTimeDelta-ip-app": 359,
          "PrevClickTimeDelta-dev": 41,
          "PrevClickTimeDelta-ip-dev": 341,
          "PrevClickTimeDelta-app-dev": 56,
          "PrevClickTimeDelta-ip-app-dev": 310,
          "PrevClickTimeDelta-os": 77,
          "PrevClickTimeDelta-ip-os": 413,
          "PrevClickTimeDelta-app-os": 142,
          "PrevClickTimeDelta-ip-app-os": 371,
          "PrevClickTimeDelta-dev-os": 51,
          "PrevClickTimeDelta-ip-dev-os": 341,
          "PrevClickTimeDelta-app-dev-os": 149,
          "PrevClickTimeDelta-ip-app-dev-os": 292,
          "PrevClickTimeDelta-cha": 89,
          "PrevClickTimeDelta-ip-cha": 303,
          "PrevClickTimeDelta-app-cha": 148,
          "PrevClickTimeDelta-ip-app-cha": 247,
          "PrevClickTimeDelta-dev-cha": 104,
          "PrevClickTimeDelta-ip-dev-cha": 235,
          "PrevClickTimeDelta-app-dev-cha": 101,
          "PrevClickTimeDelta-ip-app-dev-cha": 233,
          "PrevClickTimeDelta-os-cha": 205,
          "PrevClickTimeDelta-ip-os-cha": 249,
          "PrevClickTimeDelta-app-os-cha": 177,
          "PrevClickTimeDelta-ip-app-os-cha": 200,
          "PrevClickTimeDelta-dev-os-cha": 168,
          "PrevClickTimeDelta-ip-dev-os-cha": 217,
          "PrevClickTimeDelta-app-dev-os-cha": 212,
          "PrevClickTimeDelta-ip-app-dev-os-cha": 166,
          "AverageAttributedRatio-ip": 282,
          "AverageAttributedRatio-app": 259,
          "AverageAttributedRatio-ip-app": 160,
          "AverageAttributedRatio-dev": 378,
          "AverageAttributedRatio-ip-dev": 253,
          "AverageAttributedRatio-app-dev": 212,
          "AverageAttributedRatio-ip-app-dev": 171,
          "AverageAttributedRatio-os": 271,
          "AverageAttributedRatio-ip-os": 155,
          "AverageAttributedRatio-app-os": 204,
          "AverageAttributedRatio-ip-app-os": 51,
          "AverageAttributedRatio-dev-os": 268,
          "AverageAttributedRatio-ip-dev-os": 151,
          "AverageAttributedRatio-app-dev-os": 278,
          "AverageAttributedRatio-ip-app-dev-os": 34,
          "AverageAttributedRatio-cha": 204,
          "AverageAttributedRatio-ip-cha": 71,
          "AverageAttributedRatio-app-cha": 189,
          "AverageAttributedRatio-ip-app-cha": 44,
          "AverageAttributedRatio-dev-cha": 175,
          "AverageAttributedRatio-ip-dev-cha": 53,
          "AverageAttributedRatio-app-dev-cha": 207,
          "AverageAttributedRatio-ip-app-dev-cha": 57,
          "AverageAttributedRatio-os-cha": 199,
          "AverageAttributedRatio-ip-os-cha": 32,
          "AverageAttributedRatio-app-os-cha": 252,
          "AverageAttributedRatio-ip-app-os-cha": 30,
          "AverageAttributedRatio-dev-os-cha": 230,
          "AverageAttributedRatio-ip-dev-os-cha": 19,
          "AverageAttributedRatio-app-dev-os-cha": 222,
          "AverageAttributedRatio-ip-app-dev-os-cha": 20,
          "KomakiLDA10NoDevice_1-ip-os-0": 694,
          "KomakiLDA10NoDevice_1-ip-os-1": 486,
          "KomakiLDA10NoDevice_1-ip-os-2": 726,
          "KomakiLDA10NoDevice_1-ip-os-3": 763,
          "KomakiLDA10NoDevice_1-ip-os-4": 644,
          "KomakiLDA10NoDevice_1-ip-os-5": 810,
          "KomakiLDA10NoDevice_1-ip-os-6": 740,
          "KomakiLDA10NoDevice_1-ip-os-7": 620,
          "KomakiLDA10NoDevice_1-ip-os-8": 582,
          "KomakiLDA10NoDevice_1-ip-os-9": 752,
          "KomakiLDA10NoDevice_1-app-ip-0": 149,
          "KomakiLDA10NoDevice_1-app-ip-1": 160,
          "KomakiLDA10NoDevice_1-app-ip-2": 139,
          "KomakiLDA10NoDevice_1-app-ip-3": 143,
          "KomakiLDA10NoDevice_1-app-ip-4": 98,
          "KomakiLDA10NoDevice_1-app-ip-5": 97,
          "KomakiLDA10NoDevice_1-app-ip-6": 177,
          "KomakiLDA10NoDevice_1-app-ip-7": 116,
          "KomakiLDA10NoDevice_1-app-ip-8": 118,
          "KomakiLDA10NoDevice_1-app-ip-9": 98,
          "KomakiLDA10NoDevice_1-app-os-0": 115,
          "KomakiLDA10NoDevice_1-app-os-1": 78,
          "KomakiLDA10NoDevice_1-app-os-2": 103,
          "KomakiLDA10NoDevice_1-app-os-3": 113,
          "KomakiLDA10NoDevice_1-app-os-4": 131,
          "KomakiLDA10NoDevice_1-app-os-5": 141,
          "KomakiLDA10NoDevice_1-app-os-6": 88,
          "KomakiLDA10NoDevice_1-app-os-7": 89,
          "KomakiLDA10NoDevice_1-app-os-8": 78,
          "KomakiLDA10NoDevice_1-app-os-9": 89,
          "KomakiLDA10NoDevice_1-app-channel-0": 58,
          "KomakiLDA10NoDevice_1-app-channel-1": 128,
          "KomakiLDA10NoDevice_1-app-channel-2": 110,
          "KomakiLDA10NoDevice_1-app-channel-3": 46,
          "KomakiLDA10NoDevice_1-app-channel-4": 58,
          "KomakiLDA10NoDevice_1-app-channel-5": 70,
          "KomakiLDA10NoDevice_1-app-channel-6": 99,
          "KomakiLDA10NoDevice_1-app-channel-7": 71,
          "KomakiLDA10NoDevice_1-app-channel-8": 70,
          "KomakiLDA10NoDevice_1-app-channel-9": 61,
          "KomakiLDA10NoDevice_1-channel-ip-0": 239,
          "KomakiLDA10NoDevice_1-channel-ip-1": 202,
          "KomakiLDA10NoDevice_1-channel-ip-2": 219,
          "KomakiLDA10NoDevice_1-channel-ip-3": 236,
          "KomakiLDA10NoDevice_1-channel-ip-4": 202,
          "KomakiLDA10NoDevice_1-channel-ip-5": 95,
          "KomakiLDA10NoDevice_1-channel-ip-6": 181,
          "KomakiLDA10NoDevice_1-channel-ip-7": 182,
          "KomakiLDA10NoDevice_1-channel-ip-8": 157,
          "KomakiLDA10NoDevice_1-channel-ip-9": 28,
          "KomakiLDA10NoDevice_1-channel-os-0": 168,
          "KomakiLDA10NoDevice_1-channel-os-1": 122,
          "KomakiLDA10NoDevice_1-channel-os-2": 28,
          "KomakiLDA10NoDevice_1-channel-os-3": 211,
          "KomakiLDA10NoDevice_1-channel-os-4": 210,
          "KomakiLDA10NoDevice_1-channel-os-5": 263,
          "KomakiLDA10NoDevice_1-channel-os-6": 173,
          "KomakiLDA10NoDevice_1-channel-os-7": 125,
          "KomakiLDA10NoDevice_1-channel-os-8": 54,
          "KomakiLDA10NoDevice_1-channel-os-9": 21,
          "KomakiLDA10NoDevice_2-ip-app-0": 832,
          "KomakiLDA10NoDevice_2-ip-app-1": 625,
          "KomakiLDA10NoDevice_2-ip-app-2": 818,
          "KomakiLDA10NoDevice_2-ip-app-3": 958,
          "KomakiLDA10NoDevice_2-ip-app-4": 944,
          "KomakiLDA10NoDevice_2-ip-app-5": 603,
          "KomakiLDA10NoDevice_2-ip-app-6": 747,
          "KomakiLDA10NoDevice_2-ip-app-7": 798,
          "KomakiLDA10NoDevice_2-ip-app-8": 589,
          "KomakiLDA10NoDevice_2-ip-app-9": 656,
          "KomakiLDA10NoDevice_2-ip-channel-0": 846,
          "KomakiLDA10NoDevice_2-ip-channel-1": 837,
          "KomakiLDA10NoDevice_2-ip-channel-2": 843,
          "KomakiLDA10NoDevice_2-ip-channel-3": 772,
          "KomakiLDA10NoDevice_2-ip-channel-4": 732,
          "KomakiLDA10NoDevice_2-ip-channel-5": 799,
          "KomakiLDA10NoDevice_2-ip-channel-6": 808,
          "KomakiLDA10NoDevice_2-ip-channel-7": 700,
          "KomakiLDA10NoDevice_2-ip-channel-8": 830,
          "KomakiLDA10NoDevice_2-ip-channel-9": 788,
          "KomakiLDA10NoDevice_2-os-ip-0": 139,
          "KomakiLDA10NoDevice_2-os-ip-1": 135,
          "KomakiLDA10NoDevice_2-os-ip-2": 186,
          "KomakiLDA10NoDevice_2-os-ip-3": 121,
          "KomakiLDA10NoDevice_2-os-ip-4": 102,
          "KomakiLDA10NoDevice_2-os-ip-5": 152,
          "KomakiLDA10NoDevice_2-os-ip-6": 142,
          "KomakiLDA10NoDevice_2-os-ip-7": 108,
          "KomakiLDA10NoDevice_2-os-ip-8": 129,
          "KomakiLDA10NoDevice_2-os-ip-9": 100,
          "KomakiLDA10NoDevice_2-os-app-0": 216,
          "KomakiLDA10NoDevice_2-os-app-1": 78,
          "KomakiLDA10NoDevice_2-os-app-2": 55,
          "KomakiLDA10NoDevice_2-os-app-3": 188,
          "KomakiLDA10NoDevice_2-os-app-4": 6,
          "KomakiLDA10NoDevice_2-os-app-5": 120,
          "KomakiLDA10NoDevice_2-os-app-6": 34,
          "KomakiLDA10NoDevice_2-os-app-7": 129,
          "KomakiLDA10NoDevice_2-os-app-8": 107,
          "KomakiLDA10NoDevice_2-os-app-9": 135,
          "KomakiLDA10NoDevice_2-os-channel-0": 196,
          "KomakiLDA10NoDevice_2-os-channel-1": 186,
          "KomakiLDA10NoDevice_2-os-channel-2": 68,
          "KomakiLDA10NoDevice_2-os-channel-3": 90,
          "KomakiLDA10NoDevice_2-os-channel-4": 215,
          "KomakiLDA10NoDevice_2-os-channel-5": 212,
          "KomakiLDA10NoDevice_2-os-channel-6": 207,
          "KomakiLDA10NoDevice_2-os-channel-7": 158,
          "KomakiLDA10NoDevice_2-os-channel-8": 127,
          "KomakiLDA10NoDevice_2-os-channel-9": 114,
          "KomakiLDA10NoDevice_2-channel-app-0": 270,
          "KomakiLDA10NoDevice_2-channel-app-1": 102,
          "KomakiLDA10NoDevice_2-channel-app-2": 97,
          "KomakiLDA10NoDevice_2-channel-app-3": 169,
          "KomakiLDA10NoDevice_2-channel-app-4": 133,
          "KomakiLDA10NoDevice_2-channel-app-5": 83,
          "KomakiLDA10NoDevice_2-channel-app-6": 115,
          "KomakiLDA10NoDevice_2-channel-app-7": 145,
          "KomakiLDA10NoDevice_2-channel-app-8": 161,
          "KomakiLDA10NoDevice_2-channel-app-9": 144,
          "KomakiNMF5NoDevice-ip-app-0": 425,
          "KomakiNMF5NoDevice-ip-app-1": 723,
          "KomakiNMF5NoDevice-ip-app-2": 527,
          "KomakiNMF5NoDevice-ip-app-3": 458,
          "KomakiNMF5NoDevice-ip-app-4": 487,
          "KomakiNMF5NoDevice-ip-os-0": 590,
          "KomakiNMF5NoDevice-ip-os-1": 580,
          "KomakiNMF5NoDevice-ip-os-2": 499,
          "KomakiNMF5NoDevice-ip-os-3": 581,
          "KomakiNMF5NoDevice-ip-os-4": 621,
          "KomakiNMF5NoDevice-ip-channel-0": 565,
          "KomakiNMF5NoDevice-ip-channel-1": 798,
          "KomakiNMF5NoDevice-ip-channel-2": 559,
          "KomakiNMF5NoDevice-ip-channel-3": 596,
          "KomakiNMF5NoDevice-ip-channel-4": 539,
          "KomakiNMF5NoDevice-app-ip-0": 106,
          "KomakiNMF5NoDevice-app-ip-1": 101,
          "KomakiNMF5NoDevice-app-ip-2": 95,
          "KomakiNMF5NoDevice-app-ip-3": 95,
          "KomakiNMF5NoDevice-app-ip-4": 51,
          "KomakiNMF5NoDevice-app-os-0": 35,
          "KomakiNMF5NoDevice-app-os-1": 60,
          "KomakiNMF5NoDevice-app-os-2": 55,
          "KomakiNMF5NoDevice-app-os-3": 17,
          "KomakiNMF5NoDevice-app-os-4": 13,
          "KomakiNMF5NoDevice-app-channel-0": 79,
          "KomakiNMF5NoDevice-app-channel-1": 82,
          "KomakiNMF5NoDevice-app-channel-2": 97,
          "KomakiNMF5NoDevice-app-channel-3": 74,
          "KomakiNMF5NoDevice-app-channel-4": 55,
          "KomakiNMF5NoDevice-os-ip-0": 83,
          "KomakiNMF5NoDevice-os-ip-1": 117,
          "KomakiNMF5NoDevice-os-ip-2": 73,
          "KomakiNMF5NoDevice-os-ip-3": 123,
          "KomakiNMF5NoDevice-os-ip-4": 92,
          "KomakiNMF5NoDevice-os-app-0": 96,
          "KomakiNMF5NoDevice-os-app-1": 3,
          "KomakiNMF5NoDevice-os-app-2": 73,
          "KomakiNMF5NoDevice-os-app-3": 114,
          "KomakiNMF5NoDevice-os-app-4": 71,
          "KomakiNMF5NoDevice-os-channel-0": 185,
          "KomakiNMF5NoDevice-os-channel-1": 94,
          "KomakiNMF5NoDevice-os-channel-2": 171,
          "KomakiNMF5NoDevice-os-channel-3": 154,
          "KomakiNMF5NoDevice-os-channel-4": 103,
          "KomakiNMF5NoDevice-channel-ip-0": 212,
          "KomakiNMF5NoDevice-channel-ip-1": 123,
          "KomakiNMF5NoDevice-channel-ip-2": 154,
          "KomakiNMF5NoDevice-channel-ip-3": 184,
          "KomakiNMF5NoDevice-channel-ip-4": 203,
          "KomakiNMF5NoDevice-channel-app-0": 106,
          "KomakiNMF5NoDevice-channel-app-1": 36,
          "KomakiNMF5NoDevice-channel-app-2": 104,
          "KomakiNMF5NoDevice-channel-app-3": 73,
          "KomakiNMF5NoDevice-channel-app-4": 87,
          "KomakiNMF5NoDevice-channel-os-0": 150,
          "KomakiNMF5NoDevice-channel-os-1": 29,
          "KomakiNMF5NoDevice-channel-os-2": 171,
          "KomakiNMF5NoDevice-channel-os-3": 78,
          "KomakiNMF5NoDevice-channel-os-4": 182,
          "KomakiPCA5NoDevice-ip-app-0": 585,
          "KomakiPCA5NoDevice-ip-app-1": 579,
          "KomakiPCA5NoDevice-ip-app-2": 549,
          "KomakiPCA5NoDevice-ip-app-3": 393,
          "KomakiPCA5NoDevice-ip-app-4": 573,
          "KomakiPCA5NoDevice-ip-os-0": 749,
          "KomakiPCA5NoDevice-ip-os-1": 531,
          "KomakiPCA5NoDevice-ip-os-2": 542,
          "KomakiPCA5NoDevice-ip-os-3": 547,
          "KomakiPCA5NoDevice-ip-os-4": 668,
          "KomakiPCA5NoDevice-ip-channel-0": 778,
          "KomakiPCA5NoDevice-ip-channel-1": 590,
          "KomakiPCA5NoDevice-ip-channel-2": 560,
          "KomakiPCA5NoDevice-ip-channel-3": 652,
          "KomakiPCA5NoDevice-ip-channel-4": 511,
          "KomakiPCA5NoDevice-app-ip-0": 73,
          "KomakiPCA5NoDevice-app-ip-1": 71,
          "KomakiPCA5NoDevice-app-ip-2": 78,
          "KomakiPCA5NoDevice-app-ip-3": 99,
          "KomakiPCA5NoDevice-app-ip-4": 63,
          "KomakiPCA5NoDevice-app-os-0": 129,
          "KomakiPCA5NoDevice-app-os-1": 48,
          "KomakiPCA5NoDevice-app-os-2": 73,
          "KomakiPCA5NoDevice-app-os-3": 69,
          "KomakiPCA5NoDevice-app-os-4": 80,
          "KomakiPCA5NoDevice-app-channel-0": 86,
          "KomakiPCA5NoDevice-app-channel-1": 120,
          "KomakiPCA5NoDevice-app-channel-2": 77,
          "KomakiPCA5NoDevice-app-channel-3": 79,
          "KomakiPCA5NoDevice-app-channel-4": 103,
          "KomakiPCA5NoDevice-os-ip-0": 59,
          "KomakiPCA5NoDevice-os-ip-1": 88,
          "KomakiPCA5NoDevice-os-ip-2": 101,
          "KomakiPCA5NoDevice-os-ip-3": 143,
          "KomakiPCA5NoDevice-os-ip-4": 105,
          "KomakiPCA5NoDevice-os-app-0": 115,
          "KomakiPCA5NoDevice-os-app-1": 78,
          "KomakiPCA5NoDevice-os-app-2": 82,
          "KomakiPCA5NoDevice-os-app-3": 113,
          "KomakiPCA5NoDevice-os-app-4": 127,
          "KomakiPCA5NoDevice-os-channel-0": 126,
          "KomakiPCA5NoDevice-os-channel-1": 145,
          "KomakiPCA5NoDevice-os-channel-2": 75,
          "KomakiPCA5NoDevice-os-channel-3": 89,
          "KomakiPCA5NoDevice-os-channel-4": 94,
          "KomakiPCA5NoDevice-channel-ip-0": 166,
          "KomakiPCA5NoDevice-channel-ip-1": 191,
          "KomakiPCA5NoDevice-channel-ip-2": 153,
          "KomakiPCA5NoDevice-channel-ip-3": 163,
          "KomakiPCA5NoDevice-channel-ip-4": 224,
          "KomakiPCA5NoDevice-channel-app-0": 149,
          "KomakiPCA5NoDevice-channel-app-1": 107,
          "KomakiPCA5NoDevice-channel-app-2": 114,
          "KomakiPCA5NoDevice-channel-app-3": 130,
          "KomakiPCA5NoDevice-channel-app-4": 122,
          "KomakiPCA5NoDevice-channel-os-0": 161,
          "KomakiPCA5NoDevice-channel-os-1": 155,
          "KomakiPCA5NoDevice-channel-os-2": 102,
          "KomakiPCA5NoDevice-channel-os-3": 178,
          "KomakiPCA5NoDevice-channel-os-4": 151
        }
      }
    ],
    "average_train_auc": 0.9938045110538921,
    "average_valid_auc": 0.9849959631285852,
    "train_auc_std": 0.000373801125092789,
    "valid_auc_std": 7.620305889142338e-05,
    "average_train_time": 345.59700469970704
  },
  "config": {
    "features": [
      "app",
      "hour",
      "count",
      "duplicated_row_index_diff",
      "future_click_count_10",
      "next_click_time_delta",
      "prev_click_time_delta",
      "average_attributed_ratio",
      "komaki_lda_10_no_device_1",
      "komaki_lda_10_no_device_2",
      "komaki_nmf_5_no_device",
      "komaki_pca_5_no_device"
    ],
    "model": {
      "name": "lightgbm",
      "model_params": {
        "boosting_type": "gbdt",
        "objective": "binary",
        "metric": "auc",
        "learning_rate": 0.03,
        "num_leaves": 255,
        "max_depth": 8,
        "min_child_samples": 50,
        "subsample": 0.7,
        "subsample_freq": 1,
        "colsample_bytree": 0.7,
        "min_child_weight": 0,
        "subsample_for_bin": 1000000,
        "min_split_gain": 0,
        "reg_lambda": 0,
        "verbose": 0
      },
      "train_params": {
        "num_boost_round": 2000,
        "early_stopping_rounds": 30
      }
    },
    "dataset": {
      "input_directory": "data/input/",
      "cache_directory": "data/working/",
      "files": {
        "train": "train.feather",
        "test": "old_test.feather"
      },
      "negative_down_sampling": {
        "enabled": true,
        "bagging_size": 5
      }
    },
    "rank_average": true,
    "note": "71 - future_click_count_80"
  }
}