{
  "training": {
    "trials": [
      {
        "train_auc": 0.9941519650335391,
        "valid_auc": 0.9851113323288829,
        "best_iteration": 705,
        "train_time": 631.6644642353058,
        "feature_importance": {
          "app": 3446,
          "hour": 4017,
          "n_channels": 810,
          "ip_app_count": 744,
          "ip_app_os_count": 903,
          "DuplicateRowIndexDiff": 87,
          "FutureClickCount_600-ip": 438,
          "FutureClickCount_600-app": 412,
          "FutureClickCount_600-ip-app": 123,
          "FutureClickCount_600-dev": 253,
          "FutureClickCount_600-ip-dev": 484,
          "FutureClickCount_600-app-dev": 389,
          "FutureClickCount_600-ip-app-dev": 138,
          "FutureClickCount_600-os": 248,
          "FutureClickCount_600-ip-os": 295,
          "FutureClickCount_600-app-os": 365,
          "FutureClickCount_600-ip-app-os": 158,
          "FutureClickCount_600-dev-os": 536,
          "FutureClickCount_600-ip-dev-os": 305,
          "FutureClickCount_600-app-dev-os": 556,
          "FutureClickCount_600-ip-app-dev-os": 308,
          "FutureClickCount_600-cha": 403,
          "FutureClickCount_600-ip-cha": 67,
          "FutureClickCount_600-app-cha": 621,
          "FutureClickCount_600-ip-app-cha": 75,
          "FutureClickCount_600-dev-cha": 316,
          "FutureClickCount_600-ip-dev-cha": 89,
          "FutureClickCount_600-app-dev-cha": 363,
          "FutureClickCount_600-ip-app-dev-cha": 68,
          "FutureClickCount_600-os-cha": 294,
          "FutureClickCount_600-ip-os-cha": 44,
          "FutureClickCount_600-app-os-cha": 315,
          "FutureClickCount_600-ip-app-os-cha": 61,
          "FutureClickCount_600-dev-os-cha": 269,
          "FutureClickCount_600-ip-dev-os-cha": 46,
          "FutureClickCount_600-app-dev-os-cha": 315,
          "FutureClickCount_600-ip-app-dev-os-cha": 76,
          "FutureClickCount_4800-ip": 640,
          "FutureClickCount_4800-app": 261,
          "FutureClickCount_4800-ip-app": 233,
          "FutureClickCount_4800-dev": 62,
          "FutureClickCount_4800-ip-dev": 898,
          "FutureClickCount_4800-app-dev": 173,
          "FutureClickCount_4800-ip-app-dev": 208,
          "FutureClickCount_4800-os": 138,
          "FutureClickCount_4800-ip-os": 505,
          "FutureClickCount_4800-app-os": 295,
          "FutureClickCount_4800-ip-app-os": 240,
          "FutureClickCount_4800-dev-os": 232,
          "FutureClickCount_4800-ip-dev-os": 698,
          "FutureClickCount_4800-app-dev-os": 429,
          "FutureClickCount_4800-ip-app-dev-os": 294,
          "FutureClickCount_4800-cha": 288,
          "FutureClickCount_4800-ip-cha": 161,
          "FutureClickCount_4800-app-cha": 482,
          "FutureClickCount_4800-ip-app-cha": 129,
          "FutureClickCount_4800-dev-cha": 228,
          "FutureClickCount_4800-ip-dev-cha": 130,
          "FutureClickCount_4800-app-dev-cha": 314,
          "FutureClickCount_4800-ip-app-dev-cha": 123,
          "FutureClickCount_4800-os-cha": 333,
          "FutureClickCount_4800-ip-os-cha": 63,
          "FutureClickCount_4800-app-os-cha": 301,
          "FutureClickCount_4800-ip-app-os-cha": 76,
          "FutureClickCount_4800-dev-os-cha": 307,
          "FutureClickCount_4800-ip-dev-os-cha": 80,
          "FutureClickCount_4800-app-dev-os-cha": 287,
          "FutureClickCount_4800-ip-app-dev-os-cha": 74,
          "NextClickTimeDelta-ip": 633,
          "NextClickTimeDelta-app": 81,
          "NextClickTimeDelta-ip-app": 842,
          "NextClickTimeDelta-dev": 45,
          "NextClickTimeDelta-ip-dev": 436,
          "NextClickTimeDelta-app-dev": 83,
          "NextClickTimeDelta-ip-app-dev": 549,
          "NextClickTimeDelta-os": 58,
          "NextClickTimeDelta-ip-os": 525,
          "NextClickTimeDelta-app-os": 166,
          "NextClickTimeDelta-ip-app-os": 1338,
          "NextClickTimeDelta-dev-os": 62,
          "NextClickTimeDelta-ip-dev-os": 425,
          "NextClickTimeDelta-app-dev-os": 147,
          "NextClickTimeDelta-ip-app-dev-os": 2445,
          "NextClickTimeDelta-cha": 70,
          "NextClickTimeDelta-ip-cha": 501,
          "NextClickTimeDelta-app-cha": 151,
          "NextClickTimeDelta-ip-app-cha": 404,
          "NextClickTimeDelta-dev-cha": 84,
          "NextClickTimeDelta-ip-dev-cha": 311,
          "NextClickTimeDelta-app-dev-cha": 106,
          "NextClickTimeDelta-ip-app-dev-cha": 328,
          "NextClickTimeDelta-os-cha": 165,
          "NextClickTimeDelta-ip-os-cha": 317,
          "NextClickTimeDelta-app-os-cha": 204,
          "NextClickTimeDelta-ip-app-os-cha": 402,
          "NextClickTimeDelta-dev-os-cha": 163,
          "NextClickTimeDelta-ip-dev-os-cha": 277,
          "NextClickTimeDelta-app-dev-os-cha": 242,
          "NextClickTimeDelta-ip-app-dev-os-cha": 506,
          "PrevClickTimeDelta-ip": 532,
          "PrevClickTimeDelta-app": 96,
          "PrevClickTimeDelta-ip-app": 354,
          "PrevClickTimeDelta-dev": 28,
          "PrevClickTimeDelta-ip-dev": 360,
          "PrevClickTimeDelta-app-dev": 79,
          "PrevClickTimeDelta-ip-app-dev": 317,
          "PrevClickTimeDelta-os": 67,
          "PrevClickTimeDelta-ip-os": 398,
          "PrevClickTimeDelta-app-os": 141,
          "PrevClickTimeDelta-ip-app-os": 328,
          "PrevClickTimeDelta-dev-os": 47,
          "PrevClickTimeDelta-ip-dev-os": 293,
          "PrevClickTimeDelta-app-dev-os": 145,
          "PrevClickTimeDelta-ip-app-dev-os": 320,
          "PrevClickTimeDelta-cha": 82,
          "PrevClickTimeDelta-ip-cha": 362,
          "PrevClickTimeDelta-app-cha": 101,
          "PrevClickTimeDelta-ip-app-cha": 246,
          "PrevClickTimeDelta-dev-cha": 84,
          "PrevClickTimeDelta-ip-dev-cha": 258,
          "PrevClickTimeDelta-app-dev-cha": 123,
          "PrevClickTimeDelta-ip-app-dev-cha": 218,
          "PrevClickTimeDelta-os-cha": 173,
          "PrevClickTimeDelta-ip-os-cha": 232,
          "PrevClickTimeDelta-app-os-cha": 210,
          "PrevClickTimeDelta-ip-app-os-cha": 213,
          "PrevClickTimeDelta-dev-os-cha": 185,
          "PrevClickTimeDelta-ip-dev-os-cha": 174,
          "PrevClickTimeDelta-app-dev-os-cha": 196,
          "PrevClickTimeDelta-ip-app-dev-os-cha": 141,
          "AverageAttributedRatio-ip": 418,
          "AverageAttributedRatio-app": 403,
          "AverageAttributedRatio-ip-app": 264,
          "AverageAttributedRatio-dev": 603,
          "AverageAttributedRatio-ip-dev": 353,
          "AverageAttributedRatio-app-dev": 271,
          "AverageAttributedRatio-ip-app-dev": 391,
          "AverageAttributedRatio-os": 410,
          "AverageAttributedRatio-ip-os": 228,
          "AverageAttributedRatio-app-os": 325,
          "AverageAttributedRatio-ip-app-os": 81,
          "AverageAttributedRatio-dev-os": 321,
          "AverageAttributedRatio-ip-dev-os": 238,
          "AverageAttributedRatio-app-dev-os": 402,
          "AverageAttributedRatio-ip-app-dev-os": 78,
          "AverageAttributedRatio-cha": 307,
          "AverageAttributedRatio-ip-cha": 111,
          "AverageAttributedRatio-app-cha": 298,
          "AverageAttributedRatio-ip-app-cha": 92,
          "AverageAttributedRatio-dev-cha": 276,
          "AverageAttributedRatio-ip-dev-cha": 80,
          "AverageAttributedRatio-app-dev-cha": 292,
          "AverageAttributedRatio-ip-app-dev-cha": 93,
          "AverageAttributedRatio-os-cha": 316,
          "AverageAttributedRatio-ip-os-cha": 64,
          "AverageAttributedRatio-app-os-cha": 401,
          "AverageAttributedRatio-ip-app-os-cha": 43,
          "AverageAttributedRatio-dev-os-cha": 308,
          "AverageAttributedRatio-ip-dev-os-cha": 50,
          "AverageAttributedRatio-app-dev-os-cha": 422,
          "AverageAttributedRatio-ip-app-dev-os-cha": 38,
          "KomakiLDA10NoDevice_1-ip-os-0": 714,
          "KomakiLDA10NoDevice_1-ip-os-1": 493,
          "KomakiLDA10NoDevice_1-ip-os-2": 792,
          "KomakiLDA10NoDevice_1-ip-os-3": 719,
          "KomakiLDA10NoDevice_1-ip-os-4": 657,
          "KomakiLDA10NoDevice_1-ip-os-5": 899,
          "KomakiLDA10NoDevice_1-ip-os-6": 707,
          "KomakiLDA10NoDevice_1-ip-os-7": 609,
          "KomakiLDA10NoDevice_1-ip-os-8": 639,
          "KomakiLDA10NoDevice_1-ip-os-9": 779,
          "KomakiLDA10NoDevice_1-app-ip-0": 159,
          "KomakiLDA10NoDevice_1-app-ip-1": 152,
          "KomakiLDA10NoDevice_1-app-ip-2": 115,
          "KomakiLDA10NoDevice_1-app-ip-3": 122,
          "KomakiLDA10NoDevice_1-app-ip-4": 116,
          "KomakiLDA10NoDevice_1-app-ip-5": 107,
          "KomakiLDA10NoDevice_1-app-ip-6": 179,
          "KomakiLDA10NoDevice_1-app-ip-7": 118,
          "KomakiLDA10NoDevice_1-app-ip-8": 119,
          "KomakiLDA10NoDevice_1-app-ip-9": 95,
          "KomakiLDA10NoDevice_1-app-os-0": 112,
          "KomakiLDA10NoDevice_1-app-os-1": 64,
          "KomakiLDA10NoDevice_1-app-os-2": 98,
          "KomakiLDA10NoDevice_1-app-os-3": 135,
          "KomakiLDA10NoDevice_1-app-os-4": 117,
          "KomakiLDA10NoDevice_1-app-os-5": 136,
          "KomakiLDA10NoDevice_1-app-os-6": 101,
          "KomakiLDA10NoDevice_1-app-os-7": 89,
          "KomakiLDA10NoDevice_1-app-os-8": 91,
          "KomakiLDA10NoDevice_1-app-os-9": 89,
          "KomakiLDA10NoDevice_1-app-channel-0": 66,
          "KomakiLDA10NoDevice_1-app-channel-1": 112,
          "KomakiLDA10NoDevice_1-app-channel-2": 137,
          "KomakiLDA10NoDevice_1-app-channel-3": 30,
          "KomakiLDA10NoDevice_1-app-channel-4": 68,
          "KomakiLDA10NoDevice_1-app-channel-5": 53,
          "KomakiLDA10NoDevice_1-app-channel-6": 106,
          "KomakiLDA10NoDevice_1-app-channel-7": 102,
          "KomakiLDA10NoDevice_1-app-channel-8": 73,
          "KomakiLDA10NoDevice_1-app-channel-9": 63,
          "KomakiLDA10NoDevice_1-channel-ip-0": 280,
          "KomakiLDA10NoDevice_1-channel-ip-1": 234,
          "KomakiLDA10NoDevice_1-channel-ip-2": 204,
          "KomakiLDA10NoDevice_1-channel-ip-3": 227,
          "KomakiLDA10NoDevice_1-channel-ip-4": 188,
          "KomakiLDA10NoDevice_1-channel-ip-5": 92,
          "KomakiLDA10NoDevice_1-channel-ip-6": 180,
          "KomakiLDA10NoDevice_1-channel-ip-7": 188,
          "KomakiLDA10NoDevice_1-channel-ip-8": 180,
          "KomakiLDA10NoDevice_1-channel-ip-9": 41,
          "KomakiLDA10NoDevice_1-channel-os-0": 165,
          "KomakiLDA10NoDevice_1-channel-os-1": 164,
          "KomakiLDA10NoDevice_1-channel-os-2": 47,
          "KomakiLDA10NoDevice_1-channel-os-3": 201,
          "KomakiLDA10NoDevice_1-channel-os-4": 186,
          "KomakiLDA10NoDevice_1-channel-os-5": 229,
          "KomakiLDA10NoDevice_1-channel-os-6": 164,
          "KomakiLDA10NoDevice_1-channel-os-7": 168,
          "KomakiLDA10NoDevice_1-channel-os-8": 66,
          "KomakiLDA10NoDevice_1-channel-os-9": 36,
          "KomakiLDA10NoDevice_2-ip-app-0": 850,
          "KomakiLDA10NoDevice_2-ip-app-1": 686,
          "KomakiLDA10NoDevice_2-ip-app-2": 854,
          "KomakiLDA10NoDevice_2-ip-app-3": 1041,
          "KomakiLDA10NoDevice_2-ip-app-4": 1055,
          "KomakiLDA10NoDevice_2-ip-app-5": 650,
          "KomakiLDA10NoDevice_2-ip-app-6": 722,
          "KomakiLDA10NoDevice_2-ip-app-7": 892,
          "KomakiLDA10NoDevice_2-ip-app-8": 556,
          "KomakiLDA10NoDevice_2-ip-app-9": 695,
          "KomakiLDA10NoDevice_2-ip-channel-0": 869,
          "KomakiLDA10NoDevice_2-ip-channel-1": 833,
          "KomakiLDA10NoDevice_2-ip-channel-2": 777,
          "KomakiLDA10NoDevice_2-ip-channel-3": 787,
          "KomakiLDA10NoDevice_2-ip-channel-4": 699,
          "KomakiLDA10NoDevice_2-ip-channel-5": 831,
          "KomakiLDA10NoDevice_2-ip-channel-6": 961,
          "KomakiLDA10NoDevice_2-ip-channel-7": 709,
          "KomakiLDA10NoDevice_2-ip-channel-8": 875,
          "KomakiLDA10NoDevice_2-ip-channel-9": 714,
          "KomakiLDA10NoDevice_2-os-ip-0": 131,
          "KomakiLDA10NoDevice_2-os-ip-1": 184,
          "KomakiLDA10NoDevice_2-os-ip-2": 198,
          "KomakiLDA10NoDevice_2-os-ip-3": 157,
          "KomakiLDA10NoDevice_2-os-ip-4": 85,
          "KomakiLDA10NoDevice_2-os-ip-5": 127,
          "KomakiLDA10NoDevice_2-os-ip-6": 129,
          "KomakiLDA10NoDevice_2-os-ip-7": 111,
          "KomakiLDA10NoDevice_2-os-ip-8": 128,
          "KomakiLDA10NoDevice_2-os-ip-9": 114,
          "KomakiLDA10NoDevice_2-os-app-0": 254,
          "KomakiLDA10NoDevice_2-os-app-1": 73,
          "KomakiLDA10NoDevice_2-os-app-2": 43,
          "KomakiLDA10NoDevice_2-os-app-3": 198,
          "KomakiLDA10NoDevice_2-os-app-4": 13,
          "KomakiLDA10NoDevice_2-os-app-5": 113,
          "KomakiLDA10NoDevice_2-os-app-6": 50,
          "KomakiLDA10NoDevice_2-os-app-7": 119,
          "KomakiLDA10NoDevice_2-os-app-8": 104,
          "KomakiLDA10NoDevice_2-os-app-9": 142,
          "KomakiLDA10NoDevice_2-os-channel-0": 183,
          "KomakiLDA10NoDevice_2-os-channel-1": 207,
          "KomakiLDA10NoDevice_2-os-channel-2": 93,
          "KomakiLDA10NoDevice_2-os-channel-3": 79,
          "KomakiLDA10NoDevice_2-os-channel-4": 156,
          "KomakiLDA10NoDevice_2-os-channel-5": 194,
          "KomakiLDA10NoDevice_2-os-channel-6": 195,
          "KomakiLDA10NoDevice_2-os-channel-7": 159,
          "KomakiLDA10NoDevice_2-os-channel-8": 105,
          "KomakiLDA10NoDevice_2-os-channel-9": 113,
          "KomakiLDA10NoDevice_2-channel-app-0": 298,
          "KomakiLDA10NoDevice_2-channel-app-1": 100,
          "KomakiLDA10NoDevice_2-channel-app-2": 92,
          "KomakiLDA10NoDevice_2-channel-app-3": 165,
          "KomakiLDA10NoDevice_2-channel-app-4": 110,
          "KomakiLDA10NoDevice_2-channel-app-5": 109,
          "KomakiLDA10NoDevice_2-channel-app-6": 100,
          "KomakiLDA10NoDevice_2-channel-app-7": 166,
          "KomakiLDA10NoDevice_2-channel-app-8": 197,
          "KomakiLDA10NoDevice_2-channel-app-9": 155,
          "KomakiNMF5NoDevice-ip-app-0": 438,
          "KomakiNMF5NoDevice-ip-app-1": 818,
          "KomakiNMF5NoDevice-ip-app-2": 540,
          "KomakiNMF5NoDevice-ip-app-3": 448,
          "KomakiNMF5NoDevice-ip-app-4": 521,
          "KomakiNMF5NoDevice-ip-os-0": 631,
          "KomakiNMF5NoDevice-ip-os-1": 678,
          "KomakiNMF5NoDevice-ip-os-2": 530,
          "KomakiNMF5NoDevice-ip-os-3": 549,
          "KomakiNMF5NoDevice-ip-os-4": 630,
          "KomakiNMF5NoDevice-ip-channel-0": 568,
          "KomakiNMF5NoDevice-ip-channel-1": 992,
          "KomakiNMF5NoDevice-ip-channel-2": 541,
          "KomakiNMF5NoDevice-ip-channel-3": 653,
          "KomakiNMF5NoDevice-ip-channel-4": 605,
          "KomakiNMF5NoDevice-app-ip-0": 81,
          "KomakiNMF5NoDevice-app-ip-1": 92,
          "KomakiNMF5NoDevice-app-ip-2": 87,
          "KomakiNMF5NoDevice-app-ip-3": 109,
          "KomakiNMF5NoDevice-app-ip-4": 52,
          "KomakiNMF5NoDevice-app-os-0": 31,
          "KomakiNMF5NoDevice-app-os-1": 82,
          "KomakiNMF5NoDevice-app-os-2": 77,
          "KomakiNMF5NoDevice-app-os-3": 26,
          "KomakiNMF5NoDevice-app-os-4": 25,
          "KomakiNMF5NoDevice-app-channel-0": 65,
          "KomakiNMF5NoDevice-app-channel-1": 97,
          "KomakiNMF5NoDevice-app-channel-2": 109,
          "KomakiNMF5NoDevice-app-channel-3": 95,
          "KomakiNMF5NoDevice-app-channel-4": 69,
          "KomakiNMF5NoDevice-os-ip-0": 100,
          "KomakiNMF5NoDevice-os-ip-1": 114,
          "KomakiNMF5NoDevice-os-ip-2": 83,
          "KomakiNMF5NoDevice-os-ip-3": 98,
          "KomakiNMF5NoDevice-os-ip-4": 85,
          "KomakiNMF5NoDevice-os-app-0": 65,
          "KomakiNMF5NoDevice-os-app-1": 2,
          "KomakiNMF5NoDevice-os-app-2": 68,
          "KomakiNMF5NoDevice-os-app-3": 96,
          "KomakiNMF5NoDevice-os-app-4": 55,
          "KomakiNMF5NoDevice-os-channel-0": 187,
          "KomakiNMF5NoDevice-os-channel-1": 99,
          "KomakiNMF5NoDevice-os-channel-2": 188,
          "KomakiNMF5NoDevice-os-channel-3": 145,
          "KomakiNMF5NoDevice-os-channel-4": 112,
          "KomakiNMF5NoDevice-channel-ip-0": 216,
          "KomakiNMF5NoDevice-channel-ip-1": 145,
          "KomakiNMF5NoDevice-channel-ip-2": 162,
          "KomakiNMF5NoDevice-channel-ip-3": 151,
          "KomakiNMF5NoDevice-channel-ip-4": 171,
          "KomakiNMF5NoDevice-channel-app-0": 92,
          "KomakiNMF5NoDevice-channel-app-1": 46,
          "KomakiNMF5NoDevice-channel-app-2": 103,
          "KomakiNMF5NoDevice-channel-app-3": 53,
          "KomakiNMF5NoDevice-channel-app-4": 107,
          "KomakiNMF5NoDevice-channel-os-0": 154,
          "KomakiNMF5NoDevice-channel-os-1": 43,
          "KomakiNMF5NoDevice-channel-os-2": 193,
          "KomakiNMF5NoDevice-channel-os-3": 82,
          "KomakiNMF5NoDevice-channel-os-4": 154,
          "KomakiPCA5NoDevice-ip-app-0": 737,
          "KomakiPCA5NoDevice-ip-app-1": 658,
          "KomakiPCA5NoDevice-ip-app-2": 565,
          "KomakiPCA5NoDevice-ip-app-3": 469,
          "KomakiPCA5NoDevice-ip-app-4": 697,
          "KomakiPCA5NoDevice-ip-os-0": 881,
          "KomakiPCA5NoDevice-ip-os-1": 508,
          "KomakiPCA5NoDevice-ip-os-2": 606,
          "KomakiPCA5NoDevice-ip-os-3": 569,
          "KomakiPCA5NoDevice-ip-os-4": 628,
          "KomakiPCA5NoDevice-ip-channel-0": 925,
          "KomakiPCA5NoDevice-ip-channel-1": 707,
          "KomakiPCA5NoDevice-ip-channel-2": 609,
          "KomakiPCA5NoDevice-ip-channel-3": 683,
          "KomakiPCA5NoDevice-ip-channel-4": 641,
          "KomakiPCA5NoDevice-app-ip-0": 84,
          "KomakiPCA5NoDevice-app-ip-1": 50,
          "KomakiPCA5NoDevice-app-ip-2": 63,
          "KomakiPCA5NoDevice-app-ip-3": 107,
          "KomakiPCA5NoDevice-app-ip-4": 58,
          "KomakiPCA5NoDevice-app-os-0": 105,
          "KomakiPCA5NoDevice-app-os-1": 55,
          "KomakiPCA5NoDevice-app-os-2": 73,
          "KomakiPCA5NoDevice-app-os-3": 96,
          "KomakiPCA5NoDevice-app-os-4": 89,
          "KomakiPCA5NoDevice-app-channel-0": 60,
          "KomakiPCA5NoDevice-app-channel-1": 137,
          "KomakiPCA5NoDevice-app-channel-2": 97,
          "KomakiPCA5NoDevice-app-channel-3": 74,
          "KomakiPCA5NoDevice-app-channel-4": 91,
          "KomakiPCA5NoDevice-os-ip-0": 46,
          "KomakiPCA5NoDevice-os-ip-1": 110,
          "KomakiPCA5NoDevice-os-ip-2": 70,
          "KomakiPCA5NoDevice-os-ip-3": 135,
          "KomakiPCA5NoDevice-os-ip-4": 110,
          "KomakiPCA5NoDevice-os-app-0": 76,
          "KomakiPCA5NoDevice-os-app-1": 76,
          "KomakiPCA5NoDevice-os-app-2": 98,
          "KomakiPCA5NoDevice-os-app-3": 121,
          "KomakiPCA5NoDevice-os-app-4": 137,
          "KomakiPCA5NoDevice-os-channel-0": 123,
          "KomakiPCA5NoDevice-os-channel-1": 142,
          "KomakiPCA5NoDevice-os-channel-2": 76,
          "KomakiPCA5NoDevice-os-channel-3": 103,
          "KomakiPCA5NoDevice-os-channel-4": 100,
          "KomakiPCA5NoDevice-channel-ip-0": 183,
          "KomakiPCA5NoDevice-channel-ip-1": 159,
          "KomakiPCA5NoDevice-channel-ip-2": 177,
          "KomakiPCA5NoDevice-channel-ip-3": 155,
          "KomakiPCA5NoDevice-channel-ip-4": 217,
          "KomakiPCA5NoDevice-channel-app-0": 158,
          "KomakiPCA5NoDevice-channel-app-1": 119,
          "KomakiPCA5NoDevice-channel-app-2": 127,
          "KomakiPCA5NoDevice-channel-app-3": 123,
          "KomakiPCA5NoDevice-channel-app-4": 145,
          "KomakiPCA5NoDevice-channel-os-0": 151,
          "KomakiPCA5NoDevice-channel-os-1": 126,
          "KomakiPCA5NoDevice-channel-os-2": 153,
          "KomakiPCA5NoDevice-channel-os-3": 173,
          "KomakiPCA5NoDevice-channel-os-4": 158
        }
      },
      {
        "train_auc": 0.9936444765481264,
        "valid_auc": 0.9850761492741329,
        "best_iteration": 628,
        "train_time": 567.1387062072754,
        "feature_importance": {
          "app": 3187,
          "hour": 3539,
          "n_channels": 752,
          "ip_app_count": 718,
          "ip_app_os_count": 982,
          "DuplicateRowIndexDiff": 57,
          "FutureClickCount_600-ip": 403,
          "FutureClickCount_600-app": 376,
          "FutureClickCount_600-ip-app": 113,
          "FutureClickCount_600-dev": 243,
          "FutureClickCount_600-ip-dev": 417,
          "FutureClickCount_600-app-dev": 400,
          "FutureClickCount_600-ip-app-dev": 104,
          "FutureClickCount_600-os": 253,
          "FutureClickCount_600-ip-os": 259,
          "FutureClickCount_600-app-os": 346,
          "FutureClickCount_600-ip-app-os": 173,
          "FutureClickCount_600-dev-os": 502,
          "FutureClickCount_600-ip-dev-os": 293,
          "FutureClickCount_600-app-dev-os": 537,
          "FutureClickCount_600-ip-app-dev-os": 294,
          "FutureClickCount_600-cha": 341,
          "FutureClickCount_600-ip-cha": 92,
          "FutureClickCount_600-app-cha": 500,
          "FutureClickCount_600-ip-app-cha": 62,
          "FutureClickCount_600-dev-cha": 269,
          "FutureClickCount_600-ip-dev-cha": 58,
          "FutureClickCount_600-app-dev-cha": 312,
          "FutureClickCount_600-ip-app-dev-cha": 53,
          "FutureClickCount_600-os-cha": 290,
          "FutureClickCount_600-ip-os-cha": 54,
          "FutureClickCount_600-app-os-cha": 268,
          "FutureClickCount_600-ip-app-os-cha": 50,
          "FutureClickCount_600-dev-os-cha": 266,
          "FutureClickCount_600-ip-dev-os-cha": 51,
          "FutureClickCount_600-app-dev-os-cha": 252,
          "FutureClickCount_600-ip-app-dev-os-cha": 70,
          "FutureClickCount_4800-ip": 616,
          "FutureClickCount_4800-app": 252,
          "FutureClickCount_4800-ip-app": 206,
          "FutureClickCount_4800-dev": 51,
          "FutureClickCount_4800-ip-dev": 860,
          "FutureClickCount_4800-app-dev": 189,
          "FutureClickCount_4800-ip-app-dev": 207,
          "FutureClickCount_4800-os": 135,
          "FutureClickCount_4800-ip-os": 407,
          "FutureClickCount_4800-app-os": 290,
          "FutureClickCount_4800-ip-app-os": 208,
          "FutureClickCount_4800-dev-os": 195,
          "FutureClickCount_4800-ip-dev-os": 580,
          "FutureClickCount_4800-app-dev-os": 439,
          "FutureClickCount_4800-ip-app-dev-os": 304,
          "FutureClickCount_4800-cha": 267,
          "FutureClickCount_4800-ip-cha": 139,
          "FutureClickCount_4800-app-cha": 476,
          "FutureClickCount_4800-ip-app-cha": 123,
          "FutureClickCount_4800-dev-cha": 189,
          "FutureClickCount_4800-ip-dev-cha": 122,
          "FutureClickCount_4800-app-dev-cha": 281,
          "FutureClickCount_4800-ip-app-dev-cha": 93,
          "FutureClickCount_4800-os-cha": 266,
          "FutureClickCount_4800-ip-os-cha": 59,
          "FutureClickCount_4800-app-os-cha": 328,
          "FutureClickCount_4800-ip-app-os-cha": 95,
          "FutureClickCount_4800-dev-os-cha": 253,
          "FutureClickCount_4800-ip-dev-os-cha": 57,
          "FutureClickCount_4800-app-dev-os-cha": 282,
          "FutureClickCount_4800-ip-app-dev-os-cha": 80,
          "NextClickTimeDelta-ip": 535,
          "NextClickTimeDelta-app": 79,
          "NextClickTimeDelta-ip-app": 790,
          "NextClickTimeDelta-dev": 34,
          "NextClickTimeDelta-ip-dev": 424,
          "NextClickTimeDelta-app-dev": 58,
          "NextClickTimeDelta-ip-app-dev": 497,
          "NextClickTimeDelta-os": 47,
          "NextClickTimeDelta-ip-os": 497,
          "NextClickTimeDelta-app-os": 145,
          "NextClickTimeDelta-ip-app-os": 1294,
          "NextClickTimeDelta-dev-os": 61,
          "NextClickTimeDelta-ip-dev-os": 385,
          "NextClickTimeDelta-app-dev-os": 125,
          "NextClickTimeDelta-ip-app-dev-os": 2369,
          "NextClickTimeDelta-cha": 79,
          "NextClickTimeDelta-ip-cha": 415,
          "NextClickTimeDelta-app-cha": 118,
          "NextClickTimeDelta-ip-app-cha": 403,
          "NextClickTimeDelta-dev-cha": 80,
          "NextClickTimeDelta-ip-dev-cha": 292,
          "NextClickTimeDelta-app-dev-cha": 102,
          "NextClickTimeDelta-ip-app-dev-cha": 335,
          "NextClickTimeDelta-os-cha": 146,
          "NextClickTimeDelta-ip-os-cha": 257,
          "NextClickTimeDelta-app-os-cha": 225,
          "NextClickTimeDelta-ip-app-os-cha": 393,
          "NextClickTimeDelta-dev-os-cha": 134,
          "NextClickTimeDelta-ip-dev-os-cha": 267,
          "NextClickTimeDelta-app-dev-os-cha": 208,
          "NextClickTimeDelta-ip-app-dev-os-cha": 462,
          "PrevClickTimeDelta-ip": 405,
          "PrevClickTimeDelta-app": 106,
          "PrevClickTimeDelta-ip-app": 339,
          "PrevClickTimeDelta-dev": 63,
          "PrevClickTimeDelta-ip-dev": 306,
          "PrevClickTimeDelta-app-dev": 61,
          "PrevClickTimeDelta-ip-app-dev": 236,
          "PrevClickTimeDelta-os": 75,
          "PrevClickTimeDelta-ip-os": 344,
          "PrevClickTimeDelta-app-os": 134,
          "PrevClickTimeDelta-ip-app-os": 310,
          "PrevClickTimeDelta-dev-os": 49,
          "PrevClickTimeDelta-ip-dev-os": 254,
          "PrevClickTimeDelta-app-dev-os": 140,
          "PrevClickTimeDelta-ip-app-dev-os": 267,
          "PrevClickTimeDelta-cha": 69,
          "PrevClickTimeDelta-ip-cha": 304,
          "PrevClickTimeDelta-app-cha": 104,
          "PrevClickTimeDelta-ip-app-cha": 252,
          "PrevClickTimeDelta-dev-cha": 83,
          "PrevClickTimeDelta-ip-dev-cha": 226,
          "PrevClickTimeDelta-app-dev-cha": 95,
          "PrevClickTimeDelta-ip-app-dev-cha": 199,
          "PrevClickTimeDelta-os-cha": 184,
          "PrevClickTimeDelta-ip-os-cha": 225,
          "PrevClickTimeDelta-app-os-cha": 215,
          "PrevClickTimeDelta-ip-app-os-cha": 173,
          "PrevClickTimeDelta-dev-os-cha": 139,
          "PrevClickTimeDelta-ip-dev-os-cha": 132,
          "PrevClickTimeDelta-app-dev-os-cha": 195,
          "PrevClickTimeDelta-ip-app-dev-os-cha": 153,
          "AverageAttributedRatio-ip": 380,
          "AverageAttributedRatio-app": 360,
          "AverageAttributedRatio-ip-app": 223,
          "AverageAttributedRatio-dev": 544,
          "AverageAttributedRatio-ip-dev": 316,
          "AverageAttributedRatio-app-dev": 281,
          "AverageAttributedRatio-ip-app-dev": 342,
          "AverageAttributedRatio-os": 351,
          "AverageAttributedRatio-ip-os": 210,
          "AverageAttributedRatio-app-os": 304,
          "AverageAttributedRatio-ip-app-os": 80,
          "AverageAttributedRatio-dev-os": 336,
          "AverageAttributedRatio-ip-dev-os": 219,
          "AverageAttributedRatio-app-dev-os": 357,
          "AverageAttributedRatio-ip-app-dev-os": 72,
          "AverageAttributedRatio-cha": 297,
          "AverageAttributedRatio-ip-cha": 107,
          "AverageAttributedRatio-app-cha": 307,
          "AverageAttributedRatio-ip-app-cha": 107,
          "AverageAttributedRatio-dev-cha": 254,
          "AverageAttributedRatio-ip-dev-cha": 95,
          "AverageAttributedRatio-app-dev-cha": 251,
          "AverageAttributedRatio-ip-app-dev-cha": 107,
          "AverageAttributedRatio-os-cha": 301,
          "AverageAttributedRatio-ip-os-cha": 50,
          "AverageAttributedRatio-app-os-cha": 304,
          "AverageAttributedRatio-ip-app-os-cha": 37,
          "AverageAttributedRatio-dev-os-cha": 281,
          "AverageAttributedRatio-ip-dev-os-cha": 42,
          "AverageAttributedRatio-app-dev-os-cha": 341,
          "AverageAttributedRatio-ip-app-dev-os-cha": 24,
          "KomakiLDA10NoDevice_1-ip-os-0": 658,
          "KomakiLDA10NoDevice_1-ip-os-1": 478,
          "KomakiLDA10NoDevice_1-ip-os-2": 638,
          "KomakiLDA10NoDevice_1-ip-os-3": 623,
          "KomakiLDA10NoDevice_1-ip-os-4": 621,
          "KomakiLDA10NoDevice_1-ip-os-5": 743,
          "KomakiLDA10NoDevice_1-ip-os-6": 662,
          "KomakiLDA10NoDevice_1-ip-os-7": 549,
          "KomakiLDA10NoDevice_1-ip-os-8": 528,
          "KomakiLDA10NoDevice_1-ip-os-9": 656,
          "KomakiLDA10NoDevice_1-app-ip-0": 149,
          "KomakiLDA10NoDevice_1-app-ip-1": 153,
          "KomakiLDA10NoDevice_1-app-ip-2": 127,
          "KomakiLDA10NoDevice_1-app-ip-3": 149,
          "KomakiLDA10NoDevice_1-app-ip-4": 87,
          "KomakiLDA10NoDevice_1-app-ip-5": 79,
          "KomakiLDA10NoDevice_1-app-ip-6": 157,
          "KomakiLDA10NoDevice_1-app-ip-7": 123,
          "KomakiLDA10NoDevice_1-app-ip-8": 122,
          "KomakiLDA10NoDevice_1-app-ip-9": 96,
          "KomakiLDA10NoDevice_1-app-os-0": 117,
          "KomakiLDA10NoDevice_1-app-os-1": 68,
          "KomakiLDA10NoDevice_1-app-os-2": 94,
          "KomakiLDA10NoDevice_1-app-os-3": 115,
          "KomakiLDA10NoDevice_1-app-os-4": 127,
          "KomakiLDA10NoDevice_1-app-os-5": 122,
          "KomakiLDA10NoDevice_1-app-os-6": 70,
          "KomakiLDA10NoDevice_1-app-os-7": 73,
          "KomakiLDA10NoDevice_1-app-os-8": 80,
          "KomakiLDA10NoDevice_1-app-os-9": 78,
          "KomakiLDA10NoDevice_1-app-channel-0": 50,
          "KomakiLDA10NoDevice_1-app-channel-1": 113,
          "KomakiLDA10NoDevice_1-app-channel-2": 115,
          "KomakiLDA10NoDevice_1-app-channel-3": 44,
          "KomakiLDA10NoDevice_1-app-channel-4": 51,
          "KomakiLDA10NoDevice_1-app-channel-5": 45,
          "KomakiLDA10NoDevice_1-app-channel-6": 85,
          "KomakiLDA10NoDevice_1-app-channel-7": 91,
          "KomakiLDA10NoDevice_1-app-channel-8": 72,
          "KomakiLDA10NoDevice_1-app-channel-9": 62,
          "KomakiLDA10NoDevice_1-channel-ip-0": 238,
          "KomakiLDA10NoDevice_1-channel-ip-1": 195,
          "KomakiLDA10NoDevice_1-channel-ip-2": 172,
          "KomakiLDA10NoDevice_1-channel-ip-3": 193,
          "KomakiLDA10NoDevice_1-channel-ip-4": 160,
          "KomakiLDA10NoDevice_1-channel-ip-5": 96,
          "KomakiLDA10NoDevice_1-channel-ip-6": 143,
          "KomakiLDA10NoDevice_1-channel-ip-7": 166,
          "KomakiLDA10NoDevice_1-channel-ip-8": 151,
          "KomakiLDA10NoDevice_1-channel-ip-9": 27,
          "KomakiLDA10NoDevice_1-channel-os-0": 152,
          "KomakiLDA10NoDevice_1-channel-os-1": 143,
          "KomakiLDA10NoDevice_1-channel-os-2": 20,
          "KomakiLDA10NoDevice_1-channel-os-3": 181,
          "KomakiLDA10NoDevice_1-channel-os-4": 169,
          "KomakiLDA10NoDevice_1-channel-os-5": 232,
          "KomakiLDA10NoDevice_1-channel-os-6": 141,
          "KomakiLDA10NoDevice_1-channel-os-7": 104,
          "KomakiLDA10NoDevice_1-channel-os-8": 52,
          "KomakiLDA10NoDevice_1-channel-os-9": 24,
          "KomakiLDA10NoDevice_2-ip-app-0": 697,
          "KomakiLDA10NoDevice_2-ip-app-1": 607,
          "KomakiLDA10NoDevice_2-ip-app-2": 793,
          "KomakiLDA10NoDevice_2-ip-app-3": 961,
          "KomakiLDA10NoDevice_2-ip-app-4": 988,
          "KomakiLDA10NoDevice_2-ip-app-5": 551,
          "KomakiLDA10NoDevice_2-ip-app-6": 688,
          "KomakiLDA10NoDevice_2-ip-app-7": 813,
          "KomakiLDA10NoDevice_2-ip-app-8": 477,
          "KomakiLDA10NoDevice_2-ip-app-9": 632,
          "KomakiLDA10NoDevice_2-ip-channel-0": 761,
          "KomakiLDA10NoDevice_2-ip-channel-1": 684,
          "KomakiLDA10NoDevice_2-ip-channel-2": 703,
          "KomakiLDA10NoDevice_2-ip-channel-3": 745,
          "KomakiLDA10NoDevice_2-ip-channel-4": 643,
          "KomakiLDA10NoDevice_2-ip-channel-5": 805,
          "KomakiLDA10NoDevice_2-ip-channel-6": 749,
          "KomakiLDA10NoDevice_2-ip-channel-7": 631,
          "KomakiLDA10NoDevice_2-ip-channel-8": 760,
          "KomakiLDA10NoDevice_2-ip-channel-9": 670,
          "KomakiLDA10NoDevice_2-os-ip-0": 133,
          "KomakiLDA10NoDevice_2-os-ip-1": 159,
          "KomakiLDA10NoDevice_2-os-ip-2": 123,
          "KomakiLDA10NoDevice_2-os-ip-3": 127,
          "KomakiLDA10NoDevice_2-os-ip-4": 75,
          "KomakiLDA10NoDevice_2-os-ip-5": 110,
          "KomakiLDA10NoDevice_2-os-ip-6": 117,
          "KomakiLDA10NoDevice_2-os-ip-7": 110,
          "KomakiLDA10NoDevice_2-os-ip-8": 105,
          "KomakiLDA10NoDevice_2-os-ip-9": 76,
          "KomakiLDA10NoDevice_2-os-app-0": 256,
          "KomakiLDA10NoDevice_2-os-app-1": 64,
          "KomakiLDA10NoDevice_2-os-app-2": 36,
          "KomakiLDA10NoDevice_2-os-app-3": 191,
          "KomakiLDA10NoDevice_2-os-app-4": 13,
          "KomakiLDA10NoDevice_2-os-app-5": 118,
          "KomakiLDA10NoDevice_2-os-app-6": 49,
          "KomakiLDA10NoDevice_2-os-app-7": 111,
          "KomakiLDA10NoDevice_2-os-app-8": 124,
          "KomakiLDA10NoDevice_2-os-app-9": 102,
          "KomakiLDA10NoDevice_2-os-channel-0": 154,
          "KomakiLDA10NoDevice_2-os-channel-1": 127,
          "KomakiLDA10NoDevice_2-os-channel-2": 61,
          "KomakiLDA10NoDevice_2-os-channel-3": 90,
          "KomakiLDA10NoDevice_2-os-channel-4": 142,
          "KomakiLDA10NoDevice_2-os-channel-5": 203,
          "KomakiLDA10NoDevice_2-os-channel-6": 198,
          "KomakiLDA10NoDevice_2-os-channel-7": 154,
          "KomakiLDA10NoDevice_2-os-channel-8": 126,
          "KomakiLDA10NoDevice_2-os-channel-9": 99,
          "KomakiLDA10NoDevice_2-channel-app-0": 316,
          "KomakiLDA10NoDevice_2-channel-app-1": 83,
          "KomakiLDA10NoDevice_2-channel-app-2": 64,
          "KomakiLDA10NoDevice_2-channel-app-3": 124,
          "KomakiLDA10NoDevice_2-channel-app-4": 103,
          "KomakiLDA10NoDevice_2-channel-app-5": 82,
          "KomakiLDA10NoDevice_2-channel-app-6": 96,
          "KomakiLDA10NoDevice_2-channel-app-7": 138,
          "KomakiLDA10NoDevice_2-channel-app-8": 157,
          "KomakiLDA10NoDevice_2-channel-app-9": 138,
          "KomakiNMF5NoDevice-ip-app-0": 397,
          "KomakiNMF5NoDevice-ip-app-1": 745,
          "KomakiNMF5NoDevice-ip-app-2": 490,
          "KomakiNMF5NoDevice-ip-app-3": 381,
          "KomakiNMF5NoDevice-ip-app-4": 501,
          "KomakiNMF5NoDevice-ip-os-0": 571,
          "KomakiNMF5NoDevice-ip-os-1": 525,
          "KomakiNMF5NoDevice-ip-os-2": 538,
          "KomakiNMF5NoDevice-ip-os-3": 519,
          "KomakiNMF5NoDevice-ip-os-4": 548,
          "KomakiNMF5NoDevice-ip-channel-0": 431,
          "KomakiNMF5NoDevice-ip-channel-1": 874,
          "KomakiNMF5NoDevice-ip-channel-2": 489,
          "KomakiNMF5NoDevice-ip-channel-3": 615,
          "KomakiNMF5NoDevice-ip-channel-4": 472,
          "KomakiNMF5NoDevice-app-ip-0": 92,
          "KomakiNMF5NoDevice-app-ip-1": 63,
          "KomakiNMF5NoDevice-app-ip-2": 83,
          "KomakiNMF5NoDevice-app-ip-3": 90,
          "KomakiNMF5NoDevice-app-ip-4": 36,
          "KomakiNMF5NoDevice-app-os-0": 27,
          "KomakiNMF5NoDevice-app-os-1": 63,
          "KomakiNMF5NoDevice-app-os-2": 59,
          "KomakiNMF5NoDevice-app-os-3": 20,
          "KomakiNMF5NoDevice-app-os-4": 29,
          "KomakiNMF5NoDevice-app-channel-0": 80,
          "KomakiNMF5NoDevice-app-channel-1": 87,
          "KomakiNMF5NoDevice-app-channel-2": 91,
          "KomakiNMF5NoDevice-app-channel-3": 93,
          "KomakiNMF5NoDevice-app-channel-4": 70,
          "KomakiNMF5NoDevice-os-ip-0": 118,
          "KomakiNMF5NoDevice-os-ip-1": 87,
          "KomakiNMF5NoDevice-os-ip-2": 80,
          "KomakiNMF5NoDevice-os-ip-3": 96,
          "KomakiNMF5NoDevice-os-ip-4": 107,
          "KomakiNMF5NoDevice-os-app-0": 50,
          "KomakiNMF5NoDevice-os-app-1": 2,
          "KomakiNMF5NoDevice-os-app-2": 56,
          "KomakiNMF5NoDevice-os-app-3": 105,
          "KomakiNMF5NoDevice-os-app-4": 66,
          "KomakiNMF5NoDevice-os-channel-0": 173,
          "KomakiNMF5NoDevice-os-channel-1": 88,
          "KomakiNMF5NoDevice-os-channel-2": 166,
          "KomakiNMF5NoDevice-os-channel-3": 136,
          "KomakiNMF5NoDevice-os-channel-4": 112,
          "KomakiNMF5NoDevice-channel-ip-0": 205,
          "KomakiNMF5NoDevice-channel-ip-1": 137,
          "KomakiNMF5NoDevice-channel-ip-2": 114,
          "KomakiNMF5NoDevice-channel-ip-3": 184,
          "KomakiNMF5NoDevice-channel-ip-4": 184,
          "KomakiNMF5NoDevice-channel-app-0": 98,
          "KomakiNMF5NoDevice-channel-app-1": 44,
          "KomakiNMF5NoDevice-channel-app-2": 70,
          "KomakiNMF5NoDevice-channel-app-3": 77,
          "KomakiNMF5NoDevice-channel-app-4": 78,
          "KomakiNMF5NoDevice-channel-os-0": 132,
          "KomakiNMF5NoDevice-channel-os-1": 42,
          "KomakiNMF5NoDevice-channel-os-2": 181,
          "KomakiNMF5NoDevice-channel-os-3": 73,
          "KomakiNMF5NoDevice-channel-os-4": 142,
          "KomakiPCA5NoDevice-ip-app-0": 651,
          "KomakiPCA5NoDevice-ip-app-1": 516,
          "KomakiPCA5NoDevice-ip-app-2": 564,
          "KomakiPCA5NoDevice-ip-app-3": 417,
          "KomakiPCA5NoDevice-ip-app-4": 554,
          "KomakiPCA5NoDevice-ip-os-0": 742,
          "KomakiPCA5NoDevice-ip-os-1": 433,
          "KomakiPCA5NoDevice-ip-os-2": 487,
          "KomakiPCA5NoDevice-ip-os-3": 484,
          "KomakiPCA5NoDevice-ip-os-4": 602,
          "KomakiPCA5NoDevice-ip-channel-0": 753,
          "KomakiPCA5NoDevice-ip-channel-1": 563,
          "KomakiPCA5NoDevice-ip-channel-2": 442,
          "KomakiPCA5NoDevice-ip-channel-3": 603,
          "KomakiPCA5NoDevice-ip-channel-4": 539,
          "KomakiPCA5NoDevice-app-ip-0": 76,
          "KomakiPCA5NoDevice-app-ip-1": 47,
          "KomakiPCA5NoDevice-app-ip-2": 71,
          "KomakiPCA5NoDevice-app-ip-3": 89,
          "KomakiPCA5NoDevice-app-ip-4": 69,
          "KomakiPCA5NoDevice-app-os-0": 118,
          "KomakiPCA5NoDevice-app-os-1": 40,
          "KomakiPCA5NoDevice-app-os-2": 65,
          "KomakiPCA5NoDevice-app-os-3": 80,
          "KomakiPCA5NoDevice-app-os-4": 86,
          "KomakiPCA5NoDevice-app-channel-0": 74,
          "KomakiPCA5NoDevice-app-channel-1": 107,
          "KomakiPCA5NoDevice-app-channel-2": 75,
          "KomakiPCA5NoDevice-app-channel-3": 98,
          "KomakiPCA5NoDevice-app-channel-4": 103,
          "KomakiPCA5NoDevice-os-ip-0": 38,
          "KomakiPCA5NoDevice-os-ip-1": 95,
          "KomakiPCA5NoDevice-os-ip-2": 95,
          "KomakiPCA5NoDevice-os-ip-3": 140,
          "KomakiPCA5NoDevice-os-ip-4": 81,
          "KomakiPCA5NoDevice-os-app-0": 77,
          "KomakiPCA5NoDevice-os-app-1": 62,
          "KomakiPCA5NoDevice-os-app-2": 63,
          "KomakiPCA5NoDevice-os-app-3": 100,
          "KomakiPCA5NoDevice-os-app-4": 115,
          "KomakiPCA5NoDevice-os-channel-0": 95,
          "KomakiPCA5NoDevice-os-channel-1": 132,
          "KomakiPCA5NoDevice-os-channel-2": 79,
          "KomakiPCA5NoDevice-os-channel-3": 65,
          "KomakiPCA5NoDevice-os-channel-4": 91,
          "KomakiPCA5NoDevice-channel-ip-0": 143,
          "KomakiPCA5NoDevice-channel-ip-1": 171,
          "KomakiPCA5NoDevice-channel-ip-2": 116,
          "KomakiPCA5NoDevice-channel-ip-3": 142,
          "KomakiPCA5NoDevice-channel-ip-4": 193,
          "KomakiPCA5NoDevice-channel-app-0": 156,
          "KomakiPCA5NoDevice-channel-app-1": 112,
          "KomakiPCA5NoDevice-channel-app-2": 122,
          "KomakiPCA5NoDevice-channel-app-3": 91,
          "KomakiPCA5NoDevice-channel-app-4": 119,
          "KomakiPCA5NoDevice-channel-os-0": 163,
          "KomakiPCA5NoDevice-channel-os-1": 115,
          "KomakiPCA5NoDevice-channel-os-2": 156,
          "KomakiPCA5NoDevice-channel-os-3": 133,
          "KomakiPCA5NoDevice-channel-os-4": 131
        }
      },
      {
        "train_auc": 0.9948992881401916,
        "valid_auc": 0.98488599905173,
        "best_iteration": 788,
        "train_time": 683.9665777683258,
        "feature_importance": {
          "app": 3761,
          "hour": 4463,
          "n_channels": 851,
          "ip_app_count": 835,
          "ip_app_os_count": 992,
          "DuplicateRowIndexDiff": 86,
          "FutureClickCount_600-ip": 499,
          "FutureClickCount_600-app": 477,
          "FutureClickCount_600-ip-app": 181,
          "FutureClickCount_600-dev": 270,
          "FutureClickCount_600-ip-dev": 517,
          "FutureClickCount_600-app-dev": 456,
          "FutureClickCount_600-ip-app-dev": 142,
          "FutureClickCount_600-os": 307,
          "FutureClickCount_600-ip-os": 364,
          "FutureClickCount_600-app-os": 462,
          "FutureClickCount_600-ip-app-os": 159,
          "FutureClickCount_600-dev-os": 579,
          "FutureClickCount_600-ip-dev-os": 349,
          "FutureClickCount_600-app-dev-os": 593,
          "FutureClickCount_600-ip-app-dev-os": 309,
          "FutureClickCount_600-cha": 466,
          "FutureClickCount_600-ip-cha": 96,
          "FutureClickCount_600-app-cha": 643,
          "FutureClickCount_600-ip-app-cha": 80,
          "FutureClickCount_600-dev-cha": 352,
          "FutureClickCount_600-ip-dev-cha": 91,
          "FutureClickCount_600-app-dev-cha": 459,
          "FutureClickCount_600-ip-app-dev-cha": 86,
          "FutureClickCount_600-os-cha": 331,
          "FutureClickCount_600-ip-os-cha": 75,
          "FutureClickCount_600-app-os-cha": 381,
          "FutureClickCount_600-ip-app-os-cha": 59,
          "FutureClickCount_600-dev-os-cha": 330,
          "FutureClickCount_600-ip-dev-os-cha": 77,
          "FutureClickCount_600-app-dev-os-cha": 289,
          "FutureClickCount_600-ip-app-dev-os-cha": 96,
          "FutureClickCount_4800-ip": 703,
          "FutureClickCount_4800-app": 309,
          "FutureClickCount_4800-ip-app": 288,
          "FutureClickCount_4800-dev": 74,
          "FutureClickCount_4800-ip-dev": 939,
          "FutureClickCount_4800-app-dev": 243,
          "FutureClickCount_4800-ip-app-dev": 247,
          "FutureClickCount_4800-os": 162,
          "FutureClickCount_4800-ip-os": 535,
          "FutureClickCount_4800-app-os": 343,
          "FutureClickCount_4800-ip-app-os": 269,
          "FutureClickCount_4800-dev-os": 250,
          "FutureClickCount_4800-ip-dev-os": 680,
          "FutureClickCount_4800-app-dev-os": 496,
          "FutureClickCount_4800-ip-app-dev-os": 276,
          "FutureClickCount_4800-cha": 296,
          "FutureClickCount_4800-ip-cha": 204,
          "FutureClickCount_4800-app-cha": 547,
          "FutureClickCount_4800-ip-app-cha": 145,
          "FutureClickCount_4800-dev-cha": 245,
          "FutureClickCount_4800-ip-dev-cha": 148,
          "FutureClickCount_4800-app-dev-cha": 393,
          "FutureClickCount_4800-ip-app-dev-cha": 170,
          "FutureClickCount_4800-os-cha": 343,
          "FutureClickCount_4800-ip-os-cha": 87,
          "FutureClickCount_4800-app-os-cha": 383,
          "FutureClickCount_4800-ip-app-os-cha": 103,
          "FutureClickCount_4800-dev-os-cha": 350,
          "FutureClickCount_4800-ip-dev-os-cha": 107,
          "FutureClickCount_4800-app-dev-os-cha": 344,
          "FutureClickCount_4800-ip-app-dev-os-cha": 108,
          "NextClickTimeDelta-ip": 670,
          "NextClickTimeDelta-app": 91,
          "NextClickTimeDelta-ip-app": 973,
          "NextClickTimeDelta-dev": 50,
          "NextClickTimeDelta-ip-dev": 472,
          "NextClickTimeDelta-app-dev": 85,
          "NextClickTimeDelta-ip-app-dev": 589,
          "NextClickTimeDelta-os": 43,
          "NextClickTimeDelta-ip-os": 594,
          "NextClickTimeDelta-app-os": 202,
          "NextClickTimeDelta-ip-app-os": 1478,
          "NextClickTimeDelta-dev-os": 102,
          "NextClickTimeDelta-ip-dev-os": 474,
          "NextClickTimeDelta-app-dev-os": 172,
          "NextClickTimeDelta-ip-app-dev-os": 2578,
          "NextClickTimeDelta-cha": 95,
          "NextClickTimeDelta-ip-cha": 484,
          "NextClickTimeDelta-app-cha": 154,
          "NextClickTimeDelta-ip-app-cha": 454,
          "NextClickTimeDelta-dev-cha": 84,
          "NextClickTimeDelta-ip-dev-cha": 386,
          "NextClickTimeDelta-app-dev-cha": 149,
          "NextClickTimeDelta-ip-app-dev-cha": 382,
          "NextClickTimeDelta-os-cha": 198,
          "NextClickTimeDelta-ip-os-cha": 382,
          "NextClickTimeDelta-app-os-cha": 284,
          "NextClickTimeDelta-ip-app-os-cha": 471,
          "NextClickTimeDelta-dev-os-cha": 178,
          "NextClickTimeDelta-ip-dev-os-cha": 350,
          "NextClickTimeDelta-app-dev-os-cha": 281,
          "NextClickTimeDelta-ip-app-dev-os-cha": 550,
          "PrevClickTimeDelta-ip": 549,
          "PrevClickTimeDelta-app": 86,
          "PrevClickTimeDelta-ip-app": 408,
          "PrevClickTimeDelta-dev": 50,
          "PrevClickTimeDelta-ip-dev": 412,
          "PrevClickTimeDelta-app-dev": 84,
          "PrevClickTimeDelta-ip-app-dev": 366,
          "PrevClickTimeDelta-os": 70,
          "PrevClickTimeDelta-ip-os": 468,
          "PrevClickTimeDelta-app-os": 182,
          "PrevClickTimeDelta-ip-app-os": 375,
          "PrevClickTimeDelta-dev-os": 84,
          "PrevClickTimeDelta-ip-dev-os": 326,
          "PrevClickTimeDelta-app-dev-os": 171,
          "PrevClickTimeDelta-ip-app-dev-os": 372,
          "PrevClickTimeDelta-cha": 87,
          "PrevClickTimeDelta-ip-cha": 394,
          "PrevClickTimeDelta-app-cha": 141,
          "PrevClickTimeDelta-ip-app-cha": 324,
          "PrevClickTimeDelta-dev-cha": 97,
          "PrevClickTimeDelta-ip-dev-cha": 285,
          "PrevClickTimeDelta-app-dev-cha": 117,
          "PrevClickTimeDelta-ip-app-dev-cha": 273,
          "PrevClickTimeDelta-os-cha": 220,
          "PrevClickTimeDelta-ip-os-cha": 275,
          "PrevClickTimeDelta-app-os-cha": 247,
          "PrevClickTimeDelta-ip-app-os-cha": 223,
          "PrevClickTimeDelta-dev-os-cha": 207,
          "PrevClickTimeDelta-ip-dev-os-cha": 234,
          "PrevClickTimeDelta-app-dev-os-cha": 212,
          "PrevClickTimeDelta-ip-app-dev-os-cha": 181,
          "AverageAttributedRatio-ip": 523,
          "AverageAttributedRatio-app": 418,
          "AverageAttributedRatio-ip-app": 292,
          "AverageAttributedRatio-dev": 678,
          "AverageAttributedRatio-ip-dev": 407,
          "AverageAttributedRatio-app-dev": 319,
          "AverageAttributedRatio-ip-app-dev": 328,
          "AverageAttributedRatio-os": 439,
          "AverageAttributedRatio-ip-os": 257,
          "AverageAttributedRatio-app-os": 330,
          "AverageAttributedRatio-ip-app-os": 106,
          "AverageAttributedRatio-dev-os": 376,
          "AverageAttributedRatio-ip-dev-os": 277,
          "AverageAttributedRatio-app-dev-os": 422,
          "AverageAttributedRatio-ip-app-dev-os": 83,
          "AverageAttributedRatio-cha": 392,
          "AverageAttributedRatio-ip-cha": 142,
          "AverageAttributedRatio-app-cha": 314,
          "AverageAttributedRatio-ip-app-cha": 106,
          "AverageAttributedRatio-dev-cha": 257,
          "AverageAttributedRatio-ip-dev-cha": 107,
          "AverageAttributedRatio-app-dev-cha": 299,
          "AverageAttributedRatio-ip-app-dev-cha": 119,
          "AverageAttributedRatio-os-cha": 311,
          "AverageAttributedRatio-ip-os-cha": 55,
          "AverageAttributedRatio-app-os-cha": 417,
          "AverageAttributedRatio-ip-app-os-cha": 50,
          "AverageAttributedRatio-dev-os-cha": 350,
          "AverageAttributedRatio-ip-dev-os-cha": 52,
          "AverageAttributedRatio-app-dev-os-cha": 392,
          "AverageAttributedRatio-ip-app-dev-os-cha": 36,
          "KomakiLDA10NoDevice_1-ip-os-0": 865,
          "KomakiLDA10NoDevice_1-ip-os-1": 603,
          "KomakiLDA10NoDevice_1-ip-os-2": 886,
          "KomakiLDA10NoDevice_1-ip-os-3": 808,
          "KomakiLDA10NoDevice_1-ip-os-4": 812,
          "KomakiLDA10NoDevice_1-ip-os-5": 977,
          "KomakiLDA10NoDevice_1-ip-os-6": 830,
          "KomakiLDA10NoDevice_1-ip-os-7": 690,
          "KomakiLDA10NoDevice_1-ip-os-8": 652,
          "KomakiLDA10NoDevice_1-ip-os-9": 916,
          "KomakiLDA10NoDevice_1-app-ip-0": 159,
          "KomakiLDA10NoDevice_1-app-ip-1": 182,
          "KomakiLDA10NoDevice_1-app-ip-2": 146,
          "KomakiLDA10NoDevice_1-app-ip-3": 162,
          "KomakiLDA10NoDevice_1-app-ip-4": 103,
          "KomakiLDA10NoDevice_1-app-ip-5": 83,
          "KomakiLDA10NoDevice_1-app-ip-6": 180,
          "KomakiLDA10NoDevice_1-app-ip-7": 127,
          "KomakiLDA10NoDevice_1-app-ip-8": 175,
          "KomakiLDA10NoDevice_1-app-ip-9": 83,
          "KomakiLDA10NoDevice_1-app-os-0": 153,
          "KomakiLDA10NoDevice_1-app-os-1": 89,
          "KomakiLDA10NoDevice_1-app-os-2": 110,
          "KomakiLDA10NoDevice_1-app-os-3": 151,
          "KomakiLDA10NoDevice_1-app-os-4": 135,
          "KomakiLDA10NoDevice_1-app-os-5": 132,
          "KomakiLDA10NoDevice_1-app-os-6": 94,
          "KomakiLDA10NoDevice_1-app-os-7": 89,
          "KomakiLDA10NoDevice_1-app-os-8": 97,
          "KomakiLDA10NoDevice_1-app-os-9": 74,
          "KomakiLDA10NoDevice_1-app-channel-0": 64,
          "KomakiLDA10NoDevice_1-app-channel-1": 101,
          "KomakiLDA10NoDevice_1-app-channel-2": 132,
          "KomakiLDA10NoDevice_1-app-channel-3": 64,
          "KomakiLDA10NoDevice_1-app-channel-4": 64,
          "KomakiLDA10NoDevice_1-app-channel-5": 64,
          "KomakiLDA10NoDevice_1-app-channel-6": 112,
          "KomakiLDA10NoDevice_1-app-channel-7": 112,
          "KomakiLDA10NoDevice_1-app-channel-8": 77,
          "KomakiLDA10NoDevice_1-app-channel-9": 68,
          "KomakiLDA10NoDevice_1-channel-ip-0": 272,
          "KomakiLDA10NoDevice_1-channel-ip-1": 236,
          "KomakiLDA10NoDevice_1-channel-ip-2": 224,
          "KomakiLDA10NoDevice_1-channel-ip-3": 239,
          "KomakiLDA10NoDevice_1-channel-ip-4": 222,
          "KomakiLDA10NoDevice_1-channel-ip-5": 133,
          "KomakiLDA10NoDevice_1-channel-ip-6": 209,
          "KomakiLDA10NoDevice_1-channel-ip-7": 256,
          "KomakiLDA10NoDevice_1-channel-ip-8": 221,
          "KomakiLDA10NoDevice_1-channel-ip-9": 38,
          "KomakiLDA10NoDevice_1-channel-os-0": 178,
          "KomakiLDA10NoDevice_1-channel-os-1": 149,
          "KomakiLDA10NoDevice_1-channel-os-2": 42,
          "KomakiLDA10NoDevice_1-channel-os-3": 188,
          "KomakiLDA10NoDevice_1-channel-os-4": 179,
          "KomakiLDA10NoDevice_1-channel-os-5": 277,
          "KomakiLDA10NoDevice_1-channel-os-6": 183,
          "KomakiLDA10NoDevice_1-channel-os-7": 194,
          "KomakiLDA10NoDevice_1-channel-os-8": 85,
          "KomakiLDA10NoDevice_1-channel-os-9": 31,
          "KomakiLDA10NoDevice_2-ip-app-0": 977,
          "KomakiLDA10NoDevice_2-ip-app-1": 748,
          "KomakiLDA10NoDevice_2-ip-app-2": 970,
          "KomakiLDA10NoDevice_2-ip-app-3": 1065,
          "KomakiLDA10NoDevice_2-ip-app-4": 1064,
          "KomakiLDA10NoDevice_2-ip-app-5": 666,
          "KomakiLDA10NoDevice_2-ip-app-6": 871,
          "KomakiLDA10NoDevice_2-ip-app-7": 1073,
          "KomakiLDA10NoDevice_2-ip-app-8": 645,
          "KomakiLDA10NoDevice_2-ip-app-9": 844,
          "KomakiLDA10NoDevice_2-ip-channel-0": 906,
          "KomakiLDA10NoDevice_2-ip-channel-1": 910,
          "KomakiLDA10NoDevice_2-ip-channel-2": 806,
          "KomakiLDA10NoDevice_2-ip-channel-3": 909,
          "KomakiLDA10NoDevice_2-ip-channel-4": 771,
          "KomakiLDA10NoDevice_2-ip-channel-5": 969,
          "KomakiLDA10NoDevice_2-ip-channel-6": 877,
          "KomakiLDA10NoDevice_2-ip-channel-7": 781,
          "KomakiLDA10NoDevice_2-ip-channel-8": 942,
          "KomakiLDA10NoDevice_2-ip-channel-9": 941,
          "KomakiLDA10NoDevice_2-os-ip-0": 159,
          "KomakiLDA10NoDevice_2-os-ip-1": 178,
          "KomakiLDA10NoDevice_2-os-ip-2": 196,
          "KomakiLDA10NoDevice_2-os-ip-3": 192,
          "KomakiLDA10NoDevice_2-os-ip-4": 119,
          "KomakiLDA10NoDevice_2-os-ip-5": 145,
          "KomakiLDA10NoDevice_2-os-ip-6": 156,
          "KomakiLDA10NoDevice_2-os-ip-7": 126,
          "KomakiLDA10NoDevice_2-os-ip-8": 138,
          "KomakiLDA10NoDevice_2-os-ip-9": 114,
          "KomakiLDA10NoDevice_2-os-app-0": 249,
          "KomakiLDA10NoDevice_2-os-app-1": 72,
          "KomakiLDA10NoDevice_2-os-app-2": 35,
          "KomakiLDA10NoDevice_2-os-app-3": 196,
          "KomakiLDA10NoDevice_2-os-app-4": 21,
          "KomakiLDA10NoDevice_2-os-app-5": 132,
          "KomakiLDA10NoDevice_2-os-app-6": 53,
          "KomakiLDA10NoDevice_2-os-app-7": 154,
          "KomakiLDA10NoDevice_2-os-app-8": 133,
          "KomakiLDA10NoDevice_2-os-app-9": 158,
          "KomakiLDA10NoDevice_2-os-channel-0": 184,
          "KomakiLDA10NoDevice_2-os-channel-1": 166,
          "KomakiLDA10NoDevice_2-os-channel-2": 73,
          "KomakiLDA10NoDevice_2-os-channel-3": 92,
          "KomakiLDA10NoDevice_2-os-channel-4": 197,
          "KomakiLDA10NoDevice_2-os-channel-5": 214,
          "KomakiLDA10NoDevice_2-os-channel-6": 193,
          "KomakiLDA10NoDevice_2-os-channel-7": 199,
          "KomakiLDA10NoDevice_2-os-channel-8": 126,
          "KomakiLDA10NoDevice_2-os-channel-9": 98,
          "KomakiLDA10NoDevice_2-channel-app-0": 325,
          "KomakiLDA10NoDevice_2-channel-app-1": 95,
          "KomakiLDA10NoDevice_2-channel-app-2": 118,
          "KomakiLDA10NoDevice_2-channel-app-3": 174,
          "KomakiLDA10NoDevice_2-channel-app-4": 141,
          "KomakiLDA10NoDevice_2-channel-app-5": 88,
          "KomakiLDA10NoDevice_2-channel-app-6": 149,
          "KomakiLDA10NoDevice_2-channel-app-7": 163,
          "KomakiLDA10NoDevice_2-channel-app-8": 166,
          "KomakiLDA10NoDevice_2-channel-app-9": 187,
          "KomakiNMF5NoDevice-ip-app-0": 523,
          "KomakiNMF5NoDevice-ip-app-1": 885,
          "KomakiNMF5NoDevice-ip-app-2": 650,
          "KomakiNMF5NoDevice-ip-app-3": 554,
          "KomakiNMF5NoDevice-ip-app-4": 558,
          "KomakiNMF5NoDevice-ip-os-0": 719,
          "KomakiNMF5NoDevice-ip-os-1": 661,
          "KomakiNMF5NoDevice-ip-os-2": 651,
          "KomakiNMF5NoDevice-ip-os-3": 676,
          "KomakiNMF5NoDevice-ip-os-4": 714,
          "KomakiNMF5NoDevice-ip-channel-0": 632,
          "KomakiNMF5NoDevice-ip-channel-1": 1055,
          "KomakiNMF5NoDevice-ip-channel-2": 594,
          "KomakiNMF5NoDevice-ip-channel-3": 752,
          "KomakiNMF5NoDevice-ip-channel-4": 644,
          "KomakiNMF5NoDevice-app-ip-0": 91,
          "KomakiNMF5NoDevice-app-ip-1": 96,
          "KomakiNMF5NoDevice-app-ip-2": 77,
          "KomakiNMF5NoDevice-app-ip-3": 97,
          "KomakiNMF5NoDevice-app-ip-4": 40,
          "KomakiNMF5NoDevice-app-os-0": 31,
          "KomakiNMF5NoDevice-app-os-1": 70,
          "KomakiNMF5NoDevice-app-os-2": 80,
          "KomakiNMF5NoDevice-app-os-3": 15,
          "KomakiNMF5NoDevice-app-os-4": 32,
          "KomakiNMF5NoDevice-app-channel-0": 79,
          "KomakiNMF5NoDevice-app-channel-1": 90,
          "KomakiNMF5NoDevice-app-channel-2": 106,
          "KomakiNMF5NoDevice-app-channel-3": 106,
          "KomakiNMF5NoDevice-app-channel-4": 75,
          "KomakiNMF5NoDevice-os-ip-0": 126,
          "KomakiNMF5NoDevice-os-ip-1": 116,
          "KomakiNMF5NoDevice-os-ip-2": 92,
          "KomakiNMF5NoDevice-os-ip-3": 109,
          "KomakiNMF5NoDevice-os-ip-4": 119,
          "KomakiNMF5NoDevice-os-app-0": 79,
          "KomakiNMF5NoDevice-os-app-1": 2,
          "KomakiNMF5NoDevice-os-app-2": 107,
          "KomakiNMF5NoDevice-os-app-3": 95,
          "KomakiNMF5NoDevice-os-app-4": 83,
          "KomakiNMF5NoDevice-os-channel-0": 207,
          "KomakiNMF5NoDevice-os-channel-1": 109,
          "KomakiNMF5NoDevice-os-channel-2": 172,
          "KomakiNMF5NoDevice-os-channel-3": 159,
          "KomakiNMF5NoDevice-os-channel-4": 141,
          "KomakiNMF5NoDevice-channel-ip-0": 240,
          "KomakiNMF5NoDevice-channel-ip-1": 152,
          "KomakiNMF5NoDevice-channel-ip-2": 186,
          "KomakiNMF5NoDevice-channel-ip-3": 206,
          "KomakiNMF5NoDevice-channel-ip-4": 217,
          "KomakiNMF5NoDevice-channel-app-0": 83,
          "KomakiNMF5NoDevice-channel-app-1": 36,
          "KomakiNMF5NoDevice-channel-app-2": 108,
          "KomakiNMF5NoDevice-channel-app-3": 77,
          "KomakiNMF5NoDevice-channel-app-4": 118,
          "KomakiNMF5NoDevice-channel-os-0": 211,
          "KomakiNMF5NoDevice-channel-os-1": 31,
          "KomakiNMF5NoDevice-channel-os-2": 199,
          "KomakiNMF5NoDevice-channel-os-3": 98,
          "KomakiNMF5NoDevice-channel-os-4": 187,
          "KomakiPCA5NoDevice-ip-app-0": 812,
          "KomakiPCA5NoDevice-ip-app-1": 687,
          "KomakiPCA5NoDevice-ip-app-2": 656,
          "KomakiPCA5NoDevice-ip-app-3": 513,
          "KomakiPCA5NoDevice-ip-app-4": 720,
          "KomakiPCA5NoDevice-ip-os-0": 936,
          "KomakiPCA5NoDevice-ip-os-1": 585,
          "KomakiPCA5NoDevice-ip-os-2": 721,
          "KomakiPCA5NoDevice-ip-os-3": 626,
          "KomakiPCA5NoDevice-ip-os-4": 762,
          "KomakiPCA5NoDevice-ip-channel-0": 949,
          "KomakiPCA5NoDevice-ip-channel-1": 742,
          "KomakiPCA5NoDevice-ip-channel-2": 717,
          "KomakiPCA5NoDevice-ip-channel-3": 794,
          "KomakiPCA5NoDevice-ip-channel-4": 732,
          "KomakiPCA5NoDevice-app-ip-0": 87,
          "KomakiPCA5NoDevice-app-ip-1": 74,
          "KomakiPCA5NoDevice-app-ip-2": 83,
          "KomakiPCA5NoDevice-app-ip-3": 107,
          "KomakiPCA5NoDevice-app-ip-4": 72,
          "KomakiPCA5NoDevice-app-os-0": 103,
          "KomakiPCA5NoDevice-app-os-1": 52,
          "KomakiPCA5NoDevice-app-os-2": 94,
          "KomakiPCA5NoDevice-app-os-3": 114,
          "KomakiPCA5NoDevice-app-os-4": 100,
          "KomakiPCA5NoDevice-app-channel-0": 69,
          "KomakiPCA5NoDevice-app-channel-1": 116,
          "KomakiPCA5NoDevice-app-channel-2": 100,
          "KomakiPCA5NoDevice-app-channel-3": 79,
          "KomakiPCA5NoDevice-app-channel-4": 103,
          "KomakiPCA5NoDevice-os-ip-0": 68,
          "KomakiPCA5NoDevice-os-ip-1": 106,
          "KomakiPCA5NoDevice-os-ip-2": 110,
          "KomakiPCA5NoDevice-os-ip-3": 155,
          "KomakiPCA5NoDevice-os-ip-4": 152,
          "KomakiPCA5NoDevice-os-app-0": 82,
          "KomakiPCA5NoDevice-os-app-1": 102,
          "KomakiPCA5NoDevice-os-app-2": 85,
          "KomakiPCA5NoDevice-os-app-3": 166,
          "KomakiPCA5NoDevice-os-app-4": 167,
          "KomakiPCA5NoDevice-os-channel-0": 142,
          "KomakiPCA5NoDevice-os-channel-1": 172,
          "KomakiPCA5NoDevice-os-channel-2": 88,
          "KomakiPCA5NoDevice-os-channel-3": 93,
          "KomakiPCA5NoDevice-os-channel-4": 107,
          "KomakiPCA5NoDevice-channel-ip-0": 193,
          "KomakiPCA5NoDevice-channel-ip-1": 210,
          "KomakiPCA5NoDevice-channel-ip-2": 202,
          "KomakiPCA5NoDevice-channel-ip-3": 197,
          "KomakiPCA5NoDevice-channel-ip-4": 255,
          "KomakiPCA5NoDevice-channel-app-0": 189,
          "KomakiPCA5NoDevice-channel-app-1": 138,
          "KomakiPCA5NoDevice-channel-app-2": 146,
          "KomakiPCA5NoDevice-channel-app-3": 139,
          "KomakiPCA5NoDevice-channel-app-4": 143,
          "KomakiPCA5NoDevice-channel-os-0": 178,
          "KomakiPCA5NoDevice-channel-os-1": 179,
          "KomakiPCA5NoDevice-channel-os-2": 140,
          "KomakiPCA5NoDevice-channel-os-3": 195,
          "KomakiPCA5NoDevice-channel-os-4": 174
        }
      },
      {
        "train_auc": 0.9946537894017723,
        "valid_auc": 0.9849613380391918,
        "best_iteration": 764,
        "train_time": 658.0290818214417,
        "feature_importance": {
          "app": 3642,
          "hour": 4333,
          "n_channels": 817,
          "ip_app_count": 888,
          "ip_app_os_count": 1033,
          "DuplicateRowIndexDiff": 110,
          "FutureClickCount_600-ip": 493,
          "FutureClickCount_600-app": 471,
          "FutureClickCount_600-ip-app": 156,
          "FutureClickCount_600-dev": 280,
          "FutureClickCount_600-ip-dev": 505,
          "FutureClickCount_600-app-dev": 403,
          "FutureClickCount_600-ip-app-dev": 149,
          "FutureClickCount_600-os": 268,
          "FutureClickCount_600-ip-os": 327,
          "FutureClickCount_600-app-os": 381,
          "FutureClickCount_600-ip-app-os": 170,
          "FutureClickCount_600-dev-os": 579,
          "FutureClickCount_600-ip-dev-os": 312,
          "FutureClickCount_600-app-dev-os": 614,
          "FutureClickCount_600-ip-app-dev-os": 324,
          "FutureClickCount_600-cha": 456,
          "FutureClickCount_600-ip-cha": 92,
          "FutureClickCount_600-app-cha": 583,
          "FutureClickCount_600-ip-app-cha": 82,
          "FutureClickCount_600-dev-cha": 328,
          "FutureClickCount_600-ip-dev-cha": 77,
          "FutureClickCount_600-app-dev-cha": 368,
          "FutureClickCount_600-ip-app-dev-cha": 76,
          "FutureClickCount_600-os-cha": 329,
          "FutureClickCount_600-ip-os-cha": 64,
          "FutureClickCount_600-app-os-cha": 342,
          "FutureClickCount_600-ip-app-os-cha": 56,
          "FutureClickCount_600-dev-os-cha": 304,
          "FutureClickCount_600-ip-dev-os-cha": 63,
          "FutureClickCount_600-app-dev-os-cha": 339,
          "FutureClickCount_600-ip-app-dev-os-cha": 65,
          "FutureClickCount_4800-ip": 725,
          "FutureClickCount_4800-app": 329,
          "FutureClickCount_4800-ip-app": 269,
          "FutureClickCount_4800-dev": 77,
          "FutureClickCount_4800-ip-dev": 1023,
          "FutureClickCount_4800-app-dev": 189,
          "FutureClickCount_4800-ip-app-dev": 226,
          "FutureClickCount_4800-os": 140,
          "FutureClickCount_4800-ip-os": 519,
          "FutureClickCount_4800-app-os": 338,
          "FutureClickCount_4800-ip-app-os": 275,
          "FutureClickCount_4800-dev-os": 226,
          "FutureClickCount_4800-ip-dev-os": 733,
          "FutureClickCount_4800-app-dev-os": 490,
          "FutureClickCount_4800-ip-app-dev-os": 307,
          "FutureClickCount_4800-cha": 321,
          "FutureClickCount_4800-ip-cha": 189,
          "FutureClickCount_4800-app-cha": 518,
          "FutureClickCount_4800-ip-app-cha": 151,
          "FutureClickCount_4800-dev-cha": 252,
          "FutureClickCount_4800-ip-dev-cha": 136,
          "FutureClickCount_4800-app-dev-cha": 328,
          "FutureClickCount_4800-ip-app-dev-cha": 136,
          "FutureClickCount_4800-os-cha": 317,
          "FutureClickCount_4800-ip-os-cha": 70,
          "FutureClickCount_4800-app-os-cha": 335,
          "FutureClickCount_4800-ip-app-os-cha": 71,
          "FutureClickCount_4800-dev-os-cha": 300,
          "FutureClickCount_4800-ip-dev-os-cha": 97,
          "FutureClickCount_4800-app-dev-os-cha": 363,
          "FutureClickCount_4800-ip-app-dev-os-cha": 88,
          "NextClickTimeDelta-ip": 643,
          "NextClickTimeDelta-app": 91,
          "NextClickTimeDelta-ip-app": 817,
          "NextClickTimeDelta-dev": 55,
          "NextClickTimeDelta-ip-dev": 469,
          "NextClickTimeDelta-app-dev": 91,
          "NextClickTimeDelta-ip-app-dev": 566,
          "NextClickTimeDelta-os": 51,
          "NextClickTimeDelta-ip-os": 592,
          "NextClickTimeDelta-app-os": 206,
          "NextClickTimeDelta-ip-app-os": 1439,
          "NextClickTimeDelta-dev-os": 63,
          "NextClickTimeDelta-ip-dev-os": 423,
          "NextClickTimeDelta-app-dev-os": 151,
          "NextClickTimeDelta-ip-app-dev-os": 2557,
          "NextClickTimeDelta-cha": 98,
          "NextClickTimeDelta-ip-cha": 508,
          "NextClickTimeDelta-app-cha": 138,
          "NextClickTimeDelta-ip-app-cha": 428,
          "NextClickTimeDelta-dev-cha": 108,
          "NextClickTimeDelta-ip-dev-cha": 376,
          "NextClickTimeDelta-app-dev-cha": 139,
          "NextClickTimeDelta-ip-app-dev-cha": 377,
          "NextClickTimeDelta-os-cha": 191,
          "NextClickTimeDelta-ip-os-cha": 380,
          "NextClickTimeDelta-app-os-cha": 264,
          "NextClickTimeDelta-ip-app-os-cha": 469,
          "NextClickTimeDelta-dev-os-cha": 195,
          "NextClickTimeDelta-ip-dev-os-cha": 365,
          "NextClickTimeDelta-app-dev-os-cha": 244,
          "NextClickTimeDelta-ip-app-dev-os-cha": 470,
          "PrevClickTimeDelta-ip": 529,
          "PrevClickTimeDelta-app": 89,
          "PrevClickTimeDelta-ip-app": 401,
          "PrevClickTimeDelta-dev": 49,
          "PrevClickTimeDelta-ip-dev": 366,
          "PrevClickTimeDelta-app-dev": 80,
          "PrevClickTimeDelta-ip-app-dev": 334,
          "PrevClickTimeDelta-os": 59,
          "PrevClickTimeDelta-ip-os": 447,
          "PrevClickTimeDelta-app-os": 170,
          "PrevClickTimeDelta-ip-app-os": 364,
          "PrevClickTimeDelta-dev-os": 60,
          "PrevClickTimeDelta-ip-dev-os": 360,
          "PrevClickTimeDelta-app-dev-os": 190,
          "PrevClickTimeDelta-ip-app-dev-os": 351,
          "PrevClickTimeDelta-cha": 96,
          "PrevClickTimeDelta-ip-cha": 381,
          "PrevClickTimeDelta-app-cha": 155,
          "PrevClickTimeDelta-ip-app-cha": 316,
          "PrevClickTimeDelta-dev-cha": 114,
          "PrevClickTimeDelta-ip-dev-cha": 299,
          "PrevClickTimeDelta-app-dev-cha": 143,
          "PrevClickTimeDelta-ip-app-dev-cha": 284,
          "PrevClickTimeDelta-os-cha": 223,
          "PrevClickTimeDelta-ip-os-cha": 252,
          "PrevClickTimeDelta-app-os-cha": 236,
          "PrevClickTimeDelta-ip-app-os-cha": 209,
          "PrevClickTimeDelta-dev-os-cha": 226,
          "PrevClickTimeDelta-ip-dev-os-cha": 224,
          "PrevClickTimeDelta-app-dev-os-cha": 263,
          "PrevClickTimeDelta-ip-app-dev-os-cha": 196,
          "AverageAttributedRatio-ip": 475,
          "AverageAttributedRatio-app": 413,
          "AverageAttributedRatio-ip-app": 304,
          "AverageAttributedRatio-dev": 581,
          "AverageAttributedRatio-ip-dev": 414,
          "AverageAttributedRatio-app-dev": 333,
          "AverageAttributedRatio-ip-app-dev": 325,
          "AverageAttributedRatio-os": 408,
          "AverageAttributedRatio-ip-os": 225,
          "AverageAttributedRatio-app-os": 353,
          "AverageAttributedRatio-ip-app-os": 80,
          "AverageAttributedRatio-dev-os": 386,
          "AverageAttributedRatio-ip-dev-os": 283,
          "AverageAttributedRatio-app-dev-os": 423,
          "AverageAttributedRatio-ip-app-dev-os": 89,
          "AverageAttributedRatio-cha": 354,
          "AverageAttributedRatio-ip-cha": 158,
          "AverageAttributedRatio-app-cha": 318,
          "AverageAttributedRatio-ip-app-cha": 80,
          "AverageAttributedRatio-dev-cha": 293,
          "AverageAttributedRatio-ip-dev-cha": 97,
          "AverageAttributedRatio-app-dev-cha": 346,
          "AverageAttributedRatio-ip-app-dev-cha": 74,
          "AverageAttributedRatio-os-cha": 359,
          "AverageAttributedRatio-ip-os-cha": 53,
          "AverageAttributedRatio-app-os-cha": 373,
          "AverageAttributedRatio-ip-app-os-cha": 53,
          "AverageAttributedRatio-dev-os-cha": 333,
          "AverageAttributedRatio-ip-dev-os-cha": 54,
          "AverageAttributedRatio-app-dev-os-cha": 393,
          "AverageAttributedRatio-ip-app-dev-os-cha": 42,
          "KomakiLDA10NoDevice_1-ip-os-0": 808,
          "KomakiLDA10NoDevice_1-ip-os-1": 551,
          "KomakiLDA10NoDevice_1-ip-os-2": 798,
          "KomakiLDA10NoDevice_1-ip-os-3": 831,
          "KomakiLDA10NoDevice_1-ip-os-4": 767,
          "KomakiLDA10NoDevice_1-ip-os-5": 873,
          "KomakiLDA10NoDevice_1-ip-os-6": 802,
          "KomakiLDA10NoDevice_1-ip-os-7": 717,
          "KomakiLDA10NoDevice_1-ip-os-8": 646,
          "KomakiLDA10NoDevice_1-ip-os-9": 917,
          "KomakiLDA10NoDevice_1-app-ip-0": 171,
          "KomakiLDA10NoDevice_1-app-ip-1": 172,
          "KomakiLDA10NoDevice_1-app-ip-2": 131,
          "KomakiLDA10NoDevice_1-app-ip-3": 151,
          "KomakiLDA10NoDevice_1-app-ip-4": 95,
          "KomakiLDA10NoDevice_1-app-ip-5": 110,
          "KomakiLDA10NoDevice_1-app-ip-6": 155,
          "KomakiLDA10NoDevice_1-app-ip-7": 110,
          "KomakiLDA10NoDevice_1-app-ip-8": 142,
          "KomakiLDA10NoDevice_1-app-ip-9": 98,
          "KomakiLDA10NoDevice_1-app-os-0": 145,
          "KomakiLDA10NoDevice_1-app-os-1": 101,
          "KomakiLDA10NoDevice_1-app-os-2": 100,
          "KomakiLDA10NoDevice_1-app-os-3": 159,
          "KomakiLDA10NoDevice_1-app-os-4": 153,
          "KomakiLDA10NoDevice_1-app-os-5": 117,
          "KomakiLDA10NoDevice_1-app-os-6": 105,
          "KomakiLDA10NoDevice_1-app-os-7": 114,
          "KomakiLDA10NoDevice_1-app-os-8": 87,
          "KomakiLDA10NoDevice_1-app-os-9": 90,
          "KomakiLDA10NoDevice_1-app-channel-0": 70,
          "KomakiLDA10NoDevice_1-app-channel-1": 119,
          "KomakiLDA10NoDevice_1-app-channel-2": 124,
          "KomakiLDA10NoDevice_1-app-channel-3": 47,
          "KomakiLDA10NoDevice_1-app-channel-4": 88,
          "KomakiLDA10NoDevice_1-app-channel-5": 66,
          "KomakiLDA10NoDevice_1-app-channel-6": 90,
          "KomakiLDA10NoDevice_1-app-channel-7": 83,
          "KomakiLDA10NoDevice_1-app-channel-8": 87,
          "KomakiLDA10NoDevice_1-app-channel-9": 45,
          "KomakiLDA10NoDevice_1-channel-ip-0": 260,
          "KomakiLDA10NoDevice_1-channel-ip-1": 196,
          "KomakiLDA10NoDevice_1-channel-ip-2": 198,
          "KomakiLDA10NoDevice_1-channel-ip-3": 224,
          "KomakiLDA10NoDevice_1-channel-ip-4": 186,
          "KomakiLDA10NoDevice_1-channel-ip-5": 108,
          "KomakiLDA10NoDevice_1-channel-ip-6": 222,
          "KomakiLDA10NoDevice_1-channel-ip-7": 226,
          "KomakiLDA10NoDevice_1-channel-ip-8": 181,
          "KomakiLDA10NoDevice_1-channel-ip-9": 49,
          "KomakiLDA10NoDevice_1-channel-os-0": 240,
          "KomakiLDA10NoDevice_1-channel-os-1": 165,
          "KomakiLDA10NoDevice_1-channel-os-2": 44,
          "KomakiLDA10NoDevice_1-channel-os-3": 204,
          "KomakiLDA10NoDevice_1-channel-os-4": 209,
          "KomakiLDA10NoDevice_1-channel-os-5": 251,
          "KomakiLDA10NoDevice_1-channel-os-6": 165,
          "KomakiLDA10NoDevice_1-channel-os-7": 161,
          "KomakiLDA10NoDevice_1-channel-os-8": 48,
          "KomakiLDA10NoDevice_1-channel-os-9": 28,
          "KomakiLDA10NoDevice_2-ip-app-0": 885,
          "KomakiLDA10NoDevice_2-ip-app-1": 679,
          "KomakiLDA10NoDevice_2-ip-app-2": 882,
          "KomakiLDA10NoDevice_2-ip-app-3": 1077,
          "KomakiLDA10NoDevice_2-ip-app-4": 1060,
          "KomakiLDA10NoDevice_2-ip-app-5": 655,
          "KomakiLDA10NoDevice_2-ip-app-6": 857,
          "KomakiLDA10NoDevice_2-ip-app-7": 991,
          "KomakiLDA10NoDevice_2-ip-app-8": 619,
          "KomakiLDA10NoDevice_2-ip-app-9": 828,
          "KomakiLDA10NoDevice_2-ip-channel-0": 907,
          "KomakiLDA10NoDevice_2-ip-channel-1": 890,
          "KomakiLDA10NoDevice_2-ip-channel-2": 883,
          "KomakiLDA10NoDevice_2-ip-channel-3": 854,
          "KomakiLDA10NoDevice_2-ip-channel-4": 775,
          "KomakiLDA10NoDevice_2-ip-channel-5": 842,
          "KomakiLDA10NoDevice_2-ip-channel-6": 872,
          "KomakiLDA10NoDevice_2-ip-channel-7": 698,
          "KomakiLDA10NoDevice_2-ip-channel-8": 904,
          "KomakiLDA10NoDevice_2-ip-channel-9": 820,
          "KomakiLDA10NoDevice_2-os-ip-0": 147,
          "KomakiLDA10NoDevice_2-os-ip-1": 204,
          "KomakiLDA10NoDevice_2-os-ip-2": 200,
          "KomakiLDA10NoDevice_2-os-ip-3": 138,
          "KomakiLDA10NoDevice_2-os-ip-4": 101,
          "KomakiLDA10NoDevice_2-os-ip-5": 127,
          "KomakiLDA10NoDevice_2-os-ip-6": 175,
          "KomakiLDA10NoDevice_2-os-ip-7": 103,
          "KomakiLDA10NoDevice_2-os-ip-8": 117,
          "KomakiLDA10NoDevice_2-os-ip-9": 136,
          "KomakiLDA10NoDevice_2-os-app-0": 210,
          "KomakiLDA10NoDevice_2-os-app-1": 70,
          "KomakiLDA10NoDevice_2-os-app-2": 36,
          "KomakiLDA10NoDevice_2-os-app-3": 198,
          "KomakiLDA10NoDevice_2-os-app-4": 14,
          "KomakiLDA10NoDevice_2-os-app-5": 131,
          "KomakiLDA10NoDevice_2-os-app-6": 48,
          "KomakiLDA10NoDevice_2-os-app-7": 146,
          "KomakiLDA10NoDevice_2-os-app-8": 136,
          "KomakiLDA10NoDevice_2-os-app-9": 126,
          "KomakiLDA10NoDevice_2-os-channel-0": 189,
          "KomakiLDA10NoDevice_2-os-channel-1": 167,
          "KomakiLDA10NoDevice_2-os-channel-2": 94,
          "KomakiLDA10NoDevice_2-os-channel-3": 95,
          "KomakiLDA10NoDevice_2-os-channel-4": 174,
          "KomakiLDA10NoDevice_2-os-channel-5": 217,
          "KomakiLDA10NoDevice_2-os-channel-6": 253,
          "KomakiLDA10NoDevice_2-os-channel-7": 195,
          "KomakiLDA10NoDevice_2-os-channel-8": 123,
          "KomakiLDA10NoDevice_2-os-channel-9": 111,
          "KomakiLDA10NoDevice_2-channel-app-0": 296,
          "KomakiLDA10NoDevice_2-channel-app-1": 120,
          "KomakiLDA10NoDevice_2-channel-app-2": 91,
          "KomakiLDA10NoDevice_2-channel-app-3": 189,
          "KomakiLDA10NoDevice_2-channel-app-4": 138,
          "KomakiLDA10NoDevice_2-channel-app-5": 87,
          "KomakiLDA10NoDevice_2-channel-app-6": 132,
          "KomakiLDA10NoDevice_2-channel-app-7": 161,
          "KomakiLDA10NoDevice_2-channel-app-8": 159,
          "KomakiLDA10NoDevice_2-channel-app-9": 186,
          "KomakiNMF5NoDevice-ip-app-0": 490,
          "KomakiNMF5NoDevice-ip-app-1": 833,
          "KomakiNMF5NoDevice-ip-app-2": 595,
          "KomakiNMF5NoDevice-ip-app-3": 529,
          "KomakiNMF5NoDevice-ip-app-4": 569,
          "KomakiNMF5NoDevice-ip-os-0": 669,
          "KomakiNMF5NoDevice-ip-os-1": 615,
          "KomakiNMF5NoDevice-ip-os-2": 677,
          "KomakiNMF5NoDevice-ip-os-3": 605,
          "KomakiNMF5NoDevice-ip-os-4": 690,
          "KomakiNMF5NoDevice-ip-channel-0": 633,
          "KomakiNMF5NoDevice-ip-channel-1": 1024,
          "KomakiNMF5NoDevice-ip-channel-2": 615,
          "KomakiNMF5NoDevice-ip-channel-3": 767,
          "KomakiNMF5NoDevice-ip-channel-4": 656,
          "KomakiNMF5NoDevice-app-ip-0": 101,
          "KomakiNMF5NoDevice-app-ip-1": 91,
          "KomakiNMF5NoDevice-app-ip-2": 94,
          "KomakiNMF5NoDevice-app-ip-3": 76,
          "KomakiNMF5NoDevice-app-ip-4": 37,
          "KomakiNMF5NoDevice-app-os-0": 31,
          "KomakiNMF5NoDevice-app-os-1": 70,
          "KomakiNMF5NoDevice-app-os-2": 80,
          "KomakiNMF5NoDevice-app-os-3": 31,
          "KomakiNMF5NoDevice-app-os-4": 31,
          "KomakiNMF5NoDevice-app-channel-0": 77,
          "KomakiNMF5NoDevice-app-channel-1": 86,
          "KomakiNMF5NoDevice-app-channel-2": 94,
          "KomakiNMF5NoDevice-app-channel-3": 110,
          "KomakiNMF5NoDevice-app-channel-4": 78,
          "KomakiNMF5NoDevice-os-ip-0": 90,
          "KomakiNMF5NoDevice-os-ip-1": 124,
          "KomakiNMF5NoDevice-os-ip-2": 88,
          "KomakiNMF5NoDevice-os-ip-3": 106,
          "KomakiNMF5NoDevice-os-ip-4": 89,
          "KomakiNMF5NoDevice-os-app-0": 64,
          "KomakiNMF5NoDevice-os-app-1": 1,
          "KomakiNMF5NoDevice-os-app-2": 90,
          "KomakiNMF5NoDevice-os-app-3": 83,
          "KomakiNMF5NoDevice-os-app-4": 76,
          "KomakiNMF5NoDevice-os-channel-0": 214,
          "KomakiNMF5NoDevice-os-channel-1": 129,
          "KomakiNMF5NoDevice-os-channel-2": 195,
          "KomakiNMF5NoDevice-os-channel-3": 139,
          "KomakiNMF5NoDevice-os-channel-4": 131,
          "KomakiNMF5NoDevice-channel-ip-0": 229,
          "KomakiNMF5NoDevice-channel-ip-1": 151,
          "KomakiNMF5NoDevice-channel-ip-2": 178,
          "KomakiNMF5NoDevice-channel-ip-3": 179,
          "KomakiNMF5NoDevice-channel-ip-4": 197,
          "KomakiNMF5NoDevice-channel-app-0": 103,
          "KomakiNMF5NoDevice-channel-app-1": 45,
          "KomakiNMF5NoDevice-channel-app-2": 90,
          "KomakiNMF5NoDevice-channel-app-3": 74,
          "KomakiNMF5NoDevice-channel-app-4": 108,
          "KomakiNMF5NoDevice-channel-os-0": 160,
          "KomakiNMF5NoDevice-channel-os-1": 50,
          "KomakiNMF5NoDevice-channel-os-2": 196,
          "KomakiNMF5NoDevice-channel-os-3": 103,
          "KomakiNMF5NoDevice-channel-os-4": 177,
          "KomakiPCA5NoDevice-ip-app-0": 768,
          "KomakiPCA5NoDevice-ip-app-1": 640,
          "KomakiPCA5NoDevice-ip-app-2": 700,
          "KomakiPCA5NoDevice-ip-app-3": 490,
          "KomakiPCA5NoDevice-ip-app-4": 664,
          "KomakiPCA5NoDevice-ip-os-0": 856,
          "KomakiPCA5NoDevice-ip-os-1": 605,
          "KomakiPCA5NoDevice-ip-os-2": 674,
          "KomakiPCA5NoDevice-ip-os-3": 585,
          "KomakiPCA5NoDevice-ip-os-4": 692,
          "KomakiPCA5NoDevice-ip-channel-0": 830,
          "KomakiPCA5NoDevice-ip-channel-1": 717,
          "KomakiPCA5NoDevice-ip-channel-2": 698,
          "KomakiPCA5NoDevice-ip-channel-3": 743,
          "KomakiPCA5NoDevice-ip-channel-4": 670,
          "KomakiPCA5NoDevice-app-ip-0": 71,
          "KomakiPCA5NoDevice-app-ip-1": 66,
          "KomakiPCA5NoDevice-app-ip-2": 85,
          "KomakiPCA5NoDevice-app-ip-3": 104,
          "KomakiPCA5NoDevice-app-ip-4": 63,
          "KomakiPCA5NoDevice-app-os-0": 123,
          "KomakiPCA5NoDevice-app-os-1": 72,
          "KomakiPCA5NoDevice-app-os-2": 94,
          "KomakiPCA5NoDevice-app-os-3": 121,
          "KomakiPCA5NoDevice-app-os-4": 96,
          "KomakiPCA5NoDevice-app-channel-0": 74,
          "KomakiPCA5NoDevice-app-channel-1": 83,
          "KomakiPCA5NoDevice-app-channel-2": 93,
          "KomakiPCA5NoDevice-app-channel-3": 78,
          "KomakiPCA5NoDevice-app-channel-4": 87,
          "KomakiPCA5NoDevice-os-ip-0": 61,
          "KomakiPCA5NoDevice-os-ip-1": 97,
          "KomakiPCA5NoDevice-os-ip-2": 109,
          "KomakiPCA5NoDevice-os-ip-3": 135,
          "KomakiPCA5NoDevice-os-ip-4": 98,
          "KomakiPCA5NoDevice-os-app-0": 98,
          "KomakiPCA5NoDevice-os-app-1": 67,
          "KomakiPCA5NoDevice-os-app-2": 101,
          "KomakiPCA5NoDevice-os-app-3": 141,
          "KomakiPCA5NoDevice-os-app-4": 169,
          "KomakiPCA5NoDevice-os-channel-0": 121,
          "KomakiPCA5NoDevice-os-channel-1": 165,
          "KomakiPCA5NoDevice-os-channel-2": 103,
          "KomakiPCA5NoDevice-os-channel-3": 111,
          "KomakiPCA5NoDevice-os-channel-4": 117,
          "KomakiPCA5NoDevice-channel-ip-0": 237,
          "KomakiPCA5NoDevice-channel-ip-1": 211,
          "KomakiPCA5NoDevice-channel-ip-2": 174,
          "KomakiPCA5NoDevice-channel-ip-3": 176,
          "KomakiPCA5NoDevice-channel-ip-4": 244,
          "KomakiPCA5NoDevice-channel-app-0": 166,
          "KomakiPCA5NoDevice-channel-app-1": 112,
          "KomakiPCA5NoDevice-channel-app-2": 147,
          "KomakiPCA5NoDevice-channel-app-3": 149,
          "KomakiPCA5NoDevice-channel-app-4": 145,
          "KomakiPCA5NoDevice-channel-os-0": 159,
          "KomakiPCA5NoDevice-channel-os-1": 147,
          "KomakiPCA5NoDevice-channel-os-2": 149,
          "KomakiPCA5NoDevice-channel-os-3": 170,
          "KomakiPCA5NoDevice-channel-os-4": 161
        }
      },
      {
        "train_auc": 0.9943336848696617,
        "valid_auc": 0.9850572665894222,
        "best_iteration": 711,
        "train_time": 623.6652119159698,
        "feature_importance": {
          "app": 3456,
          "hour": 4085,
          "n_channels": 797,
          "ip_app_count": 779,
          "ip_app_os_count": 976,
          "DuplicateRowIndexDiff": 68,
          "FutureClickCount_600-ip": 443,
          "FutureClickCount_600-app": 448,
          "FutureClickCount_600-ip-app": 96,
          "FutureClickCount_600-dev": 270,
          "FutureClickCount_600-ip-dev": 428,
          "FutureClickCount_600-app-dev": 425,
          "FutureClickCount_600-ip-app-dev": 141,
          "FutureClickCount_600-os": 262,
          "FutureClickCount_600-ip-os": 328,
          "FutureClickCount_600-app-os": 384,
          "FutureClickCount_600-ip-app-os": 139,
          "FutureClickCount_600-dev-os": 557,
          "FutureClickCount_600-ip-dev-os": 342,
          "FutureClickCount_600-app-dev-os": 561,
          "FutureClickCount_600-ip-app-dev-os": 289,
          "FutureClickCount_600-cha": 419,
          "FutureClickCount_600-ip-cha": 76,
          "FutureClickCount_600-app-cha": 574,
          "FutureClickCount_600-ip-app-cha": 59,
          "FutureClickCount_600-dev-cha": 285,
          "FutureClickCount_600-ip-dev-cha": 74,
          "FutureClickCount_600-app-dev-cha": 369,
          "FutureClickCount_600-ip-app-dev-cha": 63,
          "FutureClickCount_600-os-cha": 283,
          "FutureClickCount_600-ip-os-cha": 61,
          "FutureClickCount_600-app-os-cha": 305,
          "FutureClickCount_600-ip-app-os-cha": 72,
          "FutureClickCount_600-dev-os-cha": 269,
          "FutureClickCount_600-ip-dev-os-cha": 60,
          "FutureClickCount_600-app-dev-os-cha": 303,
          "FutureClickCount_600-ip-app-dev-os-cha": 79,
          "FutureClickCount_4800-ip": 711,
          "FutureClickCount_4800-app": 299,
          "FutureClickCount_4800-ip-app": 241,
          "FutureClickCount_4800-dev": 77,
          "FutureClickCount_4800-ip-dev": 966,
          "FutureClickCount_4800-app-dev": 189,
          "FutureClickCount_4800-ip-app-dev": 187,
          "FutureClickCount_4800-os": 148,
          "FutureClickCount_4800-ip-os": 496,
          "FutureClickCount_4800-app-os": 353,
          "FutureClickCount_4800-ip-app-os": 236,
          "FutureClickCount_4800-dev-os": 209,
          "FutureClickCount_4800-ip-dev-os": 703,
          "FutureClickCount_4800-app-dev-os": 462,
          "FutureClickCount_4800-ip-app-dev-os": 310,
          "FutureClickCount_4800-cha": 306,
          "FutureClickCount_4800-ip-cha": 180,
          "FutureClickCount_4800-app-cha": 525,
          "FutureClickCount_4800-ip-app-cha": 141,
          "FutureClickCount_4800-dev-cha": 222,
          "FutureClickCount_4800-ip-dev-cha": 132,
          "FutureClickCount_4800-app-dev-cha": 314,
          "FutureClickCount_4800-ip-app-dev-cha": 111,
          "FutureClickCount_4800-os-cha": 289,
          "FutureClickCount_4800-ip-os-cha": 78,
          "FutureClickCount_4800-app-os-cha": 337,
          "FutureClickCount_4800-ip-app-os-cha": 84,
          "FutureClickCount_4800-dev-os-cha": 294,
          "FutureClickCount_4800-ip-dev-os-cha": 94,
          "FutureClickCount_4800-app-dev-os-cha": 316,
          "FutureClickCount_4800-ip-app-dev-os-cha": 71,
          "NextClickTimeDelta-ip": 607,
          "NextClickTimeDelta-app": 87,
          "NextClickTimeDelta-ip-app": 788,
          "NextClickTimeDelta-dev": 61,
          "NextClickTimeDelta-ip-dev": 462,
          "NextClickTimeDelta-app-dev": 80,
          "NextClickTimeDelta-ip-app-dev": 529,
          "NextClickTimeDelta-os": 60,
          "NextClickTimeDelta-ip-os": 602,
          "NextClickTimeDelta-app-os": 178,
          "NextClickTimeDelta-ip-app-os": 1434,
          "NextClickTimeDelta-dev-os": 75,
          "NextClickTimeDelta-ip-dev-os": 483,
          "NextClickTimeDelta-app-dev-os": 161,
          "NextClickTimeDelta-ip-app-dev-os": 2431,
          "NextClickTimeDelta-cha": 82,
          "NextClickTimeDelta-ip-cha": 429,
          "NextClickTimeDelta-app-cha": 148,
          "NextClickTimeDelta-ip-app-cha": 390,
          "NextClickTimeDelta-dev-cha": 93,
          "NextClickTimeDelta-ip-dev-cha": 373,
          "NextClickTimeDelta-app-dev-cha": 131,
          "NextClickTimeDelta-ip-app-dev-cha": 351,
          "NextClickTimeDelta-os-cha": 198,
          "NextClickTimeDelta-ip-os-cha": 373,
          "NextClickTimeDelta-app-os-cha": 236,
          "NextClickTimeDelta-ip-app-os-cha": 412,
          "NextClickTimeDelta-dev-os-cha": 157,
          "NextClickTimeDelta-ip-dev-os-cha": 325,
          "NextClickTimeDelta-app-dev-os-cha": 221,
          "NextClickTimeDelta-ip-app-dev-os-cha": 496,
          "PrevClickTimeDelta-ip": 490,
          "PrevClickTimeDelta-app": 85,
          "PrevClickTimeDelta-ip-app": 342,
          "PrevClickTimeDelta-dev": 40,
          "PrevClickTimeDelta-ip-dev": 313,
          "PrevClickTimeDelta-app-dev": 67,
          "PrevClickTimeDelta-ip-app-dev": 283,
          "PrevClickTimeDelta-os": 91,
          "PrevClickTimeDelta-ip-os": 449,
          "PrevClickTimeDelta-app-os": 157,
          "PrevClickTimeDelta-ip-app-os": 375,
          "PrevClickTimeDelta-dev-os": 68,
          "PrevClickTimeDelta-ip-dev-os": 328,
          "PrevClickTimeDelta-app-dev-os": 143,
          "PrevClickTimeDelta-ip-app-dev-os": 327,
          "PrevClickTimeDelta-cha": 77,
          "PrevClickTimeDelta-ip-cha": 337,
          "PrevClickTimeDelta-app-cha": 136,
          "PrevClickTimeDelta-ip-app-cha": 278,
          "PrevClickTimeDelta-dev-cha": 85,
          "PrevClickTimeDelta-ip-dev-cha": 252,
          "PrevClickTimeDelta-app-dev-cha": 117,
          "PrevClickTimeDelta-ip-app-dev-cha": 244,
          "PrevClickTimeDelta-os-cha": 200,
          "PrevClickTimeDelta-ip-os-cha": 222,
          "PrevClickTimeDelta-app-os-cha": 206,
          "PrevClickTimeDelta-ip-app-os-cha": 249,
          "PrevClickTimeDelta-dev-os-cha": 154,
          "PrevClickTimeDelta-ip-dev-os-cha": 180,
          "PrevClickTimeDelta-app-dev-os-cha": 188,
          "PrevClickTimeDelta-ip-app-dev-os-cha": 192,
          "AverageAttributedRatio-ip": 433,
          "AverageAttributedRatio-app": 365,
          "AverageAttributedRatio-ip-app": 302,
          "AverageAttributedRatio-dev": 602,
          "AverageAttributedRatio-ip-dev": 380,
          "AverageAttributedRatio-app-dev": 301,
          "AverageAttributedRatio-ip-app-dev": 315,
          "AverageAttributedRatio-os": 376,
          "AverageAttributedRatio-ip-os": 212,
          "AverageAttributedRatio-app-os": 342,
          "AverageAttributedRatio-ip-app-os": 93,
          "AverageAttributedRatio-dev-os": 362,
          "AverageAttributedRatio-ip-dev-os": 254,
          "AverageAttributedRatio-app-dev-os": 407,
          "AverageAttributedRatio-ip-app-dev-os": 70,
          "AverageAttributedRatio-cha": 317,
          "AverageAttributedRatio-ip-cha": 126,
          "AverageAttributedRatio-app-cha": 316,
          "AverageAttributedRatio-ip-app-cha": 72,
          "AverageAttributedRatio-dev-cha": 258,
          "AverageAttributedRatio-ip-dev-cha": 97,
          "AverageAttributedRatio-app-dev-cha": 326,
          "AverageAttributedRatio-ip-app-dev-cha": 101,
          "AverageAttributedRatio-os-cha": 304,
          "AverageAttributedRatio-ip-os-cha": 46,
          "AverageAttributedRatio-app-os-cha": 428,
          "AverageAttributedRatio-ip-app-os-cha": 25,
          "AverageAttributedRatio-dev-os-cha": 314,
          "AverageAttributedRatio-ip-dev-os-cha": 47,
          "AverageAttributedRatio-app-dev-os-cha": 371,
          "AverageAttributedRatio-ip-app-dev-os-cha": 28,
          "KomakiLDA10NoDevice_1-ip-os-0": 705,
          "KomakiLDA10NoDevice_1-ip-os-1": 528,
          "KomakiLDA10NoDevice_1-ip-os-2": 697,
          "KomakiLDA10NoDevice_1-ip-os-3": 785,
          "KomakiLDA10NoDevice_1-ip-os-4": 665,
          "KomakiLDA10NoDevice_1-ip-os-5": 844,
          "KomakiLDA10NoDevice_1-ip-os-6": 764,
          "KomakiLDA10NoDevice_1-ip-os-7": 624,
          "KomakiLDA10NoDevice_1-ip-os-8": 617,
          "KomakiLDA10NoDevice_1-ip-os-9": 792,
          "KomakiLDA10NoDevice_1-app-ip-0": 163,
          "KomakiLDA10NoDevice_1-app-ip-1": 165,
          "KomakiLDA10NoDevice_1-app-ip-2": 124,
          "KomakiLDA10NoDevice_1-app-ip-3": 130,
          "KomakiLDA10NoDevice_1-app-ip-4": 120,
          "KomakiLDA10NoDevice_1-app-ip-5": 84,
          "KomakiLDA10NoDevice_1-app-ip-6": 176,
          "KomakiLDA10NoDevice_1-app-ip-7": 85,
          "KomakiLDA10NoDevice_1-app-ip-8": 139,
          "KomakiLDA10NoDevice_1-app-ip-9": 82,
          "KomakiLDA10NoDevice_1-app-os-0": 128,
          "KomakiLDA10NoDevice_1-app-os-1": 86,
          "KomakiLDA10NoDevice_1-app-os-2": 97,
          "KomakiLDA10NoDevice_1-app-os-3": 117,
          "KomakiLDA10NoDevice_1-app-os-4": 146,
          "KomakiLDA10NoDevice_1-app-os-5": 152,
          "KomakiLDA10NoDevice_1-app-os-6": 72,
          "KomakiLDA10NoDevice_1-app-os-7": 95,
          "KomakiLDA10NoDevice_1-app-os-8": 97,
          "KomakiLDA10NoDevice_1-app-os-9": 86,
          "KomakiLDA10NoDevice_1-app-channel-0": 68,
          "KomakiLDA10NoDevice_1-app-channel-1": 108,
          "KomakiLDA10NoDevice_1-app-channel-2": 149,
          "KomakiLDA10NoDevice_1-app-channel-3": 44,
          "KomakiLDA10NoDevice_1-app-channel-4": 77,
          "KomakiLDA10NoDevice_1-app-channel-5": 66,
          "KomakiLDA10NoDevice_1-app-channel-6": 104,
          "KomakiLDA10NoDevice_1-app-channel-7": 105,
          "KomakiLDA10NoDevice_1-app-channel-8": 79,
          "KomakiLDA10NoDevice_1-app-channel-9": 59,
          "KomakiLDA10NoDevice_1-channel-ip-0": 258,
          "KomakiLDA10NoDevice_1-channel-ip-1": 204,
          "KomakiLDA10NoDevice_1-channel-ip-2": 210,
          "KomakiLDA10NoDevice_1-channel-ip-3": 220,
          "KomakiLDA10NoDevice_1-channel-ip-4": 188,
          "KomakiLDA10NoDevice_1-channel-ip-5": 102,
          "KomakiLDA10NoDevice_1-channel-ip-6": 165,
          "KomakiLDA10NoDevice_1-channel-ip-7": 211,
          "KomakiLDA10NoDevice_1-channel-ip-8": 171,
          "KomakiLDA10NoDevice_1-channel-ip-9": 51,
          "KomakiLDA10NoDevice_1-channel-os-0": 173,
          "KomakiLDA10NoDevice_1-channel-os-1": 150,
          "KomakiLDA10NoDevice_1-channel-os-2": 22,
          "KomakiLDA10NoDevice_1-channel-os-3": 197,
          "KomakiLDA10NoDevice_1-channel-os-4": 181,
          "KomakiLDA10NoDevice_1-channel-os-5": 235,
          "KomakiLDA10NoDevice_1-channel-os-6": 159,
          "KomakiLDA10NoDevice_1-channel-os-7": 158,
          "KomakiLDA10NoDevice_1-channel-os-8": 80,
          "KomakiLDA10NoDevice_1-channel-os-9": 28,
          "KomakiLDA10NoDevice_2-ip-app-0": 834,
          "KomakiLDA10NoDevice_2-ip-app-1": 642,
          "KomakiLDA10NoDevice_2-ip-app-2": 877,
          "KomakiLDA10NoDevice_2-ip-app-3": 967,
          "KomakiLDA10NoDevice_2-ip-app-4": 998,
          "KomakiLDA10NoDevice_2-ip-app-5": 639,
          "KomakiLDA10NoDevice_2-ip-app-6": 782,
          "KomakiLDA10NoDevice_2-ip-app-7": 949,
          "KomakiLDA10NoDevice_2-ip-app-8": 564,
          "KomakiLDA10NoDevice_2-ip-app-9": 756,
          "KomakiLDA10NoDevice_2-ip-channel-0": 851,
          "KomakiLDA10NoDevice_2-ip-channel-1": 834,
          "KomakiLDA10NoDevice_2-ip-channel-2": 848,
          "KomakiLDA10NoDevice_2-ip-channel-3": 814,
          "KomakiLDA10NoDevice_2-ip-channel-4": 737,
          "KomakiLDA10NoDevice_2-ip-channel-5": 909,
          "KomakiLDA10NoDevice_2-ip-channel-6": 826,
          "KomakiLDA10NoDevice_2-ip-channel-7": 715,
          "KomakiLDA10NoDevice_2-ip-channel-8": 884,
          "KomakiLDA10NoDevice_2-ip-channel-9": 709,
          "KomakiLDA10NoDevice_2-os-ip-0": 168,
          "KomakiLDA10NoDevice_2-os-ip-1": 168,
          "KomakiLDA10NoDevice_2-os-ip-2": 187,
          "KomakiLDA10NoDevice_2-os-ip-3": 151,
          "KomakiLDA10NoDevice_2-os-ip-4": 119,
          "KomakiLDA10NoDevice_2-os-ip-5": 119,
          "KomakiLDA10NoDevice_2-os-ip-6": 136,
          "KomakiLDA10NoDevice_2-os-ip-7": 120,
          "KomakiLDA10NoDevice_2-os-ip-8": 142,
          "KomakiLDA10NoDevice_2-os-ip-9": 111,
          "KomakiLDA10NoDevice_2-os-app-0": 238,
          "KomakiLDA10NoDevice_2-os-app-1": 63,
          "KomakiLDA10NoDevice_2-os-app-2": 39,
          "KomakiLDA10NoDevice_2-os-app-3": 215,
          "KomakiLDA10NoDevice_2-os-app-4": 20,
          "KomakiLDA10NoDevice_2-os-app-5": 149,
          "KomakiLDA10NoDevice_2-os-app-6": 39,
          "KomakiLDA10NoDevice_2-os-app-7": 160,
          "KomakiLDA10NoDevice_2-os-app-8": 127,
          "KomakiLDA10NoDevice_2-os-app-9": 122,
          "KomakiLDA10NoDevice_2-os-channel-0": 205,
          "KomakiLDA10NoDevice_2-os-channel-1": 179,
          "KomakiLDA10NoDevice_2-os-channel-2": 73,
          "KomakiLDA10NoDevice_2-os-channel-3": 105,
          "KomakiLDA10NoDevice_2-os-channel-4": 158,
          "KomakiLDA10NoDevice_2-os-channel-5": 220,
          "KomakiLDA10NoDevice_2-os-channel-6": 225,
          "KomakiLDA10NoDevice_2-os-channel-7": 165,
          "KomakiLDA10NoDevice_2-os-channel-8": 117,
          "KomakiLDA10NoDevice_2-os-channel-9": 109,
          "KomakiLDA10NoDevice_2-channel-app-0": 305,
          "KomakiLDA10NoDevice_2-channel-app-1": 99,
          "KomakiLDA10NoDevice_2-channel-app-2": 90,
          "KomakiLDA10NoDevice_2-channel-app-3": 163,
          "KomakiLDA10NoDevice_2-channel-app-4": 127,
          "KomakiLDA10NoDevice_2-channel-app-5": 105,
          "KomakiLDA10NoDevice_2-channel-app-6": 125,
          "KomakiLDA10NoDevice_2-channel-app-7": 151,
          "KomakiLDA10NoDevice_2-channel-app-8": 149,
          "KomakiLDA10NoDevice_2-channel-app-9": 163,
          "KomakiNMF5NoDevice-ip-app-0": 422,
          "KomakiNMF5NoDevice-ip-app-1": 776,
          "KomakiNMF5NoDevice-ip-app-2": 543,
          "KomakiNMF5NoDevice-ip-app-3": 481,
          "KomakiNMF5NoDevice-ip-app-4": 522,
          "KomakiNMF5NoDevice-ip-os-0": 648,
          "KomakiNMF5NoDevice-ip-os-1": 677,
          "KomakiNMF5NoDevice-ip-os-2": 596,
          "KomakiNMF5NoDevice-ip-os-3": 561,
          "KomakiNMF5NoDevice-ip-os-4": 603,
          "KomakiNMF5NoDevice-ip-channel-0": 539,
          "KomakiNMF5NoDevice-ip-channel-1": 969,
          "KomakiNMF5NoDevice-ip-channel-2": 529,
          "KomakiNMF5NoDevice-ip-channel-3": 674,
          "KomakiNMF5NoDevice-ip-channel-4": 564,
          "KomakiNMF5NoDevice-app-ip-0": 91,
          "KomakiNMF5NoDevice-app-ip-1": 94,
          "KomakiNMF5NoDevice-app-ip-2": 89,
          "KomakiNMF5NoDevice-app-ip-3": 89,
          "KomakiNMF5NoDevice-app-ip-4": 46,
          "KomakiNMF5NoDevice-app-os-0": 28,
          "KomakiNMF5NoDevice-app-os-1": 78,
          "KomakiNMF5NoDevice-app-os-2": 75,
          "KomakiNMF5NoDevice-app-os-3": 27,
          "KomakiNMF5NoDevice-app-os-4": 30,
          "KomakiNMF5NoDevice-app-channel-0": 73,
          "KomakiNMF5NoDevice-app-channel-1": 81,
          "KomakiNMF5NoDevice-app-channel-2": 89,
          "KomakiNMF5NoDevice-app-channel-3": 97,
          "KomakiNMF5NoDevice-app-channel-4": 60,
          "KomakiNMF5NoDevice-os-ip-0": 118,
          "KomakiNMF5NoDevice-os-ip-1": 118,
          "KomakiNMF5NoDevice-os-ip-2": 88,
          "KomakiNMF5NoDevice-os-ip-3": 109,
          "KomakiNMF5NoDevice-os-ip-4": 91,
          "KomakiNMF5NoDevice-os-app-0": 71,
          "KomakiNMF5NoDevice-os-app-1": 1,
          "KomakiNMF5NoDevice-os-app-2": 78,
          "KomakiNMF5NoDevice-os-app-3": 91,
          "KomakiNMF5NoDevice-os-app-4": 94,
          "KomakiNMF5NoDevice-os-channel-0": 176,
          "KomakiNMF5NoDevice-os-channel-1": 83,
          "KomakiNMF5NoDevice-os-channel-2": 207,
          "KomakiNMF5NoDevice-os-channel-3": 142,
          "KomakiNMF5NoDevice-os-channel-4": 107,
          "KomakiNMF5NoDevice-channel-ip-0": 232,
          "KomakiNMF5NoDevice-channel-ip-1": 145,
          "KomakiNMF5NoDevice-channel-ip-2": 172,
          "KomakiNMF5NoDevice-channel-ip-3": 182,
          "KomakiNMF5NoDevice-channel-ip-4": 189,
          "KomakiNMF5NoDevice-channel-app-0": 103,
          "KomakiNMF5NoDevice-channel-app-1": 32,
          "KomakiNMF5NoDevice-channel-app-2": 79,
          "KomakiNMF5NoDevice-channel-app-3": 78,
          "KomakiNMF5NoDevice-channel-app-4": 119,
          "KomakiNMF5NoDevice-channel-os-0": 149,
          "KomakiNMF5NoDevice-channel-os-1": 36,
          "KomakiNMF5NoDevice-channel-os-2": 172,
          "KomakiNMF5NoDevice-channel-os-3": 100,
          "KomakiNMF5NoDevice-channel-os-4": 178,
          "KomakiPCA5NoDevice-ip-app-0": 705,
          "KomakiPCA5NoDevice-ip-app-1": 678,
          "KomakiPCA5NoDevice-ip-app-2": 555,
          "KomakiPCA5NoDevice-ip-app-3": 460,
          "KomakiPCA5NoDevice-ip-app-4": 650,
          "KomakiPCA5NoDevice-ip-os-0": 787,
          "KomakiPCA5NoDevice-ip-os-1": 535,
          "KomakiPCA5NoDevice-ip-os-2": 563,
          "KomakiPCA5NoDevice-ip-os-3": 560,
          "KomakiPCA5NoDevice-ip-os-4": 666,
          "KomakiPCA5NoDevice-ip-channel-0": 813,
          "KomakiPCA5NoDevice-ip-channel-1": 623,
          "KomakiPCA5NoDevice-ip-channel-2": 600,
          "KomakiPCA5NoDevice-ip-channel-3": 718,
          "KomakiPCA5NoDevice-ip-channel-4": 644,
          "KomakiPCA5NoDevice-app-ip-0": 62,
          "KomakiPCA5NoDevice-app-ip-1": 68,
          "KomakiPCA5NoDevice-app-ip-2": 70,
          "KomakiPCA5NoDevice-app-ip-3": 110,
          "KomakiPCA5NoDevice-app-ip-4": 64,
          "KomakiPCA5NoDevice-app-os-0": 118,
          "KomakiPCA5NoDevice-app-os-1": 61,
          "KomakiPCA5NoDevice-app-os-2": 75,
          "KomakiPCA5NoDevice-app-os-3": 102,
          "KomakiPCA5NoDevice-app-os-4": 85,
          "KomakiPCA5NoDevice-app-channel-0": 66,
          "KomakiPCA5NoDevice-app-channel-1": 115,
          "KomakiPCA5NoDevice-app-channel-2": 91,
          "KomakiPCA5NoDevice-app-channel-3": 85,
          "KomakiPCA5NoDevice-app-channel-4": 81,
          "KomakiPCA5NoDevice-os-ip-0": 46,
          "KomakiPCA5NoDevice-os-ip-1": 107,
          "KomakiPCA5NoDevice-os-ip-2": 87,
          "KomakiPCA5NoDevice-os-ip-3": 152,
          "KomakiPCA5NoDevice-os-ip-4": 131,
          "KomakiPCA5NoDevice-os-app-0": 122,
          "KomakiPCA5NoDevice-os-app-1": 72,
          "KomakiPCA5NoDevice-os-app-2": 87,
          "KomakiPCA5NoDevice-os-app-3": 130,
          "KomakiPCA5NoDevice-os-app-4": 121,
          "KomakiPCA5NoDevice-os-channel-0": 131,
          "KomakiPCA5NoDevice-os-channel-1": 197,
          "KomakiPCA5NoDevice-os-channel-2": 82,
          "KomakiPCA5NoDevice-os-channel-3": 94,
          "KomakiPCA5NoDevice-os-channel-4": 130,
          "KomakiPCA5NoDevice-channel-ip-0": 191,
          "KomakiPCA5NoDevice-channel-ip-1": 178,
          "KomakiPCA5NoDevice-channel-ip-2": 156,
          "KomakiPCA5NoDevice-channel-ip-3": 190,
          "KomakiPCA5NoDevice-channel-ip-4": 212,
          "KomakiPCA5NoDevice-channel-app-0": 155,
          "KomakiPCA5NoDevice-channel-app-1": 108,
          "KomakiPCA5NoDevice-channel-app-2": 134,
          "KomakiPCA5NoDevice-channel-app-3": 123,
          "KomakiPCA5NoDevice-channel-app-4": 132,
          "KomakiPCA5NoDevice-channel-os-0": 143,
          "KomakiPCA5NoDevice-channel-os-1": 146,
          "KomakiPCA5NoDevice-channel-os-2": 171,
          "KomakiPCA5NoDevice-channel-os-3": 143,
          "KomakiPCA5NoDevice-channel-os-4": 184
        }
      }
    ],
    "average_train_auc": 0.9943366407986582,
    "average_valid_auc": 0.985018417056672,
    "train_auc_std": 0.0004313607522352111,
    "valid_auc_std": 8.278657524889369e-05,
    "average_train_time": 632.8928083896637
  },
  "config": {
    "features": [
      "app",
      "hour",
      "count",
      "duplicated_row_index_diff",
      "future_click_count_10",
      "future_click_count_80",
      "next_click_time_delta",
      "prev_click_time_delta",
      "average_attributed_ratio",
      "komaki_lda_10_no_device_1",
      "komaki_lda_10_no_device_2",
      "komaki_nmf_5_no_device",
      "komaki_pca_5_no_device"
    ],
    "model": {
      "name": "lightgbm",
      "model_params": {
        "boosting_type": "gbdt",
        "objective": "binary",
        "metric": "auc",
        "learning_rate": 0.03,
        "num_leaves": 255,
        "max_depth": 8,
        "min_child_samples": 50,
        "subsample": 0.7,
        "subsample_freq": 1,
        "colsample_bytree": 0.7,
        "min_child_weight": 0,
        "subsample_for_bin": 1000000,
        "min_split_gain": 0,
        "reg_lambda": 0,
        "verbose": 0
      },
      "train_params": {
        "num_boost_round": 2000,
        "early_stopping_rounds": 30
      }
    },
    "dataset": {
      "input_directory": "data/input/",
      "cache_directory": "data/working/",
      "files": {
        "train": "train.feather",
        "test": "old_test.feather"
      },
      "negative_down_sampling": {
        "enabled": true,
        "bagging_size": 5
      }
    },
    "rank_average": true,
    "note": "68 + min_child_samples = 50"
  }
}