{
  "training": {
    "trials": [
      {
        "train_auc": 0.9947554790922076,
        "valid_auc": 0.9849154403459237,
        "best_iteration": 695,
        "train_time": 444.3540737628937,
        "feature_importance": {
          "app": 3768,
          "hour": 4292,
          "n_channels": 1237,
          "ip_app_count": 1253,
          "ip_app_os_count": 1246,
          "FutureClickCount_600-ip": 766,
          "FutureClickCount_600-app": 704,
          "FutureClickCount_600-ip-app": 248,
          "FutureClickCount_600-dev": 316,
          "FutureClickCount_600-ip-dev": 703,
          "FutureClickCount_600-app-dev": 541,
          "FutureClickCount_600-ip-app-dev": 238,
          "FutureClickCount_600-os": 404,
          "FutureClickCount_600-ip-os": 489,
          "FutureClickCount_600-app-os": 554,
          "FutureClickCount_600-ip-app-os": 253,
          "FutureClickCount_600-dev-os": 779,
          "FutureClickCount_600-ip-dev-os": 495,
          "FutureClickCount_600-app-dev-os": 736,
          "FutureClickCount_600-ip-app-dev-os": 411,
          "FutureClickCount_600-cha": 637,
          "FutureClickCount_600-ip-cha": 164,
          "FutureClickCount_600-app-cha": 806,
          "FutureClickCount_600-ip-app-cha": 146,
          "FutureClickCount_600-dev-cha": 464,
          "FutureClickCount_600-ip-dev-cha": 154,
          "FutureClickCount_600-app-dev-cha": 495,
          "FutureClickCount_600-ip-app-dev-cha": 121,
          "FutureClickCount_600-os-cha": 481,
          "FutureClickCount_600-ip-os-cha": 101,
          "FutureClickCount_600-app-os-cha": 437,
          "FutureClickCount_600-ip-app-os-cha": 113,
          "FutureClickCount_600-dev-os-cha": 430,
          "FutureClickCount_600-ip-dev-os-cha": 91,
          "FutureClickCount_600-app-dev-os-cha": 408,
          "FutureClickCount_600-ip-app-dev-os-cha": 114,
          "FutureClickCount_4800-ip": 1095,
          "FutureClickCount_4800-app": 403,
          "FutureClickCount_4800-ip-app": 424,
          "FutureClickCount_4800-dev": 106,
          "FutureClickCount_4800-ip-dev": 1214,
          "FutureClickCount_4800-app-dev": 253,
          "FutureClickCount_4800-ip-app-dev": 361,
          "FutureClickCount_4800-os": 183,
          "FutureClickCount_4800-ip-os": 761,
          "FutureClickCount_4800-app-os": 471,
          "FutureClickCount_4800-ip-app-os": 393,
          "FutureClickCount_4800-dev-os": 289,
          "FutureClickCount_4800-ip-dev-os": 859,
          "FutureClickCount_4800-app-dev-os": 564,
          "FutureClickCount_4800-ip-app-dev-os": 450,
          "FutureClickCount_4800-cha": 409,
          "FutureClickCount_4800-ip-cha": 292,
          "FutureClickCount_4800-app-cha": 646,
          "FutureClickCount_4800-ip-app-cha": 255,
          "FutureClickCount_4800-dev-cha": 342,
          "FutureClickCount_4800-ip-dev-cha": 304,
          "FutureClickCount_4800-app-dev-cha": 411,
          "FutureClickCount_4800-ip-app-dev-cha": 190,
          "FutureClickCount_4800-os-cha": 478,
          "FutureClickCount_4800-ip-os-cha": 154,
          "FutureClickCount_4800-app-os-cha": 453,
          "FutureClickCount_4800-ip-app-os-cha": 139,
          "FutureClickCount_4800-dev-os-cha": 422,
          "FutureClickCount_4800-ip-dev-os-cha": 137,
          "FutureClickCount_4800-app-dev-os-cha": 447,
          "FutureClickCount_4800-ip-app-dev-os-cha": 118,
          "NextClickTimeDelta-ip": 947,
          "NextClickTimeDelta-app": 152,
          "NextClickTimeDelta-ip-app": 1152,
          "NextClickTimeDelta-dev": 92,
          "NextClickTimeDelta-ip-dev": 651,
          "NextClickTimeDelta-app-dev": 118,
          "NextClickTimeDelta-ip-app-dev": 789,
          "NextClickTimeDelta-os": 145,
          "NextClickTimeDelta-ip-os": 796,
          "NextClickTimeDelta-app-os": 295,
          "NextClickTimeDelta-ip-app-os": 1634,
          "NextClickTimeDelta-dev-os": 136,
          "NextClickTimeDelta-ip-dev-os": 521,
          "NextClickTimeDelta-app-dev-os": 256,
          "NextClickTimeDelta-ip-app-dev-os": 2662,
          "NextClickTimeDelta-cha": 174,
          "NextClickTimeDelta-ip-cha": 731,
          "NextClickTimeDelta-app-cha": 256,
          "NextClickTimeDelta-ip-app-cha": 613,
          "NextClickTimeDelta-dev-cha": 151,
          "NextClickTimeDelta-ip-dev-cha": 519,
          "NextClickTimeDelta-app-dev-cha": 186,
          "NextClickTimeDelta-ip-app-dev-cha": 474,
          "NextClickTimeDelta-os-cha": 328,
          "NextClickTimeDelta-ip-os-cha": 491,
          "NextClickTimeDelta-app-os-cha": 427,
          "NextClickTimeDelta-ip-app-os-cha": 626,
          "NextClickTimeDelta-dev-os-cha": 284,
          "NextClickTimeDelta-ip-dev-os-cha": 431,
          "NextClickTimeDelta-app-dev-os-cha": 357,
          "NextClickTimeDelta-ip-app-dev-os-cha": 656,
          "PrevClickTimeDelta-ip": 849,
          "PrevClickTimeDelta-app": 166,
          "PrevClickTimeDelta-ip-app": 596,
          "PrevClickTimeDelta-dev": 93,
          "PrevClickTimeDelta-ip-dev": 536,
          "PrevClickTimeDelta-app-dev": 122,
          "PrevClickTimeDelta-ip-app-dev": 435,
          "PrevClickTimeDelta-os": 146,
          "PrevClickTimeDelta-ip-os": 681,
          "PrevClickTimeDelta-app-os": 274,
          "PrevClickTimeDelta-ip-app-os": 482,
          "PrevClickTimeDelta-dev-os": 108,
          "PrevClickTimeDelta-ip-dev-os": 485,
          "PrevClickTimeDelta-app-dev-os": 239,
          "PrevClickTimeDelta-ip-app-dev-os": 414,
          "PrevClickTimeDelta-cha": 150,
          "PrevClickTimeDelta-ip-cha": 591,
          "PrevClickTimeDelta-app-cha": 233,
          "PrevClickTimeDelta-ip-app-cha": 429,
          "PrevClickTimeDelta-dev-cha": 175,
          "PrevClickTimeDelta-ip-dev-cha": 382,
          "PrevClickTimeDelta-app-dev-cha": 152,
          "PrevClickTimeDelta-ip-app-dev-cha": 332,
          "PrevClickTimeDelta-os-cha": 361,
          "PrevClickTimeDelta-ip-os-cha": 405,
          "PrevClickTimeDelta-app-os-cha": 365,
          "PrevClickTimeDelta-ip-app-os-cha": 340,
          "PrevClickTimeDelta-dev-os-cha": 312,
          "PrevClickTimeDelta-ip-dev-os-cha": 269,
          "PrevClickTimeDelta-app-dev-os-cha": 330,
          "PrevClickTimeDelta-ip-app-dev-os-cha": 248,
          "AverageAttributedRatio-ip": 614,
          "AverageAttributedRatio-app": 559,
          "AverageAttributedRatio-ip-app": 418,
          "AverageAttributedRatio-dev": 874,
          "AverageAttributedRatio-ip-dev": 630,
          "AverageAttributedRatio-app-dev": 375,
          "AverageAttributedRatio-ip-app-dev": 494,
          "AverageAttributedRatio-os": 576,
          "AverageAttributedRatio-ip-os": 390,
          "AverageAttributedRatio-app-os": 481,
          "AverageAttributedRatio-ip-app-os": 146,
          "AverageAttributedRatio-dev-os": 527,
          "AverageAttributedRatio-ip-dev-os": 374,
          "AverageAttributedRatio-app-dev-os": 490,
          "AverageAttributedRatio-ip-app-dev-os": 130,
          "AverageAttributedRatio-cha": 496,
          "AverageAttributedRatio-ip-cha": 232,
          "AverageAttributedRatio-app-cha": 423,
          "AverageAttributedRatio-ip-app-cha": 170,
          "AverageAttributedRatio-dev-cha": 322,
          "AverageAttributedRatio-ip-dev-cha": 179,
          "AverageAttributedRatio-app-dev-cha": 386,
          "AverageAttributedRatio-ip-app-dev-cha": 167,
          "AverageAttributedRatio-os-cha": 434,
          "AverageAttributedRatio-ip-os-cha": 138,
          "AverageAttributedRatio-app-os-cha": 568,
          "AverageAttributedRatio-ip-app-os-cha": 95,
          "AverageAttributedRatio-dev-os-cha": 385,
          "AverageAttributedRatio-ip-dev-os-cha": 81,
          "AverageAttributedRatio-app-dev-os-cha": 469,
          "AverageAttributedRatio-ip-app-dev-os-cha": 92,
          "KomakiLDA5NoDevice-ip-app-0": 1453,
          "KomakiLDA5NoDevice-ip-app-1": 1359,
          "KomakiLDA5NoDevice-ip-app-2": 1476,
          "KomakiLDA5NoDevice-ip-app-3": 1014,
          "KomakiLDA5NoDevice-ip-app-4": 908,
          "KomakiLDA5NoDevice-ip-os-0": 1407,
          "KomakiLDA5NoDevice-ip-os-1": 1326,
          "KomakiLDA5NoDevice-ip-os-2": 1053,
          "KomakiLDA5NoDevice-ip-os-3": 1125,
          "KomakiLDA5NoDevice-ip-os-4": 1202,
          "KomakiLDA5NoDevice-ip-channel-0": 1404,
          "KomakiLDA5NoDevice-ip-channel-1": 1161,
          "KomakiLDA5NoDevice-ip-channel-2": 1400,
          "KomakiLDA5NoDevice-ip-channel-3": 1448,
          "KomakiLDA5NoDevice-ip-channel-4": 1496,
          "KomakiLDA5NoDevice-app-ip-0": 384,
          "KomakiLDA5NoDevice-app-ip-1": 293,
          "KomakiLDA5NoDevice-app-ip-2": 279,
          "KomakiLDA5NoDevice-app-ip-3": 275,
          "KomakiLDA5NoDevice-app-ip-4": 239,
          "KomakiLDA5NoDevice-app-os-0": 170,
          "KomakiLDA5NoDevice-app-os-1": 282,
          "KomakiLDA5NoDevice-app-os-2": 229,
          "KomakiLDA5NoDevice-app-os-3": 181,
          "KomakiLDA5NoDevice-app-os-4": 272,
          "KomakiLDA5NoDevice-app-channel-0": 234,
          "KomakiLDA5NoDevice-app-channel-1": 245,
          "KomakiLDA5NoDevice-app-channel-2": 298,
          "KomakiLDA5NoDevice-app-channel-3": 292,
          "KomakiLDA5NoDevice-app-channel-4": 150,
          "KomakiLDA5NoDevice-os-ip-0": 446,
          "KomakiLDA5NoDevice-os-ip-1": 322,
          "KomakiLDA5NoDevice-os-ip-2": 294,
          "KomakiLDA5NoDevice-os-ip-3": 262,
          "KomakiLDA5NoDevice-os-ip-4": 289,
          "KomakiLDA5NoDevice-os-app-0": 388,
          "KomakiLDA5NoDevice-os-app-1": 449,
          "KomakiLDA5NoDevice-os-app-2": 171,
          "KomakiLDA5NoDevice-os-app-3": 339,
          "KomakiLDA5NoDevice-os-app-4": 218,
          "KomakiLDA5NoDevice-os-channel-0": 382,
          "KomakiLDA5NoDevice-os-channel-1": 202,
          "KomakiLDA5NoDevice-os-channel-2": 285,
          "KomakiLDA5NoDevice-os-channel-3": 346,
          "KomakiLDA5NoDevice-os-channel-4": 191,
          "KomakiLDA5NoDevice-channel-ip-0": 380,
          "KomakiLDA5NoDevice-channel-ip-1": 399,
          "KomakiLDA5NoDevice-channel-ip-2": 354,
          "KomakiLDA5NoDevice-channel-ip-3": 489,
          "KomakiLDA5NoDevice-channel-ip-4": 340,
          "KomakiLDA5NoDevice-channel-app-0": 380,
          "KomakiLDA5NoDevice-channel-app-1": 316,
          "KomakiLDA5NoDevice-channel-app-2": 400,
          "KomakiLDA5NoDevice-channel-app-3": 322,
          "KomakiLDA5NoDevice-channel-app-4": 295,
          "KomakiLDA5NoDevice-channel-os-0": 394,
          "KomakiLDA5NoDevice-channel-os-1": 321,
          "KomakiLDA5NoDevice-channel-os-2": 458,
          "KomakiLDA5NoDevice-channel-os-3": 419,
          "KomakiLDA5NoDevice-channel-os-4": 359,
          "KomakiNMF5NoDevice-ip-app-0": 978,
          "KomakiNMF5NoDevice-ip-app-1": 1429,
          "KomakiNMF5NoDevice-ip-app-2": 1082,
          "KomakiNMF5NoDevice-ip-app-3": 956,
          "KomakiNMF5NoDevice-ip-app-4": 1105,
          "KomakiNMF5NoDevice-ip-os-0": 1446,
          "KomakiNMF5NoDevice-ip-os-1": 1265,
          "KomakiNMF5NoDevice-ip-os-2": 1034,
          "KomakiNMF5NoDevice-ip-os-3": 1119,
          "KomakiNMF5NoDevice-ip-os-4": 1115,
          "KomakiNMF5NoDevice-ip-channel-0": 1267,
          "KomakiNMF5NoDevice-ip-channel-1": 1509,
          "KomakiNMF5NoDevice-ip-channel-2": 1148,
          "KomakiNMF5NoDevice-ip-channel-3": 1162,
          "KomakiNMF5NoDevice-ip-channel-4": 1207,
          "KomakiNMF5NoDevice-app-ip-0": 177,
          "KomakiNMF5NoDevice-app-ip-1": 189,
          "KomakiNMF5NoDevice-app-ip-2": 234,
          "KomakiNMF5NoDevice-app-ip-3": 195,
          "KomakiNMF5NoDevice-app-ip-4": 130,
          "KomakiNMF5NoDevice-app-os-0": 104,
          "KomakiNMF5NoDevice-app-os-1": 144,
          "KomakiNMF5NoDevice-app-os-2": 161,
          "KomakiNMF5NoDevice-app-os-3": 36,
          "KomakiNMF5NoDevice-app-os-4": 72,
          "KomakiNMF5NoDevice-app-channel-0": 143,
          "KomakiNMF5NoDevice-app-channel-1": 189,
          "KomakiNMF5NoDevice-app-channel-2": 207,
          "KomakiNMF5NoDevice-app-channel-3": 174,
          "KomakiNMF5NoDevice-app-channel-4": 172,
          "KomakiNMF5NoDevice-os-ip-0": 228,
          "KomakiNMF5NoDevice-os-ip-1": 238,
          "KomakiNMF5NoDevice-os-ip-2": 220,
          "KomakiNMF5NoDevice-os-ip-3": 223,
          "KomakiNMF5NoDevice-os-ip-4": 232,
          "KomakiNMF5NoDevice-os-app-0": 173,
          "KomakiNMF5NoDevice-os-app-1": 33,
          "KomakiNMF5NoDevice-os-app-2": 155,
          "KomakiNMF5NoDevice-os-app-3": 325,
          "KomakiNMF5NoDevice-os-app-4": 194,
          "KomakiNMF5NoDevice-os-channel-0": 343,
          "KomakiNMF5NoDevice-os-channel-1": 228,
          "KomakiNMF5NoDevice-os-channel-2": 390,
          "KomakiNMF5NoDevice-os-channel-3": 307,
          "KomakiNMF5NoDevice-os-channel-4": 248,
          "KomakiNMF5NoDevice-channel-ip-0": 484,
          "KomakiNMF5NoDevice-channel-ip-1": 258,
          "KomakiNMF5NoDevice-channel-ip-2": 329,
          "KomakiNMF5NoDevice-channel-ip-3": 373,
          "KomakiNMF5NoDevice-channel-ip-4": 380,
          "KomakiNMF5NoDevice-channel-app-0": 212,
          "KomakiNMF5NoDevice-channel-app-1": 117,
          "KomakiNMF5NoDevice-channel-app-2": 201,
          "KomakiNMF5NoDevice-channel-app-3": 189,
          "KomakiNMF5NoDevice-channel-app-4": 197,
          "KomakiNMF5NoDevice-channel-os-0": 310,
          "KomakiNMF5NoDevice-channel-os-1": 161,
          "KomakiNMF5NoDevice-channel-os-2": 353,
          "KomakiNMF5NoDevice-channel-os-3": 182,
          "KomakiNMF5NoDevice-channel-os-4": 353
        }
      },
      {
        "train_auc": 0.9944100569539895,
        "valid_auc": 0.9848511283841912,
        "best_iteration": 650,
        "train_time": 414.7548084259033,
        "feature_importance": {
          "app": 3583,
          "hour": 4121,
          "n_channels": 1125,
          "ip_app_count": 1252,
          "ip_app_os_count": 1239,
          "FutureClickCount_600-ip": 730,
          "FutureClickCount_600-app": 601,
          "FutureClickCount_600-ip-app": 247,
          "FutureClickCount_600-dev": 346,
          "FutureClickCount_600-ip-dev": 673,
          "FutureClickCount_600-app-dev": 496,
          "FutureClickCount_600-ip-app-dev": 185,
          "FutureClickCount_600-os": 364,
          "FutureClickCount_600-ip-os": 448,
          "FutureClickCount_600-app-os": 561,
          "FutureClickCount_600-ip-app-os": 236,
          "FutureClickCount_600-dev-os": 661,
          "FutureClickCount_600-ip-dev-os": 406,
          "FutureClickCount_600-app-dev-os": 687,
          "FutureClickCount_600-ip-app-dev-os": 382,
          "FutureClickCount_600-cha": 570,
          "FutureClickCount_600-ip-cha": 154,
          "FutureClickCount_600-app-cha": 755,
          "FutureClickCount_600-ip-app-cha": 151,
          "FutureClickCount_600-dev-cha": 435,
          "FutureClickCount_600-ip-dev-cha": 134,
          "FutureClickCount_600-app-dev-cha": 478,
          "FutureClickCount_600-ip-app-dev-cha": 117,
          "FutureClickCount_600-os-cha": 414,
          "FutureClickCount_600-ip-os-cha": 103,
          "FutureClickCount_600-app-os-cha": 483,
          "FutureClickCount_600-ip-app-os-cha": 89,
          "FutureClickCount_600-dev-os-cha": 403,
          "FutureClickCount_600-ip-dev-os-cha": 90,
          "FutureClickCount_600-app-dev-os-cha": 404,
          "FutureClickCount_600-ip-app-dev-os-cha": 79,
          "FutureClickCount_4800-ip": 1031,
          "FutureClickCount_4800-app": 408,
          "FutureClickCount_4800-ip-app": 441,
          "FutureClickCount_4800-dev": 90,
          "FutureClickCount_4800-ip-dev": 1187,
          "FutureClickCount_4800-app-dev": 244,
          "FutureClickCount_4800-ip-app-dev": 353,
          "FutureClickCount_4800-os": 193,
          "FutureClickCount_4800-ip-os": 723,
          "FutureClickCount_4800-app-os": 470,
          "FutureClickCount_4800-ip-app-os": 362,
          "FutureClickCount_4800-dev-os": 283,
          "FutureClickCount_4800-ip-dev-os": 797,
          "FutureClickCount_4800-app-dev-os": 545,
          "FutureClickCount_4800-ip-app-dev-os": 454,
          "FutureClickCount_4800-cha": 402,
          "FutureClickCount_4800-ip-cha": 244,
          "FutureClickCount_4800-app-cha": 627,
          "FutureClickCount_4800-ip-app-cha": 188,
          "FutureClickCount_4800-dev-cha": 308,
          "FutureClickCount_4800-ip-dev-cha": 250,
          "FutureClickCount_4800-app-dev-cha": 367,
          "FutureClickCount_4800-ip-app-dev-cha": 197,
          "FutureClickCount_4800-os-cha": 436,
          "FutureClickCount_4800-ip-os-cha": 154,
          "FutureClickCount_4800-app-os-cha": 471,
          "FutureClickCount_4800-ip-app-os-cha": 156,
          "FutureClickCount_4800-dev-os-cha": 373,
          "FutureClickCount_4800-ip-dev-os-cha": 108,
          "FutureClickCount_4800-app-dev-os-cha": 450,
          "FutureClickCount_4800-ip-app-dev-os-cha": 127,
          "NextClickTimeDelta-ip": 870,
          "NextClickTimeDelta-app": 172,
          "NextClickTimeDelta-ip-app": 1079,
          "NextClickTimeDelta-dev": 69,
          "NextClickTimeDelta-ip-dev": 612,
          "NextClickTimeDelta-app-dev": 127,
          "NextClickTimeDelta-ip-app-dev": 683,
          "NextClickTimeDelta-os": 118,
          "NextClickTimeDelta-ip-os": 736,
          "NextClickTimeDelta-app-os": 258,
          "NextClickTimeDelta-ip-app-os": 1471,
          "NextClickTimeDelta-dev-os": 111,
          "NextClickTimeDelta-ip-dev-os": 530,
          "NextClickTimeDelta-app-dev-os": 213,
          "NextClickTimeDelta-ip-app-dev-os": 2458,
          "NextClickTimeDelta-cha": 190,
          "NextClickTimeDelta-ip-cha": 679,
          "NextClickTimeDelta-app-cha": 250,
          "NextClickTimeDelta-ip-app-cha": 596,
          "NextClickTimeDelta-dev-cha": 154,
          "NextClickTimeDelta-ip-dev-cha": 468,
          "NextClickTimeDelta-app-dev-cha": 187,
          "NextClickTimeDelta-ip-app-dev-cha": 372,
          "NextClickTimeDelta-os-cha": 347,
          "NextClickTimeDelta-ip-os-cha": 479,
          "NextClickTimeDelta-app-os-cha": 368,
          "NextClickTimeDelta-ip-app-os-cha": 537,
          "NextClickTimeDelta-dev-os-cha": 233,
          "NextClickTimeDelta-ip-dev-os-cha": 369,
          "NextClickTimeDelta-app-dev-os-cha": 312,
          "NextClickTimeDelta-ip-app-dev-os-cha": 600,
          "PrevClickTimeDelta-ip": 782,
          "PrevClickTimeDelta-app": 173,
          "PrevClickTimeDelta-ip-app": 564,
          "PrevClickTimeDelta-dev": 101,
          "PrevClickTimeDelta-ip-dev": 452,
          "PrevClickTimeDelta-app-dev": 106,
          "PrevClickTimeDelta-ip-app-dev": 397,
          "PrevClickTimeDelta-os": 175,
          "PrevClickTimeDelta-ip-os": 636,
          "PrevClickTimeDelta-app-os": 281,
          "PrevClickTimeDelta-ip-app-os": 518,
          "PrevClickTimeDelta-dev-os": 108,
          "PrevClickTimeDelta-ip-dev-os": 423,
          "PrevClickTimeDelta-app-dev-os": 226,
          "PrevClickTimeDelta-ip-app-dev-os": 391,
          "PrevClickTimeDelta-cha": 154,
          "PrevClickTimeDelta-ip-cha": 519,
          "PrevClickTimeDelta-app-cha": 258,
          "PrevClickTimeDelta-ip-app-cha": 433,
          "PrevClickTimeDelta-dev-cha": 146,
          "PrevClickTimeDelta-ip-dev-cha": 309,
          "PrevClickTimeDelta-app-dev-cha": 137,
          "PrevClickTimeDelta-ip-app-dev-cha": 272,
          "PrevClickTimeDelta-os-cha": 344,
          "PrevClickTimeDelta-ip-os-cha": 330,
          "PrevClickTimeDelta-app-os-cha": 324,
          "PrevClickTimeDelta-ip-app-os-cha": 332,
          "PrevClickTimeDelta-dev-os-cha": 233,
          "PrevClickTimeDelta-ip-dev-os-cha": 238,
          "PrevClickTimeDelta-app-dev-os-cha": 271,
          "PrevClickTimeDelta-ip-app-dev-os-cha": 227,
          "AverageAttributedRatio-ip": 597,
          "AverageAttributedRatio-app": 568,
          "AverageAttributedRatio-ip-app": 409,
          "AverageAttributedRatio-dev": 840,
          "AverageAttributedRatio-ip-dev": 588,
          "AverageAttributedRatio-app-dev": 323,
          "AverageAttributedRatio-ip-app-dev": 476,
          "AverageAttributedRatio-os": 502,
          "AverageAttributedRatio-ip-os": 354,
          "AverageAttributedRatio-app-os": 449,
          "AverageAttributedRatio-ip-app-os": 154,
          "AverageAttributedRatio-dev-os": 463,
          "AverageAttributedRatio-ip-dev-os": 367,
          "AverageAttributedRatio-app-dev-os": 463,
          "AverageAttributedRatio-ip-app-dev-os": 137,
          "AverageAttributedRatio-cha": 446,
          "AverageAttributedRatio-ip-cha": 211,
          "AverageAttributedRatio-app-cha": 446,
          "AverageAttributedRatio-ip-app-cha": 189,
          "AverageAttributedRatio-dev-cha": 286,
          "AverageAttributedRatio-ip-dev-cha": 171,
          "AverageAttributedRatio-app-dev-cha": 360,
          "AverageAttributedRatio-ip-app-dev-cha": 165,
          "AverageAttributedRatio-os-cha": 407,
          "AverageAttributedRatio-ip-os-cha": 91,
          "AverageAttributedRatio-app-os-cha": 494,
          "AverageAttributedRatio-ip-app-os-cha": 72,
          "AverageAttributedRatio-dev-os-cha": 393,
          "AverageAttributedRatio-ip-dev-os-cha": 81,
          "AverageAttributedRatio-app-dev-os-cha": 443,
          "AverageAttributedRatio-ip-app-dev-os-cha": 59,
          "KomakiLDA5NoDevice-ip-app-0": 1457,
          "KomakiLDA5NoDevice-ip-app-1": 1414,
          "KomakiLDA5NoDevice-ip-app-2": 1398,
          "KomakiLDA5NoDevice-ip-app-3": 968,
          "KomakiLDA5NoDevice-ip-app-4": 840,
          "KomakiLDA5NoDevice-ip-os-0": 1310,
          "KomakiLDA5NoDevice-ip-os-1": 1109,
          "KomakiLDA5NoDevice-ip-os-2": 969,
          "KomakiLDA5NoDevice-ip-os-3": 1099,
          "KomakiLDA5NoDevice-ip-os-4": 1198,
          "KomakiLDA5NoDevice-ip-channel-0": 1274,
          "KomakiLDA5NoDevice-ip-channel-1": 1074,
          "KomakiLDA5NoDevice-ip-channel-2": 1253,
          "KomakiLDA5NoDevice-ip-channel-3": 1333,
          "KomakiLDA5NoDevice-ip-channel-4": 1349,
          "KomakiLDA5NoDevice-app-ip-0": 339,
          "KomakiLDA5NoDevice-app-ip-1": 309,
          "KomakiLDA5NoDevice-app-ip-2": 277,
          "KomakiLDA5NoDevice-app-ip-3": 277,
          "KomakiLDA5NoDevice-app-ip-4": 240,
          "KomakiLDA5NoDevice-app-os-0": 198,
          "KomakiLDA5NoDevice-app-os-1": 271,
          "KomakiLDA5NoDevice-app-os-2": 199,
          "KomakiLDA5NoDevice-app-os-3": 166,
          "KomakiLDA5NoDevice-app-os-4": 277,
          "KomakiLDA5NoDevice-app-channel-0": 220,
          "KomakiLDA5NoDevice-app-channel-1": 228,
          "KomakiLDA5NoDevice-app-channel-2": 251,
          "KomakiLDA5NoDevice-app-channel-3": 259,
          "KomakiLDA5NoDevice-app-channel-4": 128,
          "KomakiLDA5NoDevice-os-ip-0": 418,
          "KomakiLDA5NoDevice-os-ip-1": 292,
          "KomakiLDA5NoDevice-os-ip-2": 316,
          "KomakiLDA5NoDevice-os-ip-3": 258,
          "KomakiLDA5NoDevice-os-ip-4": 307,
          "KomakiLDA5NoDevice-os-app-0": 334,
          "KomakiLDA5NoDevice-os-app-1": 407,
          "KomakiLDA5NoDevice-os-app-2": 158,
          "KomakiLDA5NoDevice-os-app-3": 347,
          "KomakiLDA5NoDevice-os-app-4": 197,
          "KomakiLDA5NoDevice-os-channel-0": 325,
          "KomakiLDA5NoDevice-os-channel-1": 190,
          "KomakiLDA5NoDevice-os-channel-2": 277,
          "KomakiLDA5NoDevice-os-channel-3": 349,
          "KomakiLDA5NoDevice-os-channel-4": 248,
          "KomakiLDA5NoDevice-channel-ip-0": 360,
          "KomakiLDA5NoDevice-channel-ip-1": 376,
          "KomakiLDA5NoDevice-channel-ip-2": 308,
          "KomakiLDA5NoDevice-channel-ip-3": 436,
          "KomakiLDA5NoDevice-channel-ip-4": 293,
          "KomakiLDA5NoDevice-channel-app-0": 348,
          "KomakiLDA5NoDevice-channel-app-1": 329,
          "KomakiLDA5NoDevice-channel-app-2": 365,
          "KomakiLDA5NoDevice-channel-app-3": 352,
          "KomakiLDA5NoDevice-channel-app-4": 309,
          "KomakiLDA5NoDevice-channel-os-0": 416,
          "KomakiLDA5NoDevice-channel-os-1": 326,
          "KomakiLDA5NoDevice-channel-os-2": 376,
          "KomakiLDA5NoDevice-channel-os-3": 365,
          "KomakiLDA5NoDevice-channel-os-4": 356,
          "KomakiNMF5NoDevice-ip-app-0": 941,
          "KomakiNMF5NoDevice-ip-app-1": 1323,
          "KomakiNMF5NoDevice-ip-app-2": 1069,
          "KomakiNMF5NoDevice-ip-app-3": 860,
          "KomakiNMF5NoDevice-ip-app-4": 1055,
          "KomakiNMF5NoDevice-ip-os-0": 1302,
          "KomakiNMF5NoDevice-ip-os-1": 1244,
          "KomakiNMF5NoDevice-ip-os-2": 931,
          "KomakiNMF5NoDevice-ip-os-3": 1098,
          "KomakiNMF5NoDevice-ip-os-4": 1060,
          "KomakiNMF5NoDevice-ip-channel-0": 1133,
          "KomakiNMF5NoDevice-ip-channel-1": 1456,
          "KomakiNMF5NoDevice-ip-channel-2": 904,
          "KomakiNMF5NoDevice-ip-channel-3": 1267,
          "KomakiNMF5NoDevice-ip-channel-4": 1051,
          "KomakiNMF5NoDevice-app-ip-0": 182,
          "KomakiNMF5NoDevice-app-ip-1": 194,
          "KomakiNMF5NoDevice-app-ip-2": 202,
          "KomakiNMF5NoDevice-app-ip-3": 178,
          "KomakiNMF5NoDevice-app-ip-4": 115,
          "KomakiNMF5NoDevice-app-os-0": 71,
          "KomakiNMF5NoDevice-app-os-1": 152,
          "KomakiNMF5NoDevice-app-os-2": 152,
          "KomakiNMF5NoDevice-app-os-3": 55,
          "KomakiNMF5NoDevice-app-os-4": 72,
          "KomakiNMF5NoDevice-app-channel-0": 133,
          "KomakiNMF5NoDevice-app-channel-1": 188,
          "KomakiNMF5NoDevice-app-channel-2": 223,
          "KomakiNMF5NoDevice-app-channel-3": 208,
          "KomakiNMF5NoDevice-app-channel-4": 131,
          "KomakiNMF5NoDevice-os-ip-0": 196,
          "KomakiNMF5NoDevice-os-ip-1": 230,
          "KomakiNMF5NoDevice-os-ip-2": 212,
          "KomakiNMF5NoDevice-os-ip-3": 244,
          "KomakiNMF5NoDevice-os-ip-4": 212,
          "KomakiNMF5NoDevice-os-app-0": 121,
          "KomakiNMF5NoDevice-os-app-1": 21,
          "KomakiNMF5NoDevice-os-app-2": 128,
          "KomakiNMF5NoDevice-os-app-3": 290,
          "KomakiNMF5NoDevice-os-app-4": 177,
          "KomakiNMF5NoDevice-os-channel-0": 332,
          "KomakiNMF5NoDevice-os-channel-1": 231,
          "KomakiNMF5NoDevice-os-channel-2": 315,
          "KomakiNMF5NoDevice-os-channel-3": 304,
          "KomakiNMF5NoDevice-os-channel-4": 230,
          "KomakiNMF5NoDevice-channel-ip-0": 433,
          "KomakiNMF5NoDevice-channel-ip-1": 246,
          "KomakiNMF5NoDevice-channel-ip-2": 289,
          "KomakiNMF5NoDevice-channel-ip-3": 381,
          "KomakiNMF5NoDevice-channel-ip-4": 374,
          "KomakiNMF5NoDevice-channel-app-0": 220,
          "KomakiNMF5NoDevice-channel-app-1": 113,
          "KomakiNMF5NoDevice-channel-app-2": 216,
          "KomakiNMF5NoDevice-channel-app-3": 170,
          "KomakiNMF5NoDevice-channel-app-4": 212,
          "KomakiNMF5NoDevice-channel-os-0": 383,
          "KomakiNMF5NoDevice-channel-os-1": 135,
          "KomakiNMF5NoDevice-channel-os-2": 314,
          "KomakiNMF5NoDevice-channel-os-3": 163,
          "KomakiNMF5NoDevice-channel-os-4": 334
        }
      },
      {
        "train_auc": 0.9940580968448491,
        "valid_auc": 0.9846573952462071,
        "best_iteration": 620,
        "train_time": 406.22850370407104,
        "feature_importance": {
          "app": 3367,
          "hour": 3899,
          "n_channels": 1066,
          "ip_app_count": 1124,
          "ip_app_os_count": 1272,
          "FutureClickCount_600-ip": 636,
          "FutureClickCount_600-app": 570,
          "FutureClickCount_600-ip-app": 248,
          "FutureClickCount_600-dev": 319,
          "FutureClickCount_600-ip-dev": 585,
          "FutureClickCount_600-app-dev": 457,
          "FutureClickCount_600-ip-app-dev": 216,
          "FutureClickCount_600-os": 381,
          "FutureClickCount_600-ip-os": 473,
          "FutureClickCount_600-app-os": 529,
          "FutureClickCount_600-ip-app-os": 249,
          "FutureClickCount_600-dev-os": 625,
          "FutureClickCount_600-ip-dev-os": 496,
          "FutureClickCount_600-app-dev-os": 659,
          "FutureClickCount_600-ip-app-dev-os": 381,
          "FutureClickCount_600-cha": 532,
          "FutureClickCount_600-ip-cha": 136,
          "FutureClickCount_600-app-cha": 686,
          "FutureClickCount_600-ip-app-cha": 105,
          "FutureClickCount_600-dev-cha": 400,
          "FutureClickCount_600-ip-dev-cha": 134,
          "FutureClickCount_600-app-dev-cha": 467,
          "FutureClickCount_600-ip-app-dev-cha": 110,
          "FutureClickCount_600-os-cha": 386,
          "FutureClickCount_600-ip-os-cha": 122,
          "FutureClickCount_600-app-os-cha": 421,
          "FutureClickCount_600-ip-app-os-cha": 129,
          "FutureClickCount_600-dev-os-cha": 407,
          "FutureClickCount_600-ip-dev-os-cha": 114,
          "FutureClickCount_600-app-dev-os-cha": 343,
          "FutureClickCount_600-ip-app-dev-os-cha": 93,
          "FutureClickCount_4800-ip": 1020,
          "FutureClickCount_4800-app": 370,
          "FutureClickCount_4800-ip-app": 398,
          "FutureClickCount_4800-dev": 104,
          "FutureClickCount_4800-ip-dev": 1090,
          "FutureClickCount_4800-app-dev": 245,
          "FutureClickCount_4800-ip-app-dev": 316,
          "FutureClickCount_4800-os": 183,
          "FutureClickCount_4800-ip-os": 722,
          "FutureClickCount_4800-app-os": 413,
          "FutureClickCount_4800-ip-app-os": 330,
          "FutureClickCount_4800-dev-os": 273,
          "FutureClickCount_4800-ip-dev-os": 724,
          "FutureClickCount_4800-app-dev-os": 546,
          "FutureClickCount_4800-ip-app-dev-os": 384,
          "FutureClickCount_4800-cha": 386,
          "FutureClickCount_4800-ip-cha": 193,
          "FutureClickCount_4800-app-cha": 607,
          "FutureClickCount_4800-ip-app-cha": 173,
          "FutureClickCount_4800-dev-cha": 321,
          "FutureClickCount_4800-ip-dev-cha": 229,
          "FutureClickCount_4800-app-dev-cha": 338,
          "FutureClickCount_4800-ip-app-dev-cha": 181,
          "FutureClickCount_4800-os-cha": 391,
          "FutureClickCount_4800-ip-os-cha": 124,
          "FutureClickCount_4800-app-os-cha": 390,
          "FutureClickCount_4800-ip-app-os-cha": 110,
          "FutureClickCount_4800-dev-os-cha": 368,
          "FutureClickCount_4800-ip-dev-os-cha": 145,
          "FutureClickCount_4800-app-dev-os-cha": 395,
          "FutureClickCount_4800-ip-app-dev-os-cha": 123,
          "NextClickTimeDelta-ip": 852,
          "NextClickTimeDelta-app": 156,
          "NextClickTimeDelta-ip-app": 1008,
          "NextClickTimeDelta-dev": 78,
          "NextClickTimeDelta-ip-dev": 600,
          "NextClickTimeDelta-app-dev": 98,
          "NextClickTimeDelta-ip-app-dev": 652,
          "NextClickTimeDelta-os": 119,
          "NextClickTimeDelta-ip-os": 765,
          "NextClickTimeDelta-app-os": 231,
          "NextClickTimeDelta-ip-app-os": 1594,
          "NextClickTimeDelta-dev-os": 135,
          "NextClickTimeDelta-ip-dev-os": 489,
          "NextClickTimeDelta-app-dev-os": 222,
          "NextClickTimeDelta-ip-app-dev-os": 2485,
          "NextClickTimeDelta-cha": 161,
          "NextClickTimeDelta-ip-cha": 555,
          "NextClickTimeDelta-app-cha": 260,
          "NextClickTimeDelta-ip-app-cha": 508,
          "NextClickTimeDelta-dev-cha": 139,
          "NextClickTimeDelta-ip-dev-cha": 419,
          "NextClickTimeDelta-app-dev-cha": 200,
          "NextClickTimeDelta-ip-app-dev-cha": 373,
          "NextClickTimeDelta-os-cha": 304,
          "NextClickTimeDelta-ip-os-cha": 413,
          "NextClickTimeDelta-app-os-cha": 363,
          "NextClickTimeDelta-ip-app-os-cha": 502,
          "NextClickTimeDelta-dev-os-cha": 252,
          "NextClickTimeDelta-ip-dev-os-cha": 373,
          "NextClickTimeDelta-app-dev-os-cha": 268,
          "NextClickTimeDelta-ip-app-dev-os-cha": 562,
          "PrevClickTimeDelta-ip": 688,
          "PrevClickTimeDelta-app": 159,
          "PrevClickTimeDelta-ip-app": 504,
          "PrevClickTimeDelta-dev": 67,
          "PrevClickTimeDelta-ip-dev": 435,
          "PrevClickTimeDelta-app-dev": 118,
          "PrevClickTimeDelta-ip-app-dev": 359,
          "PrevClickTimeDelta-os": 137,
          "PrevClickTimeDelta-ip-os": 606,
          "PrevClickTimeDelta-app-os": 287,
          "PrevClickTimeDelta-ip-app-os": 436,
          "PrevClickTimeDelta-dev-os": 113,
          "PrevClickTimeDelta-ip-dev-os": 385,
          "PrevClickTimeDelta-app-dev-os": 233,
          "PrevClickTimeDelta-ip-app-dev-os": 384,
          "PrevClickTimeDelta-cha": 154,
          "PrevClickTimeDelta-ip-cha": 528,
          "PrevClickTimeDelta-app-cha": 229,
          "PrevClickTimeDelta-ip-app-cha": 357,
          "PrevClickTimeDelta-dev-cha": 166,
          "PrevClickTimeDelta-ip-dev-cha": 305,
          "PrevClickTimeDelta-app-dev-cha": 148,
          "PrevClickTimeDelta-ip-app-dev-cha": 278,
          "PrevClickTimeDelta-os-cha": 320,
          "PrevClickTimeDelta-ip-os-cha": 326,
          "PrevClickTimeDelta-app-os-cha": 304,
          "PrevClickTimeDelta-ip-app-os-cha": 282,
          "PrevClickTimeDelta-dev-os-cha": 253,
          "PrevClickTimeDelta-ip-dev-os-cha": 236,
          "PrevClickTimeDelta-app-dev-os-cha": 287,
          "PrevClickTimeDelta-ip-app-dev-os-cha": 205,
          "AverageAttributedRatio-ip": 534,
          "AverageAttributedRatio-app": 458,
          "AverageAttributedRatio-ip-app": 357,
          "AverageAttributedRatio-dev": 752,
          "AverageAttributedRatio-ip-dev": 520,
          "AverageAttributedRatio-app-dev": 366,
          "AverageAttributedRatio-ip-app-dev": 473,
          "AverageAttributedRatio-os": 514,
          "AverageAttributedRatio-ip-os": 349,
          "AverageAttributedRatio-app-os": 417,
          "AverageAttributedRatio-ip-app-os": 157,
          "AverageAttributedRatio-dev-os": 418,
          "AverageAttributedRatio-ip-dev-os": 357,
          "AverageAttributedRatio-app-dev-os": 424,
          "AverageAttributedRatio-ip-app-dev-os": 104,
          "AverageAttributedRatio-cha": 405,
          "AverageAttributedRatio-ip-cha": 222,
          "AverageAttributedRatio-app-cha": 392,
          "AverageAttributedRatio-ip-app-cha": 161,
          "AverageAttributedRatio-dev-cha": 300,
          "AverageAttributedRatio-ip-dev-cha": 159,
          "AverageAttributedRatio-app-dev-cha": 346,
          "AverageAttributedRatio-ip-app-dev-cha": 147,
          "AverageAttributedRatio-os-cha": 366,
          "AverageAttributedRatio-ip-os-cha": 94,
          "AverageAttributedRatio-app-os-cha": 499,
          "AverageAttributedRatio-ip-app-os-cha": 93,
          "AverageAttributedRatio-dev-os-cha": 310,
          "AverageAttributedRatio-ip-dev-os-cha": 77,
          "AverageAttributedRatio-app-dev-os-cha": 452,
          "AverageAttributedRatio-ip-app-dev-os-cha": 64,
          "KomakiLDA5NoDevice-ip-app-0": 1334,
          "KomakiLDA5NoDevice-ip-app-1": 1388,
          "KomakiLDA5NoDevice-ip-app-2": 1335,
          "KomakiLDA5NoDevice-ip-app-3": 822,
          "KomakiLDA5NoDevice-ip-app-4": 763,
          "KomakiLDA5NoDevice-ip-os-0": 1243,
          "KomakiLDA5NoDevice-ip-os-1": 1155,
          "KomakiLDA5NoDevice-ip-os-2": 860,
          "KomakiLDA5NoDevice-ip-os-3": 968,
          "KomakiLDA5NoDevice-ip-os-4": 1098,
          "KomakiLDA5NoDevice-ip-channel-0": 1249,
          "KomakiLDA5NoDevice-ip-channel-1": 1013,
          "KomakiLDA5NoDevice-ip-channel-2": 1247,
          "KomakiLDA5NoDevice-ip-channel-3": 1325,
          "KomakiLDA5NoDevice-ip-channel-4": 1249,
          "KomakiLDA5NoDevice-app-ip-0": 349,
          "KomakiLDA5NoDevice-app-ip-1": 329,
          "KomakiLDA5NoDevice-app-ip-2": 276,
          "KomakiLDA5NoDevice-app-ip-3": 272,
          "KomakiLDA5NoDevice-app-ip-4": 218,
          "KomakiLDA5NoDevice-app-os-0": 178,
          "KomakiLDA5NoDevice-app-os-1": 279,
          "KomakiLDA5NoDevice-app-os-2": 192,
          "KomakiLDA5NoDevice-app-os-3": 178,
          "KomakiLDA5NoDevice-app-os-4": 275,
          "KomakiLDA5NoDevice-app-channel-0": 239,
          "KomakiLDA5NoDevice-app-channel-1": 198,
          "KomakiLDA5NoDevice-app-channel-2": 257,
          "KomakiLDA5NoDevice-app-channel-3": 244,
          "KomakiLDA5NoDevice-app-channel-4": 130,
          "KomakiLDA5NoDevice-os-ip-0": 424,
          "KomakiLDA5NoDevice-os-ip-1": 310,
          "KomakiLDA5NoDevice-os-ip-2": 256,
          "KomakiLDA5NoDevice-os-ip-3": 241,
          "KomakiLDA5NoDevice-os-ip-4": 294,
          "KomakiLDA5NoDevice-os-app-0": 360,
          "KomakiLDA5NoDevice-os-app-1": 350,
          "KomakiLDA5NoDevice-os-app-2": 185,
          "KomakiLDA5NoDevice-os-app-3": 307,
          "KomakiLDA5NoDevice-os-app-4": 198,
          "KomakiLDA5NoDevice-os-channel-0": 286,
          "KomakiLDA5NoDevice-os-channel-1": 187,
          "KomakiLDA5NoDevice-os-channel-2": 257,
          "KomakiLDA5NoDevice-os-channel-3": 317,
          "KomakiLDA5NoDevice-os-channel-4": 206,
          "KomakiLDA5NoDevice-channel-ip-0": 284,
          "KomakiLDA5NoDevice-channel-ip-1": 400,
          "KomakiLDA5NoDevice-channel-ip-2": 301,
          "KomakiLDA5NoDevice-channel-ip-3": 373,
          "KomakiLDA5NoDevice-channel-ip-4": 313,
          "KomakiLDA5NoDevice-channel-app-0": 395,
          "KomakiLDA5NoDevice-channel-app-1": 292,
          "KomakiLDA5NoDevice-channel-app-2": 319,
          "KomakiLDA5NoDevice-channel-app-3": 299,
          "KomakiLDA5NoDevice-channel-app-4": 278,
          "KomakiLDA5NoDevice-channel-os-0": 341,
          "KomakiLDA5NoDevice-channel-os-1": 332,
          "KomakiLDA5NoDevice-channel-os-2": 363,
          "KomakiLDA5NoDevice-channel-os-3": 353,
          "KomakiLDA5NoDevice-channel-os-4": 332,
          "KomakiNMF5NoDevice-ip-app-0": 942,
          "KomakiNMF5NoDevice-ip-app-1": 1287,
          "KomakiNMF5NoDevice-ip-app-2": 1111,
          "KomakiNMF5NoDevice-ip-app-3": 847,
          "KomakiNMF5NoDevice-ip-app-4": 959,
          "KomakiNMF5NoDevice-ip-os-0": 1189,
          "KomakiNMF5NoDevice-ip-os-1": 1080,
          "KomakiNMF5NoDevice-ip-os-2": 844,
          "KomakiNMF5NoDevice-ip-os-3": 997,
          "KomakiNMF5NoDevice-ip-os-4": 972,
          "KomakiNMF5NoDevice-ip-channel-0": 1036,
          "KomakiNMF5NoDevice-ip-channel-1": 1286,
          "KomakiNMF5NoDevice-ip-channel-2": 909,
          "KomakiNMF5NoDevice-ip-channel-3": 1096,
          "KomakiNMF5NoDevice-ip-channel-4": 1066,
          "KomakiNMF5NoDevice-app-ip-0": 177,
          "KomakiNMF5NoDevice-app-ip-1": 176,
          "KomakiNMF5NoDevice-app-ip-2": 178,
          "KomakiNMF5NoDevice-app-ip-3": 191,
          "KomakiNMF5NoDevice-app-ip-4": 134,
          "KomakiNMF5NoDevice-app-os-0": 78,
          "KomakiNMF5NoDevice-app-os-1": 186,
          "KomakiNMF5NoDevice-app-os-2": 164,
          "KomakiNMF5NoDevice-app-os-3": 32,
          "KomakiNMF5NoDevice-app-os-4": 62,
          "KomakiNMF5NoDevice-app-channel-0": 134,
          "KomakiNMF5NoDevice-app-channel-1": 174,
          "KomakiNMF5NoDevice-app-channel-2": 197,
          "KomakiNMF5NoDevice-app-channel-3": 211,
          "KomakiNMF5NoDevice-app-channel-4": 126,
          "KomakiNMF5NoDevice-os-ip-0": 208,
          "KomakiNMF5NoDevice-os-ip-1": 208,
          "KomakiNMF5NoDevice-os-ip-2": 219,
          "KomakiNMF5NoDevice-os-ip-3": 211,
          "KomakiNMF5NoDevice-os-ip-4": 208,
          "KomakiNMF5NoDevice-os-app-0": 114,
          "KomakiNMF5NoDevice-os-app-1": 29,
          "KomakiNMF5NoDevice-os-app-2": 186,
          "KomakiNMF5NoDevice-os-app-3": 276,
          "KomakiNMF5NoDevice-os-app-4": 189,
          "KomakiNMF5NoDevice-os-channel-0": 348,
          "KomakiNMF5NoDevice-os-channel-1": 186,
          "KomakiNMF5NoDevice-os-channel-2": 364,
          "KomakiNMF5NoDevice-os-channel-3": 256,
          "KomakiNMF5NoDevice-os-channel-4": 226,
          "KomakiNMF5NoDevice-channel-ip-0": 403,
          "KomakiNMF5NoDevice-channel-ip-1": 239,
          "KomakiNMF5NoDevice-channel-ip-2": 282,
          "KomakiNMF5NoDevice-channel-ip-3": 371,
          "KomakiNMF5NoDevice-channel-ip-4": 344,
          "KomakiNMF5NoDevice-channel-app-0": 197,
          "KomakiNMF5NoDevice-channel-app-1": 102,
          "KomakiNMF5NoDevice-channel-app-2": 179,
          "KomakiNMF5NoDevice-channel-app-3": 174,
          "KomakiNMF5NoDevice-channel-app-4": 209,
          "KomakiNMF5NoDevice-channel-os-0": 364,
          "KomakiNMF5NoDevice-channel-os-1": 141,
          "KomakiNMF5NoDevice-channel-os-2": 344,
          "KomakiNMF5NoDevice-channel-os-3": 166,
          "KomakiNMF5NoDevice-channel-os-4": 299
        }
      },
      {
        "train_auc": 0.994652254819517,
        "valid_auc": 0.9847679832891835,
        "best_iteration": 680,
        "train_time": 427.69527292251587,
        "feature_importance": {
          "app": 3711,
          "hour": 4234,
          "n_channels": 1173,
          "ip_app_count": 1303,
          "ip_app_os_count": 1307,
          "FutureClickCount_600-ip": 690,
          "FutureClickCount_600-app": 608,
          "FutureClickCount_600-ip-app": 258,
          "FutureClickCount_600-dev": 311,
          "FutureClickCount_600-ip-dev": 699,
          "FutureClickCount_600-app-dev": 520,
          "FutureClickCount_600-ip-app-dev": 215,
          "FutureClickCount_600-os": 432,
          "FutureClickCount_600-ip-os": 517,
          "FutureClickCount_600-app-os": 564,
          "FutureClickCount_600-ip-app-os": 287,
          "FutureClickCount_600-dev-os": 666,
          "FutureClickCount_600-ip-dev-os": 540,
          "FutureClickCount_600-app-dev-os": 714,
          "FutureClickCount_600-ip-app-dev-os": 385,
          "FutureClickCount_600-cha": 571,
          "FutureClickCount_600-ip-cha": 151,
          "FutureClickCount_600-app-cha": 732,
          "FutureClickCount_600-ip-app-cha": 146,
          "FutureClickCount_600-dev-cha": 457,
          "FutureClickCount_600-ip-dev-cha": 137,
          "FutureClickCount_600-app-dev-cha": 498,
          "FutureClickCount_600-ip-app-dev-cha": 136,
          "FutureClickCount_600-os-cha": 451,
          "FutureClickCount_600-ip-os-cha": 105,
          "FutureClickCount_600-app-os-cha": 504,
          "FutureClickCount_600-ip-app-os-cha": 89,
          "FutureClickCount_600-dev-os-cha": 424,
          "FutureClickCount_600-ip-dev-os-cha": 106,
          "FutureClickCount_600-app-dev-os-cha": 451,
          "FutureClickCount_600-ip-app-dev-os-cha": 63,
          "FutureClickCount_4800-ip": 1124,
          "FutureClickCount_4800-app": 415,
          "FutureClickCount_4800-ip-app": 404,
          "FutureClickCount_4800-dev": 105,
          "FutureClickCount_4800-ip-dev": 1216,
          "FutureClickCount_4800-app-dev": 248,
          "FutureClickCount_4800-ip-app-dev": 386,
          "FutureClickCount_4800-os": 206,
          "FutureClickCount_4800-ip-os": 763,
          "FutureClickCount_4800-app-os": 431,
          "FutureClickCount_4800-ip-app-os": 345,
          "FutureClickCount_4800-dev-os": 281,
          "FutureClickCount_4800-ip-dev-os": 820,
          "FutureClickCount_4800-app-dev-os": 532,
          "FutureClickCount_4800-ip-app-dev-os": 465,
          "FutureClickCount_4800-cha": 413,
          "FutureClickCount_4800-ip-cha": 303,
          "FutureClickCount_4800-app-cha": 700,
          "FutureClickCount_4800-ip-app-cha": 220,
          "FutureClickCount_4800-dev-cha": 327,
          "FutureClickCount_4800-ip-dev-cha": 257,
          "FutureClickCount_4800-app-dev-cha": 392,
          "FutureClickCount_4800-ip-app-dev-cha": 211,
          "FutureClickCount_4800-os-cha": 402,
          "FutureClickCount_4800-ip-os-cha": 155,
          "FutureClickCount_4800-app-os-cha": 444,
          "FutureClickCount_4800-ip-app-os-cha": 153,
          "FutureClickCount_4800-dev-os-cha": 382,
          "FutureClickCount_4800-ip-dev-os-cha": 130,
          "FutureClickCount_4800-app-dev-os-cha": 447,
          "FutureClickCount_4800-ip-app-dev-os-cha": 110,
          "NextClickTimeDelta-ip": 901,
          "NextClickTimeDelta-app": 175,
          "NextClickTimeDelta-ip-app": 1114,
          "NextClickTimeDelta-dev": 78,
          "NextClickTimeDelta-ip-dev": 627,
          "NextClickTimeDelta-app-dev": 131,
          "NextClickTimeDelta-ip-app-dev": 754,
          "NextClickTimeDelta-os": 93,
          "NextClickTimeDelta-ip-os": 848,
          "NextClickTimeDelta-app-os": 357,
          "NextClickTimeDelta-ip-app-os": 1557,
          "NextClickTimeDelta-dev-os": 122,
          "NextClickTimeDelta-ip-dev-os": 564,
          "NextClickTimeDelta-app-dev-os": 264,
          "NextClickTimeDelta-ip-app-dev-os": 2711,
          "NextClickTimeDelta-cha": 230,
          "NextClickTimeDelta-ip-cha": 725,
          "NextClickTimeDelta-app-cha": 254,
          "NextClickTimeDelta-ip-app-cha": 547,
          "NextClickTimeDelta-dev-cha": 174,
          "NextClickTimeDelta-ip-dev-cha": 489,
          "NextClickTimeDelta-app-dev-cha": 153,
          "NextClickTimeDelta-ip-app-dev-cha": 445,
          "NextClickTimeDelta-os-cha": 353,
          "NextClickTimeDelta-ip-os-cha": 534,
          "NextClickTimeDelta-app-os-cha": 415,
          "NextClickTimeDelta-ip-app-os-cha": 555,
          "NextClickTimeDelta-dev-os-cha": 279,
          "NextClickTimeDelta-ip-dev-os-cha": 414,
          "NextClickTimeDelta-app-dev-os-cha": 293,
          "NextClickTimeDelta-ip-app-dev-os-cha": 590,
          "PrevClickTimeDelta-ip": 796,
          "PrevClickTimeDelta-app": 155,
          "PrevClickTimeDelta-ip-app": 563,
          "PrevClickTimeDelta-dev": 106,
          "PrevClickTimeDelta-ip-dev": 522,
          "PrevClickTimeDelta-app-dev": 133,
          "PrevClickTimeDelta-ip-app-dev": 422,
          "PrevClickTimeDelta-os": 141,
          "PrevClickTimeDelta-ip-os": 715,
          "PrevClickTimeDelta-app-os": 280,
          "PrevClickTimeDelta-ip-app-os": 489,
          "PrevClickTimeDelta-dev-os": 124,
          "PrevClickTimeDelta-ip-dev-os": 475,
          "PrevClickTimeDelta-app-dev-os": 252,
          "PrevClickTimeDelta-ip-app-dev-os": 452,
          "PrevClickTimeDelta-cha": 172,
          "PrevClickTimeDelta-ip-cha": 539,
          "PrevClickTimeDelta-app-cha": 233,
          "PrevClickTimeDelta-ip-app-cha": 397,
          "PrevClickTimeDelta-dev-cha": 199,
          "PrevClickTimeDelta-ip-dev-cha": 363,
          "PrevClickTimeDelta-app-dev-cha": 148,
          "PrevClickTimeDelta-ip-app-dev-cha": 295,
          "PrevClickTimeDelta-os-cha": 341,
          "PrevClickTimeDelta-ip-os-cha": 352,
          "PrevClickTimeDelta-app-os-cha": 350,
          "PrevClickTimeDelta-ip-app-os-cha": 314,
          "PrevClickTimeDelta-dev-os-cha": 275,
          "PrevClickTimeDelta-ip-dev-os-cha": 243,
          "PrevClickTimeDelta-app-dev-os-cha": 305,
          "PrevClickTimeDelta-ip-app-dev-os-cha": 223,
          "AverageAttributedRatio-ip": 642,
          "AverageAttributedRatio-app": 512,
          "AverageAttributedRatio-ip-app": 389,
          "AverageAttributedRatio-dev": 858,
          "AverageAttributedRatio-ip-dev": 646,
          "AverageAttributedRatio-app-dev": 349,
          "AverageAttributedRatio-ip-app-dev": 468,
          "AverageAttributedRatio-os": 537,
          "AverageAttributedRatio-ip-os": 393,
          "AverageAttributedRatio-app-os": 482,
          "AverageAttributedRatio-ip-app-os": 149,
          "AverageAttributedRatio-dev-os": 498,
          "AverageAttributedRatio-ip-dev-os": 402,
          "AverageAttributedRatio-app-dev-os": 451,
          "AverageAttributedRatio-ip-app-dev-os": 164,
          "AverageAttributedRatio-cha": 493,
          "AverageAttributedRatio-ip-cha": 262,
          "AverageAttributedRatio-app-cha": 430,
          "AverageAttributedRatio-ip-app-cha": 147,
          "AverageAttributedRatio-dev-cha": 320,
          "AverageAttributedRatio-ip-dev-cha": 163,
          "AverageAttributedRatio-app-dev-cha": 326,
          "AverageAttributedRatio-ip-app-dev-cha": 151,
          "AverageAttributedRatio-os-cha": 431,
          "AverageAttributedRatio-ip-os-cha": 100,
          "AverageAttributedRatio-app-os-cha": 504,
          "AverageAttributedRatio-ip-app-os-cha": 76,
          "AverageAttributedRatio-dev-os-cha": 355,
          "AverageAttributedRatio-ip-dev-os-cha": 94,
          "AverageAttributedRatio-app-dev-os-cha": 490,
          "AverageAttributedRatio-ip-app-dev-os-cha": 59,
          "KomakiLDA5NoDevice-ip-app-0": 1506,
          "KomakiLDA5NoDevice-ip-app-1": 1381,
          "KomakiLDA5NoDevice-ip-app-2": 1491,
          "KomakiLDA5NoDevice-ip-app-3": 967,
          "KomakiLDA5NoDevice-ip-app-4": 848,
          "KomakiLDA5NoDevice-ip-os-0": 1279,
          "KomakiLDA5NoDevice-ip-os-1": 1302,
          "KomakiLDA5NoDevice-ip-os-2": 1004,
          "KomakiLDA5NoDevice-ip-os-3": 1104,
          "KomakiLDA5NoDevice-ip-os-4": 1144,
          "KomakiLDA5NoDevice-ip-channel-0": 1359,
          "KomakiLDA5NoDevice-ip-channel-1": 1130,
          "KomakiLDA5NoDevice-ip-channel-2": 1382,
          "KomakiLDA5NoDevice-ip-channel-3": 1384,
          "KomakiLDA5NoDevice-ip-channel-4": 1441,
          "KomakiLDA5NoDevice-app-ip-0": 412,
          "KomakiLDA5NoDevice-app-ip-1": 304,
          "KomakiLDA5NoDevice-app-ip-2": 324,
          "KomakiLDA5NoDevice-app-ip-3": 250,
          "KomakiLDA5NoDevice-app-ip-4": 214,
          "KomakiLDA5NoDevice-app-os-0": 210,
          "KomakiLDA5NoDevice-app-os-1": 278,
          "KomakiLDA5NoDevice-app-os-2": 220,
          "KomakiLDA5NoDevice-app-os-3": 179,
          "KomakiLDA5NoDevice-app-os-4": 290,
          "KomakiLDA5NoDevice-app-channel-0": 232,
          "KomakiLDA5NoDevice-app-channel-1": 206,
          "KomakiLDA5NoDevice-app-channel-2": 296,
          "KomakiLDA5NoDevice-app-channel-3": 261,
          "KomakiLDA5NoDevice-app-channel-4": 135,
          "KomakiLDA5NoDevice-os-ip-0": 446,
          "KomakiLDA5NoDevice-os-ip-1": 302,
          "KomakiLDA5NoDevice-os-ip-2": 284,
          "KomakiLDA5NoDevice-os-ip-3": 267,
          "KomakiLDA5NoDevice-os-ip-4": 286,
          "KomakiLDA5NoDevice-os-app-0": 361,
          "KomakiLDA5NoDevice-os-app-1": 424,
          "KomakiLDA5NoDevice-os-app-2": 170,
          "KomakiLDA5NoDevice-os-app-3": 301,
          "KomakiLDA5NoDevice-os-app-4": 196,
          "KomakiLDA5NoDevice-os-channel-0": 356,
          "KomakiLDA5NoDevice-os-channel-1": 183,
          "KomakiLDA5NoDevice-os-channel-2": 293,
          "KomakiLDA5NoDevice-os-channel-3": 365,
          "KomakiLDA5NoDevice-os-channel-4": 208,
          "KomakiLDA5NoDevice-channel-ip-0": 378,
          "KomakiLDA5NoDevice-channel-ip-1": 395,
          "KomakiLDA5NoDevice-channel-ip-2": 343,
          "KomakiLDA5NoDevice-channel-ip-3": 485,
          "KomakiLDA5NoDevice-channel-ip-4": 363,
          "KomakiLDA5NoDevice-channel-app-0": 377,
          "KomakiLDA5NoDevice-channel-app-1": 333,
          "KomakiLDA5NoDevice-channel-app-2": 384,
          "KomakiLDA5NoDevice-channel-app-3": 385,
          "KomakiLDA5NoDevice-channel-app-4": 321,
          "KomakiLDA5NoDevice-channel-os-0": 368,
          "KomakiLDA5NoDevice-channel-os-1": 388,
          "KomakiLDA5NoDevice-channel-os-2": 383,
          "KomakiLDA5NoDevice-channel-os-3": 381,
          "KomakiLDA5NoDevice-channel-os-4": 374,
          "KomakiNMF5NoDevice-ip-app-0": 1000,
          "KomakiNMF5NoDevice-ip-app-1": 1357,
          "KomakiNMF5NoDevice-ip-app-2": 1141,
          "KomakiNMF5NoDevice-ip-app-3": 924,
          "KomakiNMF5NoDevice-ip-app-4": 1084,
          "KomakiNMF5NoDevice-ip-os-0": 1381,
          "KomakiNMF5NoDevice-ip-os-1": 1162,
          "KomakiNMF5NoDevice-ip-os-2": 991,
          "KomakiNMF5NoDevice-ip-os-3": 1116,
          "KomakiNMF5NoDevice-ip-os-4": 1074,
          "KomakiNMF5NoDevice-ip-channel-0": 1218,
          "KomakiNMF5NoDevice-ip-channel-1": 1400,
          "KomakiNMF5NoDevice-ip-channel-2": 1022,
          "KomakiNMF5NoDevice-ip-channel-3": 1201,
          "KomakiNMF5NoDevice-ip-channel-4": 1195,
          "KomakiNMF5NoDevice-app-ip-0": 180,
          "KomakiNMF5NoDevice-app-ip-1": 206,
          "KomakiNMF5NoDevice-app-ip-2": 233,
          "KomakiNMF5NoDevice-app-ip-3": 201,
          "KomakiNMF5NoDevice-app-ip-4": 141,
          "KomakiNMF5NoDevice-app-os-0": 118,
          "KomakiNMF5NoDevice-app-os-1": 179,
          "KomakiNMF5NoDevice-app-os-2": 152,
          "KomakiNMF5NoDevice-app-os-3": 46,
          "KomakiNMF5NoDevice-app-os-4": 69,
          "KomakiNMF5NoDevice-app-channel-0": 139,
          "KomakiNMF5NoDevice-app-channel-1": 183,
          "KomakiNMF5NoDevice-app-channel-2": 188,
          "KomakiNMF5NoDevice-app-channel-3": 197,
          "KomakiNMF5NoDevice-app-channel-4": 144,
          "KomakiNMF5NoDevice-os-ip-0": 194,
          "KomakiNMF5NoDevice-os-ip-1": 265,
          "KomakiNMF5NoDevice-os-ip-2": 234,
          "KomakiNMF5NoDevice-os-ip-3": 219,
          "KomakiNMF5NoDevice-os-ip-4": 211,
          "KomakiNMF5NoDevice-os-app-0": 133,
          "KomakiNMF5NoDevice-os-app-1": 28,
          "KomakiNMF5NoDevice-os-app-2": 184,
          "KomakiNMF5NoDevice-os-app-3": 324,
          "KomakiNMF5NoDevice-os-app-4": 210,
          "KomakiNMF5NoDevice-os-channel-0": 359,
          "KomakiNMF5NoDevice-os-channel-1": 230,
          "KomakiNMF5NoDevice-os-channel-2": 403,
          "KomakiNMF5NoDevice-os-channel-3": 280,
          "KomakiNMF5NoDevice-os-channel-4": 226,
          "KomakiNMF5NoDevice-channel-ip-0": 480,
          "KomakiNMF5NoDevice-channel-ip-1": 270,
          "KomakiNMF5NoDevice-channel-ip-2": 308,
          "KomakiNMF5NoDevice-channel-ip-3": 369,
          "KomakiNMF5NoDevice-channel-ip-4": 325,
          "KomakiNMF5NoDevice-channel-app-0": 216,
          "KomakiNMF5NoDevice-channel-app-1": 130,
          "KomakiNMF5NoDevice-channel-app-2": 218,
          "KomakiNMF5NoDevice-channel-app-3": 202,
          "KomakiNMF5NoDevice-channel-app-4": 218,
          "KomakiNMF5NoDevice-channel-os-0": 341,
          "KomakiNMF5NoDevice-channel-os-1": 174,
          "KomakiNMF5NoDevice-channel-os-2": 356,
          "KomakiNMF5NoDevice-channel-os-3": 207,
          "KomakiNMF5NoDevice-channel-os-4": 344
        }
      },
      {
        "train_auc": 0.9936032519749136,
        "valid_auc": 0.9849032927386576,
        "best_iteration": 555,
        "train_time": 373.980938911438,
        "feature_importance": {
          "app": 3135,
          "hour": 3501,
          "n_channels": 1013,
          "ip_app_count": 998,
          "ip_app_os_count": 1121,
          "FutureClickCount_600-ip": 594,
          "FutureClickCount_600-app": 539,
          "FutureClickCount_600-ip-app": 179,
          "FutureClickCount_600-dev": 266,
          "FutureClickCount_600-ip-dev": 509,
          "FutureClickCount_600-app-dev": 442,
          "FutureClickCount_600-ip-app-dev": 192,
          "FutureClickCount_600-os": 364,
          "FutureClickCount_600-ip-os": 391,
          "FutureClickCount_600-app-os": 463,
          "FutureClickCount_600-ip-app-os": 220,
          "FutureClickCount_600-dev-os": 571,
          "FutureClickCount_600-ip-dev-os": 410,
          "FutureClickCount_600-app-dev-os": 571,
          "FutureClickCount_600-ip-app-dev-os": 348,
          "FutureClickCount_600-cha": 458,
          "FutureClickCount_600-ip-cha": 146,
          "FutureClickCount_600-app-cha": 594,
          "FutureClickCount_600-ip-app-cha": 69,
          "FutureClickCount_600-dev-cha": 345,
          "FutureClickCount_600-ip-dev-cha": 115,
          "FutureClickCount_600-app-dev-cha": 362,
          "FutureClickCount_600-ip-app-dev-cha": 97,
          "FutureClickCount_600-os-cha": 308,
          "FutureClickCount_600-ip-os-cha": 106,
          "FutureClickCount_600-app-os-cha": 381,
          "FutureClickCount_600-ip-app-os-cha": 97,
          "FutureClickCount_600-dev-os-cha": 360,
          "FutureClickCount_600-ip-dev-os-cha": 75,
          "FutureClickCount_600-app-dev-os-cha": 301,
          "FutureClickCount_600-ip-app-dev-os-cha": 84,
          "FutureClickCount_4800-ip": 884,
          "FutureClickCount_4800-app": 343,
          "FutureClickCount_4800-ip-app": 353,
          "FutureClickCount_4800-dev": 81,
          "FutureClickCount_4800-ip-dev": 1082,
          "FutureClickCount_4800-app-dev": 209,
          "FutureClickCount_4800-ip-app-dev": 315,
          "FutureClickCount_4800-os": 156,
          "FutureClickCount_4800-ip-os": 657,
          "FutureClickCount_4800-app-os": 379,
          "FutureClickCount_4800-ip-app-os": 297,
          "FutureClickCount_4800-dev-os": 244,
          "FutureClickCount_4800-ip-dev-os": 747,
          "FutureClickCount_4800-app-dev-os": 522,
          "FutureClickCount_4800-ip-app-dev-os": 361,
          "FutureClickCount_4800-cha": 326,
          "FutureClickCount_4800-ip-cha": 195,
          "FutureClickCount_4800-app-cha": 570,
          "FutureClickCount_4800-ip-app-cha": 160,
          "FutureClickCount_4800-dev-cha": 260,
          "FutureClickCount_4800-ip-dev-cha": 191,
          "FutureClickCount_4800-app-dev-cha": 326,
          "FutureClickCount_4800-ip-app-dev-cha": 152,
          "FutureClickCount_4800-os-cha": 331,
          "FutureClickCount_4800-ip-os-cha": 112,
          "FutureClickCount_4800-app-os-cha": 354,
          "FutureClickCount_4800-ip-app-os-cha": 119,
          "FutureClickCount_4800-dev-os-cha": 292,
          "FutureClickCount_4800-ip-dev-os-cha": 88,
          "FutureClickCount_4800-app-dev-os-cha": 348,
          "FutureClickCount_4800-ip-app-dev-os-cha": 76,
          "NextClickTimeDelta-ip": 763,
          "NextClickTimeDelta-app": 161,
          "NextClickTimeDelta-ip-app": 893,
          "NextClickTimeDelta-dev": 89,
          "NextClickTimeDelta-ip-dev": 499,
          "NextClickTimeDelta-app-dev": 118,
          "NextClickTimeDelta-ip-app-dev": 576,
          "NextClickTimeDelta-os": 120,
          "NextClickTimeDelta-ip-os": 718,
          "NextClickTimeDelta-app-os": 220,
          "NextClickTimeDelta-ip-app-os": 1448,
          "NextClickTimeDelta-dev-os": 102,
          "NextClickTimeDelta-ip-dev-os": 431,
          "NextClickTimeDelta-app-dev-os": 146,
          "NextClickTimeDelta-ip-app-dev-os": 2420,
          "NextClickTimeDelta-cha": 136,
          "NextClickTimeDelta-ip-cha": 506,
          "NextClickTimeDelta-app-cha": 240,
          "NextClickTimeDelta-ip-app-cha": 433,
          "NextClickTimeDelta-dev-cha": 107,
          "NextClickTimeDelta-ip-dev-cha": 425,
          "NextClickTimeDelta-app-dev-cha": 163,
          "NextClickTimeDelta-ip-app-dev-cha": 338,
          "NextClickTimeDelta-os-cha": 250,
          "NextClickTimeDelta-ip-os-cha": 385,
          "NextClickTimeDelta-app-os-cha": 315,
          "NextClickTimeDelta-ip-app-os-cha": 469,
          "NextClickTimeDelta-dev-os-cha": 212,
          "NextClickTimeDelta-ip-dev-os-cha": 338,
          "NextClickTimeDelta-app-dev-os-cha": 235,
          "NextClickTimeDelta-ip-app-dev-os-cha": 573,
          "PrevClickTimeDelta-ip": 601,
          "PrevClickTimeDelta-app": 124,
          "PrevClickTimeDelta-ip-app": 433,
          "PrevClickTimeDelta-dev": 69,
          "PrevClickTimeDelta-ip-dev": 337,
          "PrevClickTimeDelta-app-dev": 90,
          "PrevClickTimeDelta-ip-app-dev": 284,
          "PrevClickTimeDelta-os": 157,
          "PrevClickTimeDelta-ip-os": 536,
          "PrevClickTimeDelta-app-os": 218,
          "PrevClickTimeDelta-ip-app-os": 414,
          "PrevClickTimeDelta-dev-os": 111,
          "PrevClickTimeDelta-ip-dev-os": 363,
          "PrevClickTimeDelta-app-dev-os": 187,
          "PrevClickTimeDelta-ip-app-dev-os": 341,
          "PrevClickTimeDelta-cha": 139,
          "PrevClickTimeDelta-ip-cha": 396,
          "PrevClickTimeDelta-app-cha": 238,
          "PrevClickTimeDelta-ip-app-cha": 273,
          "PrevClickTimeDelta-dev-cha": 144,
          "PrevClickTimeDelta-ip-dev-cha": 234,
          "PrevClickTimeDelta-app-dev-cha": 139,
          "PrevClickTimeDelta-ip-app-dev-cha": 245,
          "PrevClickTimeDelta-os-cha": 261,
          "PrevClickTimeDelta-ip-os-cha": 238,
          "PrevClickTimeDelta-app-os-cha": 234,
          "PrevClickTimeDelta-ip-app-os-cha": 200,
          "PrevClickTimeDelta-dev-os-cha": 194,
          "PrevClickTimeDelta-ip-dev-os-cha": 191,
          "PrevClickTimeDelta-app-dev-os-cha": 208,
          "PrevClickTimeDelta-ip-app-dev-os-cha": 155,
          "AverageAttributedRatio-ip": 471,
          "AverageAttributedRatio-app": 471,
          "AverageAttributedRatio-ip-app": 324,
          "AverageAttributedRatio-dev": 669,
          "AverageAttributedRatio-ip-dev": 446,
          "AverageAttributedRatio-app-dev": 308,
          "AverageAttributedRatio-ip-app-dev": 458,
          "AverageAttributedRatio-os": 406,
          "AverageAttributedRatio-ip-os": 329,
          "AverageAttributedRatio-app-os": 369,
          "AverageAttributedRatio-ip-app-os": 142,
          "AverageAttributedRatio-dev-os": 368,
          "AverageAttributedRatio-ip-dev-os": 352,
          "AverageAttributedRatio-app-dev-os": 407,
          "AverageAttributedRatio-ip-app-dev-os": 115,
          "AverageAttributedRatio-cha": 375,
          "AverageAttributedRatio-ip-cha": 150,
          "AverageAttributedRatio-app-cha": 372,
          "AverageAttributedRatio-ip-app-cha": 170,
          "AverageAttributedRatio-dev-cha": 242,
          "AverageAttributedRatio-ip-dev-cha": 147,
          "AverageAttributedRatio-app-dev-cha": 271,
          "AverageAttributedRatio-ip-app-dev-cha": 123,
          "AverageAttributedRatio-os-cha": 296,
          "AverageAttributedRatio-ip-os-cha": 80,
          "AverageAttributedRatio-app-os-cha": 446,
          "AverageAttributedRatio-ip-app-os-cha": 55,
          "AverageAttributedRatio-dev-os-cha": 299,
          "AverageAttributedRatio-ip-dev-os-cha": 81,
          "AverageAttributedRatio-app-dev-os-cha": 374,
          "AverageAttributedRatio-ip-app-dev-os-cha": 41,
          "KomakiLDA5NoDevice-ip-app-0": 1131,
          "KomakiLDA5NoDevice-ip-app-1": 1198,
          "KomakiLDA5NoDevice-ip-app-2": 1162,
          "KomakiLDA5NoDevice-ip-app-3": 768,
          "KomakiLDA5NoDevice-ip-app-4": 634,
          "KomakiLDA5NoDevice-ip-os-0": 1103,
          "KomakiLDA5NoDevice-ip-os-1": 980,
          "KomakiLDA5NoDevice-ip-os-2": 754,
          "KomakiLDA5NoDevice-ip-os-3": 785,
          "KomakiLDA5NoDevice-ip-os-4": 917,
          "KomakiLDA5NoDevice-ip-channel-0": 1029,
          "KomakiLDA5NoDevice-ip-channel-1": 871,
          "KomakiLDA5NoDevice-ip-channel-2": 1077,
          "KomakiLDA5NoDevice-ip-channel-3": 1157,
          "KomakiLDA5NoDevice-ip-channel-4": 1089,
          "KomakiLDA5NoDevice-app-ip-0": 321,
          "KomakiLDA5NoDevice-app-ip-1": 283,
          "KomakiLDA5NoDevice-app-ip-2": 239,
          "KomakiLDA5NoDevice-app-ip-3": 267,
          "KomakiLDA5NoDevice-app-ip-4": 225,
          "KomakiLDA5NoDevice-app-os-0": 163,
          "KomakiLDA5NoDevice-app-os-1": 287,
          "KomakiLDA5NoDevice-app-os-2": 191,
          "KomakiLDA5NoDevice-app-os-3": 150,
          "KomakiLDA5NoDevice-app-os-4": 293,
          "KomakiLDA5NoDevice-app-channel-0": 185,
          "KomakiLDA5NoDevice-app-channel-1": 168,
          "KomakiLDA5NoDevice-app-channel-2": 223,
          "KomakiLDA5NoDevice-app-channel-3": 234,
          "KomakiLDA5NoDevice-app-channel-4": 101,
          "KomakiLDA5NoDevice-os-ip-0": 365,
          "KomakiLDA5NoDevice-os-ip-1": 285,
          "KomakiLDA5NoDevice-os-ip-2": 252,
          "KomakiLDA5NoDevice-os-ip-3": 217,
          "KomakiLDA5NoDevice-os-ip-4": 241,
          "KomakiLDA5NoDevice-os-app-0": 341,
          "KomakiLDA5NoDevice-os-app-1": 357,
          "KomakiLDA5NoDevice-os-app-2": 165,
          "KomakiLDA5NoDevice-os-app-3": 241,
          "KomakiLDA5NoDevice-os-app-4": 177,
          "KomakiLDA5NoDevice-os-channel-0": 283,
          "KomakiLDA5NoDevice-os-channel-1": 150,
          "KomakiLDA5NoDevice-os-channel-2": 210,
          "KomakiLDA5NoDevice-os-channel-3": 286,
          "KomakiLDA5NoDevice-os-channel-4": 225,
          "KomakiLDA5NoDevice-channel-ip-0": 296,
          "KomakiLDA5NoDevice-channel-ip-1": 317,
          "KomakiLDA5NoDevice-channel-ip-2": 281,
          "KomakiLDA5NoDevice-channel-ip-3": 358,
          "KomakiLDA5NoDevice-channel-ip-4": 281,
          "KomakiLDA5NoDevice-channel-app-0": 287,
          "KomakiLDA5NoDevice-channel-app-1": 217,
          "KomakiLDA5NoDevice-channel-app-2": 333,
          "KomakiLDA5NoDevice-channel-app-3": 267,
          "KomakiLDA5NoDevice-channel-app-4": 220,
          "KomakiLDA5NoDevice-channel-os-0": 316,
          "KomakiLDA5NoDevice-channel-os-1": 332,
          "KomakiLDA5NoDevice-channel-os-2": 298,
          "KomakiLDA5NoDevice-channel-os-3": 272,
          "KomakiLDA5NoDevice-channel-os-4": 296,
          "KomakiNMF5NoDevice-ip-app-0": 754,
          "KomakiNMF5NoDevice-ip-app-1": 1168,
          "KomakiNMF5NoDevice-ip-app-2": 869,
          "KomakiNMF5NoDevice-ip-app-3": 644,
          "KomakiNMF5NoDevice-ip-app-4": 870,
          "KomakiNMF5NoDevice-ip-os-0": 1095,
          "KomakiNMF5NoDevice-ip-os-1": 997,
          "KomakiNMF5NoDevice-ip-os-2": 753,
          "KomakiNMF5NoDevice-ip-os-3": 895,
          "KomakiNMF5NoDevice-ip-os-4": 739,
          "KomakiNMF5NoDevice-ip-channel-0": 974,
          "KomakiNMF5NoDevice-ip-channel-1": 1216,
          "KomakiNMF5NoDevice-ip-channel-2": 803,
          "KomakiNMF5NoDevice-ip-channel-3": 947,
          "KomakiNMF5NoDevice-ip-channel-4": 955,
          "KomakiNMF5NoDevice-app-ip-0": 177,
          "KomakiNMF5NoDevice-app-ip-1": 179,
          "KomakiNMF5NoDevice-app-ip-2": 185,
          "KomakiNMF5NoDevice-app-ip-3": 166,
          "KomakiNMF5NoDevice-app-ip-4": 111,
          "KomakiNMF5NoDevice-app-os-0": 94,
          "KomakiNMF5NoDevice-app-os-1": 161,
          "KomakiNMF5NoDevice-app-os-2": 134,
          "KomakiNMF5NoDevice-app-os-3": 46,
          "KomakiNMF5NoDevice-app-os-4": 63,
          "KomakiNMF5NoDevice-app-channel-0": 118,
          "KomakiNMF5NoDevice-app-channel-1": 159,
          "KomakiNMF5NoDevice-app-channel-2": 164,
          "KomakiNMF5NoDevice-app-channel-3": 146,
          "KomakiNMF5NoDevice-app-channel-4": 135,
          "KomakiNMF5NoDevice-os-ip-0": 130,
          "KomakiNMF5NoDevice-os-ip-1": 196,
          "KomakiNMF5NoDevice-os-ip-2": 162,
          "KomakiNMF5NoDevice-os-ip-3": 187,
          "KomakiNMF5NoDevice-os-ip-4": 184,
          "KomakiNMF5NoDevice-os-app-0": 123,
          "KomakiNMF5NoDevice-os-app-1": 13,
          "KomakiNMF5NoDevice-os-app-2": 124,
          "KomakiNMF5NoDevice-os-app-3": 265,
          "KomakiNMF5NoDevice-os-app-4": 175,
          "KomakiNMF5NoDevice-os-channel-0": 287,
          "KomakiNMF5NoDevice-os-channel-1": 167,
          "KomakiNMF5NoDevice-os-channel-2": 287,
          "KomakiNMF5NoDevice-os-channel-3": 258,
          "KomakiNMF5NoDevice-os-channel-4": 194,
          "KomakiNMF5NoDevice-channel-ip-0": 377,
          "KomakiNMF5NoDevice-channel-ip-1": 213,
          "KomakiNMF5NoDevice-channel-ip-2": 242,
          "KomakiNMF5NoDevice-channel-ip-3": 300,
          "KomakiNMF5NoDevice-channel-ip-4": 296,
          "KomakiNMF5NoDevice-channel-app-0": 196,
          "KomakiNMF5NoDevice-channel-app-1": 93,
          "KomakiNMF5NoDevice-channel-app-2": 147,
          "KomakiNMF5NoDevice-channel-app-3": 162,
          "KomakiNMF5NoDevice-channel-app-4": 187,
          "KomakiNMF5NoDevice-channel-os-0": 321,
          "KomakiNMF5NoDevice-channel-os-1": 129,
          "KomakiNMF5NoDevice-channel-os-2": 311,
          "KomakiNMF5NoDevice-channel-os-3": 174,
          "KomakiNMF5NoDevice-channel-os-4": 301
        }
      }
    ],
    "average_train_auc": 0.9942958279370953,
    "average_valid_auc": 0.9848190480008328,
    "train_auc_std": 0.00042131819586199503,
    "valid_auc_std": 9.608020492653565e-05,
    "average_train_time": 413.4027195453644
  },
  "config": {
    "features": [
      "app",
      "hour",
      "count",
      "future_click_count_10",
      "future_click_count_80",
      "next_click_time_delta",
      "prev_click_time_delta",
      "average_attributed_ratio",
      "komaki_lda_5_no_device",
      "komaki_nmf_5_no_device"
    ],
    "model": {
      "name": "lightgbm",
      "model_params": {
        "boosting_type": "gbdt",
        "objective": "binary",
        "metric": "auc",
        "learning_rate": 0.03,
        "num_leaves": 255,
        "max_depth": 8,
        "min_child_samples": 10,
        "max_bin": 100,
        "subsample": 0.7,
        "subsample_freq": 1,
        "colsample_bytree": 0.7,
        "min_child_weight": 0,
        "subsample_for_bin": 200000,
        "min_split_gain": 0,
        "reg_alpha": 0,
        "reg_lambda": 0,
        "verbose": 0
      },
      "train_params": {
        "num_boost_round": 1000,
        "early_stopping_rounds": 30
      }
    },
    "dataset": {
      "input_directory": "data/input/",
      "cache_directory": "data/working/",
      "validation_ratio": 0.33333333333,
      "full_data_train": true,
      "files": {
        "train": "train.feather",
        "test": "old_test.feather"
      },
      "negative_down_sampling": {
        "enabled": true,
        "bagging_size": 5,
        "random_state": 114514
      }
    },
    "note": "47 - PCA"
  }
}