{
  "training": {
    "trials": [
      {
        "train_auc": 0.9954472178444422,
        "valid_auc": 0.9844783703548237,
        "best_iteration": 718,
        "train_time": 556.3020467758179,
        "feature_importance": {
          "os": 4140,
          "app": 3489,
          "channel": 7186,
          "hour": 4986,
          "n_channels": 1525,
          "ip_app_count": 1649,
          "ip_app_os_count": 1532,
          "FutureClickCount_600-ip": 961,
          "FutureClickCount_600-app": 732,
          "FutureClickCount_600-ip-app": 290,
          "FutureClickCount_600-dev": 369,
          "FutureClickCount_600-ip-dev": 926,
          "FutureClickCount_600-app-dev": 611,
          "FutureClickCount_600-ip-app-dev": 261,
          "FutureClickCount_600-os": 553,
          "FutureClickCount_600-ip-os": 691,
          "FutureClickCount_600-app-os": 835,
          "FutureClickCount_600-ip-app-os": 314,
          "FutureClickCount_600-dev-os": 878,
          "FutureClickCount_600-ip-dev-os": 645,
          "FutureClickCount_600-app-dev-os": 839,
          "FutureClickCount_600-ip-app-dev-os": 381,
          "FutureClickCount_600-cha": 755,
          "FutureClickCount_600-ip-cha": 209,
          "FutureClickCount_600-app-cha": 878,
          "FutureClickCount_600-ip-app-cha": 176,
          "FutureClickCount_600-dev-cha": 605,
          "FutureClickCount_600-ip-dev-cha": 210,
          "FutureClickCount_600-app-dev-cha": 625,
          "FutureClickCount_600-ip-app-dev-cha": 129,
          "FutureClickCount_600-os-cha": 657,
          "FutureClickCount_600-ip-os-cha": 134,
          "FutureClickCount_600-app-os-cha": 686,
          "FutureClickCount_600-ip-app-os-cha": 138,
          "FutureClickCount_600-dev-os-cha": 644,
          "FutureClickCount_600-ip-dev-os-cha": 131,
          "FutureClickCount_600-app-dev-os-cha": 613,
          "FutureClickCount_600-ip-app-dev-os-cha": 144,
          "FutureClickCount_4800-ip": 1437,
          "FutureClickCount_4800-app": 448,
          "FutureClickCount_4800-ip-app": 551,
          "FutureClickCount_4800-dev": 150,
          "FutureClickCount_4800-ip-dev": 1480,
          "FutureClickCount_4800-app-dev": 305,
          "FutureClickCount_4800-ip-app-dev": 480,
          "FutureClickCount_4800-os": 358,
          "FutureClickCount_4800-ip-os": 878,
          "FutureClickCount_4800-app-os": 601,
          "FutureClickCount_4800-ip-app-os": 435,
          "FutureClickCount_4800-dev-os": 338,
          "FutureClickCount_4800-ip-dev-os": 1086,
          "FutureClickCount_4800-app-dev-os": 655,
          "FutureClickCount_4800-ip-app-dev-os": 525,
          "FutureClickCount_4800-cha": 496,
          "FutureClickCount_4800-ip-cha": 407,
          "FutureClickCount_4800-app-cha": 759,
          "FutureClickCount_4800-ip-app-cha": 284,
          "FutureClickCount_4800-dev-cha": 401,
          "FutureClickCount_4800-ip-dev-cha": 368,
          "FutureClickCount_4800-app-dev-cha": 491,
          "FutureClickCount_4800-ip-app-dev-cha": 254,
          "FutureClickCount_4800-os-cha": 586,
          "FutureClickCount_4800-ip-os-cha": 195,
          "FutureClickCount_4800-app-os-cha": 595,
          "FutureClickCount_4800-ip-app-os-cha": 170,
          "FutureClickCount_4800-dev-os-cha": 612,
          "FutureClickCount_4800-ip-dev-os-cha": 177,
          "FutureClickCount_4800-app-dev-os-cha": 562,
          "FutureClickCount_4800-ip-app-dev-os-cha": 186,
          "NextClickTimeDelta-ip": 1250,
          "NextClickTimeDelta-app": 197,
          "NextClickTimeDelta-ip-app": 1349,
          "NextClickTimeDelta-dev": 113,
          "NextClickTimeDelta-ip-dev": 838,
          "NextClickTimeDelta-app-dev": 157,
          "NextClickTimeDelta-ip-app-dev": 916,
          "NextClickTimeDelta-os": 200,
          "NextClickTimeDelta-ip-os": 944,
          "NextClickTimeDelta-app-os": 398,
          "NextClickTimeDelta-ip-app-os": 1835,
          "NextClickTimeDelta-dev-os": 153,
          "NextClickTimeDelta-ip-dev-os": 747,
          "NextClickTimeDelta-app-dev-os": 259,
          "NextClickTimeDelta-ip-app-dev-os": 2857,
          "NextClickTimeDelta-cha": 219,
          "NextClickTimeDelta-ip-cha": 919,
          "NextClickTimeDelta-app-cha": 315,
          "NextClickTimeDelta-ip-app-cha": 793,
          "NextClickTimeDelta-dev-cha": 190,
          "NextClickTimeDelta-ip-dev-cha": 689,
          "NextClickTimeDelta-app-dev-cha": 227,
          "NextClickTimeDelta-ip-app-dev-cha": 674,
          "NextClickTimeDelta-os-cha": 547,
          "NextClickTimeDelta-ip-os-cha": 666,
          "NextClickTimeDelta-app-os-cha": 540,
          "NextClickTimeDelta-ip-app-os-cha": 758,
          "NextClickTimeDelta-dev-os-cha": 370,
          "NextClickTimeDelta-ip-dev-os-cha": 536,
          "NextClickTimeDelta-app-dev-os-cha": 473,
          "NextClickTimeDelta-ip-app-dev-os-cha": 804,
          "PrevClickTimeDelta-ip": 1120,
          "PrevClickTimeDelta-app": 188,
          "PrevClickTimeDelta-ip-app": 805,
          "PrevClickTimeDelta-dev": 119,
          "PrevClickTimeDelta-ip-dev": 760,
          "PrevClickTimeDelta-app-dev": 136,
          "PrevClickTimeDelta-ip-app-dev": 661,
          "PrevClickTimeDelta-os": 175,
          "PrevClickTimeDelta-ip-os": 829,
          "PrevClickTimeDelta-app-os": 338,
          "PrevClickTimeDelta-ip-app-os": 726,
          "PrevClickTimeDelta-dev-os": 163,
          "PrevClickTimeDelta-ip-dev-os": 613,
          "PrevClickTimeDelta-app-dev-os": 312,
          "PrevClickTimeDelta-ip-app-dev-os": 598,
          "PrevClickTimeDelta-cha": 247,
          "PrevClickTimeDelta-ip-cha": 780,
          "PrevClickTimeDelta-app-cha": 304,
          "PrevClickTimeDelta-ip-app-cha": 579,
          "PrevClickTimeDelta-dev-cha": 192,
          "PrevClickTimeDelta-ip-dev-cha": 555,
          "PrevClickTimeDelta-app-dev-cha": 186,
          "PrevClickTimeDelta-ip-app-dev-cha": 478,
          "PrevClickTimeDelta-os-cha": 465,
          "PrevClickTimeDelta-ip-os-cha": 543,
          "PrevClickTimeDelta-app-os-cha": 521,
          "PrevClickTimeDelta-ip-app-os-cha": 493,
          "PrevClickTimeDelta-dev-os-cha": 347,
          "PrevClickTimeDelta-ip-dev-os-cha": 361,
          "PrevClickTimeDelta-app-dev-os-cha": 419,
          "PrevClickTimeDelta-ip-app-dev-os-cha": 345,
          "AverageAttributedRatio-ip": 916,
          "AverageAttributedRatio-app": 573,
          "AverageAttributedRatio-ip-app": 544,
          "AverageAttributedRatio-dev": 1233,
          "AverageAttributedRatio-ip-dev": 857,
          "AverageAttributedRatio-app-dev": 464,
          "AverageAttributedRatio-ip-app-dev": 601,
          "AverageAttributedRatio-os": 675,
          "AverageAttributedRatio-ip-os": 535,
          "AverageAttributedRatio-app-os": 570,
          "AverageAttributedRatio-ip-app-os": 201,
          "AverageAttributedRatio-dev-os": 545,
          "AverageAttributedRatio-ip-dev-os": 500,
          "AverageAttributedRatio-app-dev-os": 548,
          "AverageAttributedRatio-ip-app-dev-os": 188,
          "AverageAttributedRatio-cha": 465,
          "AverageAttributedRatio-ip-cha": 259,
          "AverageAttributedRatio-app-cha": 467,
          "AverageAttributedRatio-ip-app-cha": 226,
          "AverageAttributedRatio-dev-cha": 436,
          "AverageAttributedRatio-ip-dev-cha": 188,
          "AverageAttributedRatio-app-dev-cha": 451,
          "AverageAttributedRatio-ip-app-dev-cha": 217,
          "AverageAttributedRatio-os-cha": 567,
          "AverageAttributedRatio-ip-os-cha": 152,
          "AverageAttributedRatio-app-os-cha": 591,
          "AverageAttributedRatio-ip-app-os-cha": 121,
          "AverageAttributedRatio-dev-os-cha": 417,
          "AverageAttributedRatio-ip-dev-os-cha": 137,
          "AverageAttributedRatio-app-dev-os-cha": 538,
          "AverageAttributedRatio-ip-app-dev-os-cha": 108,
          "KomakiLDA5NoDevice-ip-app-0": 2824,
          "KomakiLDA5NoDevice-ip-app-1": 2448,
          "KomakiLDA5NoDevice-ip-app-2": 2184,
          "KomakiLDA5NoDevice-ip-app-3": 1743,
          "KomakiLDA5NoDevice-ip-app-4": 1619,
          "KomakiLDA5NoDevice-ip-os-0": 1967,
          "KomakiLDA5NoDevice-ip-os-1": 2216,
          "KomakiLDA5NoDevice-ip-os-2": 1966,
          "KomakiLDA5NoDevice-ip-os-3": 1740,
          "KomakiLDA5NoDevice-ip-os-4": 2038,
          "KomakiLDA5NoDevice-ip-channel-0": 2033,
          "KomakiLDA5NoDevice-ip-channel-1": 1911,
          "KomakiLDA5NoDevice-ip-channel-2": 1944,
          "KomakiLDA5NoDevice-ip-channel-3": 2215,
          "KomakiLDA5NoDevice-ip-channel-4": 2349,
          "KomakiLDA5NoDevice-app-ip-0": 484,
          "KomakiLDA5NoDevice-app-ip-1": 435,
          "KomakiLDA5NoDevice-app-ip-2": 404,
          "KomakiLDA5NoDevice-app-ip-3": 437,
          "KomakiLDA5NoDevice-app-ip-4": 327,
          "KomakiLDA5NoDevice-app-os-0": 305,
          "KomakiLDA5NoDevice-app-os-1": 372,
          "KomakiLDA5NoDevice-app-os-2": 366,
          "KomakiLDA5NoDevice-app-os-3": 267,
          "KomakiLDA5NoDevice-app-os-4": 437,
          "KomakiLDA5NoDevice-app-channel-0": 297,
          "KomakiLDA5NoDevice-app-channel-1": 350,
          "KomakiLDA5NoDevice-app-channel-2": 350,
          "KomakiLDA5NoDevice-app-channel-3": 293,
          "KomakiLDA5NoDevice-app-channel-4": 219,
          "KomakiLDA5NoDevice-os-ip-0": 399,
          "KomakiLDA5NoDevice-os-ip-1": 370,
          "KomakiLDA5NoDevice-os-ip-2": 353,
          "KomakiLDA5NoDevice-os-ip-3": 283,
          "KomakiLDA5NoDevice-os-ip-4": 301,
          "KomakiLDA5NoDevice-os-app-0": 372,
          "KomakiLDA5NoDevice-os-app-1": 465,
          "KomakiLDA5NoDevice-os-app-2": 286,
          "KomakiLDA5NoDevice-os-app-3": 357,
          "KomakiLDA5NoDevice-os-app-4": 268,
          "KomakiLDA5NoDevice-os-channel-0": 434,
          "KomakiLDA5NoDevice-os-channel-1": 306,
          "KomakiLDA5NoDevice-os-channel-2": 278,
          "KomakiLDA5NoDevice-os-channel-3": 288,
          "KomakiLDA5NoDevice-os-channel-4": 270,
          "KomakiLDA5NoDevice-channel-ip-0": 361,
          "KomakiLDA5NoDevice-channel-ip-1": 413,
          "KomakiLDA5NoDevice-channel-ip-2": 344,
          "KomakiLDA5NoDevice-channel-ip-3": 376,
          "KomakiLDA5NoDevice-channel-ip-4": 344,
          "KomakiLDA5NoDevice-channel-app-0": 388,
          "KomakiLDA5NoDevice-channel-app-1": 285,
          "KomakiLDA5NoDevice-channel-app-2": 314,
          "KomakiLDA5NoDevice-channel-app-3": 328,
          "KomakiLDA5NoDevice-channel-app-4": 283,
          "KomakiLDA5NoDevice-channel-os-0": 339,
          "KomakiLDA5NoDevice-channel-os-1": 327,
          "KomakiLDA5NoDevice-channel-os-2": 350,
          "KomakiLDA5NoDevice-channel-os-3": 346,
          "KomakiLDA5NoDevice-channel-os-4": 309
        }
      },
      {
        "train_auc": 0.9939311319312456,
        "valid_auc": 0.9843843380379375,
        "best_iteration": 557,
        "train_time": 522.788697719574,
        "feature_importance": {
          "os": 2986,
          "app": 2735,
          "channel": 5512,
          "hour": 3721,
          "n_channels": 1285,
          "ip_app_count": 1298,
          "ip_app_os_count": 1278,
          "FutureClickCount_600-ip": 750,
          "FutureClickCount_600-app": 563,
          "FutureClickCount_600-ip-app": 255,
          "FutureClickCount_600-dev": 337,
          "FutureClickCount_600-ip-dev": 666,
          "FutureClickCount_600-app-dev": 483,
          "FutureClickCount_600-ip-app-dev": 216,
          "FutureClickCount_600-os": 436,
          "FutureClickCount_600-ip-os": 491,
          "FutureClickCount_600-app-os": 581,
          "FutureClickCount_600-ip-app-os": 288,
          "FutureClickCount_600-dev-os": 657,
          "FutureClickCount_600-ip-dev-os": 421,
          "FutureClickCount_600-app-dev-os": 725,
          "FutureClickCount_600-ip-app-dev-os": 341,
          "FutureClickCount_600-cha": 621,
          "FutureClickCount_600-ip-cha": 165,
          "FutureClickCount_600-app-cha": 697,
          "FutureClickCount_600-ip-app-cha": 135,
          "FutureClickCount_600-dev-cha": 491,
          "FutureClickCount_600-ip-dev-cha": 143,
          "FutureClickCount_600-app-dev-cha": 489,
          "FutureClickCount_600-ip-app-dev-cha": 112,
          "FutureClickCount_600-os-cha": 424,
          "FutureClickCount_600-ip-os-cha": 96,
          "FutureClickCount_600-app-os-cha": 493,
          "FutureClickCount_600-ip-app-os-cha": 92,
          "FutureClickCount_600-dev-os-cha": 440,
          "FutureClickCount_600-ip-dev-os-cha": 84,
          "FutureClickCount_600-app-dev-os-cha": 385,
          "FutureClickCount_600-ip-app-dev-os-cha": 116,
          "FutureClickCount_4800-ip": 1178,
          "FutureClickCount_4800-app": 364,
          "FutureClickCount_4800-ip-app": 403,
          "FutureClickCount_4800-dev": 120,
          "FutureClickCount_4800-ip-dev": 1197,
          "FutureClickCount_4800-app-dev": 258,
          "FutureClickCount_4800-ip-app-dev": 349,
          "FutureClickCount_4800-os": 242,
          "FutureClickCount_4800-ip-os": 690,
          "FutureClickCount_4800-app-os": 389,
          "FutureClickCount_4800-ip-app-os": 346,
          "FutureClickCount_4800-dev-os": 291,
          "FutureClickCount_4800-ip-dev-os": 895,
          "FutureClickCount_4800-app-dev-os": 545,
          "FutureClickCount_4800-ip-app-dev-os": 471,
          "FutureClickCount_4800-cha": 425,
          "FutureClickCount_4800-ip-cha": 267,
          "FutureClickCount_4800-app-cha": 620,
          "FutureClickCount_4800-ip-app-cha": 183,
          "FutureClickCount_4800-dev-cha": 272,
          "FutureClickCount_4800-ip-dev-cha": 236,
          "FutureClickCount_4800-app-dev-cha": 392,
          "FutureClickCount_4800-ip-app-dev-cha": 182,
          "FutureClickCount_4800-os-cha": 374,
          "FutureClickCount_4800-ip-os-cha": 148,
          "FutureClickCount_4800-app-os-cha": 500,
          "FutureClickCount_4800-ip-app-os-cha": 130,
          "FutureClickCount_4800-dev-os-cha": 447,
          "FutureClickCount_4800-ip-dev-os-cha": 130,
          "FutureClickCount_4800-app-dev-os-cha": 401,
          "FutureClickCount_4800-ip-app-dev-os-cha": 122,
          "NextClickTimeDelta-ip": 932,
          "NextClickTimeDelta-app": 154,
          "NextClickTimeDelta-ip-app": 1084,
          "NextClickTimeDelta-dev": 66,
          "NextClickTimeDelta-ip-dev": 647,
          "NextClickTimeDelta-app-dev": 89,
          "NextClickTimeDelta-ip-app-dev": 708,
          "NextClickTimeDelta-os": 128,
          "NextClickTimeDelta-ip-os": 782,
          "NextClickTimeDelta-app-os": 299,
          "NextClickTimeDelta-ip-app-os": 1466,
          "NextClickTimeDelta-dev-os": 112,
          "NextClickTimeDelta-ip-dev-os": 525,
          "NextClickTimeDelta-app-dev-os": 224,
          "NextClickTimeDelta-ip-app-dev-os": 2558,
          "NextClickTimeDelta-cha": 179,
          "NextClickTimeDelta-ip-cha": 715,
          "NextClickTimeDelta-app-cha": 272,
          "NextClickTimeDelta-ip-app-cha": 560,
          "NextClickTimeDelta-dev-cha": 167,
          "NextClickTimeDelta-ip-dev-cha": 485,
          "NextClickTimeDelta-app-dev-cha": 172,
          "NextClickTimeDelta-ip-app-dev-cha": 460,
          "NextClickTimeDelta-os-cha": 364,
          "NextClickTimeDelta-ip-os-cha": 469,
          "NextClickTimeDelta-app-os-cha": 400,
          "NextClickTimeDelta-ip-app-os-cha": 513,
          "NextClickTimeDelta-dev-os-cha": 295,
          "NextClickTimeDelta-ip-dev-os-cha": 399,
          "NextClickTimeDelta-app-dev-os-cha": 328,
          "NextClickTimeDelta-ip-app-dev-os-cha": 597,
          "PrevClickTimeDelta-ip": 691,
          "PrevClickTimeDelta-app": 185,
          "PrevClickTimeDelta-ip-app": 513,
          "PrevClickTimeDelta-dev": 100,
          "PrevClickTimeDelta-ip-dev": 501,
          "PrevClickTimeDelta-app-dev": 128,
          "PrevClickTimeDelta-ip-app-dev": 391,
          "PrevClickTimeDelta-os": 162,
          "PrevClickTimeDelta-ip-os": 604,
          "PrevClickTimeDelta-app-os": 290,
          "PrevClickTimeDelta-ip-app-os": 492,
          "PrevClickTimeDelta-dev-os": 95,
          "PrevClickTimeDelta-ip-dev-os": 450,
          "PrevClickTimeDelta-app-dev-os": 241,
          "PrevClickTimeDelta-ip-app-dev-os": 390,
          "PrevClickTimeDelta-cha": 163,
          "PrevClickTimeDelta-ip-cha": 537,
          "PrevClickTimeDelta-app-cha": 207,
          "PrevClickTimeDelta-ip-app-cha": 388,
          "PrevClickTimeDelta-dev-cha": 138,
          "PrevClickTimeDelta-ip-dev-cha": 385,
          "PrevClickTimeDelta-app-dev-cha": 148,
          "PrevClickTimeDelta-ip-app-dev-cha": 329,
          "PrevClickTimeDelta-os-cha": 370,
          "PrevClickTimeDelta-ip-os-cha": 358,
          "PrevClickTimeDelta-app-os-cha": 358,
          "PrevClickTimeDelta-ip-app-os-cha": 334,
          "PrevClickTimeDelta-dev-os-cha": 265,
          "PrevClickTimeDelta-ip-dev-os-cha": 224,
          "PrevClickTimeDelta-app-dev-os-cha": 293,
          "PrevClickTimeDelta-ip-app-dev-os-cha": 217,
          "AverageAttributedRatio-ip": 650,
          "AverageAttributedRatio-app": 518,
          "AverageAttributedRatio-ip-app": 436,
          "AverageAttributedRatio-dev": 850,
          "AverageAttributedRatio-ip-dev": 620,
          "AverageAttributedRatio-app-dev": 395,
          "AverageAttributedRatio-ip-app-dev": 508,
          "AverageAttributedRatio-os": 502,
          "AverageAttributedRatio-ip-os": 406,
          "AverageAttributedRatio-app-os": 438,
          "AverageAttributedRatio-ip-app-os": 165,
          "AverageAttributedRatio-dev-os": 468,
          "AverageAttributedRatio-ip-dev-os": 393,
          "AverageAttributedRatio-app-dev-os": 401,
          "AverageAttributedRatio-ip-app-dev-os": 141,
          "AverageAttributedRatio-cha": 430,
          "AverageAttributedRatio-ip-cha": 232,
          "AverageAttributedRatio-app-cha": 348,
          "AverageAttributedRatio-ip-app-cha": 175,
          "AverageAttributedRatio-dev-cha": 298,
          "AverageAttributedRatio-ip-dev-cha": 174,
          "AverageAttributedRatio-app-dev-cha": 351,
          "AverageAttributedRatio-ip-app-dev-cha": 180,
          "AverageAttributedRatio-os-cha": 398,
          "AverageAttributedRatio-ip-os-cha": 129,
          "AverageAttributedRatio-app-os-cha": 449,
          "AverageAttributedRatio-ip-app-os-cha": 72,
          "AverageAttributedRatio-dev-os-cha": 346,
          "AverageAttributedRatio-ip-dev-os-cha": 94,
          "AverageAttributedRatio-app-dev-os-cha": 486,
          "AverageAttributedRatio-ip-app-dev-os-cha": 60,
          "KomakiLDA5NoDevice-ip-app-0": 2187,
          "KomakiLDA5NoDevice-ip-app-1": 1981,
          "KomakiLDA5NoDevice-ip-app-2": 1630,
          "KomakiLDA5NoDevice-ip-app-3": 1389,
          "KomakiLDA5NoDevice-ip-app-4": 1205,
          "KomakiLDA5NoDevice-ip-os-0": 1489,
          "KomakiLDA5NoDevice-ip-os-1": 1568,
          "KomakiLDA5NoDevice-ip-os-2": 1420,
          "KomakiLDA5NoDevice-ip-os-3": 1289,
          "KomakiLDA5NoDevice-ip-os-4": 1349,
          "KomakiLDA5NoDevice-ip-channel-0": 1594,
          "KomakiLDA5NoDevice-ip-channel-1": 1464,
          "KomakiLDA5NoDevice-ip-channel-2": 1399,
          "KomakiLDA5NoDevice-ip-channel-3": 1602,
          "KomakiLDA5NoDevice-ip-channel-4": 1841,
          "KomakiLDA5NoDevice-app-ip-0": 380,
          "KomakiLDA5NoDevice-app-ip-1": 298,
          "KomakiLDA5NoDevice-app-ip-2": 294,
          "KomakiLDA5NoDevice-app-ip-3": 355,
          "KomakiLDA5NoDevice-app-ip-4": 298,
          "KomakiLDA5NoDevice-app-os-0": 289,
          "KomakiLDA5NoDevice-app-os-1": 342,
          "KomakiLDA5NoDevice-app-os-2": 260,
          "KomakiLDA5NoDevice-app-os-3": 204,
          "KomakiLDA5NoDevice-app-os-4": 394,
          "KomakiLDA5NoDevice-app-channel-0": 224,
          "KomakiLDA5NoDevice-app-channel-1": 280,
          "KomakiLDA5NoDevice-app-channel-2": 275,
          "KomakiLDA5NoDevice-app-channel-3": 261,
          "KomakiLDA5NoDevice-app-channel-4": 187,
          "KomakiLDA5NoDevice-os-ip-0": 347,
          "KomakiLDA5NoDevice-os-ip-1": 279,
          "KomakiLDA5NoDevice-os-ip-2": 259,
          "KomakiLDA5NoDevice-os-ip-3": 256,
          "KomakiLDA5NoDevice-os-ip-4": 287,
          "KomakiLDA5NoDevice-os-app-0": 333,
          "KomakiLDA5NoDevice-os-app-1": 370,
          "KomakiLDA5NoDevice-os-app-2": 239,
          "KomakiLDA5NoDevice-os-app-3": 275,
          "KomakiLDA5NoDevice-os-app-4": 244,
          "KomakiLDA5NoDevice-os-channel-0": 313,
          "KomakiLDA5NoDevice-os-channel-1": 229,
          "KomakiLDA5NoDevice-os-channel-2": 234,
          "KomakiLDA5NoDevice-os-channel-3": 325,
          "KomakiLDA5NoDevice-os-channel-4": 259,
          "KomakiLDA5NoDevice-channel-ip-0": 256,
          "KomakiLDA5NoDevice-channel-ip-1": 311,
          "KomakiLDA5NoDevice-channel-ip-2": 293,
          "KomakiLDA5NoDevice-channel-ip-3": 309,
          "KomakiLDA5NoDevice-channel-ip-4": 274,
          "KomakiLDA5NoDevice-channel-app-0": 321,
          "KomakiLDA5NoDevice-channel-app-1": 224,
          "KomakiLDA5NoDevice-channel-app-2": 245,
          "KomakiLDA5NoDevice-channel-app-3": 229,
          "KomakiLDA5NoDevice-channel-app-4": 219,
          "KomakiLDA5NoDevice-channel-os-0": 291,
          "KomakiLDA5NoDevice-channel-os-1": 245,
          "KomakiLDA5NoDevice-channel-os-2": 298,
          "KomakiLDA5NoDevice-channel-os-3": 283,
          "KomakiLDA5NoDevice-channel-os-4": 242
        }
      },
      {
        "train_auc": 0.9941383322071877,
        "valid_auc": 0.9842183226240477,
        "best_iteration": 581,
        "train_time": 504.260737657547,
        "feature_importance": {
          "os": 3132,
          "app": 2753,
          "channel": 5843,
          "hour": 3821,
          "n_channels": 1347,
          "ip_app_count": 1377,
          "ip_app_os_count": 1326,
          "FutureClickCount_600-ip": 762,
          "FutureClickCount_600-app": 621,
          "FutureClickCount_600-ip-app": 236,
          "FutureClickCount_600-dev": 332,
          "FutureClickCount_600-ip-dev": 674,
          "FutureClickCount_600-app-dev": 489,
          "FutureClickCount_600-ip-app-dev": 229,
          "FutureClickCount_600-os": 441,
          "FutureClickCount_600-ip-os": 556,
          "FutureClickCount_600-app-os": 524,
          "FutureClickCount_600-ip-app-os": 293,
          "FutureClickCount_600-dev-os": 711,
          "FutureClickCount_600-ip-dev-os": 449,
          "FutureClickCount_600-app-dev-os": 694,
          "FutureClickCount_600-ip-app-dev-os": 343,
          "FutureClickCount_600-cha": 608,
          "FutureClickCount_600-ip-cha": 149,
          "FutureClickCount_600-app-cha": 807,
          "FutureClickCount_600-ip-app-cha": 145,
          "FutureClickCount_600-dev-cha": 480,
          "FutureClickCount_600-ip-dev-cha": 160,
          "FutureClickCount_600-app-dev-cha": 514,
          "FutureClickCount_600-ip-app-dev-cha": 91,
          "FutureClickCount_600-os-cha": 488,
          "FutureClickCount_600-ip-os-cha": 115,
          "FutureClickCount_600-app-os-cha": 494,
          "FutureClickCount_600-ip-app-os-cha": 103,
          "FutureClickCount_600-dev-os-cha": 488,
          "FutureClickCount_600-ip-dev-os-cha": 101,
          "FutureClickCount_600-app-dev-os-cha": 417,
          "FutureClickCount_600-ip-app-dev-os-cha": 108,
          "FutureClickCount_4800-ip": 1248,
          "FutureClickCount_4800-app": 407,
          "FutureClickCount_4800-ip-app": 455,
          "FutureClickCount_4800-dev": 123,
          "FutureClickCount_4800-ip-dev": 1218,
          "FutureClickCount_4800-app-dev": 280,
          "FutureClickCount_4800-ip-app-dev": 344,
          "FutureClickCount_4800-os": 260,
          "FutureClickCount_4800-ip-os": 694,
          "FutureClickCount_4800-app-os": 486,
          "FutureClickCount_4800-ip-app-os": 337,
          "FutureClickCount_4800-dev-os": 343,
          "FutureClickCount_4800-ip-dev-os": 901,
          "FutureClickCount_4800-app-dev-os": 566,
          "FutureClickCount_4800-ip-app-dev-os": 409,
          "FutureClickCount_4800-cha": 387,
          "FutureClickCount_4800-ip-cha": 265,
          "FutureClickCount_4800-app-cha": 597,
          "FutureClickCount_4800-ip-app-cha": 193,
          "FutureClickCount_4800-dev-cha": 302,
          "FutureClickCount_4800-ip-dev-cha": 255,
          "FutureClickCount_4800-app-dev-cha": 403,
          "FutureClickCount_4800-ip-app-dev-cha": 210,
          "FutureClickCount_4800-os-cha": 447,
          "FutureClickCount_4800-ip-os-cha": 145,
          "FutureClickCount_4800-app-os-cha": 516,
          "FutureClickCount_4800-ip-app-os-cha": 140,
          "FutureClickCount_4800-dev-os-cha": 482,
          "FutureClickCount_4800-ip-dev-os-cha": 118,
          "FutureClickCount_4800-app-dev-os-cha": 455,
          "FutureClickCount_4800-ip-app-dev-os-cha": 106,
          "NextClickTimeDelta-ip": 1000,
          "NextClickTimeDelta-app": 146,
          "NextClickTimeDelta-ip-app": 1170,
          "NextClickTimeDelta-dev": 94,
          "NextClickTimeDelta-ip-dev": 674,
          "NextClickTimeDelta-app-dev": 128,
          "NextClickTimeDelta-ip-app-dev": 725,
          "NextClickTimeDelta-os": 121,
          "NextClickTimeDelta-ip-os": 772,
          "NextClickTimeDelta-app-os": 291,
          "NextClickTimeDelta-ip-app-os": 1625,
          "NextClickTimeDelta-dev-os": 173,
          "NextClickTimeDelta-ip-dev-os": 556,
          "NextClickTimeDelta-app-dev-os": 264,
          "NextClickTimeDelta-ip-app-dev-os": 2507,
          "NextClickTimeDelta-cha": 168,
          "NextClickTimeDelta-ip-cha": 685,
          "NextClickTimeDelta-app-cha": 235,
          "NextClickTimeDelta-ip-app-cha": 572,
          "NextClickTimeDelta-dev-cha": 139,
          "NextClickTimeDelta-ip-dev-cha": 484,
          "NextClickTimeDelta-app-dev-cha": 194,
          "NextClickTimeDelta-ip-app-dev-cha": 491,
          "NextClickTimeDelta-os-cha": 375,
          "NextClickTimeDelta-ip-os-cha": 480,
          "NextClickTimeDelta-app-os-cha": 472,
          "NextClickTimeDelta-ip-app-os-cha": 564,
          "NextClickTimeDelta-dev-os-cha": 285,
          "NextClickTimeDelta-ip-dev-os-cha": 401,
          "NextClickTimeDelta-app-dev-os-cha": 382,
          "NextClickTimeDelta-ip-app-dev-os-cha": 634,
          "PrevClickTimeDelta-ip": 767,
          "PrevClickTimeDelta-app": 176,
          "PrevClickTimeDelta-ip-app": 562,
          "PrevClickTimeDelta-dev": 71,
          "PrevClickTimeDelta-ip-dev": 561,
          "PrevClickTimeDelta-app-dev": 122,
          "PrevClickTimeDelta-ip-app-dev": 400,
          "PrevClickTimeDelta-os": 159,
          "PrevClickTimeDelta-ip-os": 596,
          "PrevClickTimeDelta-app-os": 293,
          "PrevClickTimeDelta-ip-app-os": 521,
          "PrevClickTimeDelta-dev-os": 125,
          "PrevClickTimeDelta-ip-dev-os": 393,
          "PrevClickTimeDelta-app-dev-os": 264,
          "PrevClickTimeDelta-ip-app-dev-os": 362,
          "PrevClickTimeDelta-cha": 139,
          "PrevClickTimeDelta-ip-cha": 542,
          "PrevClickTimeDelta-app-cha": 257,
          "PrevClickTimeDelta-ip-app-cha": 424,
          "PrevClickTimeDelta-dev-cha": 168,
          "PrevClickTimeDelta-ip-dev-cha": 387,
          "PrevClickTimeDelta-app-dev-cha": 190,
          "PrevClickTimeDelta-ip-app-dev-cha": 374,
          "PrevClickTimeDelta-os-cha": 337,
          "PrevClickTimeDelta-ip-os-cha": 362,
          "PrevClickTimeDelta-app-os-cha": 403,
          "PrevClickTimeDelta-ip-app-os-cha": 307,
          "PrevClickTimeDelta-dev-os-cha": 285,
          "PrevClickTimeDelta-ip-dev-os-cha": 264,
          "PrevClickTimeDelta-app-dev-os-cha": 270,
          "PrevClickTimeDelta-ip-app-dev-os-cha": 219,
          "AverageAttributedRatio-ip": 668,
          "AverageAttributedRatio-app": 511,
          "AverageAttributedRatio-ip-app": 394,
          "AverageAttributedRatio-dev": 910,
          "AverageAttributedRatio-ip-dev": 628,
          "AverageAttributedRatio-app-dev": 380,
          "AverageAttributedRatio-ip-app-dev": 537,
          "AverageAttributedRatio-os": 554,
          "AverageAttributedRatio-ip-os": 408,
          "AverageAttributedRatio-app-os": 374,
          "AverageAttributedRatio-ip-app-os": 183,
          "AverageAttributedRatio-dev-os": 463,
          "AverageAttributedRatio-ip-dev-os": 394,
          "AverageAttributedRatio-app-dev-os": 471,
          "AverageAttributedRatio-ip-app-dev-os": 158,
          "AverageAttributedRatio-cha": 390,
          "AverageAttributedRatio-ip-cha": 193,
          "AverageAttributedRatio-app-cha": 380,
          "AverageAttributedRatio-ip-app-cha": 172,
          "AverageAttributedRatio-dev-cha": 328,
          "AverageAttributedRatio-ip-dev-cha": 194,
          "AverageAttributedRatio-app-dev-cha": 331,
          "AverageAttributedRatio-ip-app-dev-cha": 144,
          "AverageAttributedRatio-os-cha": 394,
          "AverageAttributedRatio-ip-os-cha": 111,
          "AverageAttributedRatio-app-os-cha": 480,
          "AverageAttributedRatio-ip-app-os-cha": 83,
          "AverageAttributedRatio-dev-os-cha": 326,
          "AverageAttributedRatio-ip-dev-os-cha": 87,
          "AverageAttributedRatio-app-dev-os-cha": 443,
          "AverageAttributedRatio-ip-app-dev-os-cha": 79,
          "KomakiLDA5NoDevice-ip-app-0": 2328,
          "KomakiLDA5NoDevice-ip-app-1": 2138,
          "KomakiLDA5NoDevice-ip-app-2": 1812,
          "KomakiLDA5NoDevice-ip-app-3": 1372,
          "KomakiLDA5NoDevice-ip-app-4": 1357,
          "KomakiLDA5NoDevice-ip-os-0": 1580,
          "KomakiLDA5NoDevice-ip-os-1": 1724,
          "KomakiLDA5NoDevice-ip-os-2": 1421,
          "KomakiLDA5NoDevice-ip-os-3": 1375,
          "KomakiLDA5NoDevice-ip-os-4": 1381,
          "KomakiLDA5NoDevice-ip-channel-0": 1604,
          "KomakiLDA5NoDevice-ip-channel-1": 1504,
          "KomakiLDA5NoDevice-ip-channel-2": 1493,
          "KomakiLDA5NoDevice-ip-channel-3": 1747,
          "KomakiLDA5NoDevice-ip-channel-4": 1821,
          "KomakiLDA5NoDevice-app-ip-0": 445,
          "KomakiLDA5NoDevice-app-ip-1": 345,
          "KomakiLDA5NoDevice-app-ip-2": 357,
          "KomakiLDA5NoDevice-app-ip-3": 377,
          "KomakiLDA5NoDevice-app-ip-4": 307,
          "KomakiLDA5NoDevice-app-os-0": 295,
          "KomakiLDA5NoDevice-app-os-1": 310,
          "KomakiLDA5NoDevice-app-os-2": 253,
          "KomakiLDA5NoDevice-app-os-3": 236,
          "KomakiLDA5NoDevice-app-os-4": 413,
          "KomakiLDA5NoDevice-app-channel-0": 264,
          "KomakiLDA5NoDevice-app-channel-1": 288,
          "KomakiLDA5NoDevice-app-channel-2": 274,
          "KomakiLDA5NoDevice-app-channel-3": 259,
          "KomakiLDA5NoDevice-app-channel-4": 188,
          "KomakiLDA5NoDevice-os-ip-0": 426,
          "KomakiLDA5NoDevice-os-ip-1": 343,
          "KomakiLDA5NoDevice-os-ip-2": 305,
          "KomakiLDA5NoDevice-os-ip-3": 246,
          "KomakiLDA5NoDevice-os-ip-4": 286,
          "KomakiLDA5NoDevice-os-app-0": 346,
          "KomakiLDA5NoDevice-os-app-1": 360,
          "KomakiLDA5NoDevice-os-app-2": 232,
          "KomakiLDA5NoDevice-os-app-3": 287,
          "KomakiLDA5NoDevice-os-app-4": 229,
          "KomakiLDA5NoDevice-os-channel-0": 329,
          "KomakiLDA5NoDevice-os-channel-1": 283,
          "KomakiLDA5NoDevice-os-channel-2": 251,
          "KomakiLDA5NoDevice-os-channel-3": 287,
          "KomakiLDA5NoDevice-os-channel-4": 219,
          "KomakiLDA5NoDevice-channel-ip-0": 279,
          "KomakiLDA5NoDevice-channel-ip-1": 366,
          "KomakiLDA5NoDevice-channel-ip-2": 315,
          "KomakiLDA5NoDevice-channel-ip-3": 309,
          "KomakiLDA5NoDevice-channel-ip-4": 308,
          "KomakiLDA5NoDevice-channel-app-0": 332,
          "KomakiLDA5NoDevice-channel-app-1": 241,
          "KomakiLDA5NoDevice-channel-app-2": 249,
          "KomakiLDA5NoDevice-channel-app-3": 268,
          "KomakiLDA5NoDevice-channel-app-4": 229,
          "KomakiLDA5NoDevice-channel-os-0": 301,
          "KomakiLDA5NoDevice-channel-os-1": 316,
          "KomakiLDA5NoDevice-channel-os-2": 308,
          "KomakiLDA5NoDevice-channel-os-3": 280,
          "KomakiLDA5NoDevice-channel-os-4": 264
        }
      },
      {
        "train_auc": 0.994255713356475,
        "valid_auc": 0.9843185335545969,
        "best_iteration": 591,
        "train_time": 407.54148864746094,
        "feature_importance": {
          "os": 3210,
          "app": 2886,
          "channel": 5854,
          "hour": 4084,
          "n_channels": 1307,
          "ip_app_count": 1391,
          "ip_app_os_count": 1375,
          "FutureClickCount_600-ip": 784,
          "FutureClickCount_600-app": 638,
          "FutureClickCount_600-ip-app": 245,
          "FutureClickCount_600-dev": 323,
          "FutureClickCount_600-ip-dev": 764,
          "FutureClickCount_600-app-dev": 537,
          "FutureClickCount_600-ip-app-dev": 256,
          "FutureClickCount_600-os": 446,
          "FutureClickCount_600-ip-os": 529,
          "FutureClickCount_600-app-os": 592,
          "FutureClickCount_600-ip-app-os": 309,
          "FutureClickCount_600-dev-os": 697,
          "FutureClickCount_600-ip-dev-os": 474,
          "FutureClickCount_600-app-dev-os": 747,
          "FutureClickCount_600-ip-app-dev-os": 344,
          "FutureClickCount_600-cha": 640,
          "FutureClickCount_600-ip-cha": 142,
          "FutureClickCount_600-app-cha": 793,
          "FutureClickCount_600-ip-app-cha": 147,
          "FutureClickCount_600-dev-cha": 418,
          "FutureClickCount_600-ip-dev-cha": 166,
          "FutureClickCount_600-app-dev-cha": 540,
          "FutureClickCount_600-ip-app-dev-cha": 110,
          "FutureClickCount_600-os-cha": 502,
          "FutureClickCount_600-ip-os-cha": 110,
          "FutureClickCount_600-app-os-cha": 494,
          "FutureClickCount_600-ip-app-os-cha": 96,
          "FutureClickCount_600-dev-os-cha": 461,
          "FutureClickCount_600-ip-dev-os-cha": 88,
          "FutureClickCount_600-app-dev-os-cha": 417,
          "FutureClickCount_600-ip-app-dev-os-cha": 95,
          "FutureClickCount_4800-ip": 1330,
          "FutureClickCount_4800-app": 437,
          "FutureClickCount_4800-ip-app": 406,
          "FutureClickCount_4800-dev": 114,
          "FutureClickCount_4800-ip-dev": 1302,
          "FutureClickCount_4800-app-dev": 250,
          "FutureClickCount_4800-ip-app-dev": 386,
          "FutureClickCount_4800-os": 282,
          "FutureClickCount_4800-ip-os": 722,
          "FutureClickCount_4800-app-os": 458,
          "FutureClickCount_4800-ip-app-os": 352,
          "FutureClickCount_4800-dev-os": 268,
          "FutureClickCount_4800-ip-dev-os": 898,
          "FutureClickCount_4800-app-dev-os": 560,
          "FutureClickCount_4800-ip-app-dev-os": 458,
          "FutureClickCount_4800-cha": 402,
          "FutureClickCount_4800-ip-cha": 286,
          "FutureClickCount_4800-app-cha": 662,
          "FutureClickCount_4800-ip-app-cha": 205,
          "FutureClickCount_4800-dev-cha": 308,
          "FutureClickCount_4800-ip-dev-cha": 248,
          "FutureClickCount_4800-app-dev-cha": 397,
          "FutureClickCount_4800-ip-app-dev-cha": 223,
          "FutureClickCount_4800-os-cha": 445,
          "FutureClickCount_4800-ip-os-cha": 144,
          "FutureClickCount_4800-app-os-cha": 488,
          "FutureClickCount_4800-ip-app-os-cha": 142,
          "FutureClickCount_4800-dev-os-cha": 499,
          "FutureClickCount_4800-ip-dev-os-cha": 141,
          "FutureClickCount_4800-app-dev-os-cha": 523,
          "FutureClickCount_4800-ip-app-dev-os-cha": 113,
          "NextClickTimeDelta-ip": 997,
          "NextClickTimeDelta-app": 154,
          "NextClickTimeDelta-ip-app": 1067,
          "NextClickTimeDelta-dev": 76,
          "NextClickTimeDelta-ip-dev": 709,
          "NextClickTimeDelta-app-dev": 124,
          "NextClickTimeDelta-ip-app-dev": 805,
          "NextClickTimeDelta-os": 146,
          "NextClickTimeDelta-ip-os": 812,
          "NextClickTimeDelta-app-os": 303,
          "NextClickTimeDelta-ip-app-os": 1635,
          "NextClickTimeDelta-dev-os": 138,
          "NextClickTimeDelta-ip-dev-os": 521,
          "NextClickTimeDelta-app-dev-os": 240,
          "NextClickTimeDelta-ip-app-dev-os": 2604,
          "NextClickTimeDelta-cha": 193,
          "NextClickTimeDelta-ip-cha": 631,
          "NextClickTimeDelta-app-cha": 235,
          "NextClickTimeDelta-ip-app-cha": 606,
          "NextClickTimeDelta-dev-cha": 163,
          "NextClickTimeDelta-ip-dev-cha": 523,
          "NextClickTimeDelta-app-dev-cha": 177,
          "NextClickTimeDelta-ip-app-dev-cha": 501,
          "NextClickTimeDelta-os-cha": 353,
          "NextClickTimeDelta-ip-os-cha": 554,
          "NextClickTimeDelta-app-os-cha": 401,
          "NextClickTimeDelta-ip-app-os-cha": 536,
          "NextClickTimeDelta-dev-os-cha": 316,
          "NextClickTimeDelta-ip-dev-os-cha": 356,
          "NextClickTimeDelta-app-dev-os-cha": 377,
          "NextClickTimeDelta-ip-app-dev-os-cha": 630,
          "PrevClickTimeDelta-ip": 856,
          "PrevClickTimeDelta-app": 138,
          "PrevClickTimeDelta-ip-app": 598,
          "PrevClickTimeDelta-dev": 102,
          "PrevClickTimeDelta-ip-dev": 569,
          "PrevClickTimeDelta-app-dev": 133,
          "PrevClickTimeDelta-ip-app-dev": 458,
          "PrevClickTimeDelta-os": 178,
          "PrevClickTimeDelta-ip-os": 648,
          "PrevClickTimeDelta-app-os": 298,
          "PrevClickTimeDelta-ip-app-os": 569,
          "PrevClickTimeDelta-dev-os": 119,
          "PrevClickTimeDelta-ip-dev-os": 472,
          "PrevClickTimeDelta-app-dev-os": 226,
          "PrevClickTimeDelta-ip-app-dev-os": 419,
          "PrevClickTimeDelta-cha": 202,
          "PrevClickTimeDelta-ip-cha": 577,
          "PrevClickTimeDelta-app-cha": 248,
          "PrevClickTimeDelta-ip-app-cha": 435,
          "PrevClickTimeDelta-dev-cha": 168,
          "PrevClickTimeDelta-ip-dev-cha": 458,
          "PrevClickTimeDelta-app-dev-cha": 181,
          "PrevClickTimeDelta-ip-app-dev-cha": 357,
          "PrevClickTimeDelta-os-cha": 373,
          "PrevClickTimeDelta-ip-os-cha": 402,
          "PrevClickTimeDelta-app-os-cha": 382,
          "PrevClickTimeDelta-ip-app-os-cha": 319,
          "PrevClickTimeDelta-dev-os-cha": 282,
          "PrevClickTimeDelta-ip-dev-os-cha": 269,
          "PrevClickTimeDelta-app-dev-os-cha": 290,
          "PrevClickTimeDelta-ip-app-dev-os-cha": 233,
          "AverageAttributedRatio-ip": 708,
          "AverageAttributedRatio-app": 488,
          "AverageAttributedRatio-ip-app": 440,
          "AverageAttributedRatio-dev": 875,
          "AverageAttributedRatio-ip-dev": 679,
          "AverageAttributedRatio-app-dev": 415,
          "AverageAttributedRatio-ip-app-dev": 529,
          "AverageAttributedRatio-os": 575,
          "AverageAttributedRatio-ip-os": 415,
          "AverageAttributedRatio-app-os": 435,
          "AverageAttributedRatio-ip-app-os": 178,
          "AverageAttributedRatio-dev-os": 461,
          "AverageAttributedRatio-ip-dev-os": 391,
          "AverageAttributedRatio-app-dev-os": 475,
          "AverageAttributedRatio-ip-app-dev-os": 159,
          "AverageAttributedRatio-cha": 444,
          "AverageAttributedRatio-ip-cha": 231,
          "AverageAttributedRatio-app-cha": 390,
          "AverageAttributedRatio-ip-app-cha": 153,
          "AverageAttributedRatio-dev-cha": 313,
          "AverageAttributedRatio-ip-dev-cha": 189,
          "AverageAttributedRatio-app-dev-cha": 354,
          "AverageAttributedRatio-ip-app-dev-cha": 169,
          "AverageAttributedRatio-os-cha": 392,
          "AverageAttributedRatio-ip-os-cha": 120,
          "AverageAttributedRatio-app-os-cha": 478,
          "AverageAttributedRatio-ip-app-os-cha": 80,
          "AverageAttributedRatio-dev-os-cha": 339,
          "AverageAttributedRatio-ip-dev-os-cha": 82,
          "AverageAttributedRatio-app-dev-os-cha": 523,
          "AverageAttributedRatio-ip-app-dev-os-cha": 84,
          "KomakiLDA5NoDevice-ip-app-0": 2300,
          "KomakiLDA5NoDevice-ip-app-1": 1936,
          "KomakiLDA5NoDevice-ip-app-2": 1685,
          "KomakiLDA5NoDevice-ip-app-3": 1381,
          "KomakiLDA5NoDevice-ip-app-4": 1286,
          "KomakiLDA5NoDevice-ip-os-0": 1542,
          "KomakiLDA5NoDevice-ip-os-1": 1745,
          "KomakiLDA5NoDevice-ip-os-2": 1466,
          "KomakiLDA5NoDevice-ip-os-3": 1347,
          "KomakiLDA5NoDevice-ip-os-4": 1433,
          "KomakiLDA5NoDevice-ip-channel-0": 1683,
          "KomakiLDA5NoDevice-ip-channel-1": 1522,
          "KomakiLDA5NoDevice-ip-channel-2": 1512,
          "KomakiLDA5NoDevice-ip-channel-3": 1871,
          "KomakiLDA5NoDevice-ip-channel-4": 1942,
          "KomakiLDA5NoDevice-app-ip-0": 395,
          "KomakiLDA5NoDevice-app-ip-1": 333,
          "KomakiLDA5NoDevice-app-ip-2": 349,
          "KomakiLDA5NoDevice-app-ip-3": 344,
          "KomakiLDA5NoDevice-app-ip-4": 313,
          "KomakiLDA5NoDevice-app-os-0": 266,
          "KomakiLDA5NoDevice-app-os-1": 327,
          "KomakiLDA5NoDevice-app-os-2": 275,
          "KomakiLDA5NoDevice-app-os-3": 230,
          "KomakiLDA5NoDevice-app-os-4": 389,
          "KomakiLDA5NoDevice-app-channel-0": 217,
          "KomakiLDA5NoDevice-app-channel-1": 276,
          "KomakiLDA5NoDevice-app-channel-2": 293,
          "KomakiLDA5NoDevice-app-channel-3": 263,
          "KomakiLDA5NoDevice-app-channel-4": 171,
          "KomakiLDA5NoDevice-os-ip-0": 394,
          "KomakiLDA5NoDevice-os-ip-1": 361,
          "KomakiLDA5NoDevice-os-ip-2": 332,
          "KomakiLDA5NoDevice-os-ip-3": 216,
          "KomakiLDA5NoDevice-os-ip-4": 281,
          "KomakiLDA5NoDevice-os-app-0": 330,
          "KomakiLDA5NoDevice-os-app-1": 385,
          "KomakiLDA5NoDevice-os-app-2": 228,
          "KomakiLDA5NoDevice-os-app-3": 301,
          "KomakiLDA5NoDevice-os-app-4": 248,
          "KomakiLDA5NoDevice-os-channel-0": 359,
          "KomakiLDA5NoDevice-os-channel-1": 225,
          "KomakiLDA5NoDevice-os-channel-2": 255,
          "KomakiLDA5NoDevice-os-channel-3": 299,
          "KomakiLDA5NoDevice-os-channel-4": 205,
          "KomakiLDA5NoDevice-channel-ip-0": 293,
          "KomakiLDA5NoDevice-channel-ip-1": 381,
          "KomakiLDA5NoDevice-channel-ip-2": 282,
          "KomakiLDA5NoDevice-channel-ip-3": 321,
          "KomakiLDA5NoDevice-channel-ip-4": 292,
          "KomakiLDA5NoDevice-channel-app-0": 351,
          "KomakiLDA5NoDevice-channel-app-1": 220,
          "KomakiLDA5NoDevice-channel-app-2": 246,
          "KomakiLDA5NoDevice-channel-app-3": 257,
          "KomakiLDA5NoDevice-channel-app-4": 241,
          "KomakiLDA5NoDevice-channel-os-0": 277,
          "KomakiLDA5NoDevice-channel-os-1": 309,
          "KomakiLDA5NoDevice-channel-os-2": 310,
          "KomakiLDA5NoDevice-channel-os-3": 274,
          "KomakiLDA5NoDevice-channel-os-4": 306
        }
      },
      {
        "train_auc": 0.994199184844647,
        "valid_auc": 0.9844318479799422,
        "best_iteration": 573,
        "train_time": 402.90438771247864,
        "feature_importance": {
          "os": 3058,
          "app": 2760,
          "channel": 5633,
          "hour": 3868,
          "n_channels": 1396,
          "ip_app_count": 1339,
          "ip_app_os_count": 1345,
          "FutureClickCount_600-ip": 765,
          "FutureClickCount_600-app": 595,
          "FutureClickCount_600-ip-app": 243,
          "FutureClickCount_600-dev": 304,
          "FutureClickCount_600-ip-dev": 620,
          "FutureClickCount_600-app-dev": 482,
          "FutureClickCount_600-ip-app-dev": 225,
          "FutureClickCount_600-os": 423,
          "FutureClickCount_600-ip-os": 550,
          "FutureClickCount_600-app-os": 578,
          "FutureClickCount_600-ip-app-os": 255,
          "FutureClickCount_600-dev-os": 706,
          "FutureClickCount_600-ip-dev-os": 471,
          "FutureClickCount_600-app-dev-os": 723,
          "FutureClickCount_600-ip-app-dev-os": 347,
          "FutureClickCount_600-cha": 593,
          "FutureClickCount_600-ip-cha": 148,
          "FutureClickCount_600-app-cha": 739,
          "FutureClickCount_600-ip-app-cha": 137,
          "FutureClickCount_600-dev-cha": 461,
          "FutureClickCount_600-ip-dev-cha": 153,
          "FutureClickCount_600-app-dev-cha": 481,
          "FutureClickCount_600-ip-app-dev-cha": 113,
          "FutureClickCount_600-os-cha": 482,
          "FutureClickCount_600-ip-os-cha": 126,
          "FutureClickCount_600-app-os-cha": 484,
          "FutureClickCount_600-ip-app-os-cha": 109,
          "FutureClickCount_600-dev-os-cha": 445,
          "FutureClickCount_600-ip-dev-os-cha": 70,
          "FutureClickCount_600-app-dev-os-cha": 456,
          "FutureClickCount_600-ip-app-dev-os-cha": 92,
          "FutureClickCount_4800-ip": 1272,
          "FutureClickCount_4800-app": 433,
          "FutureClickCount_4800-ip-app": 443,
          "FutureClickCount_4800-dev": 122,
          "FutureClickCount_4800-ip-dev": 1230,
          "FutureClickCount_4800-app-dev": 253,
          "FutureClickCount_4800-ip-app-dev": 333,
          "FutureClickCount_4800-os": 278,
          "FutureClickCount_4800-ip-os": 719,
          "FutureClickCount_4800-app-os": 488,
          "FutureClickCount_4800-ip-app-os": 356,
          "FutureClickCount_4800-dev-os": 273,
          "FutureClickCount_4800-ip-dev-os": 876,
          "FutureClickCount_4800-app-dev-os": 574,
          "FutureClickCount_4800-ip-app-dev-os": 453,
          "FutureClickCount_4800-cha": 426,
          "FutureClickCount_4800-ip-cha": 268,
          "FutureClickCount_4800-app-cha": 652,
          "FutureClickCount_4800-ip-app-cha": 207,
          "FutureClickCount_4800-dev-cha": 316,
          "FutureClickCount_4800-ip-dev-cha": 281,
          "FutureClickCount_4800-app-dev-cha": 437,
          "FutureClickCount_4800-ip-app-dev-cha": 231,
          "FutureClickCount_4800-os-cha": 415,
          "FutureClickCount_4800-ip-os-cha": 158,
          "FutureClickCount_4800-app-os-cha": 492,
          "FutureClickCount_4800-ip-app-os-cha": 123,
          "FutureClickCount_4800-dev-os-cha": 441,
          "FutureClickCount_4800-ip-dev-os-cha": 126,
          "FutureClickCount_4800-app-dev-os-cha": 486,
          "FutureClickCount_4800-ip-app-dev-os-cha": 98,
          "NextClickTimeDelta-ip": 972,
          "NextClickTimeDelta-app": 191,
          "NextClickTimeDelta-ip-app": 1030,
          "NextClickTimeDelta-dev": 97,
          "NextClickTimeDelta-ip-dev": 690,
          "NextClickTimeDelta-app-dev": 132,
          "NextClickTimeDelta-ip-app-dev": 738,
          "NextClickTimeDelta-os": 154,
          "NextClickTimeDelta-ip-os": 815,
          "NextClickTimeDelta-app-os": 291,
          "NextClickTimeDelta-ip-app-os": 1563,
          "NextClickTimeDelta-dev-os": 163,
          "NextClickTimeDelta-ip-dev-os": 583,
          "NextClickTimeDelta-app-dev-os": 220,
          "NextClickTimeDelta-ip-app-dev-os": 2629,
          "NextClickTimeDelta-cha": 173,
          "NextClickTimeDelta-ip-cha": 656,
          "NextClickTimeDelta-app-cha": 280,
          "NextClickTimeDelta-ip-app-cha": 595,
          "NextClickTimeDelta-dev-cha": 147,
          "NextClickTimeDelta-ip-dev-cha": 522,
          "NextClickTimeDelta-app-dev-cha": 173,
          "NextClickTimeDelta-ip-app-dev-cha": 466,
          "NextClickTimeDelta-os-cha": 341,
          "NextClickTimeDelta-ip-os-cha": 494,
          "NextClickTimeDelta-app-os-cha": 416,
          "NextClickTimeDelta-ip-app-os-cha": 573,
          "NextClickTimeDelta-dev-os-cha": 294,
          "NextClickTimeDelta-ip-dev-os-cha": 421,
          "NextClickTimeDelta-app-dev-os-cha": 357,
          "NextClickTimeDelta-ip-app-dev-os-cha": 644,
          "PrevClickTimeDelta-ip": 817,
          "PrevClickTimeDelta-app": 146,
          "PrevClickTimeDelta-ip-app": 559,
          "PrevClickTimeDelta-dev": 84,
          "PrevClickTimeDelta-ip-dev": 547,
          "PrevClickTimeDelta-app-dev": 119,
          "PrevClickTimeDelta-ip-app-dev": 428,
          "PrevClickTimeDelta-os": 162,
          "PrevClickTimeDelta-ip-os": 640,
          "PrevClickTimeDelta-app-os": 257,
          "PrevClickTimeDelta-ip-app-os": 570,
          "PrevClickTimeDelta-dev-os": 103,
          "PrevClickTimeDelta-ip-dev-os": 468,
          "PrevClickTimeDelta-app-dev-os": 229,
          "PrevClickTimeDelta-ip-app-dev-os": 420,
          "PrevClickTimeDelta-cha": 180,
          "PrevClickTimeDelta-ip-cha": 572,
          "PrevClickTimeDelta-app-cha": 281,
          "PrevClickTimeDelta-ip-app-cha": 400,
          "PrevClickTimeDelta-dev-cha": 187,
          "PrevClickTimeDelta-ip-dev-cha": 411,
          "PrevClickTimeDelta-app-dev-cha": 165,
          "PrevClickTimeDelta-ip-app-dev-cha": 360,
          "PrevClickTimeDelta-os-cha": 309,
          "PrevClickTimeDelta-ip-os-cha": 354,
          "PrevClickTimeDelta-app-os-cha": 385,
          "PrevClickTimeDelta-ip-app-os-cha": 329,
          "PrevClickTimeDelta-dev-os-cha": 286,
          "PrevClickTimeDelta-ip-dev-os-cha": 266,
          "PrevClickTimeDelta-app-dev-os-cha": 283,
          "PrevClickTimeDelta-ip-app-dev-os-cha": 216,
          "AverageAttributedRatio-ip": 624,
          "AverageAttributedRatio-app": 489,
          "AverageAttributedRatio-ip-app": 445,
          "AverageAttributedRatio-dev": 861,
          "AverageAttributedRatio-ip-dev": 591,
          "AverageAttributedRatio-app-dev": 401,
          "AverageAttributedRatio-ip-app-dev": 472,
          "AverageAttributedRatio-os": 489,
          "AverageAttributedRatio-ip-os": 399,
          "AverageAttributedRatio-app-os": 454,
          "AverageAttributedRatio-ip-app-os": 187,
          "AverageAttributedRatio-dev-os": 486,
          "AverageAttributedRatio-ip-dev-os": 364,
          "AverageAttributedRatio-app-dev-os": 436,
          "AverageAttributedRatio-ip-app-dev-os": 143,
          "AverageAttributedRatio-cha": 391,
          "AverageAttributedRatio-ip-cha": 225,
          "AverageAttributedRatio-app-cha": 341,
          "AverageAttributedRatio-ip-app-cha": 179,
          "AverageAttributedRatio-dev-cha": 265,
          "AverageAttributedRatio-ip-dev-cha": 174,
          "AverageAttributedRatio-app-dev-cha": 320,
          "AverageAttributedRatio-ip-app-dev-cha": 154,
          "AverageAttributedRatio-os-cha": 379,
          "AverageAttributedRatio-ip-os-cha": 93,
          "AverageAttributedRatio-app-os-cha": 507,
          "AverageAttributedRatio-ip-app-os-cha": 65,
          "AverageAttributedRatio-dev-os-cha": 331,
          "AverageAttributedRatio-ip-dev-os-cha": 71,
          "AverageAttributedRatio-app-dev-os-cha": 466,
          "AverageAttributedRatio-ip-app-dev-os-cha": 68,
          "KomakiLDA5NoDevice-ip-app-0": 2256,
          "KomakiLDA5NoDevice-ip-app-1": 1935,
          "KomakiLDA5NoDevice-ip-app-2": 1634,
          "KomakiLDA5NoDevice-ip-app-3": 1341,
          "KomakiLDA5NoDevice-ip-app-4": 1230,
          "KomakiLDA5NoDevice-ip-os-0": 1567,
          "KomakiLDA5NoDevice-ip-os-1": 1627,
          "KomakiLDA5NoDevice-ip-os-2": 1422,
          "KomakiLDA5NoDevice-ip-os-3": 1298,
          "KomakiLDA5NoDevice-ip-os-4": 1362,
          "KomakiLDA5NoDevice-ip-channel-0": 1487,
          "KomakiLDA5NoDevice-ip-channel-1": 1452,
          "KomakiLDA5NoDevice-ip-channel-2": 1382,
          "KomakiLDA5NoDevice-ip-channel-3": 1679,
          "KomakiLDA5NoDevice-ip-channel-4": 1857,
          "KomakiLDA5NoDevice-app-ip-0": 414,
          "KomakiLDA5NoDevice-app-ip-1": 365,
          "KomakiLDA5NoDevice-app-ip-2": 341,
          "KomakiLDA5NoDevice-app-ip-3": 373,
          "KomakiLDA5NoDevice-app-ip-4": 279,
          "KomakiLDA5NoDevice-app-os-0": 280,
          "KomakiLDA5NoDevice-app-os-1": 342,
          "KomakiLDA5NoDevice-app-os-2": 248,
          "KomakiLDA5NoDevice-app-os-3": 230,
          "KomakiLDA5NoDevice-app-os-4": 403,
          "KomakiLDA5NoDevice-app-channel-0": 252,
          "KomakiLDA5NoDevice-app-channel-1": 288,
          "KomakiLDA5NoDevice-app-channel-2": 296,
          "KomakiLDA5NoDevice-app-channel-3": 228,
          "KomakiLDA5NoDevice-app-channel-4": 168,
          "KomakiLDA5NoDevice-os-ip-0": 385,
          "KomakiLDA5NoDevice-os-ip-1": 332,
          "KomakiLDA5NoDevice-os-ip-2": 324,
          "KomakiLDA5NoDevice-os-ip-3": 250,
          "KomakiLDA5NoDevice-os-ip-4": 264,
          "KomakiLDA5NoDevice-os-app-0": 283,
          "KomakiLDA5NoDevice-os-app-1": 456,
          "KomakiLDA5NoDevice-os-app-2": 251,
          "KomakiLDA5NoDevice-os-app-3": 253,
          "KomakiLDA5NoDevice-os-app-4": 253,
          "KomakiLDA5NoDevice-os-channel-0": 359,
          "KomakiLDA5NoDevice-os-channel-1": 265,
          "KomakiLDA5NoDevice-os-channel-2": 238,
          "KomakiLDA5NoDevice-os-channel-3": 290,
          "KomakiLDA5NoDevice-os-channel-4": 285,
          "KomakiLDA5NoDevice-channel-ip-0": 307,
          "KomakiLDA5NoDevice-channel-ip-1": 337,
          "KomakiLDA5NoDevice-channel-ip-2": 295,
          "KomakiLDA5NoDevice-channel-ip-3": 321,
          "KomakiLDA5NoDevice-channel-ip-4": 277,
          "KomakiLDA5NoDevice-channel-app-0": 311,
          "KomakiLDA5NoDevice-channel-app-1": 250,
          "KomakiLDA5NoDevice-channel-app-2": 256,
          "KomakiLDA5NoDevice-channel-app-3": 245,
          "KomakiLDA5NoDevice-channel-app-4": 231,
          "KomakiLDA5NoDevice-channel-os-0": 324,
          "KomakiLDA5NoDevice-channel-os-1": 301,
          "KomakiLDA5NoDevice-channel-os-2": 283,
          "KomakiLDA5NoDevice-channel-os-3": 287,
          "KomakiLDA5NoDevice-channel-os-4": 286
        }
      }
    ],
    "average_train_auc": 0.9943943160367995,
    "average_valid_auc": 0.9843662825102696,
    "train_auc_std": 0.0005377650673559616,
    "valid_auc_std": 9.095120503671603e-05,
    "average_train_time": 478.7594717025757
  },
  "config": {
    "features": [
      "os",
      "app",
      "channel",
      "hour",
      "count",
      "future_click_count_10",
      "future_click_count_80",
      "next_click_time_delta",
      "prev_click_time_delta",
      "average_attributed_ratio",
      "komaki_lda_5_no_device"
    ],
    "model": {
      "name": "lightgbm",
      "model_params": {
        "boosting_type": "gbdt",
        "objective": "binary",
        "metric": "auc",
        "learning_rate": 0.03,
        "num_leaves": 255,
        "max_depth": 8,
        "min_child_samples": 10,
        "max_bin": 100,
        "subsample": 0.7,
        "subsample_freq": 1,
        "colsample_bytree": 0.7,
        "min_child_weight": 0,
        "subsample_for_bin": 200000,
        "min_split_gain": 0,
        "reg_alpha": 0,
        "reg_lambda": 0,
        "verbose": 0
      },
      "train_params": {
        "num_boost_round": 1000,
        "early_stopping_rounds": 30
      }
    },
    "dataset": {
      "input_directory": "data/input/",
      "cache_directory": "data/working/",
      "validation_ratio": 0.33333333333,
      "full_data_train": true,
      "files": {
        "train": "train.feather",
        "test": "old_test.feather"
      },
      "negative_down_sampling": {
        "enabled": true,
        "bagging_size": 5,
        "random_state": 114514
      }
    },
    "note": "29 - ip"
  }
}