{
  "training": {
    "trials": [
      {
        "train_auc": 0.9906668602784134,
        "valid_auc": 0.9836262701194218,
        "best_iteration": 293,
        "train_time": 193.49577832221985,
        "feature_importance": {
          "ip": 1701,
          "os": 856,
          "app": 1027,
          "channel": 1637,
          "hour": 1244,
          "n_channels": 700,
          "ip_app_count": 733,
          "ip_app_os_count": 626,
          "FutureClickCount_600-ip": 386,
          "FutureClickCount_600-app": 204,
          "FutureClickCount_600-ip-app": 98,
          "FutureClickCount_600-dev": 155,
          "FutureClickCount_600-ip-dev": 235,
          "FutureClickCount_600-app-dev": 220,
          "FutureClickCount_600-ip-app-dev": 81,
          "FutureClickCount_600-os": 128,
          "FutureClickCount_600-ip-os": 199,
          "FutureClickCount_600-app-os": 191,
          "FutureClickCount_600-ip-app-os": 160,
          "FutureClickCount_600-dev-os": 366,
          "FutureClickCount_600-ip-dev-os": 150,
          "FutureClickCount_600-app-dev-os": 213,
          "FutureClickCount_600-ip-app-dev-os": 262,
          "FutureClickCount_600-cha": 197,
          "FutureClickCount_600-ip-cha": 70,
          "FutureClickCount_600-app-cha": 331,
          "FutureClickCount_600-ip-app-cha": 47,
          "FutureClickCount_600-dev-cha": 140,
          "FutureClickCount_600-ip-dev-cha": 51,
          "FutureClickCount_600-app-dev-cha": 159,
          "FutureClickCount_600-ip-app-dev-cha": 21,
          "FutureClickCount_600-os-cha": 139,
          "FutureClickCount_600-ip-os-cha": 52,
          "FutureClickCount_600-app-os-cha": 176,
          "FutureClickCount_600-ip-app-os-cha": 48,
          "FutureClickCount_600-dev-os-cha": 157,
          "FutureClickCount_600-ip-dev-os-cha": 43,
          "FutureClickCount_600-app-dev-os-cha": 110,
          "FutureClickCount_600-ip-app-dev-os-cha": 61,
          "FutureClickCount_4800-ip": 745,
          "FutureClickCount_4800-app": 185,
          "FutureClickCount_4800-ip-app": 166,
          "FutureClickCount_4800-dev": 61,
          "FutureClickCount_4800-ip-dev": 722,
          "FutureClickCount_4800-app-dev": 112,
          "FutureClickCount_4800-ip-app-dev": 147,
          "FutureClickCount_4800-os": 104,
          "FutureClickCount_4800-ip-os": 326,
          "FutureClickCount_4800-app-os": 180,
          "FutureClickCount_4800-ip-app-os": 186,
          "FutureClickCount_4800-dev-os": 163,
          "FutureClickCount_4800-ip-dev-os": 416,
          "FutureClickCount_4800-app-dev-os": 307,
          "FutureClickCount_4800-ip-app-dev-os": 253,
          "FutureClickCount_4800-cha": 138,
          "FutureClickCount_4800-ip-cha": 122,
          "FutureClickCount_4800-app-cha": 259,
          "FutureClickCount_4800-ip-app-cha": 83,
          "FutureClickCount_4800-dev-cha": 112,
          "FutureClickCount_4800-ip-dev-cha": 94,
          "FutureClickCount_4800-app-dev-cha": 154,
          "FutureClickCount_4800-ip-app-dev-cha": 80,
          "FutureClickCount_4800-os-cha": 127,
          "FutureClickCount_4800-ip-os-cha": 52,
          "FutureClickCount_4800-app-os-cha": 134,
          "FutureClickCount_4800-ip-app-os-cha": 58,
          "FutureClickCount_4800-dev-os-cha": 145,
          "FutureClickCount_4800-ip-dev-os-cha": 42,
          "FutureClickCount_4800-app-dev-os-cha": 167,
          "FutureClickCount_4800-ip-app-dev-os-cha": 45,
          "NextClickTimeDelta-ip": 496,
          "NextClickTimeDelta-app": 52,
          "NextClickTimeDelta-ip-app": 640,
          "NextClickTimeDelta-dev": 42,
          "NextClickTimeDelta-ip-dev": 299,
          "NextClickTimeDelta-app-dev": 53,
          "NextClickTimeDelta-ip-app-dev": 401,
          "NextClickTimeDelta-os": 61,
          "NextClickTimeDelta-ip-os": 357,
          "NextClickTimeDelta-app-os": 105,
          "NextClickTimeDelta-ip-app-os": 1192,
          "NextClickTimeDelta-dev-os": 67,
          "NextClickTimeDelta-ip-dev-os": 260,
          "NextClickTimeDelta-app-dev-os": 81,
          "NextClickTimeDelta-ip-app-dev-os": 1862,
          "NextClickTimeDelta-cha": 58,
          "NextClickTimeDelta-ip-cha": 278,
          "NextClickTimeDelta-app-cha": 113,
          "NextClickTimeDelta-ip-app-cha": 289,
          "NextClickTimeDelta-dev-cha": 64,
          "NextClickTimeDelta-ip-dev-cha": 175,
          "NextClickTimeDelta-app-dev-cha": 63,
          "NextClickTimeDelta-ip-app-dev-cha": 193,
          "NextClickTimeDelta-os-cha": 125,
          "NextClickTimeDelta-ip-os-cha": 212,
          "NextClickTimeDelta-app-os-cha": 113,
          "NextClickTimeDelta-ip-app-os-cha": 305,
          "NextClickTimeDelta-dev-os-cha": 88,
          "NextClickTimeDelta-ip-dev-os-cha": 175,
          "NextClickTimeDelta-app-dev-os-cha": 114,
          "NextClickTimeDelta-ip-app-dev-os-cha": 362,
          "PrevClickTimeDelta-ip": 402,
          "PrevClickTimeDelta-app": 64,
          "PrevClickTimeDelta-ip-app": 198,
          "PrevClickTimeDelta-dev": 40,
          "PrevClickTimeDelta-ip-dev": 209,
          "PrevClickTimeDelta-app-dev": 45,
          "PrevClickTimeDelta-ip-app-dev": 182,
          "PrevClickTimeDelta-os": 59,
          "PrevClickTimeDelta-ip-os": 274,
          "PrevClickTimeDelta-app-os": 93,
          "PrevClickTimeDelta-ip-app-os": 181,
          "PrevClickTimeDelta-dev-os": 44,
          "PrevClickTimeDelta-ip-dev-os": 134,
          "PrevClickTimeDelta-app-dev-os": 69,
          "PrevClickTimeDelta-ip-app-dev-os": 120,
          "PrevClickTimeDelta-cha": 61,
          "PrevClickTimeDelta-ip-cha": 209,
          "PrevClickTimeDelta-app-cha": 96,
          "PrevClickTimeDelta-ip-app-cha": 135,
          "PrevClickTimeDelta-dev-cha": 58,
          "PrevClickTimeDelta-ip-dev-cha": 125,
          "PrevClickTimeDelta-app-dev-cha": 56,
          "PrevClickTimeDelta-ip-app-dev-cha": 108,
          "PrevClickTimeDelta-os-cha": 101,
          "PrevClickTimeDelta-ip-os-cha": 123,
          "PrevClickTimeDelta-app-os-cha": 124,
          "PrevClickTimeDelta-ip-app-os-cha": 98,
          "PrevClickTimeDelta-dev-os-cha": 86,
          "PrevClickTimeDelta-ip-dev-os-cha": 77,
          "PrevClickTimeDelta-app-dev-os-cha": 89,
          "PrevClickTimeDelta-ip-app-dev-os-cha": 76,
          "AverageAttributedRatio-ip": 180,
          "AverageAttributedRatio-app": 218,
          "AverageAttributedRatio-ip-app": 241,
          "AverageAttributedRatio-dev": 370,
          "AverageAttributedRatio-ip-dev": 158,
          "AverageAttributedRatio-app-dev": 136,
          "AverageAttributedRatio-ip-app-dev": 246,
          "AverageAttributedRatio-os": 191,
          "AverageAttributedRatio-ip-os": 142,
          "AverageAttributedRatio-app-os": 254,
          "AverageAttributedRatio-ip-app-os": 48,
          "AverageAttributedRatio-dev-os": 139,
          "AverageAttributedRatio-ip-dev-os": 97,
          "AverageAttributedRatio-app-dev-os": 245,
          "AverageAttributedRatio-ip-app-dev-os": 57,
          "AverageAttributedRatio-cha": 178,
          "AverageAttributedRatio-ip-cha": 78,
          "AverageAttributedRatio-app-cha": 208,
          "AverageAttributedRatio-ip-app-cha": 68,
          "AverageAttributedRatio-dev-cha": 114,
          "AverageAttributedRatio-ip-dev-cha": 58,
          "AverageAttributedRatio-app-dev-cha": 181,
          "AverageAttributedRatio-ip-app-dev-cha": 64,
          "AverageAttributedRatio-os-cha": 212,
          "AverageAttributedRatio-ip-os-cha": 40,
          "AverageAttributedRatio-app-os-cha": 269,
          "AverageAttributedRatio-ip-app-os-cha": 24,
          "AverageAttributedRatio-dev-os-cha": 155,
          "AverageAttributedRatio-ip-dev-os-cha": 30,
          "AverageAttributedRatio-app-dev-os-cha": 295,
          "AverageAttributedRatio-ip-app-dev-os-cha": 25,
          "PastClickCount_600-ip": 341,
          "PastClickCount_600-app": 234,
          "PastClickCount_600-ip-app": 86,
          "PastClickCount_600-dev": 108,
          "PastClickCount_600-ip-dev": 297,
          "PastClickCount_600-app-dev": 219,
          "PastClickCount_600-ip-app-dev": 80,
          "PastClickCount_600-os": 117,
          "PastClickCount_600-ip-os": 198,
          "PastClickCount_600-app-os": 179,
          "PastClickCount_600-ip-app-os": 62,
          "PastClickCount_600-dev-os": 279,
          "PastClickCount_600-ip-dev-os": 232,
          "PastClickCount_600-app-dev-os": 285,
          "PastClickCount_600-ip-app-dev-os": 39,
          "PastClickCount_600-cha": 184,
          "PastClickCount_600-ip-cha": 66,
          "PastClickCount_600-app-cha": 349,
          "PastClickCount_600-ip-app-cha": 42,
          "PastClickCount_600-dev-cha": 149,
          "PastClickCount_600-ip-dev-cha": 39,
          "PastClickCount_600-app-dev-cha": 168,
          "PastClickCount_600-ip-app-dev-cha": 30,
          "PastClickCount_600-os-cha": 130,
          "PastClickCount_600-ip-os-cha": 30,
          "PastClickCount_600-app-os-cha": 145,
          "PastClickCount_600-ip-app-os-cha": 17,
          "PastClickCount_600-dev-os-cha": 141,
          "PastClickCount_600-ip-dev-os-cha": 20,
          "PastClickCount_600-app-dev-os-cha": 134,
          "PastClickCount_600-ip-app-dev-os-cha": 15,
          "KomakiLDA5NoDevice-ip-app-0": 904,
          "KomakiLDA5NoDevice-ip-app-1": 709,
          "KomakiLDA5NoDevice-ip-app-2": 525,
          "KomakiLDA5NoDevice-ip-app-3": 433,
          "KomakiLDA5NoDevice-ip-app-4": 405,
          "KomakiLDA5NoDevice-ip-os-0": 388,
          "KomakiLDA5NoDevice-ip-os-1": 478,
          "KomakiLDA5NoDevice-ip-os-2": 533,
          "KomakiLDA5NoDevice-ip-os-3": 400,
          "KomakiLDA5NoDevice-ip-os-4": 347,
          "KomakiLDA5NoDevice-ip-channel-0": 419,
          "KomakiLDA5NoDevice-ip-channel-1": 579,
          "KomakiLDA5NoDevice-ip-channel-2": 567,
          "KomakiLDA5NoDevice-ip-channel-3": 606,
          "KomakiLDA5NoDevice-ip-channel-4": 662,
          "KomakiLDA5NoDevice-app-ip-0": 298,
          "KomakiLDA5NoDevice-app-ip-1": 250,
          "KomakiLDA5NoDevice-app-ip-2": 211,
          "KomakiLDA5NoDevice-app-ip-3": 264,
          "KomakiLDA5NoDevice-app-ip-4": 189,
          "KomakiLDA5NoDevice-app-os-0": 155,
          "KomakiLDA5NoDevice-app-os-1": 246,
          "KomakiLDA5NoDevice-app-os-2": 193,
          "KomakiLDA5NoDevice-app-os-3": 119,
          "KomakiLDA5NoDevice-app-os-4": 294,
          "KomakiLDA5NoDevice-app-channel-0": 148,
          "KomakiLDA5NoDevice-app-channel-1": 199,
          "KomakiLDA5NoDevice-app-channel-2": 205,
          "KomakiLDA5NoDevice-app-channel-3": 188,
          "KomakiLDA5NoDevice-app-channel-4": 133,
          "KomakiLDA5NoDevice-os-ip-0": 209,
          "KomakiLDA5NoDevice-os-ip-1": 136,
          "KomakiLDA5NoDevice-os-ip-2": 143,
          "KomakiLDA5NoDevice-os-ip-3": 136,
          "KomakiLDA5NoDevice-os-ip-4": 147,
          "KomakiLDA5NoDevice-os-app-0": 249,
          "KomakiLDA5NoDevice-os-app-1": 203,
          "KomakiLDA5NoDevice-os-app-2": 132,
          "KomakiLDA5NoDevice-os-app-3": 214,
          "KomakiLDA5NoDevice-os-app-4": 137,
          "KomakiLDA5NoDevice-os-channel-0": 247,
          "KomakiLDA5NoDevice-os-channel-1": 129,
          "KomakiLDA5NoDevice-os-channel-2": 182,
          "KomakiLDA5NoDevice-os-channel-3": 191,
          "KomakiLDA5NoDevice-os-channel-4": 121,
          "KomakiLDA5NoDevice-channel-ip-0": 159,
          "KomakiLDA5NoDevice-channel-ip-1": 207,
          "KomakiLDA5NoDevice-channel-ip-2": 176,
          "KomakiLDA5NoDevice-channel-ip-3": 190,
          "KomakiLDA5NoDevice-channel-ip-4": 211,
          "KomakiLDA5NoDevice-channel-app-0": 189,
          "KomakiLDA5NoDevice-channel-app-1": 135,
          "KomakiLDA5NoDevice-channel-app-2": 163,
          "KomakiLDA5NoDevice-channel-app-3": 157,
          "KomakiLDA5NoDevice-channel-app-4": 131,
          "KomakiLDA5NoDevice-channel-os-0": 192,
          "KomakiLDA5NoDevice-channel-os-1": 187,
          "KomakiLDA5NoDevice-channel-os-2": 173,
          "KomakiLDA5NoDevice-channel-os-3": 168,
          "KomakiLDA5NoDevice-channel-os-4": 161
        }
      },
      {
        "train_auc": 0.9923265233448473,
        "valid_auc": 0.983680545326846,
        "best_iteration": 487,
        "train_time": 266.2351145744324,
        "feature_importance": {
          "ip": 2813,
          "os": 1226,
          "app": 1296,
          "channel": 2349,
          "hour": 1760,
          "n_channels": 1040,
          "ip_app_count": 978,
          "ip_app_os_count": 930,
          "FutureClickCount_600-ip": 613,
          "FutureClickCount_600-app": 331,
          "FutureClickCount_600-ip-app": 219,
          "FutureClickCount_600-dev": 171,
          "FutureClickCount_600-ip-dev": 421,
          "FutureClickCount_600-app-dev": 291,
          "FutureClickCount_600-ip-app-dev": 161,
          "FutureClickCount_600-os": 225,
          "FutureClickCount_600-ip-os": 319,
          "FutureClickCount_600-app-os": 311,
          "FutureClickCount_600-ip-app-os": 224,
          "FutureClickCount_600-dev-os": 455,
          "FutureClickCount_600-ip-dev-os": 266,
          "FutureClickCount_600-app-dev-os": 369,
          "FutureClickCount_600-ip-app-dev-os": 298,
          "FutureClickCount_600-cha": 317,
          "FutureClickCount_600-ip-cha": 129,
          "FutureClickCount_600-app-cha": 451,
          "FutureClickCount_600-ip-app-cha": 93,
          "FutureClickCount_600-dev-cha": 258,
          "FutureClickCount_600-ip-dev-cha": 114,
          "FutureClickCount_600-app-dev-cha": 246,
          "FutureClickCount_600-ip-app-dev-cha": 57,
          "FutureClickCount_600-os-cha": 219,
          "FutureClickCount_600-ip-os-cha": 61,
          "FutureClickCount_600-app-os-cha": 226,
          "FutureClickCount_600-ip-app-os-cha": 66,
          "FutureClickCount_600-dev-os-cha": 227,
          "FutureClickCount_600-ip-dev-os-cha": 59,
          "FutureClickCount_600-app-dev-os-cha": 214,
          "FutureClickCount_600-ip-app-dev-os-cha": 69,
          "FutureClickCount_4800-ip": 935,
          "FutureClickCount_4800-app": 243,
          "FutureClickCount_4800-ip-app": 329,
          "FutureClickCount_4800-dev": 75,
          "FutureClickCount_4800-ip-dev": 929,
          "FutureClickCount_4800-app-dev": 174,
          "FutureClickCount_4800-ip-app-dev": 287,
          "FutureClickCount_4800-os": 160,
          "FutureClickCount_4800-ip-os": 425,
          "FutureClickCount_4800-app-os": 259,
          "FutureClickCount_4800-ip-app-os": 268,
          "FutureClickCount_4800-dev-os": 191,
          "FutureClickCount_4800-ip-dev-os": 565,
          "FutureClickCount_4800-app-dev-os": 379,
          "FutureClickCount_4800-ip-app-dev-os": 349,
          "FutureClickCount_4800-cha": 282,
          "FutureClickCount_4800-ip-cha": 239,
          "FutureClickCount_4800-app-cha": 360,
          "FutureClickCount_4800-ip-app-cha": 196,
          "FutureClickCount_4800-dev-cha": 169,
          "FutureClickCount_4800-ip-dev-cha": 202,
          "FutureClickCount_4800-app-dev-cha": 229,
          "FutureClickCount_4800-ip-app-dev-cha": 130,
          "FutureClickCount_4800-os-cha": 215,
          "FutureClickCount_4800-ip-os-cha": 105,
          "FutureClickCount_4800-app-os-cha": 249,
          "FutureClickCount_4800-ip-app-os-cha": 100,
          "FutureClickCount_4800-dev-os-cha": 233,
          "FutureClickCount_4800-ip-dev-os-cha": 86,
          "FutureClickCount_4800-app-dev-os-cha": 255,
          "FutureClickCount_4800-ip-app-dev-os-cha": 86,
          "NextClickTimeDelta-ip": 719,
          "NextClickTimeDelta-app": 91,
          "NextClickTimeDelta-ip-app": 959,
          "NextClickTimeDelta-dev": 48,
          "NextClickTimeDelta-ip-dev": 500,
          "NextClickTimeDelta-app-dev": 84,
          "NextClickTimeDelta-ip-app-dev": 523,
          "NextClickTimeDelta-os": 74,
          "NextClickTimeDelta-ip-os": 553,
          "NextClickTimeDelta-app-os": 150,
          "NextClickTimeDelta-ip-app-os": 1491,
          "NextClickTimeDelta-dev-os": 74,
          "NextClickTimeDelta-ip-dev-os": 380,
          "NextClickTimeDelta-app-dev-os": 114,
          "NextClickTimeDelta-ip-app-dev-os": 2169,
          "NextClickTimeDelta-cha": 100,
          "NextClickTimeDelta-ip-cha": 488,
          "NextClickTimeDelta-app-cha": 174,
          "NextClickTimeDelta-ip-app-cha": 475,
          "NextClickTimeDelta-dev-cha": 87,
          "NextClickTimeDelta-ip-dev-cha": 345,
          "NextClickTimeDelta-app-dev-cha": 111,
          "NextClickTimeDelta-ip-app-dev-cha": 321,
          "NextClickTimeDelta-os-cha": 199,
          "NextClickTimeDelta-ip-os-cha": 373,
          "NextClickTimeDelta-app-os-cha": 222,
          "NextClickTimeDelta-ip-app-os-cha": 452,
          "NextClickTimeDelta-dev-os-cha": 149,
          "NextClickTimeDelta-ip-dev-os-cha": 289,
          "NextClickTimeDelta-app-dev-os-cha": 171,
          "NextClickTimeDelta-ip-app-dev-os-cha": 523,
          "PrevClickTimeDelta-ip": 491,
          "PrevClickTimeDelta-app": 91,
          "PrevClickTimeDelta-ip-app": 414,
          "PrevClickTimeDelta-dev": 57,
          "PrevClickTimeDelta-ip-dev": 328,
          "PrevClickTimeDelta-app-dev": 79,
          "PrevClickTimeDelta-ip-app-dev": 303,
          "PrevClickTimeDelta-os": 108,
          "PrevClickTimeDelta-ip-os": 468,
          "PrevClickTimeDelta-app-os": 147,
          "PrevClickTimeDelta-ip-app-os": 375,
          "PrevClickTimeDelta-dev-os": 60,
          "PrevClickTimeDelta-ip-dev-os": 279,
          "PrevClickTimeDelta-app-dev-os": 116,
          "PrevClickTimeDelta-ip-app-dev-os": 271,
          "PrevClickTimeDelta-cha": 94,
          "PrevClickTimeDelta-ip-cha": 372,
          "PrevClickTimeDelta-app-cha": 128,
          "PrevClickTimeDelta-ip-app-cha": 274,
          "PrevClickTimeDelta-dev-cha": 64,
          "PrevClickTimeDelta-ip-dev-cha": 223,
          "PrevClickTimeDelta-app-dev-cha": 76,
          "PrevClickTimeDelta-ip-app-dev-cha": 212,
          "PrevClickTimeDelta-os-cha": 187,
          "PrevClickTimeDelta-ip-os-cha": 276,
          "PrevClickTimeDelta-app-os-cha": 200,
          "PrevClickTimeDelta-ip-app-os-cha": 212,
          "PrevClickTimeDelta-dev-os-cha": 117,
          "PrevClickTimeDelta-ip-dev-os-cha": 159,
          "PrevClickTimeDelta-app-dev-os-cha": 149,
          "PrevClickTimeDelta-ip-app-dev-os-cha": 158,
          "AverageAttributedRatio-ip": 366,
          "AverageAttributedRatio-app": 418,
          "AverageAttributedRatio-ip-app": 304,
          "AverageAttributedRatio-dev": 536,
          "AverageAttributedRatio-ip-dev": 286,
          "AverageAttributedRatio-app-dev": 284,
          "AverageAttributedRatio-ip-app-dev": 325,
          "AverageAttributedRatio-os": 312,
          "AverageAttributedRatio-ip-os": 229,
          "AverageAttributedRatio-app-os": 396,
          "AverageAttributedRatio-ip-app-os": 113,
          "AverageAttributedRatio-dev-os": 264,
          "AverageAttributedRatio-ip-dev-os": 183,
          "AverageAttributedRatio-app-dev-os": 356,
          "AverageAttributedRatio-ip-app-dev-os": 72,
          "AverageAttributedRatio-cha": 294,
          "AverageAttributedRatio-ip-cha": 172,
          "AverageAttributedRatio-app-cha": 331,
          "AverageAttributedRatio-ip-app-cha": 107,
          "AverageAttributedRatio-dev-cha": 224,
          "AverageAttributedRatio-ip-dev-cha": 114,
          "AverageAttributedRatio-app-dev-cha": 238,
          "AverageAttributedRatio-ip-app-dev-cha": 105,
          "AverageAttributedRatio-os-cha": 262,
          "AverageAttributedRatio-ip-os-cha": 39,
          "AverageAttributedRatio-app-os-cha": 420,
          "AverageAttributedRatio-ip-app-os-cha": 44,
          "AverageAttributedRatio-dev-os-cha": 225,
          "AverageAttributedRatio-ip-dev-os-cha": 43,
          "AverageAttributedRatio-app-dev-os-cha": 378,
          "AverageAttributedRatio-ip-app-dev-os-cha": 35,
          "PastClickCount_600-ip": 610,
          "PastClickCount_600-app": 324,
          "PastClickCount_600-ip-app": 191,
          "PastClickCount_600-dev": 168,
          "PastClickCount_600-ip-dev": 517,
          "PastClickCount_600-app-dev": 295,
          "PastClickCount_600-ip-app-dev": 145,
          "PastClickCount_600-os": 154,
          "PastClickCount_600-ip-os": 333,
          "PastClickCount_600-app-os": 261,
          "PastClickCount_600-ip-app-os": 123,
          "PastClickCount_600-dev-os": 329,
          "PastClickCount_600-ip-dev-os": 278,
          "PastClickCount_600-app-dev-os": 376,
          "PastClickCount_600-ip-app-dev-os": 84,
          "PastClickCount_600-cha": 309,
          "PastClickCount_600-ip-cha": 106,
          "PastClickCount_600-app-cha": 386,
          "PastClickCount_600-ip-app-cha": 80,
          "PastClickCount_600-dev-cha": 215,
          "PastClickCount_600-ip-dev-cha": 93,
          "PastClickCount_600-app-dev-cha": 216,
          "PastClickCount_600-ip-app-dev-cha": 63,
          "PastClickCount_600-os-cha": 214,
          "PastClickCount_600-ip-os-cha": 56,
          "PastClickCount_600-app-os-cha": 246,
          "PastClickCount_600-ip-app-os-cha": 44,
          "PastClickCount_600-dev-os-cha": 229,
          "PastClickCount_600-ip-dev-os-cha": 42,
          "PastClickCount_600-app-dev-os-cha": 211,
          "PastClickCount_600-ip-app-dev-os-cha": 34,
          "KomakiLDA5NoDevice-ip-app-0": 1106,
          "KomakiLDA5NoDevice-ip-app-1": 932,
          "KomakiLDA5NoDevice-ip-app-2": 701,
          "KomakiLDA5NoDevice-ip-app-3": 711,
          "KomakiLDA5NoDevice-ip-app-4": 539,
          "KomakiLDA5NoDevice-ip-os-0": 613,
          "KomakiLDA5NoDevice-ip-os-1": 686,
          "KomakiLDA5NoDevice-ip-os-2": 640,
          "KomakiLDA5NoDevice-ip-os-3": 611,
          "KomakiLDA5NoDevice-ip-os-4": 533,
          "KomakiLDA5NoDevice-ip-channel-0": 608,
          "KomakiLDA5NoDevice-ip-channel-1": 741,
          "KomakiLDA5NoDevice-ip-channel-2": 733,
          "KomakiLDA5NoDevice-ip-channel-3": 786,
          "KomakiLDA5NoDevice-ip-channel-4": 835,
          "KomakiLDA5NoDevice-app-ip-0": 432,
          "KomakiLDA5NoDevice-app-ip-1": 307,
          "KomakiLDA5NoDevice-app-ip-2": 293,
          "KomakiLDA5NoDevice-app-ip-3": 387,
          "KomakiLDA5NoDevice-app-ip-4": 256,
          "KomakiLDA5NoDevice-app-os-0": 243,
          "KomakiLDA5NoDevice-app-os-1": 366,
          "KomakiLDA5NoDevice-app-os-2": 240,
          "KomakiLDA5NoDevice-app-os-3": 216,
          "KomakiLDA5NoDevice-app-os-4": 438,
          "KomakiLDA5NoDevice-app-channel-0": 261,
          "KomakiLDA5NoDevice-app-channel-1": 296,
          "KomakiLDA5NoDevice-app-channel-2": 275,
          "KomakiLDA5NoDevice-app-channel-3": 284,
          "KomakiLDA5NoDevice-app-channel-4": 198,
          "KomakiLDA5NoDevice-os-ip-0": 296,
          "KomakiLDA5NoDevice-os-ip-1": 252,
          "KomakiLDA5NoDevice-os-ip-2": 221,
          "KomakiLDA5NoDevice-os-ip-3": 213,
          "KomakiLDA5NoDevice-os-ip-4": 227,
          "KomakiLDA5NoDevice-os-app-0": 288,
          "KomakiLDA5NoDevice-os-app-1": 329,
          "KomakiLDA5NoDevice-os-app-2": 192,
          "KomakiLDA5NoDevice-os-app-3": 231,
          "KomakiLDA5NoDevice-os-app-4": 199,
          "KomakiLDA5NoDevice-os-channel-0": 315,
          "KomakiLDA5NoDevice-os-channel-1": 154,
          "KomakiLDA5NoDevice-os-channel-2": 208,
          "KomakiLDA5NoDevice-os-channel-3": 252,
          "KomakiLDA5NoDevice-os-channel-4": 221,
          "KomakiLDA5NoDevice-channel-ip-0": 271,
          "KomakiLDA5NoDevice-channel-ip-1": 314,
          "KomakiLDA5NoDevice-channel-ip-2": 319,
          "KomakiLDA5NoDevice-channel-ip-3": 311,
          "KomakiLDA5NoDevice-channel-ip-4": 301,
          "KomakiLDA5NoDevice-channel-app-0": 340,
          "KomakiLDA5NoDevice-channel-app-1": 277,
          "KomakiLDA5NoDevice-channel-app-2": 274,
          "KomakiLDA5NoDevice-channel-app-3": 258,
          "KomakiLDA5NoDevice-channel-app-4": 281,
          "KomakiLDA5NoDevice-channel-os-0": 348,
          "KomakiLDA5NoDevice-channel-os-1": 372,
          "KomakiLDA5NoDevice-channel-os-2": 308,
          "KomakiLDA5NoDevice-channel-os-3": 325,
          "KomakiLDA5NoDevice-channel-os-4": 269
        }
      },
      {
        "train_auc": 0.9906054547769267,
        "valid_auc": 0.9834278515582167,
        "best_iteration": 293,
        "train_time": 197.6564326286316,
        "feature_importance": {
          "ip": 1678,
          "os": 824,
          "app": 1053,
          "channel": 1557,
          "hour": 1281,
          "n_channels": 728,
          "ip_app_count": 740,
          "ip_app_os_count": 603,
          "FutureClickCount_600-ip": 372,
          "FutureClickCount_600-app": 201,
          "FutureClickCount_600-ip-app": 115,
          "FutureClickCount_600-dev": 161,
          "FutureClickCount_600-ip-dev": 244,
          "FutureClickCount_600-app-dev": 231,
          "FutureClickCount_600-ip-app-dev": 82,
          "FutureClickCount_600-os": 137,
          "FutureClickCount_600-ip-os": 178,
          "FutureClickCount_600-app-os": 177,
          "FutureClickCount_600-ip-app-os": 177,
          "FutureClickCount_600-dev-os": 366,
          "FutureClickCount_600-ip-dev-os": 152,
          "FutureClickCount_600-app-dev-os": 291,
          "FutureClickCount_600-ip-app-dev-os": 246,
          "FutureClickCount_600-cha": 195,
          "FutureClickCount_600-ip-cha": 64,
          "FutureClickCount_600-app-cha": 313,
          "FutureClickCount_600-ip-app-cha": 49,
          "FutureClickCount_600-dev-cha": 128,
          "FutureClickCount_600-ip-dev-cha": 59,
          "FutureClickCount_600-app-dev-cha": 162,
          "FutureClickCount_600-ip-app-dev-cha": 40,
          "FutureClickCount_600-os-cha": 161,
          "FutureClickCount_600-ip-os-cha": 43,
          "FutureClickCount_600-app-os-cha": 147,
          "FutureClickCount_600-ip-app-os-cha": 60,
          "FutureClickCount_600-dev-os-cha": 147,
          "FutureClickCount_600-ip-dev-os-cha": 38,
          "FutureClickCount_600-app-dev-os-cha": 98,
          "FutureClickCount_600-ip-app-dev-os-cha": 62,
          "FutureClickCount_4800-ip": 676,
          "FutureClickCount_4800-app": 177,
          "FutureClickCount_4800-ip-app": 186,
          "FutureClickCount_4800-dev": 36,
          "FutureClickCount_4800-ip-dev": 666,
          "FutureClickCount_4800-app-dev": 133,
          "FutureClickCount_4800-ip-app-dev": 130,
          "FutureClickCount_4800-os": 94,
          "FutureClickCount_4800-ip-os": 302,
          "FutureClickCount_4800-app-os": 193,
          "FutureClickCount_4800-ip-app-os": 160,
          "FutureClickCount_4800-dev-os": 145,
          "FutureClickCount_4800-ip-dev-os": 416,
          "FutureClickCount_4800-app-dev-os": 298,
          "FutureClickCount_4800-ip-app-dev-os": 223,
          "FutureClickCount_4800-cha": 158,
          "FutureClickCount_4800-ip-cha": 159,
          "FutureClickCount_4800-app-cha": 258,
          "FutureClickCount_4800-ip-app-cha": 89,
          "FutureClickCount_4800-dev-cha": 112,
          "FutureClickCount_4800-ip-dev-cha": 94,
          "FutureClickCount_4800-app-dev-cha": 136,
          "FutureClickCount_4800-ip-app-dev-cha": 78,
          "FutureClickCount_4800-os-cha": 128,
          "FutureClickCount_4800-ip-os-cha": 61,
          "FutureClickCount_4800-app-os-cha": 166,
          "FutureClickCount_4800-ip-app-os-cha": 55,
          "FutureClickCount_4800-dev-os-cha": 140,
          "FutureClickCount_4800-ip-dev-os-cha": 55,
          "FutureClickCount_4800-app-dev-os-cha": 166,
          "FutureClickCount_4800-ip-app-dev-os-cha": 54,
          "NextClickTimeDelta-ip": 430,
          "NextClickTimeDelta-app": 45,
          "NextClickTimeDelta-ip-app": 674,
          "NextClickTimeDelta-dev": 46,
          "NextClickTimeDelta-ip-dev": 336,
          "NextClickTimeDelta-app-dev": 44,
          "NextClickTimeDelta-ip-app-dev": 362,
          "NextClickTimeDelta-os": 48,
          "NextClickTimeDelta-ip-os": 340,
          "NextClickTimeDelta-app-os": 108,
          "NextClickTimeDelta-ip-app-os": 1234,
          "NextClickTimeDelta-dev-os": 80,
          "NextClickTimeDelta-ip-dev-os": 260,
          "NextClickTimeDelta-app-dev-os": 107,
          "NextClickTimeDelta-ip-app-dev-os": 1751,
          "NextClickTimeDelta-cha": 53,
          "NextClickTimeDelta-ip-cha": 304,
          "NextClickTimeDelta-app-cha": 95,
          "NextClickTimeDelta-ip-app-cha": 285,
          "NextClickTimeDelta-dev-cha": 41,
          "NextClickTimeDelta-ip-dev-cha": 182,
          "NextClickTimeDelta-app-dev-cha": 72,
          "NextClickTimeDelta-ip-app-dev-cha": 170,
          "NextClickTimeDelta-os-cha": 103,
          "NextClickTimeDelta-ip-os-cha": 188,
          "NextClickTimeDelta-app-os-cha": 151,
          "NextClickTimeDelta-ip-app-os-cha": 299,
          "NextClickTimeDelta-dev-os-cha": 85,
          "NextClickTimeDelta-ip-dev-os-cha": 202,
          "NextClickTimeDelta-app-dev-os-cha": 132,
          "NextClickTimeDelta-ip-app-dev-os-cha": 348,
          "PrevClickTimeDelta-ip": 345,
          "PrevClickTimeDelta-app": 80,
          "PrevClickTimeDelta-ip-app": 211,
          "PrevClickTimeDelta-dev": 38,
          "PrevClickTimeDelta-ip-dev": 199,
          "PrevClickTimeDelta-app-dev": 60,
          "PrevClickTimeDelta-ip-app-dev": 140,
          "PrevClickTimeDelta-os": 61,
          "PrevClickTimeDelta-ip-os": 257,
          "PrevClickTimeDelta-app-os": 87,
          "PrevClickTimeDelta-ip-app-os": 208,
          "PrevClickTimeDelta-dev-os": 56,
          "PrevClickTimeDelta-ip-dev-os": 136,
          "PrevClickTimeDelta-app-dev-os": 84,
          "PrevClickTimeDelta-ip-app-dev-os": 138,
          "PrevClickTimeDelta-cha": 47,
          "PrevClickTimeDelta-ip-cha": 247,
          "PrevClickTimeDelta-app-cha": 103,
          "PrevClickTimeDelta-ip-app-cha": 147,
          "PrevClickTimeDelta-dev-cha": 72,
          "PrevClickTimeDelta-ip-dev-cha": 132,
          "PrevClickTimeDelta-app-dev-cha": 55,
          "PrevClickTimeDelta-ip-app-dev-cha": 109,
          "PrevClickTimeDelta-os-cha": 109,
          "PrevClickTimeDelta-ip-os-cha": 151,
          "PrevClickTimeDelta-app-os-cha": 127,
          "PrevClickTimeDelta-ip-app-os-cha": 99,
          "PrevClickTimeDelta-dev-os-cha": 68,
          "PrevClickTimeDelta-ip-dev-os-cha": 76,
          "PrevClickTimeDelta-app-dev-os-cha": 89,
          "PrevClickTimeDelta-ip-app-dev-os-cha": 85,
          "AverageAttributedRatio-ip": 171,
          "AverageAttributedRatio-app": 225,
          "AverageAttributedRatio-ip-app": 202,
          "AverageAttributedRatio-dev": 317,
          "AverageAttributedRatio-ip-dev": 172,
          "AverageAttributedRatio-app-dev": 166,
          "AverageAttributedRatio-ip-app-dev": 278,
          "AverageAttributedRatio-os": 198,
          "AverageAttributedRatio-ip-os": 78,
          "AverageAttributedRatio-app-os": 228,
          "AverageAttributedRatio-ip-app-os": 62,
          "AverageAttributedRatio-dev-os": 137,
          "AverageAttributedRatio-ip-dev-os": 133,
          "AverageAttributedRatio-app-dev-os": 262,
          "AverageAttributedRatio-ip-app-dev-os": 45,
          "AverageAttributedRatio-cha": 182,
          "AverageAttributedRatio-ip-cha": 74,
          "AverageAttributedRatio-app-cha": 196,
          "AverageAttributedRatio-ip-app-cha": 59,
          "AverageAttributedRatio-dev-cha": 121,
          "AverageAttributedRatio-ip-dev-cha": 89,
          "AverageAttributedRatio-app-dev-cha": 195,
          "AverageAttributedRatio-ip-app-dev-cha": 61,
          "AverageAttributedRatio-os-cha": 149,
          "AverageAttributedRatio-ip-os-cha": 35,
          "AverageAttributedRatio-app-os-cha": 269,
          "AverageAttributedRatio-ip-app-os-cha": 35,
          "AverageAttributedRatio-dev-os-cha": 150,
          "AverageAttributedRatio-ip-dev-os-cha": 30,
          "AverageAttributedRatio-app-dev-os-cha": 280,
          "AverageAttributedRatio-ip-app-dev-os-cha": 25,
          "PastClickCount_600-ip": 331,
          "PastClickCount_600-app": 211,
          "PastClickCount_600-ip-app": 79,
          "PastClickCount_600-dev": 104,
          "PastClickCount_600-ip-dev": 341,
          "PastClickCount_600-app-dev": 200,
          "PastClickCount_600-ip-app-dev": 79,
          "PastClickCount_600-os": 79,
          "PastClickCount_600-ip-os": 189,
          "PastClickCount_600-app-os": 157,
          "PastClickCount_600-ip-app-os": 70,
          "PastClickCount_600-dev-os": 273,
          "PastClickCount_600-ip-dev-os": 180,
          "PastClickCount_600-app-dev-os": 269,
          "PastClickCount_600-ip-app-dev-os": 47,
          "PastClickCount_600-cha": 172,
          "PastClickCount_600-ip-cha": 56,
          "PastClickCount_600-app-cha": 329,
          "PastClickCount_600-ip-app-cha": 39,
          "PastClickCount_600-dev-cha": 135,
          "PastClickCount_600-ip-dev-cha": 33,
          "PastClickCount_600-app-dev-cha": 158,
          "PastClickCount_600-ip-app-dev-cha": 30,
          "PastClickCount_600-os-cha": 126,
          "PastClickCount_600-ip-os-cha": 32,
          "PastClickCount_600-app-os-cha": 145,
          "PastClickCount_600-ip-app-os-cha": 23,
          "PastClickCount_600-dev-os-cha": 132,
          "PastClickCount_600-ip-dev-os-cha": 16,
          "PastClickCount_600-app-dev-os-cha": 139,
          "PastClickCount_600-ip-app-dev-os-cha": 29,
          "KomakiLDA5NoDevice-ip-app-0": 868,
          "KomakiLDA5NoDevice-ip-app-1": 757,
          "KomakiLDA5NoDevice-ip-app-2": 555,
          "KomakiLDA5NoDevice-ip-app-3": 423,
          "KomakiLDA5NoDevice-ip-app-4": 434,
          "KomakiLDA5NoDevice-ip-os-0": 399,
          "KomakiLDA5NoDevice-ip-os-1": 513,
          "KomakiLDA5NoDevice-ip-os-2": 488,
          "KomakiLDA5NoDevice-ip-os-3": 426,
          "KomakiLDA5NoDevice-ip-os-4": 305,
          "KomakiLDA5NoDevice-ip-channel-0": 435,
          "KomakiLDA5NoDevice-ip-channel-1": 619,
          "KomakiLDA5NoDevice-ip-channel-2": 533,
          "KomakiLDA5NoDevice-ip-channel-3": 628,
          "KomakiLDA5NoDevice-ip-channel-4": 605,
          "KomakiLDA5NoDevice-app-ip-0": 330,
          "KomakiLDA5NoDevice-app-ip-1": 199,
          "KomakiLDA5NoDevice-app-ip-2": 204,
          "KomakiLDA5NoDevice-app-ip-3": 254,
          "KomakiLDA5NoDevice-app-ip-4": 155,
          "KomakiLDA5NoDevice-app-os-0": 172,
          "KomakiLDA5NoDevice-app-os-1": 245,
          "KomakiLDA5NoDevice-app-os-2": 177,
          "KomakiLDA5NoDevice-app-os-3": 133,
          "KomakiLDA5NoDevice-app-os-4": 280,
          "KomakiLDA5NoDevice-app-channel-0": 160,
          "KomakiLDA5NoDevice-app-channel-1": 193,
          "KomakiLDA5NoDevice-app-channel-2": 163,
          "KomakiLDA5NoDevice-app-channel-3": 190,
          "KomakiLDA5NoDevice-app-channel-4": 114,
          "KomakiLDA5NoDevice-os-ip-0": 240,
          "KomakiLDA5NoDevice-os-ip-1": 126,
          "KomakiLDA5NoDevice-os-ip-2": 141,
          "KomakiLDA5NoDevice-os-ip-3": 152,
          "KomakiLDA5NoDevice-os-ip-4": 148,
          "KomakiLDA5NoDevice-os-app-0": 231,
          "KomakiLDA5NoDevice-os-app-1": 194,
          "KomakiLDA5NoDevice-os-app-2": 125,
          "KomakiLDA5NoDevice-os-app-3": 185,
          "KomakiLDA5NoDevice-os-app-4": 142,
          "KomakiLDA5NoDevice-os-channel-0": 208,
          "KomakiLDA5NoDevice-os-channel-1": 146,
          "KomakiLDA5NoDevice-os-channel-2": 153,
          "KomakiLDA5NoDevice-os-channel-3": 168,
          "KomakiLDA5NoDevice-os-channel-4": 140,
          "KomakiLDA5NoDevice-channel-ip-0": 161,
          "KomakiLDA5NoDevice-channel-ip-1": 220,
          "KomakiLDA5NoDevice-channel-ip-2": 190,
          "KomakiLDA5NoDevice-channel-ip-3": 171,
          "KomakiLDA5NoDevice-channel-ip-4": 182,
          "KomakiLDA5NoDevice-channel-app-0": 211,
          "KomakiLDA5NoDevice-channel-app-1": 160,
          "KomakiLDA5NoDevice-channel-app-2": 163,
          "KomakiLDA5NoDevice-channel-app-3": 118,
          "KomakiLDA5NoDevice-channel-app-4": 154,
          "KomakiLDA5NoDevice-channel-os-0": 160,
          "KomakiLDA5NoDevice-channel-os-1": 215,
          "KomakiLDA5NoDevice-channel-os-2": 169,
          "KomakiLDA5NoDevice-channel-os-3": 181,
          "KomakiLDA5NoDevice-channel-os-4": 124
        }
      },
      {
        "train_auc": 0.9905524917941197,
        "valid_auc": 0.9834963757708,
        "best_iteration": 293,
        "train_time": 199.6737186908722,
        "feature_importance": {
          "ip": 1695,
          "os": 810,
          "app": 1019,
          "channel": 1516,
          "hour": 1247,
          "n_channels": 739,
          "ip_app_count": 764,
          "ip_app_os_count": 640,
          "FutureClickCount_600-ip": 348,
          "FutureClickCount_600-app": 220,
          "FutureClickCount_600-ip-app": 113,
          "FutureClickCount_600-dev": 134,
          "FutureClickCount_600-ip-dev": 216,
          "FutureClickCount_600-app-dev": 190,
          "FutureClickCount_600-ip-app-dev": 96,
          "FutureClickCount_600-os": 142,
          "FutureClickCount_600-ip-os": 177,
          "FutureClickCount_600-app-os": 193,
          "FutureClickCount_600-ip-app-os": 199,
          "FutureClickCount_600-dev-os": 332,
          "FutureClickCount_600-ip-dev-os": 158,
          "FutureClickCount_600-app-dev-os": 279,
          "FutureClickCount_600-ip-app-dev-os": 255,
          "FutureClickCount_600-cha": 196,
          "FutureClickCount_600-ip-cha": 62,
          "FutureClickCount_600-app-cha": 284,
          "FutureClickCount_600-ip-app-cha": 58,
          "FutureClickCount_600-dev-cha": 156,
          "FutureClickCount_600-ip-dev-cha": 43,
          "FutureClickCount_600-app-dev-cha": 150,
          "FutureClickCount_600-ip-app-dev-cha": 45,
          "FutureClickCount_600-os-cha": 149,
          "FutureClickCount_600-ip-os-cha": 45,
          "FutureClickCount_600-app-os-cha": 157,
          "FutureClickCount_600-ip-app-os-cha": 33,
          "FutureClickCount_600-dev-os-cha": 147,
          "FutureClickCount_600-ip-dev-os-cha": 44,
          "FutureClickCount_600-app-dev-os-cha": 113,
          "FutureClickCount_600-ip-app-dev-os-cha": 43,
          "FutureClickCount_4800-ip": 777,
          "FutureClickCount_4800-app": 194,
          "FutureClickCount_4800-ip-app": 206,
          "FutureClickCount_4800-dev": 61,
          "FutureClickCount_4800-ip-dev": 763,
          "FutureClickCount_4800-app-dev": 91,
          "FutureClickCount_4800-ip-app-dev": 149,
          "FutureClickCount_4800-os": 100,
          "FutureClickCount_4800-ip-os": 305,
          "FutureClickCount_4800-app-os": 187,
          "FutureClickCount_4800-ip-app-os": 174,
          "FutureClickCount_4800-dev-os": 128,
          "FutureClickCount_4800-ip-dev-os": 408,
          "FutureClickCount_4800-app-dev-os": 277,
          "FutureClickCount_4800-ip-app-dev-os": 236,
          "FutureClickCount_4800-cha": 141,
          "FutureClickCount_4800-ip-cha": 133,
          "FutureClickCount_4800-app-cha": 279,
          "FutureClickCount_4800-ip-app-cha": 79,
          "FutureClickCount_4800-dev-cha": 113,
          "FutureClickCount_4800-ip-dev-cha": 83,
          "FutureClickCount_4800-app-dev-cha": 125,
          "FutureClickCount_4800-ip-app-dev-cha": 73,
          "FutureClickCount_4800-os-cha": 127,
          "FutureClickCount_4800-ip-os-cha": 46,
          "FutureClickCount_4800-app-os-cha": 154,
          "FutureClickCount_4800-ip-app-os-cha": 50,
          "FutureClickCount_4800-dev-os-cha": 148,
          "FutureClickCount_4800-ip-dev-os-cha": 42,
          "FutureClickCount_4800-app-dev-os-cha": 149,
          "FutureClickCount_4800-ip-app-dev-os-cha": 48,
          "NextClickTimeDelta-ip": 457,
          "NextClickTimeDelta-app": 48,
          "NextClickTimeDelta-ip-app": 592,
          "NextClickTimeDelta-dev": 37,
          "NextClickTimeDelta-ip-dev": 374,
          "NextClickTimeDelta-app-dev": 50,
          "NextClickTimeDelta-ip-app-dev": 369,
          "NextClickTimeDelta-os": 43,
          "NextClickTimeDelta-ip-os": 375,
          "NextClickTimeDelta-app-os": 96,
          "NextClickTimeDelta-ip-app-os": 1200,
          "NextClickTimeDelta-dev-os": 62,
          "NextClickTimeDelta-ip-dev-os": 225,
          "NextClickTimeDelta-app-dev-os": 85,
          "NextClickTimeDelta-ip-app-dev-os": 1802,
          "NextClickTimeDelta-cha": 91,
          "NextClickTimeDelta-ip-cha": 247,
          "NextClickTimeDelta-app-cha": 91,
          "NextClickTimeDelta-ip-app-cha": 252,
          "NextClickTimeDelta-dev-cha": 58,
          "NextClickTimeDelta-ip-dev-cha": 204,
          "NextClickTimeDelta-app-dev-cha": 51,
          "NextClickTimeDelta-ip-app-dev-cha": 160,
          "NextClickTimeDelta-os-cha": 127,
          "NextClickTimeDelta-ip-os-cha": 225,
          "NextClickTimeDelta-app-os-cha": 155,
          "NextClickTimeDelta-ip-app-os-cha": 302,
          "NextClickTimeDelta-dev-os-cha": 87,
          "NextClickTimeDelta-ip-dev-os-cha": 201,
          "NextClickTimeDelta-app-dev-os-cha": 115,
          "NextClickTimeDelta-ip-app-dev-os-cha": 379,
          "PrevClickTimeDelta-ip": 388,
          "PrevClickTimeDelta-app": 64,
          "PrevClickTimeDelta-ip-app": 194,
          "PrevClickTimeDelta-dev": 40,
          "PrevClickTimeDelta-ip-dev": 203,
          "PrevClickTimeDelta-app-dev": 30,
          "PrevClickTimeDelta-ip-app-dev": 137,
          "PrevClickTimeDelta-os": 51,
          "PrevClickTimeDelta-ip-os": 270,
          "PrevClickTimeDelta-app-os": 89,
          "PrevClickTimeDelta-ip-app-os": 187,
          "PrevClickTimeDelta-dev-os": 38,
          "PrevClickTimeDelta-ip-dev-os": 183,
          "PrevClickTimeDelta-app-dev-os": 98,
          "PrevClickTimeDelta-ip-app-dev-os": 132,
          "PrevClickTimeDelta-cha": 62,
          "PrevClickTimeDelta-ip-cha": 212,
          "PrevClickTimeDelta-app-cha": 80,
          "PrevClickTimeDelta-ip-app-cha": 157,
          "PrevClickTimeDelta-dev-cha": 67,
          "PrevClickTimeDelta-ip-dev-cha": 140,
          "PrevClickTimeDelta-app-dev-cha": 67,
          "PrevClickTimeDelta-ip-app-dev-cha": 106,
          "PrevClickTimeDelta-os-cha": 100,
          "PrevClickTimeDelta-ip-os-cha": 126,
          "PrevClickTimeDelta-app-os-cha": 137,
          "PrevClickTimeDelta-ip-app-os-cha": 80,
          "PrevClickTimeDelta-dev-os-cha": 96,
          "PrevClickTimeDelta-ip-dev-os-cha": 73,
          "PrevClickTimeDelta-app-dev-os-cha": 100,
          "PrevClickTimeDelta-ip-app-dev-os-cha": 71,
          "AverageAttributedRatio-ip": 194,
          "AverageAttributedRatio-app": 197,
          "AverageAttributedRatio-ip-app": 219,
          "AverageAttributedRatio-dev": 361,
          "AverageAttributedRatio-ip-dev": 183,
          "AverageAttributedRatio-app-dev": 195,
          "AverageAttributedRatio-ip-app-dev": 243,
          "AverageAttributedRatio-os": 214,
          "AverageAttributedRatio-ip-os": 162,
          "AverageAttributedRatio-app-os": 182,
          "AverageAttributedRatio-ip-app-os": 58,
          "AverageAttributedRatio-dev-os": 159,
          "AverageAttributedRatio-ip-dev-os": 125,
          "AverageAttributedRatio-app-dev-os": 237,
          "AverageAttributedRatio-ip-app-dev-os": 49,
          "AverageAttributedRatio-cha": 161,
          "AverageAttributedRatio-ip-cha": 87,
          "AverageAttributedRatio-app-cha": 200,
          "AverageAttributedRatio-ip-app-cha": 47,
          "AverageAttributedRatio-dev-cha": 99,
          "AverageAttributedRatio-ip-dev-cha": 67,
          "AverageAttributedRatio-app-dev-cha": 183,
          "AverageAttributedRatio-ip-app-dev-cha": 42,
          "AverageAttributedRatio-os-cha": 178,
          "AverageAttributedRatio-ip-os-cha": 36,
          "AverageAttributedRatio-app-os-cha": 267,
          "AverageAttributedRatio-ip-app-os-cha": 25,
          "AverageAttributedRatio-dev-os-cha": 145,
          "AverageAttributedRatio-ip-dev-os-cha": 25,
          "AverageAttributedRatio-app-dev-os-cha": 274,
          "AverageAttributedRatio-ip-app-dev-os-cha": 13,
          "PastClickCount_600-ip": 327,
          "PastClickCount_600-app": 215,
          "PastClickCount_600-ip-app": 71,
          "PastClickCount_600-dev": 100,
          "PastClickCount_600-ip-dev": 341,
          "PastClickCount_600-app-dev": 179,
          "PastClickCount_600-ip-app-dev": 81,
          "PastClickCount_600-os": 87,
          "PastClickCount_600-ip-os": 191,
          "PastClickCount_600-app-os": 197,
          "PastClickCount_600-ip-app-os": 44,
          "PastClickCount_600-dev-os": 277,
          "PastClickCount_600-ip-dev-os": 201,
          "PastClickCount_600-app-dev-os": 282,
          "PastClickCount_600-ip-app-dev-os": 48,
          "PastClickCount_600-cha": 158,
          "PastClickCount_600-ip-cha": 55,
          "PastClickCount_600-app-cha": 290,
          "PastClickCount_600-ip-app-cha": 42,
          "PastClickCount_600-dev-cha": 133,
          "PastClickCount_600-ip-dev-cha": 44,
          "PastClickCount_600-app-dev-cha": 144,
          "PastClickCount_600-ip-app-dev-cha": 38,
          "PastClickCount_600-os-cha": 116,
          "PastClickCount_600-ip-os-cha": 22,
          "PastClickCount_600-app-os-cha": 131,
          "PastClickCount_600-ip-app-os-cha": 27,
          "PastClickCount_600-dev-os-cha": 160,
          "PastClickCount_600-ip-dev-os-cha": 32,
          "PastClickCount_600-app-dev-os-cha": 159,
          "PastClickCount_600-ip-app-dev-os-cha": 21,
          "KomakiLDA5NoDevice-ip-app-0": 886,
          "KomakiLDA5NoDevice-ip-app-1": 716,
          "KomakiLDA5NoDevice-ip-app-2": 480,
          "KomakiLDA5NoDevice-ip-app-3": 428,
          "KomakiLDA5NoDevice-ip-app-4": 407,
          "KomakiLDA5NoDevice-ip-os-0": 362,
          "KomakiLDA5NoDevice-ip-os-1": 452,
          "KomakiLDA5NoDevice-ip-os-2": 529,
          "KomakiLDA5NoDevice-ip-os-3": 459,
          "KomakiLDA5NoDevice-ip-os-4": 304,
          "KomakiLDA5NoDevice-ip-channel-0": 425,
          "KomakiLDA5NoDevice-ip-channel-1": 597,
          "KomakiLDA5NoDevice-ip-channel-2": 541,
          "KomakiLDA5NoDevice-ip-channel-3": 595,
          "KomakiLDA5NoDevice-ip-channel-4": 644,
          "KomakiLDA5NoDevice-app-ip-0": 298,
          "KomakiLDA5NoDevice-app-ip-1": 188,
          "KomakiLDA5NoDevice-app-ip-2": 203,
          "KomakiLDA5NoDevice-app-ip-3": 240,
          "KomakiLDA5NoDevice-app-ip-4": 182,
          "KomakiLDA5NoDevice-app-os-0": 146,
          "KomakiLDA5NoDevice-app-os-1": 243,
          "KomakiLDA5NoDevice-app-os-2": 190,
          "KomakiLDA5NoDevice-app-os-3": 131,
          "KomakiLDA5NoDevice-app-os-4": 289,
          "KomakiLDA5NoDevice-app-channel-0": 151,
          "KomakiLDA5NoDevice-app-channel-1": 190,
          "KomakiLDA5NoDevice-app-channel-2": 221,
          "KomakiLDA5NoDevice-app-channel-3": 200,
          "KomakiLDA5NoDevice-app-channel-4": 122,
          "KomakiLDA5NoDevice-os-ip-0": 243,
          "KomakiLDA5NoDevice-os-ip-1": 150,
          "KomakiLDA5NoDevice-os-ip-2": 163,
          "KomakiLDA5NoDevice-os-ip-3": 130,
          "KomakiLDA5NoDevice-os-ip-4": 156,
          "KomakiLDA5NoDevice-os-app-0": 245,
          "KomakiLDA5NoDevice-os-app-1": 212,
          "KomakiLDA5NoDevice-os-app-2": 117,
          "KomakiLDA5NoDevice-os-app-3": 166,
          "KomakiLDA5NoDevice-os-app-4": 136,
          "KomakiLDA5NoDevice-os-channel-0": 232,
          "KomakiLDA5NoDevice-os-channel-1": 117,
          "KomakiLDA5NoDevice-os-channel-2": 175,
          "KomakiLDA5NoDevice-os-channel-3": 225,
          "KomakiLDA5NoDevice-os-channel-4": 126,
          "KomakiLDA5NoDevice-channel-ip-0": 168,
          "KomakiLDA5NoDevice-channel-ip-1": 202,
          "KomakiLDA5NoDevice-channel-ip-2": 196,
          "KomakiLDA5NoDevice-channel-ip-3": 175,
          "KomakiLDA5NoDevice-channel-ip-4": 225,
          "KomakiLDA5NoDevice-channel-app-0": 201,
          "KomakiLDA5NoDevice-channel-app-1": 151,
          "KomakiLDA5NoDevice-channel-app-2": 159,
          "KomakiLDA5NoDevice-channel-app-3": 140,
          "KomakiLDA5NoDevice-channel-app-4": 156,
          "KomakiLDA5NoDevice-channel-os-0": 168,
          "KomakiLDA5NoDevice-channel-os-1": 236,
          "KomakiLDA5NoDevice-channel-os-2": 184,
          "KomakiLDA5NoDevice-channel-os-3": 188,
          "KomakiLDA5NoDevice-channel-os-4": 150
        }
      },
      {
        "train_auc": 0.9907203415755556,
        "valid_auc": 0.9836823537879672,
        "best_iteration": 293,
        "train_time": 202.38831067085266,
        "feature_importance": {
          "ip": 1747,
          "os": 808,
          "app": 985,
          "channel": 1618,
          "hour": 1291,
          "n_channels": 777,
          "ip_app_count": 728,
          "ip_app_os_count": 697,
          "FutureClickCount_600-ip": 341,
          "FutureClickCount_600-app": 192,
          "FutureClickCount_600-ip-app": 117,
          "FutureClickCount_600-dev": 160,
          "FutureClickCount_600-ip-dev": 218,
          "FutureClickCount_600-app-dev": 176,
          "FutureClickCount_600-ip-app-dev": 99,
          "FutureClickCount_600-os": 121,
          "FutureClickCount_600-ip-os": 188,
          "FutureClickCount_600-app-os": 197,
          "FutureClickCount_600-ip-app-os": 142,
          "FutureClickCount_600-dev-os": 330,
          "FutureClickCount_600-ip-dev-os": 170,
          "FutureClickCount_600-app-dev-os": 233,
          "FutureClickCount_600-ip-app-dev-os": 240,
          "FutureClickCount_600-cha": 192,
          "FutureClickCount_600-ip-cha": 51,
          "FutureClickCount_600-app-cha": 329,
          "FutureClickCount_600-ip-app-cha": 46,
          "FutureClickCount_600-dev-cha": 145,
          "FutureClickCount_600-ip-dev-cha": 38,
          "FutureClickCount_600-app-dev-cha": 183,
          "FutureClickCount_600-ip-app-dev-cha": 37,
          "FutureClickCount_600-os-cha": 131,
          "FutureClickCount_600-ip-os-cha": 48,
          "FutureClickCount_600-app-os-cha": 169,
          "FutureClickCount_600-ip-app-os-cha": 54,
          "FutureClickCount_600-dev-os-cha": 125,
          "FutureClickCount_600-ip-dev-os-cha": 42,
          "FutureClickCount_600-app-dev-os-cha": 126,
          "FutureClickCount_600-ip-app-dev-os-cha": 57,
          "FutureClickCount_4800-ip": 669,
          "FutureClickCount_4800-app": 186,
          "FutureClickCount_4800-ip-app": 184,
          "FutureClickCount_4800-dev": 53,
          "FutureClickCount_4800-ip-dev": 687,
          "FutureClickCount_4800-app-dev": 122,
          "FutureClickCount_4800-ip-app-dev": 136,
          "FutureClickCount_4800-os": 91,
          "FutureClickCount_4800-ip-os": 281,
          "FutureClickCount_4800-app-os": 172,
          "FutureClickCount_4800-ip-app-os": 168,
          "FutureClickCount_4800-dev-os": 127,
          "FutureClickCount_4800-ip-dev-os": 404,
          "FutureClickCount_4800-app-dev-os": 296,
          "FutureClickCount_4800-ip-app-dev-os": 227,
          "FutureClickCount_4800-cha": 148,
          "FutureClickCount_4800-ip-cha": 127,
          "FutureClickCount_4800-app-cha": 246,
          "FutureClickCount_4800-ip-app-cha": 85,
          "FutureClickCount_4800-dev-cha": 122,
          "FutureClickCount_4800-ip-dev-cha": 90,
          "FutureClickCount_4800-app-dev-cha": 142,
          "FutureClickCount_4800-ip-app-dev-cha": 73,
          "FutureClickCount_4800-os-cha": 130,
          "FutureClickCount_4800-ip-os-cha": 51,
          "FutureClickCount_4800-app-os-cha": 145,
          "FutureClickCount_4800-ip-app-os-cha": 52,
          "FutureClickCount_4800-dev-os-cha": 140,
          "FutureClickCount_4800-ip-dev-os-cha": 41,
          "FutureClickCount_4800-app-dev-os-cha": 147,
          "FutureClickCount_4800-ip-app-dev-os-cha": 28,
          "NextClickTimeDelta-ip": 503,
          "NextClickTimeDelta-app": 75,
          "NextClickTimeDelta-ip-app": 576,
          "NextClickTimeDelta-dev": 60,
          "NextClickTimeDelta-ip-dev": 325,
          "NextClickTimeDelta-app-dev": 52,
          "NextClickTimeDelta-ip-app-dev": 346,
          "NextClickTimeDelta-os": 71,
          "NextClickTimeDelta-ip-os": 371,
          "NextClickTimeDelta-app-os": 108,
          "NextClickTimeDelta-ip-app-os": 1279,
          "NextClickTimeDelta-dev-os": 67,
          "NextClickTimeDelta-ip-dev-os": 281,
          "NextClickTimeDelta-app-dev-os": 79,
          "NextClickTimeDelta-ip-app-dev-os": 1787,
          "NextClickTimeDelta-cha": 77,
          "NextClickTimeDelta-ip-cha": 285,
          "NextClickTimeDelta-app-cha": 114,
          "NextClickTimeDelta-ip-app-cha": 264,
          "NextClickTimeDelta-dev-cha": 49,
          "NextClickTimeDelta-ip-dev-cha": 199,
          "NextClickTimeDelta-app-dev-cha": 85,
          "NextClickTimeDelta-ip-app-dev-cha": 166,
          "NextClickTimeDelta-os-cha": 121,
          "NextClickTimeDelta-ip-os-cha": 212,
          "NextClickTimeDelta-app-os-cha": 105,
          "NextClickTimeDelta-ip-app-os-cha": 316,
          "NextClickTimeDelta-dev-os-cha": 99,
          "NextClickTimeDelta-ip-dev-os-cha": 199,
          "NextClickTimeDelta-app-dev-os-cha": 94,
          "NextClickTimeDelta-ip-app-dev-os-cha": 354,
          "PrevClickTimeDelta-ip": 356,
          "PrevClickTimeDelta-app": 47,
          "PrevClickTimeDelta-ip-app": 191,
          "PrevClickTimeDelta-dev": 25,
          "PrevClickTimeDelta-ip-dev": 188,
          "PrevClickTimeDelta-app-dev": 46,
          "PrevClickTimeDelta-ip-app-dev": 141,
          "PrevClickTimeDelta-os": 85,
          "PrevClickTimeDelta-ip-os": 294,
          "PrevClickTimeDelta-app-os": 88,
          "PrevClickTimeDelta-ip-app-os": 208,
          "PrevClickTimeDelta-dev-os": 37,
          "PrevClickTimeDelta-ip-dev-os": 180,
          "PrevClickTimeDelta-app-dev-os": 91,
          "PrevClickTimeDelta-ip-app-dev-os": 165,
          "PrevClickTimeDelta-cha": 40,
          "PrevClickTimeDelta-ip-cha": 197,
          "PrevClickTimeDelta-app-cha": 98,
          "PrevClickTimeDelta-ip-app-cha": 137,
          "PrevClickTimeDelta-dev-cha": 56,
          "PrevClickTimeDelta-ip-dev-cha": 145,
          "PrevClickTimeDelta-app-dev-cha": 68,
          "PrevClickTimeDelta-ip-app-dev-cha": 87,
          "PrevClickTimeDelta-os-cha": 104,
          "PrevClickTimeDelta-ip-os-cha": 135,
          "PrevClickTimeDelta-app-os-cha": 114,
          "PrevClickTimeDelta-ip-app-os-cha": 96,
          "PrevClickTimeDelta-dev-os-cha": 93,
          "PrevClickTimeDelta-ip-dev-os-cha": 75,
          "PrevClickTimeDelta-app-dev-os-cha": 75,
          "PrevClickTimeDelta-ip-app-dev-os-cha": 70,
          "AverageAttributedRatio-ip": 184,
          "AverageAttributedRatio-app": 219,
          "AverageAttributedRatio-ip-app": 221,
          "AverageAttributedRatio-dev": 332,
          "AverageAttributedRatio-ip-dev": 160,
          "AverageAttributedRatio-app-dev": 164,
          "AverageAttributedRatio-ip-app-dev": 244,
          "AverageAttributedRatio-os": 177,
          "AverageAttributedRatio-ip-os": 160,
          "AverageAttributedRatio-app-os": 206,
          "AverageAttributedRatio-ip-app-os": 65,
          "AverageAttributedRatio-dev-os": 151,
          "AverageAttributedRatio-ip-dev-os": 122,
          "AverageAttributedRatio-app-dev-os": 238,
          "AverageAttributedRatio-ip-app-dev-os": 39,
          "AverageAttributedRatio-cha": 183,
          "AverageAttributedRatio-ip-cha": 76,
          "AverageAttributedRatio-app-cha": 217,
          "AverageAttributedRatio-ip-app-cha": 72,
          "AverageAttributedRatio-dev-cha": 103,
          "AverageAttributedRatio-ip-dev-cha": 59,
          "AverageAttributedRatio-app-dev-cha": 185,
          "AverageAttributedRatio-ip-app-dev-cha": 48,
          "AverageAttributedRatio-os-cha": 188,
          "AverageAttributedRatio-ip-os-cha": 34,
          "AverageAttributedRatio-app-os-cha": 285,
          "AverageAttributedRatio-ip-app-os-cha": 37,
          "AverageAttributedRatio-dev-os-cha": 154,
          "AverageAttributedRatio-ip-dev-os-cha": 28,
          "AverageAttributedRatio-app-dev-os-cha": 272,
          "AverageAttributedRatio-ip-app-dev-os-cha": 31,
          "PastClickCount_600-ip": 347,
          "PastClickCount_600-app": 188,
          "PastClickCount_600-ip-app": 93,
          "PastClickCount_600-dev": 103,
          "PastClickCount_600-ip-dev": 314,
          "PastClickCount_600-app-dev": 192,
          "PastClickCount_600-ip-app-dev": 83,
          "PastClickCount_600-os": 113,
          "PastClickCount_600-ip-os": 215,
          "PastClickCount_600-app-os": 152,
          "PastClickCount_600-ip-app-os": 56,
          "PastClickCount_600-dev-os": 293,
          "PastClickCount_600-ip-dev-os": 195,
          "PastClickCount_600-app-dev-os": 259,
          "PastClickCount_600-ip-app-dev-os": 44,
          "PastClickCount_600-cha": 189,
          "PastClickCount_600-ip-cha": 59,
          "PastClickCount_600-app-cha": 282,
          "PastClickCount_600-ip-app-cha": 39,
          "PastClickCount_600-dev-cha": 145,
          "PastClickCount_600-ip-dev-cha": 49,
          "PastClickCount_600-app-dev-cha": 154,
          "PastClickCount_600-ip-app-dev-cha": 38,
          "PastClickCount_600-os-cha": 121,
          "PastClickCount_600-ip-os-cha": 42,
          "PastClickCount_600-app-os-cha": 150,
          "PastClickCount_600-ip-app-os-cha": 18,
          "PastClickCount_600-dev-os-cha": 140,
          "PastClickCount_600-ip-dev-os-cha": 34,
          "PastClickCount_600-app-dev-os-cha": 139,
          "PastClickCount_600-ip-app-dev-os-cha": 19,
          "KomakiLDA5NoDevice-ip-app-0": 816,
          "KomakiLDA5NoDevice-ip-app-1": 687,
          "KomakiLDA5NoDevice-ip-app-2": 509,
          "KomakiLDA5NoDevice-ip-app-3": 454,
          "KomakiLDA5NoDevice-ip-app-4": 367,
          "KomakiLDA5NoDevice-ip-os-0": 411,
          "KomakiLDA5NoDevice-ip-os-1": 510,
          "KomakiLDA5NoDevice-ip-os-2": 547,
          "KomakiLDA5NoDevice-ip-os-3": 407,
          "KomakiLDA5NoDevice-ip-os-4": 317,
          "KomakiLDA5NoDevice-ip-channel-0": 416,
          "KomakiLDA5NoDevice-ip-channel-1": 607,
          "KomakiLDA5NoDevice-ip-channel-2": 515,
          "KomakiLDA5NoDevice-ip-channel-3": 611,
          "KomakiLDA5NoDevice-ip-channel-4": 624,
          "KomakiLDA5NoDevice-app-ip-0": 308,
          "KomakiLDA5NoDevice-app-ip-1": 218,
          "KomakiLDA5NoDevice-app-ip-2": 218,
          "KomakiLDA5NoDevice-app-ip-3": 266,
          "KomakiLDA5NoDevice-app-ip-4": 169,
          "KomakiLDA5NoDevice-app-os-0": 177,
          "KomakiLDA5NoDevice-app-os-1": 243,
          "KomakiLDA5NoDevice-app-os-2": 175,
          "KomakiLDA5NoDevice-app-os-3": 137,
          "KomakiLDA5NoDevice-app-os-4": 284,
          "KomakiLDA5NoDevice-app-channel-0": 150,
          "KomakiLDA5NoDevice-app-channel-1": 208,
          "KomakiLDA5NoDevice-app-channel-2": 188,
          "KomakiLDA5NoDevice-app-channel-3": 203,
          "KomakiLDA5NoDevice-app-channel-4": 121,
          "KomakiLDA5NoDevice-os-ip-0": 224,
          "KomakiLDA5NoDevice-os-ip-1": 166,
          "KomakiLDA5NoDevice-os-ip-2": 154,
          "KomakiLDA5NoDevice-os-ip-3": 141,
          "KomakiLDA5NoDevice-os-ip-4": 142,
          "KomakiLDA5NoDevice-os-app-0": 216,
          "KomakiLDA5NoDevice-os-app-1": 235,
          "KomakiLDA5NoDevice-os-app-2": 143,
          "KomakiLDA5NoDevice-os-app-3": 152,
          "KomakiLDA5NoDevice-os-app-4": 128,
          "KomakiLDA5NoDevice-os-channel-0": 247,
          "KomakiLDA5NoDevice-os-channel-1": 117,
          "KomakiLDA5NoDevice-os-channel-2": 173,
          "KomakiLDA5NoDevice-os-channel-3": 213,
          "KomakiLDA5NoDevice-os-channel-4": 171,
          "KomakiLDA5NoDevice-channel-ip-0": 163,
          "KomakiLDA5NoDevice-channel-ip-1": 177,
          "KomakiLDA5NoDevice-channel-ip-2": 168,
          "KomakiLDA5NoDevice-channel-ip-3": 200,
          "KomakiLDA5NoDevice-channel-ip-4": 188,
          "KomakiLDA5NoDevice-channel-app-0": 209,
          "KomakiLDA5NoDevice-channel-app-1": 130,
          "KomakiLDA5NoDevice-channel-app-2": 175,
          "KomakiLDA5NoDevice-channel-app-3": 137,
          "KomakiLDA5NoDevice-channel-app-4": 150,
          "KomakiLDA5NoDevice-channel-os-0": 171,
          "KomakiLDA5NoDevice-channel-os-1": 220,
          "KomakiLDA5NoDevice-channel-os-2": 179,
          "KomakiLDA5NoDevice-channel-os-3": 198,
          "KomakiLDA5NoDevice-channel-os-4": 126
        }
      }
    ],
    "average_train_auc": 0.9909743343539725,
    "average_valid_auc": 0.9835826793126502,
    "train_auc_std": 0.0006784527976707573,
    "valid_auc_std": 0.00010279382382042735,
    "average_train_time": 211.88987097740173
  },
  "config": {
    "features": [
      "ip",
      "os",
      "app",
      "channel",
      "hour",
      "count",
      "future_click_count_10",
      "future_click_count_80",
      "next_click_time_delta",
      "prev_click_time_delta",
      "average_attributed_ratio",
      "komaki_lda_5_no_device",
      "past_click_count_10"
    ],
    "model": {
      "name": "lightgbm",
      "model_params": {
        "boosting_type": "gbdt",
        "objective": "binary",
        "metric": "auc",
        "learning_rate": 0.03,
        "num_leaves": 255,
        "max_depth": 8,
        "min_child_samples": 10,
        "max_bin": 100,
        "subsample": 0.7,
        "subsample_freq": 1,
        "colsample_bytree": 0.7,
        "min_child_weight": 0,
        "subsample_for_bin": 200000,
        "min_split_gain": 0,
        "reg_alpha": 0,
        "reg_lambda": 0,
        "verbose": 0
      },
      "train_params": {
        "num_boost_round": 1000,
        "early_stopping_rounds": 30
      }
    },
    "dataset": {
      "input_directory": "data/input/",
      "cache_directory": "data/working/",
      "validation_ratio": 0.33333333333,
      "full_data_train": true,
      "files": {
        "train": "train.feather",
        "test": "old_test.feather"
      },
      "negative_down_sampling": {
        "enabled": true,
        "bagging_size": 5,
        "random_state": 114514
      }
    },
    "note": "29 + past click"
  }
}