{
  "training": {
    "trials": [
      {
        "train_auc": 0.9892494576240243,
        "valid_auc": 0.9859094016468309,
        "best_iteration": 168,
        "train_time": 1315.5418305397034,
        "prediction_time": {
          "test": 202.29312682151794,
          "valid": 4.76837158203125e-07
        },
        "feature_importance": {
          "ip": 954,
          "os": 484,
          "app": 593,
          "channel": 877,
          "device": 92,
          "hour": 713,
          "n_channels": 530,
          "ip_app_count": 550,
          "ip_app_os_count": 342,
          "FutureClickCount_600-ip": 261,
          "FutureClickCount_600-app": 232,
          "FutureClickCount_600-ip-app": 60,
          "FutureClickCount_600-dev": 82,
          "FutureClickCount_600-ip-dev": 168,
          "FutureClickCount_600-app-dev": 222,
          "FutureClickCount_600-ip-app-dev": 49,
          "FutureClickCount_600-os": 187,
          "FutureClickCount_600-ip-os": 85,
          "FutureClickCount_600-app-os": 149,
          "FutureClickCount_600-ip-app-os": 52,
          "FutureClickCount_600-dev-os": 298,
          "FutureClickCount_600-ip-dev-os": 93,
          "FutureClickCount_600-app-dev-os": 203,
          "FutureClickCount_600-ip-app-dev-os": 96,
          "FutureClickCount_600-cha": 187,
          "FutureClickCount_600-ip-cha": 23,
          "FutureClickCount_600-app-cha": 231,
          "FutureClickCount_600-ip-app-cha": 25,
          "FutureClickCount_600-dev-cha": 141,
          "FutureClickCount_600-ip-dev-cha": 24,
          "FutureClickCount_600-app-dev-cha": 141,
          "FutureClickCount_600-ip-app-dev-cha": 11,
          "FutureClickCount_600-os-cha": 87,
          "FutureClickCount_600-ip-os-cha": 9,
          "FutureClickCount_600-app-os-cha": 124,
          "FutureClickCount_600-ip-app-os-cha": 11,
          "FutureClickCount_600-dev-os-cha": 130,
          "FutureClickCount_600-ip-dev-os-cha": 19,
          "FutureClickCount_600-app-dev-os-cha": 111,
          "FutureClickCount_600-ip-app-dev-os-cha": 22,
          "FutureClickCount_4800-ip": 489,
          "FutureClickCount_4800-app": 131,
          "FutureClickCount_4800-ip-app": 88,
          "FutureClickCount_4800-dev": 43,
          "FutureClickCount_4800-ip-dev": 409,
          "FutureClickCount_4800-app-dev": 118,
          "FutureClickCount_4800-ip-app-dev": 94,
          "FutureClickCount_4800-os": 113,
          "FutureClickCount_4800-ip-os": 183,
          "FutureClickCount_4800-app-os": 166,
          "FutureClickCount_4800-ip-app-os": 51,
          "FutureClickCount_4800-dev-os": 111,
          "FutureClickCount_4800-ip-dev-os": 208,
          "FutureClickCount_4800-app-dev-os": 195,
          "FutureClickCount_4800-ip-app-dev-os": 107,
          "FutureClickCount_4800-cha": 157,
          "FutureClickCount_4800-ip-cha": 77,
          "FutureClickCount_4800-app-cha": 227,
          "FutureClickCount_4800-ip-app-cha": 46,
          "FutureClickCount_4800-dev-cha": 122,
          "FutureClickCount_4800-ip-dev-cha": 61,
          "FutureClickCount_4800-app-dev-cha": 148,
          "FutureClickCount_4800-ip-app-dev-cha": 55,
          "FutureClickCount_4800-os-cha": 121,
          "FutureClickCount_4800-ip-os-cha": 25,
          "FutureClickCount_4800-app-os-cha": 119,
          "FutureClickCount_4800-ip-app-os-cha": 15,
          "FutureClickCount_4800-dev-os-cha": 145,
          "FutureClickCount_4800-ip-dev-os-cha": 35,
          "FutureClickCount_4800-app-dev-os-cha": 114,
          "FutureClickCount_4800-ip-app-dev-os-cha": 19,
          "NextClickTimeDelta-ip": 225,
          "NextClickTimeDelta-app": 26,
          "NextClickTimeDelta-ip-app": 257,
          "NextClickTimeDelta-dev": 15,
          "NextClickTimeDelta-ip-dev": 157,
          "NextClickTimeDelta-app-dev": 31,
          "NextClickTimeDelta-ip-app-dev": 199,
          "NextClickTimeDelta-os": 21,
          "NextClickTimeDelta-ip-os": 224,
          "NextClickTimeDelta-app-os": 73,
          "NextClickTimeDelta-ip-app-os": 420,
          "NextClickTimeDelta-dev-os": 26,
          "NextClickTimeDelta-ip-dev-os": 145,
          "NextClickTimeDelta-app-dev-os": 67,
          "NextClickTimeDelta-ip-app-dev-os": 689,
          "NextClickTimeDelta-cha": 33,
          "NextClickTimeDelta-ip-cha": 146,
          "NextClickTimeDelta-app-cha": 55,
          "NextClickTimeDelta-ip-app-cha": 126,
          "NextClickTimeDelta-dev-cha": 32,
          "NextClickTimeDelta-ip-dev-cha": 150,
          "NextClickTimeDelta-app-dev-cha": 59,
          "NextClickTimeDelta-ip-app-dev-cha": 116,
          "NextClickTimeDelta-os-cha": 91,
          "NextClickTimeDelta-ip-os-cha": 107,
          "NextClickTimeDelta-app-os-cha": 106,
          "NextClickTimeDelta-ip-app-os-cha": 160,
          "NextClickTimeDelta-dev-os-cha": 98,
          "NextClickTimeDelta-ip-dev-os-cha": 128,
          "NextClickTimeDelta-app-dev-os-cha": 89,
          "NextClickTimeDelta-ip-app-dev-os-cha": 180,
          "PrevClickTimeDelta-ip": 259,
          "PrevClickTimeDelta-app": 34,
          "PrevClickTimeDelta-ip-app": 126,
          "PrevClickTimeDelta-dev": 28,
          "PrevClickTimeDelta-ip-dev": 138,
          "PrevClickTimeDelta-app-dev": 47,
          "PrevClickTimeDelta-ip-app-dev": 110,
          "PrevClickTimeDelta-os": 17,
          "PrevClickTimeDelta-ip-os": 172,
          "PrevClickTimeDelta-app-os": 69,
          "PrevClickTimeDelta-ip-app-os": 124,
          "PrevClickTimeDelta-dev-os": 39,
          "PrevClickTimeDelta-ip-dev-os": 122,
          "PrevClickTimeDelta-app-dev-os": 58,
          "PrevClickTimeDelta-ip-app-dev-os": 89,
          "PrevClickTimeDelta-cha": 33,
          "PrevClickTimeDelta-ip-cha": 145,
          "PrevClickTimeDelta-app-cha": 47,
          "PrevClickTimeDelta-ip-app-cha": 102,
          "PrevClickTimeDelta-dev-cha": 36,
          "PrevClickTimeDelta-ip-dev-cha": 153,
          "PrevClickTimeDelta-app-dev-cha": 33,
          "PrevClickTimeDelta-ip-app-dev-cha": 89,
          "PrevClickTimeDelta-os-cha": 78,
          "PrevClickTimeDelta-ip-os-cha": 102,
          "PrevClickTimeDelta-app-os-cha": 75,
          "PrevClickTimeDelta-ip-app-os-cha": 77,
          "PrevClickTimeDelta-dev-os-cha": 86,
          "PrevClickTimeDelta-ip-dev-os-cha": 63,
          "PrevClickTimeDelta-app-dev-os-cha": 78,
          "PrevClickTimeDelta-ip-app-dev-os-cha": 78
        }
      }
    ],
    "average_train_auc": 0.9892494576240243,
    "average_valid_auc": 0.9859094016468309,
    "train_auc_std": 0.0,
    "valid_auc_std": 0.0,
    "average_train_time": 1315.5418305397034
  },
  "config": {
    "features": [
      "ip",
      "os",
      "app",
      "channel",
      "device",
      "hour",
      "count",
      "future_click_count_10",
      "future_click_count_80",
      "next_click_time_delta",
      "prev_click_time_delta"
    ],
    "model": {
      "name": "lightgbm",
      "model_params": {
        "boosting_type": "gbdt",
        "objective": "binary",
        "metric": "auc",
        "learning_rate": 0.1,
        "num_leaves": 255,
        "max_depth": 8,
        "min_child_samples": 100,
        "max_bin": 100,
        "subsample": 0.7,
        "subsample_freq": 1,
        "colsample_bytree": 0.7,
        "min_child_weight": 0,
        "subsample_for_bin": 200000,
        "min_split_gain": 0,
        "reg_alpha": 0,
        "reg_lambda": 0,
        "verbose": 0
      },
      "train_params": {
        "num_boost_round": 350,
        "early_stopping_rounds": 30
      }
    },
    "dataset": {
      "input_directory": "data/input/",
      "cache_directory": "data/working/",
      "files": {
        "train": "train_0.feather",
        "valid": "valid_0.feather",
        "test_full": "old_test.feather",
        "test_submission": "test.feather"
      },
      "negative_down_sampling": {
        "enabled": true,
        "bagging_size": 1,
        "random_state": 114514
      }
    }
  }
}