{
  "training": {
    "trials": [
      {
        "train_auc": 0.9947945485187694,
        "valid_auc": 0.9848929405843,
        "best_iteration": 716,
        "train_time": 454.45270133018494,
        "feature_importance": {
          "app": 3803,
          "hour": 4321,
          "n_channels": 1134,
          "ip_app_count": 1302,
          "ip_app_os_count": 1271,
          "FutureClickCount_600-ip": 759,
          "FutureClickCount_600-app": 677,
          "FutureClickCount_600-ip-app": 275,
          "FutureClickCount_600-dev": 340,
          "FutureClickCount_600-ip-dev": 657,
          "FutureClickCount_600-app-dev": 494,
          "FutureClickCount_600-ip-app-dev": 209,
          "FutureClickCount_600-os": 389,
          "FutureClickCount_600-ip-os": 505,
          "FutureClickCount_600-app-os": 548,
          "FutureClickCount_600-ip-app-os": 264,
          "FutureClickCount_600-dev-os": 673,
          "FutureClickCount_600-ip-dev-os": 527,
          "FutureClickCount_600-app-dev-os": 696,
          "FutureClickCount_600-ip-app-dev-os": 370,
          "FutureClickCount_600-cha": 587,
          "FutureClickCount_600-ip-cha": 176,
          "FutureClickCount_600-app-cha": 771,
          "FutureClickCount_600-ip-app-cha": 128,
          "FutureClickCount_600-dev-cha": 474,
          "FutureClickCount_600-ip-dev-cha": 173,
          "FutureClickCount_600-app-dev-cha": 521,
          "FutureClickCount_600-ip-app-dev-cha": 111,
          "FutureClickCount_600-os-cha": 439,
          "FutureClickCount_600-ip-os-cha": 108,
          "FutureClickCount_600-app-os-cha": 474,
          "FutureClickCount_600-ip-app-os-cha": 111,
          "FutureClickCount_600-dev-os-cha": 473,
          "FutureClickCount_600-ip-dev-os-cha": 93,
          "FutureClickCount_600-app-dev-os-cha": 418,
          "FutureClickCount_600-ip-app-dev-os-cha": 115,
          "FutureClickCount_4800-ip": 1067,
          "FutureClickCount_4800-app": 396,
          "FutureClickCount_4800-ip-app": 401,
          "FutureClickCount_4800-dev": 111,
          "FutureClickCount_4800-ip-dev": 1289,
          "FutureClickCount_4800-app-dev": 242,
          "FutureClickCount_4800-ip-app-dev": 367,
          "FutureClickCount_4800-os": 189,
          "FutureClickCount_4800-ip-os": 795,
          "FutureClickCount_4800-app-os": 469,
          "FutureClickCount_4800-ip-app-os": 375,
          "FutureClickCount_4800-dev-os": 267,
          "FutureClickCount_4800-ip-dev-os": 877,
          "FutureClickCount_4800-app-dev-os": 568,
          "FutureClickCount_4800-ip-app-dev-os": 453,
          "FutureClickCount_4800-cha": 402,
          "FutureClickCount_4800-ip-cha": 271,
          "FutureClickCount_4800-app-cha": 671,
          "FutureClickCount_4800-ip-app-cha": 248,
          "FutureClickCount_4800-dev-cha": 298,
          "FutureClickCount_4800-ip-dev-cha": 262,
          "FutureClickCount_4800-app-dev-cha": 416,
          "FutureClickCount_4800-ip-app-dev-cha": 207,
          "FutureClickCount_4800-os-cha": 418,
          "FutureClickCount_4800-ip-os-cha": 149,
          "FutureClickCount_4800-app-os-cha": 462,
          "FutureClickCount_4800-ip-app-os-cha": 152,
          "FutureClickCount_4800-dev-os-cha": 430,
          "FutureClickCount_4800-ip-dev-os-cha": 135,
          "FutureClickCount_4800-app-dev-os-cha": 428,
          "FutureClickCount_4800-ip-app-dev-os-cha": 126,
          "NextClickTimeDelta-ip": 954,
          "NextClickTimeDelta-app": 146,
          "NextClickTimeDelta-ip-app": 1159,
          "NextClickTimeDelta-dev": 92,
          "NextClickTimeDelta-ip-dev": 630,
          "NextClickTimeDelta-app-dev": 155,
          "NextClickTimeDelta-ip-app-dev": 778,
          "NextClickTimeDelta-os": 151,
          "NextClickTimeDelta-ip-os": 803,
          "NextClickTimeDelta-app-os": 315,
          "NextClickTimeDelta-ip-app-os": 1696,
          "NextClickTimeDelta-dev-os": 112,
          "NextClickTimeDelta-ip-dev-os": 519,
          "NextClickTimeDelta-app-dev-os": 217,
          "NextClickTimeDelta-ip-app-dev-os": 2617,
          "NextClickTimeDelta-cha": 170,
          "NextClickTimeDelta-ip-cha": 720,
          "NextClickTimeDelta-app-cha": 248,
          "NextClickTimeDelta-ip-app-cha": 588,
          "NextClickTimeDelta-dev-cha": 177,
          "NextClickTimeDelta-ip-dev-cha": 523,
          "NextClickTimeDelta-app-dev-cha": 161,
          "NextClickTimeDelta-ip-app-dev-cha": 437,
          "NextClickTimeDelta-os-cha": 395,
          "NextClickTimeDelta-ip-os-cha": 491,
          "NextClickTimeDelta-app-os-cha": 355,
          "NextClickTimeDelta-ip-app-os-cha": 610,
          "NextClickTimeDelta-dev-os-cha": 275,
          "NextClickTimeDelta-ip-dev-os-cha": 398,
          "NextClickTimeDelta-app-dev-os-cha": 292,
          "NextClickTimeDelta-ip-app-dev-os-cha": 605,
          "PrevClickTimeDelta-ip": 808,
          "PrevClickTimeDelta-app": 191,
          "PrevClickTimeDelta-ip-app": 616,
          "PrevClickTimeDelta-dev": 106,
          "PrevClickTimeDelta-ip-dev": 544,
          "PrevClickTimeDelta-app-dev": 144,
          "PrevClickTimeDelta-ip-app-dev": 445,
          "PrevClickTimeDelta-os": 169,
          "PrevClickTimeDelta-ip-os": 657,
          "PrevClickTimeDelta-app-os": 256,
          "PrevClickTimeDelta-ip-app-os": 514,
          "PrevClickTimeDelta-dev-os": 124,
          "PrevClickTimeDelta-ip-dev-os": 429,
          "PrevClickTimeDelta-app-dev-os": 207,
          "PrevClickTimeDelta-ip-app-dev-os": 467,
          "PrevClickTimeDelta-cha": 142,
          "PrevClickTimeDelta-ip-cha": 567,
          "PrevClickTimeDelta-app-cha": 249,
          "PrevClickTimeDelta-ip-app-cha": 407,
          "PrevClickTimeDelta-dev-cha": 154,
          "PrevClickTimeDelta-ip-dev-cha": 361,
          "PrevClickTimeDelta-app-dev-cha": 174,
          "PrevClickTimeDelta-ip-app-dev-cha": 338,
          "PrevClickTimeDelta-os-cha": 341,
          "PrevClickTimeDelta-ip-os-cha": 379,
          "PrevClickTimeDelta-app-os-cha": 329,
          "PrevClickTimeDelta-ip-app-os-cha": 320,
          "PrevClickTimeDelta-dev-os-cha": 269,
          "PrevClickTimeDelta-ip-dev-os-cha": 270,
          "PrevClickTimeDelta-app-dev-os-cha": 301,
          "PrevClickTimeDelta-ip-app-dev-os-cha": 214,
          "AverageAttributedRatio-ip": 600,
          "AverageAttributedRatio-app": 531,
          "AverageAttributedRatio-ip-app": 405,
          "AverageAttributedRatio-dev": 873,
          "AverageAttributedRatio-ip-dev": 583,
          "AverageAttributedRatio-app-dev": 382,
          "AverageAttributedRatio-ip-app-dev": 487,
          "AverageAttributedRatio-os": 599,
          "AverageAttributedRatio-ip-os": 374,
          "AverageAttributedRatio-app-os": 438,
          "AverageAttributedRatio-ip-app-os": 156,
          "AverageAttributedRatio-dev-os": 507,
          "AverageAttributedRatio-ip-dev-os": 379,
          "AverageAttributedRatio-app-dev-os": 455,
          "AverageAttributedRatio-ip-app-dev-os": 125,
          "AverageAttributedRatio-cha": 428,
          "AverageAttributedRatio-ip-cha": 182,
          "AverageAttributedRatio-app-cha": 469,
          "AverageAttributedRatio-ip-app-cha": 153,
          "AverageAttributedRatio-dev-cha": 296,
          "AverageAttributedRatio-ip-dev-cha": 149,
          "AverageAttributedRatio-app-dev-cha": 359,
          "AverageAttributedRatio-ip-app-dev-cha": 166,
          "AverageAttributedRatio-os-cha": 434,
          "AverageAttributedRatio-ip-os-cha": 123,
          "AverageAttributedRatio-app-os-cha": 554,
          "AverageAttributedRatio-ip-app-os-cha": 93,
          "AverageAttributedRatio-dev-os-cha": 386,
          "AverageAttributedRatio-ip-dev-os-cha": 116,
          "AverageAttributedRatio-app-dev-os-cha": 485,
          "AverageAttributedRatio-ip-app-dev-os-cha": 68,
          "KomakiLDA5NoDevice-ip-app-0": 1576,
          "KomakiLDA5NoDevice-ip-app-1": 1387,
          "KomakiLDA5NoDevice-ip-app-2": 1544,
          "KomakiLDA5NoDevice-ip-app-3": 1013,
          "KomakiLDA5NoDevice-ip-app-4": 851,
          "KomakiLDA5NoDevice-ip-os-0": 1345,
          "KomakiLDA5NoDevice-ip-os-1": 1344,
          "KomakiLDA5NoDevice-ip-os-2": 924,
          "KomakiLDA5NoDevice-ip-os-3": 1105,
          "KomakiLDA5NoDevice-ip-os-4": 1190,
          "KomakiLDA5NoDevice-ip-channel-0": 1279,
          "KomakiLDA5NoDevice-ip-channel-1": 1066,
          "KomakiLDA5NoDevice-ip-channel-2": 1350,
          "KomakiLDA5NoDevice-ip-channel-3": 1432,
          "KomakiLDA5NoDevice-ip-channel-4": 1473,
          "KomakiLDA5NoDevice-app-ip-0": 345,
          "KomakiLDA5NoDevice-app-ip-1": 308,
          "KomakiLDA5NoDevice-app-ip-2": 269,
          "KomakiLDA5NoDevice-app-ip-3": 263,
          "KomakiLDA5NoDevice-app-ip-4": 205,
          "KomakiLDA5NoDevice-app-os-0": 183,
          "KomakiLDA5NoDevice-app-os-1": 303,
          "KomakiLDA5NoDevice-app-os-2": 183,
          "KomakiLDA5NoDevice-app-os-3": 172,
          "KomakiLDA5NoDevice-app-os-4": 224,
          "KomakiLDA5NoDevice-app-channel-0": 197,
          "KomakiLDA5NoDevice-app-channel-1": 203,
          "KomakiLDA5NoDevice-app-channel-2": 288,
          "KomakiLDA5NoDevice-app-channel-3": 232,
          "KomakiLDA5NoDevice-app-channel-4": 148,
          "KomakiLDA5NoDevice-os-ip-0": 501,
          "KomakiLDA5NoDevice-os-ip-1": 315,
          "KomakiLDA5NoDevice-os-ip-2": 296,
          "KomakiLDA5NoDevice-os-ip-3": 238,
          "KomakiLDA5NoDevice-os-ip-4": 243,
          "KomakiLDA5NoDevice-os-app-0": 367,
          "KomakiLDA5NoDevice-os-app-1": 465,
          "KomakiLDA5NoDevice-os-app-2": 205,
          "KomakiLDA5NoDevice-os-app-3": 337,
          "KomakiLDA5NoDevice-os-app-4": 202,
          "KomakiLDA5NoDevice-os-channel-0": 402,
          "KomakiLDA5NoDevice-os-channel-1": 233,
          "KomakiLDA5NoDevice-os-channel-2": 301,
          "KomakiLDA5NoDevice-os-channel-3": 324,
          "KomakiLDA5NoDevice-os-channel-4": 213,
          "KomakiLDA5NoDevice-channel-ip-0": 362,
          "KomakiLDA5NoDevice-channel-ip-1": 386,
          "KomakiLDA5NoDevice-channel-ip-2": 367,
          "KomakiLDA5NoDevice-channel-ip-3": 416,
          "KomakiLDA5NoDevice-channel-ip-4": 335,
          "KomakiLDA5NoDevice-channel-app-0": 358,
          "KomakiLDA5NoDevice-channel-app-1": 308,
          "KomakiLDA5NoDevice-channel-app-2": 360,
          "KomakiLDA5NoDevice-channel-app-3": 323,
          "KomakiLDA5NoDevice-channel-app-4": 316,
          "KomakiLDA5NoDevice-channel-os-0": 406,
          "KomakiLDA5NoDevice-channel-os-1": 376,
          "KomakiLDA5NoDevice-channel-os-2": 408,
          "KomakiLDA5NoDevice-channel-os-3": 324,
          "KomakiLDA5NoDevice-channel-os-4": 359,
          "KomakiPCA5NoDevice-ip-app-0": 1392,
          "KomakiPCA5NoDevice-ip-app-1": 1626,
          "KomakiPCA5NoDevice-ip-app-2": 1323,
          "KomakiPCA5NoDevice-ip-app-3": 896,
          "KomakiPCA5NoDevice-ip-app-4": 1275,
          "KomakiPCA5NoDevice-ip-os-0": 1597,
          "KomakiPCA5NoDevice-ip-os-1": 1413,
          "KomakiPCA5NoDevice-ip-os-2": 1004,
          "KomakiPCA5NoDevice-ip-os-3": 1102,
          "KomakiPCA5NoDevice-ip-os-4": 1208,
          "KomakiPCA5NoDevice-ip-channel-0": 1645,
          "KomakiPCA5NoDevice-ip-channel-1": 1366,
          "KomakiPCA5NoDevice-ip-channel-2": 1226,
          "KomakiPCA5NoDevice-ip-channel-3": 1152,
          "KomakiPCA5NoDevice-ip-channel-4": 1265,
          "KomakiPCA5NoDevice-app-ip-0": 181,
          "KomakiPCA5NoDevice-app-ip-1": 169,
          "KomakiPCA5NoDevice-app-ip-2": 169,
          "KomakiPCA5NoDevice-app-ip-3": 227,
          "KomakiPCA5NoDevice-app-ip-4": 141,
          "KomakiPCA5NoDevice-app-os-0": 239,
          "KomakiPCA5NoDevice-app-os-1": 141,
          "KomakiPCA5NoDevice-app-os-2": 153,
          "KomakiPCA5NoDevice-app-os-3": 200,
          "KomakiPCA5NoDevice-app-os-4": 166,
          "KomakiPCA5NoDevice-app-channel-0": 192,
          "KomakiPCA5NoDevice-app-channel-1": 254,
          "KomakiPCA5NoDevice-app-channel-2": 183,
          "KomakiPCA5NoDevice-app-channel-3": 192,
          "KomakiPCA5NoDevice-app-channel-4": 239,
          "KomakiPCA5NoDevice-os-ip-0": 241,
          "KomakiPCA5NoDevice-os-ip-1": 224,
          "KomakiPCA5NoDevice-os-ip-2": 229,
          "KomakiPCA5NoDevice-os-ip-3": 230,
          "KomakiPCA5NoDevice-os-ip-4": 265,
          "KomakiPCA5NoDevice-os-app-0": 253,
          "KomakiPCA5NoDevice-os-app-1": 187,
          "KomakiPCA5NoDevice-os-app-2": 180,
          "KomakiPCA5NoDevice-os-app-3": 329,
          "KomakiPCA5NoDevice-os-app-4": 274,
          "KomakiPCA5NoDevice-os-channel-0": 257,
          "KomakiPCA5NoDevice-os-channel-1": 353,
          "KomakiPCA5NoDevice-os-channel-2": 215,
          "KomakiPCA5NoDevice-os-channel-3": 222,
          "KomakiPCA5NoDevice-os-channel-4": 224,
          "KomakiPCA5NoDevice-channel-ip-0": 407,
          "KomakiPCA5NoDevice-channel-ip-1": 338,
          "KomakiPCA5NoDevice-channel-ip-2": 408,
          "KomakiPCA5NoDevice-channel-ip-3": 368,
          "KomakiPCA5NoDevice-channel-ip-4": 440,
          "KomakiPCA5NoDevice-channel-app-0": 344,
          "KomakiPCA5NoDevice-channel-app-1": 259,
          "KomakiPCA5NoDevice-channel-app-2": 304,
          "KomakiPCA5NoDevice-channel-app-3": 283,
          "KomakiPCA5NoDevice-channel-app-4": 293,
          "KomakiPCA5NoDevice-channel-os-0": 335,
          "KomakiPCA5NoDevice-channel-os-1": 349,
          "KomakiPCA5NoDevice-channel-os-2": 331,
          "KomakiPCA5NoDevice-channel-os-3": 319,
          "KomakiPCA5NoDevice-channel-os-4": 368
        }
      },
      {
        "train_auc": 0.9947476186786578,
        "valid_auc": 0.9848443339239448,
        "best_iteration": 690,
        "train_time": 443.26217913627625,
        "feature_importance": {
          "app": 3752,
          "hour": 4240,
          "n_channels": 1121,
          "ip_app_count": 1292,
          "ip_app_os_count": 1258,
          "FutureClickCount_600-ip": 738,
          "FutureClickCount_600-app": 639,
          "FutureClickCount_600-ip-app": 272,
          "FutureClickCount_600-dev": 296,
          "FutureClickCount_600-ip-dev": 692,
          "FutureClickCount_600-app-dev": 528,
          "FutureClickCount_600-ip-app-dev": 222,
          "FutureClickCount_600-os": 403,
          "FutureClickCount_600-ip-os": 489,
          "FutureClickCount_600-app-os": 552,
          "FutureClickCount_600-ip-app-os": 280,
          "FutureClickCount_600-dev-os": 650,
          "FutureClickCount_600-ip-dev-os": 465,
          "FutureClickCount_600-app-dev-os": 669,
          "FutureClickCount_600-ip-app-dev-os": 374,
          "FutureClickCount_600-cha": 639,
          "FutureClickCount_600-ip-cha": 179,
          "FutureClickCount_600-app-cha": 731,
          "FutureClickCount_600-ip-app-cha": 148,
          "FutureClickCount_600-dev-cha": 411,
          "FutureClickCount_600-ip-dev-cha": 146,
          "FutureClickCount_600-app-dev-cha": 484,
          "FutureClickCount_600-ip-app-dev-cha": 137,
          "FutureClickCount_600-os-cha": 410,
          "FutureClickCount_600-ip-os-cha": 106,
          "FutureClickCount_600-app-os-cha": 442,
          "FutureClickCount_600-ip-app-os-cha": 95,
          "FutureClickCount_600-dev-os-cha": 398,
          "FutureClickCount_600-ip-dev-os-cha": 89,
          "FutureClickCount_600-app-dev-os-cha": 419,
          "FutureClickCount_600-ip-app-dev-os-cha": 88,
          "FutureClickCount_4800-ip": 1048,
          "FutureClickCount_4800-app": 396,
          "FutureClickCount_4800-ip-app": 443,
          "FutureClickCount_4800-dev": 94,
          "FutureClickCount_4800-ip-dev": 1219,
          "FutureClickCount_4800-app-dev": 250,
          "FutureClickCount_4800-ip-app-dev": 367,
          "FutureClickCount_4800-os": 196,
          "FutureClickCount_4800-ip-os": 755,
          "FutureClickCount_4800-app-os": 436,
          "FutureClickCount_4800-ip-app-os": 338,
          "FutureClickCount_4800-dev-os": 264,
          "FutureClickCount_4800-ip-dev-os": 824,
          "FutureClickCount_4800-app-dev-os": 556,
          "FutureClickCount_4800-ip-app-dev-os": 465,
          "FutureClickCount_4800-cha": 373,
          "FutureClickCount_4800-ip-cha": 262,
          "FutureClickCount_4800-app-cha": 672,
          "FutureClickCount_4800-ip-app-cha": 216,
          "FutureClickCount_4800-dev-cha": 281,
          "FutureClickCount_4800-ip-dev-cha": 248,
          "FutureClickCount_4800-app-dev-cha": 369,
          "FutureClickCount_4800-ip-app-dev-cha": 178,
          "FutureClickCount_4800-os-cha": 426,
          "FutureClickCount_4800-ip-os-cha": 152,
          "FutureClickCount_4800-app-os-cha": 414,
          "FutureClickCount_4800-ip-app-os-cha": 174,
          "FutureClickCount_4800-dev-os-cha": 382,
          "FutureClickCount_4800-ip-dev-os-cha": 117,
          "FutureClickCount_4800-app-dev-os-cha": 438,
          "FutureClickCount_4800-ip-app-dev-os-cha": 143,
          "NextClickTimeDelta-ip": 890,
          "NextClickTimeDelta-app": 152,
          "NextClickTimeDelta-ip-app": 1135,
          "NextClickTimeDelta-dev": 68,
          "NextClickTimeDelta-ip-dev": 619,
          "NextClickTimeDelta-app-dev": 113,
          "NextClickTimeDelta-ip-app-dev": 693,
          "NextClickTimeDelta-os": 122,
          "NextClickTimeDelta-ip-os": 744,
          "NextClickTimeDelta-app-os": 278,
          "NextClickTimeDelta-ip-app-os": 1583,
          "NextClickTimeDelta-dev-os": 125,
          "NextClickTimeDelta-ip-dev-os": 500,
          "NextClickTimeDelta-app-dev-os": 214,
          "NextClickTimeDelta-ip-app-dev-os": 2540,
          "NextClickTimeDelta-cha": 198,
          "NextClickTimeDelta-ip-cha": 687,
          "NextClickTimeDelta-app-cha": 281,
          "NextClickTimeDelta-ip-app-cha": 668,
          "NextClickTimeDelta-dev-cha": 186,
          "NextClickTimeDelta-ip-dev-cha": 524,
          "NextClickTimeDelta-app-dev-cha": 173,
          "NextClickTimeDelta-ip-app-dev-cha": 422,
          "NextClickTimeDelta-os-cha": 359,
          "NextClickTimeDelta-ip-os-cha": 458,
          "NextClickTimeDelta-app-os-cha": 379,
          "NextClickTimeDelta-ip-app-os-cha": 572,
          "NextClickTimeDelta-dev-os-cha": 275,
          "NextClickTimeDelta-ip-dev-os-cha": 360,
          "NextClickTimeDelta-app-dev-os-cha": 305,
          "NextClickTimeDelta-ip-app-dev-os-cha": 581,
          "PrevClickTimeDelta-ip": 842,
          "PrevClickTimeDelta-app": 192,
          "PrevClickTimeDelta-ip-app": 567,
          "PrevClickTimeDelta-dev": 109,
          "PrevClickTimeDelta-ip-dev": 497,
          "PrevClickTimeDelta-app-dev": 163,
          "PrevClickTimeDelta-ip-app-dev": 359,
          "PrevClickTimeDelta-os": 170,
          "PrevClickTimeDelta-ip-os": 672,
          "PrevClickTimeDelta-app-os": 274,
          "PrevClickTimeDelta-ip-app-os": 492,
          "PrevClickTimeDelta-dev-os": 88,
          "PrevClickTimeDelta-ip-dev-os": 396,
          "PrevClickTimeDelta-app-dev-os": 262,
          "PrevClickTimeDelta-ip-app-dev-os": 409,
          "PrevClickTimeDelta-cha": 186,
          "PrevClickTimeDelta-ip-cha": 557,
          "PrevClickTimeDelta-app-cha": 237,
          "PrevClickTimeDelta-ip-app-cha": 427,
          "PrevClickTimeDelta-dev-cha": 154,
          "PrevClickTimeDelta-ip-dev-cha": 356,
          "PrevClickTimeDelta-app-dev-cha": 126,
          "PrevClickTimeDelta-ip-app-dev-cha": 345,
          "PrevClickTimeDelta-os-cha": 357,
          "PrevClickTimeDelta-ip-os-cha": 339,
          "PrevClickTimeDelta-app-os-cha": 321,
          "PrevClickTimeDelta-ip-app-os-cha": 316,
          "PrevClickTimeDelta-dev-os-cha": 281,
          "PrevClickTimeDelta-ip-dev-os-cha": 259,
          "PrevClickTimeDelta-app-dev-os-cha": 281,
          "PrevClickTimeDelta-ip-app-dev-os-cha": 212,
          "AverageAttributedRatio-ip": 585,
          "AverageAttributedRatio-app": 524,
          "AverageAttributedRatio-ip-app": 414,
          "AverageAttributedRatio-dev": 823,
          "AverageAttributedRatio-ip-dev": 529,
          "AverageAttributedRatio-app-dev": 349,
          "AverageAttributedRatio-ip-app-dev": 479,
          "AverageAttributedRatio-os": 540,
          "AverageAttributedRatio-ip-os": 369,
          "AverageAttributedRatio-app-os": 468,
          "AverageAttributedRatio-ip-app-os": 157,
          "AverageAttributedRatio-dev-os": 464,
          "AverageAttributedRatio-ip-dev-os": 342,
          "AverageAttributedRatio-app-dev-os": 508,
          "AverageAttributedRatio-ip-app-dev-os": 130,
          "AverageAttributedRatio-cha": 474,
          "AverageAttributedRatio-ip-cha": 237,
          "AverageAttributedRatio-app-cha": 462,
          "AverageAttributedRatio-ip-app-cha": 153,
          "AverageAttributedRatio-dev-cha": 287,
          "AverageAttributedRatio-ip-dev-cha": 153,
          "AverageAttributedRatio-app-dev-cha": 337,
          "AverageAttributedRatio-ip-app-dev-cha": 178,
          "AverageAttributedRatio-os-cha": 398,
          "AverageAttributedRatio-ip-os-cha": 114,
          "AverageAttributedRatio-app-os-cha": 490,
          "AverageAttributedRatio-ip-app-os-cha": 77,
          "AverageAttributedRatio-dev-os-cha": 371,
          "AverageAttributedRatio-ip-dev-os-cha": 79,
          "AverageAttributedRatio-app-dev-os-cha": 469,
          "AverageAttributedRatio-ip-app-dev-os-cha": 72,
          "KomakiLDA5NoDevice-ip-app-0": 1520,
          "KomakiLDA5NoDevice-ip-app-1": 1450,
          "KomakiLDA5NoDevice-ip-app-2": 1391,
          "KomakiLDA5NoDevice-ip-app-3": 1026,
          "KomakiLDA5NoDevice-ip-app-4": 808,
          "KomakiLDA5NoDevice-ip-os-0": 1332,
          "KomakiLDA5NoDevice-ip-os-1": 1242,
          "KomakiLDA5NoDevice-ip-os-2": 877,
          "KomakiLDA5NoDevice-ip-os-3": 1121,
          "KomakiLDA5NoDevice-ip-os-4": 1151,
          "KomakiLDA5NoDevice-ip-channel-0": 1292,
          "KomakiLDA5NoDevice-ip-channel-1": 1061,
          "KomakiLDA5NoDevice-ip-channel-2": 1209,
          "KomakiLDA5NoDevice-ip-channel-3": 1309,
          "KomakiLDA5NoDevice-ip-channel-4": 1382,
          "KomakiLDA5NoDevice-app-ip-0": 334,
          "KomakiLDA5NoDevice-app-ip-1": 282,
          "KomakiLDA5NoDevice-app-ip-2": 232,
          "KomakiLDA5NoDevice-app-ip-3": 275,
          "KomakiLDA5NoDevice-app-ip-4": 220,
          "KomakiLDA5NoDevice-app-os-0": 196,
          "KomakiLDA5NoDevice-app-os-1": 284,
          "KomakiLDA5NoDevice-app-os-2": 180,
          "KomakiLDA5NoDevice-app-os-3": 166,
          "KomakiLDA5NoDevice-app-os-4": 245,
          "KomakiLDA5NoDevice-app-channel-0": 185,
          "KomakiLDA5NoDevice-app-channel-1": 195,
          "KomakiLDA5NoDevice-app-channel-2": 241,
          "KomakiLDA5NoDevice-app-channel-3": 227,
          "KomakiLDA5NoDevice-app-channel-4": 130,
          "KomakiLDA5NoDevice-os-ip-0": 494,
          "KomakiLDA5NoDevice-os-ip-1": 286,
          "KomakiLDA5NoDevice-os-ip-2": 334,
          "KomakiLDA5NoDevice-os-ip-3": 258,
          "KomakiLDA5NoDevice-os-ip-4": 296,
          "KomakiLDA5NoDevice-os-app-0": 342,
          "KomakiLDA5NoDevice-os-app-1": 381,
          "KomakiLDA5NoDevice-os-app-2": 164,
          "KomakiLDA5NoDevice-os-app-3": 301,
          "KomakiLDA5NoDevice-os-app-4": 204,
          "KomakiLDA5NoDevice-os-channel-0": 348,
          "KomakiLDA5NoDevice-os-channel-1": 219,
          "KomakiLDA5NoDevice-os-channel-2": 280,
          "KomakiLDA5NoDevice-os-channel-3": 330,
          "KomakiLDA5NoDevice-os-channel-4": 249,
          "KomakiLDA5NoDevice-channel-ip-0": 322,
          "KomakiLDA5NoDevice-channel-ip-1": 382,
          "KomakiLDA5NoDevice-channel-ip-2": 368,
          "KomakiLDA5NoDevice-channel-ip-3": 445,
          "KomakiLDA5NoDevice-channel-ip-4": 305,
          "KomakiLDA5NoDevice-channel-app-0": 366,
          "KomakiLDA5NoDevice-channel-app-1": 310,
          "KomakiLDA5NoDevice-channel-app-2": 392,
          "KomakiLDA5NoDevice-channel-app-3": 346,
          "KomakiLDA5NoDevice-channel-app-4": 280,
          "KomakiLDA5NoDevice-channel-os-0": 372,
          "KomakiLDA5NoDevice-channel-os-1": 354,
          "KomakiLDA5NoDevice-channel-os-2": 369,
          "KomakiLDA5NoDevice-channel-os-3": 390,
          "KomakiLDA5NoDevice-channel-os-4": 334,
          "KomakiPCA5NoDevice-ip-app-0": 1327,
          "KomakiPCA5NoDevice-ip-app-1": 1525,
          "KomakiPCA5NoDevice-ip-app-2": 1255,
          "KomakiPCA5NoDevice-ip-app-3": 924,
          "KomakiPCA5NoDevice-ip-app-4": 1298,
          "KomakiPCA5NoDevice-ip-os-0": 1579,
          "KomakiPCA5NoDevice-ip-os-1": 1215,
          "KomakiPCA5NoDevice-ip-os-2": 1066,
          "KomakiPCA5NoDevice-ip-os-3": 1035,
          "KomakiPCA5NoDevice-ip-os-4": 1165,
          "KomakiPCA5NoDevice-ip-channel-0": 1476,
          "KomakiPCA5NoDevice-ip-channel-1": 1392,
          "KomakiPCA5NoDevice-ip-channel-2": 1206,
          "KomakiPCA5NoDevice-ip-channel-3": 1208,
          "KomakiPCA5NoDevice-ip-channel-4": 1226,
          "KomakiPCA5NoDevice-app-ip-0": 163,
          "KomakiPCA5NoDevice-app-ip-1": 192,
          "KomakiPCA5NoDevice-app-ip-2": 157,
          "KomakiPCA5NoDevice-app-ip-3": 221,
          "KomakiPCA5NoDevice-app-ip-4": 167,
          "KomakiPCA5NoDevice-app-os-0": 210,
          "KomakiPCA5NoDevice-app-os-1": 125,
          "KomakiPCA5NoDevice-app-os-2": 190,
          "KomakiPCA5NoDevice-app-os-3": 233,
          "KomakiPCA5NoDevice-app-os-4": 186,
          "KomakiPCA5NoDevice-app-channel-0": 210,
          "KomakiPCA5NoDevice-app-channel-1": 208,
          "KomakiPCA5NoDevice-app-channel-2": 198,
          "KomakiPCA5NoDevice-app-channel-3": 188,
          "KomakiPCA5NoDevice-app-channel-4": 217,
          "KomakiPCA5NoDevice-os-ip-0": 205,
          "KomakiPCA5NoDevice-os-ip-1": 236,
          "KomakiPCA5NoDevice-os-ip-2": 274,
          "KomakiPCA5NoDevice-os-ip-3": 250,
          "KomakiPCA5NoDevice-os-ip-4": 237,
          "KomakiPCA5NoDevice-os-app-0": 229,
          "KomakiPCA5NoDevice-os-app-1": 170,
          "KomakiPCA5NoDevice-os-app-2": 136,
          "KomakiPCA5NoDevice-os-app-3": 314,
          "KomakiPCA5NoDevice-os-app-4": 295,
          "KomakiPCA5NoDevice-os-channel-0": 244,
          "KomakiPCA5NoDevice-os-channel-1": 355,
          "KomakiPCA5NoDevice-os-channel-2": 200,
          "KomakiPCA5NoDevice-os-channel-3": 189,
          "KomakiPCA5NoDevice-os-channel-4": 241,
          "KomakiPCA5NoDevice-channel-ip-0": 373,
          "KomakiPCA5NoDevice-channel-ip-1": 403,
          "KomakiPCA5NoDevice-channel-ip-2": 371,
          "KomakiPCA5NoDevice-channel-ip-3": 358,
          "KomakiPCA5NoDevice-channel-ip-4": 396,
          "KomakiPCA5NoDevice-channel-app-0": 310,
          "KomakiPCA5NoDevice-channel-app-1": 246,
          "KomakiPCA5NoDevice-channel-app-2": 319,
          "KomakiPCA5NoDevice-channel-app-3": 302,
          "KomakiPCA5NoDevice-channel-app-4": 292,
          "KomakiPCA5NoDevice-channel-os-0": 331,
          "KomakiPCA5NoDevice-channel-os-1": 321,
          "KomakiPCA5NoDevice-channel-os-2": 323,
          "KomakiPCA5NoDevice-channel-os-3": 294,
          "KomakiPCA5NoDevice-channel-os-4": 309
        }
      },
      {
        "train_auc": 0.9937471910737387,
        "valid_auc": 0.9846493179213761,
        "best_iteration": 593,
        "train_time": 377.5502347946167,
        "feature_importance": {
          "app": 3285,
          "hour": 3644,
          "n_channels": 961,
          "ip_app_count": 1176,
          "ip_app_os_count": 1169,
          "FutureClickCount_600-ip": 558,
          "FutureClickCount_600-app": 525,
          "FutureClickCount_600-ip-app": 209,
          "FutureClickCount_600-dev": 318,
          "FutureClickCount_600-ip-dev": 632,
          "FutureClickCount_600-app-dev": 450,
          "FutureClickCount_600-ip-app-dev": 215,
          "FutureClickCount_600-os": 332,
          "FutureClickCount_600-ip-os": 440,
          "FutureClickCount_600-app-os": 479,
          "FutureClickCount_600-ip-app-os": 251,
          "FutureClickCount_600-dev-os": 623,
          "FutureClickCount_600-ip-dev-os": 412,
          "FutureClickCount_600-app-dev-os": 617,
          "FutureClickCount_600-ip-app-dev-os": 367,
          "FutureClickCount_600-cha": 483,
          "FutureClickCount_600-ip-cha": 140,
          "FutureClickCount_600-app-cha": 671,
          "FutureClickCount_600-ip-app-cha": 91,
          "FutureClickCount_600-dev-cha": 362,
          "FutureClickCount_600-ip-dev-cha": 122,
          "FutureClickCount_600-app-dev-cha": 408,
          "FutureClickCount_600-ip-app-dev-cha": 120,
          "FutureClickCount_600-os-cha": 324,
          "FutureClickCount_600-ip-os-cha": 87,
          "FutureClickCount_600-app-os-cha": 366,
          "FutureClickCount_600-ip-app-os-cha": 113,
          "FutureClickCount_600-dev-os-cha": 360,
          "FutureClickCount_600-ip-dev-os-cha": 96,
          "FutureClickCount_600-app-dev-os-cha": 337,
          "FutureClickCount_600-ip-app-dev-os-cha": 78,
          "FutureClickCount_4800-ip": 931,
          "FutureClickCount_4800-app": 364,
          "FutureClickCount_4800-ip-app": 357,
          "FutureClickCount_4800-dev": 95,
          "FutureClickCount_4800-ip-dev": 1069,
          "FutureClickCount_4800-app-dev": 219,
          "FutureClickCount_4800-ip-app-dev": 264,
          "FutureClickCount_4800-os": 187,
          "FutureClickCount_4800-ip-os": 693,
          "FutureClickCount_4800-app-os": 386,
          "FutureClickCount_4800-ip-app-os": 306,
          "FutureClickCount_4800-dev-os": 256,
          "FutureClickCount_4800-ip-dev-os": 702,
          "FutureClickCount_4800-app-dev-os": 516,
          "FutureClickCount_4800-ip-app-dev-os": 393,
          "FutureClickCount_4800-cha": 359,
          "FutureClickCount_4800-ip-cha": 232,
          "FutureClickCount_4800-app-cha": 625,
          "FutureClickCount_4800-ip-app-cha": 203,
          "FutureClickCount_4800-dev-cha": 247,
          "FutureClickCount_4800-ip-dev-cha": 233,
          "FutureClickCount_4800-app-dev-cha": 362,
          "FutureClickCount_4800-ip-app-dev-cha": 167,
          "FutureClickCount_4800-os-cha": 342,
          "FutureClickCount_4800-ip-os-cha": 135,
          "FutureClickCount_4800-app-os-cha": 355,
          "FutureClickCount_4800-ip-app-os-cha": 115,
          "FutureClickCount_4800-dev-os-cha": 276,
          "FutureClickCount_4800-ip-dev-os-cha": 116,
          "FutureClickCount_4800-app-dev-os-cha": 347,
          "FutureClickCount_4800-ip-app-dev-os-cha": 113,
          "NextClickTimeDelta-ip": 820,
          "NextClickTimeDelta-app": 140,
          "NextClickTimeDelta-ip-app": 985,
          "NextClickTimeDelta-dev": 71,
          "NextClickTimeDelta-ip-dev": 530,
          "NextClickTimeDelta-app-dev": 110,
          "NextClickTimeDelta-ip-app-dev": 652,
          "NextClickTimeDelta-os": 130,
          "NextClickTimeDelta-ip-os": 680,
          "NextClickTimeDelta-app-os": 277,
          "NextClickTimeDelta-ip-app-os": 1481,
          "NextClickTimeDelta-dev-os": 124,
          "NextClickTimeDelta-ip-dev-os": 425,
          "NextClickTimeDelta-app-dev-os": 175,
          "NextClickTimeDelta-ip-app-dev-os": 2404,
          "NextClickTimeDelta-cha": 124,
          "NextClickTimeDelta-ip-cha": 583,
          "NextClickTimeDelta-app-cha": 241,
          "NextClickTimeDelta-ip-app-cha": 475,
          "NextClickTimeDelta-dev-cha": 101,
          "NextClickTimeDelta-ip-dev-cha": 409,
          "NextClickTimeDelta-app-dev-cha": 163,
          "NextClickTimeDelta-ip-app-dev-cha": 324,
          "NextClickTimeDelta-os-cha": 285,
          "NextClickTimeDelta-ip-os-cha": 391,
          "NextClickTimeDelta-app-os-cha": 313,
          "NextClickTimeDelta-ip-app-os-cha": 502,
          "NextClickTimeDelta-dev-os-cha": 207,
          "NextClickTimeDelta-ip-dev-os-cha": 328,
          "NextClickTimeDelta-app-dev-os-cha": 238,
          "NextClickTimeDelta-ip-app-dev-os-cha": 481,
          "PrevClickTimeDelta-ip": 644,
          "PrevClickTimeDelta-app": 144,
          "PrevClickTimeDelta-ip-app": 471,
          "PrevClickTimeDelta-dev": 76,
          "PrevClickTimeDelta-ip-dev": 367,
          "PrevClickTimeDelta-app-dev": 109,
          "PrevClickTimeDelta-ip-app-dev": 336,
          "PrevClickTimeDelta-os": 117,
          "PrevClickTimeDelta-ip-os": 491,
          "PrevClickTimeDelta-app-os": 188,
          "PrevClickTimeDelta-ip-app-os": 424,
          "PrevClickTimeDelta-dev-os": 110,
          "PrevClickTimeDelta-ip-dev-os": 311,
          "PrevClickTimeDelta-app-dev-os": 197,
          "PrevClickTimeDelta-ip-app-dev-os": 332,
          "PrevClickTimeDelta-cha": 117,
          "PrevClickTimeDelta-ip-cha": 461,
          "PrevClickTimeDelta-app-cha": 187,
          "PrevClickTimeDelta-ip-app-cha": 305,
          "PrevClickTimeDelta-dev-cha": 168,
          "PrevClickTimeDelta-ip-dev-cha": 237,
          "PrevClickTimeDelta-app-dev-cha": 139,
          "PrevClickTimeDelta-ip-app-dev-cha": 232,
          "PrevClickTimeDelta-os-cha": 266,
          "PrevClickTimeDelta-ip-os-cha": 247,
          "PrevClickTimeDelta-app-os-cha": 279,
          "PrevClickTimeDelta-ip-app-os-cha": 222,
          "PrevClickTimeDelta-dev-os-cha": 218,
          "PrevClickTimeDelta-ip-dev-os-cha": 195,
          "PrevClickTimeDelta-app-dev-os-cha": 229,
          "PrevClickTimeDelta-ip-app-dev-os-cha": 163,
          "AverageAttributedRatio-ip": 522,
          "AverageAttributedRatio-app": 457,
          "AverageAttributedRatio-ip-app": 310,
          "AverageAttributedRatio-dev": 735,
          "AverageAttributedRatio-ip-dev": 493,
          "AverageAttributedRatio-app-dev": 322,
          "AverageAttributedRatio-ip-app-dev": 440,
          "AverageAttributedRatio-os": 445,
          "AverageAttributedRatio-ip-os": 293,
          "AverageAttributedRatio-app-os": 373,
          "AverageAttributedRatio-ip-app-os": 129,
          "AverageAttributedRatio-dev-os": 379,
          "AverageAttributedRatio-ip-dev-os": 321,
          "AverageAttributedRatio-app-dev-os": 404,
          "AverageAttributedRatio-ip-app-dev-os": 113,
          "AverageAttributedRatio-cha": 379,
          "AverageAttributedRatio-ip-cha": 190,
          "AverageAttributedRatio-app-cha": 370,
          "AverageAttributedRatio-ip-app-cha": 125,
          "AverageAttributedRatio-dev-cha": 288,
          "AverageAttributedRatio-ip-dev-cha": 146,
          "AverageAttributedRatio-app-dev-cha": 322,
          "AverageAttributedRatio-ip-app-dev-cha": 120,
          "AverageAttributedRatio-os-cha": 372,
          "AverageAttributedRatio-ip-os-cha": 88,
          "AverageAttributedRatio-app-os-cha": 472,
          "AverageAttributedRatio-ip-app-os-cha": 81,
          "AverageAttributedRatio-dev-os-cha": 315,
          "AverageAttributedRatio-ip-dev-os-cha": 74,
          "AverageAttributedRatio-app-dev-os-cha": 386,
          "AverageAttributedRatio-ip-app-dev-os-cha": 70,
          "KomakiLDA5NoDevice-ip-app-0": 1290,
          "KomakiLDA5NoDevice-ip-app-1": 1312,
          "KomakiLDA5NoDevice-ip-app-2": 1290,
          "KomakiLDA5NoDevice-ip-app-3": 816,
          "KomakiLDA5NoDevice-ip-app-4": 722,
          "KomakiLDA5NoDevice-ip-os-0": 1114,
          "KomakiLDA5NoDevice-ip-os-1": 1075,
          "KomakiLDA5NoDevice-ip-os-2": 787,
          "KomakiLDA5NoDevice-ip-os-3": 913,
          "KomakiLDA5NoDevice-ip-os-4": 937,
          "KomakiLDA5NoDevice-ip-channel-0": 1120,
          "KomakiLDA5NoDevice-ip-channel-1": 923,
          "KomakiLDA5NoDevice-ip-channel-2": 1157,
          "KomakiLDA5NoDevice-ip-channel-3": 1249,
          "KomakiLDA5NoDevice-ip-channel-4": 1234,
          "KomakiLDA5NoDevice-app-ip-0": 326,
          "KomakiLDA5NoDevice-app-ip-1": 240,
          "KomakiLDA5NoDevice-app-ip-2": 233,
          "KomakiLDA5NoDevice-app-ip-3": 225,
          "KomakiLDA5NoDevice-app-ip-4": 181,
          "KomakiLDA5NoDevice-app-os-0": 153,
          "KomakiLDA5NoDevice-app-os-1": 234,
          "KomakiLDA5NoDevice-app-os-2": 156,
          "KomakiLDA5NoDevice-app-os-3": 156,
          "KomakiLDA5NoDevice-app-os-4": 248,
          "KomakiLDA5NoDevice-app-channel-0": 192,
          "KomakiLDA5NoDevice-app-channel-1": 227,
          "KomakiLDA5NoDevice-app-channel-2": 237,
          "KomakiLDA5NoDevice-app-channel-3": 235,
          "KomakiLDA5NoDevice-app-channel-4": 124,
          "KomakiLDA5NoDevice-os-ip-0": 464,
          "KomakiLDA5NoDevice-os-ip-1": 252,
          "KomakiLDA5NoDevice-os-ip-2": 254,
          "KomakiLDA5NoDevice-os-ip-3": 206,
          "KomakiLDA5NoDevice-os-ip-4": 272,
          "KomakiLDA5NoDevice-os-app-0": 325,
          "KomakiLDA5NoDevice-os-app-1": 372,
          "KomakiLDA5NoDevice-os-app-2": 187,
          "KomakiLDA5NoDevice-os-app-3": 247,
          "KomakiLDA5NoDevice-os-app-4": 192,
          "KomakiLDA5NoDevice-os-channel-0": 259,
          "KomakiLDA5NoDevice-os-channel-1": 205,
          "KomakiLDA5NoDevice-os-channel-2": 260,
          "KomakiLDA5NoDevice-os-channel-3": 282,
          "KomakiLDA5NoDevice-os-channel-4": 178,
          "KomakiLDA5NoDevice-channel-ip-0": 262,
          "KomakiLDA5NoDevice-channel-ip-1": 343,
          "KomakiLDA5NoDevice-channel-ip-2": 325,
          "KomakiLDA5NoDevice-channel-ip-3": 394,
          "KomakiLDA5NoDevice-channel-ip-4": 282,
          "KomakiLDA5NoDevice-channel-app-0": 306,
          "KomakiLDA5NoDevice-channel-app-1": 291,
          "KomakiLDA5NoDevice-channel-app-2": 310,
          "KomakiLDA5NoDevice-channel-app-3": 253,
          "KomakiLDA5NoDevice-channel-app-4": 231,
          "KomakiLDA5NoDevice-channel-os-0": 302,
          "KomakiLDA5NoDevice-channel-os-1": 332,
          "KomakiLDA5NoDevice-channel-os-2": 320,
          "KomakiLDA5NoDevice-channel-os-3": 304,
          "KomakiLDA5NoDevice-channel-os-4": 297,
          "KomakiPCA5NoDevice-ip-app-0": 1280,
          "KomakiPCA5NoDevice-ip-app-1": 1412,
          "KomakiPCA5NoDevice-ip-app-2": 1021,
          "KomakiPCA5NoDevice-ip-app-3": 729,
          "KomakiPCA5NoDevice-ip-app-4": 1102,
          "KomakiPCA5NoDevice-ip-os-0": 1401,
          "KomakiPCA5NoDevice-ip-os-1": 1005,
          "KomakiPCA5NoDevice-ip-os-2": 906,
          "KomakiPCA5NoDevice-ip-os-3": 807,
          "KomakiPCA5NoDevice-ip-os-4": 912,
          "KomakiPCA5NoDevice-ip-channel-0": 1307,
          "KomakiPCA5NoDevice-ip-channel-1": 1248,
          "KomakiPCA5NoDevice-ip-channel-2": 1057,
          "KomakiPCA5NoDevice-ip-channel-3": 917,
          "KomakiPCA5NoDevice-ip-channel-4": 1028,
          "KomakiPCA5NoDevice-app-ip-0": 151,
          "KomakiPCA5NoDevice-app-ip-1": 146,
          "KomakiPCA5NoDevice-app-ip-2": 143,
          "KomakiPCA5NoDevice-app-ip-3": 206,
          "KomakiPCA5NoDevice-app-ip-4": 157,
          "KomakiPCA5NoDevice-app-os-0": 160,
          "KomakiPCA5NoDevice-app-os-1": 111,
          "KomakiPCA5NoDevice-app-os-2": 178,
          "KomakiPCA5NoDevice-app-os-3": 174,
          "KomakiPCA5NoDevice-app-os-4": 142,
          "KomakiPCA5NoDevice-app-channel-0": 165,
          "KomakiPCA5NoDevice-app-channel-1": 190,
          "KomakiPCA5NoDevice-app-channel-2": 158,
          "KomakiPCA5NoDevice-app-channel-3": 162,
          "KomakiPCA5NoDevice-app-channel-4": 202,
          "KomakiPCA5NoDevice-os-ip-0": 186,
          "KomakiPCA5NoDevice-os-ip-1": 199,
          "KomakiPCA5NoDevice-os-ip-2": 206,
          "KomakiPCA5NoDevice-os-ip-3": 206,
          "KomakiPCA5NoDevice-os-ip-4": 247,
          "KomakiPCA5NoDevice-os-app-0": 185,
          "KomakiPCA5NoDevice-os-app-1": 180,
          "KomakiPCA5NoDevice-os-app-2": 152,
          "KomakiPCA5NoDevice-os-app-3": 275,
          "KomakiPCA5NoDevice-os-app-4": 253,
          "KomakiPCA5NoDevice-os-channel-0": 233,
          "KomakiPCA5NoDevice-os-channel-1": 295,
          "KomakiPCA5NoDevice-os-channel-2": 158,
          "KomakiPCA5NoDevice-os-channel-3": 140,
          "KomakiPCA5NoDevice-os-channel-4": 172,
          "KomakiPCA5NoDevice-channel-ip-0": 291,
          "KomakiPCA5NoDevice-channel-ip-1": 284,
          "KomakiPCA5NoDevice-channel-ip-2": 315,
          "KomakiPCA5NoDevice-channel-ip-3": 318,
          "KomakiPCA5NoDevice-channel-ip-4": 325,
          "KomakiPCA5NoDevice-channel-app-0": 295,
          "KomakiPCA5NoDevice-channel-app-1": 230,
          "KomakiPCA5NoDevice-channel-app-2": 269,
          "KomakiPCA5NoDevice-channel-app-3": 267,
          "KomakiPCA5NoDevice-channel-app-4": 276,
          "KomakiPCA5NoDevice-channel-os-0": 307,
          "KomakiPCA5NoDevice-channel-os-1": 321,
          "KomakiPCA5NoDevice-channel-os-2": 255,
          "KomakiPCA5NoDevice-channel-os-3": 263,
          "KomakiPCA5NoDevice-channel-os-4": 276
        }
      },
      {
        "train_auc": 0.9948597214374193,
        "valid_auc": 0.9847186018481134,
        "best_iteration": 711,
        "train_time": 445.0702133178711,
        "feature_importance": {
          "app": 3805,
          "hour": 4360,
          "n_channels": 1171,
          "ip_app_count": 1314,
          "ip_app_os_count": 1313,
          "FutureClickCount_600-ip": 737,
          "FutureClickCount_600-app": 653,
          "FutureClickCount_600-ip-app": 261,
          "FutureClickCount_600-dev": 314,
          "FutureClickCount_600-ip-dev": 660,
          "FutureClickCount_600-app-dev": 543,
          "FutureClickCount_600-ip-app-dev": 236,
          "FutureClickCount_600-os": 402,
          "FutureClickCount_600-ip-os": 532,
          "FutureClickCount_600-app-os": 557,
          "FutureClickCount_600-ip-app-os": 272,
          "FutureClickCount_600-dev-os": 695,
          "FutureClickCount_600-ip-dev-os": 525,
          "FutureClickCount_600-app-dev-os": 694,
          "FutureClickCount_600-ip-app-dev-os": 401,
          "FutureClickCount_600-cha": 637,
          "FutureClickCount_600-ip-cha": 151,
          "FutureClickCount_600-app-cha": 794,
          "FutureClickCount_600-ip-app-cha": 151,
          "FutureClickCount_600-dev-cha": 455,
          "FutureClickCount_600-ip-dev-cha": 144,
          "FutureClickCount_600-app-dev-cha": 489,
          "FutureClickCount_600-ip-app-dev-cha": 130,
          "FutureClickCount_600-os-cha": 435,
          "FutureClickCount_600-ip-os-cha": 125,
          "FutureClickCount_600-app-os-cha": 474,
          "FutureClickCount_600-ip-app-os-cha": 87,
          "FutureClickCount_600-dev-os-cha": 433,
          "FutureClickCount_600-ip-dev-os-cha": 87,
          "FutureClickCount_600-app-dev-os-cha": 415,
          "FutureClickCount_600-ip-app-dev-os-cha": 71,
          "FutureClickCount_4800-ip": 1132,
          "FutureClickCount_4800-app": 437,
          "FutureClickCount_4800-ip-app": 395,
          "FutureClickCount_4800-dev": 103,
          "FutureClickCount_4800-ip-dev": 1241,
          "FutureClickCount_4800-app-dev": 260,
          "FutureClickCount_4800-ip-app-dev": 365,
          "FutureClickCount_4800-os": 204,
          "FutureClickCount_4800-ip-os": 802,
          "FutureClickCount_4800-app-os": 452,
          "FutureClickCount_4800-ip-app-os": 346,
          "FutureClickCount_4800-dev-os": 280,
          "FutureClickCount_4800-ip-dev-os": 819,
          "FutureClickCount_4800-app-dev-os": 581,
          "FutureClickCount_4800-ip-app-dev-os": 428,
          "FutureClickCount_4800-cha": 390,
          "FutureClickCount_4800-ip-cha": 273,
          "FutureClickCount_4800-app-cha": 654,
          "FutureClickCount_4800-ip-app-cha": 206,
          "FutureClickCount_4800-dev-cha": 300,
          "FutureClickCount_4800-ip-dev-cha": 241,
          "FutureClickCount_4800-app-dev-cha": 389,
          "FutureClickCount_4800-ip-app-dev-cha": 213,
          "FutureClickCount_4800-os-cha": 415,
          "FutureClickCount_4800-ip-os-cha": 162,
          "FutureClickCount_4800-app-os-cha": 433,
          "FutureClickCount_4800-ip-app-os-cha": 154,
          "FutureClickCount_4800-dev-os-cha": 354,
          "FutureClickCount_4800-ip-dev-os-cha": 139,
          "FutureClickCount_4800-app-dev-os-cha": 447,
          "FutureClickCount_4800-ip-app-dev-os-cha": 127,
          "NextClickTimeDelta-ip": 902,
          "NextClickTimeDelta-app": 164,
          "NextClickTimeDelta-ip-app": 1067,
          "NextClickTimeDelta-dev": 87,
          "NextClickTimeDelta-ip-dev": 642,
          "NextClickTimeDelta-app-dev": 118,
          "NextClickTimeDelta-ip-app-dev": 733,
          "NextClickTimeDelta-os": 107,
          "NextClickTimeDelta-ip-os": 839,
          "NextClickTimeDelta-app-os": 314,
          "NextClickTimeDelta-ip-app-os": 1568,
          "NextClickTimeDelta-dev-os": 126,
          "NextClickTimeDelta-ip-dev-os": 543,
          "NextClickTimeDelta-app-dev-os": 253,
          "NextClickTimeDelta-ip-app-dev-os": 2625,
          "NextClickTimeDelta-cha": 224,
          "NextClickTimeDelta-ip-cha": 676,
          "NextClickTimeDelta-app-cha": 238,
          "NextClickTimeDelta-ip-app-cha": 566,
          "NextClickTimeDelta-dev-cha": 171,
          "NextClickTimeDelta-ip-dev-cha": 526,
          "NextClickTimeDelta-app-dev-cha": 184,
          "NextClickTimeDelta-ip-app-dev-cha": 434,
          "NextClickTimeDelta-os-cha": 354,
          "NextClickTimeDelta-ip-os-cha": 502,
          "NextClickTimeDelta-app-os-cha": 403,
          "NextClickTimeDelta-ip-app-os-cha": 610,
          "NextClickTimeDelta-dev-os-cha": 281,
          "NextClickTimeDelta-ip-dev-os-cha": 394,
          "NextClickTimeDelta-app-dev-os-cha": 333,
          "NextClickTimeDelta-ip-app-dev-os-cha": 565,
          "PrevClickTimeDelta-ip": 798,
          "PrevClickTimeDelta-app": 159,
          "PrevClickTimeDelta-ip-app": 584,
          "PrevClickTimeDelta-dev": 90,
          "PrevClickTimeDelta-ip-dev": 525,
          "PrevClickTimeDelta-app-dev": 105,
          "PrevClickTimeDelta-ip-app-dev": 400,
          "PrevClickTimeDelta-os": 142,
          "PrevClickTimeDelta-ip-os": 649,
          "PrevClickTimeDelta-app-os": 256,
          "PrevClickTimeDelta-ip-app-os": 468,
          "PrevClickTimeDelta-dev-os": 107,
          "PrevClickTimeDelta-ip-dev-os": 427,
          "PrevClickTimeDelta-app-dev-os": 242,
          "PrevClickTimeDelta-ip-app-dev-os": 446,
          "PrevClickTimeDelta-cha": 152,
          "PrevClickTimeDelta-ip-cha": 601,
          "PrevClickTimeDelta-app-cha": 263,
          "PrevClickTimeDelta-ip-app-cha": 432,
          "PrevClickTimeDelta-dev-cha": 196,
          "PrevClickTimeDelta-ip-dev-cha": 390,
          "PrevClickTimeDelta-app-dev-cha": 170,
          "PrevClickTimeDelta-ip-app-dev-cha": 318,
          "PrevClickTimeDelta-os-cha": 338,
          "PrevClickTimeDelta-ip-os-cha": 368,
          "PrevClickTimeDelta-app-os-cha": 354,
          "PrevClickTimeDelta-ip-app-os-cha": 315,
          "PrevClickTimeDelta-dev-os-cha": 312,
          "PrevClickTimeDelta-ip-dev-os-cha": 250,
          "PrevClickTimeDelta-app-dev-os-cha": 318,
          "PrevClickTimeDelta-ip-app-dev-os-cha": 232,
          "AverageAttributedRatio-ip": 697,
          "AverageAttributedRatio-app": 501,
          "AverageAttributedRatio-ip-app": 405,
          "AverageAttributedRatio-dev": 875,
          "AverageAttributedRatio-ip-dev": 615,
          "AverageAttributedRatio-app-dev": 383,
          "AverageAttributedRatio-ip-app-dev": 492,
          "AverageAttributedRatio-os": 557,
          "AverageAttributedRatio-ip-os": 377,
          "AverageAttributedRatio-app-os": 428,
          "AverageAttributedRatio-ip-app-os": 133,
          "AverageAttributedRatio-dev-os": 501,
          "AverageAttributedRatio-ip-dev-os": 384,
          "AverageAttributedRatio-app-dev-os": 444,
          "AverageAttributedRatio-ip-app-dev-os": 159,
          "AverageAttributedRatio-cha": 424,
          "AverageAttributedRatio-ip-cha": 242,
          "AverageAttributedRatio-app-cha": 453,
          "AverageAttributedRatio-ip-app-cha": 183,
          "AverageAttributedRatio-dev-cha": 342,
          "AverageAttributedRatio-ip-dev-cha": 169,
          "AverageAttributedRatio-app-dev-cha": 364,
          "AverageAttributedRatio-ip-app-dev-cha": 126,
          "AverageAttributedRatio-os-cha": 438,
          "AverageAttributedRatio-ip-os-cha": 116,
          "AverageAttributedRatio-app-os-cha": 507,
          "AverageAttributedRatio-ip-app-os-cha": 84,
          "AverageAttributedRatio-dev-os-cha": 362,
          "AverageAttributedRatio-ip-dev-os-cha": 81,
          "AverageAttributedRatio-app-dev-os-cha": 461,
          "AverageAttributedRatio-ip-app-dev-os-cha": 67,
          "KomakiLDA5NoDevice-ip-app-0": 1484,
          "KomakiLDA5NoDevice-ip-app-1": 1435,
          "KomakiLDA5NoDevice-ip-app-2": 1447,
          "KomakiLDA5NoDevice-ip-app-3": 959,
          "KomakiLDA5NoDevice-ip-app-4": 864,
          "KomakiLDA5NoDevice-ip-os-0": 1317,
          "KomakiLDA5NoDevice-ip-os-1": 1295,
          "KomakiLDA5NoDevice-ip-os-2": 923,
          "KomakiLDA5NoDevice-ip-os-3": 1146,
          "KomakiLDA5NoDevice-ip-os-4": 1207,
          "KomakiLDA5NoDevice-ip-channel-0": 1352,
          "KomakiLDA5NoDevice-ip-channel-1": 1089,
          "KomakiLDA5NoDevice-ip-channel-2": 1365,
          "KomakiLDA5NoDevice-ip-channel-3": 1420,
          "KomakiLDA5NoDevice-ip-channel-4": 1454,
          "KomakiLDA5NoDevice-app-ip-0": 355,
          "KomakiLDA5NoDevice-app-ip-1": 297,
          "KomakiLDA5NoDevice-app-ip-2": 301,
          "KomakiLDA5NoDevice-app-ip-3": 219,
          "KomakiLDA5NoDevice-app-ip-4": 225,
          "KomakiLDA5NoDevice-app-os-0": 192,
          "KomakiLDA5NoDevice-app-os-1": 278,
          "KomakiLDA5NoDevice-app-os-2": 191,
          "KomakiLDA5NoDevice-app-os-3": 195,
          "KomakiLDA5NoDevice-app-os-4": 244,
          "KomakiLDA5NoDevice-app-channel-0": 191,
          "KomakiLDA5NoDevice-app-channel-1": 246,
          "KomakiLDA5NoDevice-app-channel-2": 296,
          "KomakiLDA5NoDevice-app-channel-3": 236,
          "KomakiLDA5NoDevice-app-channel-4": 146,
          "KomakiLDA5NoDevice-os-ip-0": 566,
          "KomakiLDA5NoDevice-os-ip-1": 303,
          "KomakiLDA5NoDevice-os-ip-2": 313,
          "KomakiLDA5NoDevice-os-ip-3": 252,
          "KomakiLDA5NoDevice-os-ip-4": 331,
          "KomakiLDA5NoDevice-os-app-0": 339,
          "KomakiLDA5NoDevice-os-app-1": 416,
          "KomakiLDA5NoDevice-os-app-2": 188,
          "KomakiLDA5NoDevice-os-app-3": 300,
          "KomakiLDA5NoDevice-os-app-4": 209,
          "KomakiLDA5NoDevice-os-channel-0": 372,
          "KomakiLDA5NoDevice-os-channel-1": 243,
          "KomakiLDA5NoDevice-os-channel-2": 306,
          "KomakiLDA5NoDevice-os-channel-3": 356,
          "KomakiLDA5NoDevice-os-channel-4": 205,
          "KomakiLDA5NoDevice-channel-ip-0": 411,
          "KomakiLDA5NoDevice-channel-ip-1": 381,
          "KomakiLDA5NoDevice-channel-ip-2": 340,
          "KomakiLDA5NoDevice-channel-ip-3": 461,
          "KomakiLDA5NoDevice-channel-ip-4": 352,
          "KomakiLDA5NoDevice-channel-app-0": 414,
          "KomakiLDA5NoDevice-channel-app-1": 310,
          "KomakiLDA5NoDevice-channel-app-2": 360,
          "KomakiLDA5NoDevice-channel-app-3": 326,
          "KomakiLDA5NoDevice-channel-app-4": 320,
          "KomakiLDA5NoDevice-channel-os-0": 376,
          "KomakiLDA5NoDevice-channel-os-1": 357,
          "KomakiLDA5NoDevice-channel-os-2": 389,
          "KomakiLDA5NoDevice-channel-os-3": 347,
          "KomakiLDA5NoDevice-channel-os-4": 367,
          "KomakiPCA5NoDevice-ip-app-0": 1370,
          "KomakiPCA5NoDevice-ip-app-1": 1528,
          "KomakiPCA5NoDevice-ip-app-2": 1298,
          "KomakiPCA5NoDevice-ip-app-3": 980,
          "KomakiPCA5NoDevice-ip-app-4": 1265,
          "KomakiPCA5NoDevice-ip-os-0": 1623,
          "KomakiPCA5NoDevice-ip-os-1": 1240,
          "KomakiPCA5NoDevice-ip-os-2": 1044,
          "KomakiPCA5NoDevice-ip-os-3": 990,
          "KomakiPCA5NoDevice-ip-os-4": 1138,
          "KomakiPCA5NoDevice-ip-channel-0": 1589,
          "KomakiPCA5NoDevice-ip-channel-1": 1312,
          "KomakiPCA5NoDevice-ip-channel-2": 1268,
          "KomakiPCA5NoDevice-ip-channel-3": 1212,
          "KomakiPCA5NoDevice-ip-channel-4": 1231,
          "KomakiPCA5NoDevice-app-ip-0": 168,
          "KomakiPCA5NoDevice-app-ip-1": 151,
          "KomakiPCA5NoDevice-app-ip-2": 161,
          "KomakiPCA5NoDevice-app-ip-3": 220,
          "KomakiPCA5NoDevice-app-ip-4": 180,
          "KomakiPCA5NoDevice-app-os-0": 186,
          "KomakiPCA5NoDevice-app-os-1": 179,
          "KomakiPCA5NoDevice-app-os-2": 198,
          "KomakiPCA5NoDevice-app-os-3": 193,
          "KomakiPCA5NoDevice-app-os-4": 173,
          "KomakiPCA5NoDevice-app-channel-0": 185,
          "KomakiPCA5NoDevice-app-channel-1": 182,
          "KomakiPCA5NoDevice-app-channel-2": 156,
          "KomakiPCA5NoDevice-app-channel-3": 230,
          "KomakiPCA5NoDevice-app-channel-4": 205,
          "KomakiPCA5NoDevice-os-ip-0": 191,
          "KomakiPCA5NoDevice-os-ip-1": 235,
          "KomakiPCA5NoDevice-os-ip-2": 295,
          "KomakiPCA5NoDevice-os-ip-3": 278,
          "KomakiPCA5NoDevice-os-ip-4": 269,
          "KomakiPCA5NoDevice-os-app-0": 266,
          "KomakiPCA5NoDevice-os-app-1": 238,
          "KomakiPCA5NoDevice-os-app-2": 160,
          "KomakiPCA5NoDevice-os-app-3": 311,
          "KomakiPCA5NoDevice-os-app-4": 276,
          "KomakiPCA5NoDevice-os-channel-0": 295,
          "KomakiPCA5NoDevice-os-channel-1": 360,
          "KomakiPCA5NoDevice-os-channel-2": 227,
          "KomakiPCA5NoDevice-os-channel-3": 199,
          "KomakiPCA5NoDevice-os-channel-4": 219,
          "KomakiPCA5NoDevice-channel-ip-0": 442,
          "KomakiPCA5NoDevice-channel-ip-1": 429,
          "KomakiPCA5NoDevice-channel-ip-2": 419,
          "KomakiPCA5NoDevice-channel-ip-3": 383,
          "KomakiPCA5NoDevice-channel-ip-4": 424,
          "KomakiPCA5NoDevice-channel-app-0": 319,
          "KomakiPCA5NoDevice-channel-app-1": 298,
          "KomakiPCA5NoDevice-channel-app-2": 292,
          "KomakiPCA5NoDevice-channel-app-3": 326,
          "KomakiPCA5NoDevice-channel-app-4": 311,
          "KomakiPCA5NoDevice-channel-os-0": 360,
          "KomakiPCA5NoDevice-channel-os-1": 337,
          "KomakiPCA5NoDevice-channel-os-2": 322,
          "KomakiPCA5NoDevice-channel-os-3": 338,
          "KomakiPCA5NoDevice-channel-os-4": 353
        }
      },
      {
        "train_auc": 0.9949943452096556,
        "valid_auc": 0.9848395467442522,
        "best_iteration": 720,
        "train_time": 454.9698534011841,
        "feature_importance": {
          "app": 3844,
          "hour": 4432,
          "n_channels": 1207,
          "ip_app_count": 1392,
          "ip_app_os_count": 1359,
          "FutureClickCount_600-ip": 777,
          "FutureClickCount_600-app": 671,
          "FutureClickCount_600-ip-app": 264,
          "FutureClickCount_600-dev": 338,
          "FutureClickCount_600-ip-dev": 649,
          "FutureClickCount_600-app-dev": 550,
          "FutureClickCount_600-ip-app-dev": 253,
          "FutureClickCount_600-os": 431,
          "FutureClickCount_600-ip-os": 534,
          "FutureClickCount_600-app-os": 598,
          "FutureClickCount_600-ip-app-os": 264,
          "FutureClickCount_600-dev-os": 664,
          "FutureClickCount_600-ip-dev-os": 493,
          "FutureClickCount_600-app-dev-os": 738,
          "FutureClickCount_600-ip-app-dev-os": 359,
          "FutureClickCount_600-cha": 677,
          "FutureClickCount_600-ip-cha": 165,
          "FutureClickCount_600-app-cha": 744,
          "FutureClickCount_600-ip-app-cha": 139,
          "FutureClickCount_600-dev-cha": 469,
          "FutureClickCount_600-ip-dev-cha": 179,
          "FutureClickCount_600-app-dev-cha": 461,
          "FutureClickCount_600-ip-app-dev-cha": 142,
          "FutureClickCount_600-os-cha": 446,
          "FutureClickCount_600-ip-os-cha": 117,
          "FutureClickCount_600-app-os-cha": 470,
          "FutureClickCount_600-ip-app-os-cha": 112,
          "FutureClickCount_600-dev-os-cha": 449,
          "FutureClickCount_600-ip-dev-os-cha": 102,
          "FutureClickCount_600-app-dev-os-cha": 429,
          "FutureClickCount_600-ip-app-dev-os-cha": 99,
          "FutureClickCount_4800-ip": 1079,
          "FutureClickCount_4800-app": 392,
          "FutureClickCount_4800-ip-app": 464,
          "FutureClickCount_4800-dev": 118,
          "FutureClickCount_4800-ip-dev": 1233,
          "FutureClickCount_4800-app-dev": 265,
          "FutureClickCount_4800-ip-app-dev": 389,
          "FutureClickCount_4800-os": 212,
          "FutureClickCount_4800-ip-os": 868,
          "FutureClickCount_4800-app-os": 468,
          "FutureClickCount_4800-ip-app-os": 384,
          "FutureClickCount_4800-dev-os": 290,
          "FutureClickCount_4800-ip-dev-os": 843,
          "FutureClickCount_4800-app-dev-os": 593,
          "FutureClickCount_4800-ip-app-dev-os": 441,
          "FutureClickCount_4800-cha": 394,
          "FutureClickCount_4800-ip-cha": 316,
          "FutureClickCount_4800-app-cha": 703,
          "FutureClickCount_4800-ip-app-cha": 236,
          "FutureClickCount_4800-dev-cha": 326,
          "FutureClickCount_4800-ip-dev-cha": 252,
          "FutureClickCount_4800-app-dev-cha": 414,
          "FutureClickCount_4800-ip-app-dev-cha": 209,
          "FutureClickCount_4800-os-cha": 411,
          "FutureClickCount_4800-ip-os-cha": 166,
          "FutureClickCount_4800-app-os-cha": 440,
          "FutureClickCount_4800-ip-app-os-cha": 137,
          "FutureClickCount_4800-dev-os-cha": 406,
          "FutureClickCount_4800-ip-dev-os-cha": 146,
          "FutureClickCount_4800-app-dev-os-cha": 400,
          "FutureClickCount_4800-ip-app-dev-os-cha": 120,
          "NextClickTimeDelta-ip": 989,
          "NextClickTimeDelta-app": 162,
          "NextClickTimeDelta-ip-app": 1125,
          "NextClickTimeDelta-dev": 103,
          "NextClickTimeDelta-ip-dev": 641,
          "NextClickTimeDelta-app-dev": 155,
          "NextClickTimeDelta-ip-app-dev": 753,
          "NextClickTimeDelta-os": 127,
          "NextClickTimeDelta-ip-os": 840,
          "NextClickTimeDelta-app-os": 308,
          "NextClickTimeDelta-ip-app-os": 1760,
          "NextClickTimeDelta-dev-os": 144,
          "NextClickTimeDelta-ip-dev-os": 594,
          "NextClickTimeDelta-app-dev-os": 260,
          "NextClickTimeDelta-ip-app-dev-os": 2598,
          "NextClickTimeDelta-cha": 184,
          "NextClickTimeDelta-ip-cha": 696,
          "NextClickTimeDelta-app-cha": 288,
          "NextClickTimeDelta-ip-app-cha": 630,
          "NextClickTimeDelta-dev-cha": 173,
          "NextClickTimeDelta-ip-dev-cha": 531,
          "NextClickTimeDelta-app-dev-cha": 204,
          "NextClickTimeDelta-ip-app-dev-cha": 442,
          "NextClickTimeDelta-os-cha": 359,
          "NextClickTimeDelta-ip-os-cha": 502,
          "NextClickTimeDelta-app-os-cha": 386,
          "NextClickTimeDelta-ip-app-os-cha": 587,
          "NextClickTimeDelta-dev-os-cha": 278,
          "NextClickTimeDelta-ip-dev-os-cha": 456,
          "NextClickTimeDelta-app-dev-os-cha": 311,
          "NextClickTimeDelta-ip-app-dev-os-cha": 616,
          "PrevClickTimeDelta-ip": 855,
          "PrevClickTimeDelta-app": 166,
          "PrevClickTimeDelta-ip-app": 552,
          "PrevClickTimeDelta-dev": 77,
          "PrevClickTimeDelta-ip-dev": 527,
          "PrevClickTimeDelta-app-dev": 127,
          "PrevClickTimeDelta-ip-app-dev": 423,
          "PrevClickTimeDelta-os": 189,
          "PrevClickTimeDelta-ip-os": 623,
          "PrevClickTimeDelta-app-os": 289,
          "PrevClickTimeDelta-ip-app-os": 505,
          "PrevClickTimeDelta-dev-os": 106,
          "PrevClickTimeDelta-ip-dev-os": 431,
          "PrevClickTimeDelta-app-dev-os": 273,
          "PrevClickTimeDelta-ip-app-dev-os": 426,
          "PrevClickTimeDelta-cha": 171,
          "PrevClickTimeDelta-ip-cha": 580,
          "PrevClickTimeDelta-app-cha": 254,
          "PrevClickTimeDelta-ip-app-cha": 399,
          "PrevClickTimeDelta-dev-cha": 178,
          "PrevClickTimeDelta-ip-dev-cha": 367,
          "PrevClickTimeDelta-app-dev-cha": 200,
          "PrevClickTimeDelta-ip-app-dev-cha": 350,
          "PrevClickTimeDelta-os-cha": 353,
          "PrevClickTimeDelta-ip-os-cha": 381,
          "PrevClickTimeDelta-app-os-cha": 373,
          "PrevClickTimeDelta-ip-app-os-cha": 317,
          "PrevClickTimeDelta-dev-os-cha": 272,
          "PrevClickTimeDelta-ip-dev-os-cha": 287,
          "PrevClickTimeDelta-app-dev-os-cha": 278,
          "PrevClickTimeDelta-ip-app-dev-os-cha": 224,
          "AverageAttributedRatio-ip": 580,
          "AverageAttributedRatio-app": 578,
          "AverageAttributedRatio-ip-app": 395,
          "AverageAttributedRatio-dev": 812,
          "AverageAttributedRatio-ip-dev": 565,
          "AverageAttributedRatio-app-dev": 389,
          "AverageAttributedRatio-ip-app-dev": 499,
          "AverageAttributedRatio-os": 537,
          "AverageAttributedRatio-ip-os": 426,
          "AverageAttributedRatio-app-os": 475,
          "AverageAttributedRatio-ip-app-os": 156,
          "AverageAttributedRatio-dev-os": 487,
          "AverageAttributedRatio-ip-dev-os": 384,
          "AverageAttributedRatio-app-dev-os": 461,
          "AverageAttributedRatio-ip-app-dev-os": 128,
          "AverageAttributedRatio-cha": 441,
          "AverageAttributedRatio-ip-cha": 184,
          "AverageAttributedRatio-app-cha": 449,
          "AverageAttributedRatio-ip-app-cha": 188,
          "AverageAttributedRatio-dev-cha": 278,
          "AverageAttributedRatio-ip-dev-cha": 190,
          "AverageAttributedRatio-app-dev-cha": 361,
          "AverageAttributedRatio-ip-app-dev-cha": 150,
          "AverageAttributedRatio-os-cha": 443,
          "AverageAttributedRatio-ip-os-cha": 103,
          "AverageAttributedRatio-app-os-cha": 561,
          "AverageAttributedRatio-ip-app-os-cha": 74,
          "AverageAttributedRatio-dev-os-cha": 365,
          "AverageAttributedRatio-ip-dev-os-cha": 106,
          "AverageAttributedRatio-app-dev-os-cha": 454,
          "AverageAttributedRatio-ip-app-dev-os-cha": 64,
          "KomakiLDA5NoDevice-ip-app-0": 1526,
          "KomakiLDA5NoDevice-ip-app-1": 1390,
          "KomakiLDA5NoDevice-ip-app-2": 1500,
          "KomakiLDA5NoDevice-ip-app-3": 1022,
          "KomakiLDA5NoDevice-ip-app-4": 813,
          "KomakiLDA5NoDevice-ip-os-0": 1363,
          "KomakiLDA5NoDevice-ip-os-1": 1265,
          "KomakiLDA5NoDevice-ip-os-2": 950,
          "KomakiLDA5NoDevice-ip-os-3": 1096,
          "KomakiLDA5NoDevice-ip-os-4": 1225,
          "KomakiLDA5NoDevice-ip-channel-0": 1322,
          "KomakiLDA5NoDevice-ip-channel-1": 1100,
          "KomakiLDA5NoDevice-ip-channel-2": 1367,
          "KomakiLDA5NoDevice-ip-channel-3": 1386,
          "KomakiLDA5NoDevice-ip-channel-4": 1439,
          "KomakiLDA5NoDevice-app-ip-0": 381,
          "KomakiLDA5NoDevice-app-ip-1": 315,
          "KomakiLDA5NoDevice-app-ip-2": 237,
          "KomakiLDA5NoDevice-app-ip-3": 266,
          "KomakiLDA5NoDevice-app-ip-4": 251,
          "KomakiLDA5NoDevice-app-os-0": 149,
          "KomakiLDA5NoDevice-app-os-1": 268,
          "KomakiLDA5NoDevice-app-os-2": 218,
          "KomakiLDA5NoDevice-app-os-3": 168,
          "KomakiLDA5NoDevice-app-os-4": 265,
          "KomakiLDA5NoDevice-app-channel-0": 191,
          "KomakiLDA5NoDevice-app-channel-1": 246,
          "KomakiLDA5NoDevice-app-channel-2": 279,
          "KomakiLDA5NoDevice-app-channel-3": 234,
          "KomakiLDA5NoDevice-app-channel-4": 136,
          "KomakiLDA5NoDevice-os-ip-0": 553,
          "KomakiLDA5NoDevice-os-ip-1": 338,
          "KomakiLDA5NoDevice-os-ip-2": 335,
          "KomakiLDA5NoDevice-os-ip-3": 287,
          "KomakiLDA5NoDevice-os-ip-4": 314,
          "KomakiLDA5NoDevice-os-app-0": 316,
          "KomakiLDA5NoDevice-os-app-1": 462,
          "KomakiLDA5NoDevice-os-app-2": 212,
          "KomakiLDA5NoDevice-os-app-3": 272,
          "KomakiLDA5NoDevice-os-app-4": 194,
          "KomakiLDA5NoDevice-os-channel-0": 363,
          "KomakiLDA5NoDevice-os-channel-1": 231,
          "KomakiLDA5NoDevice-os-channel-2": 278,
          "KomakiLDA5NoDevice-os-channel-3": 333,
          "KomakiLDA5NoDevice-os-channel-4": 271,
          "KomakiLDA5NoDevice-channel-ip-0": 352,
          "KomakiLDA5NoDevice-channel-ip-1": 381,
          "KomakiLDA5NoDevice-channel-ip-2": 330,
          "KomakiLDA5NoDevice-channel-ip-3": 453,
          "KomakiLDA5NoDevice-channel-ip-4": 350,
          "KomakiLDA5NoDevice-channel-app-0": 358,
          "KomakiLDA5NoDevice-channel-app-1": 322,
          "KomakiLDA5NoDevice-channel-app-2": 375,
          "KomakiLDA5NoDevice-channel-app-3": 333,
          "KomakiLDA5NoDevice-channel-app-4": 322,
          "KomakiLDA5NoDevice-channel-os-0": 401,
          "KomakiLDA5NoDevice-channel-os-1": 373,
          "KomakiLDA5NoDevice-channel-os-2": 400,
          "KomakiLDA5NoDevice-channel-os-3": 344,
          "KomakiLDA5NoDevice-channel-os-4": 348,
          "KomakiPCA5NoDevice-ip-app-0": 1406,
          "KomakiPCA5NoDevice-ip-app-1": 1560,
          "KomakiPCA5NoDevice-ip-app-2": 1245,
          "KomakiPCA5NoDevice-ip-app-3": 931,
          "KomakiPCA5NoDevice-ip-app-4": 1301,
          "KomakiPCA5NoDevice-ip-os-0": 1588,
          "KomakiPCA5NoDevice-ip-os-1": 1325,
          "KomakiPCA5NoDevice-ip-os-2": 1071,
          "KomakiPCA5NoDevice-ip-os-3": 1036,
          "KomakiPCA5NoDevice-ip-os-4": 1194,
          "KomakiPCA5NoDevice-ip-channel-0": 1583,
          "KomakiPCA5NoDevice-ip-channel-1": 1445,
          "KomakiPCA5NoDevice-ip-channel-2": 1218,
          "KomakiPCA5NoDevice-ip-channel-3": 1210,
          "KomakiPCA5NoDevice-ip-channel-4": 1305,
          "KomakiPCA5NoDevice-app-ip-0": 162,
          "KomakiPCA5NoDevice-app-ip-1": 153,
          "KomakiPCA5NoDevice-app-ip-2": 146,
          "KomakiPCA5NoDevice-app-ip-3": 238,
          "KomakiPCA5NoDevice-app-ip-4": 148,
          "KomakiPCA5NoDevice-app-os-0": 215,
          "KomakiPCA5NoDevice-app-os-1": 166,
          "KomakiPCA5NoDevice-app-os-2": 221,
          "KomakiPCA5NoDevice-app-os-3": 207,
          "KomakiPCA5NoDevice-app-os-4": 170,
          "KomakiPCA5NoDevice-app-channel-0": 179,
          "KomakiPCA5NoDevice-app-channel-1": 206,
          "KomakiPCA5NoDevice-app-channel-2": 194,
          "KomakiPCA5NoDevice-app-channel-3": 194,
          "KomakiPCA5NoDevice-app-channel-4": 193,
          "KomakiPCA5NoDevice-os-ip-0": 217,
          "KomakiPCA5NoDevice-os-ip-1": 228,
          "KomakiPCA5NoDevice-os-ip-2": 245,
          "KomakiPCA5NoDevice-os-ip-3": 267,
          "KomakiPCA5NoDevice-os-ip-4": 244,
          "KomakiPCA5NoDevice-os-app-0": 298,
          "KomakiPCA5NoDevice-os-app-1": 242,
          "KomakiPCA5NoDevice-os-app-2": 142,
          "KomakiPCA5NoDevice-os-app-3": 310,
          "KomakiPCA5NoDevice-os-app-4": 299,
          "KomakiPCA5NoDevice-os-channel-0": 278,
          "KomakiPCA5NoDevice-os-channel-1": 371,
          "KomakiPCA5NoDevice-os-channel-2": 216,
          "KomakiPCA5NoDevice-os-channel-3": 216,
          "KomakiPCA5NoDevice-os-channel-4": 226,
          "KomakiPCA5NoDevice-channel-ip-0": 408,
          "KomakiPCA5NoDevice-channel-ip-1": 413,
          "KomakiPCA5NoDevice-channel-ip-2": 393,
          "KomakiPCA5NoDevice-channel-ip-3": 407,
          "KomakiPCA5NoDevice-channel-ip-4": 420,
          "KomakiPCA5NoDevice-channel-app-0": 323,
          "KomakiPCA5NoDevice-channel-app-1": 293,
          "KomakiPCA5NoDevice-channel-app-2": 302,
          "KomakiPCA5NoDevice-channel-app-3": 291,
          "KomakiPCA5NoDevice-channel-app-4": 318,
          "KomakiPCA5NoDevice-channel-os-0": 340,
          "KomakiPCA5NoDevice-channel-os-1": 345,
          "KomakiPCA5NoDevice-channel-os-2": 360,
          "KomakiPCA5NoDevice-channel-os-3": 315,
          "KomakiPCA5NoDevice-channel-os-4": 336
        }
      }
    ],
    "average_train_auc": 0.9946286849836481,
    "average_valid_auc": 0.9847889482043973,
    "train_auc_std": 0.00044850255142061954,
    "valid_auc_std": 9.042945429677282e-05,
    "average_train_time": 435.0610363960266
  },
  "config": {
    "features": [
      "app",
      "hour",
      "count",
      "future_click_count_10",
      "future_click_count_80",
      "next_click_time_delta",
      "prev_click_time_delta",
      "average_attributed_ratio",
      "komaki_lda_5_no_device",
      "komaki_pca_5_no_device"
    ],
    "model": {
      "name": "lightgbm",
      "model_params": {
        "boosting_type": "gbdt",
        "objective": "binary",
        "metric": "auc",
        "learning_rate": 0.03,
        "num_leaves": 255,
        "max_depth": 8,
        "min_child_samples": 10,
        "max_bin": 100,
        "subsample": 0.7,
        "subsample_freq": 1,
        "colsample_bytree": 0.7,
        "min_child_weight": 0,
        "subsample_for_bin": 200000,
        "min_split_gain": 0,
        "reg_alpha": 0,
        "reg_lambda": 0,
        "verbose": 0
      },
      "train_params": {
        "num_boost_round": 1000,
        "early_stopping_rounds": 30
      }
    },
    "dataset": {
      "input_directory": "data/input/",
      "cache_directory": "data/working/",
      "validation_ratio": 0.33333333333,
      "full_data_train": true,
      "files": {
        "train": "train.feather",
        "test": "old_test.feather"
      },
      "negative_down_sampling": {
        "enabled": true,
        "bagging_size": 5,
        "random_state": 114514
      }
    },
    "note": "47 - NMF"
  }
}