{
  "training": {
    "trials": [
      {
        "train_auc": 0.9891439897411511,
        "valid_auc": 0.9841128549221857,
        "best_iteration": 367,
        "train_time": 155.87854552268982,
        "feature_importance": {
          "ip": 2746,
          "os": 376,
          "app": 771,
          "channel": 978,
          "hour": 532,
          "n_channels": 152,
          "ip_app_count": 123,
          "ip_app_os_count": 152,
          "FutureClickCount_600-ip": 36,
          "FutureClickCount_600-app": 14,
          "FutureClickCount_600-ip-app": 4,
          "FutureClickCount_600-dev": 67,
          "FutureClickCount_600-ip-dev": 24,
          "FutureClickCount_600-app-dev": 19,
          "FutureClickCount_600-ip-app-dev": 3,
          "FutureClickCount_600-os": 16,
          "FutureClickCount_600-ip-os": 1,
          "FutureClickCount_600-app-os": 10,
          "FutureClickCount_600-ip-app-os": 40,
          "FutureClickCount_600-dev-os": 120,
          "FutureClickCount_600-ip-dev-os": 5,
          "FutureClickCount_600-app-dev-os": 57,
          "FutureClickCount_600-ip-app-dev-os": 107,
          "FutureClickCount_600-cha": 10,
          "FutureClickCount_600-ip-cha": 0,
          "FutureClickCount_600-app-cha": 72,
          "FutureClickCount_600-ip-app-cha": 0,
          "FutureClickCount_600-dev-cha": 4,
          "FutureClickCount_600-ip-dev-cha": 0,
          "FutureClickCount_600-app-dev-cha": 10,
          "FutureClickCount_600-ip-app-dev-cha": 0,
          "FutureClickCount_600-os-cha": 1,
          "FutureClickCount_600-ip-os-cha": 1,
          "FutureClickCount_600-app-os-cha": 4,
          "FutureClickCount_600-ip-app-os-cha": 3,
          "FutureClickCount_600-dev-os-cha": 5,
          "FutureClickCount_600-ip-dev-os-cha": 4,
          "FutureClickCount_600-app-dev-os-cha": 2,
          "FutureClickCount_600-ip-app-dev-os-cha": 22,
          "FutureClickCount_4800-ip": 169,
          "FutureClickCount_4800-app": 7,
          "FutureClickCount_4800-ip-app": 9,
          "FutureClickCount_4800-dev": 5,
          "FutureClickCount_4800-ip-dev": 163,
          "FutureClickCount_4800-app-dev": 2,
          "FutureClickCount_4800-ip-app-dev": 7,
          "FutureClickCount_4800-os": 2,
          "FutureClickCount_4800-ip-os": 25,
          "FutureClickCount_4800-app-os": 19,
          "FutureClickCount_4800-ip-app-os": 33,
          "FutureClickCount_4800-dev-os": 40,
          "FutureClickCount_4800-ip-dev-os": 69,
          "FutureClickCount_4800-app-dev-os": 76,
          "FutureClickCount_4800-ip-app-dev-os": 73,
          "FutureClickCount_4800-cha": 9,
          "FutureClickCount_4800-ip-cha": 0,
          "FutureClickCount_4800-app-cha": 55,
          "FutureClickCount_4800-ip-app-cha": 5,
          "FutureClickCount_4800-dev-cha": 2,
          "FutureClickCount_4800-ip-dev-cha": 1,
          "FutureClickCount_4800-app-dev-cha": 10,
          "FutureClickCount_4800-ip-app-dev-cha": 2,
          "FutureClickCount_4800-os-cha": 3,
          "FutureClickCount_4800-ip-os-cha": 0,
          "FutureClickCount_4800-app-os-cha": 8,
          "FutureClickCount_4800-ip-app-os-cha": 1,
          "FutureClickCount_4800-dev-os-cha": 8,
          "FutureClickCount_4800-ip-dev-os-cha": 1,
          "FutureClickCount_4800-app-dev-os-cha": 6,
          "FutureClickCount_4800-ip-app-dev-os-cha": 6,
          "NextClickTimeDelta-ip": 69,
          "NextClickTimeDelta-app": 3,
          "NextClickTimeDelta-ip-app": 66,
          "NextClickTimeDelta-dev": 4,
          "NextClickTimeDelta-ip-dev": 29,
          "NextClickTimeDelta-app-dev": 1,
          "NextClickTimeDelta-ip-app-dev": 37,
          "NextClickTimeDelta-os": 0,
          "NextClickTimeDelta-ip-os": 43,
          "NextClickTimeDelta-app-os": 2,
          "NextClickTimeDelta-ip-app-os": 316,
          "NextClickTimeDelta-dev-os": 11,
          "NextClickTimeDelta-ip-dev-os": 38,
          "NextClickTimeDelta-app-dev-os": 2,
          "NextClickTimeDelta-ip-app-dev-os": 646,
          "NextClickTimeDelta-cha": 6,
          "NextClickTimeDelta-ip-cha": 14,
          "NextClickTimeDelta-app-cha": 13,
          "NextClickTimeDelta-ip-app-cha": 19,
          "NextClickTimeDelta-dev-cha": 0,
          "NextClickTimeDelta-ip-dev-cha": 7,
          "NextClickTimeDelta-app-dev-cha": 0,
          "NextClickTimeDelta-ip-app-dev-cha": 21,
          "NextClickTimeDelta-os-cha": 1,
          "NextClickTimeDelta-ip-os-cha": 5,
          "NextClickTimeDelta-app-os-cha": 4,
          "NextClickTimeDelta-ip-app-os-cha": 53,
          "NextClickTimeDelta-dev-os-cha": 2,
          "NextClickTimeDelta-ip-dev-os-cha": 9,
          "NextClickTimeDelta-app-dev-os-cha": 0,
          "NextClickTimeDelta-ip-app-dev-os-cha": 103,
          "PrevClickTimeDelta-ip": 39,
          "PrevClickTimeDelta-app": 0,
          "PrevClickTimeDelta-ip-app": 8,
          "PrevClickTimeDelta-dev": 0,
          "PrevClickTimeDelta-ip-dev": 10,
          "PrevClickTimeDelta-app-dev": 0,
          "PrevClickTimeDelta-ip-app-dev": 7,
          "PrevClickTimeDelta-os": 1,
          "PrevClickTimeDelta-ip-os": 6,
          "PrevClickTimeDelta-app-os": 2,
          "PrevClickTimeDelta-ip-app-os": 29,
          "PrevClickTimeDelta-dev-os": 0,
          "PrevClickTimeDelta-ip-dev-os": 5,
          "PrevClickTimeDelta-app-dev-os": 4,
          "PrevClickTimeDelta-ip-app-dev-os": 33,
          "PrevClickTimeDelta-cha": 0,
          "PrevClickTimeDelta-ip-cha": 2,
          "PrevClickTimeDelta-app-cha": 1,
          "PrevClickTimeDelta-ip-app-cha": 4,
          "PrevClickTimeDelta-dev-cha": 0,
          "PrevClickTimeDelta-ip-dev-cha": 4,
          "PrevClickTimeDelta-app-dev-cha": 1,
          "PrevClickTimeDelta-ip-app-dev-cha": 1,
          "PrevClickTimeDelta-os-cha": 0,
          "PrevClickTimeDelta-ip-os-cha": 1,
          "PrevClickTimeDelta-app-os-cha": 0,
          "PrevClickTimeDelta-ip-app-os-cha": 1,
          "PrevClickTimeDelta-dev-os-cha": 0,
          "PrevClickTimeDelta-ip-dev-os-cha": 0,
          "PrevClickTimeDelta-app-dev-os-cha": 0,
          "PrevClickTimeDelta-ip-app-dev-os-cha": 1,
          "AverageAttributedRatio-ip": 13,
          "AverageAttributedRatio-app": 24,
          "AverageAttributedRatio-ip-app": 27,
          "AverageAttributedRatio-dev": 11,
          "AverageAttributedRatio-ip-dev": 6,
          "AverageAttributedRatio-app-dev": 15,
          "AverageAttributedRatio-ip-app-dev": 62,
          "AverageAttributedRatio-os": 7,
          "AverageAttributedRatio-ip-os": 2,
          "AverageAttributedRatio-app-os": 18,
          "AverageAttributedRatio-ip-app-os": 3,
          "AverageAttributedRatio-dev-os": 3,
          "AverageAttributedRatio-ip-dev-os": 5,
          "AverageAttributedRatio-app-dev-os": 39,
          "AverageAttributedRatio-ip-app-dev-os": 4,
          "AverageAttributedRatio-cha": 11,
          "AverageAttributedRatio-ip-cha": 3,
          "AverageAttributedRatio-app-cha": 26,
          "AverageAttributedRatio-ip-app-cha": 4,
          "AverageAttributedRatio-dev-cha": 4,
          "AverageAttributedRatio-ip-dev-cha": 0,
          "AverageAttributedRatio-app-dev-cha": 26,
          "AverageAttributedRatio-ip-app-dev-cha": 1,
          "AverageAttributedRatio-os-cha": 10,
          "AverageAttributedRatio-ip-os-cha": 1,
          "AverageAttributedRatio-app-os-cha": 48,
          "AverageAttributedRatio-ip-app-os-cha": 0,
          "AverageAttributedRatio-dev-os-cha": 9,
          "AverageAttributedRatio-ip-dev-os-cha": 0,
          "AverageAttributedRatio-app-dev-os-cha": 57,
          "AverageAttributedRatio-ip-app-dev-os-cha": 0,
          "KomakiLDA5NoDevice-ip-app-0": 174,
          "KomakiLDA5NoDevice-ip-app-1": 84,
          "KomakiLDA5NoDevice-ip-app-2": 71,
          "KomakiLDA5NoDevice-ip-app-3": 53,
          "KomakiLDA5NoDevice-ip-app-4": 39,
          "KomakiLDA5NoDevice-ip-os-0": 32,
          "KomakiLDA5NoDevice-ip-os-1": 70,
          "KomakiLDA5NoDevice-ip-os-2": 102,
          "KomakiLDA5NoDevice-ip-os-3": 53,
          "KomakiLDA5NoDevice-ip-os-4": 17,
          "KomakiLDA5NoDevice-ip-channel-0": 56,
          "KomakiLDA5NoDevice-ip-channel-1": 80,
          "KomakiLDA5NoDevice-ip-channel-2": 95,
          "KomakiLDA5NoDevice-ip-channel-3": 24,
          "KomakiLDA5NoDevice-ip-channel-4": 92,
          "KomakiLDA5NoDevice-app-ip-0": 55,
          "KomakiLDA5NoDevice-app-ip-1": 27,
          "KomakiLDA5NoDevice-app-ip-2": 31,
          "KomakiLDA5NoDevice-app-ip-3": 38,
          "KomakiLDA5NoDevice-app-ip-4": 41,
          "KomakiLDA5NoDevice-app-os-0": 17,
          "KomakiLDA5NoDevice-app-os-1": 85,
          "KomakiLDA5NoDevice-app-os-2": 35,
          "KomakiLDA5NoDevice-app-os-3": 16,
          "KomakiLDA5NoDevice-app-os-4": 67,
          "KomakiLDA5NoDevice-app-channel-0": 28,
          "KomakiLDA5NoDevice-app-channel-1": 17,
          "KomakiLDA5NoDevice-app-channel-2": 34,
          "KomakiLDA5NoDevice-app-channel-3": 36,
          "KomakiLDA5NoDevice-app-channel-4": 18,
          "KomakiLDA5NoDevice-os-ip-0": 15,
          "KomakiLDA5NoDevice-os-ip-1": 3,
          "KomakiLDA5NoDevice-os-ip-2": 1,
          "KomakiLDA5NoDevice-os-ip-3": 1,
          "KomakiLDA5NoDevice-os-ip-4": 6,
          "KomakiLDA5NoDevice-os-app-0": 50,
          "KomakiLDA5NoDevice-os-app-1": 2,
          "KomakiLDA5NoDevice-os-app-2": 3,
          "KomakiLDA5NoDevice-os-app-3": 22,
          "KomakiLDA5NoDevice-os-app-4": 7,
          "KomakiLDA5NoDevice-os-channel-0": 24,
          "KomakiLDA5NoDevice-os-channel-1": 2,
          "KomakiLDA5NoDevice-os-channel-2": 38,
          "KomakiLDA5NoDevice-os-channel-3": 32,
          "KomakiLDA5NoDevice-os-channel-4": 7,
          "KomakiLDA5NoDevice-channel-ip-0": 7,
          "KomakiLDA5NoDevice-channel-ip-1": 7,
          "KomakiLDA5NoDevice-channel-ip-2": 6,
          "KomakiLDA5NoDevice-channel-ip-3": 9,
          "KomakiLDA5NoDevice-channel-ip-4": 2,
          "KomakiLDA5NoDevice-channel-app-0": 7,
          "KomakiLDA5NoDevice-channel-app-1": 0,
          "KomakiLDA5NoDevice-channel-app-2": 4,
          "KomakiLDA5NoDevice-channel-app-3": 10,
          "KomakiLDA5NoDevice-channel-app-4": 16,
          "KomakiLDA5NoDevice-channel-os-0": 8,
          "KomakiLDA5NoDevice-channel-os-1": 38,
          "KomakiLDA5NoDevice-channel-os-2": 13,
          "KomakiLDA5NoDevice-channel-os-3": 13,
          "KomakiLDA5NoDevice-channel-os-4": 7
        }
      },
      {
        "train_auc": 0.9883002403845946,
        "valid_auc": 0.984035806001005,
        "best_iteration": 291,
        "train_time": 122.18349146842957,
        "feature_importance": {
          "ip": 1622,
          "os": 310,
          "app": 712,
          "channel": 840,
          "hour": 421,
          "n_channels": 142,
          "ip_app_count": 133,
          "ip_app_os_count": 143,
          "FutureClickCount_600-ip": 22,
          "FutureClickCount_600-app": 12,
          "FutureClickCount_600-ip-app": 3,
          "FutureClickCount_600-dev": 63,
          "FutureClickCount_600-ip-dev": 25,
          "FutureClickCount_600-app-dev": 6,
          "FutureClickCount_600-ip-app-dev": 0,
          "FutureClickCount_600-os": 15,
          "FutureClickCount_600-ip-os": 2,
          "FutureClickCount_600-app-os": 14,
          "FutureClickCount_600-ip-app-os": 42,
          "FutureClickCount_600-dev-os": 100,
          "FutureClickCount_600-ip-dev-os": 3,
          "FutureClickCount_600-app-dev-os": 51,
          "FutureClickCount_600-ip-app-dev-os": 84,
          "FutureClickCount_600-cha": 3,
          "FutureClickCount_600-ip-cha": 1,
          "FutureClickCount_600-app-cha": 62,
          "FutureClickCount_600-ip-app-cha": 0,
          "FutureClickCount_600-dev-cha": 0,
          "FutureClickCount_600-ip-dev-cha": 0,
          "FutureClickCount_600-app-dev-cha": 6,
          "FutureClickCount_600-ip-app-dev-cha": 0,
          "FutureClickCount_600-os-cha": 0,
          "FutureClickCount_600-ip-os-cha": 1,
          "FutureClickCount_600-app-os-cha": 16,
          "FutureClickCount_600-ip-app-os-cha": 5,
          "FutureClickCount_600-dev-os-cha": 4,
          "FutureClickCount_600-ip-dev-os-cha": 0,
          "FutureClickCount_600-app-dev-os-cha": 2,
          "FutureClickCount_600-ip-app-dev-os-cha": 11,
          "FutureClickCount_4800-ip": 138,
          "FutureClickCount_4800-app": 7,
          "FutureClickCount_4800-ip-app": 8,
          "FutureClickCount_4800-dev": 0,
          "FutureClickCount_4800-ip-dev": 151,
          "FutureClickCount_4800-app-dev": 4,
          "FutureClickCount_4800-ip-app-dev": 6,
          "FutureClickCount_4800-os": 1,
          "FutureClickCount_4800-ip-os": 30,
          "FutureClickCount_4800-app-os": 14,
          "FutureClickCount_4800-ip-app-os": 34,
          "FutureClickCount_4800-dev-os": 26,
          "FutureClickCount_4800-ip-dev-os": 64,
          "FutureClickCount_4800-app-dev-os": 69,
          "FutureClickCount_4800-ip-app-dev-os": 65,
          "FutureClickCount_4800-cha": 10,
          "FutureClickCount_4800-ip-cha": 0,
          "FutureClickCount_4800-app-cha": 42,
          "FutureClickCount_4800-ip-app-cha": 1,
          "FutureClickCount_4800-dev-cha": 0,
          "FutureClickCount_4800-ip-dev-cha": 0,
          "FutureClickCount_4800-app-dev-cha": 6,
          "FutureClickCount_4800-ip-app-dev-cha": 0,
          "FutureClickCount_4800-os-cha": 1,
          "FutureClickCount_4800-ip-os-cha": 0,
          "FutureClickCount_4800-app-os-cha": 5,
          "FutureClickCount_4800-ip-app-os-cha": 3,
          "FutureClickCount_4800-dev-os-cha": 2,
          "FutureClickCount_4800-ip-dev-os-cha": 0,
          "FutureClickCount_4800-app-dev-os-cha": 2,
          "FutureClickCount_4800-ip-app-dev-os-cha": 3,
          "NextClickTimeDelta-ip": 69,
          "NextClickTimeDelta-app": 1,
          "NextClickTimeDelta-ip-app": 60,
          "NextClickTimeDelta-dev": 1,
          "NextClickTimeDelta-ip-dev": 26,
          "NextClickTimeDelta-app-dev": 0,
          "NextClickTimeDelta-ip-app-dev": 22,
          "NextClickTimeDelta-os": 0,
          "NextClickTimeDelta-ip-os": 38,
          "NextClickTimeDelta-app-os": 0,
          "NextClickTimeDelta-ip-app-os": 290,
          "NextClickTimeDelta-dev-os": 10,
          "NextClickTimeDelta-ip-dev-os": 30,
          "NextClickTimeDelta-app-dev-os": 2,
          "NextClickTimeDelta-ip-app-dev-os": 592,
          "NextClickTimeDelta-cha": 0,
          "NextClickTimeDelta-ip-cha": 20,
          "NextClickTimeDelta-app-cha": 8,
          "NextClickTimeDelta-ip-app-cha": 18,
          "NextClickTimeDelta-dev-cha": 0,
          "NextClickTimeDelta-ip-dev-cha": 5,
          "NextClickTimeDelta-app-dev-cha": 0,
          "NextClickTimeDelta-ip-app-dev-cha": 8,
          "NextClickTimeDelta-os-cha": 0,
          "NextClickTimeDelta-ip-os-cha": 5,
          "NextClickTimeDelta-app-os-cha": 1,
          "NextClickTimeDelta-ip-app-os-cha": 50,
          "NextClickTimeDelta-dev-os-cha": 0,
          "NextClickTimeDelta-ip-dev-os-cha": 7,
          "NextClickTimeDelta-app-dev-os-cha": 0,
          "NextClickTimeDelta-ip-app-dev-os-cha": 77,
          "PrevClickTimeDelta-ip": 41,
          "PrevClickTimeDelta-app": 0,
          "PrevClickTimeDelta-ip-app": 7,
          "PrevClickTimeDelta-dev": 1,
          "PrevClickTimeDelta-ip-dev": 1,
          "PrevClickTimeDelta-app-dev": 0,
          "PrevClickTimeDelta-ip-app-dev": 4,
          "PrevClickTimeDelta-os": 1,
          "PrevClickTimeDelta-ip-os": 7,
          "PrevClickTimeDelta-app-os": 1,
          "PrevClickTimeDelta-ip-app-os": 26,
          "PrevClickTimeDelta-dev-os": 2,
          "PrevClickTimeDelta-ip-dev-os": 2,
          "PrevClickTimeDelta-app-dev-os": 4,
          "PrevClickTimeDelta-ip-app-dev-os": 28,
          "PrevClickTimeDelta-cha": 0,
          "PrevClickTimeDelta-ip-cha": 4,
          "PrevClickTimeDelta-app-cha": 0,
          "PrevClickTimeDelta-ip-app-cha": 1,
          "PrevClickTimeDelta-dev-cha": 0,
          "PrevClickTimeDelta-ip-dev-cha": 1,
          "PrevClickTimeDelta-app-dev-cha": 0,
          "PrevClickTimeDelta-ip-app-dev-cha": 0,
          "PrevClickTimeDelta-os-cha": 1,
          "PrevClickTimeDelta-ip-os-cha": 0,
          "PrevClickTimeDelta-app-os-cha": 0,
          "PrevClickTimeDelta-ip-app-os-cha": 1,
          "PrevClickTimeDelta-dev-os-cha": 0,
          "PrevClickTimeDelta-ip-dev-os-cha": 0,
          "PrevClickTimeDelta-app-dev-os-cha": 3,
          "PrevClickTimeDelta-ip-app-dev-os-cha": 2,
          "AverageAttributedRatio-ip": 11,
          "AverageAttributedRatio-app": 16,
          "AverageAttributedRatio-ip-app": 33,
          "AverageAttributedRatio-dev": 8,
          "AverageAttributedRatio-ip-dev": 7,
          "AverageAttributedRatio-app-dev": 14,
          "AverageAttributedRatio-ip-app-dev": 47,
          "AverageAttributedRatio-os": 2,
          "AverageAttributedRatio-ip-os": 2,
          "AverageAttributedRatio-app-os": 9,
          "AverageAttributedRatio-ip-app-os": 0,
          "AverageAttributedRatio-dev-os": 1,
          "AverageAttributedRatio-ip-dev-os": 9,
          "AverageAttributedRatio-app-dev-os": 37,
          "AverageAttributedRatio-ip-app-dev-os": 1,
          "AverageAttributedRatio-cha": 13,
          "AverageAttributedRatio-ip-cha": 2,
          "AverageAttributedRatio-app-cha": 21,
          "AverageAttributedRatio-ip-app-cha": 3,
          "AverageAttributedRatio-dev-cha": 4,
          "AverageAttributedRatio-ip-dev-cha": 0,
          "AverageAttributedRatio-app-dev-cha": 17,
          "AverageAttributedRatio-ip-app-dev-cha": 5,
          "AverageAttributedRatio-os-cha": 5,
          "AverageAttributedRatio-ip-os-cha": 1,
          "AverageAttributedRatio-app-os-cha": 49,
          "AverageAttributedRatio-ip-app-os-cha": 0,
          "AverageAttributedRatio-dev-os-cha": 7,
          "AverageAttributedRatio-ip-dev-os-cha": 0,
          "AverageAttributedRatio-app-dev-os-cha": 53,
          "AverageAttributedRatio-ip-app-dev-os-cha": 0,
          "KomakiLDA5NoDevice-ip-app-0": 137,
          "KomakiLDA5NoDevice-ip-app-1": 71,
          "KomakiLDA5NoDevice-ip-app-2": 32,
          "KomakiLDA5NoDevice-ip-app-3": 37,
          "KomakiLDA5NoDevice-ip-app-4": 34,
          "KomakiLDA5NoDevice-ip-os-0": 14,
          "KomakiLDA5NoDevice-ip-os-1": 61,
          "KomakiLDA5NoDevice-ip-os-2": 93,
          "KomakiLDA5NoDevice-ip-os-3": 46,
          "KomakiLDA5NoDevice-ip-os-4": 12,
          "KomakiLDA5NoDevice-ip-channel-0": 42,
          "KomakiLDA5NoDevice-ip-channel-1": 75,
          "KomakiLDA5NoDevice-ip-channel-2": 66,
          "KomakiLDA5NoDevice-ip-channel-3": 22,
          "KomakiLDA5NoDevice-ip-channel-4": 45,
          "KomakiLDA5NoDevice-app-ip-0": 59,
          "KomakiLDA5NoDevice-app-ip-1": 31,
          "KomakiLDA5NoDevice-app-ip-2": 35,
          "KomakiLDA5NoDevice-app-ip-3": 16,
          "KomakiLDA5NoDevice-app-ip-4": 24,
          "KomakiLDA5NoDevice-app-os-0": 16,
          "KomakiLDA5NoDevice-app-os-1": 79,
          "KomakiLDA5NoDevice-app-os-2": 23,
          "KomakiLDA5NoDevice-app-os-3": 18,
          "KomakiLDA5NoDevice-app-os-4": 63,
          "KomakiLDA5NoDevice-app-channel-0": 34,
          "KomakiLDA5NoDevice-app-channel-1": 11,
          "KomakiLDA5NoDevice-app-channel-2": 24,
          "KomakiLDA5NoDevice-app-channel-3": 28,
          "KomakiLDA5NoDevice-app-channel-4": 16,
          "KomakiLDA5NoDevice-os-ip-0": 15,
          "KomakiLDA5NoDevice-os-ip-1": 1,
          "KomakiLDA5NoDevice-os-ip-2": 0,
          "KomakiLDA5NoDevice-os-ip-3": 4,
          "KomakiLDA5NoDevice-os-ip-4": 11,
          "KomakiLDA5NoDevice-os-app-0": 40,
          "KomakiLDA5NoDevice-os-app-1": 1,
          "KomakiLDA5NoDevice-os-app-2": 7,
          "KomakiLDA5NoDevice-os-app-3": 18,
          "KomakiLDA5NoDevice-os-app-4": 7,
          "KomakiLDA5NoDevice-os-channel-0": 19,
          "KomakiLDA5NoDevice-os-channel-1": 4,
          "KomakiLDA5NoDevice-os-channel-2": 31,
          "KomakiLDA5NoDevice-os-channel-3": 41,
          "KomakiLDA5NoDevice-os-channel-4": 3,
          "KomakiLDA5NoDevice-channel-ip-0": 2,
          "KomakiLDA5NoDevice-channel-ip-1": 2,
          "KomakiLDA5NoDevice-channel-ip-2": 4,
          "KomakiLDA5NoDevice-channel-ip-3": 6,
          "KomakiLDA5NoDevice-channel-ip-4": 5,
          "KomakiLDA5NoDevice-channel-app-0": 7,
          "KomakiLDA5NoDevice-channel-app-1": 7,
          "KomakiLDA5NoDevice-channel-app-2": 8,
          "KomakiLDA5NoDevice-channel-app-3": 7,
          "KomakiLDA5NoDevice-channel-app-4": 11,
          "KomakiLDA5NoDevice-channel-os-0": 4,
          "KomakiLDA5NoDevice-channel-os-1": 40,
          "KomakiLDA5NoDevice-channel-os-2": 9,
          "KomakiLDA5NoDevice-channel-os-3": 18,
          "KomakiLDA5NoDevice-channel-os-4": 2
        }
      },
      {
        "train_auc": 0.9893792084222166,
        "valid_auc": 0.9840259874697178,
        "best_iteration": 396,
        "train_time": 162.5409815311432,
        "feature_importance": {
          "ip": 3021,
          "os": 436,
          "app": 842,
          "channel": 1058,
          "hour": 539,
          "n_channels": 163,
          "ip_app_count": 134,
          "ip_app_os_count": 158,
          "FutureClickCount_600-ip": 40,
          "FutureClickCount_600-app": 24,
          "FutureClickCount_600-ip-app": 2,
          "FutureClickCount_600-dev": 66,
          "FutureClickCount_600-ip-dev": 29,
          "FutureClickCount_600-app-dev": 17,
          "FutureClickCount_600-ip-app-dev": 1,
          "FutureClickCount_600-os": 21,
          "FutureClickCount_600-ip-os": 4,
          "FutureClickCount_600-app-os": 9,
          "FutureClickCount_600-ip-app-os": 45,
          "FutureClickCount_600-dev-os": 123,
          "FutureClickCount_600-ip-dev-os": 6,
          "FutureClickCount_600-app-dev-os": 72,
          "FutureClickCount_600-ip-app-dev-os": 107,
          "FutureClickCount_600-cha": 3,
          "FutureClickCount_600-ip-cha": 0,
          "FutureClickCount_600-app-cha": 71,
          "FutureClickCount_600-ip-app-cha": 1,
          "FutureClickCount_600-dev-cha": 1,
          "FutureClickCount_600-ip-dev-cha": 2,
          "FutureClickCount_600-app-dev-cha": 12,
          "FutureClickCount_600-ip-app-dev-cha": 3,
          "FutureClickCount_600-os-cha": 0,
          "FutureClickCount_600-ip-os-cha": 2,
          "FutureClickCount_600-app-os-cha": 13,
          "FutureClickCount_600-ip-app-os-cha": 4,
          "FutureClickCount_600-dev-os-cha": 6,
          "FutureClickCount_600-ip-dev-os-cha": 2,
          "FutureClickCount_600-app-dev-os-cha": 2,
          "FutureClickCount_600-ip-app-dev-os-cha": 18,
          "FutureClickCount_4800-ip": 154,
          "FutureClickCount_4800-app": 10,
          "FutureClickCount_4800-ip-app": 10,
          "FutureClickCount_4800-dev": 5,
          "FutureClickCount_4800-ip-dev": 174,
          "FutureClickCount_4800-app-dev": 9,
          "FutureClickCount_4800-ip-app-dev": 10,
          "FutureClickCount_4800-os": 4,
          "FutureClickCount_4800-ip-os": 23,
          "FutureClickCount_4800-app-os": 21,
          "FutureClickCount_4800-ip-app-os": 25,
          "FutureClickCount_4800-dev-os": 35,
          "FutureClickCount_4800-ip-dev-os": 63,
          "FutureClickCount_4800-app-dev-os": 79,
          "FutureClickCount_4800-ip-app-dev-os": 68,
          "FutureClickCount_4800-cha": 5,
          "FutureClickCount_4800-ip-cha": 3,
          "FutureClickCount_4800-app-cha": 71,
          "FutureClickCount_4800-ip-app-cha": 3,
          "FutureClickCount_4800-dev-cha": 2,
          "FutureClickCount_4800-ip-dev-cha": 1,
          "FutureClickCount_4800-app-dev-cha": 11,
          "FutureClickCount_4800-ip-app-dev-cha": 1,
          "FutureClickCount_4800-os-cha": 5,
          "FutureClickCount_4800-ip-os-cha": 0,
          "FutureClickCount_4800-app-os-cha": 10,
          "FutureClickCount_4800-ip-app-os-cha": 2,
          "FutureClickCount_4800-dev-os-cha": 3,
          "FutureClickCount_4800-ip-dev-os-cha": 1,
          "FutureClickCount_4800-app-dev-os-cha": 3,
          "FutureClickCount_4800-ip-app-dev-os-cha": 7,
          "NextClickTimeDelta-ip": 71,
          "NextClickTimeDelta-app": 5,
          "NextClickTimeDelta-ip-app": 69,
          "NextClickTimeDelta-dev": 6,
          "NextClickTimeDelta-ip-dev": 37,
          "NextClickTimeDelta-app-dev": 0,
          "NextClickTimeDelta-ip-app-dev": 31,
          "NextClickTimeDelta-os": 3,
          "NextClickTimeDelta-ip-os": 40,
          "NextClickTimeDelta-app-os": 2,
          "NextClickTimeDelta-ip-app-os": 339,
          "NextClickTimeDelta-dev-os": 12,
          "NextClickTimeDelta-ip-dev-os": 40,
          "NextClickTimeDelta-app-dev-os": 4,
          "NextClickTimeDelta-ip-app-dev-os": 673,
          "NextClickTimeDelta-cha": 0,
          "NextClickTimeDelta-ip-cha": 21,
          "NextClickTimeDelta-app-cha": 13,
          "NextClickTimeDelta-ip-app-cha": 21,
          "NextClickTimeDelta-dev-cha": 2,
          "NextClickTimeDelta-ip-dev-cha": 5,
          "NextClickTimeDelta-app-dev-cha": 4,
          "NextClickTimeDelta-ip-app-dev-cha": 14,
          "NextClickTimeDelta-os-cha": 0,
          "NextClickTimeDelta-ip-os-cha": 2,
          "NextClickTimeDelta-app-os-cha": 4,
          "NextClickTimeDelta-ip-app-os-cha": 44,
          "NextClickTimeDelta-dev-os-cha": 1,
          "NextClickTimeDelta-ip-dev-os-cha": 8,
          "NextClickTimeDelta-app-dev-os-cha": 5,
          "NextClickTimeDelta-ip-app-dev-os-cha": 100,
          "PrevClickTimeDelta-ip": 46,
          "PrevClickTimeDelta-app": 3,
          "PrevClickTimeDelta-ip-app": 4,
          "PrevClickTimeDelta-dev": 1,
          "PrevClickTimeDelta-ip-dev": 11,
          "PrevClickTimeDelta-app-dev": 0,
          "PrevClickTimeDelta-ip-app-dev": 9,
          "PrevClickTimeDelta-os": 0,
          "PrevClickTimeDelta-ip-os": 17,
          "PrevClickTimeDelta-app-os": 3,
          "PrevClickTimeDelta-ip-app-os": 26,
          "PrevClickTimeDelta-dev-os": 0,
          "PrevClickTimeDelta-ip-dev-os": 10,
          "PrevClickTimeDelta-app-dev-os": 9,
          "PrevClickTimeDelta-ip-app-dev-os": 38,
          "PrevClickTimeDelta-cha": 1,
          "PrevClickTimeDelta-ip-cha": 7,
          "PrevClickTimeDelta-app-cha": 5,
          "PrevClickTimeDelta-ip-app-cha": 4,
          "PrevClickTimeDelta-dev-cha": 0,
          "PrevClickTimeDelta-ip-dev-cha": 5,
          "PrevClickTimeDelta-app-dev-cha": 2,
          "PrevClickTimeDelta-ip-app-dev-cha": 3,
          "PrevClickTimeDelta-os-cha": 3,
          "PrevClickTimeDelta-ip-os-cha": 3,
          "PrevClickTimeDelta-app-os-cha": 3,
          "PrevClickTimeDelta-ip-app-os-cha": 5,
          "PrevClickTimeDelta-dev-os-cha": 0,
          "PrevClickTimeDelta-ip-dev-os-cha": 3,
          "PrevClickTimeDelta-app-dev-os-cha": 3,
          "PrevClickTimeDelta-ip-app-dev-os-cha": 2,
          "AverageAttributedRatio-ip": 25,
          "AverageAttributedRatio-app": 25,
          "AverageAttributedRatio-ip-app": 43,
          "AverageAttributedRatio-dev": 18,
          "AverageAttributedRatio-ip-dev": 12,
          "AverageAttributedRatio-app-dev": 25,
          "AverageAttributedRatio-ip-app-dev": 60,
          "AverageAttributedRatio-os": 6,
          "AverageAttributedRatio-ip-os": 5,
          "AverageAttributedRatio-app-os": 24,
          "AverageAttributedRatio-ip-app-os": 2,
          "AverageAttributedRatio-dev-os": 2,
          "AverageAttributedRatio-ip-dev-os": 6,
          "AverageAttributedRatio-app-dev-os": 42,
          "AverageAttributedRatio-ip-app-dev-os": 4,
          "AverageAttributedRatio-cha": 21,
          "AverageAttributedRatio-ip-cha": 5,
          "AverageAttributedRatio-app-cha": 25,
          "AverageAttributedRatio-ip-app-cha": 1,
          "AverageAttributedRatio-dev-cha": 9,
          "AverageAttributedRatio-ip-dev-cha": 0,
          "AverageAttributedRatio-app-dev-cha": 17,
          "AverageAttributedRatio-ip-app-dev-cha": 8,
          "AverageAttributedRatio-os-cha": 15,
          "AverageAttributedRatio-ip-os-cha": 0,
          "AverageAttributedRatio-app-os-cha": 61,
          "AverageAttributedRatio-ip-app-os-cha": 1,
          "AverageAttributedRatio-dev-os-cha": 19,
          "AverageAttributedRatio-ip-dev-os-cha": 0,
          "AverageAttributedRatio-app-dev-os-cha": 56,
          "AverageAttributedRatio-ip-app-dev-os-cha": 0,
          "KomakiLDA5NoDevice-ip-app-0": 184,
          "KomakiLDA5NoDevice-ip-app-1": 110,
          "KomakiLDA5NoDevice-ip-app-2": 78,
          "KomakiLDA5NoDevice-ip-app-3": 43,
          "KomakiLDA5NoDevice-ip-app-4": 51,
          "KomakiLDA5NoDevice-ip-os-0": 39,
          "KomakiLDA5NoDevice-ip-os-1": 89,
          "KomakiLDA5NoDevice-ip-os-2": 120,
          "KomakiLDA5NoDevice-ip-os-3": 59,
          "KomakiLDA5NoDevice-ip-os-4": 22,
          "KomakiLDA5NoDevice-ip-channel-0": 67,
          "KomakiLDA5NoDevice-ip-channel-1": 96,
          "KomakiLDA5NoDevice-ip-channel-2": 88,
          "KomakiLDA5NoDevice-ip-channel-3": 39,
          "KomakiLDA5NoDevice-ip-channel-4": 68,
          "KomakiLDA5NoDevice-app-ip-0": 51,
          "KomakiLDA5NoDevice-app-ip-1": 34,
          "KomakiLDA5NoDevice-app-ip-2": 36,
          "KomakiLDA5NoDevice-app-ip-3": 30,
          "KomakiLDA5NoDevice-app-ip-4": 37,
          "KomakiLDA5NoDevice-app-os-0": 23,
          "KomakiLDA5NoDevice-app-os-1": 56,
          "KomakiLDA5NoDevice-app-os-2": 40,
          "KomakiLDA5NoDevice-app-os-3": 16,
          "KomakiLDA5NoDevice-app-os-4": 72,
          "KomakiLDA5NoDevice-app-channel-0": 34,
          "KomakiLDA5NoDevice-app-channel-1": 18,
          "KomakiLDA5NoDevice-app-channel-2": 39,
          "KomakiLDA5NoDevice-app-channel-3": 37,
          "KomakiLDA5NoDevice-app-channel-4": 18,
          "KomakiLDA5NoDevice-os-ip-0": 12,
          "KomakiLDA5NoDevice-os-ip-1": 0,
          "KomakiLDA5NoDevice-os-ip-2": 1,
          "KomakiLDA5NoDevice-os-ip-3": 4,
          "KomakiLDA5NoDevice-os-ip-4": 13,
          "KomakiLDA5NoDevice-os-app-0": 44,
          "KomakiLDA5NoDevice-os-app-1": 1,
          "KomakiLDA5NoDevice-os-app-2": 6,
          "KomakiLDA5NoDevice-os-app-3": 23,
          "KomakiLDA5NoDevice-os-app-4": 14,
          "KomakiLDA5NoDevice-os-channel-0": 24,
          "KomakiLDA5NoDevice-os-channel-1": 4,
          "KomakiLDA5NoDevice-os-channel-2": 38,
          "KomakiLDA5NoDevice-os-channel-3": 35,
          "KomakiLDA5NoDevice-os-channel-4": 1,
          "KomakiLDA5NoDevice-channel-ip-0": 4,
          "KomakiLDA5NoDevice-channel-ip-1": 9,
          "KomakiLDA5NoDevice-channel-ip-2": 4,
          "KomakiLDA5NoDevice-channel-ip-3": 7,
          "KomakiLDA5NoDevice-channel-ip-4": 10,
          "KomakiLDA5NoDevice-channel-app-0": 4,
          "KomakiLDA5NoDevice-channel-app-1": 3,
          "KomakiLDA5NoDevice-channel-app-2": 9,
          "KomakiLDA5NoDevice-channel-app-3": 6,
          "KomakiLDA5NoDevice-channel-app-4": 14,
          "KomakiLDA5NoDevice-channel-os-0": 3,
          "KomakiLDA5NoDevice-channel-os-1": 42,
          "KomakiLDA5NoDevice-channel-os-2": 10,
          "KomakiLDA5NoDevice-channel-os-3": 15,
          "KomakiLDA5NoDevice-channel-os-4": 8
        }
      },
      {
        "train_auc": 0.9903348899530526,
        "valid_auc": 0.9841450680685274,
        "best_iteration": 516,
        "train_time": 193.3611776828766,
        "feature_importance": {
          "ip": 4286,
          "os": 589,
          "app": 1061,
          "channel": 1367,
          "hour": 761,
          "n_channels": 199,
          "ip_app_count": 149,
          "ip_app_os_count": 189,
          "FutureClickCount_600-ip": 54,
          "FutureClickCount_600-app": 20,
          "FutureClickCount_600-ip-app": 5,
          "FutureClickCount_600-dev": 84,
          "FutureClickCount_600-ip-dev": 42,
          "FutureClickCount_600-app-dev": 28,
          "FutureClickCount_600-ip-app-dev": 3,
          "FutureClickCount_600-os": 22,
          "FutureClickCount_600-ip-os": 8,
          "FutureClickCount_600-app-os": 25,
          "FutureClickCount_600-ip-app-os": 53,
          "FutureClickCount_600-dev-os": 138,
          "FutureClickCount_600-ip-dev-os": 11,
          "FutureClickCount_600-app-dev-os": 70,
          "FutureClickCount_600-ip-app-dev-os": 106,
          "FutureClickCount_600-cha": 14,
          "FutureClickCount_600-ip-cha": 1,
          "FutureClickCount_600-app-cha": 84,
          "FutureClickCount_600-ip-app-cha": 5,
          "FutureClickCount_600-dev-cha": 5,
          "FutureClickCount_600-ip-dev-cha": 0,
          "FutureClickCount_600-app-dev-cha": 13,
          "FutureClickCount_600-ip-app-dev-cha": 0,
          "FutureClickCount_600-os-cha": 8,
          "FutureClickCount_600-ip-os-cha": 5,
          "FutureClickCount_600-app-os-cha": 7,
          "FutureClickCount_600-ip-app-os-cha": 11,
          "FutureClickCount_600-dev-os-cha": 14,
          "FutureClickCount_600-ip-dev-os-cha": 6,
          "FutureClickCount_600-app-dev-os-cha": 4,
          "FutureClickCount_600-ip-app-dev-os-cha": 23,
          "FutureClickCount_4800-ip": 198,
          "FutureClickCount_4800-app": 24,
          "FutureClickCount_4800-ip-app": 19,
          "FutureClickCount_4800-dev": 6,
          "FutureClickCount_4800-ip-dev": 200,
          "FutureClickCount_4800-app-dev": 6,
          "FutureClickCount_4800-ip-app-dev": 17,
          "FutureClickCount_4800-os": 5,
          "FutureClickCount_4800-ip-os": 37,
          "FutureClickCount_4800-app-os": 27,
          "FutureClickCount_4800-ip-app-os": 41,
          "FutureClickCount_4800-dev-os": 38,
          "FutureClickCount_4800-ip-dev-os": 73,
          "FutureClickCount_4800-app-dev-os": 91,
          "FutureClickCount_4800-ip-app-dev-os": 86,
          "FutureClickCount_4800-cha": 9,
          "FutureClickCount_4800-ip-cha": 5,
          "FutureClickCount_4800-app-cha": 92,
          "FutureClickCount_4800-ip-app-cha": 4,
          "FutureClickCount_4800-dev-cha": 7,
          "FutureClickCount_4800-ip-dev-cha": 2,
          "FutureClickCount_4800-app-dev-cha": 10,
          "FutureClickCount_4800-ip-app-dev-cha": 4,
          "FutureClickCount_4800-os-cha": 8,
          "FutureClickCount_4800-ip-os-cha": 1,
          "FutureClickCount_4800-app-os-cha": 17,
          "FutureClickCount_4800-ip-app-os-cha": 4,
          "FutureClickCount_4800-dev-os-cha": 16,
          "FutureClickCount_4800-ip-dev-os-cha": 3,
          "FutureClickCount_4800-app-dev-os-cha": 12,
          "FutureClickCount_4800-ip-app-dev-os-cha": 10,
          "NextClickTimeDelta-ip": 71,
          "NextClickTimeDelta-app": 2,
          "NextClickTimeDelta-ip-app": 86,
          "NextClickTimeDelta-dev": 3,
          "NextClickTimeDelta-ip-dev": 36,
          "NextClickTimeDelta-app-dev": 2,
          "NextClickTimeDelta-ip-app-dev": 50,
          "NextClickTimeDelta-os": 3,
          "NextClickTimeDelta-ip-os": 63,
          "NextClickTimeDelta-app-os": 6,
          "NextClickTimeDelta-ip-app-os": 336,
          "NextClickTimeDelta-dev-os": 12,
          "NextClickTimeDelta-ip-dev-os": 46,
          "NextClickTimeDelta-app-dev-os": 5,
          "NextClickTimeDelta-ip-app-dev-os": 779,
          "NextClickTimeDelta-cha": 4,
          "NextClickTimeDelta-ip-cha": 22,
          "NextClickTimeDelta-app-cha": 10,
          "NextClickTimeDelta-ip-app-cha": 18,
          "NextClickTimeDelta-dev-cha": 3,
          "NextClickTimeDelta-ip-dev-cha": 15,
          "NextClickTimeDelta-app-dev-cha": 2,
          "NextClickTimeDelta-ip-app-dev-cha": 20,
          "NextClickTimeDelta-os-cha": 4,
          "NextClickTimeDelta-ip-os-cha": 12,
          "NextClickTimeDelta-app-os-cha": 7,
          "NextClickTimeDelta-ip-app-os-cha": 82,
          "NextClickTimeDelta-dev-os-cha": 4,
          "NextClickTimeDelta-ip-dev-os-cha": 20,
          "NextClickTimeDelta-app-dev-os-cha": 0,
          "NextClickTimeDelta-ip-app-dev-os-cha": 132,
          "PrevClickTimeDelta-ip": 59,
          "PrevClickTimeDelta-app": 4,
          "PrevClickTimeDelta-ip-app": 9,
          "PrevClickTimeDelta-dev": 1,
          "PrevClickTimeDelta-ip-dev": 28,
          "PrevClickTimeDelta-app-dev": 4,
          "PrevClickTimeDelta-ip-app-dev": 12,
          "PrevClickTimeDelta-os": 5,
          "PrevClickTimeDelta-ip-os": 22,
          "PrevClickTimeDelta-app-os": 7,
          "PrevClickTimeDelta-ip-app-os": 29,
          "PrevClickTimeDelta-dev-os": 2,
          "PrevClickTimeDelta-ip-dev-os": 16,
          "PrevClickTimeDelta-app-dev-os": 8,
          "PrevClickTimeDelta-ip-app-dev-os": 50,
          "PrevClickTimeDelta-cha": 5,
          "PrevClickTimeDelta-ip-cha": 9,
          "PrevClickTimeDelta-app-cha": 8,
          "PrevClickTimeDelta-ip-app-cha": 11,
          "PrevClickTimeDelta-dev-cha": 2,
          "PrevClickTimeDelta-ip-dev-cha": 5,
          "PrevClickTimeDelta-app-dev-cha": 2,
          "PrevClickTimeDelta-ip-app-dev-cha": 13,
          "PrevClickTimeDelta-os-cha": 1,
          "PrevClickTimeDelta-ip-os-cha": 3,
          "PrevClickTimeDelta-app-os-cha": 2,
          "PrevClickTimeDelta-ip-app-os-cha": 10,
          "PrevClickTimeDelta-dev-os-cha": 2,
          "PrevClickTimeDelta-ip-dev-os-cha": 3,
          "PrevClickTimeDelta-app-dev-os-cha": 2,
          "PrevClickTimeDelta-ip-app-dev-os-cha": 10,
          "AverageAttributedRatio-ip": 20,
          "AverageAttributedRatio-app": 43,
          "AverageAttributedRatio-ip-app": 49,
          "AverageAttributedRatio-dev": 29,
          "AverageAttributedRatio-ip-dev": 21,
          "AverageAttributedRatio-app-dev": 39,
          "AverageAttributedRatio-ip-app-dev": 66,
          "AverageAttributedRatio-os": 6,
          "AverageAttributedRatio-ip-os": 6,
          "AverageAttributedRatio-app-os": 27,
          "AverageAttributedRatio-ip-app-os": 6,
          "AverageAttributedRatio-dev-os": 9,
          "AverageAttributedRatio-ip-dev-os": 8,
          "AverageAttributedRatio-app-dev-os": 49,
          "AverageAttributedRatio-ip-app-dev-os": 12,
          "AverageAttributedRatio-cha": 33,
          "AverageAttributedRatio-ip-cha": 15,
          "AverageAttributedRatio-app-cha": 28,
          "AverageAttributedRatio-ip-app-cha": 5,
          "AverageAttributedRatio-dev-cha": 18,
          "AverageAttributedRatio-ip-dev-cha": 3,
          "AverageAttributedRatio-app-dev-cha": 27,
          "AverageAttributedRatio-ip-app-dev-cha": 7,
          "AverageAttributedRatio-os-cha": 27,
          "AverageAttributedRatio-ip-os-cha": 1,
          "AverageAttributedRatio-app-os-cha": 61,
          "AverageAttributedRatio-ip-app-os-cha": 0,
          "AverageAttributedRatio-dev-os-cha": 15,
          "AverageAttributedRatio-ip-dev-os-cha": 1,
          "AverageAttributedRatio-app-dev-os-cha": 74,
          "AverageAttributedRatio-ip-app-dev-os-cha": 2,
          "KomakiLDA5NoDevice-ip-app-0": 254,
          "KomakiLDA5NoDevice-ip-app-1": 99,
          "KomakiLDA5NoDevice-ip-app-2": 104,
          "KomakiLDA5NoDevice-ip-app-3": 59,
          "KomakiLDA5NoDevice-ip-app-4": 63,
          "KomakiLDA5NoDevice-ip-os-0": 49,
          "KomakiLDA5NoDevice-ip-os-1": 100,
          "KomakiLDA5NoDevice-ip-os-2": 128,
          "KomakiLDA5NoDevice-ip-os-3": 74,
          "KomakiLDA5NoDevice-ip-os-4": 40,
          "KomakiLDA5NoDevice-ip-channel-0": 95,
          "KomakiLDA5NoDevice-ip-channel-1": 103,
          "KomakiLDA5NoDevice-ip-channel-2": 121,
          "KomakiLDA5NoDevice-ip-channel-3": 67,
          "KomakiLDA5NoDevice-ip-channel-4": 107,
          "KomakiLDA5NoDevice-app-ip-0": 51,
          "KomakiLDA5NoDevice-app-ip-1": 33,
          "KomakiLDA5NoDevice-app-ip-2": 38,
          "KomakiLDA5NoDevice-app-ip-3": 44,
          "KomakiLDA5NoDevice-app-ip-4": 34,
          "KomakiLDA5NoDevice-app-os-0": 36,
          "KomakiLDA5NoDevice-app-os-1": 97,
          "KomakiLDA5NoDevice-app-os-2": 26,
          "KomakiLDA5NoDevice-app-os-3": 23,
          "KomakiLDA5NoDevice-app-os-4": 70,
          "KomakiLDA5NoDevice-app-channel-0": 42,
          "KomakiLDA5NoDevice-app-channel-1": 26,
          "KomakiLDA5NoDevice-app-channel-2": 47,
          "KomakiLDA5NoDevice-app-channel-3": 50,
          "KomakiLDA5NoDevice-app-channel-4": 17,
          "KomakiLDA5NoDevice-os-ip-0": 20,
          "KomakiLDA5NoDevice-os-ip-1": 3,
          "KomakiLDA5NoDevice-os-ip-2": 2,
          "KomakiLDA5NoDevice-os-ip-3": 7,
          "KomakiLDA5NoDevice-os-ip-4": 12,
          "KomakiLDA5NoDevice-os-app-0": 48,
          "KomakiLDA5NoDevice-os-app-1": 13,
          "KomakiLDA5NoDevice-os-app-2": 9,
          "KomakiLDA5NoDevice-os-app-3": 16,
          "KomakiLDA5NoDevice-os-app-4": 14,
          "KomakiLDA5NoDevice-os-channel-0": 26,
          "KomakiLDA5NoDevice-os-channel-1": 3,
          "KomakiLDA5NoDevice-os-channel-2": 38,
          "KomakiLDA5NoDevice-os-channel-3": 40,
          "KomakiLDA5NoDevice-os-channel-4": 6,
          "KomakiLDA5NoDevice-channel-ip-0": 6,
          "KomakiLDA5NoDevice-channel-ip-1": 6,
          "KomakiLDA5NoDevice-channel-ip-2": 11,
          "KomakiLDA5NoDevice-channel-ip-3": 16,
          "KomakiLDA5NoDevice-channel-ip-4": 12,
          "KomakiLDA5NoDevice-channel-app-0": 16,
          "KomakiLDA5NoDevice-channel-app-1": 3,
          "KomakiLDA5NoDevice-channel-app-2": 11,
          "KomakiLDA5NoDevice-channel-app-3": 7,
          "KomakiLDA5NoDevice-channel-app-4": 14,
          "KomakiLDA5NoDevice-channel-os-0": 5,
          "KomakiLDA5NoDevice-channel-os-1": 42,
          "KomakiLDA5NoDevice-channel-os-2": 14,
          "KomakiLDA5NoDevice-channel-os-3": 18,
          "KomakiLDA5NoDevice-channel-os-4": 13
        }
      },
      {
        "train_auc": 0.9904588907618431,
        "valid_auc": 0.9843600162859072,
        "best_iteration": 518,
        "train_time": 199.80852675437927,
        "feature_importance": {
          "ip": 4359,
          "os": 590,
          "app": 1100,
          "channel": 1341,
          "hour": 759,
          "n_channels": 201,
          "ip_app_count": 165,
          "ip_app_os_count": 184,
          "FutureClickCount_600-ip": 63,
          "FutureClickCount_600-app": 21,
          "FutureClickCount_600-ip-app": 4,
          "FutureClickCount_600-dev": 87,
          "FutureClickCount_600-ip-dev": 46,
          "FutureClickCount_600-app-dev": 32,
          "FutureClickCount_600-ip-app-dev": 3,
          "FutureClickCount_600-os": 28,
          "FutureClickCount_600-ip-os": 7,
          "FutureClickCount_600-app-os": 17,
          "FutureClickCount_600-ip-app-os": 46,
          "FutureClickCount_600-dev-os": 115,
          "FutureClickCount_600-ip-dev-os": 13,
          "FutureClickCount_600-app-dev-os": 83,
          "FutureClickCount_600-ip-app-dev-os": 109,
          "FutureClickCount_600-cha": 13,
          "FutureClickCount_600-ip-cha": 6,
          "FutureClickCount_600-app-cha": 79,
          "FutureClickCount_600-ip-app-cha": 1,
          "FutureClickCount_600-dev-cha": 5,
          "FutureClickCount_600-ip-dev-cha": 0,
          "FutureClickCount_600-app-dev-cha": 20,
          "FutureClickCount_600-ip-app-dev-cha": 1,
          "FutureClickCount_600-os-cha": 9,
          "FutureClickCount_600-ip-os-cha": 4,
          "FutureClickCount_600-app-os-cha": 21,
          "FutureClickCount_600-ip-app-os-cha": 15,
          "FutureClickCount_600-dev-os-cha": 15,
          "FutureClickCount_600-ip-dev-os-cha": 5,
          "FutureClickCount_600-app-dev-os-cha": 1,
          "FutureClickCount_600-ip-app-dev-os-cha": 23,
          "FutureClickCount_4800-ip": 193,
          "FutureClickCount_4800-app": 11,
          "FutureClickCount_4800-ip-app": 13,
          "FutureClickCount_4800-dev": 6,
          "FutureClickCount_4800-ip-dev": 185,
          "FutureClickCount_4800-app-dev": 13,
          "FutureClickCount_4800-ip-app-dev": 15,
          "FutureClickCount_4800-os": 8,
          "FutureClickCount_4800-ip-os": 40,
          "FutureClickCount_4800-app-os": 25,
          "FutureClickCount_4800-ip-app-os": 43,
          "FutureClickCount_4800-dev-os": 37,
          "FutureClickCount_4800-ip-dev-os": 69,
          "FutureClickCount_4800-app-dev-os": 84,
          "FutureClickCount_4800-ip-app-dev-os": 78,
          "FutureClickCount_4800-cha": 17,
          "FutureClickCount_4800-ip-cha": 4,
          "FutureClickCount_4800-app-cha": 74,
          "FutureClickCount_4800-ip-app-cha": 3,
          "FutureClickCount_4800-dev-cha": 5,
          "FutureClickCount_4800-ip-dev-cha": 3,
          "FutureClickCount_4800-app-dev-cha": 17,
          "FutureClickCount_4800-ip-app-dev-cha": 2,
          "FutureClickCount_4800-os-cha": 6,
          "FutureClickCount_4800-ip-os-cha": 4,
          "FutureClickCount_4800-app-os-cha": 19,
          "FutureClickCount_4800-ip-app-os-cha": 7,
          "FutureClickCount_4800-dev-os-cha": 21,
          "FutureClickCount_4800-ip-dev-os-cha": 2,
          "FutureClickCount_4800-app-dev-os-cha": 12,
          "FutureClickCount_4800-ip-app-dev-os-cha": 7,
          "NextClickTimeDelta-ip": 80,
          "NextClickTimeDelta-app": 3,
          "NextClickTimeDelta-ip-app": 74,
          "NextClickTimeDelta-dev": 3,
          "NextClickTimeDelta-ip-dev": 36,
          "NextClickTimeDelta-app-dev": 4,
          "NextClickTimeDelta-ip-app-dev": 43,
          "NextClickTimeDelta-os": 4,
          "NextClickTimeDelta-ip-os": 53,
          "NextClickTimeDelta-app-os": 6,
          "NextClickTimeDelta-ip-app-os": 362,
          "NextClickTimeDelta-dev-os": 9,
          "NextClickTimeDelta-ip-dev-os": 48,
          "NextClickTimeDelta-app-dev-os": 4,
          "NextClickTimeDelta-ip-app-dev-os": 756,
          "NextClickTimeDelta-cha": 11,
          "NextClickTimeDelta-ip-cha": 27,
          "NextClickTimeDelta-app-cha": 22,
          "NextClickTimeDelta-ip-app-cha": 20,
          "NextClickTimeDelta-dev-cha": 2,
          "NextClickTimeDelta-ip-dev-cha": 14,
          "NextClickTimeDelta-app-dev-cha": 6,
          "NextClickTimeDelta-ip-app-dev-cha": 21,
          "NextClickTimeDelta-os-cha": 3,
          "NextClickTimeDelta-ip-os-cha": 13,
          "NextClickTimeDelta-app-os-cha": 7,
          "NextClickTimeDelta-ip-app-os-cha": 70,
          "NextClickTimeDelta-dev-os-cha": 2,
          "NextClickTimeDelta-ip-dev-os-cha": 15,
          "NextClickTimeDelta-app-dev-os-cha": 4,
          "NextClickTimeDelta-ip-app-dev-os-cha": 125,
          "PrevClickTimeDelta-ip": 60,
          "PrevClickTimeDelta-app": 3,
          "PrevClickTimeDelta-ip-app": 19,
          "PrevClickTimeDelta-dev": 2,
          "PrevClickTimeDelta-ip-dev": 17,
          "PrevClickTimeDelta-app-dev": 1,
          "PrevClickTimeDelta-ip-app-dev": 11,
          "PrevClickTimeDelta-os": 7,
          "PrevClickTimeDelta-ip-os": 20,
          "PrevClickTimeDelta-app-os": 2,
          "PrevClickTimeDelta-ip-app-os": 32,
          "PrevClickTimeDelta-dev-os": 4,
          "PrevClickTimeDelta-ip-dev-os": 17,
          "PrevClickTimeDelta-app-dev-os": 6,
          "PrevClickTimeDelta-ip-app-dev-os": 50,
          "PrevClickTimeDelta-cha": 1,
          "PrevClickTimeDelta-ip-cha": 6,
          "PrevClickTimeDelta-app-cha": 3,
          "PrevClickTimeDelta-ip-app-cha": 7,
          "PrevClickTimeDelta-dev-cha": 3,
          "PrevClickTimeDelta-ip-dev-cha": 8,
          "PrevClickTimeDelta-app-dev-cha": 0,
          "PrevClickTimeDelta-ip-app-dev-cha": 8,
          "PrevClickTimeDelta-os-cha": 5,
          "PrevClickTimeDelta-ip-os-cha": 4,
          "PrevClickTimeDelta-app-os-cha": 2,
          "PrevClickTimeDelta-ip-app-os-cha": 8,
          "PrevClickTimeDelta-dev-os-cha": 7,
          "PrevClickTimeDelta-ip-dev-os-cha": 6,
          "PrevClickTimeDelta-app-dev-os-cha": 2,
          "PrevClickTimeDelta-ip-app-dev-os-cha": 11,
          "AverageAttributedRatio-ip": 23,
          "AverageAttributedRatio-app": 35,
          "AverageAttributedRatio-ip-app": 43,
          "AverageAttributedRatio-dev": 31,
          "AverageAttributedRatio-ip-dev": 15,
          "AverageAttributedRatio-app-dev": 29,
          "AverageAttributedRatio-ip-app-dev": 55,
          "AverageAttributedRatio-os": 8,
          "AverageAttributedRatio-ip-os": 8,
          "AverageAttributedRatio-app-os": 28,
          "AverageAttributedRatio-ip-app-os": 3,
          "AverageAttributedRatio-dev-os": 8,
          "AverageAttributedRatio-ip-dev-os": 10,
          "AverageAttributedRatio-app-dev-os": 55,
          "AverageAttributedRatio-ip-app-dev-os": 8,
          "AverageAttributedRatio-cha": 34,
          "AverageAttributedRatio-ip-cha": 10,
          "AverageAttributedRatio-app-cha": 36,
          "AverageAttributedRatio-ip-app-cha": 5,
          "AverageAttributedRatio-dev-cha": 12,
          "AverageAttributedRatio-ip-dev-cha": 2,
          "AverageAttributedRatio-app-dev-cha": 31,
          "AverageAttributedRatio-ip-app-dev-cha": 11,
          "AverageAttributedRatio-os-cha": 24,
          "AverageAttributedRatio-ip-os-cha": 2,
          "AverageAttributedRatio-app-os-cha": 59,
          "AverageAttributedRatio-ip-app-os-cha": 0,
          "AverageAttributedRatio-dev-os-cha": 18,
          "AverageAttributedRatio-ip-dev-os-cha": 0,
          "AverageAttributedRatio-app-dev-os-cha": 62,
          "AverageAttributedRatio-ip-app-dev-os-cha": 1,
          "KomakiLDA5NoDevice-ip-app-0": 269,
          "KomakiLDA5NoDevice-ip-app-1": 110,
          "KomakiLDA5NoDevice-ip-app-2": 100,
          "KomakiLDA5NoDevice-ip-app-3": 53,
          "KomakiLDA5NoDevice-ip-app-4": 65,
          "KomakiLDA5NoDevice-ip-os-0": 49,
          "KomakiLDA5NoDevice-ip-os-1": 101,
          "KomakiLDA5NoDevice-ip-os-2": 129,
          "KomakiLDA5NoDevice-ip-os-3": 63,
          "KomakiLDA5NoDevice-ip-os-4": 42,
          "KomakiLDA5NoDevice-ip-channel-0": 114,
          "KomakiLDA5NoDevice-ip-channel-1": 121,
          "KomakiLDA5NoDevice-ip-channel-2": 121,
          "KomakiLDA5NoDevice-ip-channel-3": 64,
          "KomakiLDA5NoDevice-ip-channel-4": 107,
          "KomakiLDA5NoDevice-app-ip-0": 51,
          "KomakiLDA5NoDevice-app-ip-1": 45,
          "KomakiLDA5NoDevice-app-ip-2": 52,
          "KomakiLDA5NoDevice-app-ip-3": 28,
          "KomakiLDA5NoDevice-app-ip-4": 50,
          "KomakiLDA5NoDevice-app-os-0": 23,
          "KomakiLDA5NoDevice-app-os-1": 93,
          "KomakiLDA5NoDevice-app-os-2": 32,
          "KomakiLDA5NoDevice-app-os-3": 26,
          "KomakiLDA5NoDevice-app-os-4": 83,
          "KomakiLDA5NoDevice-app-channel-0": 41,
          "KomakiLDA5NoDevice-app-channel-1": 19,
          "KomakiLDA5NoDevice-app-channel-2": 35,
          "KomakiLDA5NoDevice-app-channel-3": 40,
          "KomakiLDA5NoDevice-app-channel-4": 19,
          "KomakiLDA5NoDevice-os-ip-0": 17,
          "KomakiLDA5NoDevice-os-ip-1": 6,
          "KomakiLDA5NoDevice-os-ip-2": 5,
          "KomakiLDA5NoDevice-os-ip-3": 4,
          "KomakiLDA5NoDevice-os-ip-4": 8,
          "KomakiLDA5NoDevice-os-app-0": 49,
          "KomakiLDA5NoDevice-os-app-1": 4,
          "KomakiLDA5NoDevice-os-app-2": 6,
          "KomakiLDA5NoDevice-os-app-3": 19,
          "KomakiLDA5NoDevice-os-app-4": 9,
          "KomakiLDA5NoDevice-os-channel-0": 28,
          "KomakiLDA5NoDevice-os-channel-1": 4,
          "KomakiLDA5NoDevice-os-channel-2": 46,
          "KomakiLDA5NoDevice-os-channel-3": 40,
          "KomakiLDA5NoDevice-os-channel-4": 8,
          "KomakiLDA5NoDevice-channel-ip-0": 2,
          "KomakiLDA5NoDevice-channel-ip-1": 13,
          "KomakiLDA5NoDevice-channel-ip-2": 11,
          "KomakiLDA5NoDevice-channel-ip-3": 12,
          "KomakiLDA5NoDevice-channel-ip-4": 11,
          "KomakiLDA5NoDevice-channel-app-0": 13,
          "KomakiLDA5NoDevice-channel-app-1": 5,
          "KomakiLDA5NoDevice-channel-app-2": 14,
          "KomakiLDA5NoDevice-channel-app-3": 8,
          "KomakiLDA5NoDevice-channel-app-4": 17,
          "KomakiLDA5NoDevice-channel-os-0": 5,
          "KomakiLDA5NoDevice-channel-os-1": 43,
          "KomakiLDA5NoDevice-channel-os-2": 13,
          "KomakiLDA5NoDevice-channel-os-3": 16,
          "KomakiLDA5NoDevice-channel-os-4": 18
        }
      }
    ],
    "average_train_auc": 0.9895234438525715,
    "average_valid_auc": 0.9841359465494687,
    "train_auc_std": 0.0007993149191859223,
    "valid_auc_std": 0.00012078311207647786,
    "average_train_time": 166.75454459190368
  },
  "config": {
    "features": [
      "ip",
      "os",
      "app",
      "channel",
      "hour",
      "count",
      "future_click_count_10",
      "future_click_count_80",
      "next_click_time_delta",
      "prev_click_time_delta",
      "average_attributed_ratio",
      "komaki_lda_5_no_device"
    ],
    "model": {
      "name": "lightgbm",
      "model_params": {
        "boosting_type": "gbdt",
        "objective": "binary",
        "metric": "auc",
        "learning_rate": 0.03,
        "num_leaves": 32,
        "min_child_samples": 20,
        "max_bin": 100,
        "subsample": 0.7,
        "subsample_freq": 1,
        "colsample_bytree": 0.5,
        "min_child_weight": 0,
        "subsample_for_bin": 200000,
        "min_split_gain": 0,
        "verbose": 0
      },
      "train_params": {
        "num_boost_round": 1000,
        "early_stopping_rounds": 30
      }
    },
    "dataset": {
      "input_directory": "data/input/",
      "cache_directory": "data/working/",
      "validation_ratio": 0.33333333333,
      "full_data_train": true,
      "files": {
        "train": "train.feather",
        "test": "old_test.feather"
      },
      "negative_down_sampling": {
        "enabled": true,
        "bagging_size": 5,
        "random_state": 114514
      }
    }
  }
}