{
  "training": {
    "trials": [
      {
        "train_auc": 0.9912916988089455,
        "valid_auc": 0.9840667560563782,
        "best_iteration": 353,
        "train_time": 326.32995438575745,
        "feature_importance": {
          "ip": 2039,
          "os": 935,
          "app": 1009,
          "channel": 1729,
          "hour": 1310,
          "n_channels": 700,
          "ip_app_count": 537,
          "ip_app_os_count": 531,
          "FutureClickCount_600-ip": 411,
          "FutureClickCount_600-app": 239,
          "FutureClickCount_600-ip-app": 108,
          "FutureClickCount_600-dev": 169,
          "FutureClickCount_600-ip-dev": 293,
          "FutureClickCount_600-app-dev": 225,
          "FutureClickCount_600-ip-app-dev": 102,
          "FutureClickCount_600-os": 192,
          "FutureClickCount_600-ip-os": 181,
          "FutureClickCount_600-app-os": 217,
          "FutureClickCount_600-ip-app-os": 124,
          "FutureClickCount_600-dev-os": 483,
          "FutureClickCount_600-ip-dev-os": 186,
          "FutureClickCount_600-app-dev-os": 363,
          "FutureClickCount_600-ip-app-dev-os": 291,
          "FutureClickCount_600-cha": 209,
          "FutureClickCount_600-ip-cha": 66,
          "FutureClickCount_600-app-cha": 341,
          "FutureClickCount_600-ip-app-cha": 54,
          "FutureClickCount_600-dev-cha": 176,
          "FutureClickCount_600-ip-dev-cha": 62,
          "FutureClickCount_600-app-dev-cha": 186,
          "FutureClickCount_600-ip-app-dev-cha": 48,
          "FutureClickCount_600-os-cha": 114,
          "FutureClickCount_600-ip-os-cha": 36,
          "FutureClickCount_600-app-os-cha": 153,
          "FutureClickCount_600-ip-app-os-cha": 47,
          "FutureClickCount_600-dev-os-cha": 137,
          "FutureClickCount_600-ip-dev-os-cha": 48,
          "FutureClickCount_600-app-dev-os-cha": 157,
          "FutureClickCount_600-ip-app-dev-os-cha": 49,
          "FutureClickCount_4800-ip": 577,
          "FutureClickCount_4800-app": 158,
          "FutureClickCount_4800-ip-app": 187,
          "FutureClickCount_4800-dev": 59,
          "FutureClickCount_4800-ip-dev": 786,
          "FutureClickCount_4800-app-dev": 109,
          "FutureClickCount_4800-ip-app-dev": 135,
          "FutureClickCount_4800-os": 74,
          "FutureClickCount_4800-ip-os": 308,
          "FutureClickCount_4800-app-os": 153,
          "FutureClickCount_4800-ip-app-os": 189,
          "FutureClickCount_4800-dev-os": 179,
          "FutureClickCount_4800-ip-dev-os": 452,
          "FutureClickCount_4800-app-dev-os": 329,
          "FutureClickCount_4800-ip-app-dev-os": 244,
          "FutureClickCount_4800-cha": 149,
          "FutureClickCount_4800-ip-cha": 124,
          "FutureClickCount_4800-app-cha": 301,
          "FutureClickCount_4800-ip-app-cha": 107,
          "FutureClickCount_4800-dev-cha": 109,
          "FutureClickCount_4800-ip-dev-cha": 124,
          "FutureClickCount_4800-app-dev-cha": 121,
          "FutureClickCount_4800-ip-app-dev-cha": 60,
          "FutureClickCount_4800-os-cha": 125,
          "FutureClickCount_4800-ip-os-cha": 42,
          "FutureClickCount_4800-app-os-cha": 147,
          "FutureClickCount_4800-ip-app-os-cha": 62,
          "FutureClickCount_4800-dev-os-cha": 154,
          "FutureClickCount_4800-ip-dev-os-cha": 52,
          "FutureClickCount_4800-app-dev-os-cha": 188,
          "FutureClickCount_4800-ip-app-dev-os-cha": 37,
          "NextClickTimeDelta-ip": 384,
          "NextClickTimeDelta-app": 47,
          "NextClickTimeDelta-ip-app": 552,
          "NextClickTimeDelta-dev": 30,
          "NextClickTimeDelta-ip-dev": 297,
          "NextClickTimeDelta-app-dev": 38,
          "NextClickTimeDelta-ip-app-dev": 386,
          "NextClickTimeDelta-os": 42,
          "NextClickTimeDelta-ip-os": 354,
          "NextClickTimeDelta-app-os": 98,
          "NextClickTimeDelta-ip-app-os": 1049,
          "NextClickTimeDelta-dev-os": 55,
          "NextClickTimeDelta-ip-dev-os": 264,
          "NextClickTimeDelta-app-dev-os": 85,
          "NextClickTimeDelta-ip-app-dev-os": 1831,
          "NextClickTimeDelta-cha": 41,
          "NextClickTimeDelta-ip-cha": 307,
          "NextClickTimeDelta-app-cha": 88,
          "NextClickTimeDelta-ip-app-cha": 269,
          "NextClickTimeDelta-dev-cha": 48,
          "NextClickTimeDelta-ip-dev-cha": 151,
          "NextClickTimeDelta-app-dev-cha": 47,
          "NextClickTimeDelta-ip-app-dev-cha": 177,
          "NextClickTimeDelta-os-cha": 86,
          "NextClickTimeDelta-ip-os-cha": 239,
          "NextClickTimeDelta-app-os-cha": 123,
          "NextClickTimeDelta-ip-app-os-cha": 313,
          "NextClickTimeDelta-dev-os-cha": 89,
          "NextClickTimeDelta-ip-dev-os-cha": 163,
          "NextClickTimeDelta-app-dev-os-cha": 113,
          "NextClickTimeDelta-ip-app-dev-os-cha": 377,
          "PrevClickTimeDelta-ip": 319,
          "PrevClickTimeDelta-app": 45,
          "PrevClickTimeDelta-ip-app": 215,
          "PrevClickTimeDelta-dev": 23,
          "PrevClickTimeDelta-ip-dev": 206,
          "PrevClickTimeDelta-app-dev": 37,
          "PrevClickTimeDelta-ip-app-dev": 174,
          "PrevClickTimeDelta-os": 37,
          "PrevClickTimeDelta-ip-os": 250,
          "PrevClickTimeDelta-app-os": 76,
          "PrevClickTimeDelta-ip-app-os": 178,
          "PrevClickTimeDelta-dev-os": 28,
          "PrevClickTimeDelta-ip-dev-os": 156,
          "PrevClickTimeDelta-app-dev-os": 57,
          "PrevClickTimeDelta-ip-app-dev-os": 155,
          "PrevClickTimeDelta-cha": 32,
          "PrevClickTimeDelta-ip-cha": 160,
          "PrevClickTimeDelta-app-cha": 82,
          "PrevClickTimeDelta-ip-app-cha": 126,
          "PrevClickTimeDelta-dev-cha": 39,
          "PrevClickTimeDelta-ip-dev-cha": 120,
          "PrevClickTimeDelta-app-dev-cha": 60,
          "PrevClickTimeDelta-ip-app-dev-cha": 117,
          "PrevClickTimeDelta-os-cha": 89,
          "PrevClickTimeDelta-ip-os-cha": 125,
          "PrevClickTimeDelta-app-os-cha": 101,
          "PrevClickTimeDelta-ip-app-os-cha": 109,
          "PrevClickTimeDelta-dev-os-cha": 84,
          "PrevClickTimeDelta-ip-dev-os-cha": 86,
          "PrevClickTimeDelta-app-dev-os-cha": 109,
          "PrevClickTimeDelta-ip-app-dev-os-cha": 65,
          "AverageAttributedRatio-ip": 158,
          "AverageAttributedRatio-app": 188,
          "AverageAttributedRatio-ip-app": 173,
          "AverageAttributedRatio-dev": 284,
          "AverageAttributedRatio-ip-dev": 176,
          "AverageAttributedRatio-app-dev": 150,
          "AverageAttributedRatio-ip-app-dev": 246,
          "AverageAttributedRatio-os": 162,
          "AverageAttributedRatio-ip-os": 96,
          "AverageAttributedRatio-app-os": 217,
          "AverageAttributedRatio-ip-app-os": 47,
          "AverageAttributedRatio-dev-os": 119,
          "AverageAttributedRatio-ip-dev-os": 104,
          "AverageAttributedRatio-app-dev-os": 250,
          "AverageAttributedRatio-ip-app-dev-os": 34,
          "AverageAttributedRatio-cha": 140,
          "AverageAttributedRatio-ip-cha": 55,
          "AverageAttributedRatio-app-cha": 197,
          "AverageAttributedRatio-ip-app-cha": 54,
          "AverageAttributedRatio-dev-cha": 119,
          "AverageAttributedRatio-ip-dev-cha": 60,
          "AverageAttributedRatio-app-dev-cha": 160,
          "AverageAttributedRatio-ip-app-dev-cha": 48,
          "AverageAttributedRatio-os-cha": 176,
          "AverageAttributedRatio-ip-os-cha": 27,
          "AverageAttributedRatio-app-os-cha": 248,
          "AverageAttributedRatio-ip-app-os-cha": 20,
          "AverageAttributedRatio-dev-os-cha": 132,
          "AverageAttributedRatio-ip-dev-os-cha": 21,
          "AverageAttributedRatio-app-dev-os-cha": 257,
          "AverageAttributedRatio-ip-app-dev-os-cha": 17,
          "KomakiLDA5NoDevice-ip-app-0": 360,
          "KomakiLDA5NoDevice-ip-app-1": 362,
          "KomakiLDA5NoDevice-ip-app-2": 343,
          "KomakiLDA5NoDevice-ip-app-3": 236,
          "KomakiLDA5NoDevice-ip-app-4": 157,
          "KomakiLDA5NoDevice-ip-os-0": 296,
          "KomakiLDA5NoDevice-ip-os-1": 301,
          "KomakiLDA5NoDevice-ip-os-2": 169,
          "KomakiLDA5NoDevice-ip-os-3": 200,
          "KomakiLDA5NoDevice-ip-os-4": 251,
          "KomakiLDA5NoDevice-ip-channel-0": 301,
          "KomakiLDA5NoDevice-ip-channel-1": 311,
          "KomakiLDA5NoDevice-ip-channel-2": 417,
          "KomakiLDA5NoDevice-ip-channel-3": 356,
          "KomakiLDA5NoDevice-ip-channel-4": 418,
          "KomakiLDA5NoDevice-app-ip-0": 176,
          "KomakiLDA5NoDevice-app-ip-1": 106,
          "KomakiLDA5NoDevice-app-ip-2": 128,
          "KomakiLDA5NoDevice-app-ip-3": 118,
          "KomakiLDA5NoDevice-app-ip-4": 87,
          "KomakiLDA5NoDevice-app-os-0": 81,
          "KomakiLDA5NoDevice-app-os-1": 164,
          "KomakiLDA5NoDevice-app-os-2": 73,
          "KomakiLDA5NoDevice-app-os-3": 68,
          "KomakiLDA5NoDevice-app-os-4": 93,
          "KomakiLDA5NoDevice-app-channel-0": 91,
          "KomakiLDA5NoDevice-app-channel-1": 116,
          "KomakiLDA5NoDevice-app-channel-2": 117,
          "KomakiLDA5NoDevice-app-channel-3": 122,
          "KomakiLDA5NoDevice-app-channel-4": 68,
          "KomakiLDA5NoDevice-os-ip-0": 138,
          "KomakiLDA5NoDevice-os-ip-1": 108,
          "KomakiLDA5NoDevice-os-ip-2": 92,
          "KomakiLDA5NoDevice-os-ip-3": 73,
          "KomakiLDA5NoDevice-os-ip-4": 113,
          "KomakiLDA5NoDevice-os-app-0": 224,
          "KomakiLDA5NoDevice-os-app-1": 153,
          "KomakiLDA5NoDevice-os-app-2": 65,
          "KomakiLDA5NoDevice-os-app-3": 129,
          "KomakiLDA5NoDevice-os-app-4": 48,
          "KomakiLDA5NoDevice-os-channel-0": 134,
          "KomakiLDA5NoDevice-os-channel-1": 71,
          "KomakiLDA5NoDevice-os-channel-2": 131,
          "KomakiLDA5NoDevice-os-channel-3": 180,
          "KomakiLDA5NoDevice-os-channel-4": 78,
          "KomakiLDA5NoDevice-channel-ip-0": 118,
          "KomakiLDA5NoDevice-channel-ip-1": 95,
          "KomakiLDA5NoDevice-channel-ip-2": 98,
          "KomakiLDA5NoDevice-channel-ip-3": 119,
          "KomakiLDA5NoDevice-channel-ip-4": 94,
          "KomakiLDA5NoDevice-channel-app-0": 89,
          "KomakiLDA5NoDevice-channel-app-1": 68,
          "KomakiLDA5NoDevice-channel-app-2": 99,
          "KomakiLDA5NoDevice-channel-app-3": 86,
          "KomakiLDA5NoDevice-channel-app-4": 77,
          "KomakiLDA5NoDevice-channel-os-0": 115,
          "KomakiLDA5NoDevice-channel-os-1": 122,
          "KomakiLDA5NoDevice-channel-os-2": 120,
          "KomakiLDA5NoDevice-channel-os-3": 91,
          "KomakiLDA5NoDevice-channel-os-4": 90,
          "KomakiNMF5NoDevice-ip-app-0": 175,
          "KomakiNMF5NoDevice-ip-app-1": 450,
          "KomakiNMF5NoDevice-ip-app-2": 293,
          "KomakiNMF5NoDevice-ip-app-3": 189,
          "KomakiNMF5NoDevice-ip-app-4": 199,
          "KomakiNMF5NoDevice-ip-os-0": 366,
          "KomakiNMF5NoDevice-ip-os-1": 303,
          "KomakiNMF5NoDevice-ip-os-2": 290,
          "KomakiNMF5NoDevice-ip-os-3": 207,
          "KomakiNMF5NoDevice-ip-os-4": 210,
          "KomakiNMF5NoDevice-ip-channel-0": 194,
          "KomakiNMF5NoDevice-ip-channel-1": 521,
          "KomakiNMF5NoDevice-ip-channel-2": 206,
          "KomakiNMF5NoDevice-ip-channel-3": 263,
          "KomakiNMF5NoDevice-ip-channel-4": 221,
          "KomakiNMF5NoDevice-app-ip-0": 69,
          "KomakiNMF5NoDevice-app-ip-1": 78,
          "KomakiNMF5NoDevice-app-ip-2": 69,
          "KomakiNMF5NoDevice-app-ip-3": 69,
          "KomakiNMF5NoDevice-app-ip-4": 56,
          "KomakiNMF5NoDevice-app-os-0": 33,
          "KomakiNMF5NoDevice-app-os-1": 68,
          "KomakiNMF5NoDevice-app-os-2": 57,
          "KomakiNMF5NoDevice-app-os-3": 22,
          "KomakiNMF5NoDevice-app-os-4": 14,
          "KomakiNMF5NoDevice-app-channel-0": 51,
          "KomakiNMF5NoDevice-app-channel-1": 51,
          "KomakiNMF5NoDevice-app-channel-2": 74,
          "KomakiNMF5NoDevice-app-channel-3": 72,
          "KomakiNMF5NoDevice-app-channel-4": 67,
          "KomakiNMF5NoDevice-os-ip-0": 53,
          "KomakiNMF5NoDevice-os-ip-1": 53,
          "KomakiNMF5NoDevice-os-ip-2": 51,
          "KomakiNMF5NoDevice-os-ip-3": 59,
          "KomakiNMF5NoDevice-os-ip-4": 39,
          "KomakiNMF5NoDevice-os-app-0": 22,
          "KomakiNMF5NoDevice-os-app-1": 0,
          "KomakiNMF5NoDevice-os-app-2": 41,
          "KomakiNMF5NoDevice-os-app-3": 89,
          "KomakiNMF5NoDevice-os-app-4": 37,
          "KomakiNMF5NoDevice-os-channel-0": 84,
          "KomakiNMF5NoDevice-os-channel-1": 37,
          "KomakiNMF5NoDevice-os-channel-2": 101,
          "KomakiNMF5NoDevice-os-channel-3": 62,
          "KomakiNMF5NoDevice-os-channel-4": 62,
          "KomakiNMF5NoDevice-channel-ip-0": 99,
          "KomakiNMF5NoDevice-channel-ip-1": 71,
          "KomakiNMF5NoDevice-channel-ip-2": 80,
          "KomakiNMF5NoDevice-channel-ip-3": 110,
          "KomakiNMF5NoDevice-channel-ip-4": 86,
          "KomakiNMF5NoDevice-channel-app-0": 55,
          "KomakiNMF5NoDevice-channel-app-1": 24,
          "KomakiNMF5NoDevice-channel-app-2": 44,
          "KomakiNMF5NoDevice-channel-app-3": 54,
          "KomakiNMF5NoDevice-channel-app-4": 46,
          "KomakiNMF5NoDevice-channel-os-0": 68,
          "KomakiNMF5NoDevice-channel-os-1": 34,
          "KomakiNMF5NoDevice-channel-os-2": 107,
          "KomakiNMF5NoDevice-channel-os-3": 52,
          "KomakiNMF5NoDevice-channel-os-4": 92,
          "KomakiPCA5NoDevice-ip-app-0": 362,
          "KomakiPCA5NoDevice-ip-app-1": 237,
          "KomakiPCA5NoDevice-ip-app-2": 220,
          "KomakiPCA5NoDevice-ip-app-3": 134,
          "KomakiPCA5NoDevice-ip-app-4": 335,
          "KomakiPCA5NoDevice-ip-os-0": 462,
          "KomakiPCA5NoDevice-ip-os-1": 172,
          "KomakiPCA5NoDevice-ip-os-2": 191,
          "KomakiPCA5NoDevice-ip-os-3": 178,
          "KomakiPCA5NoDevice-ip-os-4": 197,
          "KomakiPCA5NoDevice-ip-channel-0": 389,
          "KomakiPCA5NoDevice-ip-channel-1": 284,
          "KomakiPCA5NoDevice-ip-channel-2": 214,
          "KomakiPCA5NoDevice-ip-channel-3": 224,
          "KomakiPCA5NoDevice-ip-channel-4": 195,
          "KomakiPCA5NoDevice-app-ip-0": 50,
          "KomakiPCA5NoDevice-app-ip-1": 56,
          "KomakiPCA5NoDevice-app-ip-2": 61,
          "KomakiPCA5NoDevice-app-ip-3": 87,
          "KomakiPCA5NoDevice-app-ip-4": 46,
          "KomakiPCA5NoDevice-app-os-0": 77,
          "KomakiPCA5NoDevice-app-os-1": 56,
          "KomakiPCA5NoDevice-app-os-2": 54,
          "KomakiPCA5NoDevice-app-os-3": 80,
          "KomakiPCA5NoDevice-app-os-4": 53,
          "KomakiPCA5NoDevice-app-channel-0": 49,
          "KomakiPCA5NoDevice-app-channel-1": 83,
          "KomakiPCA5NoDevice-app-channel-2": 79,
          "KomakiPCA5NoDevice-app-channel-3": 73,
          "KomakiPCA5NoDevice-app-channel-4": 92,
          "KomakiPCA5NoDevice-os-ip-0": 22,
          "KomakiPCA5NoDevice-os-ip-1": 58,
          "KomakiPCA5NoDevice-os-ip-2": 65,
          "KomakiPCA5NoDevice-os-ip-3": 69,
          "KomakiPCA5NoDevice-os-ip-4": 48,
          "KomakiPCA5NoDevice-os-app-0": 65,
          "KomakiPCA5NoDevice-os-app-1": 48,
          "KomakiPCA5NoDevice-os-app-2": 41,
          "KomakiPCA5NoDevice-os-app-3": 91,
          "KomakiPCA5NoDevice-os-app-4": 77,
          "KomakiPCA5NoDevice-os-channel-0": 52,
          "KomakiPCA5NoDevice-os-channel-1": 80,
          "KomakiPCA5NoDevice-os-channel-2": 55,
          "KomakiPCA5NoDevice-os-channel-3": 50,
          "KomakiPCA5NoDevice-os-channel-4": 63,
          "KomakiPCA5NoDevice-channel-ip-0": 104,
          "KomakiPCA5NoDevice-channel-ip-1": 78,
          "KomakiPCA5NoDevice-channel-ip-2": 82,
          "KomakiPCA5NoDevice-channel-ip-3": 75,
          "KomakiPCA5NoDevice-channel-ip-4": 99,
          "KomakiPCA5NoDevice-channel-app-0": 80,
          "KomakiPCA5NoDevice-channel-app-1": 56,
          "KomakiPCA5NoDevice-channel-app-2": 60,
          "KomakiPCA5NoDevice-channel-app-3": 57,
          "KomakiPCA5NoDevice-channel-app-4": 67,
          "KomakiPCA5NoDevice-channel-os-0": 92,
          "KomakiPCA5NoDevice-channel-os-1": 72,
          "KomakiPCA5NoDevice-channel-os-2": 63,
          "KomakiPCA5NoDevice-channel-os-3": 102,
          "KomakiPCA5NoDevice-channel-os-4": 68,
          "ItemUserLDA_0": 57,
          "ItemUserLDA_1": 45,
          "ItemUserLDA_2": 8,
          "ItemUserLDA_3": 39,
          "ItemUserLDA_4": 10,
          "ItemUserLDA_5": 31,
          "ItemUserLDA_6": 2,
          "ItemUserLDA_7": 2,
          "ItemUserLDA_8": 23,
          "ItemUserLDA_9": 5,
          "ItemUserLDA_10": 67,
          "ItemUserLDA_11": 1,
          "ItemUserLDA_12": 0,
          "ItemUserLDA_13": 33,
          "ItemUserLDA_14": 37,
          "ItemUserLDA_15": 25,
          "ItemUserLDA_16": 47,
          "ItemUserLDA_17": 20,
          "ItemUserLDA_18": 11,
          "ItemUserLDA_19": 29,
          "ItemUserLDA_20": 15,
          "ItemUserLDA_21": 6,
          "ItemUserLDA_22": 0,
          "ItemUserLDA_23": 29,
          "ItemUserLDA_24": 63,
          "ItemUserLDA_25": 34,
          "ItemUserLDA_26": 35,
          "ItemUserLDA_27": 37,
          "ItemUserLDA_28": 1,
          "ItemUserLDA_29": 30,
          "UserItemLDA_0": 132,
          "UserItemLDA_1": 66,
          "UserItemLDA_2": 43,
          "UserItemLDA_3": 27,
          "UserItemLDA_4": 94,
          "UserItemLDA_5": 12,
          "UserItemLDA_6": 8,
          "UserItemLDA_7": 15,
          "UserItemLDA_8": 28,
          "UserItemLDA_9": 69,
          "UserItemLDA_10": 32,
          "UserItemLDA_11": 10,
          "UserItemLDA_12": 92,
          "UserItemLDA_13": 93,
          "UserItemLDA_14": 56,
          "UserItemLDA_15": 31,
          "UserItemLDA_16": 15,
          "UserItemLDA_17": 71,
          "UserItemLDA_18": 41,
          "UserItemLDA_19": 41,
          "UserItemLDA_20": 48,
          "UserItemLDA_21": 89,
          "UserItemLDA_22": 72,
          "UserItemLDA_23": 31,
          "UserItemLDA_24": 32,
          "UserItemLDA_25": 21,
          "UserItemLDA_26": 19,
          "UserItemLDA_27": 35,
          "UserItemLDA_28": 10,
          "UserItemLDA_29": 2
        }
      },
      {
        "train_auc": 0.991278329820651,
        "valid_auc": 0.9840046640561049,
        "best_iteration": 353,
        "train_time": 324.25968980789185,
        "feature_importance": {
          "ip": 2040,
          "os": 892,
          "app": 1028,
          "channel": 1664,
          "hour": 1348,
          "n_channels": 695,
          "ip_app_count": 548,
          "ip_app_os_count": 551,
          "FutureClickCount_600-ip": 429,
          "FutureClickCount_600-app": 201,
          "FutureClickCount_600-ip-app": 142,
          "FutureClickCount_600-dev": 173,
          "FutureClickCount_600-ip-dev": 304,
          "FutureClickCount_600-app-dev": 236,
          "FutureClickCount_600-ip-app-dev": 92,
          "FutureClickCount_600-os": 175,
          "FutureClickCount_600-ip-os": 196,
          "FutureClickCount_600-app-os": 176,
          "FutureClickCount_600-ip-app-os": 161,
          "FutureClickCount_600-dev-os": 428,
          "FutureClickCount_600-ip-dev-os": 140,
          "FutureClickCount_600-app-dev-os": 385,
          "FutureClickCount_600-ip-app-dev-os": 288,
          "FutureClickCount_600-cha": 201,
          "FutureClickCount_600-ip-cha": 89,
          "FutureClickCount_600-app-cha": 280,
          "FutureClickCount_600-ip-app-cha": 57,
          "FutureClickCount_600-dev-cha": 145,
          "FutureClickCount_600-ip-dev-cha": 44,
          "FutureClickCount_600-app-dev-cha": 170,
          "FutureClickCount_600-ip-app-dev-cha": 32,
          "FutureClickCount_600-os-cha": 135,
          "FutureClickCount_600-ip-os-cha": 42,
          "FutureClickCount_600-app-os-cha": 176,
          "FutureClickCount_600-ip-app-os-cha": 40,
          "FutureClickCount_600-dev-os-cha": 153,
          "FutureClickCount_600-ip-dev-os-cha": 35,
          "FutureClickCount_600-app-dev-os-cha": 157,
          "FutureClickCount_600-ip-app-dev-os-cha": 48,
          "FutureClickCount_4800-ip": 597,
          "FutureClickCount_4800-app": 140,
          "FutureClickCount_4800-ip-app": 177,
          "FutureClickCount_4800-dev": 50,
          "FutureClickCount_4800-ip-dev": 748,
          "FutureClickCount_4800-app-dev": 102,
          "FutureClickCount_4800-ip-app-dev": 152,
          "FutureClickCount_4800-os": 74,
          "FutureClickCount_4800-ip-os": 286,
          "FutureClickCount_4800-app-os": 173,
          "FutureClickCount_4800-ip-app-os": 163,
          "FutureClickCount_4800-dev-os": 187,
          "FutureClickCount_4800-ip-dev-os": 493,
          "FutureClickCount_4800-app-dev-os": 323,
          "FutureClickCount_4800-ip-app-dev-os": 267,
          "FutureClickCount_4800-cha": 154,
          "FutureClickCount_4800-ip-cha": 145,
          "FutureClickCount_4800-app-cha": 315,
          "FutureClickCount_4800-ip-app-cha": 91,
          "FutureClickCount_4800-dev-cha": 118,
          "FutureClickCount_4800-ip-dev-cha": 69,
          "FutureClickCount_4800-app-dev-cha": 147,
          "FutureClickCount_4800-ip-app-dev-cha": 70,
          "FutureClickCount_4800-os-cha": 133,
          "FutureClickCount_4800-ip-os-cha": 61,
          "FutureClickCount_4800-app-os-cha": 145,
          "FutureClickCount_4800-ip-app-os-cha": 50,
          "FutureClickCount_4800-dev-os-cha": 152,
          "FutureClickCount_4800-ip-dev-os-cha": 42,
          "FutureClickCount_4800-app-dev-os-cha": 190,
          "FutureClickCount_4800-ip-app-dev-os-cha": 46,
          "NextClickTimeDelta-ip": 368,
          "NextClickTimeDelta-app": 47,
          "NextClickTimeDelta-ip-app": 584,
          "NextClickTimeDelta-dev": 25,
          "NextClickTimeDelta-ip-dev": 295,
          "NextClickTimeDelta-app-dev": 32,
          "NextClickTimeDelta-ip-app-dev": 336,
          "NextClickTimeDelta-os": 33,
          "NextClickTimeDelta-ip-os": 365,
          "NextClickTimeDelta-app-os": 83,
          "NextClickTimeDelta-ip-app-os": 1072,
          "NextClickTimeDelta-dev-os": 46,
          "NextClickTimeDelta-ip-dev-os": 273,
          "NextClickTimeDelta-app-dev-os": 69,
          "NextClickTimeDelta-ip-app-dev-os": 1840,
          "NextClickTimeDelta-cha": 51,
          "NextClickTimeDelta-ip-cha": 315,
          "NextClickTimeDelta-app-cha": 107,
          "NextClickTimeDelta-ip-app-cha": 260,
          "NextClickTimeDelta-dev-cha": 47,
          "NextClickTimeDelta-ip-dev-cha": 172,
          "NextClickTimeDelta-app-dev-cha": 60,
          "NextClickTimeDelta-ip-app-dev-cha": 209,
          "NextClickTimeDelta-os-cha": 97,
          "NextClickTimeDelta-ip-os-cha": 197,
          "NextClickTimeDelta-app-os-cha": 119,
          "NextClickTimeDelta-ip-app-os-cha": 307,
          "NextClickTimeDelta-dev-os-cha": 98,
          "NextClickTimeDelta-ip-dev-os-cha": 175,
          "NextClickTimeDelta-app-dev-os-cha": 122,
          "NextClickTimeDelta-ip-app-dev-os-cha": 335,
          "PrevClickTimeDelta-ip": 286,
          "PrevClickTimeDelta-app": 44,
          "PrevClickTimeDelta-ip-app": 220,
          "PrevClickTimeDelta-dev": 46,
          "PrevClickTimeDelta-ip-dev": 193,
          "PrevClickTimeDelta-app-dev": 35,
          "PrevClickTimeDelta-ip-app-dev": 165,
          "PrevClickTimeDelta-os": 51,
          "PrevClickTimeDelta-ip-os": 257,
          "PrevClickTimeDelta-app-os": 68,
          "PrevClickTimeDelta-ip-app-os": 183,
          "PrevClickTimeDelta-dev-os": 31,
          "PrevClickTimeDelta-ip-dev-os": 155,
          "PrevClickTimeDelta-app-dev-os": 55,
          "PrevClickTimeDelta-ip-app-dev-os": 160,
          "PrevClickTimeDelta-cha": 28,
          "PrevClickTimeDelta-ip-cha": 175,
          "PrevClickTimeDelta-app-cha": 63,
          "PrevClickTimeDelta-ip-app-cha": 125,
          "PrevClickTimeDelta-dev-cha": 55,
          "PrevClickTimeDelta-ip-dev-cha": 140,
          "PrevClickTimeDelta-app-dev-cha": 53,
          "PrevClickTimeDelta-ip-app-dev-cha": 111,
          "PrevClickTimeDelta-os-cha": 105,
          "PrevClickTimeDelta-ip-os-cha": 115,
          "PrevClickTimeDelta-app-os-cha": 103,
          "PrevClickTimeDelta-ip-app-os-cha": 126,
          "PrevClickTimeDelta-dev-os-cha": 86,
          "PrevClickTimeDelta-ip-dev-os-cha": 93,
          "PrevClickTimeDelta-app-dev-os-cha": 75,
          "PrevClickTimeDelta-ip-app-dev-os-cha": 71,
          "AverageAttributedRatio-ip": 149,
          "AverageAttributedRatio-app": 204,
          "AverageAttributedRatio-ip-app": 170,
          "AverageAttributedRatio-dev": 294,
          "AverageAttributedRatio-ip-dev": 166,
          "AverageAttributedRatio-app-dev": 151,
          "AverageAttributedRatio-ip-app-dev": 236,
          "AverageAttributedRatio-os": 149,
          "AverageAttributedRatio-ip-os": 120,
          "AverageAttributedRatio-app-os": 207,
          "AverageAttributedRatio-ip-app-os": 44,
          "AverageAttributedRatio-dev-os": 135,
          "AverageAttributedRatio-ip-dev-os": 118,
          "AverageAttributedRatio-app-dev-os": 252,
          "AverageAttributedRatio-ip-app-dev-os": 43,
          "AverageAttributedRatio-cha": 145,
          "AverageAttributedRatio-ip-cha": 66,
          "AverageAttributedRatio-app-cha": 172,
          "AverageAttributedRatio-ip-app-cha": 58,
          "AverageAttributedRatio-dev-cha": 115,
          "AverageAttributedRatio-ip-dev-cha": 55,
          "AverageAttributedRatio-app-dev-cha": 149,
          "AverageAttributedRatio-ip-app-dev-cha": 61,
          "AverageAttributedRatio-os-cha": 136,
          "AverageAttributedRatio-ip-os-cha": 32,
          "AverageAttributedRatio-app-os-cha": 219,
          "AverageAttributedRatio-ip-app-os-cha": 19,
          "AverageAttributedRatio-dev-os-cha": 124,
          "AverageAttributedRatio-ip-dev-os-cha": 17,
          "AverageAttributedRatio-app-dev-os-cha": 254,
          "AverageAttributedRatio-ip-app-dev-os-cha": 21,
          "KomakiLDA5NoDevice-ip-app-0": 372,
          "KomakiLDA5NoDevice-ip-app-1": 453,
          "KomakiLDA5NoDevice-ip-app-2": 319,
          "KomakiLDA5NoDevice-ip-app-3": 208,
          "KomakiLDA5NoDevice-ip-app-4": 169,
          "KomakiLDA5NoDevice-ip-os-0": 257,
          "KomakiLDA5NoDevice-ip-os-1": 325,
          "KomakiLDA5NoDevice-ip-os-2": 187,
          "KomakiLDA5NoDevice-ip-os-3": 216,
          "KomakiLDA5NoDevice-ip-os-4": 245,
          "KomakiLDA5NoDevice-ip-channel-0": 312,
          "KomakiLDA5NoDevice-ip-channel-1": 326,
          "KomakiLDA5NoDevice-ip-channel-2": 414,
          "KomakiLDA5NoDevice-ip-channel-3": 295,
          "KomakiLDA5NoDevice-ip-channel-4": 425,
          "KomakiLDA5NoDevice-app-ip-0": 191,
          "KomakiLDA5NoDevice-app-ip-1": 124,
          "KomakiLDA5NoDevice-app-ip-2": 121,
          "KomakiLDA5NoDevice-app-ip-3": 146,
          "KomakiLDA5NoDevice-app-ip-4": 97,
          "KomakiLDA5NoDevice-app-os-0": 91,
          "KomakiLDA5NoDevice-app-os-1": 147,
          "KomakiLDA5NoDevice-app-os-2": 69,
          "KomakiLDA5NoDevice-app-os-3": 78,
          "KomakiLDA5NoDevice-app-os-4": 104,
          "KomakiLDA5NoDevice-app-channel-0": 96,
          "KomakiLDA5NoDevice-app-channel-1": 92,
          "KomakiLDA5NoDevice-app-channel-2": 98,
          "KomakiLDA5NoDevice-app-channel-3": 146,
          "KomakiLDA5NoDevice-app-channel-4": 61,
          "KomakiLDA5NoDevice-os-ip-0": 146,
          "KomakiLDA5NoDevice-os-ip-1": 67,
          "KomakiLDA5NoDevice-os-ip-2": 109,
          "KomakiLDA5NoDevice-os-ip-3": 83,
          "KomakiLDA5NoDevice-os-ip-4": 125,
          "KomakiLDA5NoDevice-os-app-0": 218,
          "KomakiLDA5NoDevice-os-app-1": 102,
          "KomakiLDA5NoDevice-os-app-2": 70,
          "KomakiLDA5NoDevice-os-app-3": 132,
          "KomakiLDA5NoDevice-os-app-4": 44,
          "KomakiLDA5NoDevice-os-channel-0": 99,
          "KomakiLDA5NoDevice-os-channel-1": 53,
          "KomakiLDA5NoDevice-os-channel-2": 114,
          "KomakiLDA5NoDevice-os-channel-3": 172,
          "KomakiLDA5NoDevice-os-channel-4": 92,
          "KomakiLDA5NoDevice-channel-ip-0": 112,
          "KomakiLDA5NoDevice-channel-ip-1": 113,
          "KomakiLDA5NoDevice-channel-ip-2": 95,
          "KomakiLDA5NoDevice-channel-ip-3": 114,
          "KomakiLDA5NoDevice-channel-ip-4": 104,
          "KomakiLDA5NoDevice-channel-app-0": 96,
          "KomakiLDA5NoDevice-channel-app-1": 76,
          "KomakiLDA5NoDevice-channel-app-2": 104,
          "KomakiLDA5NoDevice-channel-app-3": 90,
          "KomakiLDA5NoDevice-channel-app-4": 81,
          "KomakiLDA5NoDevice-channel-os-0": 118,
          "KomakiLDA5NoDevice-channel-os-1": 116,
          "KomakiLDA5NoDevice-channel-os-2": 117,
          "KomakiLDA5NoDevice-channel-os-3": 94,
          "KomakiLDA5NoDevice-channel-os-4": 85,
          "KomakiNMF5NoDevice-ip-app-0": 163,
          "KomakiNMF5NoDevice-ip-app-1": 481,
          "KomakiNMF5NoDevice-ip-app-2": 255,
          "KomakiNMF5NoDevice-ip-app-3": 161,
          "KomakiNMF5NoDevice-ip-app-4": 224,
          "KomakiNMF5NoDevice-ip-os-0": 352,
          "KomakiNMF5NoDevice-ip-os-1": 283,
          "KomakiNMF5NoDevice-ip-os-2": 244,
          "KomakiNMF5NoDevice-ip-os-3": 244,
          "KomakiNMF5NoDevice-ip-os-4": 248,
          "KomakiNMF5NoDevice-ip-channel-0": 189,
          "KomakiNMF5NoDevice-ip-channel-1": 519,
          "KomakiNMF5NoDevice-ip-channel-2": 203,
          "KomakiNMF5NoDevice-ip-channel-3": 315,
          "KomakiNMF5NoDevice-ip-channel-4": 218,
          "KomakiNMF5NoDevice-app-ip-0": 69,
          "KomakiNMF5NoDevice-app-ip-1": 65,
          "KomakiNMF5NoDevice-app-ip-2": 67,
          "KomakiNMF5NoDevice-app-ip-3": 80,
          "KomakiNMF5NoDevice-app-ip-4": 33,
          "KomakiNMF5NoDevice-app-os-0": 23,
          "KomakiNMF5NoDevice-app-os-1": 60,
          "KomakiNMF5NoDevice-app-os-2": 56,
          "KomakiNMF5NoDevice-app-os-3": 31,
          "KomakiNMF5NoDevice-app-os-4": 27,
          "KomakiNMF5NoDevice-app-channel-0": 49,
          "KomakiNMF5NoDevice-app-channel-1": 49,
          "KomakiNMF5NoDevice-app-channel-2": 54,
          "KomakiNMF5NoDevice-app-channel-3": 88,
          "KomakiNMF5NoDevice-app-channel-4": 55,
          "KomakiNMF5NoDevice-os-ip-0": 60,
          "KomakiNMF5NoDevice-os-ip-1": 53,
          "KomakiNMF5NoDevice-os-ip-2": 57,
          "KomakiNMF5NoDevice-os-ip-3": 52,
          "KomakiNMF5NoDevice-os-ip-4": 56,
          "KomakiNMF5NoDevice-os-app-0": 34,
          "KomakiNMF5NoDevice-os-app-1": 0,
          "KomakiNMF5NoDevice-os-app-2": 35,
          "KomakiNMF5NoDevice-os-app-3": 86,
          "KomakiNMF5NoDevice-os-app-4": 42,
          "KomakiNMF5NoDevice-os-channel-0": 81,
          "KomakiNMF5NoDevice-os-channel-1": 49,
          "KomakiNMF5NoDevice-os-channel-2": 82,
          "KomakiNMF5NoDevice-os-channel-3": 60,
          "KomakiNMF5NoDevice-os-channel-4": 80,
          "KomakiNMF5NoDevice-channel-ip-0": 115,
          "KomakiNMF5NoDevice-channel-ip-1": 93,
          "KomakiNMF5NoDevice-channel-ip-2": 82,
          "KomakiNMF5NoDevice-channel-ip-3": 123,
          "KomakiNMF5NoDevice-channel-ip-4": 85,
          "KomakiNMF5NoDevice-channel-app-0": 49,
          "KomakiNMF5NoDevice-channel-app-1": 20,
          "KomakiNMF5NoDevice-channel-app-2": 43,
          "KomakiNMF5NoDevice-channel-app-3": 34,
          "KomakiNMF5NoDevice-channel-app-4": 53,
          "KomakiNMF5NoDevice-channel-os-0": 83,
          "KomakiNMF5NoDevice-channel-os-1": 44,
          "KomakiNMF5NoDevice-channel-os-2": 104,
          "KomakiNMF5NoDevice-channel-os-3": 51,
          "KomakiNMF5NoDevice-channel-os-4": 83,
          "KomakiPCA5NoDevice-ip-app-0": 355,
          "KomakiPCA5NoDevice-ip-app-1": 214,
          "KomakiPCA5NoDevice-ip-app-2": 206,
          "KomakiPCA5NoDevice-ip-app-3": 138,
          "KomakiPCA5NoDevice-ip-app-4": 366,
          "KomakiPCA5NoDevice-ip-os-0": 441,
          "KomakiPCA5NoDevice-ip-os-1": 202,
          "KomakiPCA5NoDevice-ip-os-2": 191,
          "KomakiPCA5NoDevice-ip-os-3": 154,
          "KomakiPCA5NoDevice-ip-os-4": 194,
          "KomakiPCA5NoDevice-ip-channel-0": 369,
          "KomakiPCA5NoDevice-ip-channel-1": 248,
          "KomakiPCA5NoDevice-ip-channel-2": 196,
          "KomakiPCA5NoDevice-ip-channel-3": 226,
          "KomakiPCA5NoDevice-ip-channel-4": 180,
          "KomakiPCA5NoDevice-app-ip-0": 33,
          "KomakiPCA5NoDevice-app-ip-1": 41,
          "KomakiPCA5NoDevice-app-ip-2": 82,
          "KomakiPCA5NoDevice-app-ip-3": 80,
          "KomakiPCA5NoDevice-app-ip-4": 60,
          "KomakiPCA5NoDevice-app-os-0": 80,
          "KomakiPCA5NoDevice-app-os-1": 41,
          "KomakiPCA5NoDevice-app-os-2": 72,
          "KomakiPCA5NoDevice-app-os-3": 70,
          "KomakiPCA5NoDevice-app-os-4": 64,
          "KomakiPCA5NoDevice-app-channel-0": 57,
          "KomakiPCA5NoDevice-app-channel-1": 86,
          "KomakiPCA5NoDevice-app-channel-2": 64,
          "KomakiPCA5NoDevice-app-channel-3": 85,
          "KomakiPCA5NoDevice-app-channel-4": 94,
          "KomakiPCA5NoDevice-os-ip-0": 35,
          "KomakiPCA5NoDevice-os-ip-1": 59,
          "KomakiPCA5NoDevice-os-ip-2": 67,
          "KomakiPCA5NoDevice-os-ip-3": 97,
          "KomakiPCA5NoDevice-os-ip-4": 60,
          "KomakiPCA5NoDevice-os-app-0": 52,
          "KomakiPCA5NoDevice-os-app-1": 41,
          "KomakiPCA5NoDevice-os-app-2": 43,
          "KomakiPCA5NoDevice-os-app-3": 86,
          "KomakiPCA5NoDevice-os-app-4": 116,
          "KomakiPCA5NoDevice-os-channel-0": 63,
          "KomakiPCA5NoDevice-os-channel-1": 88,
          "KomakiPCA5NoDevice-os-channel-2": 58,
          "KomakiPCA5NoDevice-os-channel-3": 38,
          "KomakiPCA5NoDevice-os-channel-4": 66,
          "KomakiPCA5NoDevice-channel-ip-0": 79,
          "KomakiPCA5NoDevice-channel-ip-1": 86,
          "KomakiPCA5NoDevice-channel-ip-2": 85,
          "KomakiPCA5NoDevice-channel-ip-3": 89,
          "KomakiPCA5NoDevice-channel-ip-4": 82,
          "KomakiPCA5NoDevice-channel-app-0": 75,
          "KomakiPCA5NoDevice-channel-app-1": 60,
          "KomakiPCA5NoDevice-channel-app-2": 55,
          "KomakiPCA5NoDevice-channel-app-3": 53,
          "KomakiPCA5NoDevice-channel-app-4": 63,
          "KomakiPCA5NoDevice-channel-os-0": 101,
          "KomakiPCA5NoDevice-channel-os-1": 80,
          "KomakiPCA5NoDevice-channel-os-2": 68,
          "KomakiPCA5NoDevice-channel-os-3": 89,
          "KomakiPCA5NoDevice-channel-os-4": 79,
          "ItemUserLDA_0": 50,
          "ItemUserLDA_1": 46,
          "ItemUserLDA_2": 11,
          "ItemUserLDA_3": 36,
          "ItemUserLDA_4": 6,
          "ItemUserLDA_5": 32,
          "ItemUserLDA_6": 0,
          "ItemUserLDA_7": 0,
          "ItemUserLDA_8": 14,
          "ItemUserLDA_9": 7,
          "ItemUserLDA_10": 66,
          "ItemUserLDA_11": 2,
          "ItemUserLDA_12": 0,
          "ItemUserLDA_13": 27,
          "ItemUserLDA_14": 23,
          "ItemUserLDA_15": 23,
          "ItemUserLDA_16": 45,
          "ItemUserLDA_17": 28,
          "ItemUserLDA_18": 10,
          "ItemUserLDA_19": 16,
          "ItemUserLDA_20": 19,
          "ItemUserLDA_21": 9,
          "ItemUserLDA_22": 1,
          "ItemUserLDA_23": 36,
          "ItemUserLDA_24": 72,
          "ItemUserLDA_25": 19,
          "ItemUserLDA_26": 32,
          "ItemUserLDA_27": 60,
          "ItemUserLDA_28": 2,
          "ItemUserLDA_29": 22,
          "UserItemLDA_0": 119,
          "UserItemLDA_1": 60,
          "UserItemLDA_2": 55,
          "UserItemLDA_3": 28,
          "UserItemLDA_4": 85,
          "UserItemLDA_5": 22,
          "UserItemLDA_6": 21,
          "UserItemLDA_7": 13,
          "UserItemLDA_8": 24,
          "UserItemLDA_9": 85,
          "UserItemLDA_10": 30,
          "UserItemLDA_11": 13,
          "UserItemLDA_12": 75,
          "UserItemLDA_13": 107,
          "UserItemLDA_14": 60,
          "UserItemLDA_15": 41,
          "UserItemLDA_16": 15,
          "UserItemLDA_17": 67,
          "UserItemLDA_18": 44,
          "UserItemLDA_19": 50,
          "UserItemLDA_20": 39,
          "UserItemLDA_21": 82,
          "UserItemLDA_22": 72,
          "UserItemLDA_23": 29,
          "UserItemLDA_24": 29,
          "UserItemLDA_25": 10,
          "UserItemLDA_26": 10,
          "UserItemLDA_27": 38,
          "UserItemLDA_28": 16,
          "UserItemLDA_29": 2
        }
      },
      {
        "train_auc": 0.9912151898603664,
        "valid_auc": 0.9837975481817797,
        "best_iteration": 349,
        "train_time": 318.63524556159973,
        "feature_importance": {
          "ip": 1990,
          "os": 947,
          "app": 999,
          "channel": 1649,
          "hour": 1337,
          "n_channels": 683,
          "ip_app_count": 557,
          "ip_app_os_count": 561,
          "FutureClickCount_600-ip": 373,
          "FutureClickCount_600-app": 185,
          "FutureClickCount_600-ip-app": 134,
          "FutureClickCount_600-dev": 173,
          "FutureClickCount_600-ip-dev": 321,
          "FutureClickCount_600-app-dev": 252,
          "FutureClickCount_600-ip-app-dev": 92,
          "FutureClickCount_600-os": 175,
          "FutureClickCount_600-ip-os": 178,
          "FutureClickCount_600-app-os": 199,
          "FutureClickCount_600-ip-app-os": 134,
          "FutureClickCount_600-dev-os": 463,
          "FutureClickCount_600-ip-dev-os": 177,
          "FutureClickCount_600-app-dev-os": 375,
          "FutureClickCount_600-ip-app-dev-os": 254,
          "FutureClickCount_600-cha": 176,
          "FutureClickCount_600-ip-cha": 77,
          "FutureClickCount_600-app-cha": 358,
          "FutureClickCount_600-ip-app-cha": 63,
          "FutureClickCount_600-dev-cha": 158,
          "FutureClickCount_600-ip-dev-cha": 44,
          "FutureClickCount_600-app-dev-cha": 190,
          "FutureClickCount_600-ip-app-dev-cha": 36,
          "FutureClickCount_600-os-cha": 146,
          "FutureClickCount_600-ip-os-cha": 44,
          "FutureClickCount_600-app-os-cha": 142,
          "FutureClickCount_600-ip-app-os-cha": 34,
          "FutureClickCount_600-dev-os-cha": 150,
          "FutureClickCount_600-ip-dev-os-cha": 48,
          "FutureClickCount_600-app-dev-os-cha": 162,
          "FutureClickCount_600-ip-app-dev-os-cha": 63,
          "FutureClickCount_4800-ip": 563,
          "FutureClickCount_4800-app": 156,
          "FutureClickCount_4800-ip-app": 188,
          "FutureClickCount_4800-dev": 41,
          "FutureClickCount_4800-ip-dev": 740,
          "FutureClickCount_4800-app-dev": 121,
          "FutureClickCount_4800-ip-app-dev": 154,
          "FutureClickCount_4800-os": 90,
          "FutureClickCount_4800-ip-os": 291,
          "FutureClickCount_4800-app-os": 163,
          "FutureClickCount_4800-ip-app-os": 168,
          "FutureClickCount_4800-dev-os": 198,
          "FutureClickCount_4800-ip-dev-os": 466,
          "FutureClickCount_4800-app-dev-os": 327,
          "FutureClickCount_4800-ip-app-dev-os": 219,
          "FutureClickCount_4800-cha": 149,
          "FutureClickCount_4800-ip-cha": 118,
          "FutureClickCount_4800-app-cha": 330,
          "FutureClickCount_4800-ip-app-cha": 79,
          "FutureClickCount_4800-dev-cha": 106,
          "FutureClickCount_4800-ip-dev-cha": 82,
          "FutureClickCount_4800-app-dev-cha": 129,
          "FutureClickCount_4800-ip-app-dev-cha": 80,
          "FutureClickCount_4800-os-cha": 97,
          "FutureClickCount_4800-ip-os-cha": 58,
          "FutureClickCount_4800-app-os-cha": 155,
          "FutureClickCount_4800-ip-app-os-cha": 61,
          "FutureClickCount_4800-dev-os-cha": 164,
          "FutureClickCount_4800-ip-dev-os-cha": 44,
          "FutureClickCount_4800-app-dev-os-cha": 169,
          "FutureClickCount_4800-ip-app-dev-os-cha": 51,
          "NextClickTimeDelta-ip": 332,
          "NextClickTimeDelta-app": 49,
          "NextClickTimeDelta-ip-app": 604,
          "NextClickTimeDelta-dev": 19,
          "NextClickTimeDelta-ip-dev": 287,
          "NextClickTimeDelta-app-dev": 45,
          "NextClickTimeDelta-ip-app-dev": 372,
          "NextClickTimeDelta-os": 30,
          "NextClickTimeDelta-ip-os": 371,
          "NextClickTimeDelta-app-os": 86,
          "NextClickTimeDelta-ip-app-os": 1074,
          "NextClickTimeDelta-dev-os": 59,
          "NextClickTimeDelta-ip-dev-os": 238,
          "NextClickTimeDelta-app-dev-os": 87,
          "NextClickTimeDelta-ip-app-dev-os": 1828,
          "NextClickTimeDelta-cha": 26,
          "NextClickTimeDelta-ip-cha": 271,
          "NextClickTimeDelta-app-cha": 86,
          "NextClickTimeDelta-ip-app-cha": 207,
          "NextClickTimeDelta-dev-cha": 35,
          "NextClickTimeDelta-ip-dev-cha": 186,
          "NextClickTimeDelta-app-dev-cha": 49,
          "NextClickTimeDelta-ip-app-dev-cha": 203,
          "NextClickTimeDelta-os-cha": 103,
          "NextClickTimeDelta-ip-os-cha": 211,
          "NextClickTimeDelta-app-os-cha": 107,
          "NextClickTimeDelta-ip-app-os-cha": 327,
          "NextClickTimeDelta-dev-os-cha": 94,
          "NextClickTimeDelta-ip-dev-os-cha": 157,
          "NextClickTimeDelta-app-dev-os-cha": 88,
          "NextClickTimeDelta-ip-app-dev-os-cha": 333,
          "PrevClickTimeDelta-ip": 279,
          "PrevClickTimeDelta-app": 40,
          "PrevClickTimeDelta-ip-app": 190,
          "PrevClickTimeDelta-dev": 25,
          "PrevClickTimeDelta-ip-dev": 192,
          "PrevClickTimeDelta-app-dev": 44,
          "PrevClickTimeDelta-ip-app-dev": 155,
          "PrevClickTimeDelta-os": 33,
          "PrevClickTimeDelta-ip-os": 208,
          "PrevClickTimeDelta-app-os": 72,
          "PrevClickTimeDelta-ip-app-os": 191,
          "PrevClickTimeDelta-dev-os": 45,
          "PrevClickTimeDelta-ip-dev-os": 156,
          "PrevClickTimeDelta-app-dev-os": 51,
          "PrevClickTimeDelta-ip-app-dev-os": 148,
          "PrevClickTimeDelta-cha": 36,
          "PrevClickTimeDelta-ip-cha": 196,
          "PrevClickTimeDelta-app-cha": 98,
          "PrevClickTimeDelta-ip-app-cha": 127,
          "PrevClickTimeDelta-dev-cha": 55,
          "PrevClickTimeDelta-ip-dev-cha": 137,
          "PrevClickTimeDelta-app-dev-cha": 52,
          "PrevClickTimeDelta-ip-app-dev-cha": 109,
          "PrevClickTimeDelta-os-cha": 96,
          "PrevClickTimeDelta-ip-os-cha": 109,
          "PrevClickTimeDelta-app-os-cha": 104,
          "PrevClickTimeDelta-ip-app-os-cha": 90,
          "PrevClickTimeDelta-dev-os-cha": 85,
          "PrevClickTimeDelta-ip-dev-os-cha": 103,
          "PrevClickTimeDelta-app-dev-os-cha": 82,
          "PrevClickTimeDelta-ip-app-dev-os-cha": 73,
          "AverageAttributedRatio-ip": 183,
          "AverageAttributedRatio-app": 201,
          "AverageAttributedRatio-ip-app": 149,
          "AverageAttributedRatio-dev": 262,
          "AverageAttributedRatio-ip-dev": 171,
          "AverageAttributedRatio-app-dev": 186,
          "AverageAttributedRatio-ip-app-dev": 242,
          "AverageAttributedRatio-os": 151,
          "AverageAttributedRatio-ip-os": 103,
          "AverageAttributedRatio-app-os": 207,
          "AverageAttributedRatio-ip-app-os": 43,
          "AverageAttributedRatio-dev-os": 156,
          "AverageAttributedRatio-ip-dev-os": 112,
          "AverageAttributedRatio-app-dev-os": 250,
          "AverageAttributedRatio-ip-app-dev-os": 32,
          "AverageAttributedRatio-cha": 146,
          "AverageAttributedRatio-ip-cha": 69,
          "AverageAttributedRatio-app-cha": 151,
          "AverageAttributedRatio-ip-app-cha": 57,
          "AverageAttributedRatio-dev-cha": 125,
          "AverageAttributedRatio-ip-dev-cha": 76,
          "AverageAttributedRatio-app-dev-cha": 166,
          "AverageAttributedRatio-ip-app-dev-cha": 55,
          "AverageAttributedRatio-os-cha": 138,
          "AverageAttributedRatio-ip-os-cha": 25,
          "AverageAttributedRatio-app-os-cha": 245,
          "AverageAttributedRatio-ip-app-os-cha": 30,
          "AverageAttributedRatio-dev-os-cha": 130,
          "AverageAttributedRatio-ip-dev-os-cha": 11,
          "AverageAttributedRatio-app-dev-os-cha": 241,
          "AverageAttributedRatio-ip-app-dev-os-cha": 15,
          "KomakiLDA5NoDevice-ip-app-0": 362,
          "KomakiLDA5NoDevice-ip-app-1": 420,
          "KomakiLDA5NoDevice-ip-app-2": 367,
          "KomakiLDA5NoDevice-ip-app-3": 228,
          "KomakiLDA5NoDevice-ip-app-4": 214,
          "KomakiLDA5NoDevice-ip-os-0": 267,
          "KomakiLDA5NoDevice-ip-os-1": 303,
          "KomakiLDA5NoDevice-ip-os-2": 187,
          "KomakiLDA5NoDevice-ip-os-3": 238,
          "KomakiLDA5NoDevice-ip-os-4": 224,
          "KomakiLDA5NoDevice-ip-channel-0": 310,
          "KomakiLDA5NoDevice-ip-channel-1": 293,
          "KomakiLDA5NoDevice-ip-channel-2": 393,
          "KomakiLDA5NoDevice-ip-channel-3": 363,
          "KomakiLDA5NoDevice-ip-channel-4": 348,
          "KomakiLDA5NoDevice-app-ip-0": 187,
          "KomakiLDA5NoDevice-app-ip-1": 115,
          "KomakiLDA5NoDevice-app-ip-2": 128,
          "KomakiLDA5NoDevice-app-ip-3": 124,
          "KomakiLDA5NoDevice-app-ip-4": 70,
          "KomakiLDA5NoDevice-app-os-0": 66,
          "KomakiLDA5NoDevice-app-os-1": 144,
          "KomakiLDA5NoDevice-app-os-2": 51,
          "KomakiLDA5NoDevice-app-os-3": 60,
          "KomakiLDA5NoDevice-app-os-4": 127,
          "KomakiLDA5NoDevice-app-channel-0": 83,
          "KomakiLDA5NoDevice-app-channel-1": 87,
          "KomakiLDA5NoDevice-app-channel-2": 111,
          "KomakiLDA5NoDevice-app-channel-3": 124,
          "KomakiLDA5NoDevice-app-channel-4": 64,
          "KomakiLDA5NoDevice-os-ip-0": 136,
          "KomakiLDA5NoDevice-os-ip-1": 91,
          "KomakiLDA5NoDevice-os-ip-2": 89,
          "KomakiLDA5NoDevice-os-ip-3": 92,
          "KomakiLDA5NoDevice-os-ip-4": 129,
          "KomakiLDA5NoDevice-os-app-0": 214,
          "KomakiLDA5NoDevice-os-app-1": 113,
          "KomakiLDA5NoDevice-os-app-2": 52,
          "KomakiLDA5NoDevice-os-app-3": 133,
          "KomakiLDA5NoDevice-os-app-4": 61,
          "KomakiLDA5NoDevice-os-channel-0": 102,
          "KomakiLDA5NoDevice-os-channel-1": 75,
          "KomakiLDA5NoDevice-os-channel-2": 116,
          "KomakiLDA5NoDevice-os-channel-3": 168,
          "KomakiLDA5NoDevice-os-channel-4": 90,
          "KomakiLDA5NoDevice-channel-ip-0": 112,
          "KomakiLDA5NoDevice-channel-ip-1": 87,
          "KomakiLDA5NoDevice-channel-ip-2": 79,
          "KomakiLDA5NoDevice-channel-ip-3": 107,
          "KomakiLDA5NoDevice-channel-ip-4": 99,
          "KomakiLDA5NoDevice-channel-app-0": 105,
          "KomakiLDA5NoDevice-channel-app-1": 75,
          "KomakiLDA5NoDevice-channel-app-2": 98,
          "KomakiLDA5NoDevice-channel-app-3": 91,
          "KomakiLDA5NoDevice-channel-app-4": 79,
          "KomakiLDA5NoDevice-channel-os-0": 105,
          "KomakiLDA5NoDevice-channel-os-1": 118,
          "KomakiLDA5NoDevice-channel-os-2": 133,
          "KomakiLDA5NoDevice-channel-os-3": 81,
          "KomakiLDA5NoDevice-channel-os-4": 91,
          "KomakiNMF5NoDevice-ip-app-0": 140,
          "KomakiNMF5NoDevice-ip-app-1": 491,
          "KomakiNMF5NoDevice-ip-app-2": 274,
          "KomakiNMF5NoDevice-ip-app-3": 149,
          "KomakiNMF5NoDevice-ip-app-4": 207,
          "KomakiNMF5NoDevice-ip-os-0": 354,
          "KomakiNMF5NoDevice-ip-os-1": 289,
          "KomakiNMF5NoDevice-ip-os-2": 247,
          "KomakiNMF5NoDevice-ip-os-3": 207,
          "KomakiNMF5NoDevice-ip-os-4": 212,
          "KomakiNMF5NoDevice-ip-channel-0": 184,
          "KomakiNMF5NoDevice-ip-channel-1": 490,
          "KomakiNMF5NoDevice-ip-channel-2": 210,
          "KomakiNMF5NoDevice-ip-channel-3": 308,
          "KomakiNMF5NoDevice-ip-channel-4": 245,
          "KomakiNMF5NoDevice-app-ip-0": 76,
          "KomakiNMF5NoDevice-app-ip-1": 68,
          "KomakiNMF5NoDevice-app-ip-2": 81,
          "KomakiNMF5NoDevice-app-ip-3": 75,
          "KomakiNMF5NoDevice-app-ip-4": 44,
          "KomakiNMF5NoDevice-app-os-0": 17,
          "KomakiNMF5NoDevice-app-os-1": 53,
          "KomakiNMF5NoDevice-app-os-2": 54,
          "KomakiNMF5NoDevice-app-os-3": 32,
          "KomakiNMF5NoDevice-app-os-4": 27,
          "KomakiNMF5NoDevice-app-channel-0": 54,
          "KomakiNMF5NoDevice-app-channel-1": 51,
          "KomakiNMF5NoDevice-app-channel-2": 82,
          "KomakiNMF5NoDevice-app-channel-3": 93,
          "KomakiNMF5NoDevice-app-channel-4": 57,
          "KomakiNMF5NoDevice-os-ip-0": 56,
          "KomakiNMF5NoDevice-os-ip-1": 60,
          "KomakiNMF5NoDevice-os-ip-2": 46,
          "KomakiNMF5NoDevice-os-ip-3": 51,
          "KomakiNMF5NoDevice-os-ip-4": 54,
          "KomakiNMF5NoDevice-os-app-0": 37,
          "KomakiNMF5NoDevice-os-app-1": 2,
          "KomakiNMF5NoDevice-os-app-2": 66,
          "KomakiNMF5NoDevice-os-app-3": 78,
          "KomakiNMF5NoDevice-os-app-4": 40,
          "KomakiNMF5NoDevice-os-channel-0": 81,
          "KomakiNMF5NoDevice-os-channel-1": 41,
          "KomakiNMF5NoDevice-os-channel-2": 104,
          "KomakiNMF5NoDevice-os-channel-3": 69,
          "KomakiNMF5NoDevice-os-channel-4": 69,
          "KomakiNMF5NoDevice-channel-ip-0": 94,
          "KomakiNMF5NoDevice-channel-ip-1": 62,
          "KomakiNMF5NoDevice-channel-ip-2": 99,
          "KomakiNMF5NoDevice-channel-ip-3": 126,
          "KomakiNMF5NoDevice-channel-ip-4": 72,
          "KomakiNMF5NoDevice-channel-app-0": 42,
          "KomakiNMF5NoDevice-channel-app-1": 16,
          "KomakiNMF5NoDevice-channel-app-2": 36,
          "KomakiNMF5NoDevice-channel-app-3": 37,
          "KomakiNMF5NoDevice-channel-app-4": 43,
          "KomakiNMF5NoDevice-channel-os-0": 96,
          "KomakiNMF5NoDevice-channel-os-1": 46,
          "KomakiNMF5NoDevice-channel-os-2": 112,
          "KomakiNMF5NoDevice-channel-os-3": 65,
          "KomakiNMF5NoDevice-channel-os-4": 83,
          "KomakiPCA5NoDevice-ip-app-0": 354,
          "KomakiPCA5NoDevice-ip-app-1": 234,
          "KomakiPCA5NoDevice-ip-app-2": 190,
          "KomakiPCA5NoDevice-ip-app-3": 129,
          "KomakiPCA5NoDevice-ip-app-4": 341,
          "KomakiPCA5NoDevice-ip-os-0": 441,
          "KomakiPCA5NoDevice-ip-os-1": 154,
          "KomakiPCA5NoDevice-ip-os-2": 211,
          "KomakiPCA5NoDevice-ip-os-3": 146,
          "KomakiPCA5NoDevice-ip-os-4": 179,
          "KomakiPCA5NoDevice-ip-channel-0": 393,
          "KomakiPCA5NoDevice-ip-channel-1": 259,
          "KomakiPCA5NoDevice-ip-channel-2": 260,
          "KomakiPCA5NoDevice-ip-channel-3": 191,
          "KomakiPCA5NoDevice-ip-channel-4": 175,
          "KomakiPCA5NoDevice-app-ip-0": 32,
          "KomakiPCA5NoDevice-app-ip-1": 69,
          "KomakiPCA5NoDevice-app-ip-2": 78,
          "KomakiPCA5NoDevice-app-ip-3": 87,
          "KomakiPCA5NoDevice-app-ip-4": 51,
          "KomakiPCA5NoDevice-app-os-0": 75,
          "KomakiPCA5NoDevice-app-os-1": 47,
          "KomakiPCA5NoDevice-app-os-2": 82,
          "KomakiPCA5NoDevice-app-os-3": 77,
          "KomakiPCA5NoDevice-app-os-4": 56,
          "KomakiPCA5NoDevice-app-channel-0": 57,
          "KomakiPCA5NoDevice-app-channel-1": 70,
          "KomakiPCA5NoDevice-app-channel-2": 73,
          "KomakiPCA5NoDevice-app-channel-3": 81,
          "KomakiPCA5NoDevice-app-channel-4": 98,
          "KomakiPCA5NoDevice-os-ip-0": 18,
          "KomakiPCA5NoDevice-os-ip-1": 60,
          "KomakiPCA5NoDevice-os-ip-2": 51,
          "KomakiPCA5NoDevice-os-ip-3": 65,
          "KomakiPCA5NoDevice-os-ip-4": 61,
          "KomakiPCA5NoDevice-os-app-0": 56,
          "KomakiPCA5NoDevice-os-app-1": 38,
          "KomakiPCA5NoDevice-os-app-2": 53,
          "KomakiPCA5NoDevice-os-app-3": 115,
          "KomakiPCA5NoDevice-os-app-4": 83,
          "KomakiPCA5NoDevice-os-channel-0": 73,
          "KomakiPCA5NoDevice-os-channel-1": 84,
          "KomakiPCA5NoDevice-os-channel-2": 58,
          "KomakiPCA5NoDevice-os-channel-3": 44,
          "KomakiPCA5NoDevice-os-channel-4": 52,
          "KomakiPCA5NoDevice-channel-ip-0": 71,
          "KomakiPCA5NoDevice-channel-ip-1": 65,
          "KomakiPCA5NoDevice-channel-ip-2": 80,
          "KomakiPCA5NoDevice-channel-ip-3": 71,
          "KomakiPCA5NoDevice-channel-ip-4": 110,
          "KomakiPCA5NoDevice-channel-app-0": 69,
          "KomakiPCA5NoDevice-channel-app-1": 49,
          "KomakiPCA5NoDevice-channel-app-2": 60,
          "KomakiPCA5NoDevice-channel-app-3": 57,
          "KomakiPCA5NoDevice-channel-app-4": 54,
          "KomakiPCA5NoDevice-channel-os-0": 87,
          "KomakiPCA5NoDevice-channel-os-1": 66,
          "KomakiPCA5NoDevice-channel-os-2": 47,
          "KomakiPCA5NoDevice-channel-os-3": 95,
          "KomakiPCA5NoDevice-channel-os-4": 69,
          "ItemUserLDA_0": 51,
          "ItemUserLDA_1": 37,
          "ItemUserLDA_2": 6,
          "ItemUserLDA_3": 32,
          "ItemUserLDA_4": 3,
          "ItemUserLDA_5": 32,
          "ItemUserLDA_6": 3,
          "ItemUserLDA_7": 0,
          "ItemUserLDA_8": 34,
          "ItemUserLDA_9": 5,
          "ItemUserLDA_10": 62,
          "ItemUserLDA_11": 1,
          "ItemUserLDA_12": 0,
          "ItemUserLDA_13": 28,
          "ItemUserLDA_14": 36,
          "ItemUserLDA_15": 21,
          "ItemUserLDA_16": 47,
          "ItemUserLDA_17": 22,
          "ItemUserLDA_18": 5,
          "ItemUserLDA_19": 26,
          "ItemUserLDA_20": 13,
          "ItemUserLDA_21": 7,
          "ItemUserLDA_22": 0,
          "ItemUserLDA_23": 45,
          "ItemUserLDA_24": 71,
          "ItemUserLDA_25": 18,
          "ItemUserLDA_26": 33,
          "ItemUserLDA_27": 47,
          "ItemUserLDA_28": 0,
          "ItemUserLDA_29": 28,
          "UserItemLDA_0": 116,
          "UserItemLDA_1": 53,
          "UserItemLDA_2": 32,
          "UserItemLDA_3": 26,
          "UserItemLDA_4": 67,
          "UserItemLDA_5": 6,
          "UserItemLDA_6": 20,
          "UserItemLDA_7": 12,
          "UserItemLDA_8": 26,
          "UserItemLDA_9": 75,
          "UserItemLDA_10": 48,
          "UserItemLDA_11": 8,
          "UserItemLDA_12": 71,
          "UserItemLDA_13": 108,
          "UserItemLDA_14": 52,
          "UserItemLDA_15": 40,
          "UserItemLDA_16": 9,
          "UserItemLDA_17": 49,
          "UserItemLDA_18": 51,
          "UserItemLDA_19": 60,
          "UserItemLDA_20": 45,
          "UserItemLDA_21": 66,
          "UserItemLDA_22": 74,
          "UserItemLDA_23": 26,
          "UserItemLDA_24": 65,
          "UserItemLDA_25": 4,
          "UserItemLDA_26": 7,
          "UserItemLDA_27": 55,
          "UserItemLDA_28": 24,
          "UserItemLDA_29": 0
        }
      },
      {
        "train_auc": 0.9912518276882478,
        "valid_auc": 0.9838391703898243,
        "best_iteration": 353,
        "train_time": 322.3767292499542,
        "feature_importance": {
          "ip": 2061,
          "os": 912,
          "app": 1026,
          "channel": 1671,
          "hour": 1348,
          "n_channels": 701,
          "ip_app_count": 547,
          "ip_app_os_count": 549,
          "FutureClickCount_600-ip": 388,
          "FutureClickCount_600-app": 194,
          "FutureClickCount_600-ip-app": 111,
          "FutureClickCount_600-dev": 176,
          "FutureClickCount_600-ip-dev": 280,
          "FutureClickCount_600-app-dev": 241,
          "FutureClickCount_600-ip-app-dev": 104,
          "FutureClickCount_600-os": 148,
          "FutureClickCount_600-ip-os": 186,
          "FutureClickCount_600-app-os": 209,
          "FutureClickCount_600-ip-app-os": 156,
          "FutureClickCount_600-dev-os": 433,
          "FutureClickCount_600-ip-dev-os": 148,
          "FutureClickCount_600-app-dev-os": 382,
          "FutureClickCount_600-ip-app-dev-os": 286,
          "FutureClickCount_600-cha": 213,
          "FutureClickCount_600-ip-cha": 55,
          "FutureClickCount_600-app-cha": 260,
          "FutureClickCount_600-ip-app-cha": 51,
          "FutureClickCount_600-dev-cha": 153,
          "FutureClickCount_600-ip-dev-cha": 41,
          "FutureClickCount_600-app-dev-cha": 174,
          "FutureClickCount_600-ip-app-dev-cha": 44,
          "FutureClickCount_600-os-cha": 120,
          "FutureClickCount_600-ip-os-cha": 34,
          "FutureClickCount_600-app-os-cha": 152,
          "FutureClickCount_600-ip-app-os-cha": 33,
          "FutureClickCount_600-dev-os-cha": 158,
          "FutureClickCount_600-ip-dev-os-cha": 35,
          "FutureClickCount_600-app-dev-os-cha": 134,
          "FutureClickCount_600-ip-app-dev-os-cha": 34,
          "FutureClickCount_4800-ip": 596,
          "FutureClickCount_4800-app": 168,
          "FutureClickCount_4800-ip-app": 203,
          "FutureClickCount_4800-dev": 44,
          "FutureClickCount_4800-ip-dev": 833,
          "FutureClickCount_4800-app-dev": 98,
          "FutureClickCount_4800-ip-app-dev": 122,
          "FutureClickCount_4800-os": 82,
          "FutureClickCount_4800-ip-os": 283,
          "FutureClickCount_4800-app-os": 141,
          "FutureClickCount_4800-ip-app-os": 182,
          "FutureClickCount_4800-dev-os": 168,
          "FutureClickCount_4800-ip-dev-os": 452,
          "FutureClickCount_4800-app-dev-os": 354,
          "FutureClickCount_4800-ip-app-dev-os": 240,
          "FutureClickCount_4800-cha": 149,
          "FutureClickCount_4800-ip-cha": 126,
          "FutureClickCount_4800-app-cha": 329,
          "FutureClickCount_4800-ip-app-cha": 102,
          "FutureClickCount_4800-dev-cha": 128,
          "FutureClickCount_4800-ip-dev-cha": 92,
          "FutureClickCount_4800-app-dev-cha": 159,
          "FutureClickCount_4800-ip-app-dev-cha": 72,
          "FutureClickCount_4800-os-cha": 117,
          "FutureClickCount_4800-ip-os-cha": 55,
          "FutureClickCount_4800-app-os-cha": 144,
          "FutureClickCount_4800-ip-app-os-cha": 51,
          "FutureClickCount_4800-dev-os-cha": 154,
          "FutureClickCount_4800-ip-dev-os-cha": 41,
          "FutureClickCount_4800-app-dev-os-cha": 164,
          "FutureClickCount_4800-ip-app-dev-os-cha": 35,
          "NextClickTimeDelta-ip": 338,
          "NextClickTimeDelta-app": 49,
          "NextClickTimeDelta-ip-app": 556,
          "NextClickTimeDelta-dev": 24,
          "NextClickTimeDelta-ip-dev": 310,
          "NextClickTimeDelta-app-dev": 46,
          "NextClickTimeDelta-ip-app-dev": 369,
          "NextClickTimeDelta-os": 34,
          "NextClickTimeDelta-ip-os": 374,
          "NextClickTimeDelta-app-os": 90,
          "NextClickTimeDelta-ip-app-os": 1071,
          "NextClickTimeDelta-dev-os": 54,
          "NextClickTimeDelta-ip-dev-os": 239,
          "NextClickTimeDelta-app-dev-os": 72,
          "NextClickTimeDelta-ip-app-dev-os": 1878,
          "NextClickTimeDelta-cha": 70,
          "NextClickTimeDelta-ip-cha": 275,
          "NextClickTimeDelta-app-cha": 93,
          "NextClickTimeDelta-ip-app-cha": 247,
          "NextClickTimeDelta-dev-cha": 53,
          "NextClickTimeDelta-ip-dev-cha": 179,
          "NextClickTimeDelta-app-dev-cha": 60,
          "NextClickTimeDelta-ip-app-dev-cha": 187,
          "NextClickTimeDelta-os-cha": 101,
          "NextClickTimeDelta-ip-os-cha": 250,
          "NextClickTimeDelta-app-os-cha": 126,
          "NextClickTimeDelta-ip-app-os-cha": 274,
          "NextClickTimeDelta-dev-os-cha": 91,
          "NextClickTimeDelta-ip-dev-os-cha": 159,
          "NextClickTimeDelta-app-dev-os-cha": 111,
          "NextClickTimeDelta-ip-app-dev-os-cha": 346,
          "PrevClickTimeDelta-ip": 305,
          "PrevClickTimeDelta-app": 45,
          "PrevClickTimeDelta-ip-app": 185,
          "PrevClickTimeDelta-dev": 16,
          "PrevClickTimeDelta-ip-dev": 222,
          "PrevClickTimeDelta-app-dev": 49,
          "PrevClickTimeDelta-ip-app-dev": 169,
          "PrevClickTimeDelta-os": 40,
          "PrevClickTimeDelta-ip-os": 252,
          "PrevClickTimeDelta-app-os": 73,
          "PrevClickTimeDelta-ip-app-os": 176,
          "PrevClickTimeDelta-dev-os": 38,
          "PrevClickTimeDelta-ip-dev-os": 157,
          "PrevClickTimeDelta-app-dev-os": 77,
          "PrevClickTimeDelta-ip-app-dev-os": 151,
          "PrevClickTimeDelta-cha": 37,
          "PrevClickTimeDelta-ip-cha": 174,
          "PrevClickTimeDelta-app-cha": 65,
          "PrevClickTimeDelta-ip-app-cha": 126,
          "PrevClickTimeDelta-dev-cha": 52,
          "PrevClickTimeDelta-ip-dev-cha": 124,
          "PrevClickTimeDelta-app-dev-cha": 75,
          "PrevClickTimeDelta-ip-app-dev-cha": 120,
          "PrevClickTimeDelta-os-cha": 97,
          "PrevClickTimeDelta-ip-os-cha": 125,
          "PrevClickTimeDelta-app-os-cha": 82,
          "PrevClickTimeDelta-ip-app-os-cha": 98,
          "PrevClickTimeDelta-dev-os-cha": 88,
          "PrevClickTimeDelta-ip-dev-os-cha": 100,
          "PrevClickTimeDelta-app-dev-os-cha": 88,
          "PrevClickTimeDelta-ip-app-dev-os-cha": 91,
          "AverageAttributedRatio-ip": 190,
          "AverageAttributedRatio-app": 177,
          "AverageAttributedRatio-ip-app": 171,
          "AverageAttributedRatio-dev": 280,
          "AverageAttributedRatio-ip-dev": 172,
          "AverageAttributedRatio-app-dev": 152,
          "AverageAttributedRatio-ip-app-dev": 240,
          "AverageAttributedRatio-os": 183,
          "AverageAttributedRatio-ip-os": 103,
          "AverageAttributedRatio-app-os": 179,
          "AverageAttributedRatio-ip-app-os": 39,
          "AverageAttributedRatio-dev-os": 125,
          "AverageAttributedRatio-ip-dev-os": 128,
          "AverageAttributedRatio-app-dev-os": 243,
          "AverageAttributedRatio-ip-app-dev-os": 38,
          "AverageAttributedRatio-cha": 159,
          "AverageAttributedRatio-ip-cha": 79,
          "AverageAttributedRatio-app-cha": 183,
          "AverageAttributedRatio-ip-app-cha": 50,
          "AverageAttributedRatio-dev-cha": 119,
          "AverageAttributedRatio-ip-dev-cha": 58,
          "AverageAttributedRatio-app-dev-cha": 169,
          "AverageAttributedRatio-ip-app-dev-cha": 34,
          "AverageAttributedRatio-os-cha": 170,
          "AverageAttributedRatio-ip-os-cha": 15,
          "AverageAttributedRatio-app-os-cha": 222,
          "AverageAttributedRatio-ip-app-os-cha": 12,
          "AverageAttributedRatio-dev-os-cha": 121,
          "AverageAttributedRatio-ip-dev-os-cha": 14,
          "AverageAttributedRatio-app-dev-os-cha": 266,
          "AverageAttributedRatio-ip-app-dev-os-cha": 15,
          "KomakiLDA5NoDevice-ip-app-0": 389,
          "KomakiLDA5NoDevice-ip-app-1": 386,
          "KomakiLDA5NoDevice-ip-app-2": 343,
          "KomakiLDA5NoDevice-ip-app-3": 251,
          "KomakiLDA5NoDevice-ip-app-4": 188,
          "KomakiLDA5NoDevice-ip-os-0": 238,
          "KomakiLDA5NoDevice-ip-os-1": 321,
          "KomakiLDA5NoDevice-ip-os-2": 175,
          "KomakiLDA5NoDevice-ip-os-3": 221,
          "KomakiLDA5NoDevice-ip-os-4": 251,
          "KomakiLDA5NoDevice-ip-channel-0": 344,
          "KomakiLDA5NoDevice-ip-channel-1": 342,
          "KomakiLDA5NoDevice-ip-channel-2": 408,
          "KomakiLDA5NoDevice-ip-channel-3": 330,
          "KomakiLDA5NoDevice-ip-channel-4": 421,
          "KomakiLDA5NoDevice-app-ip-0": 185,
          "KomakiLDA5NoDevice-app-ip-1": 141,
          "KomakiLDA5NoDevice-app-ip-2": 105,
          "KomakiLDA5NoDevice-app-ip-3": 119,
          "KomakiLDA5NoDevice-app-ip-4": 94,
          "KomakiLDA5NoDevice-app-os-0": 89,
          "KomakiLDA5NoDevice-app-os-1": 121,
          "KomakiLDA5NoDevice-app-os-2": 76,
          "KomakiLDA5NoDevice-app-os-3": 68,
          "KomakiLDA5NoDevice-app-os-4": 73,
          "KomakiLDA5NoDevice-app-channel-0": 98,
          "KomakiLDA5NoDevice-app-channel-1": 85,
          "KomakiLDA5NoDevice-app-channel-2": 133,
          "KomakiLDA5NoDevice-app-channel-3": 131,
          "KomakiLDA5NoDevice-app-channel-4": 77,
          "KomakiLDA5NoDevice-os-ip-0": 150,
          "KomakiLDA5NoDevice-os-ip-1": 99,
          "KomakiLDA5NoDevice-os-ip-2": 101,
          "KomakiLDA5NoDevice-os-ip-3": 79,
          "KomakiLDA5NoDevice-os-ip-4": 119,
          "KomakiLDA5NoDevice-os-app-0": 216,
          "KomakiLDA5NoDevice-os-app-1": 131,
          "KomakiLDA5NoDevice-os-app-2": 63,
          "KomakiLDA5NoDevice-os-app-3": 123,
          "KomakiLDA5NoDevice-os-app-4": 41,
          "KomakiLDA5NoDevice-os-channel-0": 137,
          "KomakiLDA5NoDevice-os-channel-1": 65,
          "KomakiLDA5NoDevice-os-channel-2": 99,
          "KomakiLDA5NoDevice-os-channel-3": 168,
          "KomakiLDA5NoDevice-os-channel-4": 84,
          "KomakiLDA5NoDevice-channel-ip-0": 120,
          "KomakiLDA5NoDevice-channel-ip-1": 99,
          "KomakiLDA5NoDevice-channel-ip-2": 125,
          "KomakiLDA5NoDevice-channel-ip-3": 101,
          "KomakiLDA5NoDevice-channel-ip-4": 93,
          "KomakiLDA5NoDevice-channel-app-0": 100,
          "KomakiLDA5NoDevice-channel-app-1": 63,
          "KomakiLDA5NoDevice-channel-app-2": 100,
          "KomakiLDA5NoDevice-channel-app-3": 85,
          "KomakiLDA5NoDevice-channel-app-4": 67,
          "KomakiLDA5NoDevice-channel-os-0": 107,
          "KomakiLDA5NoDevice-channel-os-1": 124,
          "KomakiLDA5NoDevice-channel-os-2": 115,
          "KomakiLDA5NoDevice-channel-os-3": 104,
          "KomakiLDA5NoDevice-channel-os-4": 85,
          "KomakiNMF5NoDevice-ip-app-0": 145,
          "KomakiNMF5NoDevice-ip-app-1": 477,
          "KomakiNMF5NoDevice-ip-app-2": 270,
          "KomakiNMF5NoDevice-ip-app-3": 163,
          "KomakiNMF5NoDevice-ip-app-4": 180,
          "KomakiNMF5NoDevice-ip-os-0": 340,
          "KomakiNMF5NoDevice-ip-os-1": 284,
          "KomakiNMF5NoDevice-ip-os-2": 237,
          "KomakiNMF5NoDevice-ip-os-3": 217,
          "KomakiNMF5NoDevice-ip-os-4": 226,
          "KomakiNMF5NoDevice-ip-channel-0": 205,
          "KomakiNMF5NoDevice-ip-channel-1": 501,
          "KomakiNMF5NoDevice-ip-channel-2": 216,
          "KomakiNMF5NoDevice-ip-channel-3": 272,
          "KomakiNMF5NoDevice-ip-channel-4": 230,
          "KomakiNMF5NoDevice-app-ip-0": 65,
          "KomakiNMF5NoDevice-app-ip-1": 64,
          "KomakiNMF5NoDevice-app-ip-2": 88,
          "KomakiNMF5NoDevice-app-ip-3": 69,
          "KomakiNMF5NoDevice-app-ip-4": 46,
          "KomakiNMF5NoDevice-app-os-0": 34,
          "KomakiNMF5NoDevice-app-os-1": 69,
          "KomakiNMF5NoDevice-app-os-2": 53,
          "KomakiNMF5NoDevice-app-os-3": 30,
          "KomakiNMF5NoDevice-app-os-4": 23,
          "KomakiNMF5NoDevice-app-channel-0": 52,
          "KomakiNMF5NoDevice-app-channel-1": 38,
          "KomakiNMF5NoDevice-app-channel-2": 64,
          "KomakiNMF5NoDevice-app-channel-3": 110,
          "KomakiNMF5NoDevice-app-channel-4": 45,
          "KomakiNMF5NoDevice-os-ip-0": 52,
          "KomakiNMF5NoDevice-os-ip-1": 46,
          "KomakiNMF5NoDevice-os-ip-2": 53,
          "KomakiNMF5NoDevice-os-ip-3": 51,
          "KomakiNMF5NoDevice-os-ip-4": 38,
          "KomakiNMF5NoDevice-os-app-0": 33,
          "KomakiNMF5NoDevice-os-app-1": 2,
          "KomakiNMF5NoDevice-os-app-2": 48,
          "KomakiNMF5NoDevice-os-app-3": 79,
          "KomakiNMF5NoDevice-os-app-4": 42,
          "KomakiNMF5NoDevice-os-channel-0": 99,
          "KomakiNMF5NoDevice-os-channel-1": 45,
          "KomakiNMF5NoDevice-os-channel-2": 92,
          "KomakiNMF5NoDevice-os-channel-3": 65,
          "KomakiNMF5NoDevice-os-channel-4": 64,
          "KomakiNMF5NoDevice-channel-ip-0": 102,
          "KomakiNMF5NoDevice-channel-ip-1": 65,
          "KomakiNMF5NoDevice-channel-ip-2": 79,
          "KomakiNMF5NoDevice-channel-ip-3": 108,
          "KomakiNMF5NoDevice-channel-ip-4": 79,
          "KomakiNMF5NoDevice-channel-app-0": 45,
          "KomakiNMF5NoDevice-channel-app-1": 13,
          "KomakiNMF5NoDevice-channel-app-2": 31,
          "KomakiNMF5NoDevice-channel-app-3": 64,
          "KomakiNMF5NoDevice-channel-app-4": 42,
          "KomakiNMF5NoDevice-channel-os-0": 66,
          "KomakiNMF5NoDevice-channel-os-1": 32,
          "KomakiNMF5NoDevice-channel-os-2": 109,
          "KomakiNMF5NoDevice-channel-os-3": 56,
          "KomakiNMF5NoDevice-channel-os-4": 106,
          "KomakiPCA5NoDevice-ip-app-0": 305,
          "KomakiPCA5NoDevice-ip-app-1": 179,
          "KomakiPCA5NoDevice-ip-app-2": 222,
          "KomakiPCA5NoDevice-ip-app-3": 143,
          "KomakiPCA5NoDevice-ip-app-4": 306,
          "KomakiPCA5NoDevice-ip-os-0": 399,
          "KomakiPCA5NoDevice-ip-os-1": 171,
          "KomakiPCA5NoDevice-ip-os-2": 204,
          "KomakiPCA5NoDevice-ip-os-3": 155,
          "KomakiPCA5NoDevice-ip-os-4": 203,
          "KomakiPCA5NoDevice-ip-channel-0": 364,
          "KomakiPCA5NoDevice-ip-channel-1": 221,
          "KomakiPCA5NoDevice-ip-channel-2": 228,
          "KomakiPCA5NoDevice-ip-channel-3": 206,
          "KomakiPCA5NoDevice-ip-channel-4": 191,
          "KomakiPCA5NoDevice-app-ip-0": 44,
          "KomakiPCA5NoDevice-app-ip-1": 58,
          "KomakiPCA5NoDevice-app-ip-2": 84,
          "KomakiPCA5NoDevice-app-ip-3": 68,
          "KomakiPCA5NoDevice-app-ip-4": 50,
          "KomakiPCA5NoDevice-app-os-0": 74,
          "KomakiPCA5NoDevice-app-os-1": 46,
          "KomakiPCA5NoDevice-app-os-2": 56,
          "KomakiPCA5NoDevice-app-os-3": 81,
          "KomakiPCA5NoDevice-app-os-4": 70,
          "KomakiPCA5NoDevice-app-channel-0": 47,
          "KomakiPCA5NoDevice-app-channel-1": 64,
          "KomakiPCA5NoDevice-app-channel-2": 91,
          "KomakiPCA5NoDevice-app-channel-3": 76,
          "KomakiPCA5NoDevice-app-channel-4": 102,
          "KomakiPCA5NoDevice-os-ip-0": 23,
          "KomakiPCA5NoDevice-os-ip-1": 48,
          "KomakiPCA5NoDevice-os-ip-2": 70,
          "KomakiPCA5NoDevice-os-ip-3": 59,
          "KomakiPCA5NoDevice-os-ip-4": 58,
          "KomakiPCA5NoDevice-os-app-0": 62,
          "KomakiPCA5NoDevice-os-app-1": 38,
          "KomakiPCA5NoDevice-os-app-2": 35,
          "KomakiPCA5NoDevice-os-app-3": 91,
          "KomakiPCA5NoDevice-os-app-4": 105,
          "KomakiPCA5NoDevice-os-channel-0": 68,
          "KomakiPCA5NoDevice-os-channel-1": 76,
          "KomakiPCA5NoDevice-os-channel-2": 75,
          "KomakiPCA5NoDevice-os-channel-3": 52,
          "KomakiPCA5NoDevice-os-channel-4": 63,
          "KomakiPCA5NoDevice-channel-ip-0": 105,
          "KomakiPCA5NoDevice-channel-ip-1": 81,
          "KomakiPCA5NoDevice-channel-ip-2": 82,
          "KomakiPCA5NoDevice-channel-ip-3": 83,
          "KomakiPCA5NoDevice-channel-ip-4": 94,
          "KomakiPCA5NoDevice-channel-app-0": 74,
          "KomakiPCA5NoDevice-channel-app-1": 56,
          "KomakiPCA5NoDevice-channel-app-2": 65,
          "KomakiPCA5NoDevice-channel-app-3": 61,
          "KomakiPCA5NoDevice-channel-app-4": 65,
          "KomakiPCA5NoDevice-channel-os-0": 76,
          "KomakiPCA5NoDevice-channel-os-1": 73,
          "KomakiPCA5NoDevice-channel-os-2": 80,
          "KomakiPCA5NoDevice-channel-os-3": 90,
          "KomakiPCA5NoDevice-channel-os-4": 82,
          "ItemUserLDA_0": 59,
          "ItemUserLDA_1": 50,
          "ItemUserLDA_2": 7,
          "ItemUserLDA_3": 31,
          "ItemUserLDA_4": 4,
          "ItemUserLDA_5": 15,
          "ItemUserLDA_6": 2,
          "ItemUserLDA_7": 0,
          "ItemUserLDA_8": 27,
          "ItemUserLDA_9": 5,
          "ItemUserLDA_10": 59,
          "ItemUserLDA_11": 4,
          "ItemUserLDA_12": 0,
          "ItemUserLDA_13": 29,
          "ItemUserLDA_14": 38,
          "ItemUserLDA_15": 21,
          "ItemUserLDA_16": 38,
          "ItemUserLDA_17": 25,
          "ItemUserLDA_18": 7,
          "ItemUserLDA_19": 34,
          "ItemUserLDA_20": 24,
          "ItemUserLDA_21": 8,
          "ItemUserLDA_22": 0,
          "ItemUserLDA_23": 32,
          "ItemUserLDA_24": 67,
          "ItemUserLDA_25": 27,
          "ItemUserLDA_26": 28,
          "ItemUserLDA_27": 58,
          "ItemUserLDA_28": 0,
          "ItemUserLDA_29": 33,
          "UserItemLDA_0": 109,
          "UserItemLDA_1": 57,
          "UserItemLDA_2": 30,
          "UserItemLDA_3": 25,
          "UserItemLDA_4": 71,
          "UserItemLDA_5": 16,
          "UserItemLDA_6": 17,
          "UserItemLDA_7": 12,
          "UserItemLDA_8": 32,
          "UserItemLDA_9": 84,
          "UserItemLDA_10": 41,
          "UserItemLDA_11": 9,
          "UserItemLDA_12": 87,
          "UserItemLDA_13": 113,
          "UserItemLDA_14": 53,
          "UserItemLDA_15": 34,
          "UserItemLDA_16": 42,
          "UserItemLDA_17": 58,
          "UserItemLDA_18": 39,
          "UserItemLDA_19": 45,
          "UserItemLDA_20": 53,
          "UserItemLDA_21": 67,
          "UserItemLDA_22": 77,
          "UserItemLDA_23": 28,
          "UserItemLDA_24": 31,
          "UserItemLDA_25": 5,
          "UserItemLDA_26": 17,
          "UserItemLDA_27": 42,
          "UserItemLDA_28": 20,
          "UserItemLDA_29": 1
        }
      },
      {
        "train_auc": 0.9914408593591955,
        "valid_auc": 0.9840189057545986,
        "best_iteration": 353,
        "train_time": 322.569762468338,
        "feature_importance": {
          "ip": 2047,
          "os": 896,
          "app": 1008,
          "channel": 1718,
          "hour": 1324,
          "n_channels": 753,
          "ip_app_count": 540,
          "ip_app_os_count": 599,
          "FutureClickCount_600-ip": 383,
          "FutureClickCount_600-app": 198,
          "FutureClickCount_600-ip-app": 104,
          "FutureClickCount_600-dev": 174,
          "FutureClickCount_600-ip-dev": 329,
          "FutureClickCount_600-app-dev": 221,
          "FutureClickCount_600-ip-app-dev": 103,
          "FutureClickCount_600-os": 161,
          "FutureClickCount_600-ip-os": 169,
          "FutureClickCount_600-app-os": 192,
          "FutureClickCount_600-ip-app-os": 112,
          "FutureClickCount_600-dev-os": 431,
          "FutureClickCount_600-ip-dev-os": 188,
          "FutureClickCount_600-app-dev-os": 403,
          "FutureClickCount_600-ip-app-dev-os": 265,
          "FutureClickCount_600-cha": 206,
          "FutureClickCount_600-ip-cha": 63,
          "FutureClickCount_600-app-cha": 282,
          "FutureClickCount_600-ip-app-cha": 44,
          "FutureClickCount_600-dev-cha": 169,
          "FutureClickCount_600-ip-dev-cha": 44,
          "FutureClickCount_600-app-dev-cha": 189,
          "FutureClickCount_600-ip-app-dev-cha": 32,
          "FutureClickCount_600-os-cha": 111,
          "FutureClickCount_600-ip-os-cha": 40,
          "FutureClickCount_600-app-os-cha": 155,
          "FutureClickCount_600-ip-app-os-cha": 44,
          "FutureClickCount_600-dev-os-cha": 154,
          "FutureClickCount_600-ip-dev-os-cha": 43,
          "FutureClickCount_600-app-dev-os-cha": 149,
          "FutureClickCount_600-ip-app-dev-os-cha": 35,
          "FutureClickCount_4800-ip": 566,
          "FutureClickCount_4800-app": 183,
          "FutureClickCount_4800-ip-app": 212,
          "FutureClickCount_4800-dev": 56,
          "FutureClickCount_4800-ip-dev": 774,
          "FutureClickCount_4800-app-dev": 110,
          "FutureClickCount_4800-ip-app-dev": 165,
          "FutureClickCount_4800-os": 83,
          "FutureClickCount_4800-ip-os": 290,
          "FutureClickCount_4800-app-os": 169,
          "FutureClickCount_4800-ip-app-os": 202,
          "FutureClickCount_4800-dev-os": 153,
          "FutureClickCount_4800-ip-dev-os": 463,
          "FutureClickCount_4800-app-dev-os": 309,
          "FutureClickCount_4800-ip-app-dev-os": 230,
          "FutureClickCount_4800-cha": 148,
          "FutureClickCount_4800-ip-cha": 115,
          "FutureClickCount_4800-app-cha": 315,
          "FutureClickCount_4800-ip-app-cha": 88,
          "FutureClickCount_4800-dev-cha": 134,
          "FutureClickCount_4800-ip-dev-cha": 100,
          "FutureClickCount_4800-app-dev-cha": 156,
          "FutureClickCount_4800-ip-app-dev-cha": 56,
          "FutureClickCount_4800-os-cha": 124,
          "FutureClickCount_4800-ip-os-cha": 47,
          "FutureClickCount_4800-app-os-cha": 140,
          "FutureClickCount_4800-ip-app-os-cha": 50,
          "FutureClickCount_4800-dev-os-cha": 151,
          "FutureClickCount_4800-ip-dev-os-cha": 48,
          "FutureClickCount_4800-app-dev-os-cha": 184,
          "FutureClickCount_4800-ip-app-dev-os-cha": 36,
          "NextClickTimeDelta-ip": 362,
          "NextClickTimeDelta-app": 51,
          "NextClickTimeDelta-ip-app": 531,
          "NextClickTimeDelta-dev": 31,
          "NextClickTimeDelta-ip-dev": 288,
          "NextClickTimeDelta-app-dev": 48,
          "NextClickTimeDelta-ip-app-dev": 338,
          "NextClickTimeDelta-os": 43,
          "NextClickTimeDelta-ip-os": 401,
          "NextClickTimeDelta-app-os": 96,
          "NextClickTimeDelta-ip-app-os": 1129,
          "NextClickTimeDelta-dev-os": 65,
          "NextClickTimeDelta-ip-dev-os": 259,
          "NextClickTimeDelta-app-dev-os": 66,
          "NextClickTimeDelta-ip-app-dev-os": 1861,
          "NextClickTimeDelta-cha": 42,
          "NextClickTimeDelta-ip-cha": 265,
          "NextClickTimeDelta-app-cha": 136,
          "NextClickTimeDelta-ip-app-cha": 263,
          "NextClickTimeDelta-dev-cha": 39,
          "NextClickTimeDelta-ip-dev-cha": 182,
          "NextClickTimeDelta-app-dev-cha": 62,
          "NextClickTimeDelta-ip-app-dev-cha": 172,
          "NextClickTimeDelta-os-cha": 110,
          "NextClickTimeDelta-ip-os-cha": 217,
          "NextClickTimeDelta-app-os-cha": 109,
          "NextClickTimeDelta-ip-app-os-cha": 265,
          "NextClickTimeDelta-dev-os-cha": 68,
          "NextClickTimeDelta-ip-dev-os-cha": 184,
          "NextClickTimeDelta-app-dev-os-cha": 101,
          "NextClickTimeDelta-ip-app-dev-os-cha": 353,
          "PrevClickTimeDelta-ip": 299,
          "PrevClickTimeDelta-app": 49,
          "PrevClickTimeDelta-ip-app": 192,
          "PrevClickTimeDelta-dev": 32,
          "PrevClickTimeDelta-ip-dev": 179,
          "PrevClickTimeDelta-app-dev": 35,
          "PrevClickTimeDelta-ip-app-dev": 137,
          "PrevClickTimeDelta-os": 61,
          "PrevClickTimeDelta-ip-os": 239,
          "PrevClickTimeDelta-app-os": 76,
          "PrevClickTimeDelta-ip-app-os": 177,
          "PrevClickTimeDelta-dev-os": 39,
          "PrevClickTimeDelta-ip-dev-os": 152,
          "PrevClickTimeDelta-app-dev-os": 63,
          "PrevClickTimeDelta-ip-app-dev-os": 160,
          "PrevClickTimeDelta-cha": 34,
          "PrevClickTimeDelta-ip-cha": 155,
          "PrevClickTimeDelta-app-cha": 86,
          "PrevClickTimeDelta-ip-app-cha": 125,
          "PrevClickTimeDelta-dev-cha": 38,
          "PrevClickTimeDelta-ip-dev-cha": 148,
          "PrevClickTimeDelta-app-dev-cha": 60,
          "PrevClickTimeDelta-ip-app-dev-cha": 114,
          "PrevClickTimeDelta-os-cha": 81,
          "PrevClickTimeDelta-ip-os-cha": 113,
          "PrevClickTimeDelta-app-os-cha": 95,
          "PrevClickTimeDelta-ip-app-os-cha": 105,
          "PrevClickTimeDelta-dev-os-cha": 72,
          "PrevClickTimeDelta-ip-dev-os-cha": 99,
          "PrevClickTimeDelta-app-dev-os-cha": 81,
          "PrevClickTimeDelta-ip-app-dev-os-cha": 73,
          "AverageAttributedRatio-ip": 158,
          "AverageAttributedRatio-app": 186,
          "AverageAttributedRatio-ip-app": 151,
          "AverageAttributedRatio-dev": 251,
          "AverageAttributedRatio-ip-dev": 170,
          "AverageAttributedRatio-app-dev": 152,
          "AverageAttributedRatio-ip-app-dev": 235,
          "AverageAttributedRatio-os": 159,
          "AverageAttributedRatio-ip-os": 112,
          "AverageAttributedRatio-app-os": 192,
          "AverageAttributedRatio-ip-app-os": 64,
          "AverageAttributedRatio-dev-os": 123,
          "AverageAttributedRatio-ip-dev-os": 117,
          "AverageAttributedRatio-app-dev-os": 233,
          "AverageAttributedRatio-ip-app-dev-os": 38,
          "AverageAttributedRatio-cha": 167,
          "AverageAttributedRatio-ip-cha": 62,
          "AverageAttributedRatio-app-cha": 173,
          "AverageAttributedRatio-ip-app-cha": 51,
          "AverageAttributedRatio-dev-cha": 130,
          "AverageAttributedRatio-ip-dev-cha": 40,
          "AverageAttributedRatio-app-dev-cha": 133,
          "AverageAttributedRatio-ip-app-dev-cha": 38,
          "AverageAttributedRatio-os-cha": 130,
          "AverageAttributedRatio-ip-os-cha": 32,
          "AverageAttributedRatio-app-os-cha": 241,
          "AverageAttributedRatio-ip-app-os-cha": 23,
          "AverageAttributedRatio-dev-os-cha": 127,
          "AverageAttributedRatio-ip-dev-os-cha": 19,
          "AverageAttributedRatio-app-dev-os-cha": 206,
          "AverageAttributedRatio-ip-app-dev-os-cha": 12,
          "KomakiLDA5NoDevice-ip-app-0": 326,
          "KomakiLDA5NoDevice-ip-app-1": 387,
          "KomakiLDA5NoDevice-ip-app-2": 363,
          "KomakiLDA5NoDevice-ip-app-3": 235,
          "KomakiLDA5NoDevice-ip-app-4": 169,
          "KomakiLDA5NoDevice-ip-os-0": 272,
          "KomakiLDA5NoDevice-ip-os-1": 304,
          "KomakiLDA5NoDevice-ip-os-2": 206,
          "KomakiLDA5NoDevice-ip-os-3": 205,
          "KomakiLDA5NoDevice-ip-os-4": 245,
          "KomakiLDA5NoDevice-ip-channel-0": 310,
          "KomakiLDA5NoDevice-ip-channel-1": 322,
          "KomakiLDA5NoDevice-ip-channel-2": 376,
          "KomakiLDA5NoDevice-ip-channel-3": 312,
          "KomakiLDA5NoDevice-ip-channel-4": 428,
          "KomakiLDA5NoDevice-app-ip-0": 192,
          "KomakiLDA5NoDevice-app-ip-1": 125,
          "KomakiLDA5NoDevice-app-ip-2": 106,
          "KomakiLDA5NoDevice-app-ip-3": 153,
          "KomakiLDA5NoDevice-app-ip-4": 78,
          "KomakiLDA5NoDevice-app-os-0": 69,
          "KomakiLDA5NoDevice-app-os-1": 125,
          "KomakiLDA5NoDevice-app-os-2": 59,
          "KomakiLDA5NoDevice-app-os-3": 68,
          "KomakiLDA5NoDevice-app-os-4": 114,
          "KomakiLDA5NoDevice-app-channel-0": 76,
          "KomakiLDA5NoDevice-app-channel-1": 106,
          "KomakiLDA5NoDevice-app-channel-2": 110,
          "KomakiLDA5NoDevice-app-channel-3": 149,
          "KomakiLDA5NoDevice-app-channel-4": 70,
          "KomakiLDA5NoDevice-os-ip-0": 157,
          "KomakiLDA5NoDevice-os-ip-1": 101,
          "KomakiLDA5NoDevice-os-ip-2": 77,
          "KomakiLDA5NoDevice-os-ip-3": 89,
          "KomakiLDA5NoDevice-os-ip-4": 123,
          "KomakiLDA5NoDevice-os-app-0": 209,
          "KomakiLDA5NoDevice-os-app-1": 119,
          "KomakiLDA5NoDevice-os-app-2": 65,
          "KomakiLDA5NoDevice-os-app-3": 126,
          "KomakiLDA5NoDevice-os-app-4": 47,
          "KomakiLDA5NoDevice-os-channel-0": 128,
          "KomakiLDA5NoDevice-os-channel-1": 59,
          "KomakiLDA5NoDevice-os-channel-2": 118,
          "KomakiLDA5NoDevice-os-channel-3": 192,
          "KomakiLDA5NoDevice-os-channel-4": 97,
          "KomakiLDA5NoDevice-channel-ip-0": 92,
          "KomakiLDA5NoDevice-channel-ip-1": 102,
          "KomakiLDA5NoDevice-channel-ip-2": 94,
          "KomakiLDA5NoDevice-channel-ip-3": 116,
          "KomakiLDA5NoDevice-channel-ip-4": 94,
          "KomakiLDA5NoDevice-channel-app-0": 92,
          "KomakiLDA5NoDevice-channel-app-1": 76,
          "KomakiLDA5NoDevice-channel-app-2": 97,
          "KomakiLDA5NoDevice-channel-app-3": 81,
          "KomakiLDA5NoDevice-channel-app-4": 74,
          "KomakiLDA5NoDevice-channel-os-0": 114,
          "KomakiLDA5NoDevice-channel-os-1": 134,
          "KomakiLDA5NoDevice-channel-os-2": 112,
          "KomakiLDA5NoDevice-channel-os-3": 99,
          "KomakiLDA5NoDevice-channel-os-4": 103,
          "KomakiNMF5NoDevice-ip-app-0": 150,
          "KomakiNMF5NoDevice-ip-app-1": 445,
          "KomakiNMF5NoDevice-ip-app-2": 274,
          "KomakiNMF5NoDevice-ip-app-3": 184,
          "KomakiNMF5NoDevice-ip-app-4": 192,
          "KomakiNMF5NoDevice-ip-os-0": 298,
          "KomakiNMF5NoDevice-ip-os-1": 302,
          "KomakiNMF5NoDevice-ip-os-2": 244,
          "KomakiNMF5NoDevice-ip-os-3": 274,
          "KomakiNMF5NoDevice-ip-os-4": 242,
          "KomakiNMF5NoDevice-ip-channel-0": 224,
          "KomakiNMF5NoDevice-ip-channel-1": 521,
          "KomakiNMF5NoDevice-ip-channel-2": 193,
          "KomakiNMF5NoDevice-ip-channel-3": 260,
          "KomakiNMF5NoDevice-ip-channel-4": 228,
          "KomakiNMF5NoDevice-app-ip-0": 62,
          "KomakiNMF5NoDevice-app-ip-1": 90,
          "KomakiNMF5NoDevice-app-ip-2": 103,
          "KomakiNMF5NoDevice-app-ip-3": 91,
          "KomakiNMF5NoDevice-app-ip-4": 51,
          "KomakiNMF5NoDevice-app-os-0": 32,
          "KomakiNMF5NoDevice-app-os-1": 65,
          "KomakiNMF5NoDevice-app-os-2": 54,
          "KomakiNMF5NoDevice-app-os-3": 29,
          "KomakiNMF5NoDevice-app-os-4": 22,
          "KomakiNMF5NoDevice-app-channel-0": 41,
          "KomakiNMF5NoDevice-app-channel-1": 60,
          "KomakiNMF5NoDevice-app-channel-2": 80,
          "KomakiNMF5NoDevice-app-channel-3": 99,
          "KomakiNMF5NoDevice-app-channel-4": 69,
          "KomakiNMF5NoDevice-os-ip-0": 52,
          "KomakiNMF5NoDevice-os-ip-1": 63,
          "KomakiNMF5NoDevice-os-ip-2": 48,
          "KomakiNMF5NoDevice-os-ip-3": 68,
          "KomakiNMF5NoDevice-os-ip-4": 48,
          "KomakiNMF5NoDevice-os-app-0": 49,
          "KomakiNMF5NoDevice-os-app-1": 2,
          "KomakiNMF5NoDevice-os-app-2": 39,
          "KomakiNMF5NoDevice-os-app-3": 79,
          "KomakiNMF5NoDevice-os-app-4": 48,
          "KomakiNMF5NoDevice-os-channel-0": 88,
          "KomakiNMF5NoDevice-os-channel-1": 41,
          "KomakiNMF5NoDevice-os-channel-2": 90,
          "KomakiNMF5NoDevice-os-channel-3": 70,
          "KomakiNMF5NoDevice-os-channel-4": 69,
          "KomakiNMF5NoDevice-channel-ip-0": 110,
          "KomakiNMF5NoDevice-channel-ip-1": 61,
          "KomakiNMF5NoDevice-channel-ip-2": 77,
          "KomakiNMF5NoDevice-channel-ip-3": 90,
          "KomakiNMF5NoDevice-channel-ip-4": 90,
          "KomakiNMF5NoDevice-channel-app-0": 48,
          "KomakiNMF5NoDevice-channel-app-1": 24,
          "KomakiNMF5NoDevice-channel-app-2": 40,
          "KomakiNMF5NoDevice-channel-app-3": 64,
          "KomakiNMF5NoDevice-channel-app-4": 52,
          "KomakiNMF5NoDevice-channel-os-0": 98,
          "KomakiNMF5NoDevice-channel-os-1": 42,
          "KomakiNMF5NoDevice-channel-os-2": 108,
          "KomakiNMF5NoDevice-channel-os-3": 52,
          "KomakiNMF5NoDevice-channel-os-4": 87,
          "KomakiPCA5NoDevice-ip-app-0": 324,
          "KomakiPCA5NoDevice-ip-app-1": 234,
          "KomakiPCA5NoDevice-ip-app-2": 240,
          "KomakiPCA5NoDevice-ip-app-3": 130,
          "KomakiPCA5NoDevice-ip-app-4": 355,
          "KomakiPCA5NoDevice-ip-os-0": 425,
          "KomakiPCA5NoDevice-ip-os-1": 146,
          "KomakiPCA5NoDevice-ip-os-2": 208,
          "KomakiPCA5NoDevice-ip-os-3": 145,
          "KomakiPCA5NoDevice-ip-os-4": 166,
          "KomakiPCA5NoDevice-ip-channel-0": 364,
          "KomakiPCA5NoDevice-ip-channel-1": 226,
          "KomakiPCA5NoDevice-ip-channel-2": 231,
          "KomakiPCA5NoDevice-ip-channel-3": 212,
          "KomakiPCA5NoDevice-ip-channel-4": 191,
          "KomakiPCA5NoDevice-app-ip-0": 29,
          "KomakiPCA5NoDevice-app-ip-1": 46,
          "KomakiPCA5NoDevice-app-ip-2": 73,
          "KomakiPCA5NoDevice-app-ip-3": 86,
          "KomakiPCA5NoDevice-app-ip-4": 51,
          "KomakiPCA5NoDevice-app-os-0": 76,
          "KomakiPCA5NoDevice-app-os-1": 52,
          "KomakiPCA5NoDevice-app-os-2": 56,
          "KomakiPCA5NoDevice-app-os-3": 83,
          "KomakiPCA5NoDevice-app-os-4": 60,
          "KomakiPCA5NoDevice-app-channel-0": 58,
          "KomakiPCA5NoDevice-app-channel-1": 78,
          "KomakiPCA5NoDevice-app-channel-2": 68,
          "KomakiPCA5NoDevice-app-channel-3": 75,
          "KomakiPCA5NoDevice-app-channel-4": 96,
          "KomakiPCA5NoDevice-os-ip-0": 30,
          "KomakiPCA5NoDevice-os-ip-1": 60,
          "KomakiPCA5NoDevice-os-ip-2": 54,
          "KomakiPCA5NoDevice-os-ip-3": 67,
          "KomakiPCA5NoDevice-os-ip-4": 49,
          "KomakiPCA5NoDevice-os-app-0": 82,
          "KomakiPCA5NoDevice-os-app-1": 36,
          "KomakiPCA5NoDevice-os-app-2": 49,
          "KomakiPCA5NoDevice-os-app-3": 103,
          "KomakiPCA5NoDevice-os-app-4": 100,
          "KomakiPCA5NoDevice-os-channel-0": 60,
          "KomakiPCA5NoDevice-os-channel-1": 93,
          "KomakiPCA5NoDevice-os-channel-2": 53,
          "KomakiPCA5NoDevice-os-channel-3": 32,
          "KomakiPCA5NoDevice-os-channel-4": 49,
          "KomakiPCA5NoDevice-channel-ip-0": 88,
          "KomakiPCA5NoDevice-channel-ip-1": 71,
          "KomakiPCA5NoDevice-channel-ip-2": 98,
          "KomakiPCA5NoDevice-channel-ip-3": 71,
          "KomakiPCA5NoDevice-channel-ip-4": 112,
          "KomakiPCA5NoDevice-channel-app-0": 70,
          "KomakiPCA5NoDevice-channel-app-1": 63,
          "KomakiPCA5NoDevice-channel-app-2": 55,
          "KomakiPCA5NoDevice-channel-app-3": 62,
          "KomakiPCA5NoDevice-channel-app-4": 67,
          "KomakiPCA5NoDevice-channel-os-0": 85,
          "KomakiPCA5NoDevice-channel-os-1": 70,
          "KomakiPCA5NoDevice-channel-os-2": 73,
          "KomakiPCA5NoDevice-channel-os-3": 83,
          "KomakiPCA5NoDevice-channel-os-4": 73,
          "ItemUserLDA_0": 49,
          "ItemUserLDA_1": 48,
          "ItemUserLDA_2": 13,
          "ItemUserLDA_3": 33,
          "ItemUserLDA_4": 6,
          "ItemUserLDA_5": 30,
          "ItemUserLDA_6": 0,
          "ItemUserLDA_7": 0,
          "ItemUserLDA_8": 20,
          "ItemUserLDA_9": 5,
          "ItemUserLDA_10": 64,
          "ItemUserLDA_11": 4,
          "ItemUserLDA_12": 1,
          "ItemUserLDA_13": 25,
          "ItemUserLDA_14": 34,
          "ItemUserLDA_15": 25,
          "ItemUserLDA_16": 56,
          "ItemUserLDA_17": 35,
          "ItemUserLDA_18": 8,
          "ItemUserLDA_19": 32,
          "ItemUserLDA_20": 16,
          "ItemUserLDA_21": 8,
          "ItemUserLDA_22": 0,
          "ItemUserLDA_23": 32,
          "ItemUserLDA_24": 73,
          "ItemUserLDA_25": 24,
          "ItemUserLDA_26": 26,
          "ItemUserLDA_27": 51,
          "ItemUserLDA_28": 0,
          "ItemUserLDA_29": 28,
          "UserItemLDA_0": 147,
          "UserItemLDA_1": 59,
          "UserItemLDA_2": 44,
          "UserItemLDA_3": 31,
          "UserItemLDA_4": 77,
          "UserItemLDA_5": 16,
          "UserItemLDA_6": 19,
          "UserItemLDA_7": 13,
          "UserItemLDA_8": 24,
          "UserItemLDA_9": 69,
          "UserItemLDA_10": 30,
          "UserItemLDA_11": 13,
          "UserItemLDA_12": 88,
          "UserItemLDA_13": 87,
          "UserItemLDA_14": 56,
          "UserItemLDA_15": 40,
          "UserItemLDA_16": 34,
          "UserItemLDA_17": 67,
          "UserItemLDA_18": 52,
          "UserItemLDA_19": 37,
          "UserItemLDA_20": 54,
          "UserItemLDA_21": 78,
          "UserItemLDA_22": 70,
          "UserItemLDA_23": 40,
          "UserItemLDA_24": 47,
          "UserItemLDA_25": 19,
          "UserItemLDA_26": 7,
          "UserItemLDA_27": 44,
          "UserItemLDA_28": 13,
          "UserItemLDA_29": 2
        }
      }
    ],
    "average_train_auc": 0.9912955811074813,
    "average_valid_auc": 0.9839454088877371,
    "train_auc_std": 7.719528984032148e-05,
    "valid_auc_std": 0.00010657157834897529,
    "average_train_time": 322.8342762947083
  },
  "config": {
    "features": [
      "ip",
      "os",
      "app",
      "channel",
      "hour",
      "count",
      "future_click_count_10",
      "future_click_count_80",
      "next_click_time_delta",
      "prev_click_time_delta",
      "average_attributed_ratio",
      "komaki_lda_5_no_device",
      "komaki_nmf_5_no_device",
      "komaki_pca_5_no_device",
      "item_user_lda_30",
      "user_item_lda_30"
    ],
    "model": {
      "name": "lightgbm",
      "model_params": {
        "boosting_type": "gbdt",
        "objective": "binary",
        "metric": "auc",
        "learning_rate": 0.03,
        "num_leaves": 255,
        "max_depth": 8,
        "min_child_samples": 20,
        "max_bin": 100,
        "subsample": 0.7,
        "subsample_freq": 1,
        "colsample_bytree": 0.7,
        "min_child_weight": 0,
        "subsample_for_bin": 200000,
        "min_split_gain": 0,
        "reg_alpha": 0,
        "reg_lambda": 0,
        "verbose": 0
      },
      "train_params": {
        "num_boost_round": 1000,
        "early_stopping_rounds": 30
      }
    },
    "dataset": {
      "input_directory": "data/input/",
      "cache_directory": "data/working/",
      "files": {
        "train": "train.feather",
        "test": "old_test.feather"
      },
      "negative_down_sampling": {
        "enabled": true,
        "bagging_size": 5,
        "random_state": 114514
      }
    },
    "note": "30 + NMF + PCA"
  }
}