{
  "training": {
    "trials": [
      {
        "train_auc": 0.99011711261759,
        "valid_auc": 0.9859918128112889,
        "best_iteration": 218,
        "train_time": 1799.7466011047363,
        "prediction_time": {
          "test": 571.6943588256836,
          "valid": 4.76837158203125e-07
        },
        "feature_importance": {
          "ip": 1264,
          "os": 552,
          "app": 617,
          "channel": 1079,
          "device": 96,
          "hour": 778,
          "n_channels": 550,
          "ip_app_count": 563,
          "ip_app_os_count": 362,
          "FutureClickCount_600-ip": 308,
          "FutureClickCount_600-app": 199,
          "FutureClickCount_600-ip-app": 56,
          "FutureClickCount_600-dev": 62,
          "FutureClickCount_600-ip-dev": 176,
          "FutureClickCount_600-app-dev": 218,
          "FutureClickCount_600-ip-app-dev": 50,
          "FutureClickCount_600-os": 179,
          "FutureClickCount_600-ip-os": 128,
          "FutureClickCount_600-app-os": 163,
          "FutureClickCount_600-ip-app-os": 40,
          "FutureClickCount_600-dev-os": 293,
          "FutureClickCount_600-ip-dev-os": 118,
          "FutureClickCount_600-app-dev-os": 210,
          "FutureClickCount_600-ip-app-dev-os": 95,
          "FutureClickCount_600-cha": 153,
          "FutureClickCount_600-ip-cha": 36,
          "FutureClickCount_600-app-cha": 236,
          "FutureClickCount_600-ip-app-cha": 32,
          "FutureClickCount_600-dev-cha": 137,
          "FutureClickCount_600-ip-dev-cha": 38,
          "FutureClickCount_600-app-dev-cha": 151,
          "FutureClickCount_600-ip-app-dev-cha": 28,
          "FutureClickCount_600-os-cha": 96,
          "FutureClickCount_600-ip-os-cha": 23,
          "FutureClickCount_600-app-os-cha": 118,
          "FutureClickCount_600-ip-app-os-cha": 17,
          "FutureClickCount_600-dev-os-cha": 115,
          "FutureClickCount_600-ip-dev-os-cha": 11,
          "FutureClickCount_600-app-dev-os-cha": 123,
          "FutureClickCount_600-ip-app-dev-os-cha": 20,
          "FutureClickCount_4800-ip": 560,
          "FutureClickCount_4800-app": 125,
          "FutureClickCount_4800-ip-app": 112,
          "FutureClickCount_4800-dev": 35,
          "FutureClickCount_4800-ip-dev": 329,
          "FutureClickCount_4800-app-dev": 116,
          "FutureClickCount_4800-ip-app-dev": 97,
          "FutureClickCount_4800-os": 98,
          "FutureClickCount_4800-ip-os": 188,
          "FutureClickCount_4800-app-os": 129,
          "FutureClickCount_4800-ip-app-os": 68,
          "FutureClickCount_4800-dev-os": 105,
          "FutureClickCount_4800-ip-dev-os": 215,
          "FutureClickCount_4800-app-dev-os": 220,
          "FutureClickCount_4800-ip-app-dev-os": 97,
          "FutureClickCount_4800-cha": 168,
          "FutureClickCount_4800-ip-cha": 96,
          "FutureClickCount_4800-app-cha": 192,
          "FutureClickCount_4800-ip-app-cha": 54,
          "FutureClickCount_4800-dev-cha": 113,
          "FutureClickCount_4800-ip-dev-cha": 65,
          "FutureClickCount_4800-app-dev-cha": 151,
          "FutureClickCount_4800-ip-app-dev-cha": 58,
          "FutureClickCount_4800-os-cha": 115,
          "FutureClickCount_4800-ip-os-cha": 25,
          "FutureClickCount_4800-app-os-cha": 112,
          "FutureClickCount_4800-ip-app-os-cha": 37,
          "FutureClickCount_4800-dev-os-cha": 107,
          "FutureClickCount_4800-ip-dev-os-cha": 43,
          "FutureClickCount_4800-app-dev-os-cha": 106,
          "FutureClickCount_4800-ip-app-dev-os-cha": 29,
          "NextClickTimeDelta-ip": 271,
          "NextClickTimeDelta-app": 34,
          "NextClickTimeDelta-ip-app": 269,
          "NextClickTimeDelta-dev": 10,
          "NextClickTimeDelta-ip-dev": 188,
          "NextClickTimeDelta-app-dev": 26,
          "NextClickTimeDelta-ip-app-dev": 252,
          "NextClickTimeDelta-os": 27,
          "NextClickTimeDelta-ip-os": 228,
          "NextClickTimeDelta-app-os": 62,
          "NextClickTimeDelta-ip-app-os": 452,
          "NextClickTimeDelta-dev-os": 42,
          "NextClickTimeDelta-ip-dev-os": 134,
          "NextClickTimeDelta-app-dev-os": 60,
          "NextClickTimeDelta-ip-app-dev-os": 716,
          "NextClickTimeDelta-cha": 34,
          "NextClickTimeDelta-ip-cha": 202,
          "NextClickTimeDelta-app-cha": 57,
          "NextClickTimeDelta-ip-app-cha": 181,
          "NextClickTimeDelta-dev-cha": 37,
          "NextClickTimeDelta-ip-dev-cha": 148,
          "NextClickTimeDelta-app-dev-cha": 49,
          "NextClickTimeDelta-ip-app-dev-cha": 146,
          "NextClickTimeDelta-os-cha": 85,
          "NextClickTimeDelta-ip-os-cha": 146,
          "NextClickTimeDelta-app-os-cha": 112,
          "NextClickTimeDelta-ip-app-os-cha": 163,
          "NextClickTimeDelta-dev-os-cha": 79,
          "NextClickTimeDelta-ip-dev-os-cha": 111,
          "NextClickTimeDelta-app-dev-os-cha": 85,
          "NextClickTimeDelta-ip-app-dev-os-cha": 190,
          "PrevClickTimeDelta-ip": 234,
          "PrevClickTimeDelta-app": 28,
          "PrevClickTimeDelta-ip-app": 166,
          "PrevClickTimeDelta-dev": 20,
          "PrevClickTimeDelta-ip-dev": 154,
          "PrevClickTimeDelta-app-dev": 40,
          "PrevClickTimeDelta-ip-app-dev": 138,
          "PrevClickTimeDelta-os": 23,
          "PrevClickTimeDelta-ip-os": 172,
          "PrevClickTimeDelta-app-os": 57,
          "PrevClickTimeDelta-ip-app-os": 120,
          "PrevClickTimeDelta-dev-os": 37,
          "PrevClickTimeDelta-ip-dev-os": 143,
          "PrevClickTimeDelta-app-dev-os": 66,
          "PrevClickTimeDelta-ip-app-dev-os": 127,
          "PrevClickTimeDelta-cha": 32,
          "PrevClickTimeDelta-ip-cha": 149,
          "PrevClickTimeDelta-app-cha": 47,
          "PrevClickTimeDelta-ip-app-cha": 116,
          "PrevClickTimeDelta-dev-cha": 50,
          "PrevClickTimeDelta-ip-dev-cha": 134,
          "PrevClickTimeDelta-app-dev-cha": 51,
          "PrevClickTimeDelta-ip-app-dev-cha": 116,
          "PrevClickTimeDelta-os-cha": 87,
          "PrevClickTimeDelta-ip-os-cha": 122,
          "PrevClickTimeDelta-app-os-cha": 95,
          "PrevClickTimeDelta-ip-app-os-cha": 108,
          "PrevClickTimeDelta-dev-os-cha": 68,
          "PrevClickTimeDelta-ip-dev-os-cha": 83,
          "PrevClickTimeDelta-app-dev-os-cha": 90,
          "PrevClickTimeDelta-ip-app-dev-os-cha": 80,
          "AverageAttributedRatio-ip": 168,
          "AverageAttributedRatio-app": 141,
          "AverageAttributedRatio-ip-app": 82,
          "AverageAttributedRatio-dev": 203,
          "AverageAttributedRatio-ip-dev": 128,
          "AverageAttributedRatio-app-dev": 121,
          "AverageAttributedRatio-ip-app-dev": 88,
          "AverageAttributedRatio-os": 117,
          "AverageAttributedRatio-ip-os": 64,
          "AverageAttributedRatio-app-os": 134,
          "AverageAttributedRatio-ip-app-os": 14,
          "AverageAttributedRatio-dev-os": 115,
          "AverageAttributedRatio-ip-dev-os": 56,
          "AverageAttributedRatio-app-dev-os": 155,
          "AverageAttributedRatio-ip-app-dev-os": 8,
          "AverageAttributedRatio-cha": 123,
          "AverageAttributedRatio-ip-cha": 36,
          "AverageAttributedRatio-app-cha": 119,
          "AverageAttributedRatio-ip-app-cha": 20,
          "AverageAttributedRatio-dev-cha": 89,
          "AverageAttributedRatio-ip-dev-cha": 20,
          "AverageAttributedRatio-app-dev-cha": 119,
          "AverageAttributedRatio-ip-app-dev-cha": 23,
          "AverageAttributedRatio-os-cha": 84,
          "AverageAttributedRatio-ip-os-cha": 12,
          "AverageAttributedRatio-app-os-cha": 186,
          "AverageAttributedRatio-ip-app-os-cha": 15,
          "AverageAttributedRatio-dev-os-cha": 111,
          "AverageAttributedRatio-ip-dev-os-cha": 14,
          "AverageAttributedRatio-app-dev-os-cha": 147,
          "AverageAttributedRatio-ip-app-dev-os-cha": 10
        }
      }
    ],
    "average_train_auc": 0.99011711261759,
    "average_valid_auc": 0.9859918128112889,
    "train_auc_std": 0.0,
    "valid_auc_std": 0.0,
    "average_train_time": 1799.7466011047363
  },
  "config": {
    "features": [
      "ip",
      "os",
      "app",
      "channel",
      "device",
      "hour",
      "count",
      "future_click_count_10",
      "future_click_count_80",
      "next_click_time_delta",
      "prev_click_time_delta",
      "average_attributed_ratio"
    ],
    "model": {
      "name": "lightgbm",
      "model_params": {
        "boosting_type": "gbdt",
        "objective": "binary",
        "metric": "auc",
        "learning_rate": 0.1,
        "num_leaves": 255,
        "max_depth": 8,
        "min_child_samples": 100,
        "max_bin": 100,
        "subsample": 0.7,
        "subsample_freq": 1,
        "colsample_bytree": 0.7,
        "min_child_weight": 0,
        "subsample_for_bin": 200000,
        "min_split_gain": 0,
        "reg_alpha": 0,
        "reg_lambda": 0,
        "verbose": 0
      },
      "train_params": {
        "num_boost_round": 350,
        "early_stopping_rounds": 30
      }
    },
    "dataset": {
      "input_directory": "data/input/",
      "cache_directory": "data/working/",
      "files": {
        "train": "train_0.feather",
        "valid": "valid_0.feather",
        "test_full": "old_test.feather",
        "test_submission": "test.feather"
      },
      "negative_down_sampling": {
        "enabled": true,
        "bagging_size": 1,
        "random_state": 114514
      }
    }
  }
}