{
  "training": {
    "trials": [
      {
        "train_auc": 0.9904477920305067,
        "valid_auc": 0.9865174981975922,
        "best_iteration": 193,
        "train_time": 574.1874144077301,
        "prediction_time": {
          "test": 451.819659948349
        },
        "feature_importance": {
          "ip": 1073,
          "os": 459,
          "app": 459,
          "channel": 772,
          "hour": 520,
          "n_channels": 374,
          "ip_app_count": 254,
          "ip_app_os_count": 272,
          "FutureClickCount_600-ip": 188,
          "FutureClickCount_600-app": 95,
          "FutureClickCount_600-ip-app": 39,
          "FutureClickCount_600-dev": 27,
          "FutureClickCount_600-ip-dev": 107,
          "FutureClickCount_600-app-dev": 104,
          "FutureClickCount_600-ip-app-dev": 51,
          "FutureClickCount_600-os": 92,
          "FutureClickCount_600-ip-os": 70,
          "FutureClickCount_600-app-os": 75,
          "FutureClickCount_600-ip-app-os": 50,
          "FutureClickCount_600-dev-os": 170,
          "FutureClickCount_600-ip-dev-os": 75,
          "FutureClickCount_600-app-dev-os": 141,
          "FutureClickCount_600-ip-app-dev-os": 78,
          "FutureClickCount_600-cha": 97,
          "FutureClickCount_600-ip-cha": 20,
          "FutureClickCount_600-app-cha": 106,
          "FutureClickCount_600-ip-app-cha": 19,
          "FutureClickCount_600-dev-cha": 79,
          "FutureClickCount_600-ip-dev-cha": 25,
          "FutureClickCount_600-app-dev-cha": 96,
          "FutureClickCount_600-ip-app-dev-cha": 7,
          "FutureClickCount_600-os-cha": 59,
          "FutureClickCount_600-ip-os-cha": 12,
          "FutureClickCount_600-app-os-cha": 53,
          "FutureClickCount_600-ip-app-os-cha": 12,
          "FutureClickCount_600-dev-os-cha": 85,
          "FutureClickCount_600-ip-dev-os-cha": 10,
          "FutureClickCount_600-app-dev-os-cha": 61,
          "FutureClickCount_600-ip-app-dev-os-cha": 21,
          "FutureClickCount_4800-ip": 371,
          "FutureClickCount_4800-app": 54,
          "FutureClickCount_4800-ip-app": 82,
          "FutureClickCount_4800-dev": 16,
          "FutureClickCount_4800-ip-dev": 276,
          "FutureClickCount_4800-app-dev": 45,
          "FutureClickCount_4800-ip-app-dev": 72,
          "FutureClickCount_4800-os": 36,
          "FutureClickCount_4800-ip-os": 115,
          "FutureClickCount_4800-app-os": 84,
          "FutureClickCount_4800-ip-app-os": 70,
          "FutureClickCount_4800-dev-os": 68,
          "FutureClickCount_4800-ip-dev-os": 152,
          "FutureClickCount_4800-app-dev-os": 125,
          "FutureClickCount_4800-ip-app-dev-os": 65,
          "FutureClickCount_4800-cha": 67,
          "FutureClickCount_4800-ip-cha": 58,
          "FutureClickCount_4800-app-cha": 125,
          "FutureClickCount_4800-ip-app-cha": 37,
          "FutureClickCount_4800-dev-cha": 72,
          "FutureClickCount_4800-ip-dev-cha": 36,
          "FutureClickCount_4800-app-dev-cha": 69,
          "FutureClickCount_4800-ip-app-dev-cha": 43,
          "FutureClickCount_4800-os-cha": 60,
          "FutureClickCount_4800-ip-os-cha": 18,
          "FutureClickCount_4800-app-os-cha": 60,
          "FutureClickCount_4800-ip-app-os-cha": 15,
          "FutureClickCount_4800-dev-os-cha": 67,
          "FutureClickCount_4800-ip-dev-os-cha": 23,
          "FutureClickCount_4800-app-dev-os-cha": 70,
          "FutureClickCount_4800-ip-app-dev-os-cha": 14,
          "NextClickTimeDelta-ip": 128,
          "NextClickTimeDelta-app": 12,
          "NextClickTimeDelta-ip-app": 202,
          "NextClickTimeDelta-dev": 6,
          "NextClickTimeDelta-ip-dev": 141,
          "NextClickTimeDelta-app-dev": 22,
          "NextClickTimeDelta-ip-app-dev": 128,
          "NextClickTimeDelta-os": 14,
          "NextClickTimeDelta-ip-os": 110,
          "NextClickTimeDelta-app-os": 38,
          "NextClickTimeDelta-ip-app-os": 376,
          "NextClickTimeDelta-dev-os": 20,
          "NextClickTimeDelta-ip-dev-os": 104,
          "NextClickTimeDelta-app-dev-os": 29,
          "NextClickTimeDelta-ip-app-dev-os": 698,
          "NextClickTimeDelta-cha": 13,
          "NextClickTimeDelta-ip-cha": 103,
          "NextClickTimeDelta-app-cha": 25,
          "NextClickTimeDelta-ip-app-cha": 105,
          "NextClickTimeDelta-dev-cha": 15,
          "NextClickTimeDelta-ip-dev-cha": 82,
          "NextClickTimeDelta-app-dev-cha": 24,
          "NextClickTimeDelta-ip-app-dev-cha": 94,
          "NextClickTimeDelta-os-cha": 35,
          "NextClickTimeDelta-ip-os-cha": 76,
          "NextClickTimeDelta-app-os-cha": 50,
          "NextClickTimeDelta-ip-app-os-cha": 119,
          "NextClickTimeDelta-dev-os-cha": 63,
          "NextClickTimeDelta-ip-dev-os-cha": 81,
          "NextClickTimeDelta-app-dev-os-cha": 58,
          "NextClickTimeDelta-ip-app-dev-os-cha": 143,
          "PrevClickTimeDelta-ip": 126,
          "PrevClickTimeDelta-app": 10,
          "PrevClickTimeDelta-ip-app": 95,
          "PrevClickTimeDelta-dev": 7,
          "PrevClickTimeDelta-ip-dev": 86,
          "PrevClickTimeDelta-app-dev": 11,
          "PrevClickTimeDelta-ip-app-dev": 83,
          "PrevClickTimeDelta-os": 4,
          "PrevClickTimeDelta-ip-os": 88,
          "PrevClickTimeDelta-app-os": 48,
          "PrevClickTimeDelta-ip-app-os": 81,
          "PrevClickTimeDelta-dev-os": 11,
          "PrevClickTimeDelta-ip-dev-os": 60,
          "PrevClickTimeDelta-app-dev-os": 31,
          "PrevClickTimeDelta-ip-app-dev-os": 78,
          "PrevClickTimeDelta-cha": 21,
          "PrevClickTimeDelta-ip-cha": 95,
          "PrevClickTimeDelta-app-cha": 24,
          "PrevClickTimeDelta-ip-app-cha": 68,
          "PrevClickTimeDelta-dev-cha": 11,
          "PrevClickTimeDelta-ip-dev-cha": 75,
          "PrevClickTimeDelta-app-dev-cha": 25,
          "PrevClickTimeDelta-ip-app-dev-cha": 65,
          "PrevClickTimeDelta-os-cha": 41,
          "PrevClickTimeDelta-ip-os-cha": 56,
          "PrevClickTimeDelta-app-os-cha": 63,
          "PrevClickTimeDelta-ip-app-os-cha": 34,
          "PrevClickTimeDelta-dev-os-cha": 35,
          "PrevClickTimeDelta-ip-dev-os-cha": 62,
          "PrevClickTimeDelta-app-dev-os-cha": 56,
          "PrevClickTimeDelta-ip-app-dev-os-cha": 48,
          "AverageAttributedRatio-ip": 67,
          "AverageAttributedRatio-app": 89,
          "AverageAttributedRatio-ip-app": 65,
          "AverageAttributedRatio-dev": 139,
          "AverageAttributedRatio-ip-dev": 80,
          "AverageAttributedRatio-app-dev": 71,
          "AverageAttributedRatio-ip-app-dev": 69,
          "AverageAttributedRatio-os": 87,
          "AverageAttributedRatio-ip-os": 60,
          "AverageAttributedRatio-app-os": 98,
          "AverageAttributedRatio-ip-app-os": 16,
          "AverageAttributedRatio-dev-os": 81,
          "AverageAttributedRatio-ip-dev-os": 45,
          "AverageAttributedRatio-app-dev-os": 122,
          "AverageAttributedRatio-ip-app-dev-os": 12,
          "AverageAttributedRatio-cha": 72,
          "AverageAttributedRatio-ip-cha": 17,
          "AverageAttributedRatio-app-cha": 87,
          "AverageAttributedRatio-ip-app-cha": 26,
          "AverageAttributedRatio-dev-cha": 52,
          "AverageAttributedRatio-ip-dev-cha": 15,
          "AverageAttributedRatio-app-dev-cha": 69,
          "AverageAttributedRatio-ip-app-dev-cha": 19,
          "AverageAttributedRatio-os-cha": 88,
          "AverageAttributedRatio-ip-os-cha": 13,
          "AverageAttributedRatio-app-os-cha": 104,
          "AverageAttributedRatio-ip-app-os-cha": 9,
          "AverageAttributedRatio-dev-os-cha": 60,
          "AverageAttributedRatio-ip-dev-os-cha": 11,
          "AverageAttributedRatio-app-dev-os-cha": 115,
          "AverageAttributedRatio-ip-app-dev-os-cha": 4,
          "KomakiNMF5-ip-app-0": 150,
          "KomakiNMF5-ip-app-1": 246,
          "KomakiNMF5-ip-app-2": 197,
          "KomakiNMF5-ip-app-3": 149,
          "KomakiNMF5-ip-app-4": 103,
          "KomakiNMF5-ip-os-0": 222,
          "KomakiNMF5-ip-os-1": 174,
          "KomakiNMF5-ip-os-2": 145,
          "KomakiNMF5-ip-os-3": 141,
          "KomakiNMF5-ip-os-4": 105,
          "KomakiNMF5-ip-device-0": 115,
          "KomakiNMF5-ip-device-1": 113,
          "KomakiNMF5-ip-device-2": 101,
          "KomakiNMF5-ip-device-3": 83,
          "KomakiNMF5-ip-device-4": 87,
          "KomakiNMF5-ip-channel-0": 211,
          "KomakiNMF5-ip-channel-1": 234,
          "KomakiNMF5-ip-channel-2": 127,
          "KomakiNMF5-ip-channel-3": 172,
          "KomakiNMF5-ip-channel-4": 171,
          "KomakiNMF5-app-ip-0": 65,
          "KomakiNMF5-app-ip-1": 54,
          "KomakiNMF5-app-ip-2": 72,
          "KomakiNMF5-app-ip-3": 93,
          "KomakiNMF5-app-ip-4": 41,
          "KomakiNMF5-app-os-0": 31,
          "KomakiNMF5-app-os-1": 69,
          "KomakiNMF5-app-os-2": 65,
          "KomakiNMF5-app-os-3": 8,
          "KomakiNMF5-app-os-4": 20,
          "KomakiNMF5-app-device-0": 60,
          "KomakiNMF5-app-device-1": 41,
          "KomakiNMF5-app-device-2": 58,
          "KomakiNMF5-app-device-3": 40,
          "KomakiNMF5-app-device-4": 1,
          "KomakiNMF5-app-channel-0": 42,
          "KomakiNMF5-app-channel-1": 56,
          "KomakiNMF5-app-channel-2": 53,
          "KomakiNMF5-app-channel-3": 59,
          "KomakiNMF5-app-channel-4": 53,
          "KomakiNMF5-os-ip-0": 49,
          "KomakiNMF5-os-ip-1": 38,
          "KomakiNMF5-os-ip-2": 40,
          "KomakiNMF5-os-ip-3": 40,
          "KomakiNMF5-os-ip-4": 23,
          "KomakiNMF5-os-app-0": 47,
          "KomakiNMF5-os-app-1": 0,
          "KomakiNMF5-os-app-2": 23,
          "KomakiNMF5-os-app-3": 79,
          "KomakiNMF5-os-app-4": 32,
          "KomakiNMF5-os-device-0": 1,
          "KomakiNMF5-os-device-1": 0,
          "KomakiNMF5-os-device-2": 6,
          "KomakiNMF5-os-device-3": 2,
          "KomakiNMF5-os-device-4": 2,
          "KomakiNMF5-os-channel-0": 53,
          "KomakiNMF5-os-channel-1": 48,
          "KomakiNMF5-os-channel-2": 60,
          "KomakiNMF5-os-channel-3": 41,
          "KomakiNMF5-os-channel-4": 41,
          "KomakiNMF5-device-ip-0": 11,
          "KomakiNMF5-device-ip-1": 8,
          "KomakiNMF5-device-ip-2": 5,
          "KomakiNMF5-device-ip-3": 10,
          "KomakiNMF5-device-ip-4": 4,
          "KomakiNMF5-device-app-0": 26,
          "KomakiNMF5-device-app-1": 2,
          "KomakiNMF5-device-app-2": 9,
          "KomakiNMF5-device-app-3": 14,
          "KomakiNMF5-device-app-4": 5,
          "KomakiNMF5-device-os-0": 5,
          "KomakiNMF5-device-os-1": 5,
          "KomakiNMF5-device-os-2": 2,
          "KomakiNMF5-device-os-3": 6,
          "KomakiNMF5-device-os-4": 3,
          "KomakiNMF5-device-channel-0": 28,
          "KomakiNMF5-device-channel-1": 2,
          "KomakiNMF5-device-channel-2": 2,
          "KomakiNMF5-device-channel-3": 3,
          "KomakiNMF5-device-channel-4": 5,
          "KomakiNMF5-channel-ip-0": 78,
          "KomakiNMF5-channel-ip-1": 67,
          "KomakiNMF5-channel-ip-2": 67,
          "KomakiNMF5-channel-ip-3": 67,
          "KomakiNMF5-channel-ip-4": 63,
          "KomakiNMF5-channel-app-0": 46,
          "KomakiNMF5-channel-app-1": 23,
          "KomakiNMF5-channel-app-2": 29,
          "KomakiNMF5-channel-app-3": 30,
          "KomakiNMF5-channel-app-4": 30,
          "KomakiNMF5-channel-os-0": 73,
          "KomakiNMF5-channel-os-1": 16,
          "KomakiNMF5-channel-os-2": 59,
          "KomakiNMF5-channel-os-3": 53,
          "KomakiNMF5-channel-os-4": 74,
          "KomakiNMF5-channel-device-0": 35,
          "KomakiNMF5-channel-device-1": 52,
          "KomakiNMF5-channel-device-2": 61,
          "KomakiNMF5-channel-device-3": 51,
          "KomakiNMF5-channel-device-4": 19
        }
      }
    ],
    "average_train_auc": 0.9904477920305067,
    "average_valid_auc": 0.9865174981975922,
    "train_auc_std": 0.0,
    "valid_auc_std": 0.0,
    "average_train_time": 574.1874144077301
  },
  "config": {
    "features": [
      "ip",
      "os",
      "app",
      "channel",
      "hour",
      "count",
      "future_click_count_10",
      "future_click_count_80",
      "next_click_time_delta",
      "prev_click_time_delta",
      "average_attributed_ratio",
      "komaki_nmf_5"
    ],
    "model": {
      "name": "lightgbm",
      "model_params": {
        "boosting_type": "gbdt",
        "objective": "binary",
        "metric": "auc",
        "learning_rate": 0.1,
        "num_leaves": 255,
        "max_depth": 8,
        "min_child_samples": 100,
        "max_bin": 100,
        "subsample": 0.7,
        "subsample_freq": 1,
        "colsample_bytree": 0.7,
        "min_child_weight": 0,
        "subsample_for_bin": 200000,
        "min_split_gain": 0,
        "reg_alpha": 0,
        "reg_lambda": 0,
        "verbose": 0
      },
      "train_params": {
        "num_boost_round": 350,
        "early_stopping_rounds": 30
      }
    },
    "dataset": {
      "input_directory": "data/input/",
      "cache_directory": "data/working/",
      "files": {
        "train": "train.feather",
        "test": "old_test.feather"
      },
      "negative_down_sampling": {
        "enabled": true,
        "bagging_size": 1,
        "random_state": 114514
      }
    }
  }
}