{
  "training": {
    "trials": [
      {
        "train_auc": 0.989586099985812,
        "valid_auc": 0.9860774699756153,
        "best_iteration": 184,
        "train_time": 1115.469007730484,
        "prediction_time": {
          "test": 365.4064359664917,
          "valid": 4.76837158203125e-07
        },
        "feature_importance": {
          "ip": 1055,
          "os": 477,
          "app": 604,
          "channel": 1003,
          "device": 79,
          "hour": 738,
          "n_channels": 292,
          "ip_app_count": 182,
          "ip_app_os_count": 115,
          "FutureClickCount_600-ip": 230,
          "FutureClickCount_600-app": 178,
          "FutureClickCount_600-ip-app": 64,
          "FutureClickCount_600-dev": 52,
          "FutureClickCount_600-ip-dev": 132,
          "FutureClickCount_600-app-dev": 188,
          "FutureClickCount_600-ip-app-dev": 28,
          "FutureClickCount_600-os": 136,
          "FutureClickCount_600-ip-os": 98,
          "FutureClickCount_600-app-os": 134,
          "FutureClickCount_600-ip-app-os": 49,
          "FutureClickCount_600-dev-os": 232,
          "FutureClickCount_600-ip-dev-os": 113,
          "FutureClickCount_600-app-dev-os": 203,
          "FutureClickCount_600-ip-app-dev-os": 102,
          "FutureClickCount_600-cha": 140,
          "FutureClickCount_600-ip-cha": 26,
          "FutureClickCount_600-app-cha": 223,
          "FutureClickCount_600-ip-app-cha": 20,
          "FutureClickCount_600-dev-cha": 122,
          "FutureClickCount_600-ip-dev-cha": 23,
          "FutureClickCount_600-app-dev-cha": 135,
          "FutureClickCount_600-ip-app-dev-cha": 12,
          "FutureClickCount_600-os-cha": 70,
          "FutureClickCount_600-ip-os-cha": 11,
          "FutureClickCount_600-app-os-cha": 108,
          "FutureClickCount_600-ip-app-os-cha": 14,
          "FutureClickCount_600-dev-os-cha": 98,
          "FutureClickCount_600-ip-dev-os-cha": 16,
          "FutureClickCount_600-app-dev-os-cha": 101,
          "FutureClickCount_600-ip-app-dev-os-cha": 18,
          "FutureClickCount_4800-ip": 288,
          "FutureClickCount_4800-app": 130,
          "FutureClickCount_4800-ip-app": 86,
          "FutureClickCount_4800-dev": 34,
          "FutureClickCount_4800-ip-dev": 197,
          "FutureClickCount_4800-app-dev": 102,
          "FutureClickCount_4800-ip-app-dev": 83,
          "FutureClickCount_4800-os": 84,
          "FutureClickCount_4800-ip-os": 109,
          "FutureClickCount_4800-app-os": 111,
          "FutureClickCount_4800-ip-app-os": 51,
          "FutureClickCount_4800-dev-os": 108,
          "FutureClickCount_4800-ip-dev-os": 136,
          "FutureClickCount_4800-app-dev-os": 171,
          "FutureClickCount_4800-ip-app-dev-os": 85,
          "FutureClickCount_4800-cha": 123,
          "FutureClickCount_4800-ip-cha": 54,
          "FutureClickCount_4800-app-cha": 167,
          "FutureClickCount_4800-ip-app-cha": 44,
          "FutureClickCount_4800-dev-cha": 102,
          "FutureClickCount_4800-ip-dev-cha": 49,
          "FutureClickCount_4800-app-dev-cha": 121,
          "FutureClickCount_4800-ip-app-dev-cha": 41,
          "FutureClickCount_4800-os-cha": 98,
          "FutureClickCount_4800-ip-os-cha": 24,
          "FutureClickCount_4800-app-os-cha": 82,
          "FutureClickCount_4800-ip-app-os-cha": 25,
          "FutureClickCount_4800-dev-os-cha": 99,
          "FutureClickCount_4800-ip-dev-os-cha": 21,
          "FutureClickCount_4800-app-dev-os-cha": 93,
          "FutureClickCount_4800-ip-app-dev-os-cha": 22,
          "NextClickTimeDelta-ip": 226,
          "NextClickTimeDelta-app": 29,
          "NextClickTimeDelta-ip-app": 242,
          "NextClickTimeDelta-dev": 12,
          "NextClickTimeDelta-ip-dev": 141,
          "NextClickTimeDelta-app-dev": 36,
          "NextClickTimeDelta-ip-app-dev": 177,
          "NextClickTimeDelta-os": 23,
          "NextClickTimeDelta-ip-os": 168,
          "NextClickTimeDelta-app-os": 56,
          "NextClickTimeDelta-ip-app-os": 433,
          "NextClickTimeDelta-dev-os": 30,
          "NextClickTimeDelta-ip-dev-os": 132,
          "NextClickTimeDelta-app-dev-os": 51,
          "NextClickTimeDelta-ip-app-dev-os": 672,
          "NextClickTimeDelta-cha": 28,
          "NextClickTimeDelta-ip-cha": 117,
          "NextClickTimeDelta-app-cha": 50,
          "NextClickTimeDelta-ip-app-cha": 141,
          "NextClickTimeDelta-dev-cha": 26,
          "NextClickTimeDelta-ip-dev-cha": 111,
          "NextClickTimeDelta-app-dev-cha": 54,
          "NextClickTimeDelta-ip-app-dev-cha": 84,
          "NextClickTimeDelta-os-cha": 74,
          "NextClickTimeDelta-ip-os-cha": 102,
          "NextClickTimeDelta-app-os-cha": 90,
          "NextClickTimeDelta-ip-app-os-cha": 156,
          "NextClickTimeDelta-dev-os-cha": 61,
          "NextClickTimeDelta-ip-dev-os-cha": 114,
          "NextClickTimeDelta-app-dev-os-cha": 92,
          "NextClickTimeDelta-ip-app-dev-os-cha": 178,
          "PrevClickTimeDelta-ip": 192,
          "PrevClickTimeDelta-app": 28,
          "PrevClickTimeDelta-ip-app": 125,
          "PrevClickTimeDelta-dev": 20,
          "PrevClickTimeDelta-ip-dev": 109,
          "PrevClickTimeDelta-app-dev": 33,
          "PrevClickTimeDelta-ip-app-dev": 114,
          "PrevClickTimeDelta-os": 24,
          "PrevClickTimeDelta-ip-os": 132,
          "PrevClickTimeDelta-app-os": 36,
          "PrevClickTimeDelta-ip-app-os": 91,
          "PrevClickTimeDelta-dev-os": 30,
          "PrevClickTimeDelta-ip-dev-os": 112,
          "PrevClickTimeDelta-app-dev-os": 64,
          "PrevClickTimeDelta-ip-app-dev-os": 114,
          "PrevClickTimeDelta-cha": 36,
          "PrevClickTimeDelta-ip-cha": 106,
          "PrevClickTimeDelta-app-cha": 42,
          "PrevClickTimeDelta-ip-app-cha": 74,
          "PrevClickTimeDelta-dev-cha": 29,
          "PrevClickTimeDelta-ip-dev-cha": 93,
          "PrevClickTimeDelta-app-dev-cha": 42,
          "PrevClickTimeDelta-ip-app-dev-cha": 90,
          "PrevClickTimeDelta-os-cha": 77,
          "PrevClickTimeDelta-ip-os-cha": 70,
          "PrevClickTimeDelta-app-os-cha": 100,
          "PrevClickTimeDelta-ip-app-os-cha": 70,
          "PrevClickTimeDelta-dev-os-cha": 72,
          "PrevClickTimeDelta-ip-dev-os-cha": 69,
          "PrevClickTimeDelta-app-dev-os-cha": 72,
          "PrevClickTimeDelta-ip-app-dev-os-cha": 72,
          "AllClickCount-ip": 661,
          "AllClickCount-app": 33,
          "AllClickCount-ip-app": 103,
          "AllClickCount-dev": 11,
          "AllClickCount-ip-dev": 297,
          "AllClickCount-app-dev": 29,
          "AllClickCount-ip-app-dev": 116,
          "AllClickCount-os": 9,
          "AllClickCount-ip-os": 261,
          "AllClickCount-app-os": 72,
          "AllClickCount-ip-app-os": 31,
          "AllClickCount-dev-os": 14,
          "AllClickCount-ip-dev-os": 400,
          "AllClickCount-app-dev-os": 72,
          "AllClickCount-ip-app-dev-os": 100,
          "AllClickCount-cha": 31,
          "AllClickCount-ip-cha": 133,
          "AllClickCount-app-cha": 104,
          "AllClickCount-ip-app-cha": 150,
          "AllClickCount-dev-cha": 19,
          "AllClickCount-ip-dev-cha": 138,
          "AllClickCount-app-dev-cha": 45,
          "AllClickCount-ip-app-dev-cha": 110,
          "AllClickCount-os-cha": 60,
          "AllClickCount-ip-os-cha": 84,
          "AllClickCount-app-os-cha": 76,
          "AllClickCount-ip-app-os-cha": 72,
          "AllClickCount-dev-os-cha": 75,
          "AllClickCount-ip-dev-os-cha": 80,
          "AllClickCount-app-dev-os-cha": 80,
          "AllClickCount-ip-app-dev-os-cha": 60
        }
      }
    ],
    "average_train_auc": 0.989586099985812,
    "average_valid_auc": 0.9860774699756153,
    "train_auc_std": 0.0,
    "valid_auc_std": 0.0,
    "average_train_time": 1115.469007730484
  },
  "config": {
    "features": [
      "ip",
      "os",
      "app",
      "channel",
      "device",
      "hour",
      "count",
      "future_click_count_10",
      "future_click_count_80",
      "next_click_time_delta",
      "prev_click_time_delta",
      "all_click_count"
    ],
    "model": {
      "name": "lightgbm",
      "model_params": {
        "boosting_type": "gbdt",
        "objective": "binary",
        "metric": "auc",
        "learning_rate": 0.1,
        "num_leaves": 255,
        "max_depth": 8,
        "min_child_samples": 100,
        "max_bin": 100,
        "subsample": 0.7,
        "subsample_freq": 1,
        "colsample_bytree": 0.7,
        "min_child_weight": 0,
        "subsample_for_bin": 200000,
        "min_split_gain": 0,
        "reg_alpha": 0,
        "reg_lambda": 0,
        "verbose": 0
      },
      "train_params": {
        "num_boost_round": 350,
        "early_stopping_rounds": 30
      }
    },
    "dataset": {
      "input_directory": "data/input/",
      "cache_directory": "data/working/",
      "files": {
        "train": "train_0.feather",
        "valid": "valid_0.feather",
        "test_full": "old_test.feather",
        "test_submission": "test.feather"
      },
      "negative_down_sampling": {
        "enabled": true,
        "bagging_size": 1,
        "random_state": 114514
      }
    }
  }
}