{
  "training": {
    "trials": [
      {
        "train_auc": 0.995037728173764,
        "valid_auc": 0.9849172004482691,
        "best_iteration": 711,
        "train_time": 531.8665208816528,
        "feature_importance": {
          "app": 3750,
          "hour": 3934,
          "n_channels": 1081,
          "ip_app_count": 1152,
          "ip_app_os_count": 1261,
          "FutureClickCount_600-ip": 690,
          "FutureClickCount_600-app": 598,
          "FutureClickCount_600-ip-app": 258,
          "FutureClickCount_600-dev": 325,
          "FutureClickCount_600-ip-dev": 653,
          "FutureClickCount_600-app-dev": 470,
          "FutureClickCount_600-ip-app-dev": 210,
          "FutureClickCount_600-os": 379,
          "FutureClickCount_600-ip-os": 464,
          "FutureClickCount_600-app-os": 522,
          "FutureClickCount_600-ip-app-os": 254,
          "FutureClickCount_600-dev-os": 723,
          "FutureClickCount_600-ip-dev-os": 466,
          "FutureClickCount_600-app-dev-os": 624,
          "FutureClickCount_600-ip-app-dev-os": 409,
          "FutureClickCount_600-cha": 590,
          "FutureClickCount_600-ip-cha": 170,
          "FutureClickCount_600-app-cha": 726,
          "FutureClickCount_600-ip-app-cha": 119,
          "FutureClickCount_600-dev-cha": 457,
          "FutureClickCount_600-ip-dev-cha": 141,
          "FutureClickCount_600-app-dev-cha": 451,
          "FutureClickCount_600-ip-app-dev-cha": 105,
          "FutureClickCount_600-os-cha": 398,
          "FutureClickCount_600-ip-os-cha": 105,
          "FutureClickCount_600-app-os-cha": 420,
          "FutureClickCount_600-ip-app-os-cha": 112,
          "FutureClickCount_600-dev-os-cha": 385,
          "FutureClickCount_600-ip-dev-os-cha": 100,
          "FutureClickCount_600-app-dev-os-cha": 384,
          "FutureClickCount_600-ip-app-dev-os-cha": 108,
          "FutureClickCount_4800-ip": 919,
          "FutureClickCount_4800-app": 372,
          "FutureClickCount_4800-ip-app": 401,
          "FutureClickCount_4800-dev": 94,
          "FutureClickCount_4800-ip-dev": 1137,
          "FutureClickCount_4800-app-dev": 253,
          "FutureClickCount_4800-ip-app-dev": 298,
          "FutureClickCount_4800-os": 198,
          "FutureClickCount_4800-ip-os": 634,
          "FutureClickCount_4800-app-os": 407,
          "FutureClickCount_4800-ip-app-os": 376,
          "FutureClickCount_4800-dev-os": 256,
          "FutureClickCount_4800-ip-dev-os": 856,
          "FutureClickCount_4800-app-dev-os": 562,
          "FutureClickCount_4800-ip-app-dev-os": 417,
          "FutureClickCount_4800-cha": 391,
          "FutureClickCount_4800-ip-cha": 269,
          "FutureClickCount_4800-app-cha": 634,
          "FutureClickCount_4800-ip-app-cha": 239,
          "FutureClickCount_4800-dev-cha": 306,
          "FutureClickCount_4800-ip-dev-cha": 251,
          "FutureClickCount_4800-app-dev-cha": 387,
          "FutureClickCount_4800-ip-app-dev-cha": 166,
          "FutureClickCount_4800-os-cha": 402,
          "FutureClickCount_4800-ip-os-cha": 156,
          "FutureClickCount_4800-app-os-cha": 407,
          "FutureClickCount_4800-ip-app-os-cha": 126,
          "FutureClickCount_4800-dev-os-cha": 379,
          "FutureClickCount_4800-ip-dev-os-cha": 112,
          "FutureClickCount_4800-app-dev-os-cha": 402,
          "FutureClickCount_4800-ip-app-dev-os-cha": 136,
          "NextClickTimeDelta-ip": 876,
          "NextClickTimeDelta-app": 155,
          "NextClickTimeDelta-ip-app": 1069,
          "NextClickTimeDelta-dev": 90,
          "NextClickTimeDelta-ip-dev": 589,
          "NextClickTimeDelta-app-dev": 121,
          "NextClickTimeDelta-ip-app-dev": 699,
          "NextClickTimeDelta-os": 136,
          "NextClickTimeDelta-ip-os": 655,
          "NextClickTimeDelta-app-os": 263,
          "NextClickTimeDelta-ip-app-os": 1597,
          "NextClickTimeDelta-dev-os": 119,
          "NextClickTimeDelta-ip-dev-os": 509,
          "NextClickTimeDelta-app-dev-os": 203,
          "NextClickTimeDelta-ip-app-dev-os": 2513,
          "NextClickTimeDelta-cha": 145,
          "NextClickTimeDelta-ip-cha": 632,
          "NextClickTimeDelta-app-cha": 261,
          "NextClickTimeDelta-ip-app-cha": 547,
          "NextClickTimeDelta-dev-cha": 162,
          "NextClickTimeDelta-ip-dev-cha": 467,
          "NextClickTimeDelta-app-dev-cha": 173,
          "NextClickTimeDelta-ip-app-dev-cha": 414,
          "NextClickTimeDelta-os-cha": 288,
          "NextClickTimeDelta-ip-os-cha": 404,
          "NextClickTimeDelta-app-os-cha": 319,
          "NextClickTimeDelta-ip-app-os-cha": 543,
          "NextClickTimeDelta-dev-os-cha": 268,
          "NextClickTimeDelta-ip-dev-os-cha": 366,
          "NextClickTimeDelta-app-dev-os-cha": 283,
          "NextClickTimeDelta-ip-app-dev-os-cha": 617,
          "PrevClickTimeDelta-ip": 748,
          "PrevClickTimeDelta-app": 135,
          "PrevClickTimeDelta-ip-app": 561,
          "PrevClickTimeDelta-dev": 70,
          "PrevClickTimeDelta-ip-dev": 466,
          "PrevClickTimeDelta-app-dev": 93,
          "PrevClickTimeDelta-ip-app-dev": 408,
          "PrevClickTimeDelta-os": 124,
          "PrevClickTimeDelta-ip-os": 575,
          "PrevClickTimeDelta-app-os": 212,
          "PrevClickTimeDelta-ip-app-os": 471,
          "PrevClickTimeDelta-dev-os": 117,
          "PrevClickTimeDelta-ip-dev-os": 401,
          "PrevClickTimeDelta-app-dev-os": 184,
          "PrevClickTimeDelta-ip-app-dev-os": 393,
          "PrevClickTimeDelta-cha": 132,
          "PrevClickTimeDelta-ip-cha": 528,
          "PrevClickTimeDelta-app-cha": 208,
          "PrevClickTimeDelta-ip-app-cha": 381,
          "PrevClickTimeDelta-dev-cha": 154,
          "PrevClickTimeDelta-ip-dev-cha": 354,
          "PrevClickTimeDelta-app-dev-cha": 156,
          "PrevClickTimeDelta-ip-app-dev-cha": 291,
          "PrevClickTimeDelta-os-cha": 292,
          "PrevClickTimeDelta-ip-os-cha": 362,
          "PrevClickTimeDelta-app-os-cha": 317,
          "PrevClickTimeDelta-ip-app-os-cha": 315,
          "PrevClickTimeDelta-dev-os-cha": 265,
          "PrevClickTimeDelta-ip-dev-os-cha": 231,
          "PrevClickTimeDelta-app-dev-os-cha": 272,
          "PrevClickTimeDelta-ip-app-dev-os-cha": 191,
          "AverageAttributedRatio-ip": 536,
          "AverageAttributedRatio-app": 504,
          "AverageAttributedRatio-ip-app": 380,
          "AverageAttributedRatio-dev": 747,
          "AverageAttributedRatio-ip-dev": 511,
          "AverageAttributedRatio-app-dev": 362,
          "AverageAttributedRatio-ip-app-dev": 507,
          "AverageAttributedRatio-os": 515,
          "AverageAttributedRatio-ip-os": 313,
          "AverageAttributedRatio-app-os": 458,
          "AverageAttributedRatio-ip-app-os": 159,
          "AverageAttributedRatio-dev-os": 437,
          "AverageAttributedRatio-ip-dev-os": 370,
          "AverageAttributedRatio-app-dev-os": 413,
          "AverageAttributedRatio-ip-app-dev-os": 130,
          "AverageAttributedRatio-cha": 461,
          "AverageAttributedRatio-ip-cha": 192,
          "AverageAttributedRatio-app-cha": 395,
          "AverageAttributedRatio-ip-app-cha": 149,
          "AverageAttributedRatio-dev-cha": 297,
          "AverageAttributedRatio-ip-dev-cha": 153,
          "AverageAttributedRatio-app-dev-cha": 369,
          "AverageAttributedRatio-ip-app-dev-cha": 135,
          "AverageAttributedRatio-os-cha": 388,
          "AverageAttributedRatio-ip-os-cha": 122,
          "AverageAttributedRatio-app-os-cha": 521,
          "AverageAttributedRatio-ip-app-os-cha": 82,
          "AverageAttributedRatio-dev-os-cha": 354,
          "AverageAttributedRatio-ip-dev-os-cha": 98,
          "AverageAttributedRatio-app-dev-os-cha": 421,
          "AverageAttributedRatio-ip-app-dev-os-cha": 77,
          "KomakiLDA5NoDevice-ip-app-0": 1162,
          "KomakiLDA5NoDevice-ip-app-1": 1151,
          "KomakiLDA5NoDevice-ip-app-2": 1313,
          "KomakiLDA5NoDevice-ip-app-3": 744,
          "KomakiLDA5NoDevice-ip-app-4": 670,
          "KomakiLDA5NoDevice-ip-os-0": 1163,
          "KomakiLDA5NoDevice-ip-os-1": 1176,
          "KomakiLDA5NoDevice-ip-os-2": 761,
          "KomakiLDA5NoDevice-ip-os-3": 873,
          "KomakiLDA5NoDevice-ip-os-4": 1178,
          "KomakiLDA5NoDevice-ip-channel-0": 1190,
          "KomakiLDA5NoDevice-ip-channel-1": 968,
          "KomakiLDA5NoDevice-ip-channel-2": 1162,
          "KomakiLDA5NoDevice-ip-channel-3": 1274,
          "KomakiLDA5NoDevice-ip-channel-4": 1313,
          "KomakiLDA5NoDevice-app-ip-0": 284,
          "KomakiLDA5NoDevice-app-ip-1": 240,
          "KomakiLDA5NoDevice-app-ip-2": 215,
          "KomakiLDA5NoDevice-app-ip-3": 242,
          "KomakiLDA5NoDevice-app-ip-4": 170,
          "KomakiLDA5NoDevice-app-os-0": 150,
          "KomakiLDA5NoDevice-app-os-1": 228,
          "KomakiLDA5NoDevice-app-os-2": 164,
          "KomakiLDA5NoDevice-app-os-3": 143,
          "KomakiLDA5NoDevice-app-os-4": 170,
          "KomakiLDA5NoDevice-app-channel-0": 155,
          "KomakiLDA5NoDevice-app-channel-1": 194,
          "KomakiLDA5NoDevice-app-channel-2": 245,
          "KomakiLDA5NoDevice-app-channel-3": 219,
          "KomakiLDA5NoDevice-app-channel-4": 126,
          "KomakiLDA5NoDevice-os-ip-0": 349,
          "KomakiLDA5NoDevice-os-ip-1": 261,
          "KomakiLDA5NoDevice-os-ip-2": 209,
          "KomakiLDA5NoDevice-os-ip-3": 205,
          "KomakiLDA5NoDevice-os-ip-4": 241,
          "KomakiLDA5NoDevice-os-app-0": 321,
          "KomakiLDA5NoDevice-os-app-1": 371,
          "KomakiLDA5NoDevice-os-app-2": 126,
          "KomakiLDA5NoDevice-os-app-3": 254,
          "KomakiLDA5NoDevice-os-app-4": 124,
          "KomakiLDA5NoDevice-os-channel-0": 300,
          "KomakiLDA5NoDevice-os-channel-1": 171,
          "KomakiLDA5NoDevice-os-channel-2": 271,
          "KomakiLDA5NoDevice-os-channel-3": 286,
          "KomakiLDA5NoDevice-os-channel-4": 171,
          "KomakiLDA5NoDevice-channel-ip-0": 326,
          "KomakiLDA5NoDevice-channel-ip-1": 338,
          "KomakiLDA5NoDevice-channel-ip-2": 265,
          "KomakiLDA5NoDevice-channel-ip-3": 395,
          "KomakiLDA5NoDevice-channel-ip-4": 255,
          "KomakiLDA5NoDevice-channel-app-0": 304,
          "KomakiLDA5NoDevice-channel-app-1": 280,
          "KomakiLDA5NoDevice-channel-app-2": 334,
          "KomakiLDA5NoDevice-channel-app-3": 236,
          "KomakiLDA5NoDevice-channel-app-4": 207,
          "KomakiLDA5NoDevice-channel-os-0": 300,
          "KomakiLDA5NoDevice-channel-os-1": 297,
          "KomakiLDA5NoDevice-channel-os-2": 351,
          "KomakiLDA5NoDevice-channel-os-3": 271,
          "KomakiLDA5NoDevice-channel-os-4": 307,
          "KomakiNMF5NoDevice-ip-app-0": 718,
          "KomakiNMF5NoDevice-ip-app-1": 1062,
          "KomakiNMF5NoDevice-ip-app-2": 862,
          "KomakiNMF5NoDevice-ip-app-3": 607,
          "KomakiNMF5NoDevice-ip-app-4": 760,
          "KomakiNMF5NoDevice-ip-os-0": 992,
          "KomakiNMF5NoDevice-ip-os-1": 926,
          "KomakiNMF5NoDevice-ip-os-2": 834,
          "KomakiNMF5NoDevice-ip-os-3": 872,
          "KomakiNMF5NoDevice-ip-os-4": 792,
          "KomakiNMF5NoDevice-ip-channel-0": 849,
          "KomakiNMF5NoDevice-ip-channel-1": 1282,
          "KomakiNMF5NoDevice-ip-channel-2": 742,
          "KomakiNMF5NoDevice-ip-channel-3": 974,
          "KomakiNMF5NoDevice-ip-channel-4": 923,
          "KomakiNMF5NoDevice-app-ip-0": 151,
          "KomakiNMF5NoDevice-app-ip-1": 155,
          "KomakiNMF5NoDevice-app-ip-2": 139,
          "KomakiNMF5NoDevice-app-ip-3": 141,
          "KomakiNMF5NoDevice-app-ip-4": 83,
          "KomakiNMF5NoDevice-app-os-0": 69,
          "KomakiNMF5NoDevice-app-os-1": 123,
          "KomakiNMF5NoDevice-app-os-2": 71,
          "KomakiNMF5NoDevice-app-os-3": 23,
          "KomakiNMF5NoDevice-app-os-4": 56,
          "KomakiNMF5NoDevice-app-channel-0": 106,
          "KomakiNMF5NoDevice-app-channel-1": 111,
          "KomakiNMF5NoDevice-app-channel-2": 131,
          "KomakiNMF5NoDevice-app-channel-3": 117,
          "KomakiNMF5NoDevice-app-channel-4": 113,
          "KomakiNMF5NoDevice-os-ip-0": 167,
          "KomakiNMF5NoDevice-os-ip-1": 157,
          "KomakiNMF5NoDevice-os-ip-2": 136,
          "KomakiNMF5NoDevice-os-ip-3": 170,
          "KomakiNMF5NoDevice-os-ip-4": 137,
          "KomakiNMF5NoDevice-os-app-0": 83,
          "KomakiNMF5NoDevice-os-app-1": 31,
          "KomakiNMF5NoDevice-os-app-2": 118,
          "KomakiNMF5NoDevice-os-app-3": 240,
          "KomakiNMF5NoDevice-os-app-4": 137,
          "KomakiNMF5NoDevice-os-channel-0": 278,
          "KomakiNMF5NoDevice-os-channel-1": 139,
          "KomakiNMF5NoDevice-os-channel-2": 288,
          "KomakiNMF5NoDevice-os-channel-3": 210,
          "KomakiNMF5NoDevice-os-channel-4": 164,
          "KomakiNMF5NoDevice-channel-ip-0": 335,
          "KomakiNMF5NoDevice-channel-ip-1": 216,
          "KomakiNMF5NoDevice-channel-ip-2": 209,
          "KomakiNMF5NoDevice-channel-ip-3": 297,
          "KomakiNMF5NoDevice-channel-ip-4": 265,
          "KomakiNMF5NoDevice-channel-app-0": 154,
          "KomakiNMF5NoDevice-channel-app-1": 89,
          "KomakiNMF5NoDevice-channel-app-2": 158,
          "KomakiNMF5NoDevice-channel-app-3": 125,
          "KomakiNMF5NoDevice-channel-app-4": 178,
          "KomakiNMF5NoDevice-channel-os-0": 273,
          "KomakiNMF5NoDevice-channel-os-1": 88,
          "KomakiNMF5NoDevice-channel-os-2": 236,
          "KomakiNMF5NoDevice-channel-os-3": 118,
          "KomakiNMF5NoDevice-channel-os-4": 284,
          "KomakiPCA5NoDevice-ip-app-0": 1055,
          "KomakiPCA5NoDevice-ip-app-1": 856,
          "KomakiPCA5NoDevice-ip-app-2": 921,
          "KomakiPCA5NoDevice-ip-app-3": 649,
          "KomakiPCA5NoDevice-ip-app-4": 1060,
          "KomakiPCA5NoDevice-ip-os-0": 1269,
          "KomakiPCA5NoDevice-ip-os-1": 842,
          "KomakiPCA5NoDevice-ip-os-2": 855,
          "KomakiPCA5NoDevice-ip-os-3": 727,
          "KomakiPCA5NoDevice-ip-os-4": 1017,
          "KomakiPCA5NoDevice-ip-channel-0": 1317,
          "KomakiPCA5NoDevice-ip-channel-1": 866,
          "KomakiPCA5NoDevice-ip-channel-2": 898,
          "KomakiPCA5NoDevice-ip-channel-3": 874,
          "KomakiPCA5NoDevice-ip-channel-4": 917,
          "KomakiPCA5NoDevice-app-ip-0": 113,
          "KomakiPCA5NoDevice-app-ip-1": 107,
          "KomakiPCA5NoDevice-app-ip-2": 114,
          "KomakiPCA5NoDevice-app-ip-3": 139,
          "KomakiPCA5NoDevice-app-ip-4": 108,
          "KomakiPCA5NoDevice-app-os-0": 153,
          "KomakiPCA5NoDevice-app-os-1": 78,
          "KomakiPCA5NoDevice-app-os-2": 119,
          "KomakiPCA5NoDevice-app-os-3": 137,
          "KomakiPCA5NoDevice-app-os-4": 122,
          "KomakiPCA5NoDevice-app-channel-0": 129,
          "KomakiPCA5NoDevice-app-channel-1": 164,
          "KomakiPCA5NoDevice-app-channel-2": 109,
          "KomakiPCA5NoDevice-app-channel-3": 109,
          "KomakiPCA5NoDevice-app-channel-4": 139,
          "KomakiPCA5NoDevice-os-ip-0": 85,
          "KomakiPCA5NoDevice-os-ip-1": 128,
          "KomakiPCA5NoDevice-os-ip-2": 184,
          "KomakiPCA5NoDevice-os-ip-3": 201,
          "KomakiPCA5NoDevice-os-ip-4": 159,
          "KomakiPCA5NoDevice-os-app-0": 142,
          "KomakiPCA5NoDevice-os-app-1": 166,
          "KomakiPCA5NoDevice-os-app-2": 115,
          "KomakiPCA5NoDevice-os-app-3": 208,
          "KomakiPCA5NoDevice-os-app-4": 221,
          "KomakiPCA5NoDevice-os-channel-0": 160,
          "KomakiPCA5NoDevice-os-channel-1": 244,
          "KomakiPCA5NoDevice-os-channel-2": 134,
          "KomakiPCA5NoDevice-os-channel-3": 145,
          "KomakiPCA5NoDevice-os-channel-4": 145,
          "KomakiPCA5NoDevice-channel-ip-0": 282,
          "KomakiPCA5NoDevice-channel-ip-1": 267,
          "KomakiPCA5NoDevice-channel-ip-2": 279,
          "KomakiPCA5NoDevice-channel-ip-3": 225,
          "KomakiPCA5NoDevice-channel-ip-4": 299,
          "KomakiPCA5NoDevice-channel-app-0": 287,
          "KomakiPCA5NoDevice-channel-app-1": 206,
          "KomakiPCA5NoDevice-channel-app-2": 178,
          "KomakiPCA5NoDevice-channel-app-3": 180,
          "KomakiPCA5NoDevice-channel-app-4": 211,
          "KomakiPCA5NoDevice-channel-os-0": 215,
          "KomakiPCA5NoDevice-channel-os-1": 236,
          "KomakiPCA5NoDevice-channel-os-2": 202,
          "KomakiPCA5NoDevice-channel-os-3": 209,
          "KomakiPCA5NoDevice-channel-os-4": 249
        }
      },
      {
        "train_auc": 0.9950848864581844,
        "valid_auc": 0.984883980120661,
        "best_iteration": 717,
        "train_time": 530.7224426269531,
        "feature_importance": {
          "app": 3861,
          "hour": 4221,
          "n_channels": 1084,
          "ip_app_count": 1156,
          "ip_app_os_count": 1288,
          "FutureClickCount_600-ip": 737,
          "FutureClickCount_600-app": 565,
          "FutureClickCount_600-ip-app": 278,
          "FutureClickCount_600-dev": 333,
          "FutureClickCount_600-ip-dev": 634,
          "FutureClickCount_600-app-dev": 480,
          "FutureClickCount_600-ip-app-dev": 233,
          "FutureClickCount_600-os": 317,
          "FutureClickCount_600-ip-os": 482,
          "FutureClickCount_600-app-os": 565,
          "FutureClickCount_600-ip-app-os": 263,
          "FutureClickCount_600-dev-os": 653,
          "FutureClickCount_600-ip-dev-os": 432,
          "FutureClickCount_600-app-dev-os": 680,
          "FutureClickCount_600-ip-app-dev-os": 376,
          "FutureClickCount_600-cha": 586,
          "FutureClickCount_600-ip-cha": 154,
          "FutureClickCount_600-app-cha": 641,
          "FutureClickCount_600-ip-app-cha": 136,
          "FutureClickCount_600-dev-cha": 397,
          "FutureClickCount_600-ip-dev-cha": 163,
          "FutureClickCount_600-app-dev-cha": 483,
          "FutureClickCount_600-ip-app-dev-cha": 93,
          "FutureClickCount_600-os-cha": 380,
          "FutureClickCount_600-ip-os-cha": 133,
          "FutureClickCount_600-app-os-cha": 486,
          "FutureClickCount_600-ip-app-os-cha": 94,
          "FutureClickCount_600-dev-os-cha": 406,
          "FutureClickCount_600-ip-dev-os-cha": 82,
          "FutureClickCount_600-app-dev-os-cha": 389,
          "FutureClickCount_600-ip-app-dev-os-cha": 86,
          "FutureClickCount_4800-ip": 891,
          "FutureClickCount_4800-app": 412,
          "FutureClickCount_4800-ip-app": 401,
          "FutureClickCount_4800-dev": 87,
          "FutureClickCount_4800-ip-dev": 1158,
          "FutureClickCount_4800-app-dev": 237,
          "FutureClickCount_4800-ip-app-dev": 348,
          "FutureClickCount_4800-os": 189,
          "FutureClickCount_4800-ip-os": 602,
          "FutureClickCount_4800-app-os": 383,
          "FutureClickCount_4800-ip-app-os": 343,
          "FutureClickCount_4800-dev-os": 262,
          "FutureClickCount_4800-ip-dev-os": 904,
          "FutureClickCount_4800-app-dev-os": 579,
          "FutureClickCount_4800-ip-app-dev-os": 463,
          "FutureClickCount_4800-cha": 373,
          "FutureClickCount_4800-ip-cha": 229,
          "FutureClickCount_4800-app-cha": 630,
          "FutureClickCount_4800-ip-app-cha": 202,
          "FutureClickCount_4800-dev-cha": 269,
          "FutureClickCount_4800-ip-dev-cha": 246,
          "FutureClickCount_4800-app-dev-cha": 401,
          "FutureClickCount_4800-ip-app-dev-cha": 184,
          "FutureClickCount_4800-os-cha": 356,
          "FutureClickCount_4800-ip-os-cha": 146,
          "FutureClickCount_4800-app-os-cha": 392,
          "FutureClickCount_4800-ip-app-os-cha": 165,
          "FutureClickCount_4800-dev-os-cha": 369,
          "FutureClickCount_4800-ip-dev-os-cha": 111,
          "FutureClickCount_4800-app-dev-os-cha": 430,
          "FutureClickCount_4800-ip-app-dev-os-cha": 146,
          "NextClickTimeDelta-ip": 896,
          "NextClickTimeDelta-app": 168,
          "NextClickTimeDelta-ip-app": 1110,
          "NextClickTimeDelta-dev": 64,
          "NextClickTimeDelta-ip-dev": 629,
          "NextClickTimeDelta-app-dev": 108,
          "NextClickTimeDelta-ip-app-dev": 651,
          "NextClickTimeDelta-os": 110,
          "NextClickTimeDelta-ip-os": 733,
          "NextClickTimeDelta-app-os": 308,
          "NextClickTimeDelta-ip-app-os": 1554,
          "NextClickTimeDelta-dev-os": 91,
          "NextClickTimeDelta-ip-dev-os": 506,
          "NextClickTimeDelta-app-dev-os": 181,
          "NextClickTimeDelta-ip-app-dev-os": 2391,
          "NextClickTimeDelta-cha": 158,
          "NextClickTimeDelta-ip-cha": 693,
          "NextClickTimeDelta-app-cha": 269,
          "NextClickTimeDelta-ip-app-cha": 626,
          "NextClickTimeDelta-dev-cha": 152,
          "NextClickTimeDelta-ip-dev-cha": 459,
          "NextClickTimeDelta-app-dev-cha": 178,
          "NextClickTimeDelta-ip-app-dev-cha": 442,
          "NextClickTimeDelta-os-cha": 354,
          "NextClickTimeDelta-ip-os-cha": 447,
          "NextClickTimeDelta-app-os-cha": 382,
          "NextClickTimeDelta-ip-app-os-cha": 544,
          "NextClickTimeDelta-dev-os-cha": 244,
          "NextClickTimeDelta-ip-dev-os-cha": 389,
          "NextClickTimeDelta-app-dev-os-cha": 279,
          "NextClickTimeDelta-ip-app-dev-os-cha": 609,
          "PrevClickTimeDelta-ip": 704,
          "PrevClickTimeDelta-app": 160,
          "PrevClickTimeDelta-ip-app": 602,
          "PrevClickTimeDelta-dev": 75,
          "PrevClickTimeDelta-ip-dev": 482,
          "PrevClickTimeDelta-app-dev": 117,
          "PrevClickTimeDelta-ip-app-dev": 388,
          "PrevClickTimeDelta-os": 160,
          "PrevClickTimeDelta-ip-os": 579,
          "PrevClickTimeDelta-app-os": 250,
          "PrevClickTimeDelta-ip-app-os": 508,
          "PrevClickTimeDelta-dev-os": 120,
          "PrevClickTimeDelta-ip-dev-os": 462,
          "PrevClickTimeDelta-app-dev-os": 219,
          "PrevClickTimeDelta-ip-app-dev-os": 442,
          "PrevClickTimeDelta-cha": 160,
          "PrevClickTimeDelta-ip-cha": 499,
          "PrevClickTimeDelta-app-cha": 219,
          "PrevClickTimeDelta-ip-app-cha": 420,
          "PrevClickTimeDelta-dev-cha": 147,
          "PrevClickTimeDelta-ip-dev-cha": 369,
          "PrevClickTimeDelta-app-dev-cha": 131,
          "PrevClickTimeDelta-ip-app-dev-cha": 338,
          "PrevClickTimeDelta-os-cha": 341,
          "PrevClickTimeDelta-ip-os-cha": 344,
          "PrevClickTimeDelta-app-os-cha": 325,
          "PrevClickTimeDelta-ip-app-os-cha": 274,
          "PrevClickTimeDelta-dev-os-cha": 244,
          "PrevClickTimeDelta-ip-dev-os-cha": 260,
          "PrevClickTimeDelta-app-dev-os-cha": 302,
          "PrevClickTimeDelta-ip-app-dev-os-cha": 264,
          "AverageAttributedRatio-ip": 595,
          "AverageAttributedRatio-app": 522,
          "AverageAttributedRatio-ip-app": 381,
          "AverageAttributedRatio-dev": 782,
          "AverageAttributedRatio-ip-dev": 538,
          "AverageAttributedRatio-app-dev": 388,
          "AverageAttributedRatio-ip-app-dev": 541,
          "AverageAttributedRatio-os": 489,
          "AverageAttributedRatio-ip-os": 358,
          "AverageAttributedRatio-app-os": 461,
          "AverageAttributedRatio-ip-app-os": 151,
          "AverageAttributedRatio-dev-os": 418,
          "AverageAttributedRatio-ip-dev-os": 358,
          "AverageAttributedRatio-app-dev-os": 411,
          "AverageAttributedRatio-ip-app-dev-os": 132,
          "AverageAttributedRatio-cha": 433,
          "AverageAttributedRatio-ip-cha": 222,
          "AverageAttributedRatio-app-cha": 401,
          "AverageAttributedRatio-ip-app-cha": 181,
          "AverageAttributedRatio-dev-cha": 293,
          "AverageAttributedRatio-ip-dev-cha": 177,
          "AverageAttributedRatio-app-dev-cha": 362,
          "AverageAttributedRatio-ip-app-dev-cha": 143,
          "AverageAttributedRatio-os-cha": 378,
          "AverageAttributedRatio-ip-os-cha": 105,
          "AverageAttributedRatio-app-os-cha": 486,
          "AverageAttributedRatio-ip-app-os-cha": 68,
          "AverageAttributedRatio-dev-os-cha": 367,
          "AverageAttributedRatio-ip-dev-os-cha": 81,
          "AverageAttributedRatio-app-dev-os-cha": 454,
          "AverageAttributedRatio-ip-app-dev-os-cha": 58,
          "KomakiLDA5NoDevice-ip-app-0": 1192,
          "KomakiLDA5NoDevice-ip-app-1": 1268,
          "KomakiLDA5NoDevice-ip-app-2": 1384,
          "KomakiLDA5NoDevice-ip-app-3": 810,
          "KomakiLDA5NoDevice-ip-app-4": 686,
          "KomakiLDA5NoDevice-ip-os-0": 1155,
          "KomakiLDA5NoDevice-ip-os-1": 1174,
          "KomakiLDA5NoDevice-ip-os-2": 700,
          "KomakiLDA5NoDevice-ip-os-3": 972,
          "KomakiLDA5NoDevice-ip-os-4": 1124,
          "KomakiLDA5NoDevice-ip-channel-0": 1155,
          "KomakiLDA5NoDevice-ip-channel-1": 915,
          "KomakiLDA5NoDevice-ip-channel-2": 1186,
          "KomakiLDA5NoDevice-ip-channel-3": 1323,
          "KomakiLDA5NoDevice-ip-channel-4": 1317,
          "KomakiLDA5NoDevice-app-ip-0": 272,
          "KomakiLDA5NoDevice-app-ip-1": 258,
          "KomakiLDA5NoDevice-app-ip-2": 224,
          "KomakiLDA5NoDevice-app-ip-3": 228,
          "KomakiLDA5NoDevice-app-ip-4": 169,
          "KomakiLDA5NoDevice-app-os-0": 158,
          "KomakiLDA5NoDevice-app-os-1": 247,
          "KomakiLDA5NoDevice-app-os-2": 152,
          "KomakiLDA5NoDevice-app-os-3": 137,
          "KomakiLDA5NoDevice-app-os-4": 209,
          "KomakiLDA5NoDevice-app-channel-0": 172,
          "KomakiLDA5NoDevice-app-channel-1": 201,
          "KomakiLDA5NoDevice-app-channel-2": 234,
          "KomakiLDA5NoDevice-app-channel-3": 182,
          "KomakiLDA5NoDevice-app-channel-4": 116,
          "KomakiLDA5NoDevice-os-ip-0": 320,
          "KomakiLDA5NoDevice-os-ip-1": 262,
          "KomakiLDA5NoDevice-os-ip-2": 287,
          "KomakiLDA5NoDevice-os-ip-3": 205,
          "KomakiLDA5NoDevice-os-ip-4": 267,
          "KomakiLDA5NoDevice-os-app-0": 309,
          "KomakiLDA5NoDevice-os-app-1": 369,
          "KomakiLDA5NoDevice-os-app-2": 167,
          "KomakiLDA5NoDevice-os-app-3": 215,
          "KomakiLDA5NoDevice-os-app-4": 141,
          "KomakiLDA5NoDevice-os-channel-0": 283,
          "KomakiLDA5NoDevice-os-channel-1": 144,
          "KomakiLDA5NoDevice-os-channel-2": 242,
          "KomakiLDA5NoDevice-os-channel-3": 343,
          "KomakiLDA5NoDevice-os-channel-4": 204,
          "KomakiLDA5NoDevice-channel-ip-0": 287,
          "KomakiLDA5NoDevice-channel-ip-1": 313,
          "KomakiLDA5NoDevice-channel-ip-2": 269,
          "KomakiLDA5NoDevice-channel-ip-3": 373,
          "KomakiLDA5NoDevice-channel-ip-4": 237,
          "KomakiLDA5NoDevice-channel-app-0": 330,
          "KomakiLDA5NoDevice-channel-app-1": 279,
          "KomakiLDA5NoDevice-channel-app-2": 332,
          "KomakiLDA5NoDevice-channel-app-3": 269,
          "KomakiLDA5NoDevice-channel-app-4": 234,
          "KomakiLDA5NoDevice-channel-os-0": 339,
          "KomakiLDA5NoDevice-channel-os-1": 309,
          "KomakiLDA5NoDevice-channel-os-2": 321,
          "KomakiLDA5NoDevice-channel-os-3": 303,
          "KomakiLDA5NoDevice-channel-os-4": 291,
          "KomakiNMF5NoDevice-ip-app-0": 687,
          "KomakiNMF5NoDevice-ip-app-1": 1100,
          "KomakiNMF5NoDevice-ip-app-2": 831,
          "KomakiNMF5NoDevice-ip-app-3": 632,
          "KomakiNMF5NoDevice-ip-app-4": 791,
          "KomakiNMF5NoDevice-ip-os-0": 948,
          "KomakiNMF5NoDevice-ip-os-1": 967,
          "KomakiNMF5NoDevice-ip-os-2": 863,
          "KomakiNMF5NoDevice-ip-os-3": 861,
          "KomakiNMF5NoDevice-ip-os-4": 899,
          "KomakiNMF5NoDevice-ip-channel-0": 765,
          "KomakiNMF5NoDevice-ip-channel-1": 1282,
          "KomakiNMF5NoDevice-ip-channel-2": 719,
          "KomakiNMF5NoDevice-ip-channel-3": 1069,
          "KomakiNMF5NoDevice-ip-channel-4": 888,
          "KomakiNMF5NoDevice-app-ip-0": 142,
          "KomakiNMF5NoDevice-app-ip-1": 154,
          "KomakiNMF5NoDevice-app-ip-2": 141,
          "KomakiNMF5NoDevice-app-ip-3": 141,
          "KomakiNMF5NoDevice-app-ip-4": 93,
          "KomakiNMF5NoDevice-app-os-0": 55,
          "KomakiNMF5NoDevice-app-os-1": 116,
          "KomakiNMF5NoDevice-app-os-2": 98,
          "KomakiNMF5NoDevice-app-os-3": 43,
          "KomakiNMF5NoDevice-app-os-4": 74,
          "KomakiNMF5NoDevice-app-channel-0": 116,
          "KomakiNMF5NoDevice-app-channel-1": 128,
          "KomakiNMF5NoDevice-app-channel-2": 150,
          "KomakiNMF5NoDevice-app-channel-3": 142,
          "KomakiNMF5NoDevice-app-channel-4": 99,
          "KomakiNMF5NoDevice-os-ip-0": 177,
          "KomakiNMF5NoDevice-os-ip-1": 171,
          "KomakiNMF5NoDevice-os-ip-2": 158,
          "KomakiNMF5NoDevice-os-ip-3": 175,
          "KomakiNMF5NoDevice-os-ip-4": 148,
          "KomakiNMF5NoDevice-os-app-0": 101,
          "KomakiNMF5NoDevice-os-app-1": 14,
          "KomakiNMF5NoDevice-os-app-2": 126,
          "KomakiNMF5NoDevice-os-app-3": 231,
          "KomakiNMF5NoDevice-os-app-4": 123,
          "KomakiNMF5NoDevice-os-channel-0": 318,
          "KomakiNMF5NoDevice-os-channel-1": 163,
          "KomakiNMF5NoDevice-os-channel-2": 261,
          "KomakiNMF5NoDevice-os-channel-3": 242,
          "KomakiNMF5NoDevice-os-channel-4": 190,
          "KomakiNMF5NoDevice-channel-ip-0": 313,
          "KomakiNMF5NoDevice-channel-ip-1": 210,
          "KomakiNMF5NoDevice-channel-ip-2": 223,
          "KomakiNMF5NoDevice-channel-ip-3": 294,
          "KomakiNMF5NoDevice-channel-ip-4": 253,
          "KomakiNMF5NoDevice-channel-app-0": 142,
          "KomakiNMF5NoDevice-channel-app-1": 72,
          "KomakiNMF5NoDevice-channel-app-2": 150,
          "KomakiNMF5NoDevice-channel-app-3": 132,
          "KomakiNMF5NoDevice-channel-app-4": 202,
          "KomakiNMF5NoDevice-channel-os-0": 295,
          "KomakiNMF5NoDevice-channel-os-1": 81,
          "KomakiNMF5NoDevice-channel-os-2": 238,
          "KomakiNMF5NoDevice-channel-os-3": 129,
          "KomakiNMF5NoDevice-channel-os-4": 302,
          "KomakiPCA5NoDevice-ip-app-0": 1051,
          "KomakiPCA5NoDevice-ip-app-1": 884,
          "KomakiPCA5NoDevice-ip-app-2": 957,
          "KomakiPCA5NoDevice-ip-app-3": 682,
          "KomakiPCA5NoDevice-ip-app-4": 1069,
          "KomakiPCA5NoDevice-ip-os-0": 1219,
          "KomakiPCA5NoDevice-ip-os-1": 855,
          "KomakiPCA5NoDevice-ip-os-2": 871,
          "KomakiPCA5NoDevice-ip-os-3": 747,
          "KomakiPCA5NoDevice-ip-os-4": 1048,
          "KomakiPCA5NoDevice-ip-channel-0": 1234,
          "KomakiPCA5NoDevice-ip-channel-1": 871,
          "KomakiPCA5NoDevice-ip-channel-2": 896,
          "KomakiPCA5NoDevice-ip-channel-3": 882,
          "KomakiPCA5NoDevice-ip-channel-4": 899,
          "KomakiPCA5NoDevice-app-ip-0": 108,
          "KomakiPCA5NoDevice-app-ip-1": 118,
          "KomakiPCA5NoDevice-app-ip-2": 108,
          "KomakiPCA5NoDevice-app-ip-3": 141,
          "KomakiPCA5NoDevice-app-ip-4": 110,
          "KomakiPCA5NoDevice-app-os-0": 144,
          "KomakiPCA5NoDevice-app-os-1": 85,
          "KomakiPCA5NoDevice-app-os-2": 133,
          "KomakiPCA5NoDevice-app-os-3": 149,
          "KomakiPCA5NoDevice-app-os-4": 120,
          "KomakiPCA5NoDevice-app-channel-0": 100,
          "KomakiPCA5NoDevice-app-channel-1": 164,
          "KomakiPCA5NoDevice-app-channel-2": 124,
          "KomakiPCA5NoDevice-app-channel-3": 116,
          "KomakiPCA5NoDevice-app-channel-4": 133,
          "KomakiPCA5NoDevice-os-ip-0": 76,
          "KomakiPCA5NoDevice-os-ip-1": 168,
          "KomakiPCA5NoDevice-os-ip-2": 200,
          "KomakiPCA5NoDevice-os-ip-3": 205,
          "KomakiPCA5NoDevice-os-ip-4": 166,
          "KomakiPCA5NoDevice-os-app-0": 151,
          "KomakiPCA5NoDevice-os-app-1": 151,
          "KomakiPCA5NoDevice-os-app-2": 94,
          "KomakiPCA5NoDevice-os-app-3": 219,
          "KomakiPCA5NoDevice-os-app-4": 236,
          "KomakiPCA5NoDevice-os-channel-0": 182,
          "KomakiPCA5NoDevice-os-channel-1": 231,
          "KomakiPCA5NoDevice-os-channel-2": 132,
          "KomakiPCA5NoDevice-os-channel-3": 144,
          "KomakiPCA5NoDevice-os-channel-4": 145,
          "KomakiPCA5NoDevice-channel-ip-0": 305,
          "KomakiPCA5NoDevice-channel-ip-1": 288,
          "KomakiPCA5NoDevice-channel-ip-2": 255,
          "KomakiPCA5NoDevice-channel-ip-3": 253,
          "KomakiPCA5NoDevice-channel-ip-4": 314,
          "KomakiPCA5NoDevice-channel-app-0": 264,
          "KomakiPCA5NoDevice-channel-app-1": 197,
          "KomakiPCA5NoDevice-channel-app-2": 230,
          "KomakiPCA5NoDevice-channel-app-3": 186,
          "KomakiPCA5NoDevice-channel-app-4": 185,
          "KomakiPCA5NoDevice-channel-os-0": 241,
          "KomakiPCA5NoDevice-channel-os-1": 214,
          "KomakiPCA5NoDevice-channel-os-2": 174,
          "KomakiPCA5NoDevice-channel-os-3": 216,
          "KomakiPCA5NoDevice-channel-os-4": 222
        }
      },
      {
        "train_auc": 0.994333122750714,
        "valid_auc": 0.9847201575156771,
        "best_iteration": 622,
        "train_time": 469.31794357299805,
        "feature_importance": {
          "app": 3440,
          "hour": 3662,
          "n_channels": 1025,
          "ip_app_count": 1108,
          "ip_app_os_count": 1096,
          "FutureClickCount_600-ip": 593,
          "FutureClickCount_600-app": 503,
          "FutureClickCount_600-ip-app": 234,
          "FutureClickCount_600-dev": 294,
          "FutureClickCount_600-ip-dev": 529,
          "FutureClickCount_600-app-dev": 441,
          "FutureClickCount_600-ip-app-dev": 212,
          "FutureClickCount_600-os": 297,
          "FutureClickCount_600-ip-os": 403,
          "FutureClickCount_600-app-os": 433,
          "FutureClickCount_600-ip-app-os": 227,
          "FutureClickCount_600-dev-os": 618,
          "FutureClickCount_600-ip-dev-os": 386,
          "FutureClickCount_600-app-dev-os": 637,
          "FutureClickCount_600-ip-app-dev-os": 340,
          "FutureClickCount_600-cha": 475,
          "FutureClickCount_600-ip-cha": 135,
          "FutureClickCount_600-app-cha": 636,
          "FutureClickCount_600-ip-app-cha": 107,
          "FutureClickCount_600-dev-cha": 332,
          "FutureClickCount_600-ip-dev-cha": 138,
          "FutureClickCount_600-app-dev-cha": 429,
          "FutureClickCount_600-ip-app-dev-cha": 106,
          "FutureClickCount_600-os-cha": 352,
          "FutureClickCount_600-ip-os-cha": 98,
          "FutureClickCount_600-app-os-cha": 349,
          "FutureClickCount_600-ip-app-os-cha": 94,
          "FutureClickCount_600-dev-os-cha": 313,
          "FutureClickCount_600-ip-dev-os-cha": 93,
          "FutureClickCount_600-app-dev-os-cha": 357,
          "FutureClickCount_600-ip-app-dev-os-cha": 94,
          "FutureClickCount_4800-ip": 753,
          "FutureClickCount_4800-app": 337,
          "FutureClickCount_4800-ip-app": 361,
          "FutureClickCount_4800-dev": 77,
          "FutureClickCount_4800-ip-dev": 1067,
          "FutureClickCount_4800-app-dev": 219,
          "FutureClickCount_4800-ip-app-dev": 308,
          "FutureClickCount_4800-os": 179,
          "FutureClickCount_4800-ip-os": 554,
          "FutureClickCount_4800-app-os": 369,
          "FutureClickCount_4800-ip-app-os": 308,
          "FutureClickCount_4800-dev-os": 253,
          "FutureClickCount_4800-ip-dev-os": 805,
          "FutureClickCount_4800-app-dev-os": 498,
          "FutureClickCount_4800-ip-app-dev-os": 402,
          "FutureClickCount_4800-cha": 303,
          "FutureClickCount_4800-ip-cha": 252,
          "FutureClickCount_4800-app-cha": 581,
          "FutureClickCount_4800-ip-app-cha": 180,
          "FutureClickCount_4800-dev-cha": 255,
          "FutureClickCount_4800-ip-dev-cha": 214,
          "FutureClickCount_4800-app-dev-cha": 308,
          "FutureClickCount_4800-ip-app-dev-cha": 170,
          "FutureClickCount_4800-os-cha": 365,
          "FutureClickCount_4800-ip-os-cha": 117,
          "FutureClickCount_4800-app-os-cha": 351,
          "FutureClickCount_4800-ip-app-os-cha": 96,
          "FutureClickCount_4800-dev-os-cha": 347,
          "FutureClickCount_4800-ip-dev-os-cha": 124,
          "FutureClickCount_4800-app-dev-os-cha": 319,
          "FutureClickCount_4800-ip-app-dev-os-cha": 121,
          "NextClickTimeDelta-ip": 781,
          "NextClickTimeDelta-app": 131,
          "NextClickTimeDelta-ip-app": 1024,
          "NextClickTimeDelta-dev": 69,
          "NextClickTimeDelta-ip-dev": 540,
          "NextClickTimeDelta-app-dev": 77,
          "NextClickTimeDelta-ip-app-dev": 581,
          "NextClickTimeDelta-os": 80,
          "NextClickTimeDelta-ip-os": 668,
          "NextClickTimeDelta-app-os": 232,
          "NextClickTimeDelta-ip-app-os": 1491,
          "NextClickTimeDelta-dev-os": 104,
          "NextClickTimeDelta-ip-dev-os": 477,
          "NextClickTimeDelta-app-dev-os": 155,
          "NextClickTimeDelta-ip-app-dev-os": 2348,
          "NextClickTimeDelta-cha": 146,
          "NextClickTimeDelta-ip-cha": 510,
          "NextClickTimeDelta-app-cha": 195,
          "NextClickTimeDelta-ip-app-cha": 486,
          "NextClickTimeDelta-dev-cha": 127,
          "NextClickTimeDelta-ip-dev-cha": 369,
          "NextClickTimeDelta-app-dev-cha": 141,
          "NextClickTimeDelta-ip-app-dev-cha": 319,
          "NextClickTimeDelta-os-cha": 283,
          "NextClickTimeDelta-ip-os-cha": 403,
          "NextClickTimeDelta-app-os-cha": 339,
          "NextClickTimeDelta-ip-app-os-cha": 529,
          "NextClickTimeDelta-dev-os-cha": 188,
          "NextClickTimeDelta-ip-dev-os-cha": 303,
          "NextClickTimeDelta-app-dev-os-cha": 234,
          "NextClickTimeDelta-ip-app-dev-os-cha": 569,
          "PrevClickTimeDelta-ip": 610,
          "PrevClickTimeDelta-app": 143,
          "PrevClickTimeDelta-ip-app": 435,
          "PrevClickTimeDelta-dev": 68,
          "PrevClickTimeDelta-ip-dev": 364,
          "PrevClickTimeDelta-app-dev": 109,
          "PrevClickTimeDelta-ip-app-dev": 307,
          "PrevClickTimeDelta-os": 102,
          "PrevClickTimeDelta-ip-os": 522,
          "PrevClickTimeDelta-app-os": 190,
          "PrevClickTimeDelta-ip-app-os": 397,
          "PrevClickTimeDelta-dev-os": 108,
          "PrevClickTimeDelta-ip-dev-os": 339,
          "PrevClickTimeDelta-app-dev-os": 187,
          "PrevClickTimeDelta-ip-app-dev-os": 330,
          "PrevClickTimeDelta-cha": 124,
          "PrevClickTimeDelta-ip-cha": 404,
          "PrevClickTimeDelta-app-cha": 205,
          "PrevClickTimeDelta-ip-app-cha": 342,
          "PrevClickTimeDelta-dev-cha": 158,
          "PrevClickTimeDelta-ip-dev-cha": 296,
          "PrevClickTimeDelta-app-dev-cha": 113,
          "PrevClickTimeDelta-ip-app-dev-cha": 244,
          "PrevClickTimeDelta-os-cha": 256,
          "PrevClickTimeDelta-ip-os-cha": 284,
          "PrevClickTimeDelta-app-os-cha": 250,
          "PrevClickTimeDelta-ip-app-os-cha": 242,
          "PrevClickTimeDelta-dev-os-cha": 203,
          "PrevClickTimeDelta-ip-dev-os-cha": 193,
          "PrevClickTimeDelta-app-dev-os-cha": 206,
          "PrevClickTimeDelta-ip-app-dev-os-cha": 171,
          "AverageAttributedRatio-ip": 547,
          "AverageAttributedRatio-app": 451,
          "AverageAttributedRatio-ip-app": 320,
          "AverageAttributedRatio-dev": 703,
          "AverageAttributedRatio-ip-dev": 463,
          "AverageAttributedRatio-app-dev": 349,
          "AverageAttributedRatio-ip-app-dev": 439,
          "AverageAttributedRatio-os": 439,
          "AverageAttributedRatio-ip-os": 276,
          "AverageAttributedRatio-app-os": 407,
          "AverageAttributedRatio-ip-app-os": 124,
          "AverageAttributedRatio-dev-os": 370,
          "AverageAttributedRatio-ip-dev-os": 298,
          "AverageAttributedRatio-app-dev-os": 383,
          "AverageAttributedRatio-ip-app-dev-os": 122,
          "AverageAttributedRatio-cha": 407,
          "AverageAttributedRatio-ip-cha": 180,
          "AverageAttributedRatio-app-cha": 347,
          "AverageAttributedRatio-ip-app-cha": 159,
          "AverageAttributedRatio-dev-cha": 246,
          "AverageAttributedRatio-ip-dev-cha": 168,
          "AverageAttributedRatio-app-dev-cha": 304,
          "AverageAttributedRatio-ip-app-dev-cha": 141,
          "AverageAttributedRatio-os-cha": 328,
          "AverageAttributedRatio-ip-os-cha": 75,
          "AverageAttributedRatio-app-os-cha": 451,
          "AverageAttributedRatio-ip-app-os-cha": 72,
          "AverageAttributedRatio-dev-os-cha": 296,
          "AverageAttributedRatio-ip-dev-os-cha": 70,
          "AverageAttributedRatio-app-dev-os-cha": 404,
          "AverageAttributedRatio-ip-app-dev-os-cha": 64,
          "KomakiLDA5NoDevice-ip-app-0": 1027,
          "KomakiLDA5NoDevice-ip-app-1": 1086,
          "KomakiLDA5NoDevice-ip-app-2": 1200,
          "KomakiLDA5NoDevice-ip-app-3": 704,
          "KomakiLDA5NoDevice-ip-app-4": 603,
          "KomakiLDA5NoDevice-ip-os-0": 934,
          "KomakiLDA5NoDevice-ip-os-1": 982,
          "KomakiLDA5NoDevice-ip-os-2": 609,
          "KomakiLDA5NoDevice-ip-os-3": 817,
          "KomakiLDA5NoDevice-ip-os-4": 983,
          "KomakiLDA5NoDevice-ip-channel-0": 981,
          "KomakiLDA5NoDevice-ip-channel-1": 833,
          "KomakiLDA5NoDevice-ip-channel-2": 997,
          "KomakiLDA5NoDevice-ip-channel-3": 1120,
          "KomakiLDA5NoDevice-ip-channel-4": 1104,
          "KomakiLDA5NoDevice-app-ip-0": 271,
          "KomakiLDA5NoDevice-app-ip-1": 243,
          "KomakiLDA5NoDevice-app-ip-2": 214,
          "KomakiLDA5NoDevice-app-ip-3": 229,
          "KomakiLDA5NoDevice-app-ip-4": 132,
          "KomakiLDA5NoDevice-app-os-0": 126,
          "KomakiLDA5NoDevice-app-os-1": 225,
          "KomakiLDA5NoDevice-app-os-2": 128,
          "KomakiLDA5NoDevice-app-os-3": 135,
          "KomakiLDA5NoDevice-app-os-4": 162,
          "KomakiLDA5NoDevice-app-channel-0": 126,
          "KomakiLDA5NoDevice-app-channel-1": 171,
          "KomakiLDA5NoDevice-app-channel-2": 224,
          "KomakiLDA5NoDevice-app-channel-3": 162,
          "KomakiLDA5NoDevice-app-channel-4": 105,
          "KomakiLDA5NoDevice-os-ip-0": 318,
          "KomakiLDA5NoDevice-os-ip-1": 237,
          "KomakiLDA5NoDevice-os-ip-2": 230,
          "KomakiLDA5NoDevice-os-ip-3": 187,
          "KomakiLDA5NoDevice-os-ip-4": 215,
          "KomakiLDA5NoDevice-os-app-0": 294,
          "KomakiLDA5NoDevice-os-app-1": 277,
          "KomakiLDA5NoDevice-os-app-2": 116,
          "KomakiLDA5NoDevice-os-app-3": 227,
          "KomakiLDA5NoDevice-os-app-4": 133,
          "KomakiLDA5NoDevice-os-channel-0": 245,
          "KomakiLDA5NoDevice-os-channel-1": 149,
          "KomakiLDA5NoDevice-os-channel-2": 225,
          "KomakiLDA5NoDevice-os-channel-3": 260,
          "KomakiLDA5NoDevice-os-channel-4": 162,
          "KomakiLDA5NoDevice-channel-ip-0": 262,
          "KomakiLDA5NoDevice-channel-ip-1": 323,
          "KomakiLDA5NoDevice-channel-ip-2": 218,
          "KomakiLDA5NoDevice-channel-ip-3": 296,
          "KomakiLDA5NoDevice-channel-ip-4": 222,
          "KomakiLDA5NoDevice-channel-app-0": 272,
          "KomakiLDA5NoDevice-channel-app-1": 228,
          "KomakiLDA5NoDevice-channel-app-2": 263,
          "KomakiLDA5NoDevice-channel-app-3": 228,
          "KomakiLDA5NoDevice-channel-app-4": 227,
          "KomakiLDA5NoDevice-channel-os-0": 243,
          "KomakiLDA5NoDevice-channel-os-1": 308,
          "KomakiLDA5NoDevice-channel-os-2": 279,
          "KomakiLDA5NoDevice-channel-os-3": 219,
          "KomakiLDA5NoDevice-channel-os-4": 253,
          "KomakiNMF5NoDevice-ip-app-0": 605,
          "KomakiNMF5NoDevice-ip-app-1": 999,
          "KomakiNMF5NoDevice-ip-app-2": 728,
          "KomakiNMF5NoDevice-ip-app-3": 555,
          "KomakiNMF5NoDevice-ip-app-4": 686,
          "KomakiNMF5NoDevice-ip-os-0": 809,
          "KomakiNMF5NoDevice-ip-os-1": 759,
          "KomakiNMF5NoDevice-ip-os-2": 724,
          "KomakiNMF5NoDevice-ip-os-3": 684,
          "KomakiNMF5NoDevice-ip-os-4": 733,
          "KomakiNMF5NoDevice-ip-channel-0": 750,
          "KomakiNMF5NoDevice-ip-channel-1": 1129,
          "KomakiNMF5NoDevice-ip-channel-2": 638,
          "KomakiNMF5NoDevice-ip-channel-3": 853,
          "KomakiNMF5NoDevice-ip-channel-4": 753,
          "KomakiNMF5NoDevice-app-ip-0": 150,
          "KomakiNMF5NoDevice-app-ip-1": 149,
          "KomakiNMF5NoDevice-app-ip-2": 132,
          "KomakiNMF5NoDevice-app-ip-3": 109,
          "KomakiNMF5NoDevice-app-ip-4": 67,
          "KomakiNMF5NoDevice-app-os-0": 39,
          "KomakiNMF5NoDevice-app-os-1": 116,
          "KomakiNMF5NoDevice-app-os-2": 101,
          "KomakiNMF5NoDevice-app-os-3": 25,
          "KomakiNMF5NoDevice-app-os-4": 50,
          "KomakiNMF5NoDevice-app-channel-0": 106,
          "KomakiNMF5NoDevice-app-channel-1": 113,
          "KomakiNMF5NoDevice-app-channel-2": 106,
          "KomakiNMF5NoDevice-app-channel-3": 130,
          "KomakiNMF5NoDevice-app-channel-4": 107,
          "KomakiNMF5NoDevice-os-ip-0": 157,
          "KomakiNMF5NoDevice-os-ip-1": 171,
          "KomakiNMF5NoDevice-os-ip-2": 152,
          "KomakiNMF5NoDevice-os-ip-3": 135,
          "KomakiNMF5NoDevice-os-ip-4": 113,
          "KomakiNMF5NoDevice-os-app-0": 65,
          "KomakiNMF5NoDevice-os-app-1": 22,
          "KomakiNMF5NoDevice-os-app-2": 128,
          "KomakiNMF5NoDevice-os-app-3": 228,
          "KomakiNMF5NoDevice-os-app-4": 124,
          "KomakiNMF5NoDevice-os-channel-0": 264,
          "KomakiNMF5NoDevice-os-channel-1": 118,
          "KomakiNMF5NoDevice-os-channel-2": 250,
          "KomakiNMF5NoDevice-os-channel-3": 171,
          "KomakiNMF5NoDevice-os-channel-4": 182,
          "KomakiNMF5NoDevice-channel-ip-0": 310,
          "KomakiNMF5NoDevice-channel-ip-1": 190,
          "KomakiNMF5NoDevice-channel-ip-2": 221,
          "KomakiNMF5NoDevice-channel-ip-3": 236,
          "KomakiNMF5NoDevice-channel-ip-4": 233,
          "KomakiNMF5NoDevice-channel-app-0": 142,
          "KomakiNMF5NoDevice-channel-app-1": 63,
          "KomakiNMF5NoDevice-channel-app-2": 139,
          "KomakiNMF5NoDevice-channel-app-3": 109,
          "KomakiNMF5NoDevice-channel-app-4": 165,
          "KomakiNMF5NoDevice-channel-os-0": 248,
          "KomakiNMF5NoDevice-channel-os-1": 72,
          "KomakiNMF5NoDevice-channel-os-2": 240,
          "KomakiNMF5NoDevice-channel-os-3": 103,
          "KomakiNMF5NoDevice-channel-os-4": 253,
          "KomakiPCA5NoDevice-ip-app-0": 976,
          "KomakiPCA5NoDevice-ip-app-1": 720,
          "KomakiPCA5NoDevice-ip-app-2": 757,
          "KomakiPCA5NoDevice-ip-app-3": 582,
          "KomakiPCA5NoDevice-ip-app-4": 885,
          "KomakiPCA5NoDevice-ip-os-0": 1010,
          "KomakiPCA5NoDevice-ip-os-1": 658,
          "KomakiPCA5NoDevice-ip-os-2": 745,
          "KomakiPCA5NoDevice-ip-os-3": 653,
          "KomakiPCA5NoDevice-ip-os-4": 782,
          "KomakiPCA5NoDevice-ip-channel-0": 1120,
          "KomakiPCA5NoDevice-ip-channel-1": 837,
          "KomakiPCA5NoDevice-ip-channel-2": 763,
          "KomakiPCA5NoDevice-ip-channel-3": 734,
          "KomakiPCA5NoDevice-ip-channel-4": 784,
          "KomakiPCA5NoDevice-app-ip-0": 101,
          "KomakiPCA5NoDevice-app-ip-1": 92,
          "KomakiPCA5NoDevice-app-ip-2": 79,
          "KomakiPCA5NoDevice-app-ip-3": 131,
          "KomakiPCA5NoDevice-app-ip-4": 102,
          "KomakiPCA5NoDevice-app-os-0": 120,
          "KomakiPCA5NoDevice-app-os-1": 85,
          "KomakiPCA5NoDevice-app-os-2": 142,
          "KomakiPCA5NoDevice-app-os-3": 120,
          "KomakiPCA5NoDevice-app-os-4": 111,
          "KomakiPCA5NoDevice-app-channel-0": 98,
          "KomakiPCA5NoDevice-app-channel-1": 137,
          "KomakiPCA5NoDevice-app-channel-2": 100,
          "KomakiPCA5NoDevice-app-channel-3": 113,
          "KomakiPCA5NoDevice-app-channel-4": 117,
          "KomakiPCA5NoDevice-os-ip-0": 79,
          "KomakiPCA5NoDevice-os-ip-1": 131,
          "KomakiPCA5NoDevice-os-ip-2": 157,
          "KomakiPCA5NoDevice-os-ip-3": 207,
          "KomakiPCA5NoDevice-os-ip-4": 149,
          "KomakiPCA5NoDevice-os-app-0": 126,
          "KomakiPCA5NoDevice-os-app-1": 125,
          "KomakiPCA5NoDevice-os-app-2": 105,
          "KomakiPCA5NoDevice-os-app-3": 191,
          "KomakiPCA5NoDevice-os-app-4": 206,
          "KomakiPCA5NoDevice-os-channel-0": 151,
          "KomakiPCA5NoDevice-os-channel-1": 173,
          "KomakiPCA5NoDevice-os-channel-2": 120,
          "KomakiPCA5NoDevice-os-channel-3": 128,
          "KomakiPCA5NoDevice-os-channel-4": 121,
          "KomakiPCA5NoDevice-channel-ip-0": 266,
          "KomakiPCA5NoDevice-channel-ip-1": 211,
          "KomakiPCA5NoDevice-channel-ip-2": 205,
          "KomakiPCA5NoDevice-channel-ip-3": 221,
          "KomakiPCA5NoDevice-channel-ip-4": 299,
          "KomakiPCA5NoDevice-channel-app-0": 248,
          "KomakiPCA5NoDevice-channel-app-1": 161,
          "KomakiPCA5NoDevice-channel-app-2": 174,
          "KomakiPCA5NoDevice-channel-app-3": 156,
          "KomakiPCA5NoDevice-channel-app-4": 186,
          "KomakiPCA5NoDevice-channel-os-0": 209,
          "KomakiPCA5NoDevice-channel-os-1": 213,
          "KomakiPCA5NoDevice-channel-os-2": 174,
          "KomakiPCA5NoDevice-channel-os-3": 170,
          "KomakiPCA5NoDevice-channel-os-4": 213
        }
      },
      {
        "train_auc": 0.9950688643836794,
        "valid_auc": 0.9847618324551631,
        "best_iteration": 722,
        "train_time": 555.0413107872009,
        "feature_importance": {
          "app": 3879,
          "hour": 4215,
          "n_channels": 1149,
          "ip_app_count": 1247,
          "ip_app_os_count": 1290,
          "FutureClickCount_600-ip": 665,
          "FutureClickCount_600-app": 604,
          "FutureClickCount_600-ip-app": 278,
          "FutureClickCount_600-dev": 313,
          "FutureClickCount_600-ip-dev": 635,
          "FutureClickCount_600-app-dev": 473,
          "FutureClickCount_600-ip-app-dev": 219,
          "FutureClickCount_600-os": 356,
          "FutureClickCount_600-ip-os": 505,
          "FutureClickCount_600-app-os": 567,
          "FutureClickCount_600-ip-app-os": 274,
          "FutureClickCount_600-dev-os": 658,
          "FutureClickCount_600-ip-dev-os": 474,
          "FutureClickCount_600-app-dev-os": 708,
          "FutureClickCount_600-ip-app-dev-os": 413,
          "FutureClickCount_600-cha": 602,
          "FutureClickCount_600-ip-cha": 176,
          "FutureClickCount_600-app-cha": 662,
          "FutureClickCount_600-ip-app-cha": 140,
          "FutureClickCount_600-dev-cha": 445,
          "FutureClickCount_600-ip-dev-cha": 142,
          "FutureClickCount_600-app-dev-cha": 505,
          "FutureClickCount_600-ip-app-dev-cha": 127,
          "FutureClickCount_600-os-cha": 391,
          "FutureClickCount_600-ip-os-cha": 94,
          "FutureClickCount_600-app-os-cha": 454,
          "FutureClickCount_600-ip-app-os-cha": 90,
          "FutureClickCount_600-dev-os-cha": 418,
          "FutureClickCount_600-ip-dev-os-cha": 97,
          "FutureClickCount_600-app-dev-os-cha": 441,
          "FutureClickCount_600-ip-app-dev-os-cha": 101,
          "FutureClickCount_4800-ip": 957,
          "FutureClickCount_4800-app": 439,
          "FutureClickCount_4800-ip-app": 417,
          "FutureClickCount_4800-dev": 100,
          "FutureClickCount_4800-ip-dev": 1194,
          "FutureClickCount_4800-app-dev": 247,
          "FutureClickCount_4800-ip-app-dev": 345,
          "FutureClickCount_4800-os": 191,
          "FutureClickCount_4800-ip-os": 646,
          "FutureClickCount_4800-app-os": 372,
          "FutureClickCount_4800-ip-app-os": 356,
          "FutureClickCount_4800-dev-os": 237,
          "FutureClickCount_4800-ip-dev-os": 820,
          "FutureClickCount_4800-app-dev-os": 534,
          "FutureClickCount_4800-ip-app-dev-os": 426,
          "FutureClickCount_4800-cha": 422,
          "FutureClickCount_4800-ip-cha": 266,
          "FutureClickCount_4800-app-cha": 662,
          "FutureClickCount_4800-ip-app-cha": 215,
          "FutureClickCount_4800-dev-cha": 291,
          "FutureClickCount_4800-ip-dev-cha": 252,
          "FutureClickCount_4800-app-dev-cha": 358,
          "FutureClickCount_4800-ip-app-dev-cha": 203,
          "FutureClickCount_4800-os-cha": 369,
          "FutureClickCount_4800-ip-os-cha": 172,
          "FutureClickCount_4800-app-os-cha": 428,
          "FutureClickCount_4800-ip-app-os-cha": 132,
          "FutureClickCount_4800-dev-os-cha": 382,
          "FutureClickCount_4800-ip-dev-os-cha": 124,
          "FutureClickCount_4800-app-dev-os-cha": 403,
          "FutureClickCount_4800-ip-app-dev-os-cha": 119,
          "NextClickTimeDelta-ip": 872,
          "NextClickTimeDelta-app": 133,
          "NextClickTimeDelta-ip-app": 1104,
          "NextClickTimeDelta-dev": 90,
          "NextClickTimeDelta-ip-dev": 633,
          "NextClickTimeDelta-app-dev": 106,
          "NextClickTimeDelta-ip-app-dev": 711,
          "NextClickTimeDelta-os": 105,
          "NextClickTimeDelta-ip-os": 782,
          "NextClickTimeDelta-app-os": 308,
          "NextClickTimeDelta-ip-app-os": 1604,
          "NextClickTimeDelta-dev-os": 109,
          "NextClickTimeDelta-ip-dev-os": 497,
          "NextClickTimeDelta-app-dev-os": 218,
          "NextClickTimeDelta-ip-app-dev-os": 2594,
          "NextClickTimeDelta-cha": 210,
          "NextClickTimeDelta-ip-cha": 608,
          "NextClickTimeDelta-app-cha": 266,
          "NextClickTimeDelta-ip-app-cha": 539,
          "NextClickTimeDelta-dev-cha": 158,
          "NextClickTimeDelta-ip-dev-cha": 457,
          "NextClickTimeDelta-app-dev-cha": 172,
          "NextClickTimeDelta-ip-app-dev-cha": 451,
          "NextClickTimeDelta-os-cha": 299,
          "NextClickTimeDelta-ip-os-cha": 506,
          "NextClickTimeDelta-app-os-cha": 394,
          "NextClickTimeDelta-ip-app-os-cha": 528,
          "NextClickTimeDelta-dev-os-cha": 275,
          "NextClickTimeDelta-ip-dev-os-cha": 373,
          "NextClickTimeDelta-app-dev-os-cha": 300,
          "NextClickTimeDelta-ip-app-dev-os-cha": 589,
          "PrevClickTimeDelta-ip": 749,
          "PrevClickTimeDelta-app": 147,
          "PrevClickTimeDelta-ip-app": 566,
          "PrevClickTimeDelta-dev": 71,
          "PrevClickTimeDelta-ip-dev": 468,
          "PrevClickTimeDelta-app-dev": 112,
          "PrevClickTimeDelta-ip-app-dev": 431,
          "PrevClickTimeDelta-os": 137,
          "PrevClickTimeDelta-ip-os": 637,
          "PrevClickTimeDelta-app-os": 277,
          "PrevClickTimeDelta-ip-app-os": 485,
          "PrevClickTimeDelta-dev-os": 98,
          "PrevClickTimeDelta-ip-dev-os": 452,
          "PrevClickTimeDelta-app-dev-os": 213,
          "PrevClickTimeDelta-ip-app-dev-os": 394,
          "PrevClickTimeDelta-cha": 182,
          "PrevClickTimeDelta-ip-cha": 499,
          "PrevClickTimeDelta-app-cha": 216,
          "PrevClickTimeDelta-ip-app-cha": 384,
          "PrevClickTimeDelta-dev-cha": 165,
          "PrevClickTimeDelta-ip-dev-cha": 382,
          "PrevClickTimeDelta-app-dev-cha": 176,
          "PrevClickTimeDelta-ip-app-dev-cha": 276,
          "PrevClickTimeDelta-os-cha": 327,
          "PrevClickTimeDelta-ip-os-cha": 358,
          "PrevClickTimeDelta-app-os-cha": 332,
          "PrevClickTimeDelta-ip-app-os-cha": 325,
          "PrevClickTimeDelta-dev-os-cha": 291,
          "PrevClickTimeDelta-ip-dev-os-cha": 217,
          "PrevClickTimeDelta-app-dev-os-cha": 310,
          "PrevClickTimeDelta-ip-app-dev-os-cha": 202,
          "AverageAttributedRatio-ip": 638,
          "AverageAttributedRatio-app": 467,
          "AverageAttributedRatio-ip-app": 370,
          "AverageAttributedRatio-dev": 821,
          "AverageAttributedRatio-ip-dev": 540,
          "AverageAttributedRatio-app-dev": 386,
          "AverageAttributedRatio-ip-app-dev": 505,
          "AverageAttributedRatio-os": 524,
          "AverageAttributedRatio-ip-os": 413,
          "AverageAttributedRatio-app-os": 449,
          "AverageAttributedRatio-ip-app-os": 141,
          "AverageAttributedRatio-dev-os": 408,
          "AverageAttributedRatio-ip-dev-os": 347,
          "AverageAttributedRatio-app-dev-os": 439,
          "AverageAttributedRatio-ip-app-dev-os": 128,
          "AverageAttributedRatio-cha": 461,
          "AverageAttributedRatio-ip-cha": 225,
          "AverageAttributedRatio-app-cha": 420,
          "AverageAttributedRatio-ip-app-cha": 178,
          "AverageAttributedRatio-dev-cha": 309,
          "AverageAttributedRatio-ip-dev-cha": 163,
          "AverageAttributedRatio-app-dev-cha": 305,
          "AverageAttributedRatio-ip-app-dev-cha": 119,
          "AverageAttributedRatio-os-cha": 426,
          "AverageAttributedRatio-ip-os-cha": 92,
          "AverageAttributedRatio-app-os-cha": 479,
          "AverageAttributedRatio-ip-app-os-cha": 79,
          "AverageAttributedRatio-dev-os-cha": 323,
          "AverageAttributedRatio-ip-dev-os-cha": 76,
          "AverageAttributedRatio-app-dev-os-cha": 459,
          "AverageAttributedRatio-ip-app-dev-os-cha": 54,
          "KomakiLDA5NoDevice-ip-app-0": 1128,
          "KomakiLDA5NoDevice-ip-app-1": 1111,
          "KomakiLDA5NoDevice-ip-app-2": 1361,
          "KomakiLDA5NoDevice-ip-app-3": 768,
          "KomakiLDA5NoDevice-ip-app-4": 688,
          "KomakiLDA5NoDevice-ip-os-0": 1126,
          "KomakiLDA5NoDevice-ip-os-1": 1270,
          "KomakiLDA5NoDevice-ip-os-2": 785,
          "KomakiLDA5NoDevice-ip-os-3": 937,
          "KomakiLDA5NoDevice-ip-os-4": 1079,
          "KomakiLDA5NoDevice-ip-channel-0": 1140,
          "KomakiLDA5NoDevice-ip-channel-1": 970,
          "KomakiLDA5NoDevice-ip-channel-2": 1173,
          "KomakiLDA5NoDevice-ip-channel-3": 1260,
          "KomakiLDA5NoDevice-ip-channel-4": 1325,
          "KomakiLDA5NoDevice-app-ip-0": 273,
          "KomakiLDA5NoDevice-app-ip-1": 265,
          "KomakiLDA5NoDevice-app-ip-2": 223,
          "KomakiLDA5NoDevice-app-ip-3": 228,
          "KomakiLDA5NoDevice-app-ip-4": 178,
          "KomakiLDA5NoDevice-app-os-0": 155,
          "KomakiLDA5NoDevice-app-os-1": 246,
          "KomakiLDA5NoDevice-app-os-2": 132,
          "KomakiLDA5NoDevice-app-os-3": 138,
          "KomakiLDA5NoDevice-app-os-4": 169,
          "KomakiLDA5NoDevice-app-channel-0": 154,
          "KomakiLDA5NoDevice-app-channel-1": 182,
          "KomakiLDA5NoDevice-app-channel-2": 262,
          "KomakiLDA5NoDevice-app-channel-3": 207,
          "KomakiLDA5NoDevice-app-channel-4": 109,
          "KomakiLDA5NoDevice-os-ip-0": 366,
          "KomakiLDA5NoDevice-os-ip-1": 278,
          "KomakiLDA5NoDevice-os-ip-2": 278,
          "KomakiLDA5NoDevice-os-ip-3": 203,
          "KomakiLDA5NoDevice-os-ip-4": 274,
          "KomakiLDA5NoDevice-os-app-0": 295,
          "KomakiLDA5NoDevice-os-app-1": 378,
          "KomakiLDA5NoDevice-os-app-2": 128,
          "KomakiLDA5NoDevice-os-app-3": 237,
          "KomakiLDA5NoDevice-os-app-4": 128,
          "KomakiLDA5NoDevice-os-channel-0": 326,
          "KomakiLDA5NoDevice-os-channel-1": 139,
          "KomakiLDA5NoDevice-os-channel-2": 236,
          "KomakiLDA5NoDevice-os-channel-3": 324,
          "KomakiLDA5NoDevice-os-channel-4": 188,
          "KomakiLDA5NoDevice-channel-ip-0": 342,
          "KomakiLDA5NoDevice-channel-ip-1": 312,
          "KomakiLDA5NoDevice-channel-ip-2": 271,
          "KomakiLDA5NoDevice-channel-ip-3": 344,
          "KomakiLDA5NoDevice-channel-ip-4": 288,
          "KomakiLDA5NoDevice-channel-app-0": 323,
          "KomakiLDA5NoDevice-channel-app-1": 260,
          "KomakiLDA5NoDevice-channel-app-2": 321,
          "KomakiLDA5NoDevice-channel-app-3": 320,
          "KomakiLDA5NoDevice-channel-app-4": 255,
          "KomakiLDA5NoDevice-channel-os-0": 304,
          "KomakiLDA5NoDevice-channel-os-1": 305,
          "KomakiLDA5NoDevice-channel-os-2": 325,
          "KomakiLDA5NoDevice-channel-os-3": 285,
          "KomakiLDA5NoDevice-channel-os-4": 339,
          "KomakiNMF5NoDevice-ip-app-0": 651,
          "KomakiNMF5NoDevice-ip-app-1": 1048,
          "KomakiNMF5NoDevice-ip-app-2": 903,
          "KomakiNMF5NoDevice-ip-app-3": 624,
          "KomakiNMF5NoDevice-ip-app-4": 764,
          "KomakiNMF5NoDevice-ip-os-0": 903,
          "KomakiNMF5NoDevice-ip-os-1": 929,
          "KomakiNMF5NoDevice-ip-os-2": 812,
          "KomakiNMF5NoDevice-ip-os-3": 874,
          "KomakiNMF5NoDevice-ip-os-4": 854,
          "KomakiNMF5NoDevice-ip-channel-0": 790,
          "KomakiNMF5NoDevice-ip-channel-1": 1256,
          "KomakiNMF5NoDevice-ip-channel-2": 739,
          "KomakiNMF5NoDevice-ip-channel-3": 1023,
          "KomakiNMF5NoDevice-ip-channel-4": 915,
          "KomakiNMF5NoDevice-app-ip-0": 142,
          "KomakiNMF5NoDevice-app-ip-1": 163,
          "KomakiNMF5NoDevice-app-ip-2": 155,
          "KomakiNMF5NoDevice-app-ip-3": 123,
          "KomakiNMF5NoDevice-app-ip-4": 84,
          "KomakiNMF5NoDevice-app-os-0": 60,
          "KomakiNMF5NoDevice-app-os-1": 133,
          "KomakiNMF5NoDevice-app-os-2": 96,
          "KomakiNMF5NoDevice-app-os-3": 31,
          "KomakiNMF5NoDevice-app-os-4": 39,
          "KomakiNMF5NoDevice-app-channel-0": 110,
          "KomakiNMF5NoDevice-app-channel-1": 107,
          "KomakiNMF5NoDevice-app-channel-2": 131,
          "KomakiNMF5NoDevice-app-channel-3": 145,
          "KomakiNMF5NoDevice-app-channel-4": 109,
          "KomakiNMF5NoDevice-os-ip-0": 159,
          "KomakiNMF5NoDevice-os-ip-1": 178,
          "KomakiNMF5NoDevice-os-ip-2": 153,
          "KomakiNMF5NoDevice-os-ip-3": 166,
          "KomakiNMF5NoDevice-os-ip-4": 147,
          "KomakiNMF5NoDevice-os-app-0": 82,
          "KomakiNMF5NoDevice-os-app-1": 13,
          "KomakiNMF5NoDevice-os-app-2": 135,
          "KomakiNMF5NoDevice-os-app-3": 222,
          "KomakiNMF5NoDevice-os-app-4": 137,
          "KomakiNMF5NoDevice-os-channel-0": 285,
          "KomakiNMF5NoDevice-os-channel-1": 167,
          "KomakiNMF5NoDevice-os-channel-2": 300,
          "KomakiNMF5NoDevice-os-channel-3": 192,
          "KomakiNMF5NoDevice-os-channel-4": 183,
          "KomakiNMF5NoDevice-channel-ip-0": 349,
          "KomakiNMF5NoDevice-channel-ip-1": 223,
          "KomakiNMF5NoDevice-channel-ip-2": 224,
          "KomakiNMF5NoDevice-channel-ip-3": 296,
          "KomakiNMF5NoDevice-channel-ip-4": 253,
          "KomakiNMF5NoDevice-channel-app-0": 139,
          "KomakiNMF5NoDevice-channel-app-1": 71,
          "KomakiNMF5NoDevice-channel-app-2": 176,
          "KomakiNMF5NoDevice-channel-app-3": 153,
          "KomakiNMF5NoDevice-channel-app-4": 203,
          "KomakiNMF5NoDevice-channel-os-0": 281,
          "KomakiNMF5NoDevice-channel-os-1": 84,
          "KomakiNMF5NoDevice-channel-os-2": 220,
          "KomakiNMF5NoDevice-channel-os-3": 136,
          "KomakiNMF5NoDevice-channel-os-4": 329,
          "KomakiPCA5NoDevice-ip-app-0": 1081,
          "KomakiPCA5NoDevice-ip-app-1": 851,
          "KomakiPCA5NoDevice-ip-app-2": 911,
          "KomakiPCA5NoDevice-ip-app-3": 693,
          "KomakiPCA5NoDevice-ip-app-4": 1009,
          "KomakiPCA5NoDevice-ip-os-0": 1225,
          "KomakiPCA5NoDevice-ip-os-1": 777,
          "KomakiPCA5NoDevice-ip-os-2": 880,
          "KomakiPCA5NoDevice-ip-os-3": 767,
          "KomakiPCA5NoDevice-ip-os-4": 1015,
          "KomakiPCA5NoDevice-ip-channel-0": 1295,
          "KomakiPCA5NoDevice-ip-channel-1": 885,
          "KomakiPCA5NoDevice-ip-channel-2": 909,
          "KomakiPCA5NoDevice-ip-channel-3": 928,
          "KomakiPCA5NoDevice-ip-channel-4": 934,
          "KomakiPCA5NoDevice-app-ip-0": 112,
          "KomakiPCA5NoDevice-app-ip-1": 108,
          "KomakiPCA5NoDevice-app-ip-2": 120,
          "KomakiPCA5NoDevice-app-ip-3": 153,
          "KomakiPCA5NoDevice-app-ip-4": 114,
          "KomakiPCA5NoDevice-app-os-0": 120,
          "KomakiPCA5NoDevice-app-os-1": 118,
          "KomakiPCA5NoDevice-app-os-2": 122,
          "KomakiPCA5NoDevice-app-os-3": 136,
          "KomakiPCA5NoDevice-app-os-4": 122,
          "KomakiPCA5NoDevice-app-channel-0": 147,
          "KomakiPCA5NoDevice-app-channel-1": 127,
          "KomakiPCA5NoDevice-app-channel-2": 114,
          "KomakiPCA5NoDevice-app-channel-3": 122,
          "KomakiPCA5NoDevice-app-channel-4": 131,
          "KomakiPCA5NoDevice-os-ip-0": 74,
          "KomakiPCA5NoDevice-os-ip-1": 140,
          "KomakiPCA5NoDevice-os-ip-2": 205,
          "KomakiPCA5NoDevice-os-ip-3": 200,
          "KomakiPCA5NoDevice-os-ip-4": 181,
          "KomakiPCA5NoDevice-os-app-0": 160,
          "KomakiPCA5NoDevice-os-app-1": 151,
          "KomakiPCA5NoDevice-os-app-2": 99,
          "KomakiPCA5NoDevice-os-app-3": 207,
          "KomakiPCA5NoDevice-os-app-4": 236,
          "KomakiPCA5NoDevice-os-channel-0": 172,
          "KomakiPCA5NoDevice-os-channel-1": 256,
          "KomakiPCA5NoDevice-os-channel-2": 176,
          "KomakiPCA5NoDevice-os-channel-3": 135,
          "KomakiPCA5NoDevice-os-channel-4": 153,
          "KomakiPCA5NoDevice-channel-ip-0": 336,
          "KomakiPCA5NoDevice-channel-ip-1": 280,
          "KomakiPCA5NoDevice-channel-ip-2": 267,
          "KomakiPCA5NoDevice-channel-ip-3": 220,
          "KomakiPCA5NoDevice-channel-ip-4": 319,
          "KomakiPCA5NoDevice-channel-app-0": 295,
          "KomakiPCA5NoDevice-channel-app-1": 178,
          "KomakiPCA5NoDevice-channel-app-2": 204,
          "KomakiPCA5NoDevice-channel-app-3": 174,
          "KomakiPCA5NoDevice-channel-app-4": 220,
          "KomakiPCA5NoDevice-channel-os-0": 241,
          "KomakiPCA5NoDevice-channel-os-1": 245,
          "KomakiPCA5NoDevice-channel-os-2": 184,
          "KomakiPCA5NoDevice-channel-os-3": 214,
          "KomakiPCA5NoDevice-channel-os-4": 231
        }
      },
      {
        "train_auc": 0.994481508569321,
        "valid_auc": 0.9849063231392371,
        "best_iteration": 632,
        "train_time": 482.3357512950897,
        "feature_importance": {
          "app": 3402,
          "hour": 3626,
          "n_channels": 1087,
          "ip_app_count": 993,
          "ip_app_os_count": 1180,
          "FutureClickCount_600-ip": 598,
          "FutureClickCount_600-app": 464,
          "FutureClickCount_600-ip-app": 204,
          "FutureClickCount_600-dev": 276,
          "FutureClickCount_600-ip-dev": 527,
          "FutureClickCount_600-app-dev": 415,
          "FutureClickCount_600-ip-app-dev": 206,
          "FutureClickCount_600-os": 354,
          "FutureClickCount_600-ip-os": 463,
          "FutureClickCount_600-app-os": 520,
          "FutureClickCount_600-ip-app-os": 230,
          "FutureClickCount_600-dev-os": 597,
          "FutureClickCount_600-ip-dev-os": 422,
          "FutureClickCount_600-app-dev-os": 623,
          "FutureClickCount_600-ip-app-dev-os": 372,
          "FutureClickCount_600-cha": 482,
          "FutureClickCount_600-ip-cha": 141,
          "FutureClickCount_600-app-cha": 553,
          "FutureClickCount_600-ip-app-cha": 81,
          "FutureClickCount_600-dev-cha": 342,
          "FutureClickCount_600-ip-dev-cha": 126,
          "FutureClickCount_600-app-dev-cha": 386,
          "FutureClickCount_600-ip-app-dev-cha": 121,
          "FutureClickCount_600-os-cha": 335,
          "FutureClickCount_600-ip-os-cha": 93,
          "FutureClickCount_600-app-os-cha": 357,
          "FutureClickCount_600-ip-app-os-cha": 102,
          "FutureClickCount_600-dev-os-cha": 341,
          "FutureClickCount_600-ip-dev-os-cha": 77,
          "FutureClickCount_600-app-dev-os-cha": 355,
          "FutureClickCount_600-ip-app-dev-os-cha": 97,
          "FutureClickCount_4800-ip": 803,
          "FutureClickCount_4800-app": 386,
          "FutureClickCount_4800-ip-app": 368,
          "FutureClickCount_4800-dev": 74,
          "FutureClickCount_4800-ip-dev": 1070,
          "FutureClickCount_4800-app-dev": 196,
          "FutureClickCount_4800-ip-app-dev": 282,
          "FutureClickCount_4800-os": 166,
          "FutureClickCount_4800-ip-os": 588,
          "FutureClickCount_4800-app-os": 376,
          "FutureClickCount_4800-ip-app-os": 343,
          "FutureClickCount_4800-dev-os": 208,
          "FutureClickCount_4800-ip-dev-os": 784,
          "FutureClickCount_4800-app-dev-os": 505,
          "FutureClickCount_4800-ip-app-dev-os": 392,
          "FutureClickCount_4800-cha": 308,
          "FutureClickCount_4800-ip-cha": 233,
          "FutureClickCount_4800-app-cha": 603,
          "FutureClickCount_4800-ip-app-cha": 177,
          "FutureClickCount_4800-dev-cha": 265,
          "FutureClickCount_4800-ip-dev-cha": 196,
          "FutureClickCount_4800-app-dev-cha": 317,
          "FutureClickCount_4800-ip-app-dev-cha": 164,
          "FutureClickCount_4800-os-cha": 322,
          "FutureClickCount_4800-ip-os-cha": 141,
          "FutureClickCount_4800-app-os-cha": 330,
          "FutureClickCount_4800-ip-app-os-cha": 108,
          "FutureClickCount_4800-dev-os-cha": 344,
          "FutureClickCount_4800-ip-dev-os-cha": 101,
          "FutureClickCount_4800-app-dev-os-cha": 347,
          "FutureClickCount_4800-ip-app-dev-os-cha": 107,
          "NextClickTimeDelta-ip": 774,
          "NextClickTimeDelta-app": 146,
          "NextClickTimeDelta-ip-app": 936,
          "NextClickTimeDelta-dev": 87,
          "NextClickTimeDelta-ip-dev": 525,
          "NextClickTimeDelta-app-dev": 111,
          "NextClickTimeDelta-ip-app-dev": 625,
          "NextClickTimeDelta-os": 100,
          "NextClickTimeDelta-ip-os": 680,
          "NextClickTimeDelta-app-os": 216,
          "NextClickTimeDelta-ip-app-os": 1525,
          "NextClickTimeDelta-dev-os": 91,
          "NextClickTimeDelta-ip-dev-os": 475,
          "NextClickTimeDelta-app-dev-os": 178,
          "NextClickTimeDelta-ip-app-dev-os": 2355,
          "NextClickTimeDelta-cha": 159,
          "NextClickTimeDelta-ip-cha": 555,
          "NextClickTimeDelta-app-cha": 249,
          "NextClickTimeDelta-ip-app-cha": 464,
          "NextClickTimeDelta-dev-cha": 96,
          "NextClickTimeDelta-ip-dev-cha": 427,
          "NextClickTimeDelta-app-dev-cha": 160,
          "NextClickTimeDelta-ip-app-dev-cha": 388,
          "NextClickTimeDelta-os-cha": 272,
          "NextClickTimeDelta-ip-os-cha": 369,
          "NextClickTimeDelta-app-os-cha": 336,
          "NextClickTimeDelta-ip-app-os-cha": 452,
          "NextClickTimeDelta-dev-os-cha": 208,
          "NextClickTimeDelta-ip-dev-os-cha": 355,
          "NextClickTimeDelta-app-dev-os-cha": 249,
          "NextClickTimeDelta-ip-app-dev-os-cha": 584,
          "PrevClickTimeDelta-ip": 603,
          "PrevClickTimeDelta-app": 121,
          "PrevClickTimeDelta-ip-app": 452,
          "PrevClickTimeDelta-dev": 61,
          "PrevClickTimeDelta-ip-dev": 429,
          "PrevClickTimeDelta-app-dev": 107,
          "PrevClickTimeDelta-ip-app-dev": 302,
          "PrevClickTimeDelta-os": 144,
          "PrevClickTimeDelta-ip-os": 524,
          "PrevClickTimeDelta-app-os": 242,
          "PrevClickTimeDelta-ip-app-os": 403,
          "PrevClickTimeDelta-dev-os": 94,
          "PrevClickTimeDelta-ip-dev-os": 366,
          "PrevClickTimeDelta-app-dev-os": 183,
          "PrevClickTimeDelta-ip-app-dev-os": 369,
          "PrevClickTimeDelta-cha": 115,
          "PrevClickTimeDelta-ip-cha": 397,
          "PrevClickTimeDelta-app-cha": 199,
          "PrevClickTimeDelta-ip-app-cha": 292,
          "PrevClickTimeDelta-dev-cha": 153,
          "PrevClickTimeDelta-ip-dev-cha": 310,
          "PrevClickTimeDelta-app-dev-cha": 139,
          "PrevClickTimeDelta-ip-app-dev-cha": 284,
          "PrevClickTimeDelta-os-cha": 302,
          "PrevClickTimeDelta-ip-os-cha": 328,
          "PrevClickTimeDelta-app-os-cha": 253,
          "PrevClickTimeDelta-ip-app-os-cha": 276,
          "PrevClickTimeDelta-dev-os-cha": 201,
          "PrevClickTimeDelta-ip-dev-os-cha": 184,
          "PrevClickTimeDelta-app-dev-os-cha": 218,
          "PrevClickTimeDelta-ip-app-dev-os-cha": 191,
          "AverageAttributedRatio-ip": 472,
          "AverageAttributedRatio-app": 505,
          "AverageAttributedRatio-ip-app": 348,
          "AverageAttributedRatio-dev": 656,
          "AverageAttributedRatio-ip-dev": 477,
          "AverageAttributedRatio-app-dev": 287,
          "AverageAttributedRatio-ip-app-dev": 468,
          "AverageAttributedRatio-os": 423,
          "AverageAttributedRatio-ip-os": 344,
          "AverageAttributedRatio-app-os": 405,
          "AverageAttributedRatio-ip-app-os": 153,
          "AverageAttributedRatio-dev-os": 365,
          "AverageAttributedRatio-ip-dev-os": 315,
          "AverageAttributedRatio-app-dev-os": 415,
          "AverageAttributedRatio-ip-app-dev-os": 112,
          "AverageAttributedRatio-cha": 336,
          "AverageAttributedRatio-ip-cha": 225,
          "AverageAttributedRatio-app-cha": 338,
          "AverageAttributedRatio-ip-app-cha": 158,
          "AverageAttributedRatio-dev-cha": 243,
          "AverageAttributedRatio-ip-dev-cha": 168,
          "AverageAttributedRatio-app-dev-cha": 312,
          "AverageAttributedRatio-ip-app-dev-cha": 118,
          "AverageAttributedRatio-os-cha": 331,
          "AverageAttributedRatio-ip-os-cha": 88,
          "AverageAttributedRatio-app-os-cha": 456,
          "AverageAttributedRatio-ip-app-os-cha": 66,
          "AverageAttributedRatio-dev-os-cha": 305,
          "AverageAttributedRatio-ip-dev-os-cha": 79,
          "AverageAttributedRatio-app-dev-os-cha": 379,
          "AverageAttributedRatio-ip-app-dev-os-cha": 46,
          "KomakiLDA5NoDevice-ip-app-0": 1048,
          "KomakiLDA5NoDevice-ip-app-1": 1064,
          "KomakiLDA5NoDevice-ip-app-2": 1212,
          "KomakiLDA5NoDevice-ip-app-3": 671,
          "KomakiLDA5NoDevice-ip-app-4": 596,
          "KomakiLDA5NoDevice-ip-os-0": 972,
          "KomakiLDA5NoDevice-ip-os-1": 999,
          "KomakiLDA5NoDevice-ip-os-2": 605,
          "KomakiLDA5NoDevice-ip-os-3": 791,
          "KomakiLDA5NoDevice-ip-os-4": 898,
          "KomakiLDA5NoDevice-ip-channel-0": 944,
          "KomakiLDA5NoDevice-ip-channel-1": 803,
          "KomakiLDA5NoDevice-ip-channel-2": 1025,
          "KomakiLDA5NoDevice-ip-channel-3": 1109,
          "KomakiLDA5NoDevice-ip-channel-4": 1133,
          "KomakiLDA5NoDevice-app-ip-0": 275,
          "KomakiLDA5NoDevice-app-ip-1": 228,
          "KomakiLDA5NoDevice-app-ip-2": 206,
          "KomakiLDA5NoDevice-app-ip-3": 252,
          "KomakiLDA5NoDevice-app-ip-4": 154,
          "KomakiLDA5NoDevice-app-os-0": 149,
          "KomakiLDA5NoDevice-app-os-1": 215,
          "KomakiLDA5NoDevice-app-os-2": 139,
          "KomakiLDA5NoDevice-app-os-3": 149,
          "KomakiLDA5NoDevice-app-os-4": 178,
          "KomakiLDA5NoDevice-app-channel-0": 147,
          "KomakiLDA5NoDevice-app-channel-1": 184,
          "KomakiLDA5NoDevice-app-channel-2": 243,
          "KomakiLDA5NoDevice-app-channel-3": 187,
          "KomakiLDA5NoDevice-app-channel-4": 93,
          "KomakiLDA5NoDevice-os-ip-0": 330,
          "KomakiLDA5NoDevice-os-ip-1": 264,
          "KomakiLDA5NoDevice-os-ip-2": 240,
          "KomakiLDA5NoDevice-os-ip-3": 183,
          "KomakiLDA5NoDevice-os-ip-4": 218,
          "KomakiLDA5NoDevice-os-app-0": 303,
          "KomakiLDA5NoDevice-os-app-1": 304,
          "KomakiLDA5NoDevice-os-app-2": 118,
          "KomakiLDA5NoDevice-os-app-3": 213,
          "KomakiLDA5NoDevice-os-app-4": 115,
          "KomakiLDA5NoDevice-os-channel-0": 286,
          "KomakiLDA5NoDevice-os-channel-1": 114,
          "KomakiLDA5NoDevice-os-channel-2": 213,
          "KomakiLDA5NoDevice-os-channel-3": 256,
          "KomakiLDA5NoDevice-os-channel-4": 188,
          "KomakiLDA5NoDevice-channel-ip-0": 224,
          "KomakiLDA5NoDevice-channel-ip-1": 298,
          "KomakiLDA5NoDevice-channel-ip-2": 220,
          "KomakiLDA5NoDevice-channel-ip-3": 316,
          "KomakiLDA5NoDevice-channel-ip-4": 226,
          "KomakiLDA5NoDevice-channel-app-0": 260,
          "KomakiLDA5NoDevice-channel-app-1": 226,
          "KomakiLDA5NoDevice-channel-app-2": 257,
          "KomakiLDA5NoDevice-channel-app-3": 255,
          "KomakiLDA5NoDevice-channel-app-4": 204,
          "KomakiLDA5NoDevice-channel-os-0": 244,
          "KomakiLDA5NoDevice-channel-os-1": 277,
          "KomakiLDA5NoDevice-channel-os-2": 295,
          "KomakiLDA5NoDevice-channel-os-3": 240,
          "KomakiLDA5NoDevice-channel-os-4": 267,
          "KomakiNMF5NoDevice-ip-app-0": 538,
          "KomakiNMF5NoDevice-ip-app-1": 937,
          "KomakiNMF5NoDevice-ip-app-2": 707,
          "KomakiNMF5NoDevice-ip-app-3": 512,
          "KomakiNMF5NoDevice-ip-app-4": 642,
          "KomakiNMF5NoDevice-ip-os-0": 842,
          "KomakiNMF5NoDevice-ip-os-1": 851,
          "KomakiNMF5NoDevice-ip-os-2": 685,
          "KomakiNMF5NoDevice-ip-os-3": 788,
          "KomakiNMF5NoDevice-ip-os-4": 730,
          "KomakiNMF5NoDevice-ip-channel-0": 773,
          "KomakiNMF5NoDevice-ip-channel-1": 1118,
          "KomakiNMF5NoDevice-ip-channel-2": 583,
          "KomakiNMF5NoDevice-ip-channel-3": 860,
          "KomakiNMF5NoDevice-ip-channel-4": 731,
          "KomakiNMF5NoDevice-app-ip-0": 162,
          "KomakiNMF5NoDevice-app-ip-1": 130,
          "KomakiNMF5NoDevice-app-ip-2": 126,
          "KomakiNMF5NoDevice-app-ip-3": 117,
          "KomakiNMF5NoDevice-app-ip-4": 97,
          "KomakiNMF5NoDevice-app-os-0": 55,
          "KomakiNMF5NoDevice-app-os-1": 123,
          "KomakiNMF5NoDevice-app-os-2": 84,
          "KomakiNMF5NoDevice-app-os-3": 35,
          "KomakiNMF5NoDevice-app-os-4": 57,
          "KomakiNMF5NoDevice-app-channel-0": 100,
          "KomakiNMF5NoDevice-app-channel-1": 103,
          "KomakiNMF5NoDevice-app-channel-2": 105,
          "KomakiNMF5NoDevice-app-channel-3": 134,
          "KomakiNMF5NoDevice-app-channel-4": 110,
          "KomakiNMF5NoDevice-os-ip-0": 131,
          "KomakiNMF5NoDevice-os-ip-1": 162,
          "KomakiNMF5NoDevice-os-ip-2": 113,
          "KomakiNMF5NoDevice-os-ip-3": 169,
          "KomakiNMF5NoDevice-os-ip-4": 121,
          "KomakiNMF5NoDevice-os-app-0": 78,
          "KomakiNMF5NoDevice-os-app-1": 13,
          "KomakiNMF5NoDevice-os-app-2": 114,
          "KomakiNMF5NoDevice-os-app-3": 204,
          "KomakiNMF5NoDevice-os-app-4": 123,
          "KomakiNMF5NoDevice-os-channel-0": 258,
          "KomakiNMF5NoDevice-os-channel-1": 118,
          "KomakiNMF5NoDevice-os-channel-2": 227,
          "KomakiNMF5NoDevice-os-channel-3": 255,
          "KomakiNMF5NoDevice-os-channel-4": 149,
          "KomakiNMF5NoDevice-channel-ip-0": 296,
          "KomakiNMF5NoDevice-channel-ip-1": 189,
          "KomakiNMF5NoDevice-channel-ip-2": 190,
          "KomakiNMF5NoDevice-channel-ip-3": 264,
          "KomakiNMF5NoDevice-channel-ip-4": 254,
          "KomakiNMF5NoDevice-channel-app-0": 137,
          "KomakiNMF5NoDevice-channel-app-1": 63,
          "KomakiNMF5NoDevice-channel-app-2": 122,
          "KomakiNMF5NoDevice-channel-app-3": 128,
          "KomakiNMF5NoDevice-channel-app-4": 201,
          "KomakiNMF5NoDevice-channel-os-0": 241,
          "KomakiNMF5NoDevice-channel-os-1": 73,
          "KomakiNMF5NoDevice-channel-os-2": 222,
          "KomakiNMF5NoDevice-channel-os-3": 104,
          "KomakiNMF5NoDevice-channel-os-4": 253,
          "KomakiPCA5NoDevice-ip-app-0": 880,
          "KomakiPCA5NoDevice-ip-app-1": 729,
          "KomakiPCA5NoDevice-ip-app-2": 760,
          "KomakiPCA5NoDevice-ip-app-3": 543,
          "KomakiPCA5NoDevice-ip-app-4": 863,
          "KomakiPCA5NoDevice-ip-os-0": 1018,
          "KomakiPCA5NoDevice-ip-os-1": 605,
          "KomakiPCA5NoDevice-ip-os-2": 714,
          "KomakiPCA5NoDevice-ip-os-3": 576,
          "KomakiPCA5NoDevice-ip-os-4": 835,
          "KomakiPCA5NoDevice-ip-channel-0": 1072,
          "KomakiPCA5NoDevice-ip-channel-1": 761,
          "KomakiPCA5NoDevice-ip-channel-2": 756,
          "KomakiPCA5NoDevice-ip-channel-3": 795,
          "KomakiPCA5NoDevice-ip-channel-4": 799,
          "KomakiPCA5NoDevice-app-ip-0": 93,
          "KomakiPCA5NoDevice-app-ip-1": 101,
          "KomakiPCA5NoDevice-app-ip-2": 106,
          "KomakiPCA5NoDevice-app-ip-3": 148,
          "KomakiPCA5NoDevice-app-ip-4": 101,
          "KomakiPCA5NoDevice-app-os-0": 128,
          "KomakiPCA5NoDevice-app-os-1": 86,
          "KomakiPCA5NoDevice-app-os-2": 127,
          "KomakiPCA5NoDevice-app-os-3": 146,
          "KomakiPCA5NoDevice-app-os-4": 96,
          "KomakiPCA5NoDevice-app-channel-0": 114,
          "KomakiPCA5NoDevice-app-channel-1": 124,
          "KomakiPCA5NoDevice-app-channel-2": 86,
          "KomakiPCA5NoDevice-app-channel-3": 108,
          "KomakiPCA5NoDevice-app-channel-4": 119,
          "KomakiPCA5NoDevice-os-ip-0": 64,
          "KomakiPCA5NoDevice-os-ip-1": 120,
          "KomakiPCA5NoDevice-os-ip-2": 155,
          "KomakiPCA5NoDevice-os-ip-3": 168,
          "KomakiPCA5NoDevice-os-ip-4": 166,
          "KomakiPCA5NoDevice-os-app-0": 170,
          "KomakiPCA5NoDevice-os-app-1": 125,
          "KomakiPCA5NoDevice-os-app-2": 103,
          "KomakiPCA5NoDevice-os-app-3": 163,
          "KomakiPCA5NoDevice-os-app-4": 216,
          "KomakiPCA5NoDevice-os-channel-0": 143,
          "KomakiPCA5NoDevice-os-channel-1": 199,
          "KomakiPCA5NoDevice-os-channel-2": 113,
          "KomakiPCA5NoDevice-os-channel-3": 114,
          "KomakiPCA5NoDevice-os-channel-4": 123,
          "KomakiPCA5NoDevice-channel-ip-0": 265,
          "KomakiPCA5NoDevice-channel-ip-1": 219,
          "KomakiPCA5NoDevice-channel-ip-2": 221,
          "KomakiPCA5NoDevice-channel-ip-3": 237,
          "KomakiPCA5NoDevice-channel-ip-4": 304,
          "KomakiPCA5NoDevice-channel-app-0": 225,
          "KomakiPCA5NoDevice-channel-app-1": 138,
          "KomakiPCA5NoDevice-channel-app-2": 173,
          "KomakiPCA5NoDevice-channel-app-3": 176,
          "KomakiPCA5NoDevice-channel-app-4": 202,
          "KomakiPCA5NoDevice-channel-os-0": 173,
          "KomakiPCA5NoDevice-channel-os-1": 188,
          "KomakiPCA5NoDevice-channel-os-2": 170,
          "KomakiPCA5NoDevice-channel-os-3": 222,
          "KomakiPCA5NoDevice-channel-os-4": 250
        }
      }
    ],
    "average_train_auc": 0.9948012220671325,
    "average_valid_auc": 0.9848378987358014,
    "train_auc_std": 0.0003253818450822818,
    "valid_auc_std": 8.092370305778976e-05,
    "average_train_time": 513.856793832779
  },
  "config": {
    "features": [
      "app",
      "hour",
      "count",
      "future_click_count_10",
      "future_click_count_80",
      "next_click_time_delta",
      "prev_click_time_delta",
      "average_attributed_ratio",
      "komaki_lda_5_no_device",
      "komaki_nmf_5_no_device",
      "komaki_pca_5_no_device"
    ],
    "model": {
      "name": "lightgbm",
      "model_params": {
        "boosting_type": "gbdt",
        "objective": "binary",
        "metric": "auc",
        "learning_rate": 0.03,
        "num_leaves": 255,
        "max_depth": 8,
        "min_child_samples": 10,
        "max_bin": 100,
        "subsample": 0.7,
        "subsample_freq": 1,
        "colsample_bytree": 0.7,
        "min_child_weight": 0,
        "subsample_for_bin": 200000,
        "min_split_gain": 0,
        "reg_alpha": 0,
        "reg_lambda": 0,
        "verbose": 0
      },
      "train_params": {
        "num_boost_round": 1000,
        "early_stopping_rounds": 30
      }
    },
    "dataset": {
      "input_directory": "data/input/",
      "cache_directory": "data/working/",
      "validation_ratio": 0.33333333333,
      "full_data_train": true,
      "files": {
        "train": "train.feather",
        "test": "old_test.feather"
      },
      "negative_down_sampling": {
        "enabled": true,
        "bagging_size": 5,
        "random_state": 114514
      }
    },
    "note": "45 - user-item & item-user"
  }
}