{
  "training": {
    "trials": [
      {
        "train_auc": 0.990707082195402,
        "valid_auc": 0.9836298887907897,
        "best_iteration": 293,
        "train_time": 239.50582146644592,
        "feature_importance": {
          "ip": 1691,
          "os": 845,
          "app": 1021,
          "channel": 1598,
          "hour": 1259,
          "n_channels": 787,
          "ip_app_count": 744,
          "ip_app_os_count": 615,
          "FutureClickCount_600-ip": 413,
          "FutureClickCount_600-app": 267,
          "FutureClickCount_600-ip-app": 92,
          "FutureClickCount_600-dev": 196,
          "FutureClickCount_600-ip-dev": 279,
          "FutureClickCount_600-app-dev": 271,
          "FutureClickCount_600-ip-app-dev": 101,
          "FutureClickCount_600-os": 182,
          "FutureClickCount_600-ip-os": 194,
          "FutureClickCount_600-app-os": 230,
          "FutureClickCount_600-ip-app-os": 182,
          "FutureClickCount_600-dev-os": 499,
          "FutureClickCount_600-ip-dev-os": 184,
          "FutureClickCount_600-app-dev-os": 333,
          "FutureClickCount_600-ip-app-dev-os": 234,
          "FutureClickCount_600-cha": 257,
          "FutureClickCount_600-ip-cha": 62,
          "FutureClickCount_600-app-cha": 419,
          "FutureClickCount_600-ip-app-cha": 35,
          "FutureClickCount_600-dev-cha": 188,
          "FutureClickCount_600-ip-dev-cha": 61,
          "FutureClickCount_600-app-dev-cha": 237,
          "FutureClickCount_600-ip-app-dev-cha": 42,
          "FutureClickCount_600-os-cha": 170,
          "FutureClickCount_600-ip-os-cha": 47,
          "FutureClickCount_600-app-os-cha": 174,
          "FutureClickCount_600-ip-app-os-cha": 50,
          "FutureClickCount_600-dev-os-cha": 184,
          "FutureClickCount_600-ip-dev-os-cha": 39,
          "FutureClickCount_600-app-dev-os-cha": 130,
          "FutureClickCount_600-ip-app-dev-os-cha": 65,
          "FutureClickCount_4800-ip": 737,
          "FutureClickCount_4800-app": 175,
          "FutureClickCount_4800-ip-app": 193,
          "FutureClickCount_4800-dev": 62,
          "FutureClickCount_4800-ip-dev": 780,
          "FutureClickCount_4800-app-dev": 117,
          "FutureClickCount_4800-ip-app-dev": 127,
          "FutureClickCount_4800-os": 99,
          "FutureClickCount_4800-ip-os": 323,
          "FutureClickCount_4800-app-os": 211,
          "FutureClickCount_4800-ip-app-os": 179,
          "FutureClickCount_4800-dev-os": 159,
          "FutureClickCount_4800-ip-dev-os": 451,
          "FutureClickCount_4800-app-dev-os": 367,
          "FutureClickCount_4800-ip-app-dev-os": 236,
          "FutureClickCount_4800-cha": 147,
          "FutureClickCount_4800-ip-cha": 123,
          "FutureClickCount_4800-app-cha": 319,
          "FutureClickCount_4800-ip-app-cha": 86,
          "FutureClickCount_4800-dev-cha": 123,
          "FutureClickCount_4800-ip-dev-cha": 96,
          "FutureClickCount_4800-app-dev-cha": 183,
          "FutureClickCount_4800-ip-app-dev-cha": 63,
          "FutureClickCount_4800-os-cha": 136,
          "FutureClickCount_4800-ip-os-cha": 49,
          "FutureClickCount_4800-app-os-cha": 179,
          "FutureClickCount_4800-ip-app-os-cha": 50,
          "FutureClickCount_4800-dev-os-cha": 168,
          "FutureClickCount_4800-ip-dev-os-cha": 57,
          "FutureClickCount_4800-app-dev-os-cha": 177,
          "FutureClickCount_4800-ip-app-dev-os-cha": 37,
          "NextClickTimeDelta-ip": 485,
          "NextClickTimeDelta-app": 62,
          "NextClickTimeDelta-ip-app": 644,
          "NextClickTimeDelta-dev": 36,
          "NextClickTimeDelta-ip-dev": 324,
          "NextClickTimeDelta-app-dev": 39,
          "NextClickTimeDelta-ip-app-dev": 382,
          "NextClickTimeDelta-os": 55,
          "NextClickTimeDelta-ip-os": 340,
          "NextClickTimeDelta-app-os": 119,
          "NextClickTimeDelta-ip-app-os": 1184,
          "NextClickTimeDelta-dev-os": 62,
          "NextClickTimeDelta-ip-dev-os": 263,
          "NextClickTimeDelta-app-dev-os": 74,
          "NextClickTimeDelta-ip-app-dev-os": 1798,
          "NextClickTimeDelta-cha": 71,
          "NextClickTimeDelta-ip-cha": 238,
          "NextClickTimeDelta-app-cha": 110,
          "NextClickTimeDelta-ip-app-cha": 287,
          "NextClickTimeDelta-dev-cha": 61,
          "NextClickTimeDelta-ip-dev-cha": 155,
          "NextClickTimeDelta-app-dev-cha": 62,
          "NextClickTimeDelta-ip-app-dev-cha": 183,
          "NextClickTimeDelta-os-cha": 106,
          "NextClickTimeDelta-ip-os-cha": 198,
          "NextClickTimeDelta-app-os-cha": 132,
          "NextClickTimeDelta-ip-app-os-cha": 313,
          "NextClickTimeDelta-dev-os-cha": 89,
          "NextClickTimeDelta-ip-dev-os-cha": 176,
          "NextClickTimeDelta-app-dev-os-cha": 128,
          "NextClickTimeDelta-ip-app-dev-os-cha": 354,
          "PrevClickTimeDelta-ip": 357,
          "PrevClickTimeDelta-app": 53,
          "PrevClickTimeDelta-ip-app": 174,
          "PrevClickTimeDelta-dev": 50,
          "PrevClickTimeDelta-ip-dev": 221,
          "PrevClickTimeDelta-app-dev": 37,
          "PrevClickTimeDelta-ip-app-dev": 172,
          "PrevClickTimeDelta-os": 44,
          "PrevClickTimeDelta-ip-os": 271,
          "PrevClickTimeDelta-app-os": 94,
          "PrevClickTimeDelta-ip-app-os": 181,
          "PrevClickTimeDelta-dev-os": 40,
          "PrevClickTimeDelta-ip-dev-os": 140,
          "PrevClickTimeDelta-app-dev-os": 78,
          "PrevClickTimeDelta-ip-app-dev-os": 145,
          "PrevClickTimeDelta-cha": 52,
          "PrevClickTimeDelta-ip-cha": 232,
          "PrevClickTimeDelta-app-cha": 97,
          "PrevClickTimeDelta-ip-app-cha": 131,
          "PrevClickTimeDelta-dev-cha": 58,
          "PrevClickTimeDelta-ip-dev-cha": 129,
          "PrevClickTimeDelta-app-dev-cha": 63,
          "PrevClickTimeDelta-ip-app-dev-cha": 109,
          "PrevClickTimeDelta-os-cha": 91,
          "PrevClickTimeDelta-ip-os-cha": 140,
          "PrevClickTimeDelta-app-os-cha": 95,
          "PrevClickTimeDelta-ip-app-os-cha": 71,
          "PrevClickTimeDelta-dev-os-cha": 113,
          "PrevClickTimeDelta-ip-dev-os-cha": 77,
          "PrevClickTimeDelta-app-dev-os-cha": 101,
          "PrevClickTimeDelta-ip-app-dev-os-cha": 51,
          "AverageAttributedRatio-ip": 160,
          "AverageAttributedRatio-app": 191,
          "AverageAttributedRatio-ip-app": 191,
          "AverageAttributedRatio-dev": 304,
          "AverageAttributedRatio-ip-dev": 133,
          "AverageAttributedRatio-app-dev": 155,
          "AverageAttributedRatio-ip-app-dev": 238,
          "AverageAttributedRatio-os": 147,
          "AverageAttributedRatio-ip-os": 94,
          "AverageAttributedRatio-app-os": 210,
          "AverageAttributedRatio-ip-app-os": 46,
          "AverageAttributedRatio-dev-os": 125,
          "AverageAttributedRatio-ip-dev-os": 85,
          "AverageAttributedRatio-app-dev-os": 239,
          "AverageAttributedRatio-ip-app-dev-os": 40,
          "AverageAttributedRatio-cha": 137,
          "AverageAttributedRatio-ip-cha": 57,
          "AverageAttributedRatio-app-cha": 186,
          "AverageAttributedRatio-ip-app-cha": 37,
          "AverageAttributedRatio-dev-cha": 84,
          "AverageAttributedRatio-ip-dev-cha": 52,
          "AverageAttributedRatio-app-dev-cha": 173,
          "AverageAttributedRatio-ip-app-dev-cha": 46,
          "AverageAttributedRatio-os-cha": 156,
          "AverageAttributedRatio-ip-os-cha": 32,
          "AverageAttributedRatio-app-os-cha": 265,
          "AverageAttributedRatio-ip-app-os-cha": 25,
          "AverageAttributedRatio-dev-os-cha": 142,
          "AverageAttributedRatio-ip-dev-os-cha": 26,
          "AverageAttributedRatio-app-dev-os-cha": 259,
          "AverageAttributedRatio-ip-app-dev-os-cha": 13,
          "MedianAttributeTimePast-ip": 119,
          "MedianAttributeTimePast-app": 216,
          "MedianAttributeTimePast-ip-app": 70,
          "MedianAttributeTimePast-dev": 273,
          "MedianAttributeTimePast-ip-dev": 130,
          "MedianAttributeTimePast-app-dev": 272,
          "MedianAttributeTimePast-ip-app-dev": 77,
          "MedianAttributeTimePast-os": 247,
          "MedianAttributeTimePast-ip-os": 67,
          "MedianAttributeTimePast-app-os": 215,
          "MedianAttributeTimePast-ip-app-os": 26,
          "MedianAttributeTimePast-dev-os": 195,
          "MedianAttributeTimePast-ip-dev-os": 67,
          "MedianAttributeTimePast-app-dev-os": 184,
          "MedianAttributeTimePast-ip-app-dev-os": 37,
          "MedianAttributeTimePast-cha": 215,
          "MedianAttributeTimePast-ip-cha": 51,
          "MedianAttributeTimePast-app-cha": 236,
          "MedianAttributeTimePast-ip-app-cha": 31,
          "MedianAttributeTimePast-dev-cha": 184,
          "MedianAttributeTimePast-ip-dev-cha": 49,
          "MedianAttributeTimePast-app-dev-cha": 219,
          "MedianAttributeTimePast-ip-app-dev-cha": 33,
          "MedianAttributeTimePast-os-cha": 155,
          "MedianAttributeTimePast-ip-os-cha": 9,
          "MedianAttributeTimePast-app-os-cha": 167,
          "MedianAttributeTimePast-ip-app-os-cha": 15,
          "MedianAttributeTimePast-dev-os-cha": 150,
          "MedianAttributeTimePast-ip-dev-os-cha": 13,
          "MedianAttributeTimePast-app-dev-os-cha": 208,
          "MedianAttributeTimePast-ip-app-dev-os-cha": 10,
          "KomakiLDA5NoDevice-ip-app-0": 868,
          "KomakiLDA5NoDevice-ip-app-1": 730,
          "KomakiLDA5NoDevice-ip-app-2": 494,
          "KomakiLDA5NoDevice-ip-app-3": 406,
          "KomakiLDA5NoDevice-ip-app-4": 412,
          "KomakiLDA5NoDevice-ip-os-0": 380,
          "KomakiLDA5NoDevice-ip-os-1": 437,
          "KomakiLDA5NoDevice-ip-os-2": 513,
          "KomakiLDA5NoDevice-ip-os-3": 372,
          "KomakiLDA5NoDevice-ip-os-4": 329,
          "KomakiLDA5NoDevice-ip-channel-0": 433,
          "KomakiLDA5NoDevice-ip-channel-1": 581,
          "KomakiLDA5NoDevice-ip-channel-2": 536,
          "KomakiLDA5NoDevice-ip-channel-3": 569,
          "KomakiLDA5NoDevice-ip-channel-4": 698,
          "KomakiLDA5NoDevice-app-ip-0": 327,
          "KomakiLDA5NoDevice-app-ip-1": 233,
          "KomakiLDA5NoDevice-app-ip-2": 203,
          "KomakiLDA5NoDevice-app-ip-3": 256,
          "KomakiLDA5NoDevice-app-ip-4": 174,
          "KomakiLDA5NoDevice-app-os-0": 166,
          "KomakiLDA5NoDevice-app-os-1": 250,
          "KomakiLDA5NoDevice-app-os-2": 173,
          "KomakiLDA5NoDevice-app-os-3": 130,
          "KomakiLDA5NoDevice-app-os-4": 287,
          "KomakiLDA5NoDevice-app-channel-0": 144,
          "KomakiLDA5NoDevice-app-channel-1": 193,
          "KomakiLDA5NoDevice-app-channel-2": 201,
          "KomakiLDA5NoDevice-app-channel-3": 217,
          "KomakiLDA5NoDevice-app-channel-4": 124,
          "KomakiLDA5NoDevice-os-ip-0": 235,
          "KomakiLDA5NoDevice-os-ip-1": 115,
          "KomakiLDA5NoDevice-os-ip-2": 138,
          "KomakiLDA5NoDevice-os-ip-3": 129,
          "KomakiLDA5NoDevice-os-ip-4": 138,
          "KomakiLDA5NoDevice-os-app-0": 297,
          "KomakiLDA5NoDevice-os-app-1": 214,
          "KomakiLDA5NoDevice-os-app-2": 101,
          "KomakiLDA5NoDevice-os-app-3": 213,
          "KomakiLDA5NoDevice-os-app-4": 130,
          "KomakiLDA5NoDevice-os-channel-0": 240,
          "KomakiLDA5NoDevice-os-channel-1": 132,
          "KomakiLDA5NoDevice-os-channel-2": 177,
          "KomakiLDA5NoDevice-os-channel-3": 191,
          "KomakiLDA5NoDevice-os-channel-4": 127,
          "KomakiLDA5NoDevice-channel-ip-0": 152,
          "KomakiLDA5NoDevice-channel-ip-1": 180,
          "KomakiLDA5NoDevice-channel-ip-2": 185,
          "KomakiLDA5NoDevice-channel-ip-3": 159,
          "KomakiLDA5NoDevice-channel-ip-4": 207,
          "KomakiLDA5NoDevice-channel-app-0": 182,
          "KomakiLDA5NoDevice-channel-app-1": 128,
          "KomakiLDA5NoDevice-channel-app-2": 184,
          "KomakiLDA5NoDevice-channel-app-3": 145,
          "KomakiLDA5NoDevice-channel-app-4": 135,
          "KomakiLDA5NoDevice-channel-os-0": 164,
          "KomakiLDA5NoDevice-channel-os-1": 211,
          "KomakiLDA5NoDevice-channel-os-2": 176,
          "KomakiLDA5NoDevice-channel-os-3": 178,
          "KomakiLDA5NoDevice-channel-os-4": 129
        }
      },
      {
        "train_auc": 0.9906124728558532,
        "valid_auc": 0.9835994984328447,
        "best_iteration": 293,
        "train_time": 240.5652871131897,
        "feature_importance": {
          "ip": 1678,
          "os": 854,
          "app": 1014,
          "channel": 1672,
          "hour": 1291,
          "n_channels": 797,
          "ip_app_count": 720,
          "ip_app_os_count": 647,
          "FutureClickCount_600-ip": 407,
          "FutureClickCount_600-app": 271,
          "FutureClickCount_600-ip-app": 124,
          "FutureClickCount_600-dev": 195,
          "FutureClickCount_600-ip-dev": 304,
          "FutureClickCount_600-app-dev": 291,
          "FutureClickCount_600-ip-app-dev": 89,
          "FutureClickCount_600-os": 195,
          "FutureClickCount_600-ip-os": 181,
          "FutureClickCount_600-app-os": 230,
          "FutureClickCount_600-ip-app-os": 184,
          "FutureClickCount_600-dev-os": 489,
          "FutureClickCount_600-ip-dev-os": 156,
          "FutureClickCount_600-app-dev-os": 390,
          "FutureClickCount_600-ip-app-dev-os": 253,
          "FutureClickCount_600-cha": 265,
          "FutureClickCount_600-ip-cha": 57,
          "FutureClickCount_600-app-cha": 478,
          "FutureClickCount_600-ip-app-cha": 54,
          "FutureClickCount_600-dev-cha": 202,
          "FutureClickCount_600-ip-dev-cha": 55,
          "FutureClickCount_600-app-dev-cha": 211,
          "FutureClickCount_600-ip-app-dev-cha": 43,
          "FutureClickCount_600-os-cha": 176,
          "FutureClickCount_600-ip-os-cha": 43,
          "FutureClickCount_600-app-os-cha": 196,
          "FutureClickCount_600-ip-app-os-cha": 35,
          "FutureClickCount_600-dev-os-cha": 180,
          "FutureClickCount_600-ip-dev-os-cha": 43,
          "FutureClickCount_600-app-dev-os-cha": 152,
          "FutureClickCount_600-ip-app-dev-os-cha": 39,
          "FutureClickCount_4800-ip": 703,
          "FutureClickCount_4800-app": 183,
          "FutureClickCount_4800-ip-app": 186,
          "FutureClickCount_4800-dev": 52,
          "FutureClickCount_4800-ip-dev": 742,
          "FutureClickCount_4800-app-dev": 131,
          "FutureClickCount_4800-ip-app-dev": 128,
          "FutureClickCount_4800-os": 88,
          "FutureClickCount_4800-ip-os": 341,
          "FutureClickCount_4800-app-os": 177,
          "FutureClickCount_4800-ip-app-os": 164,
          "FutureClickCount_4800-dev-os": 184,
          "FutureClickCount_4800-ip-dev-os": 453,
          "FutureClickCount_4800-app-dev-os": 349,
          "FutureClickCount_4800-ip-app-dev-os": 261,
          "FutureClickCount_4800-cha": 167,
          "FutureClickCount_4800-ip-cha": 126,
          "FutureClickCount_4800-app-cha": 301,
          "FutureClickCount_4800-ip-app-cha": 96,
          "FutureClickCount_4800-dev-cha": 113,
          "FutureClickCount_4800-ip-dev-cha": 94,
          "FutureClickCount_4800-app-dev-cha": 139,
          "FutureClickCount_4800-ip-app-dev-cha": 75,
          "FutureClickCount_4800-os-cha": 141,
          "FutureClickCount_4800-ip-os-cha": 59,
          "FutureClickCount_4800-app-os-cha": 181,
          "FutureClickCount_4800-ip-app-os-cha": 69,
          "FutureClickCount_4800-dev-os-cha": 176,
          "FutureClickCount_4800-ip-dev-os-cha": 57,
          "FutureClickCount_4800-app-dev-os-cha": 197,
          "FutureClickCount_4800-ip-app-dev-os-cha": 49,
          "NextClickTimeDelta-ip": 505,
          "NextClickTimeDelta-app": 58,
          "NextClickTimeDelta-ip-app": 616,
          "NextClickTimeDelta-dev": 36,
          "NextClickTimeDelta-ip-dev": 338,
          "NextClickTimeDelta-app-dev": 54,
          "NextClickTimeDelta-ip-app-dev": 354,
          "NextClickTimeDelta-os": 49,
          "NextClickTimeDelta-ip-os": 333,
          "NextClickTimeDelta-app-os": 103,
          "NextClickTimeDelta-ip-app-os": 1192,
          "NextClickTimeDelta-dev-os": 46,
          "NextClickTimeDelta-ip-dev-os": 246,
          "NextClickTimeDelta-app-dev-os": 98,
          "NextClickTimeDelta-ip-app-dev-os": 1773,
          "NextClickTimeDelta-cha": 69,
          "NextClickTimeDelta-ip-cha": 269,
          "NextClickTimeDelta-app-cha": 132,
          "NextClickTimeDelta-ip-app-cha": 277,
          "NextClickTimeDelta-dev-cha": 57,
          "NextClickTimeDelta-ip-dev-cha": 187,
          "NextClickTimeDelta-app-dev-cha": 78,
          "NextClickTimeDelta-ip-app-dev-cha": 180,
          "NextClickTimeDelta-os-cha": 112,
          "NextClickTimeDelta-ip-os-cha": 187,
          "NextClickTimeDelta-app-os-cha": 127,
          "NextClickTimeDelta-ip-app-os-cha": 292,
          "NextClickTimeDelta-dev-os-cha": 94,
          "NextClickTimeDelta-ip-dev-os-cha": 168,
          "NextClickTimeDelta-app-dev-os-cha": 105,
          "NextClickTimeDelta-ip-app-dev-os-cha": 348,
          "PrevClickTimeDelta-ip": 302,
          "PrevClickTimeDelta-app": 61,
          "PrevClickTimeDelta-ip-app": 205,
          "PrevClickTimeDelta-dev": 50,
          "PrevClickTimeDelta-ip-dev": 163,
          "PrevClickTimeDelta-app-dev": 60,
          "PrevClickTimeDelta-ip-app-dev": 134,
          "PrevClickTimeDelta-os": 71,
          "PrevClickTimeDelta-ip-os": 298,
          "PrevClickTimeDelta-app-os": 79,
          "PrevClickTimeDelta-ip-app-os": 187,
          "PrevClickTimeDelta-dev-os": 28,
          "PrevClickTimeDelta-ip-dev-os": 155,
          "PrevClickTimeDelta-app-dev-os": 75,
          "PrevClickTimeDelta-ip-app-dev-os": 151,
          "PrevClickTimeDelta-cha": 55,
          "PrevClickTimeDelta-ip-cha": 204,
          "PrevClickTimeDelta-app-cha": 78,
          "PrevClickTimeDelta-ip-app-cha": 156,
          "PrevClickTimeDelta-dev-cha": 55,
          "PrevClickTimeDelta-ip-dev-cha": 108,
          "PrevClickTimeDelta-app-dev-cha": 50,
          "PrevClickTimeDelta-ip-app-dev-cha": 104,
          "PrevClickTimeDelta-os-cha": 110,
          "PrevClickTimeDelta-ip-os-cha": 146,
          "PrevClickTimeDelta-app-os-cha": 111,
          "PrevClickTimeDelta-ip-app-os-cha": 91,
          "PrevClickTimeDelta-dev-os-cha": 87,
          "PrevClickTimeDelta-ip-dev-os-cha": 62,
          "PrevClickTimeDelta-app-dev-os-cha": 89,
          "PrevClickTimeDelta-ip-app-dev-os-cha": 75,
          "AverageAttributedRatio-ip": 130,
          "AverageAttributedRatio-app": 234,
          "AverageAttributedRatio-ip-app": 176,
          "AverageAttributedRatio-dev": 246,
          "AverageAttributedRatio-ip-dev": 126,
          "AverageAttributedRatio-app-dev": 161,
          "AverageAttributedRatio-ip-app-dev": 225,
          "AverageAttributedRatio-os": 138,
          "AverageAttributedRatio-ip-os": 127,
          "AverageAttributedRatio-app-os": 192,
          "AverageAttributedRatio-ip-app-os": 54,
          "AverageAttributedRatio-dev-os": 122,
          "AverageAttributedRatio-ip-dev-os": 109,
          "AverageAttributedRatio-app-dev-os": 232,
          "AverageAttributedRatio-ip-app-dev-os": 35,
          "AverageAttributedRatio-cha": 151,
          "AverageAttributedRatio-ip-cha": 66,
          "AverageAttributedRatio-app-cha": 202,
          "AverageAttributedRatio-ip-app-cha": 58,
          "AverageAttributedRatio-dev-cha": 95,
          "AverageAttributedRatio-ip-dev-cha": 62,
          "AverageAttributedRatio-app-dev-cha": 148,
          "AverageAttributedRatio-ip-app-dev-cha": 61,
          "AverageAttributedRatio-os-cha": 152,
          "AverageAttributedRatio-ip-os-cha": 20,
          "AverageAttributedRatio-app-os-cha": 278,
          "AverageAttributedRatio-ip-app-os-cha": 13,
          "AverageAttributedRatio-dev-os-cha": 125,
          "AverageAttributedRatio-ip-dev-os-cha": 22,
          "AverageAttributedRatio-app-dev-os-cha": 263,
          "AverageAttributedRatio-ip-app-dev-os-cha": 19,
          "MedianAttributeTimePast-ip": 154,
          "MedianAttributeTimePast-app": 255,
          "MedianAttributeTimePast-ip-app": 71,
          "MedianAttributeTimePast-dev": 244,
          "MedianAttributeTimePast-ip-dev": 132,
          "MedianAttributeTimePast-app-dev": 274,
          "MedianAttributeTimePast-ip-app-dev": 84,
          "MedianAttributeTimePast-os": 195,
          "MedianAttributeTimePast-ip-os": 72,
          "MedianAttributeTimePast-app-os": 232,
          "MedianAttributeTimePast-ip-app-os": 31,
          "MedianAttributeTimePast-dev-os": 205,
          "MedianAttributeTimePast-ip-dev-os": 78,
          "MedianAttributeTimePast-app-dev-os": 166,
          "MedianAttributeTimePast-ip-app-dev-os": 34,
          "MedianAttributeTimePast-cha": 235,
          "MedianAttributeTimePast-ip-cha": 55,
          "MedianAttributeTimePast-app-cha": 226,
          "MedianAttributeTimePast-ip-app-cha": 43,
          "MedianAttributeTimePast-dev-cha": 186,
          "MedianAttributeTimePast-ip-dev-cha": 41,
          "MedianAttributeTimePast-app-dev-cha": 186,
          "MedianAttributeTimePast-ip-app-dev-cha": 43,
          "MedianAttributeTimePast-os-cha": 160,
          "MedianAttributeTimePast-ip-os-cha": 12,
          "MedianAttributeTimePast-app-os-cha": 170,
          "MedianAttributeTimePast-ip-app-os-cha": 14,
          "MedianAttributeTimePast-dev-os-cha": 156,
          "MedianAttributeTimePast-ip-dev-os-cha": 13,
          "MedianAttributeTimePast-app-dev-os-cha": 143,
          "MedianAttributeTimePast-ip-app-dev-os-cha": 3,
          "KomakiLDA5NoDevice-ip-app-0": 801,
          "KomakiLDA5NoDevice-ip-app-1": 719,
          "KomakiLDA5NoDevice-ip-app-2": 505,
          "KomakiLDA5NoDevice-ip-app-3": 457,
          "KomakiLDA5NoDevice-ip-app-4": 396,
          "KomakiLDA5NoDevice-ip-os-0": 417,
          "KomakiLDA5NoDevice-ip-os-1": 467,
          "KomakiLDA5NoDevice-ip-os-2": 442,
          "KomakiLDA5NoDevice-ip-os-3": 396,
          "KomakiLDA5NoDevice-ip-os-4": 273,
          "KomakiLDA5NoDevice-ip-channel-0": 403,
          "KomakiLDA5NoDevice-ip-channel-1": 582,
          "KomakiLDA5NoDevice-ip-channel-2": 521,
          "KomakiLDA5NoDevice-ip-channel-3": 579,
          "KomakiLDA5NoDevice-ip-channel-4": 619,
          "KomakiLDA5NoDevice-app-ip-0": 302,
          "KomakiLDA5NoDevice-app-ip-1": 193,
          "KomakiLDA5NoDevice-app-ip-2": 186,
          "KomakiLDA5NoDevice-app-ip-3": 220,
          "KomakiLDA5NoDevice-app-ip-4": 153,
          "KomakiLDA5NoDevice-app-os-0": 169,
          "KomakiLDA5NoDevice-app-os-1": 281,
          "KomakiLDA5NoDevice-app-os-2": 145,
          "KomakiLDA5NoDevice-app-os-3": 144,
          "KomakiLDA5NoDevice-app-os-4": 286,
          "KomakiLDA5NoDevice-app-channel-0": 145,
          "KomakiLDA5NoDevice-app-channel-1": 208,
          "KomakiLDA5NoDevice-app-channel-2": 205,
          "KomakiLDA5NoDevice-app-channel-3": 190,
          "KomakiLDA5NoDevice-app-channel-4": 117,
          "KomakiLDA5NoDevice-os-ip-0": 202,
          "KomakiLDA5NoDevice-os-ip-1": 144,
          "KomakiLDA5NoDevice-os-ip-2": 140,
          "KomakiLDA5NoDevice-os-ip-3": 142,
          "KomakiLDA5NoDevice-os-ip-4": 169,
          "KomakiLDA5NoDevice-os-app-0": 246,
          "KomakiLDA5NoDevice-os-app-1": 201,
          "KomakiLDA5NoDevice-os-app-2": 133,
          "KomakiLDA5NoDevice-os-app-3": 183,
          "KomakiLDA5NoDevice-os-app-4": 139,
          "KomakiLDA5NoDevice-os-channel-0": 216,
          "KomakiLDA5NoDevice-os-channel-1": 91,
          "KomakiLDA5NoDevice-os-channel-2": 153,
          "KomakiLDA5NoDevice-os-channel-3": 204,
          "KomakiLDA5NoDevice-os-channel-4": 156,
          "KomakiLDA5NoDevice-channel-ip-0": 119,
          "KomakiLDA5NoDevice-channel-ip-1": 176,
          "KomakiLDA5NoDevice-channel-ip-2": 176,
          "KomakiLDA5NoDevice-channel-ip-3": 167,
          "KomakiLDA5NoDevice-channel-ip-4": 197,
          "KomakiLDA5NoDevice-channel-app-0": 211,
          "KomakiLDA5NoDevice-channel-app-1": 149,
          "KomakiLDA5NoDevice-channel-app-2": 172,
          "KomakiLDA5NoDevice-channel-app-3": 164,
          "KomakiLDA5NoDevice-channel-app-4": 158,
          "KomakiLDA5NoDevice-channel-os-0": 167,
          "KomakiLDA5NoDevice-channel-os-1": 184,
          "KomakiLDA5NoDevice-channel-os-2": 195,
          "KomakiLDA5NoDevice-channel-os-3": 198,
          "KomakiLDA5NoDevice-channel-os-4": 129
        }
      },
      {
        "train_auc": 0.990565116425801,
        "valid_auc": 0.9834210586381436,
        "best_iteration": 293,
        "train_time": 237.80520725250244,
        "feature_importance": {
          "ip": 1690,
          "os": 845,
          "app": 1003,
          "channel": 1606,
          "hour": 1235,
          "n_channels": 813,
          "ip_app_count": 735,
          "ip_app_os_count": 623,
          "FutureClickCount_600-ip": 399,
          "FutureClickCount_600-app": 250,
          "FutureClickCount_600-ip-app": 137,
          "FutureClickCount_600-dev": 190,
          "FutureClickCount_600-ip-dev": 311,
          "FutureClickCount_600-app-dev": 287,
          "FutureClickCount_600-ip-app-dev": 104,
          "FutureClickCount_600-os": 182,
          "FutureClickCount_600-ip-os": 207,
          "FutureClickCount_600-app-os": 234,
          "FutureClickCount_600-ip-app-os": 154,
          "FutureClickCount_600-dev-os": 503,
          "FutureClickCount_600-ip-dev-os": 180,
          "FutureClickCount_600-app-dev-os": 388,
          "FutureClickCount_600-ip-app-dev-os": 245,
          "FutureClickCount_600-cha": 274,
          "FutureClickCount_600-ip-cha": 68,
          "FutureClickCount_600-app-cha": 411,
          "FutureClickCount_600-ip-app-cha": 57,
          "FutureClickCount_600-dev-cha": 173,
          "FutureClickCount_600-ip-dev-cha": 49,
          "FutureClickCount_600-app-dev-cha": 222,
          "FutureClickCount_600-ip-app-dev-cha": 40,
          "FutureClickCount_600-os-cha": 162,
          "FutureClickCount_600-ip-os-cha": 51,
          "FutureClickCount_600-app-os-cha": 169,
          "FutureClickCount_600-ip-app-os-cha": 68,
          "FutureClickCount_600-dev-os-cha": 173,
          "FutureClickCount_600-ip-dev-os-cha": 41,
          "FutureClickCount_600-app-dev-os-cha": 140,
          "FutureClickCount_600-ip-app-dev-os-cha": 60,
          "FutureClickCount_4800-ip": 663,
          "FutureClickCount_4800-app": 193,
          "FutureClickCount_4800-ip-app": 183,
          "FutureClickCount_4800-dev": 50,
          "FutureClickCount_4800-ip-dev": 706,
          "FutureClickCount_4800-app-dev": 132,
          "FutureClickCount_4800-ip-app-dev": 141,
          "FutureClickCount_4800-os": 106,
          "FutureClickCount_4800-ip-os": 324,
          "FutureClickCount_4800-app-os": 194,
          "FutureClickCount_4800-ip-app-os": 157,
          "FutureClickCount_4800-dev-os": 204,
          "FutureClickCount_4800-ip-dev-os": 448,
          "FutureClickCount_4800-app-dev-os": 332,
          "FutureClickCount_4800-ip-app-dev-os": 209,
          "FutureClickCount_4800-cha": 150,
          "FutureClickCount_4800-ip-cha": 159,
          "FutureClickCount_4800-app-cha": 319,
          "FutureClickCount_4800-ip-app-cha": 75,
          "FutureClickCount_4800-dev-cha": 122,
          "FutureClickCount_4800-ip-dev-cha": 94,
          "FutureClickCount_4800-app-dev-cha": 169,
          "FutureClickCount_4800-ip-app-dev-cha": 84,
          "FutureClickCount_4800-os-cha": 119,
          "FutureClickCount_4800-ip-os-cha": 71,
          "FutureClickCount_4800-app-os-cha": 199,
          "FutureClickCount_4800-ip-app-os-cha": 50,
          "FutureClickCount_4800-dev-os-cha": 167,
          "FutureClickCount_4800-ip-dev-os-cha": 50,
          "FutureClickCount_4800-app-dev-os-cha": 185,
          "FutureClickCount_4800-ip-app-dev-os-cha": 48,
          "NextClickTimeDelta-ip": 466,
          "NextClickTimeDelta-app": 48,
          "NextClickTimeDelta-ip-app": 652,
          "NextClickTimeDelta-dev": 35,
          "NextClickTimeDelta-ip-dev": 329,
          "NextClickTimeDelta-app-dev": 43,
          "NextClickTimeDelta-ip-app-dev": 351,
          "NextClickTimeDelta-os": 48,
          "NextClickTimeDelta-ip-os": 324,
          "NextClickTimeDelta-app-os": 94,
          "NextClickTimeDelta-ip-app-os": 1200,
          "NextClickTimeDelta-dev-os": 78,
          "NextClickTimeDelta-ip-dev-os": 243,
          "NextClickTimeDelta-app-dev-os": 104,
          "NextClickTimeDelta-ip-app-dev-os": 1750,
          "NextClickTimeDelta-cha": 53,
          "NextClickTimeDelta-ip-cha": 284,
          "NextClickTimeDelta-app-cha": 108,
          "NextClickTimeDelta-ip-app-cha": 253,
          "NextClickTimeDelta-dev-cha": 61,
          "NextClickTimeDelta-ip-dev-cha": 169,
          "NextClickTimeDelta-app-dev-cha": 64,
          "NextClickTimeDelta-ip-app-dev-cha": 176,
          "NextClickTimeDelta-os-cha": 111,
          "NextClickTimeDelta-ip-os-cha": 192,
          "NextClickTimeDelta-app-os-cha": 134,
          "NextClickTimeDelta-ip-app-os-cha": 315,
          "NextClickTimeDelta-dev-os-cha": 80,
          "NextClickTimeDelta-ip-dev-os-cha": 175,
          "NextClickTimeDelta-app-dev-os-cha": 132,
          "NextClickTimeDelta-ip-app-dev-os-cha": 353,
          "PrevClickTimeDelta-ip": 320,
          "PrevClickTimeDelta-app": 72,
          "PrevClickTimeDelta-ip-app": 191,
          "PrevClickTimeDelta-dev": 42,
          "PrevClickTimeDelta-ip-dev": 210,
          "PrevClickTimeDelta-app-dev": 51,
          "PrevClickTimeDelta-ip-app-dev": 136,
          "PrevClickTimeDelta-os": 49,
          "PrevClickTimeDelta-ip-os": 245,
          "PrevClickTimeDelta-app-os": 82,
          "PrevClickTimeDelta-ip-app-os": 196,
          "PrevClickTimeDelta-dev-os": 49,
          "PrevClickTimeDelta-ip-dev-os": 154,
          "PrevClickTimeDelta-app-dev-os": 85,
          "PrevClickTimeDelta-ip-app-dev-os": 151,
          "PrevClickTimeDelta-cha": 43,
          "PrevClickTimeDelta-ip-cha": 215,
          "PrevClickTimeDelta-app-cha": 97,
          "PrevClickTimeDelta-ip-app-cha": 126,
          "PrevClickTimeDelta-dev-cha": 53,
          "PrevClickTimeDelta-ip-dev-cha": 122,
          "PrevClickTimeDelta-app-dev-cha": 50,
          "PrevClickTimeDelta-ip-app-dev-cha": 93,
          "PrevClickTimeDelta-os-cha": 122,
          "PrevClickTimeDelta-ip-os-cha": 140,
          "PrevClickTimeDelta-app-os-cha": 102,
          "PrevClickTimeDelta-ip-app-os-cha": 106,
          "PrevClickTimeDelta-dev-os-cha": 92,
          "PrevClickTimeDelta-ip-dev-os-cha": 83,
          "PrevClickTimeDelta-app-dev-os-cha": 91,
          "PrevClickTimeDelta-ip-app-dev-os-cha": 82,
          "AverageAttributedRatio-ip": 144,
          "AverageAttributedRatio-app": 204,
          "AverageAttributedRatio-ip-app": 164,
          "AverageAttributedRatio-dev": 290,
          "AverageAttributedRatio-ip-dev": 130,
          "AverageAttributedRatio-app-dev": 172,
          "AverageAttributedRatio-ip-app-dev": 257,
          "AverageAttributedRatio-os": 158,
          "AverageAttributedRatio-ip-os": 76,
          "AverageAttributedRatio-app-os": 180,
          "AverageAttributedRatio-ip-app-os": 49,
          "AverageAttributedRatio-dev-os": 139,
          "AverageAttributedRatio-ip-dev-os": 78,
          "AverageAttributedRatio-app-dev-os": 254,
          "AverageAttributedRatio-ip-app-dev-os": 34,
          "AverageAttributedRatio-cha": 147,
          "AverageAttributedRatio-ip-cha": 57,
          "AverageAttributedRatio-app-cha": 181,
          "AverageAttributedRatio-ip-app-cha": 45,
          "AverageAttributedRatio-dev-cha": 118,
          "AverageAttributedRatio-ip-dev-cha": 66,
          "AverageAttributedRatio-app-dev-cha": 148,
          "AverageAttributedRatio-ip-app-dev-cha": 61,
          "AverageAttributedRatio-os-cha": 156,
          "AverageAttributedRatio-ip-os-cha": 22,
          "AverageAttributedRatio-app-os-cha": 257,
          "AverageAttributedRatio-ip-app-os-cha": 20,
          "AverageAttributedRatio-dev-os-cha": 136,
          "AverageAttributedRatio-ip-dev-os-cha": 16,
          "AverageAttributedRatio-app-dev-os-cha": 260,
          "AverageAttributedRatio-ip-app-dev-os-cha": 17,
          "MedianAttributeTimePast-ip": 133,
          "MedianAttributeTimePast-app": 212,
          "MedianAttributeTimePast-ip-app": 63,
          "MedianAttributeTimePast-dev": 260,
          "MedianAttributeTimePast-ip-dev": 113,
          "MedianAttributeTimePast-app-dev": 247,
          "MedianAttributeTimePast-ip-app-dev": 69,
          "MedianAttributeTimePast-os": 225,
          "MedianAttributeTimePast-ip-os": 75,
          "MedianAttributeTimePast-app-os": 194,
          "MedianAttributeTimePast-ip-app-os": 27,
          "MedianAttributeTimePast-dev-os": 196,
          "MedianAttributeTimePast-ip-dev-os": 64,
          "MedianAttributeTimePast-app-dev-os": 133,
          "MedianAttributeTimePast-ip-app-dev-os": 32,
          "MedianAttributeTimePast-cha": 221,
          "MedianAttributeTimePast-ip-cha": 52,
          "MedianAttributeTimePast-app-cha": 196,
          "MedianAttributeTimePast-ip-app-cha": 33,
          "MedianAttributeTimePast-dev-cha": 163,
          "MedianAttributeTimePast-ip-dev-cha": 46,
          "MedianAttributeTimePast-app-dev-cha": 196,
          "MedianAttributeTimePast-ip-app-dev-cha": 37,
          "MedianAttributeTimePast-os-cha": 166,
          "MedianAttributeTimePast-ip-os-cha": 13,
          "MedianAttributeTimePast-app-os-cha": 183,
          "MedianAttributeTimePast-ip-app-os-cha": 9,
          "MedianAttributeTimePast-dev-os-cha": 173,
          "MedianAttributeTimePast-ip-dev-os-cha": 15,
          "MedianAttributeTimePast-app-dev-os-cha": 148,
          "MedianAttributeTimePast-ip-app-dev-os-cha": 11,
          "KomakiLDA5NoDevice-ip-app-0": 819,
          "KomakiLDA5NoDevice-ip-app-1": 728,
          "KomakiLDA5NoDevice-ip-app-2": 530,
          "KomakiLDA5NoDevice-ip-app-3": 422,
          "KomakiLDA5NoDevice-ip-app-4": 457,
          "KomakiLDA5NoDevice-ip-os-0": 398,
          "KomakiLDA5NoDevice-ip-os-1": 516,
          "KomakiLDA5NoDevice-ip-os-2": 499,
          "KomakiLDA5NoDevice-ip-os-3": 392,
          "KomakiLDA5NoDevice-ip-os-4": 302,
          "KomakiLDA5NoDevice-ip-channel-0": 441,
          "KomakiLDA5NoDevice-ip-channel-1": 588,
          "KomakiLDA5NoDevice-ip-channel-2": 547,
          "KomakiLDA5NoDevice-ip-channel-3": 617,
          "KomakiLDA5NoDevice-ip-channel-4": 619,
          "KomakiLDA5NoDevice-app-ip-0": 316,
          "KomakiLDA5NoDevice-app-ip-1": 209,
          "KomakiLDA5NoDevice-app-ip-2": 180,
          "KomakiLDA5NoDevice-app-ip-3": 263,
          "KomakiLDA5NoDevice-app-ip-4": 184,
          "KomakiLDA5NoDevice-app-os-0": 179,
          "KomakiLDA5NoDevice-app-os-1": 231,
          "KomakiLDA5NoDevice-app-os-2": 170,
          "KomakiLDA5NoDevice-app-os-3": 112,
          "KomakiLDA5NoDevice-app-os-4": 263,
          "KomakiLDA5NoDevice-app-channel-0": 166,
          "KomakiLDA5NoDevice-app-channel-1": 191,
          "KomakiLDA5NoDevice-app-channel-2": 210,
          "KomakiLDA5NoDevice-app-channel-3": 183,
          "KomakiLDA5NoDevice-app-channel-4": 110,
          "KomakiLDA5NoDevice-os-ip-0": 227,
          "KomakiLDA5NoDevice-os-ip-1": 117,
          "KomakiLDA5NoDevice-os-ip-2": 134,
          "KomakiLDA5NoDevice-os-ip-3": 157,
          "KomakiLDA5NoDevice-os-ip-4": 175,
          "KomakiLDA5NoDevice-os-app-0": 241,
          "KomakiLDA5NoDevice-os-app-1": 192,
          "KomakiLDA5NoDevice-os-app-2": 101,
          "KomakiLDA5NoDevice-os-app-3": 191,
          "KomakiLDA5NoDevice-os-app-4": 151,
          "KomakiLDA5NoDevice-os-channel-0": 213,
          "KomakiLDA5NoDevice-os-channel-1": 131,
          "KomakiLDA5NoDevice-os-channel-2": 144,
          "KomakiLDA5NoDevice-os-channel-3": 168,
          "KomakiLDA5NoDevice-os-channel-4": 125,
          "KomakiLDA5NoDevice-channel-ip-0": 116,
          "KomakiLDA5NoDevice-channel-ip-1": 204,
          "KomakiLDA5NoDevice-channel-ip-2": 198,
          "KomakiLDA5NoDevice-channel-ip-3": 191,
          "KomakiLDA5NoDevice-channel-ip-4": 177,
          "KomakiLDA5NoDevice-channel-app-0": 186,
          "KomakiLDA5NoDevice-channel-app-1": 164,
          "KomakiLDA5NoDevice-channel-app-2": 147,
          "KomakiLDA5NoDevice-channel-app-3": 140,
          "KomakiLDA5NoDevice-channel-app-4": 148,
          "KomakiLDA5NoDevice-channel-os-0": 167,
          "KomakiLDA5NoDevice-channel-os-1": 220,
          "KomakiLDA5NoDevice-channel-os-2": 164,
          "KomakiLDA5NoDevice-channel-os-3": 178,
          "KomakiLDA5NoDevice-channel-os-4": 126
        }
      },
      {
        "train_auc": 0.99059659346468,
        "valid_auc": 0.9834877286304639,
        "best_iteration": 293,
        "train_time": 241.772629737854,
        "feature_importance": {
          "ip": 1695,
          "os": 826,
          "app": 1021,
          "channel": 1527,
          "hour": 1291,
          "n_channels": 789,
          "ip_app_count": 744,
          "ip_app_os_count": 633,
          "FutureClickCount_600-ip": 359,
          "FutureClickCount_600-app": 285,
          "FutureClickCount_600-ip-app": 117,
          "FutureClickCount_600-dev": 208,
          "FutureClickCount_600-ip-dev": 288,
          "FutureClickCount_600-app-dev": 246,
          "FutureClickCount_600-ip-app-dev": 87,
          "FutureClickCount_600-os": 161,
          "FutureClickCount_600-ip-os": 202,
          "FutureClickCount_600-app-os": 266,
          "FutureClickCount_600-ip-app-os": 202,
          "FutureClickCount_600-dev-os": 475,
          "FutureClickCount_600-ip-dev-os": 180,
          "FutureClickCount_600-app-dev-os": 433,
          "FutureClickCount_600-ip-app-dev-os": 259,
          "FutureClickCount_600-cha": 262,
          "FutureClickCount_600-ip-cha": 84,
          "FutureClickCount_600-app-cha": 373,
          "FutureClickCount_600-ip-app-cha": 56,
          "FutureClickCount_600-dev-cha": 164,
          "FutureClickCount_600-ip-dev-cha": 58,
          "FutureClickCount_600-app-dev-cha": 188,
          "FutureClickCount_600-ip-app-dev-cha": 36,
          "FutureClickCount_600-os-cha": 182,
          "FutureClickCount_600-ip-os-cha": 48,
          "FutureClickCount_600-app-os-cha": 172,
          "FutureClickCount_600-ip-app-os-cha": 34,
          "FutureClickCount_600-dev-os-cha": 187,
          "FutureClickCount_600-ip-dev-os-cha": 37,
          "FutureClickCount_600-app-dev-os-cha": 151,
          "FutureClickCount_600-ip-app-dev-os-cha": 49,
          "FutureClickCount_4800-ip": 838,
          "FutureClickCount_4800-app": 210,
          "FutureClickCount_4800-ip-app": 227,
          "FutureClickCount_4800-dev": 44,
          "FutureClickCount_4800-ip-dev": 759,
          "FutureClickCount_4800-app-dev": 96,
          "FutureClickCount_4800-ip-app-dev": 140,
          "FutureClickCount_4800-os": 108,
          "FutureClickCount_4800-ip-os": 325,
          "FutureClickCount_4800-app-os": 187,
          "FutureClickCount_4800-ip-app-os": 170,
          "FutureClickCount_4800-dev-os": 164,
          "FutureClickCount_4800-ip-dev-os": 445,
          "FutureClickCount_4800-app-dev-os": 352,
          "FutureClickCount_4800-ip-app-dev-os": 237,
          "FutureClickCount_4800-cha": 168,
          "FutureClickCount_4800-ip-cha": 127,
          "FutureClickCount_4800-app-cha": 291,
          "FutureClickCount_4800-ip-app-cha": 90,
          "FutureClickCount_4800-dev-cha": 110,
          "FutureClickCount_4800-ip-dev-cha": 85,
          "FutureClickCount_4800-app-dev-cha": 143,
          "FutureClickCount_4800-ip-app-dev-cha": 60,
          "FutureClickCount_4800-os-cha": 144,
          "FutureClickCount_4800-ip-os-cha": 54,
          "FutureClickCount_4800-app-os-cha": 143,
          "FutureClickCount_4800-ip-app-os-cha": 56,
          "FutureClickCount_4800-dev-os-cha": 148,
          "FutureClickCount_4800-ip-dev-os-cha": 37,
          "FutureClickCount_4800-app-dev-os-cha": 180,
          "FutureClickCount_4800-ip-app-dev-os-cha": 28,
          "NextClickTimeDelta-ip": 457,
          "NextClickTimeDelta-app": 65,
          "NextClickTimeDelta-ip-app": 599,
          "NextClickTimeDelta-dev": 53,
          "NextClickTimeDelta-ip-dev": 345,
          "NextClickTimeDelta-app-dev": 49,
          "NextClickTimeDelta-ip-app-dev": 371,
          "NextClickTimeDelta-os": 38,
          "NextClickTimeDelta-ip-os": 356,
          "NextClickTimeDelta-app-os": 120,
          "NextClickTimeDelta-ip-app-os": 1220,
          "NextClickTimeDelta-dev-os": 53,
          "NextClickTimeDelta-ip-dev-os": 222,
          "NextClickTimeDelta-app-dev-os": 70,
          "NextClickTimeDelta-ip-app-dev-os": 1831,
          "NextClickTimeDelta-cha": 60,
          "NextClickTimeDelta-ip-cha": 289,
          "NextClickTimeDelta-app-cha": 97,
          "NextClickTimeDelta-ip-app-cha": 238,
          "NextClickTimeDelta-dev-cha": 61,
          "NextClickTimeDelta-ip-dev-cha": 170,
          "NextClickTimeDelta-app-dev-cha": 69,
          "NextClickTimeDelta-ip-app-dev-cha": 149,
          "NextClickTimeDelta-os-cha": 126,
          "NextClickTimeDelta-ip-os-cha": 226,
          "NextClickTimeDelta-app-os-cha": 143,
          "NextClickTimeDelta-ip-app-os-cha": 290,
          "NextClickTimeDelta-dev-os-cha": 97,
          "NextClickTimeDelta-ip-dev-os-cha": 176,
          "NextClickTimeDelta-app-dev-os-cha": 101,
          "NextClickTimeDelta-ip-app-dev-os-cha": 330,
          "PrevClickTimeDelta-ip": 351,
          "PrevClickTimeDelta-app": 66,
          "PrevClickTimeDelta-ip-app": 207,
          "PrevClickTimeDelta-dev": 39,
          "PrevClickTimeDelta-ip-dev": 247,
          "PrevClickTimeDelta-app-dev": 45,
          "PrevClickTimeDelta-ip-app-dev": 161,
          "PrevClickTimeDelta-os": 45,
          "PrevClickTimeDelta-ip-os": 269,
          "PrevClickTimeDelta-app-os": 99,
          "PrevClickTimeDelta-ip-app-os": 190,
          "PrevClickTimeDelta-dev-os": 57,
          "PrevClickTimeDelta-ip-dev-os": 175,
          "PrevClickTimeDelta-app-dev-os": 80,
          "PrevClickTimeDelta-ip-app-dev-os": 145,
          "PrevClickTimeDelta-cha": 41,
          "PrevClickTimeDelta-ip-cha": 203,
          "PrevClickTimeDelta-app-cha": 98,
          "PrevClickTimeDelta-ip-app-cha": 135,
          "PrevClickTimeDelta-dev-cha": 71,
          "PrevClickTimeDelta-ip-dev-cha": 126,
          "PrevClickTimeDelta-app-dev-cha": 80,
          "PrevClickTimeDelta-ip-app-dev-cha": 86,
          "PrevClickTimeDelta-os-cha": 98,
          "PrevClickTimeDelta-ip-os-cha": 118,
          "PrevClickTimeDelta-app-os-cha": 121,
          "PrevClickTimeDelta-ip-app-os-cha": 95,
          "PrevClickTimeDelta-dev-os-cha": 102,
          "PrevClickTimeDelta-ip-dev-os-cha": 69,
          "PrevClickTimeDelta-app-dev-os-cha": 103,
          "PrevClickTimeDelta-ip-app-dev-os-cha": 76,
          "AverageAttributedRatio-ip": 162,
          "AverageAttributedRatio-app": 199,
          "AverageAttributedRatio-ip-app": 176,
          "AverageAttributedRatio-dev": 290,
          "AverageAttributedRatio-ip-dev": 172,
          "AverageAttributedRatio-app-dev": 160,
          "AverageAttributedRatio-ip-app-dev": 232,
          "AverageAttributedRatio-os": 161,
          "AverageAttributedRatio-ip-os": 134,
          "AverageAttributedRatio-app-os": 186,
          "AverageAttributedRatio-ip-app-os": 48,
          "AverageAttributedRatio-dev-os": 123,
          "AverageAttributedRatio-ip-dev-os": 90,
          "AverageAttributedRatio-app-dev-os": 235,
          "AverageAttributedRatio-ip-app-dev-os": 40,
          "AverageAttributedRatio-cha": 146,
          "AverageAttributedRatio-ip-cha": 65,
          "AverageAttributedRatio-app-cha": 193,
          "AverageAttributedRatio-ip-app-cha": 49,
          "AverageAttributedRatio-dev-cha": 111,
          "AverageAttributedRatio-ip-dev-cha": 45,
          "AverageAttributedRatio-app-dev-cha": 175,
          "AverageAttributedRatio-ip-app-dev-cha": 28,
          "AverageAttributedRatio-os-cha": 162,
          "AverageAttributedRatio-ip-os-cha": 25,
          "AverageAttributedRatio-app-os-cha": 244,
          "AverageAttributedRatio-ip-app-os-cha": 11,
          "AverageAttributedRatio-dev-os-cha": 118,
          "AverageAttributedRatio-ip-dev-os-cha": 21,
          "AverageAttributedRatio-app-dev-os-cha": 274,
          "AverageAttributedRatio-ip-app-dev-os-cha": 19,
          "MedianAttributeTimePast-ip": 125,
          "MedianAttributeTimePast-app": 244,
          "MedianAttributeTimePast-ip-app": 74,
          "MedianAttributeTimePast-dev": 236,
          "MedianAttributeTimePast-ip-dev": 113,
          "MedianAttributeTimePast-app-dev": 233,
          "MedianAttributeTimePast-ip-app-dev": 82,
          "MedianAttributeTimePast-os": 207,
          "MedianAttributeTimePast-ip-os": 50,
          "MedianAttributeTimePast-app-os": 216,
          "MedianAttributeTimePast-ip-app-os": 32,
          "MedianAttributeTimePast-dev-os": 268,
          "MedianAttributeTimePast-ip-dev-os": 72,
          "MedianAttributeTimePast-app-dev-os": 146,
          "MedianAttributeTimePast-ip-app-dev-os": 32,
          "MedianAttributeTimePast-cha": 214,
          "MedianAttributeTimePast-ip-cha": 39,
          "MedianAttributeTimePast-app-cha": 206,
          "MedianAttributeTimePast-ip-app-cha": 45,
          "MedianAttributeTimePast-dev-cha": 204,
          "MedianAttributeTimePast-ip-dev-cha": 40,
          "MedianAttributeTimePast-app-dev-cha": 182,
          "MedianAttributeTimePast-ip-app-dev-cha": 31,
          "MedianAttributeTimePast-os-cha": 180,
          "MedianAttributeTimePast-ip-os-cha": 16,
          "MedianAttributeTimePast-app-os-cha": 156,
          "MedianAttributeTimePast-ip-app-os-cha": 6,
          "MedianAttributeTimePast-dev-os-cha": 180,
          "MedianAttributeTimePast-ip-dev-os-cha": 16,
          "MedianAttributeTimePast-app-dev-os-cha": 169,
          "MedianAttributeTimePast-ip-app-dev-os-cha": 5,
          "KomakiLDA5NoDevice-ip-app-0": 829,
          "KomakiLDA5NoDevice-ip-app-1": 686,
          "KomakiLDA5NoDevice-ip-app-2": 461,
          "KomakiLDA5NoDevice-ip-app-3": 407,
          "KomakiLDA5NoDevice-ip-app-4": 389,
          "KomakiLDA5NoDevice-ip-os-0": 384,
          "KomakiLDA5NoDevice-ip-os-1": 457,
          "KomakiLDA5NoDevice-ip-os-2": 497,
          "KomakiLDA5NoDevice-ip-os-3": 423,
          "KomakiLDA5NoDevice-ip-os-4": 318,
          "KomakiLDA5NoDevice-ip-channel-0": 414,
          "KomakiLDA5NoDevice-ip-channel-1": 583,
          "KomakiLDA5NoDevice-ip-channel-2": 529,
          "KomakiLDA5NoDevice-ip-channel-3": 559,
          "KomakiLDA5NoDevice-ip-channel-4": 647,
          "KomakiLDA5NoDevice-app-ip-0": 319,
          "KomakiLDA5NoDevice-app-ip-1": 188,
          "KomakiLDA5NoDevice-app-ip-2": 208,
          "KomakiLDA5NoDevice-app-ip-3": 274,
          "KomakiLDA5NoDevice-app-ip-4": 178,
          "KomakiLDA5NoDevice-app-os-0": 160,
          "KomakiLDA5NoDevice-app-os-1": 245,
          "KomakiLDA5NoDevice-app-os-2": 183,
          "KomakiLDA5NoDevice-app-os-3": 123,
          "KomakiLDA5NoDevice-app-os-4": 284,
          "KomakiLDA5NoDevice-app-channel-0": 149,
          "KomakiLDA5NoDevice-app-channel-1": 218,
          "KomakiLDA5NoDevice-app-channel-2": 219,
          "KomakiLDA5NoDevice-app-channel-3": 180,
          "KomakiLDA5NoDevice-app-channel-4": 118,
          "KomakiLDA5NoDevice-os-ip-0": 215,
          "KomakiLDA5NoDevice-os-ip-1": 135,
          "KomakiLDA5NoDevice-os-ip-2": 148,
          "KomakiLDA5NoDevice-os-ip-3": 112,
          "KomakiLDA5NoDevice-os-ip-4": 156,
          "KomakiLDA5NoDevice-os-app-0": 264,
          "KomakiLDA5NoDevice-os-app-1": 188,
          "KomakiLDA5NoDevice-os-app-2": 114,
          "KomakiLDA5NoDevice-os-app-3": 186,
          "KomakiLDA5NoDevice-os-app-4": 135,
          "KomakiLDA5NoDevice-os-channel-0": 236,
          "KomakiLDA5NoDevice-os-channel-1": 103,
          "KomakiLDA5NoDevice-os-channel-2": 139,
          "KomakiLDA5NoDevice-os-channel-3": 231,
          "KomakiLDA5NoDevice-os-channel-4": 124,
          "KomakiLDA5NoDevice-channel-ip-0": 153,
          "KomakiLDA5NoDevice-channel-ip-1": 203,
          "KomakiLDA5NoDevice-channel-ip-2": 180,
          "KomakiLDA5NoDevice-channel-ip-3": 178,
          "KomakiLDA5NoDevice-channel-ip-4": 188,
          "KomakiLDA5NoDevice-channel-app-0": 193,
          "KomakiLDA5NoDevice-channel-app-1": 131,
          "KomakiLDA5NoDevice-channel-app-2": 159,
          "KomakiLDA5NoDevice-channel-app-3": 139,
          "KomakiLDA5NoDevice-channel-app-4": 169,
          "KomakiLDA5NoDevice-channel-os-0": 167,
          "KomakiLDA5NoDevice-channel-os-1": 238,
          "KomakiLDA5NoDevice-channel-os-2": 179,
          "KomakiLDA5NoDevice-channel-os-3": 182,
          "KomakiLDA5NoDevice-channel-os-4": 136
        }
      },
      {
        "train_auc": 0.9907501881179768,
        "valid_auc": 0.9836512171928518,
        "best_iteration": 293,
        "train_time": 245.279682636261,
        "feature_importance": {
          "ip": 1727,
          "os": 805,
          "app": 1007,
          "channel": 1621,
          "hour": 1295,
          "n_channels": 842,
          "ip_app_count": 734,
          "ip_app_os_count": 663,
          "FutureClickCount_600-ip": 396,
          "FutureClickCount_600-app": 245,
          "FutureClickCount_600-ip-app": 109,
          "FutureClickCount_600-dev": 179,
          "FutureClickCount_600-ip-dev": 268,
          "FutureClickCount_600-app-dev": 268,
          "FutureClickCount_600-ip-app-dev": 108,
          "FutureClickCount_600-os": 182,
          "FutureClickCount_600-ip-os": 204,
          "FutureClickCount_600-app-os": 248,
          "FutureClickCount_600-ip-app-os": 143,
          "FutureClickCount_600-dev-os": 478,
          "FutureClickCount_600-ip-dev-os": 206,
          "FutureClickCount_600-app-dev-os": 361,
          "FutureClickCount_600-ip-app-dev-os": 233,
          "FutureClickCount_600-cha": 242,
          "FutureClickCount_600-ip-cha": 57,
          "FutureClickCount_600-app-cha": 390,
          "FutureClickCount_600-ip-app-cha": 65,
          "FutureClickCount_600-dev-cha": 189,
          "FutureClickCount_600-ip-dev-cha": 46,
          "FutureClickCount_600-app-dev-cha": 212,
          "FutureClickCount_600-ip-app-dev-cha": 42,
          "FutureClickCount_600-os-cha": 176,
          "FutureClickCount_600-ip-os-cha": 58,
          "FutureClickCount_600-app-os-cha": 205,
          "FutureClickCount_600-ip-app-os-cha": 58,
          "FutureClickCount_600-dev-os-cha": 172,
          "FutureClickCount_600-ip-dev-os-cha": 42,
          "FutureClickCount_600-app-dev-os-cha": 148,
          "FutureClickCount_600-ip-app-dev-os-cha": 48,
          "FutureClickCount_4800-ip": 707,
          "FutureClickCount_4800-app": 178,
          "FutureClickCount_4800-ip-app": 208,
          "FutureClickCount_4800-dev": 53,
          "FutureClickCount_4800-ip-dev": 734,
          "FutureClickCount_4800-app-dev": 138,
          "FutureClickCount_4800-ip-app-dev": 123,
          "FutureClickCount_4800-os": 95,
          "FutureClickCount_4800-ip-os": 301,
          "FutureClickCount_4800-app-os": 205,
          "FutureClickCount_4800-ip-app-os": 186,
          "FutureClickCount_4800-dev-os": 150,
          "FutureClickCount_4800-ip-dev-os": 456,
          "FutureClickCount_4800-app-dev-os": 382,
          "FutureClickCount_4800-ip-app-dev-os": 209,
          "FutureClickCount_4800-cha": 154,
          "FutureClickCount_4800-ip-cha": 113,
          "FutureClickCount_4800-app-cha": 316,
          "FutureClickCount_4800-ip-app-cha": 79,
          "FutureClickCount_4800-dev-cha": 132,
          "FutureClickCount_4800-ip-dev-cha": 101,
          "FutureClickCount_4800-app-dev-cha": 161,
          "FutureClickCount_4800-ip-app-dev-cha": 80,
          "FutureClickCount_4800-os-cha": 147,
          "FutureClickCount_4800-ip-os-cha": 52,
          "FutureClickCount_4800-app-os-cha": 176,
          "FutureClickCount_4800-ip-app-os-cha": 50,
          "FutureClickCount_4800-dev-os-cha": 167,
          "FutureClickCount_4800-ip-dev-os-cha": 58,
          "FutureClickCount_4800-app-dev-os-cha": 176,
          "FutureClickCount_4800-ip-app-dev-os-cha": 37,
          "NextClickTimeDelta-ip": 490,
          "NextClickTimeDelta-app": 56,
          "NextClickTimeDelta-ip-app": 593,
          "NextClickTimeDelta-dev": 47,
          "NextClickTimeDelta-ip-dev": 303,
          "NextClickTimeDelta-app-dev": 54,
          "NextClickTimeDelta-ip-app-dev": 346,
          "NextClickTimeDelta-os": 68,
          "NextClickTimeDelta-ip-os": 382,
          "NextClickTimeDelta-app-os": 97,
          "NextClickTimeDelta-ip-app-os": 1263,
          "NextClickTimeDelta-dev-os": 65,
          "NextClickTimeDelta-ip-dev-os": 260,
          "NextClickTimeDelta-app-dev-os": 75,
          "NextClickTimeDelta-ip-app-dev-os": 1746,
          "NextClickTimeDelta-cha": 80,
          "NextClickTimeDelta-ip-cha": 294,
          "NextClickTimeDelta-app-cha": 123,
          "NextClickTimeDelta-ip-app-cha": 236,
          "NextClickTimeDelta-dev-cha": 44,
          "NextClickTimeDelta-ip-dev-cha": 190,
          "NextClickTimeDelta-app-dev-cha": 69,
          "NextClickTimeDelta-ip-app-dev-cha": 177,
          "NextClickTimeDelta-os-cha": 108,
          "NextClickTimeDelta-ip-os-cha": 186,
          "NextClickTimeDelta-app-os-cha": 114,
          "NextClickTimeDelta-ip-app-os-cha": 297,
          "NextClickTimeDelta-dev-os-cha": 91,
          "NextClickTimeDelta-ip-dev-os-cha": 173,
          "NextClickTimeDelta-app-dev-os-cha": 111,
          "NextClickTimeDelta-ip-app-dev-os-cha": 329,
          "PrevClickTimeDelta-ip": 333,
          "PrevClickTimeDelta-app": 55,
          "PrevClickTimeDelta-ip-app": 204,
          "PrevClickTimeDelta-dev": 31,
          "PrevClickTimeDelta-ip-dev": 204,
          "PrevClickTimeDelta-app-dev": 39,
          "PrevClickTimeDelta-ip-app-dev": 143,
          "PrevClickTimeDelta-os": 69,
          "PrevClickTimeDelta-ip-os": 295,
          "PrevClickTimeDelta-app-os": 80,
          "PrevClickTimeDelta-ip-app-os": 210,
          "PrevClickTimeDelta-dev-os": 40,
          "PrevClickTimeDelta-ip-dev-os": 173,
          "PrevClickTimeDelta-app-dev-os": 80,
          "PrevClickTimeDelta-ip-app-dev-os": 177,
          "PrevClickTimeDelta-cha": 46,
          "PrevClickTimeDelta-ip-cha": 160,
          "PrevClickTimeDelta-app-cha": 100,
          "PrevClickTimeDelta-ip-app-cha": 140,
          "PrevClickTimeDelta-dev-cha": 51,
          "PrevClickTimeDelta-ip-dev-cha": 140,
          "PrevClickTimeDelta-app-dev-cha": 53,
          "PrevClickTimeDelta-ip-app-dev-cha": 78,
          "PrevClickTimeDelta-os-cha": 89,
          "PrevClickTimeDelta-ip-os-cha": 123,
          "PrevClickTimeDelta-app-os-cha": 104,
          "PrevClickTimeDelta-ip-app-os-cha": 99,
          "PrevClickTimeDelta-dev-os-cha": 93,
          "PrevClickTimeDelta-ip-dev-os-cha": 74,
          "PrevClickTimeDelta-app-dev-os-cha": 92,
          "PrevClickTimeDelta-ip-app-dev-os-cha": 77,
          "AverageAttributedRatio-ip": 120,
          "AverageAttributedRatio-app": 211,
          "AverageAttributedRatio-ip-app": 199,
          "AverageAttributedRatio-dev": 286,
          "AverageAttributedRatio-ip-dev": 128,
          "AverageAttributedRatio-app-dev": 155,
          "AverageAttributedRatio-ip-app-dev": 223,
          "AverageAttributedRatio-os": 145,
          "AverageAttributedRatio-ip-os": 110,
          "AverageAttributedRatio-app-os": 197,
          "AverageAttributedRatio-ip-app-os": 49,
          "AverageAttributedRatio-dev-os": 119,
          "AverageAttributedRatio-ip-dev-os": 102,
          "AverageAttributedRatio-app-dev-os": 231,
          "AverageAttributedRatio-ip-app-dev-os": 35,
          "AverageAttributedRatio-cha": 154,
          "AverageAttributedRatio-ip-cha": 71,
          "AverageAttributedRatio-app-cha": 203,
          "AverageAttributedRatio-ip-app-cha": 63,
          "AverageAttributedRatio-dev-cha": 99,
          "AverageAttributedRatio-ip-dev-cha": 40,
          "AverageAttributedRatio-app-dev-cha": 164,
          "AverageAttributedRatio-ip-app-dev-cha": 32,
          "AverageAttributedRatio-os-cha": 145,
          "AverageAttributedRatio-ip-os-cha": 22,
          "AverageAttributedRatio-app-os-cha": 244,
          "AverageAttributedRatio-ip-app-os-cha": 20,
          "AverageAttributedRatio-dev-os-cha": 155,
          "AverageAttributedRatio-ip-dev-os-cha": 26,
          "AverageAttributedRatio-app-dev-os-cha": 230,
          "AverageAttributedRatio-ip-app-dev-os-cha": 14,
          "MedianAttributeTimePast-ip": 142,
          "MedianAttributeTimePast-app": 230,
          "MedianAttributeTimePast-ip-app": 81,
          "MedianAttributeTimePast-dev": 249,
          "MedianAttributeTimePast-ip-dev": 122,
          "MedianAttributeTimePast-app-dev": 253,
          "MedianAttributeTimePast-ip-app-dev": 76,
          "MedianAttributeTimePast-os": 229,
          "MedianAttributeTimePast-ip-os": 73,
          "MedianAttributeTimePast-app-os": 194,
          "MedianAttributeTimePast-ip-app-os": 30,
          "MedianAttributeTimePast-dev-os": 225,
          "MedianAttributeTimePast-ip-dev-os": 85,
          "MedianAttributeTimePast-app-dev-os": 151,
          "MedianAttributeTimePast-ip-app-dev-os": 37,
          "MedianAttributeTimePast-cha": 247,
          "MedianAttributeTimePast-ip-cha": 44,
          "MedianAttributeTimePast-app-cha": 196,
          "MedianAttributeTimePast-ip-app-cha": 28,
          "MedianAttributeTimePast-dev-cha": 187,
          "MedianAttributeTimePast-ip-dev-cha": 42,
          "MedianAttributeTimePast-app-dev-cha": 187,
          "MedianAttributeTimePast-ip-app-dev-cha": 42,
          "MedianAttributeTimePast-os-cha": 149,
          "MedianAttributeTimePast-ip-os-cha": 23,
          "MedianAttributeTimePast-app-os-cha": 198,
          "MedianAttributeTimePast-ip-app-os-cha": 8,
          "MedianAttributeTimePast-dev-os-cha": 165,
          "MedianAttributeTimePast-ip-dev-os-cha": 22,
          "MedianAttributeTimePast-app-dev-os-cha": 143,
          "MedianAttributeTimePast-ip-app-dev-os-cha": 14,
          "KomakiLDA5NoDevice-ip-app-0": 830,
          "KomakiLDA5NoDevice-ip-app-1": 679,
          "KomakiLDA5NoDevice-ip-app-2": 500,
          "KomakiLDA5NoDevice-ip-app-3": 429,
          "KomakiLDA5NoDevice-ip-app-4": 397,
          "KomakiLDA5NoDevice-ip-os-0": 443,
          "KomakiLDA5NoDevice-ip-os-1": 473,
          "KomakiLDA5NoDevice-ip-os-2": 503,
          "KomakiLDA5NoDevice-ip-os-3": 415,
          "KomakiLDA5NoDevice-ip-os-4": 305,
          "KomakiLDA5NoDevice-ip-channel-0": 374,
          "KomakiLDA5NoDevice-ip-channel-1": 565,
          "KomakiLDA5NoDevice-ip-channel-2": 519,
          "KomakiLDA5NoDevice-ip-channel-3": 531,
          "KomakiLDA5NoDevice-ip-channel-4": 584,
          "KomakiLDA5NoDevice-app-ip-0": 297,
          "KomakiLDA5NoDevice-app-ip-1": 223,
          "KomakiLDA5NoDevice-app-ip-2": 204,
          "KomakiLDA5NoDevice-app-ip-3": 253,
          "KomakiLDA5NoDevice-app-ip-4": 177,
          "KomakiLDA5NoDevice-app-os-0": 171,
          "KomakiLDA5NoDevice-app-os-1": 250,
          "KomakiLDA5NoDevice-app-os-2": 170,
          "KomakiLDA5NoDevice-app-os-3": 131,
          "KomakiLDA5NoDevice-app-os-4": 268,
          "KomakiLDA5NoDevice-app-channel-0": 150,
          "KomakiLDA5NoDevice-app-channel-1": 218,
          "KomakiLDA5NoDevice-app-channel-2": 178,
          "KomakiLDA5NoDevice-app-channel-3": 188,
          "KomakiLDA5NoDevice-app-channel-4": 125,
          "KomakiLDA5NoDevice-os-ip-0": 215,
          "KomakiLDA5NoDevice-os-ip-1": 146,
          "KomakiLDA5NoDevice-os-ip-2": 132,
          "KomakiLDA5NoDevice-os-ip-3": 136,
          "KomakiLDA5NoDevice-os-ip-4": 164,
          "KomakiLDA5NoDevice-os-app-0": 232,
          "KomakiLDA5NoDevice-os-app-1": 195,
          "KomakiLDA5NoDevice-os-app-2": 141,
          "KomakiLDA5NoDevice-os-app-3": 169,
          "KomakiLDA5NoDevice-os-app-4": 129,
          "KomakiLDA5NoDevice-os-channel-0": 229,
          "KomakiLDA5NoDevice-os-channel-1": 151,
          "KomakiLDA5NoDevice-os-channel-2": 155,
          "KomakiLDA5NoDevice-os-channel-3": 227,
          "KomakiLDA5NoDevice-os-channel-4": 148,
          "KomakiLDA5NoDevice-channel-ip-0": 149,
          "KomakiLDA5NoDevice-channel-ip-1": 194,
          "KomakiLDA5NoDevice-channel-ip-2": 194,
          "KomakiLDA5NoDevice-channel-ip-3": 193,
          "KomakiLDA5NoDevice-channel-ip-4": 191,
          "KomakiLDA5NoDevice-channel-app-0": 186,
          "KomakiLDA5NoDevice-channel-app-1": 109,
          "KomakiLDA5NoDevice-channel-app-2": 154,
          "KomakiLDA5NoDevice-channel-app-3": 143,
          "KomakiLDA5NoDevice-channel-app-4": 142,
          "KomakiLDA5NoDevice-channel-os-0": 139,
          "KomakiLDA5NoDevice-channel-os-1": 218,
          "KomakiLDA5NoDevice-channel-os-2": 173,
          "KomakiLDA5NoDevice-channel-os-3": 195,
          "KomakiLDA5NoDevice-channel-os-4": 138
        }
      }
    ],
    "average_train_auc": 0.9906462906119426,
    "average_valid_auc": 0.9835578783370188,
    "train_auc_std": 7.027517904401034e-05,
    "valid_auc_std": 8.862335038477378e-05,
    "average_train_time": 240.9857256412506
  },
  "config": {
    "features": [
      "ip",
      "os",
      "app",
      "channel",
      "hour",
      "count",
      "future_click_count_10",
      "future_click_count_80",
      "next_click_time_delta",
      "prev_click_time_delta",
      "average_attributed_ratio",
      "komaki_lda_5_no_device",
      "median_attribute_time_past_v2"
    ],
    "model": {
      "name": "lightgbm",
      "model_params": {
        "boosting_type": "gbdt",
        "objective": "binary",
        "metric": "auc",
        "learning_rate": 0.03,
        "num_leaves": 255,
        "max_depth": 8,
        "min_child_samples": 10,
        "max_bin": 100,
        "subsample": 0.7,
        "subsample_freq": 1,
        "colsample_bytree": 0.7,
        "min_child_weight": 0,
        "subsample_for_bin": 200000,
        "min_split_gain": 0,
        "reg_alpha": 0,
        "reg_lambda": 0,
        "verbose": 0
      },
      "train_params": {
        "num_boost_round": 1000,
        "early_stopping_rounds": 30
      }
    },
    "dataset": {
      "input_directory": "data/input/",
      "cache_directory": "data/working/",
      "validation_ratio": 0.33333333333,
      "full_data_train": true,
      "files": {
        "train": "train.feather",
        "test": "old_test.feather"
      },
      "negative_down_sampling": {
        "enabled": true,
        "bagging_size": 5,
        "random_state": 114514
      }
    },
    "note": "Introduce Median Attribute Time Past V2"
  }
}