{
  "training": {
    "trials": [
      {
        "train_auc": 0.9949819704618775,
        "valid_auc": 0.9847319863679216,
        "best_iteration": 690,
        "train_time": 538.3586962223053,
        "feature_importance": {
          "app": 3788,
          "hour": 4007,
          "n_channels": 1052,
          "ip_app_count": 1066,
          "ip_app_os_count": 1195,
          "FutureClickCount_600-ip": 651,
          "FutureClickCount_600-app": 568,
          "FutureClickCount_600-ip-app": 265,
          "FutureClickCount_600-dev": 294,
          "FutureClickCount_600-ip-dev": 617,
          "FutureClickCount_600-app-dev": 475,
          "FutureClickCount_600-ip-app-dev": 219,
          "FutureClickCount_600-os": 359,
          "FutureClickCount_600-ip-os": 532,
          "FutureClickCount_600-app-os": 495,
          "FutureClickCount_600-ip-app-os": 206,
          "FutureClickCount_600-dev-os": 703,
          "FutureClickCount_600-ip-dev-os": 460,
          "FutureClickCount_600-app-dev-os": 695,
          "FutureClickCount_600-ip-app-dev-os": 429,
          "FutureClickCount_600-cha": 619,
          "FutureClickCount_600-ip-cha": 140,
          "FutureClickCount_600-app-cha": 730,
          "FutureClickCount_600-ip-app-cha": 140,
          "FutureClickCount_600-dev-cha": 421,
          "FutureClickCount_600-ip-dev-cha": 133,
          "FutureClickCount_600-app-dev-cha": 453,
          "FutureClickCount_600-ip-app-dev-cha": 117,
          "FutureClickCount_600-os-cha": 379,
          "FutureClickCount_600-ip-os-cha": 107,
          "FutureClickCount_600-app-os-cha": 397,
          "FutureClickCount_600-ip-app-os-cha": 105,
          "FutureClickCount_600-dev-os-cha": 385,
          "FutureClickCount_600-ip-dev-os-cha": 104,
          "FutureClickCount_600-app-dev-os-cha": 360,
          "FutureClickCount_600-ip-app-dev-os-cha": 112,
          "FutureClickCount_4800-ip": 849,
          "FutureClickCount_4800-app": 365,
          "FutureClickCount_4800-ip-app": 392,
          "FutureClickCount_4800-dev": 106,
          "FutureClickCount_4800-ip-dev": 1076,
          "FutureClickCount_4800-app-dev": 245,
          "FutureClickCount_4800-ip-app-dev": 341,
          "FutureClickCount_4800-os": 162,
          "FutureClickCount_4800-ip-os": 620,
          "FutureClickCount_4800-app-os": 365,
          "FutureClickCount_4800-ip-app-os": 392,
          "FutureClickCount_4800-dev-os": 235,
          "FutureClickCount_4800-ip-dev-os": 833,
          "FutureClickCount_4800-app-dev-os": 540,
          "FutureClickCount_4800-ip-app-dev-os": 413,
          "FutureClickCount_4800-cha": 369,
          "FutureClickCount_4800-ip-cha": 246,
          "FutureClickCount_4800-app-cha": 599,
          "FutureClickCount_4800-ip-app-cha": 192,
          "FutureClickCount_4800-dev-cha": 250,
          "FutureClickCount_4800-ip-dev-cha": 256,
          "FutureClickCount_4800-app-dev-cha": 352,
          "FutureClickCount_4800-ip-app-dev-cha": 179,
          "FutureClickCount_4800-os-cha": 331,
          "FutureClickCount_4800-ip-os-cha": 180,
          "FutureClickCount_4800-app-os-cha": 352,
          "FutureClickCount_4800-ip-app-os-cha": 134,
          "FutureClickCount_4800-dev-os-cha": 339,
          "FutureClickCount_4800-ip-dev-os-cha": 127,
          "FutureClickCount_4800-app-dev-os-cha": 385,
          "FutureClickCount_4800-ip-app-dev-os-cha": 132,
          "NextClickTimeDelta-ip": 779,
          "NextClickTimeDelta-app": 142,
          "NextClickTimeDelta-ip-app": 1080,
          "NextClickTimeDelta-dev": 77,
          "NextClickTimeDelta-ip-dev": 582,
          "NextClickTimeDelta-app-dev": 122,
          "NextClickTimeDelta-ip-app-dev": 720,
          "NextClickTimeDelta-os": 139,
          "NextClickTimeDelta-ip-os": 692,
          "NextClickTimeDelta-app-os": 293,
          "NextClickTimeDelta-ip-app-os": 1578,
          "NextClickTimeDelta-dev-os": 109,
          "NextClickTimeDelta-ip-dev-os": 489,
          "NextClickTimeDelta-app-dev-os": 183,
          "NextClickTimeDelta-ip-app-dev-os": 2460,
          "NextClickTimeDelta-cha": 144,
          "NextClickTimeDelta-ip-cha": 575,
          "NextClickTimeDelta-app-cha": 219,
          "NextClickTimeDelta-ip-app-cha": 557,
          "NextClickTimeDelta-dev-cha": 158,
          "NextClickTimeDelta-ip-dev-cha": 440,
          "NextClickTimeDelta-app-dev-cha": 148,
          "NextClickTimeDelta-ip-app-dev-cha": 404,
          "NextClickTimeDelta-os-cha": 249,
          "NextClickTimeDelta-ip-os-cha": 427,
          "NextClickTimeDelta-app-os-cha": 354,
          "NextClickTimeDelta-ip-app-os-cha": 554,
          "NextClickTimeDelta-dev-os-cha": 244,
          "NextClickTimeDelta-ip-dev-os-cha": 393,
          "NextClickTimeDelta-app-dev-os-cha": 270,
          "NextClickTimeDelta-ip-app-dev-os-cha": 592,
          "PrevClickTimeDelta-ip": 791,
          "PrevClickTimeDelta-app": 160,
          "PrevClickTimeDelta-ip-app": 543,
          "PrevClickTimeDelta-dev": 81,
          "PrevClickTimeDelta-ip-dev": 472,
          "PrevClickTimeDelta-app-dev": 100,
          "PrevClickTimeDelta-ip-app-dev": 380,
          "PrevClickTimeDelta-os": 138,
          "PrevClickTimeDelta-ip-os": 584,
          "PrevClickTimeDelta-app-os": 237,
          "PrevClickTimeDelta-ip-app-os": 425,
          "PrevClickTimeDelta-dev-os": 99,
          "PrevClickTimeDelta-ip-dev-os": 374,
          "PrevClickTimeDelta-app-dev-os": 205,
          "PrevClickTimeDelta-ip-app-dev-os": 402,
          "PrevClickTimeDelta-cha": 132,
          "PrevClickTimeDelta-ip-cha": 476,
          "PrevClickTimeDelta-app-cha": 219,
          "PrevClickTimeDelta-ip-app-cha": 348,
          "PrevClickTimeDelta-dev-cha": 147,
          "PrevClickTimeDelta-ip-dev-cha": 323,
          "PrevClickTimeDelta-app-dev-cha": 141,
          "PrevClickTimeDelta-ip-app-dev-cha": 298,
          "PrevClickTimeDelta-os-cha": 285,
          "PrevClickTimeDelta-ip-os-cha": 363,
          "PrevClickTimeDelta-app-os-cha": 331,
          "PrevClickTimeDelta-ip-app-os-cha": 279,
          "PrevClickTimeDelta-dev-os-cha": 211,
          "PrevClickTimeDelta-ip-dev-os-cha": 220,
          "PrevClickTimeDelta-app-dev-os-cha": 267,
          "PrevClickTimeDelta-ip-app-dev-os-cha": 213,
          "AverageAttributedRatio-ip": 559,
          "AverageAttributedRatio-app": 480,
          "AverageAttributedRatio-ip-app": 351,
          "AverageAttributedRatio-dev": 809,
          "AverageAttributedRatio-ip-dev": 548,
          "AverageAttributedRatio-app-dev": 336,
          "AverageAttributedRatio-ip-app-dev": 510,
          "AverageAttributedRatio-os": 535,
          "AverageAttributedRatio-ip-os": 338,
          "AverageAttributedRatio-app-os": 445,
          "AverageAttributedRatio-ip-app-os": 150,
          "AverageAttributedRatio-dev-os": 409,
          "AverageAttributedRatio-ip-dev-os": 348,
          "AverageAttributedRatio-app-dev-os": 396,
          "AverageAttributedRatio-ip-app-dev-os": 134,
          "AverageAttributedRatio-cha": 414,
          "AverageAttributedRatio-ip-cha": 206,
          "AverageAttributedRatio-app-cha": 371,
          "AverageAttributedRatio-ip-app-cha": 165,
          "AverageAttributedRatio-dev-cha": 250,
          "AverageAttributedRatio-ip-dev-cha": 141,
          "AverageAttributedRatio-app-dev-cha": 348,
          "AverageAttributedRatio-ip-app-dev-cha": 155,
          "AverageAttributedRatio-os-cha": 410,
          "AverageAttributedRatio-ip-os-cha": 123,
          "AverageAttributedRatio-app-os-cha": 469,
          "AverageAttributedRatio-ip-app-os-cha": 90,
          "AverageAttributedRatio-dev-os-cha": 330,
          "AverageAttributedRatio-ip-dev-os-cha": 95,
          "AverageAttributedRatio-app-dev-os-cha": 419,
          "AverageAttributedRatio-ip-app-dev-os-cha": 59,
          "KomakiLDA5NoDevice-ip-app-0": 1144,
          "KomakiLDA5NoDevice-ip-app-1": 1119,
          "KomakiLDA5NoDevice-ip-app-2": 1257,
          "KomakiLDA5NoDevice-ip-app-3": 717,
          "KomakiLDA5NoDevice-ip-app-4": 627,
          "KomakiLDA5NoDevice-ip-os-0": 1171,
          "KomakiLDA5NoDevice-ip-os-1": 1169,
          "KomakiLDA5NoDevice-ip-os-2": 712,
          "KomakiLDA5NoDevice-ip-os-3": 805,
          "KomakiLDA5NoDevice-ip-os-4": 1116,
          "KomakiLDA5NoDevice-ip-channel-0": 1126,
          "KomakiLDA5NoDevice-ip-channel-1": 868,
          "KomakiLDA5NoDevice-ip-channel-2": 1123,
          "KomakiLDA5NoDevice-ip-channel-3": 1209,
          "KomakiLDA5NoDevice-ip-channel-4": 1216,
          "KomakiLDA5NoDevice-app-ip-0": 286,
          "KomakiLDA5NoDevice-app-ip-1": 245,
          "KomakiLDA5NoDevice-app-ip-2": 191,
          "KomakiLDA5NoDevice-app-ip-3": 230,
          "KomakiLDA5NoDevice-app-ip-4": 157,
          "KomakiLDA5NoDevice-app-os-0": 161,
          "KomakiLDA5NoDevice-app-os-1": 206,
          "KomakiLDA5NoDevice-app-os-2": 153,
          "KomakiLDA5NoDevice-app-os-3": 133,
          "KomakiLDA5NoDevice-app-os-4": 132,
          "KomakiLDA5NoDevice-app-channel-0": 159,
          "KomakiLDA5NoDevice-app-channel-1": 159,
          "KomakiLDA5NoDevice-app-channel-2": 237,
          "KomakiLDA5NoDevice-app-channel-3": 190,
          "KomakiLDA5NoDevice-app-channel-4": 114,
          "KomakiLDA5NoDevice-os-ip-0": 347,
          "KomakiLDA5NoDevice-os-ip-1": 240,
          "KomakiLDA5NoDevice-os-ip-2": 258,
          "KomakiLDA5NoDevice-os-ip-3": 213,
          "KomakiLDA5NoDevice-os-ip-4": 200,
          "KomakiLDA5NoDevice-os-app-0": 323,
          "KomakiLDA5NoDevice-os-app-1": 348,
          "KomakiLDA5NoDevice-os-app-2": 115,
          "KomakiLDA5NoDevice-os-app-3": 230,
          "KomakiLDA5NoDevice-os-app-4": 127,
          "KomakiLDA5NoDevice-os-channel-0": 299,
          "KomakiLDA5NoDevice-os-channel-1": 165,
          "KomakiLDA5NoDevice-os-channel-2": 244,
          "KomakiLDA5NoDevice-os-channel-3": 299,
          "KomakiLDA5NoDevice-os-channel-4": 167,
          "KomakiLDA5NoDevice-channel-ip-0": 299,
          "KomakiLDA5NoDevice-channel-ip-1": 304,
          "KomakiLDA5NoDevice-channel-ip-2": 235,
          "KomakiLDA5NoDevice-channel-ip-3": 395,
          "KomakiLDA5NoDevice-channel-ip-4": 248,
          "KomakiLDA5NoDevice-channel-app-0": 309,
          "KomakiLDA5NoDevice-channel-app-1": 253,
          "KomakiLDA5NoDevice-channel-app-2": 291,
          "KomakiLDA5NoDevice-channel-app-3": 243,
          "KomakiLDA5NoDevice-channel-app-4": 216,
          "KomakiLDA5NoDevice-channel-os-0": 294,
          "KomakiLDA5NoDevice-channel-os-1": 336,
          "KomakiLDA5NoDevice-channel-os-2": 358,
          "KomakiLDA5NoDevice-channel-os-3": 256,
          "KomakiLDA5NoDevice-channel-os-4": 302,
          "KomakiNMF5NoDevice-ip-app-0": 656,
          "KomakiNMF5NoDevice-ip-app-1": 1038,
          "KomakiNMF5NoDevice-ip-app-2": 830,
          "KomakiNMF5NoDevice-ip-app-3": 615,
          "KomakiNMF5NoDevice-ip-app-4": 717,
          "KomakiNMF5NoDevice-ip-os-0": 877,
          "KomakiNMF5NoDevice-ip-os-1": 911,
          "KomakiNMF5NoDevice-ip-os-2": 815,
          "KomakiNMF5NoDevice-ip-os-3": 865,
          "KomakiNMF5NoDevice-ip-os-4": 840,
          "KomakiNMF5NoDevice-ip-channel-0": 814,
          "KomakiNMF5NoDevice-ip-channel-1": 1255,
          "KomakiNMF5NoDevice-ip-channel-2": 707,
          "KomakiNMF5NoDevice-ip-channel-3": 930,
          "KomakiNMF5NoDevice-ip-channel-4": 899,
          "KomakiNMF5NoDevice-app-ip-0": 122,
          "KomakiNMF5NoDevice-app-ip-1": 140,
          "KomakiNMF5NoDevice-app-ip-2": 137,
          "KomakiNMF5NoDevice-app-ip-3": 122,
          "KomakiNMF5NoDevice-app-ip-4": 74,
          "KomakiNMF5NoDevice-app-os-0": 55,
          "KomakiNMF5NoDevice-app-os-1": 111,
          "KomakiNMF5NoDevice-app-os-2": 98,
          "KomakiNMF5NoDevice-app-os-3": 27,
          "KomakiNMF5NoDevice-app-os-4": 51,
          "KomakiNMF5NoDevice-app-channel-0": 91,
          "KomakiNMF5NoDevice-app-channel-1": 136,
          "KomakiNMF5NoDevice-app-channel-2": 125,
          "KomakiNMF5NoDevice-app-channel-3": 128,
          "KomakiNMF5NoDevice-app-channel-4": 110,
          "KomakiNMF5NoDevice-os-ip-0": 147,
          "KomakiNMF5NoDevice-os-ip-1": 137,
          "KomakiNMF5NoDevice-os-ip-2": 134,
          "KomakiNMF5NoDevice-os-ip-3": 147,
          "KomakiNMF5NoDevice-os-ip-4": 126,
          "KomakiNMF5NoDevice-os-app-0": 90,
          "KomakiNMF5NoDevice-os-app-1": 38,
          "KomakiNMF5NoDevice-os-app-2": 113,
          "KomakiNMF5NoDevice-os-app-3": 207,
          "KomakiNMF5NoDevice-os-app-4": 124,
          "KomakiNMF5NoDevice-os-channel-0": 295,
          "KomakiNMF5NoDevice-os-channel-1": 118,
          "KomakiNMF5NoDevice-os-channel-2": 310,
          "KomakiNMF5NoDevice-os-channel-3": 194,
          "KomakiNMF5NoDevice-os-channel-4": 189,
          "KomakiNMF5NoDevice-channel-ip-0": 364,
          "KomakiNMF5NoDevice-channel-ip-1": 237,
          "KomakiNMF5NoDevice-channel-ip-2": 204,
          "KomakiNMF5NoDevice-channel-ip-3": 250,
          "KomakiNMF5NoDevice-channel-ip-4": 253,
          "KomakiNMF5NoDevice-channel-app-0": 142,
          "KomakiNMF5NoDevice-channel-app-1": 75,
          "KomakiNMF5NoDevice-channel-app-2": 151,
          "KomakiNMF5NoDevice-channel-app-3": 125,
          "KomakiNMF5NoDevice-channel-app-4": 178,
          "KomakiNMF5NoDevice-channel-os-0": 260,
          "KomakiNMF5NoDevice-channel-os-1": 94,
          "KomakiNMF5NoDevice-channel-os-2": 227,
          "KomakiNMF5NoDevice-channel-os-3": 149,
          "KomakiNMF5NoDevice-channel-os-4": 275,
          "KomakiPCA5NoDevice-ip-app-0": 1075,
          "KomakiPCA5NoDevice-ip-app-1": 789,
          "KomakiPCA5NoDevice-ip-app-2": 853,
          "KomakiPCA5NoDevice-ip-app-3": 669,
          "KomakiPCA5NoDevice-ip-app-4": 955,
          "KomakiPCA5NoDevice-ip-os-0": 1168,
          "KomakiPCA5NoDevice-ip-os-1": 810,
          "KomakiPCA5NoDevice-ip-os-2": 842,
          "KomakiPCA5NoDevice-ip-os-3": 764,
          "KomakiPCA5NoDevice-ip-os-4": 943,
          "KomakiPCA5NoDevice-ip-channel-0": 1220,
          "KomakiPCA5NoDevice-ip-channel-1": 882,
          "KomakiPCA5NoDevice-ip-channel-2": 792,
          "KomakiPCA5NoDevice-ip-channel-3": 862,
          "KomakiPCA5NoDevice-ip-channel-4": 934,
          "KomakiPCA5NoDevice-app-ip-0": 84,
          "KomakiPCA5NoDevice-app-ip-1": 109,
          "KomakiPCA5NoDevice-app-ip-2": 106,
          "KomakiPCA5NoDevice-app-ip-3": 175,
          "KomakiPCA5NoDevice-app-ip-4": 95,
          "KomakiPCA5NoDevice-app-os-0": 141,
          "KomakiPCA5NoDevice-app-os-1": 88,
          "KomakiPCA5NoDevice-app-os-2": 117,
          "KomakiPCA5NoDevice-app-os-3": 137,
          "KomakiPCA5NoDevice-app-os-4": 112,
          "KomakiPCA5NoDevice-app-channel-0": 114,
          "KomakiPCA5NoDevice-app-channel-1": 171,
          "KomakiPCA5NoDevice-app-channel-2": 122,
          "KomakiPCA5NoDevice-app-channel-3": 114,
          "KomakiPCA5NoDevice-app-channel-4": 130,
          "KomakiPCA5NoDevice-os-ip-0": 77,
          "KomakiPCA5NoDevice-os-ip-1": 125,
          "KomakiPCA5NoDevice-os-ip-2": 167,
          "KomakiPCA5NoDevice-os-ip-3": 174,
          "KomakiPCA5NoDevice-os-ip-4": 146,
          "KomakiPCA5NoDevice-os-app-0": 144,
          "KomakiPCA5NoDevice-os-app-1": 137,
          "KomakiPCA5NoDevice-os-app-2": 108,
          "KomakiPCA5NoDevice-os-app-3": 197,
          "KomakiPCA5NoDevice-os-app-4": 196,
          "KomakiPCA5NoDevice-os-channel-0": 194,
          "KomakiPCA5NoDevice-os-channel-1": 207,
          "KomakiPCA5NoDevice-os-channel-2": 139,
          "KomakiPCA5NoDevice-os-channel-3": 135,
          "KomakiPCA5NoDevice-os-channel-4": 152,
          "KomakiPCA5NoDevice-channel-ip-0": 280,
          "KomakiPCA5NoDevice-channel-ip-1": 272,
          "KomakiPCA5NoDevice-channel-ip-2": 234,
          "KomakiPCA5NoDevice-channel-ip-3": 213,
          "KomakiPCA5NoDevice-channel-ip-4": 274,
          "KomakiPCA5NoDevice-channel-app-0": 269,
          "KomakiPCA5NoDevice-channel-app-1": 179,
          "KomakiPCA5NoDevice-channel-app-2": 216,
          "KomakiPCA5NoDevice-channel-app-3": 176,
          "KomakiPCA5NoDevice-channel-app-4": 219,
          "KomakiPCA5NoDevice-channel-os-0": 240,
          "KomakiPCA5NoDevice-channel-os-1": 252,
          "KomakiPCA5NoDevice-channel-os-2": 190,
          "KomakiPCA5NoDevice-channel-os-3": 218,
          "KomakiPCA5NoDevice-channel-os-4": 221
        }
      },
      {
        "train_auc": 0.994768173964936,
        "valid_auc": 0.984473232374081,
        "best_iteration": 659,
        "train_time": 505.09036660194397,
        "feature_importance": {
          "app": 3666,
          "hour": 3867,
          "n_channels": 1022,
          "ip_app_count": 1034,
          "ip_app_os_count": 1213,
          "FutureClickCount_600-ip": 610,
          "FutureClickCount_600-app": 541,
          "FutureClickCount_600-ip-app": 243,
          "FutureClickCount_600-dev": 313,
          "FutureClickCount_600-ip-dev": 597,
          "FutureClickCount_600-app-dev": 416,
          "FutureClickCount_600-ip-app-dev": 202,
          "FutureClickCount_600-os": 305,
          "FutureClickCount_600-ip-os": 459,
          "FutureClickCount_600-app-os": 487,
          "FutureClickCount_600-ip-app-os": 261,
          "FutureClickCount_600-dev-os": 593,
          "FutureClickCount_600-ip-dev-os": 419,
          "FutureClickCount_600-app-dev-os": 665,
          "FutureClickCount_600-ip-app-dev-os": 397,
          "FutureClickCount_600-cha": 490,
          "FutureClickCount_600-ip-cha": 156,
          "FutureClickCount_600-app-cha": 648,
          "FutureClickCount_600-ip-app-cha": 109,
          "FutureClickCount_600-dev-cha": 402,
          "FutureClickCount_600-ip-dev-cha": 148,
          "FutureClickCount_600-app-dev-cha": 402,
          "FutureClickCount_600-ip-app-dev-cha": 95,
          "FutureClickCount_600-os-cha": 351,
          "FutureClickCount_600-ip-os-cha": 109,
          "FutureClickCount_600-app-os-cha": 421,
          "FutureClickCount_600-ip-app-os-cha": 97,
          "FutureClickCount_600-dev-os-cha": 358,
          "FutureClickCount_600-ip-dev-os-cha": 68,
          "FutureClickCount_600-app-dev-os-cha": 376,
          "FutureClickCount_600-ip-app-dev-os-cha": 80,
          "FutureClickCount_4800-ip": 838,
          "FutureClickCount_4800-app": 369,
          "FutureClickCount_4800-ip-app": 414,
          "FutureClickCount_4800-dev": 90,
          "FutureClickCount_4800-ip-dev": 1093,
          "FutureClickCount_4800-app-dev": 233,
          "FutureClickCount_4800-ip-app-dev": 379,
          "FutureClickCount_4800-os": 180,
          "FutureClickCount_4800-ip-os": 547,
          "FutureClickCount_4800-app-os": 343,
          "FutureClickCount_4800-ip-app-os": 370,
          "FutureClickCount_4800-dev-os": 247,
          "FutureClickCount_4800-ip-dev-os": 820,
          "FutureClickCount_4800-app-dev-os": 546,
          "FutureClickCount_4800-ip-app-dev-os": 462,
          "FutureClickCount_4800-cha": 338,
          "FutureClickCount_4800-ip-cha": 277,
          "FutureClickCount_4800-app-cha": 590,
          "FutureClickCount_4800-ip-app-cha": 188,
          "FutureClickCount_4800-dev-cha": 256,
          "FutureClickCount_4800-ip-dev-cha": 246,
          "FutureClickCount_4800-app-dev-cha": 356,
          "FutureClickCount_4800-ip-app-dev-cha": 181,
          "FutureClickCount_4800-os-cha": 339,
          "FutureClickCount_4800-ip-os-cha": 152,
          "FutureClickCount_4800-app-os-cha": 368,
          "FutureClickCount_4800-ip-app-os-cha": 148,
          "FutureClickCount_4800-dev-os-cha": 364,
          "FutureClickCount_4800-ip-dev-os-cha": 134,
          "FutureClickCount_4800-app-dev-os-cha": 409,
          "FutureClickCount_4800-ip-app-dev-os-cha": 135,
          "NextClickTimeDelta-ip": 776,
          "NextClickTimeDelta-app": 141,
          "NextClickTimeDelta-ip-app": 1074,
          "NextClickTimeDelta-dev": 72,
          "NextClickTimeDelta-ip-dev": 578,
          "NextClickTimeDelta-app-dev": 120,
          "NextClickTimeDelta-ip-app-dev": 614,
          "NextClickTimeDelta-os": 113,
          "NextClickTimeDelta-ip-os": 697,
          "NextClickTimeDelta-app-os": 232,
          "NextClickTimeDelta-ip-app-os": 1492,
          "NextClickTimeDelta-dev-os": 90,
          "NextClickTimeDelta-ip-dev-os": 477,
          "NextClickTimeDelta-app-dev-os": 218,
          "NextClickTimeDelta-ip-app-dev-os": 2385,
          "NextClickTimeDelta-cha": 174,
          "NextClickTimeDelta-ip-cha": 631,
          "NextClickTimeDelta-app-cha": 228,
          "NextClickTimeDelta-ip-app-cha": 553,
          "NextClickTimeDelta-dev-cha": 126,
          "NextClickTimeDelta-ip-dev-cha": 406,
          "NextClickTimeDelta-app-dev-cha": 187,
          "NextClickTimeDelta-ip-app-dev-cha": 382,
          "NextClickTimeDelta-os-cha": 287,
          "NextClickTimeDelta-ip-os-cha": 426,
          "NextClickTimeDelta-app-os-cha": 340,
          "NextClickTimeDelta-ip-app-os-cha": 520,
          "NextClickTimeDelta-dev-os-cha": 206,
          "NextClickTimeDelta-ip-dev-os-cha": 316,
          "NextClickTimeDelta-app-dev-os-cha": 277,
          "NextClickTimeDelta-ip-app-dev-os-cha": 570,
          "PrevClickTimeDelta-ip": 614,
          "PrevClickTimeDelta-app": 173,
          "PrevClickTimeDelta-ip-app": 554,
          "PrevClickTimeDelta-dev": 62,
          "PrevClickTimeDelta-ip-dev": 405,
          "PrevClickTimeDelta-app-dev": 85,
          "PrevClickTimeDelta-ip-app-dev": 333,
          "PrevClickTimeDelta-os": 152,
          "PrevClickTimeDelta-ip-os": 554,
          "PrevClickTimeDelta-app-os": 244,
          "PrevClickTimeDelta-ip-app-os": 424,
          "PrevClickTimeDelta-dev-os": 98,
          "PrevClickTimeDelta-ip-dev-os": 389,
          "PrevClickTimeDelta-app-dev-os": 191,
          "PrevClickTimeDelta-ip-app-dev-os": 374,
          "PrevClickTimeDelta-cha": 143,
          "PrevClickTimeDelta-ip-cha": 430,
          "PrevClickTimeDelta-app-cha": 200,
          "PrevClickTimeDelta-ip-app-cha": 367,
          "PrevClickTimeDelta-dev-cha": 136,
          "PrevClickTimeDelta-ip-dev-cha": 329,
          "PrevClickTimeDelta-app-dev-cha": 130,
          "PrevClickTimeDelta-ip-app-dev-cha": 321,
          "PrevClickTimeDelta-os-cha": 306,
          "PrevClickTimeDelta-ip-os-cha": 324,
          "PrevClickTimeDelta-app-os-cha": 284,
          "PrevClickTimeDelta-ip-app-os-cha": 286,
          "PrevClickTimeDelta-dev-os-cha": 208,
          "PrevClickTimeDelta-ip-dev-os-cha": 229,
          "PrevClickTimeDelta-app-dev-os-cha": 252,
          "PrevClickTimeDelta-ip-app-dev-os-cha": 213,
          "AverageAttributedRatio-ip": 552,
          "AverageAttributedRatio-app": 485,
          "AverageAttributedRatio-ip-app": 397,
          "AverageAttributedRatio-dev": 738,
          "AverageAttributedRatio-ip-dev": 549,
          "AverageAttributedRatio-app-dev": 312,
          "AverageAttributedRatio-ip-app-dev": 504,
          "AverageAttributedRatio-os": 469,
          "AverageAttributedRatio-ip-os": 341,
          "AverageAttributedRatio-app-os": 391,
          "AverageAttributedRatio-ip-app-os": 165,
          "AverageAttributedRatio-dev-os": 398,
          "AverageAttributedRatio-ip-dev-os": 330,
          "AverageAttributedRatio-app-dev-os": 422,
          "AverageAttributedRatio-ip-app-dev-os": 143,
          "AverageAttributedRatio-cha": 401,
          "AverageAttributedRatio-ip-cha": 221,
          "AverageAttributedRatio-app-cha": 326,
          "AverageAttributedRatio-ip-app-cha": 183,
          "AverageAttributedRatio-dev-cha": 272,
          "AverageAttributedRatio-ip-dev-cha": 172,
          "AverageAttributedRatio-app-dev-cha": 347,
          "AverageAttributedRatio-ip-app-dev-cha": 162,
          "AverageAttributedRatio-os-cha": 334,
          "AverageAttributedRatio-ip-os-cha": 101,
          "AverageAttributedRatio-app-os-cha": 470,
          "AverageAttributedRatio-ip-app-os-cha": 66,
          "AverageAttributedRatio-dev-os-cha": 324,
          "AverageAttributedRatio-ip-dev-os-cha": 62,
          "AverageAttributedRatio-app-dev-os-cha": 436,
          "AverageAttributedRatio-ip-app-dev-os-cha": 74,
          "KomakiLDA5NoDevice-ip-app-0": 1122,
          "KomakiLDA5NoDevice-ip-app-1": 1117,
          "KomakiLDA5NoDevice-ip-app-2": 1199,
          "KomakiLDA5NoDevice-ip-app-3": 767,
          "KomakiLDA5NoDevice-ip-app-4": 587,
          "KomakiLDA5NoDevice-ip-os-0": 1124,
          "KomakiLDA5NoDevice-ip-os-1": 1155,
          "KomakiLDA5NoDevice-ip-os-2": 697,
          "KomakiLDA5NoDevice-ip-os-3": 813,
          "KomakiLDA5NoDevice-ip-os-4": 994,
          "KomakiLDA5NoDevice-ip-channel-0": 1043,
          "KomakiLDA5NoDevice-ip-channel-1": 865,
          "KomakiLDA5NoDevice-ip-channel-2": 989,
          "KomakiLDA5NoDevice-ip-channel-3": 1168,
          "KomakiLDA5NoDevice-ip-channel-4": 1179,
          "KomakiLDA5NoDevice-app-ip-0": 285,
          "KomakiLDA5NoDevice-app-ip-1": 261,
          "KomakiLDA5NoDevice-app-ip-2": 210,
          "KomakiLDA5NoDevice-app-ip-3": 232,
          "KomakiLDA5NoDevice-app-ip-4": 161,
          "KomakiLDA5NoDevice-app-os-0": 147,
          "KomakiLDA5NoDevice-app-os-1": 220,
          "KomakiLDA5NoDevice-app-os-2": 149,
          "KomakiLDA5NoDevice-app-os-3": 113,
          "KomakiLDA5NoDevice-app-os-4": 173,
          "KomakiLDA5NoDevice-app-channel-0": 161,
          "KomakiLDA5NoDevice-app-channel-1": 154,
          "KomakiLDA5NoDevice-app-channel-2": 237,
          "KomakiLDA5NoDevice-app-channel-3": 185,
          "KomakiLDA5NoDevice-app-channel-4": 103,
          "KomakiLDA5NoDevice-os-ip-0": 323,
          "KomakiLDA5NoDevice-os-ip-1": 204,
          "KomakiLDA5NoDevice-os-ip-2": 237,
          "KomakiLDA5NoDevice-os-ip-3": 208,
          "KomakiLDA5NoDevice-os-ip-4": 241,
          "KomakiLDA5NoDevice-os-app-0": 295,
          "KomakiLDA5NoDevice-os-app-1": 340,
          "KomakiLDA5NoDevice-os-app-2": 138,
          "KomakiLDA5NoDevice-os-app-3": 218,
          "KomakiLDA5NoDevice-os-app-4": 115,
          "KomakiLDA5NoDevice-os-channel-0": 255,
          "KomakiLDA5NoDevice-os-channel-1": 136,
          "KomakiLDA5NoDevice-os-channel-2": 245,
          "KomakiLDA5NoDevice-os-channel-3": 288,
          "KomakiLDA5NoDevice-os-channel-4": 175,
          "KomakiLDA5NoDevice-channel-ip-0": 274,
          "KomakiLDA5NoDevice-channel-ip-1": 272,
          "KomakiLDA5NoDevice-channel-ip-2": 226,
          "KomakiLDA5NoDevice-channel-ip-3": 347,
          "KomakiLDA5NoDevice-channel-ip-4": 228,
          "KomakiLDA5NoDevice-channel-app-0": 295,
          "KomakiLDA5NoDevice-channel-app-1": 238,
          "KomakiLDA5NoDevice-channel-app-2": 259,
          "KomakiLDA5NoDevice-channel-app-3": 251,
          "KomakiLDA5NoDevice-channel-app-4": 223,
          "KomakiLDA5NoDevice-channel-os-0": 277,
          "KomakiLDA5NoDevice-channel-os-1": 280,
          "KomakiLDA5NoDevice-channel-os-2": 285,
          "KomakiLDA5NoDevice-channel-os-3": 257,
          "KomakiLDA5NoDevice-channel-os-4": 275,
          "KomakiNMF5NoDevice-ip-app-0": 601,
          "KomakiNMF5NoDevice-ip-app-1": 1005,
          "KomakiNMF5NoDevice-ip-app-2": 800,
          "KomakiNMF5NoDevice-ip-app-3": 549,
          "KomakiNMF5NoDevice-ip-app-4": 746,
          "KomakiNMF5NoDevice-ip-os-0": 872,
          "KomakiNMF5NoDevice-ip-os-1": 866,
          "KomakiNMF5NoDevice-ip-os-2": 751,
          "KomakiNMF5NoDevice-ip-os-3": 823,
          "KomakiNMF5NoDevice-ip-os-4": 763,
          "KomakiNMF5NoDevice-ip-channel-0": 703,
          "KomakiNMF5NoDevice-ip-channel-1": 1179,
          "KomakiNMF5NoDevice-ip-channel-2": 662,
          "KomakiNMF5NoDevice-ip-channel-3": 949,
          "KomakiNMF5NoDevice-ip-channel-4": 732,
          "KomakiNMF5NoDevice-app-ip-0": 115,
          "KomakiNMF5NoDevice-app-ip-1": 132,
          "KomakiNMF5NoDevice-app-ip-2": 113,
          "KomakiNMF5NoDevice-app-ip-3": 131,
          "KomakiNMF5NoDevice-app-ip-4": 94,
          "KomakiNMF5NoDevice-app-os-0": 43,
          "KomakiNMF5NoDevice-app-os-1": 109,
          "KomakiNMF5NoDevice-app-os-2": 90,
          "KomakiNMF5NoDevice-app-os-3": 35,
          "KomakiNMF5NoDevice-app-os-4": 60,
          "KomakiNMF5NoDevice-app-channel-0": 118,
          "KomakiNMF5NoDevice-app-channel-1": 119,
          "KomakiNMF5NoDevice-app-channel-2": 115,
          "KomakiNMF5NoDevice-app-channel-3": 142,
          "KomakiNMF5NoDevice-app-channel-4": 95,
          "KomakiNMF5NoDevice-os-ip-0": 152,
          "KomakiNMF5NoDevice-os-ip-1": 137,
          "KomakiNMF5NoDevice-os-ip-2": 157,
          "KomakiNMF5NoDevice-os-ip-3": 151,
          "KomakiNMF5NoDevice-os-ip-4": 128,
          "KomakiNMF5NoDevice-os-app-0": 86,
          "KomakiNMF5NoDevice-os-app-1": 14,
          "KomakiNMF5NoDevice-os-app-2": 103,
          "KomakiNMF5NoDevice-os-app-3": 227,
          "KomakiNMF5NoDevice-os-app-4": 122,
          "KomakiNMF5NoDevice-os-channel-0": 275,
          "KomakiNMF5NoDevice-os-channel-1": 140,
          "KomakiNMF5NoDevice-os-channel-2": 249,
          "KomakiNMF5NoDevice-os-channel-3": 194,
          "KomakiNMF5NoDevice-os-channel-4": 157,
          "KomakiNMF5NoDevice-channel-ip-0": 314,
          "KomakiNMF5NoDevice-channel-ip-1": 198,
          "KomakiNMF5NoDevice-channel-ip-2": 226,
          "KomakiNMF5NoDevice-channel-ip-3": 302,
          "KomakiNMF5NoDevice-channel-ip-4": 240,
          "KomakiNMF5NoDevice-channel-app-0": 132,
          "KomakiNMF5NoDevice-channel-app-1": 56,
          "KomakiNMF5NoDevice-channel-app-2": 121,
          "KomakiNMF5NoDevice-channel-app-3": 122,
          "KomakiNMF5NoDevice-channel-app-4": 190,
          "KomakiNMF5NoDevice-channel-os-0": 236,
          "KomakiNMF5NoDevice-channel-os-1": 79,
          "KomakiNMF5NoDevice-channel-os-2": 210,
          "KomakiNMF5NoDevice-channel-os-3": 135,
          "KomakiNMF5NoDevice-channel-os-4": 251,
          "KomakiPCA5NoDevice-ip-app-0": 1000,
          "KomakiPCA5NoDevice-ip-app-1": 746,
          "KomakiPCA5NoDevice-ip-app-2": 827,
          "KomakiPCA5NoDevice-ip-app-3": 617,
          "KomakiPCA5NoDevice-ip-app-4": 974,
          "KomakiPCA5NoDevice-ip-os-0": 1093,
          "KomakiPCA5NoDevice-ip-os-1": 827,
          "KomakiPCA5NoDevice-ip-os-2": 773,
          "KomakiPCA5NoDevice-ip-os-3": 715,
          "KomakiPCA5NoDevice-ip-os-4": 842,
          "KomakiPCA5NoDevice-ip-channel-0": 1109,
          "KomakiPCA5NoDevice-ip-channel-1": 789,
          "KomakiPCA5NoDevice-ip-channel-2": 770,
          "KomakiPCA5NoDevice-ip-channel-3": 802,
          "KomakiPCA5NoDevice-ip-channel-4": 776,
          "KomakiPCA5NoDevice-app-ip-0": 103,
          "KomakiPCA5NoDevice-app-ip-1": 101,
          "KomakiPCA5NoDevice-app-ip-2": 109,
          "KomakiPCA5NoDevice-app-ip-3": 126,
          "KomakiPCA5NoDevice-app-ip-4": 87,
          "KomakiPCA5NoDevice-app-os-0": 148,
          "KomakiPCA5NoDevice-app-os-1": 77,
          "KomakiPCA5NoDevice-app-os-2": 116,
          "KomakiPCA5NoDevice-app-os-3": 141,
          "KomakiPCA5NoDevice-app-os-4": 112,
          "KomakiPCA5NoDevice-app-channel-0": 102,
          "KomakiPCA5NoDevice-app-channel-1": 141,
          "KomakiPCA5NoDevice-app-channel-2": 107,
          "KomakiPCA5NoDevice-app-channel-3": 105,
          "KomakiPCA5NoDevice-app-channel-4": 128,
          "KomakiPCA5NoDevice-os-ip-0": 78,
          "KomakiPCA5NoDevice-os-ip-1": 135,
          "KomakiPCA5NoDevice-os-ip-2": 164,
          "KomakiPCA5NoDevice-os-ip-3": 198,
          "KomakiPCA5NoDevice-os-ip-4": 145,
          "KomakiPCA5NoDevice-os-app-0": 137,
          "KomakiPCA5NoDevice-os-app-1": 107,
          "KomakiPCA5NoDevice-os-app-2": 84,
          "KomakiPCA5NoDevice-os-app-3": 189,
          "KomakiPCA5NoDevice-os-app-4": 240,
          "KomakiPCA5NoDevice-os-channel-0": 178,
          "KomakiPCA5NoDevice-os-channel-1": 187,
          "KomakiPCA5NoDevice-os-channel-2": 128,
          "KomakiPCA5NoDevice-os-channel-3": 102,
          "KomakiPCA5NoDevice-os-channel-4": 130,
          "KomakiPCA5NoDevice-channel-ip-0": 263,
          "KomakiPCA5NoDevice-channel-ip-1": 279,
          "KomakiPCA5NoDevice-channel-ip-2": 234,
          "KomakiPCA5NoDevice-channel-ip-3": 208,
          "KomakiPCA5NoDevice-channel-ip-4": 325,
          "KomakiPCA5NoDevice-channel-app-0": 251,
          "KomakiPCA5NoDevice-channel-app-1": 155,
          "KomakiPCA5NoDevice-channel-app-2": 176,
          "KomakiPCA5NoDevice-channel-app-3": 169,
          "KomakiPCA5NoDevice-channel-app-4": 163,
          "KomakiPCA5NoDevice-channel-os-0": 240,
          "KomakiPCA5NoDevice-channel-os-1": 190,
          "KomakiPCA5NoDevice-channel-os-2": 169,
          "KomakiPCA5NoDevice-channel-os-3": 182,
          "KomakiPCA5NoDevice-channel-os-4": 230
        }
      },
      {
        "train_auc": 0.9934110933797794,
        "valid_auc": 0.9842817593642238,
        "best_iteration": 517,
        "train_time": 413.6245024204254,
        "feature_importance": {
          "app": 2967,
          "hour": 2988,
          "n_channels": 831,
          "ip_app_count": 874,
          "ip_app_os_count": 1067,
          "FutureClickCount_600-ip": 481,
          "FutureClickCount_600-app": 382,
          "FutureClickCount_600-ip-app": 213,
          "FutureClickCount_600-dev": 278,
          "FutureClickCount_600-ip-dev": 424,
          "FutureClickCount_600-app-dev": 383,
          "FutureClickCount_600-ip-app-dev": 174,
          "FutureClickCount_600-os": 248,
          "FutureClickCount_600-ip-os": 384,
          "FutureClickCount_600-app-os": 385,
          "FutureClickCount_600-ip-app-os": 233,
          "FutureClickCount_600-dev-os": 560,
          "FutureClickCount_600-ip-dev-os": 306,
          "FutureClickCount_600-app-dev-os": 561,
          "FutureClickCount_600-ip-app-dev-os": 351,
          "FutureClickCount_600-cha": 409,
          "FutureClickCount_600-ip-cha": 137,
          "FutureClickCount_600-app-cha": 517,
          "FutureClickCount_600-ip-app-cha": 89,
          "FutureClickCount_600-dev-cha": 273,
          "FutureClickCount_600-ip-dev-cha": 128,
          "FutureClickCount_600-app-dev-cha": 350,
          "FutureClickCount_600-ip-app-dev-cha": 68,
          "FutureClickCount_600-os-cha": 258,
          "FutureClickCount_600-ip-os-cha": 76,
          "FutureClickCount_600-app-os-cha": 324,
          "FutureClickCount_600-ip-app-os-cha": 89,
          "FutureClickCount_600-dev-os-cha": 224,
          "FutureClickCount_600-ip-dev-os-cha": 80,
          "FutureClickCount_600-app-dev-os-cha": 271,
          "FutureClickCount_600-ip-app-dev-os-cha": 84,
          "FutureClickCount_4800-ip": 671,
          "FutureClickCount_4800-app": 317,
          "FutureClickCount_4800-ip-app": 295,
          "FutureClickCount_4800-dev": 69,
          "FutureClickCount_4800-ip-dev": 910,
          "FutureClickCount_4800-app-dev": 189,
          "FutureClickCount_4800-ip-app-dev": 246,
          "FutureClickCount_4800-os": 117,
          "FutureClickCount_4800-ip-os": 454,
          "FutureClickCount_4800-app-os": 303,
          "FutureClickCount_4800-ip-app-os": 290,
          "FutureClickCount_4800-dev-os": 223,
          "FutureClickCount_4800-ip-dev-os": 713,
          "FutureClickCount_4800-app-dev-os": 452,
          "FutureClickCount_4800-ip-app-dev-os": 359,
          "FutureClickCount_4800-cha": 281,
          "FutureClickCount_4800-ip-cha": 186,
          "FutureClickCount_4800-app-cha": 531,
          "FutureClickCount_4800-ip-app-cha": 154,
          "FutureClickCount_4800-dev-cha": 188,
          "FutureClickCount_4800-ip-dev-cha": 148,
          "FutureClickCount_4800-app-dev-cha": 248,
          "FutureClickCount_4800-ip-app-dev-cha": 118,
          "FutureClickCount_4800-os-cha": 260,
          "FutureClickCount_4800-ip-os-cha": 122,
          "FutureClickCount_4800-app-os-cha": 278,
          "FutureClickCount_4800-ip-app-os-cha": 92,
          "FutureClickCount_4800-dev-os-cha": 277,
          "FutureClickCount_4800-ip-dev-os-cha": 100,
          "FutureClickCount_4800-app-dev-os-cha": 277,
          "FutureClickCount_4800-ip-app-dev-os-cha": 94,
          "NextClickTimeDelta-ip": 611,
          "NextClickTimeDelta-app": 107,
          "NextClickTimeDelta-ip-app": 863,
          "NextClickTimeDelta-dev": 69,
          "NextClickTimeDelta-ip-dev": 446,
          "NextClickTimeDelta-app-dev": 82,
          "NextClickTimeDelta-ip-app-dev": 489,
          "NextClickTimeDelta-os": 83,
          "NextClickTimeDelta-ip-os": 561,
          "NextClickTimeDelta-app-os": 206,
          "NextClickTimeDelta-ip-app-os": 1351,
          "NextClickTimeDelta-dev-os": 97,
          "NextClickTimeDelta-ip-dev-os": 380,
          "NextClickTimeDelta-app-dev-os": 142,
          "NextClickTimeDelta-ip-app-dev-os": 2212,
          "NextClickTimeDelta-cha": 125,
          "NextClickTimeDelta-ip-cha": 469,
          "NextClickTimeDelta-app-cha": 177,
          "NextClickTimeDelta-ip-app-cha": 391,
          "NextClickTimeDelta-dev-cha": 99,
          "NextClickTimeDelta-ip-dev-cha": 274,
          "NextClickTimeDelta-app-dev-cha": 114,
          "NextClickTimeDelta-ip-app-dev-cha": 279,
          "NextClickTimeDelta-os-cha": 203,
          "NextClickTimeDelta-ip-os-cha": 327,
          "NextClickTimeDelta-app-os-cha": 263,
          "NextClickTimeDelta-ip-app-os-cha": 426,
          "NextClickTimeDelta-dev-os-cha": 141,
          "NextClickTimeDelta-ip-dev-os-cha": 243,
          "NextClickTimeDelta-app-dev-os-cha": 182,
          "NextClickTimeDelta-ip-app-dev-os-cha": 501,
          "PrevClickTimeDelta-ip": 485,
          "PrevClickTimeDelta-app": 116,
          "PrevClickTimeDelta-ip-app": 354,
          "PrevClickTimeDelta-dev": 49,
          "PrevClickTimeDelta-ip-dev": 317,
          "PrevClickTimeDelta-app-dev": 72,
          "PrevClickTimeDelta-ip-app-dev": 240,
          "PrevClickTimeDelta-os": 77,
          "PrevClickTimeDelta-ip-os": 400,
          "PrevClickTimeDelta-app-os": 149,
          "PrevClickTimeDelta-ip-app-os": 302,
          "PrevClickTimeDelta-dev-os": 81,
          "PrevClickTimeDelta-ip-dev-os": 251,
          "PrevClickTimeDelta-app-dev-os": 142,
          "PrevClickTimeDelta-ip-app-dev-os": 282,
          "PrevClickTimeDelta-cha": 131,
          "PrevClickTimeDelta-ip-cha": 346,
          "PrevClickTimeDelta-app-cha": 178,
          "PrevClickTimeDelta-ip-app-cha": 242,
          "PrevClickTimeDelta-dev-cha": 104,
          "PrevClickTimeDelta-ip-dev-cha": 196,
          "PrevClickTimeDelta-app-dev-cha": 73,
          "PrevClickTimeDelta-ip-app-dev-cha": 170,
          "PrevClickTimeDelta-os-cha": 203,
          "PrevClickTimeDelta-ip-os-cha": 225,
          "PrevClickTimeDelta-app-os-cha": 210,
          "PrevClickTimeDelta-ip-app-os-cha": 167,
          "PrevClickTimeDelta-dev-os-cha": 173,
          "PrevClickTimeDelta-ip-dev-os-cha": 152,
          "PrevClickTimeDelta-app-dev-os-cha": 145,
          "PrevClickTimeDelta-ip-app-dev-os-cha": 126,
          "AverageAttributedRatio-ip": 404,
          "AverageAttributedRatio-app": 376,
          "AverageAttributedRatio-ip-app": 280,
          "AverageAttributedRatio-dev": 605,
          "AverageAttributedRatio-ip-dev": 382,
          "AverageAttributedRatio-app-dev": 283,
          "AverageAttributedRatio-ip-app-dev": 436,
          "AverageAttributedRatio-os": 337,
          "AverageAttributedRatio-ip-os": 281,
          "AverageAttributedRatio-app-os": 363,
          "AverageAttributedRatio-ip-app-os": 98,
          "AverageAttributedRatio-dev-os": 296,
          "AverageAttributedRatio-ip-dev-os": 274,
          "AverageAttributedRatio-app-dev-os": 318,
          "AverageAttributedRatio-ip-app-dev-os": 104,
          "AverageAttributedRatio-cha": 286,
          "AverageAttributedRatio-ip-cha": 181,
          "AverageAttributedRatio-app-cha": 286,
          "AverageAttributedRatio-ip-app-cha": 134,
          "AverageAttributedRatio-dev-cha": 208,
          "AverageAttributedRatio-ip-dev-cha": 142,
          "AverageAttributedRatio-app-dev-cha": 278,
          "AverageAttributedRatio-ip-app-dev-cha": 116,
          "AverageAttributedRatio-os-cha": 266,
          "AverageAttributedRatio-ip-os-cha": 63,
          "AverageAttributedRatio-app-os-cha": 419,
          "AverageAttributedRatio-ip-app-os-cha": 62,
          "AverageAttributedRatio-dev-os-cha": 270,
          "AverageAttributedRatio-ip-dev-os-cha": 80,
          "AverageAttributedRatio-app-dev-os-cha": 361,
          "AverageAttributedRatio-ip-app-dev-os-cha": 54,
          "KomakiLDA5NoDevice-ip-app-0": 940,
          "KomakiLDA5NoDevice-ip-app-1": 836,
          "KomakiLDA5NoDevice-ip-app-2": 986,
          "KomakiLDA5NoDevice-ip-app-3": 548,
          "KomakiLDA5NoDevice-ip-app-4": 465,
          "KomakiLDA5NoDevice-ip-os-0": 770,
          "KomakiLDA5NoDevice-ip-os-1": 844,
          "KomakiLDA5NoDevice-ip-os-2": 490,
          "KomakiLDA5NoDevice-ip-os-3": 612,
          "KomakiLDA5NoDevice-ip-os-4": 713,
          "KomakiLDA5NoDevice-ip-channel-0": 845,
          "KomakiLDA5NoDevice-ip-channel-1": 659,
          "KomakiLDA5NoDevice-ip-channel-2": 842,
          "KomakiLDA5NoDevice-ip-channel-3": 892,
          "KomakiLDA5NoDevice-ip-channel-4": 902,
          "KomakiLDA5NoDevice-app-ip-0": 240,
          "KomakiLDA5NoDevice-app-ip-1": 208,
          "KomakiLDA5NoDevice-app-ip-2": 203,
          "KomakiLDA5NoDevice-app-ip-3": 176,
          "KomakiLDA5NoDevice-app-ip-4": 136,
          "KomakiLDA5NoDevice-app-os-0": 121,
          "KomakiLDA5NoDevice-app-os-1": 209,
          "KomakiLDA5NoDevice-app-os-2": 104,
          "KomakiLDA5NoDevice-app-os-3": 117,
          "KomakiLDA5NoDevice-app-os-4": 128,
          "KomakiLDA5NoDevice-app-channel-0": 132,
          "KomakiLDA5NoDevice-app-channel-1": 138,
          "KomakiLDA5NoDevice-app-channel-2": 231,
          "KomakiLDA5NoDevice-app-channel-3": 165,
          "KomakiLDA5NoDevice-app-channel-4": 97,
          "KomakiLDA5NoDevice-os-ip-0": 295,
          "KomakiLDA5NoDevice-os-ip-1": 173,
          "KomakiLDA5NoDevice-os-ip-2": 201,
          "KomakiLDA5NoDevice-os-ip-3": 140,
          "KomakiLDA5NoDevice-os-ip-4": 212,
          "KomakiLDA5NoDevice-os-app-0": 268,
          "KomakiLDA5NoDevice-os-app-1": 267,
          "KomakiLDA5NoDevice-os-app-2": 83,
          "KomakiLDA5NoDevice-os-app-3": 173,
          "KomakiLDA5NoDevice-os-app-4": 99,
          "KomakiLDA5NoDevice-os-channel-0": 220,
          "KomakiLDA5NoDevice-os-channel-1": 121,
          "KomakiLDA5NoDevice-os-channel-2": 173,
          "KomakiLDA5NoDevice-os-channel-3": 238,
          "KomakiLDA5NoDevice-os-channel-4": 165,
          "KomakiLDA5NoDevice-channel-ip-0": 214,
          "KomakiLDA5NoDevice-channel-ip-1": 275,
          "KomakiLDA5NoDevice-channel-ip-2": 214,
          "KomakiLDA5NoDevice-channel-ip-3": 226,
          "KomakiLDA5NoDevice-channel-ip-4": 194,
          "KomakiLDA5NoDevice-channel-app-0": 205,
          "KomakiLDA5NoDevice-channel-app-1": 189,
          "KomakiLDA5NoDevice-channel-app-2": 242,
          "KomakiLDA5NoDevice-channel-app-3": 193,
          "KomakiLDA5NoDevice-channel-app-4": 185,
          "KomakiLDA5NoDevice-channel-os-0": 185,
          "KomakiLDA5NoDevice-channel-os-1": 254,
          "KomakiLDA5NoDevice-channel-os-2": 256,
          "KomakiLDA5NoDevice-channel-os-3": 196,
          "KomakiLDA5NoDevice-channel-os-4": 196,
          "KomakiNMF5NoDevice-ip-app-0": 458,
          "KomakiNMF5NoDevice-ip-app-1": 862,
          "KomakiNMF5NoDevice-ip-app-2": 618,
          "KomakiNMF5NoDevice-ip-app-3": 444,
          "KomakiNMF5NoDevice-ip-app-4": 560,
          "KomakiNMF5NoDevice-ip-os-0": 716,
          "KomakiNMF5NoDevice-ip-os-1": 670,
          "KomakiNMF5NoDevice-ip-os-2": 614,
          "KomakiNMF5NoDevice-ip-os-3": 561,
          "KomakiNMF5NoDevice-ip-os-4": 504,
          "KomakiNMF5NoDevice-ip-channel-0": 560,
          "KomakiNMF5NoDevice-ip-channel-1": 1007,
          "KomakiNMF5NoDevice-ip-channel-2": 489,
          "KomakiNMF5NoDevice-ip-channel-3": 700,
          "KomakiNMF5NoDevice-ip-channel-4": 560,
          "KomakiNMF5NoDevice-app-ip-0": 116,
          "KomakiNMF5NoDevice-app-ip-1": 125,
          "KomakiNMF5NoDevice-app-ip-2": 94,
          "KomakiNMF5NoDevice-app-ip-3": 107,
          "KomakiNMF5NoDevice-app-ip-4": 80,
          "KomakiNMF5NoDevice-app-os-0": 40,
          "KomakiNMF5NoDevice-app-os-1": 95,
          "KomakiNMF5NoDevice-app-os-2": 94,
          "KomakiNMF5NoDevice-app-os-3": 21,
          "KomakiNMF5NoDevice-app-os-4": 45,
          "KomakiNMF5NoDevice-app-channel-0": 95,
          "KomakiNMF5NoDevice-app-channel-1": 91,
          "KomakiNMF5NoDevice-app-channel-2": 94,
          "KomakiNMF5NoDevice-app-channel-3": 105,
          "KomakiNMF5NoDevice-app-channel-4": 85,
          "KomakiNMF5NoDevice-os-ip-0": 98,
          "KomakiNMF5NoDevice-os-ip-1": 126,
          "KomakiNMF5NoDevice-os-ip-2": 98,
          "KomakiNMF5NoDevice-os-ip-3": 98,
          "KomakiNMF5NoDevice-os-ip-4": 73,
          "KomakiNMF5NoDevice-os-app-0": 61,
          "KomakiNMF5NoDevice-os-app-1": 18,
          "KomakiNMF5NoDevice-os-app-2": 81,
          "KomakiNMF5NoDevice-os-app-3": 175,
          "KomakiNMF5NoDevice-os-app-4": 121,
          "KomakiNMF5NoDevice-os-channel-0": 264,
          "KomakiNMF5NoDevice-os-channel-1": 87,
          "KomakiNMF5NoDevice-os-channel-2": 225,
          "KomakiNMF5NoDevice-os-channel-3": 137,
          "KomakiNMF5NoDevice-os-channel-4": 136,
          "KomakiNMF5NoDevice-channel-ip-0": 229,
          "KomakiNMF5NoDevice-channel-ip-1": 151,
          "KomakiNMF5NoDevice-channel-ip-2": 178,
          "KomakiNMF5NoDevice-channel-ip-3": 201,
          "KomakiNMF5NoDevice-channel-ip-4": 183,
          "KomakiNMF5NoDevice-channel-app-0": 103,
          "KomakiNMF5NoDevice-channel-app-1": 53,
          "KomakiNMF5NoDevice-channel-app-2": 87,
          "KomakiNMF5NoDevice-channel-app-3": 100,
          "KomakiNMF5NoDevice-channel-app-4": 145,
          "KomakiNMF5NoDevice-channel-os-0": 177,
          "KomakiNMF5NoDevice-channel-os-1": 68,
          "KomakiNMF5NoDevice-channel-os-2": 189,
          "KomakiNMF5NoDevice-channel-os-3": 86,
          "KomakiNMF5NoDevice-channel-os-4": 176,
          "KomakiPCA5NoDevice-ip-app-0": 717,
          "KomakiPCA5NoDevice-ip-app-1": 617,
          "KomakiPCA5NoDevice-ip-app-2": 594,
          "KomakiPCA5NoDevice-ip-app-3": 450,
          "KomakiPCA5NoDevice-ip-app-4": 761,
          "KomakiPCA5NoDevice-ip-os-0": 905,
          "KomakiPCA5NoDevice-ip-os-1": 524,
          "KomakiPCA5NoDevice-ip-os-2": 599,
          "KomakiPCA5NoDevice-ip-os-3": 542,
          "KomakiPCA5NoDevice-ip-os-4": 582,
          "KomakiPCA5NoDevice-ip-channel-0": 912,
          "KomakiPCA5NoDevice-ip-channel-1": 649,
          "KomakiPCA5NoDevice-ip-channel-2": 558,
          "KomakiPCA5NoDevice-ip-channel-3": 589,
          "KomakiPCA5NoDevice-ip-channel-4": 656,
          "KomakiPCA5NoDevice-app-ip-0": 69,
          "KomakiPCA5NoDevice-app-ip-1": 89,
          "KomakiPCA5NoDevice-app-ip-2": 95,
          "KomakiPCA5NoDevice-app-ip-3": 122,
          "KomakiPCA5NoDevice-app-ip-4": 75,
          "KomakiPCA5NoDevice-app-os-0": 105,
          "KomakiPCA5NoDevice-app-os-1": 81,
          "KomakiPCA5NoDevice-app-os-2": 122,
          "KomakiPCA5NoDevice-app-os-3": 110,
          "KomakiPCA5NoDevice-app-os-4": 97,
          "KomakiPCA5NoDevice-app-channel-0": 86,
          "KomakiPCA5NoDevice-app-channel-1": 116,
          "KomakiPCA5NoDevice-app-channel-2": 72,
          "KomakiPCA5NoDevice-app-channel-3": 102,
          "KomakiPCA5NoDevice-app-channel-4": 106,
          "KomakiPCA5NoDevice-os-ip-0": 55,
          "KomakiPCA5NoDevice-os-ip-1": 82,
          "KomakiPCA5NoDevice-os-ip-2": 129,
          "KomakiPCA5NoDevice-os-ip-3": 134,
          "KomakiPCA5NoDevice-os-ip-4": 125,
          "KomakiPCA5NoDevice-os-app-0": 117,
          "KomakiPCA5NoDevice-os-app-1": 111,
          "KomakiPCA5NoDevice-os-app-2": 77,
          "KomakiPCA5NoDevice-os-app-3": 167,
          "KomakiPCA5NoDevice-os-app-4": 177,
          "KomakiPCA5NoDevice-os-channel-0": 122,
          "KomakiPCA5NoDevice-os-channel-1": 161,
          "KomakiPCA5NoDevice-os-channel-2": 104,
          "KomakiPCA5NoDevice-os-channel-3": 93,
          "KomakiPCA5NoDevice-os-channel-4": 98,
          "KomakiPCA5NoDevice-channel-ip-0": 220,
          "KomakiPCA5NoDevice-channel-ip-1": 183,
          "KomakiPCA5NoDevice-channel-ip-2": 192,
          "KomakiPCA5NoDevice-channel-ip-3": 204,
          "KomakiPCA5NoDevice-channel-ip-4": 215,
          "KomakiPCA5NoDevice-channel-app-0": 200,
          "KomakiPCA5NoDevice-channel-app-1": 126,
          "KomakiPCA5NoDevice-channel-app-2": 142,
          "KomakiPCA5NoDevice-channel-app-3": 125,
          "KomakiPCA5NoDevice-channel-app-4": 121,
          "KomakiPCA5NoDevice-channel-os-0": 166,
          "KomakiPCA5NoDevice-channel-os-1": 186,
          "KomakiPCA5NoDevice-channel-os-2": 142,
          "KomakiPCA5NoDevice-channel-os-3": 154,
          "KomakiPCA5NoDevice-channel-os-4": 170
        }
      },
      {
        "train_auc": 0.9944526872751506,
        "valid_auc": 0.9843099712535136,
        "best_iteration": 629,
        "train_time": 485.62268233299255,
        "feature_importance": {
          "app": 3477,
          "hour": 3766,
          "n_channels": 986,
          "ip_app_count": 1049,
          "ip_app_os_count": 1149,
          "FutureClickCount_600-ip": 580,
          "FutureClickCount_600-app": 552,
          "FutureClickCount_600-ip-app": 227,
          "FutureClickCount_600-dev": 302,
          "FutureClickCount_600-ip-dev": 527,
          "FutureClickCount_600-app-dev": 397,
          "FutureClickCount_600-ip-app-dev": 204,
          "FutureClickCount_600-os": 313,
          "FutureClickCount_600-ip-os": 504,
          "FutureClickCount_600-app-os": 510,
          "FutureClickCount_600-ip-app-os": 269,
          "FutureClickCount_600-dev-os": 609,
          "FutureClickCount_600-ip-dev-os": 419,
          "FutureClickCount_600-app-dev-os": 615,
          "FutureClickCount_600-ip-app-dev-os": 380,
          "FutureClickCount_600-cha": 519,
          "FutureClickCount_600-ip-cha": 144,
          "FutureClickCount_600-app-cha": 599,
          "FutureClickCount_600-ip-app-cha": 124,
          "FutureClickCount_600-dev-cha": 402,
          "FutureClickCount_600-ip-dev-cha": 140,
          "FutureClickCount_600-app-dev-cha": 374,
          "FutureClickCount_600-ip-app-dev-cha": 112,
          "FutureClickCount_600-os-cha": 350,
          "FutureClickCount_600-ip-os-cha": 79,
          "FutureClickCount_600-app-os-cha": 404,
          "FutureClickCount_600-ip-app-os-cha": 78,
          "FutureClickCount_600-dev-os-cha": 298,
          "FutureClickCount_600-ip-dev-os-cha": 74,
          "FutureClickCount_600-app-dev-os-cha": 317,
          "FutureClickCount_600-ip-app-dev-os-cha": 73,
          "FutureClickCount_4800-ip": 858,
          "FutureClickCount_4800-app": 383,
          "FutureClickCount_4800-ip-app": 356,
          "FutureClickCount_4800-dev": 91,
          "FutureClickCount_4800-ip-dev": 1084,
          "FutureClickCount_4800-app-dev": 201,
          "FutureClickCount_4800-ip-app-dev": 323,
          "FutureClickCount_4800-os": 143,
          "FutureClickCount_4800-ip-os": 588,
          "FutureClickCount_4800-app-os": 321,
          "FutureClickCount_4800-ip-app-os": 376,
          "FutureClickCount_4800-dev-os": 225,
          "FutureClickCount_4800-ip-dev-os": 803,
          "FutureClickCount_4800-app-dev-os": 466,
          "FutureClickCount_4800-ip-app-dev-os": 405,
          "FutureClickCount_4800-cha": 324,
          "FutureClickCount_4800-ip-cha": 204,
          "FutureClickCount_4800-app-cha": 559,
          "FutureClickCount_4800-ip-app-cha": 197,
          "FutureClickCount_4800-dev-cha": 246,
          "FutureClickCount_4800-ip-dev-cha": 180,
          "FutureClickCount_4800-app-dev-cha": 285,
          "FutureClickCount_4800-ip-app-dev-cha": 204,
          "FutureClickCount_4800-os-cha": 292,
          "FutureClickCount_4800-ip-os-cha": 130,
          "FutureClickCount_4800-app-os-cha": 359,
          "FutureClickCount_4800-ip-app-os-cha": 112,
          "FutureClickCount_4800-dev-os-cha": 334,
          "FutureClickCount_4800-ip-dev-os-cha": 109,
          "FutureClickCount_4800-app-dev-os-cha": 331,
          "FutureClickCount_4800-ip-app-dev-os-cha": 105,
          "NextClickTimeDelta-ip": 713,
          "NextClickTimeDelta-app": 120,
          "NextClickTimeDelta-ip-app": 950,
          "NextClickTimeDelta-dev": 86,
          "NextClickTimeDelta-ip-dev": 559,
          "NextClickTimeDelta-app-dev": 119,
          "NextClickTimeDelta-ip-app-dev": 623,
          "NextClickTimeDelta-os": 65,
          "NextClickTimeDelta-ip-os": 721,
          "NextClickTimeDelta-app-os": 243,
          "NextClickTimeDelta-ip-app-os": 1528,
          "NextClickTimeDelta-dev-os": 84,
          "NextClickTimeDelta-ip-dev-os": 430,
          "NextClickTimeDelta-app-dev-os": 203,
          "NextClickTimeDelta-ip-app-dev-os": 2473,
          "NextClickTimeDelta-cha": 171,
          "NextClickTimeDelta-ip-cha": 551,
          "NextClickTimeDelta-app-cha": 186,
          "NextClickTimeDelta-ip-app-cha": 457,
          "NextClickTimeDelta-dev-cha": 149,
          "NextClickTimeDelta-ip-dev-cha": 400,
          "NextClickTimeDelta-app-dev-cha": 147,
          "NextClickTimeDelta-ip-app-dev-cha": 367,
          "NextClickTimeDelta-os-cha": 309,
          "NextClickTimeDelta-ip-os-cha": 415,
          "NextClickTimeDelta-app-os-cha": 314,
          "NextClickTimeDelta-ip-app-os-cha": 450,
          "NextClickTimeDelta-dev-os-cha": 240,
          "NextClickTimeDelta-ip-dev-os-cha": 341,
          "NextClickTimeDelta-app-dev-os-cha": 245,
          "NextClickTimeDelta-ip-app-dev-os-cha": 537,
          "PrevClickTimeDelta-ip": 626,
          "PrevClickTimeDelta-app": 124,
          "PrevClickTimeDelta-ip-app": 472,
          "PrevClickTimeDelta-dev": 81,
          "PrevClickTimeDelta-ip-dev": 406,
          "PrevClickTimeDelta-app-dev": 93,
          "PrevClickTimeDelta-ip-app-dev": 320,
          "PrevClickTimeDelta-os": 113,
          "PrevClickTimeDelta-ip-os": 516,
          "PrevClickTimeDelta-app-os": 241,
          "PrevClickTimeDelta-ip-app-os": 389,
          "PrevClickTimeDelta-dev-os": 103,
          "PrevClickTimeDelta-ip-dev-os": 387,
          "PrevClickTimeDelta-app-dev-os": 201,
          "PrevClickTimeDelta-ip-app-dev-os": 332,
          "PrevClickTimeDelta-cha": 152,
          "PrevClickTimeDelta-ip-cha": 407,
          "PrevClickTimeDelta-app-cha": 194,
          "PrevClickTimeDelta-ip-app-cha": 304,
          "PrevClickTimeDelta-dev-cha": 141,
          "PrevClickTimeDelta-ip-dev-cha": 297,
          "PrevClickTimeDelta-app-dev-cha": 126,
          "PrevClickTimeDelta-ip-app-dev-cha": 254,
          "PrevClickTimeDelta-os-cha": 267,
          "PrevClickTimeDelta-ip-os-cha": 272,
          "PrevClickTimeDelta-app-os-cha": 285,
          "PrevClickTimeDelta-ip-app-os-cha": 242,
          "PrevClickTimeDelta-dev-os-cha": 210,
          "PrevClickTimeDelta-ip-dev-os-cha": 195,
          "PrevClickTimeDelta-app-dev-os-cha": 237,
          "PrevClickTimeDelta-ip-app-dev-os-cha": 198,
          "AverageAttributedRatio-ip": 548,
          "AverageAttributedRatio-app": 386,
          "AverageAttributedRatio-ip-app": 371,
          "AverageAttributedRatio-dev": 699,
          "AverageAttributedRatio-ip-dev": 480,
          "AverageAttributedRatio-app-dev": 318,
          "AverageAttributedRatio-ip-app-dev": 467,
          "AverageAttributedRatio-os": 434,
          "AverageAttributedRatio-ip-os": 367,
          "AverageAttributedRatio-app-os": 380,
          "AverageAttributedRatio-ip-app-os": 143,
          "AverageAttributedRatio-dev-os": 375,
          "AverageAttributedRatio-ip-dev-os": 333,
          "AverageAttributedRatio-app-dev-os": 398,
          "AverageAttributedRatio-ip-app-dev-os": 118,
          "AverageAttributedRatio-cha": 389,
          "AverageAttributedRatio-ip-cha": 203,
          "AverageAttributedRatio-app-cha": 379,
          "AverageAttributedRatio-ip-app-cha": 162,
          "AverageAttributedRatio-dev-cha": 273,
          "AverageAttributedRatio-ip-dev-cha": 118,
          "AverageAttributedRatio-app-dev-cha": 327,
          "AverageAttributedRatio-ip-app-dev-cha": 140,
          "AverageAttributedRatio-os-cha": 344,
          "AverageAttributedRatio-ip-os-cha": 82,
          "AverageAttributedRatio-app-os-cha": 421,
          "AverageAttributedRatio-ip-app-os-cha": 74,
          "AverageAttributedRatio-dev-os-cha": 294,
          "AverageAttributedRatio-ip-dev-os-cha": 70,
          "AverageAttributedRatio-app-dev-os-cha": 402,
          "AverageAttributedRatio-ip-app-dev-os-cha": 50,
          "KomakiLDA5NoDevice-ip-app-0": 1007,
          "KomakiLDA5NoDevice-ip-app-1": 1062,
          "KomakiLDA5NoDevice-ip-app-2": 1152,
          "KomakiLDA5NoDevice-ip-app-3": 659,
          "KomakiLDA5NoDevice-ip-app-4": 611,
          "KomakiLDA5NoDevice-ip-os-0": 942,
          "KomakiLDA5NoDevice-ip-os-1": 1019,
          "KomakiLDA5NoDevice-ip-os-2": 614,
          "KomakiLDA5NoDevice-ip-os-3": 843,
          "KomakiLDA5NoDevice-ip-os-4": 911,
          "KomakiLDA5NoDevice-ip-channel-0": 1047,
          "KomakiLDA5NoDevice-ip-channel-1": 848,
          "KomakiLDA5NoDevice-ip-channel-2": 1010,
          "KomakiLDA5NoDevice-ip-channel-3": 1002,
          "KomakiLDA5NoDevice-ip-channel-4": 1187,
          "KomakiLDA5NoDevice-app-ip-0": 287,
          "KomakiLDA5NoDevice-app-ip-1": 239,
          "KomakiLDA5NoDevice-app-ip-2": 176,
          "KomakiLDA5NoDevice-app-ip-3": 224,
          "KomakiLDA5NoDevice-app-ip-4": 145,
          "KomakiLDA5NoDevice-app-os-0": 168,
          "KomakiLDA5NoDevice-app-os-1": 238,
          "KomakiLDA5NoDevice-app-os-2": 121,
          "KomakiLDA5NoDevice-app-os-3": 109,
          "KomakiLDA5NoDevice-app-os-4": 162,
          "KomakiLDA5NoDevice-app-channel-0": 154,
          "KomakiLDA5NoDevice-app-channel-1": 138,
          "KomakiLDA5NoDevice-app-channel-2": 224,
          "KomakiLDA5NoDevice-app-channel-3": 166,
          "KomakiLDA5NoDevice-app-channel-4": 111,
          "KomakiLDA5NoDevice-os-ip-0": 373,
          "KomakiLDA5NoDevice-os-ip-1": 231,
          "KomakiLDA5NoDevice-os-ip-2": 247,
          "KomakiLDA5NoDevice-os-ip-3": 203,
          "KomakiLDA5NoDevice-os-ip-4": 254,
          "KomakiLDA5NoDevice-os-app-0": 266,
          "KomakiLDA5NoDevice-os-app-1": 305,
          "KomakiLDA5NoDevice-os-app-2": 116,
          "KomakiLDA5NoDevice-os-app-3": 210,
          "KomakiLDA5NoDevice-os-app-4": 119,
          "KomakiLDA5NoDevice-os-channel-0": 267,
          "KomakiLDA5NoDevice-os-channel-1": 117,
          "KomakiLDA5NoDevice-os-channel-2": 243,
          "KomakiLDA5NoDevice-os-channel-3": 281,
          "KomakiLDA5NoDevice-os-channel-4": 150,
          "KomakiLDA5NoDevice-channel-ip-0": 256,
          "KomakiLDA5NoDevice-channel-ip-1": 285,
          "KomakiLDA5NoDevice-channel-ip-2": 212,
          "KomakiLDA5NoDevice-channel-ip-3": 327,
          "KomakiLDA5NoDevice-channel-ip-4": 225,
          "KomakiLDA5NoDevice-channel-app-0": 270,
          "KomakiLDA5NoDevice-channel-app-1": 223,
          "KomakiLDA5NoDevice-channel-app-2": 248,
          "KomakiLDA5NoDevice-channel-app-3": 227,
          "KomakiLDA5NoDevice-channel-app-4": 203,
          "KomakiLDA5NoDevice-channel-os-0": 294,
          "KomakiLDA5NoDevice-channel-os-1": 292,
          "KomakiLDA5NoDevice-channel-os-2": 285,
          "KomakiLDA5NoDevice-channel-os-3": 244,
          "KomakiLDA5NoDevice-channel-os-4": 280,
          "KomakiNMF5NoDevice-ip-app-0": 548,
          "KomakiNMF5NoDevice-ip-app-1": 883,
          "KomakiNMF5NoDevice-ip-app-2": 783,
          "KomakiNMF5NoDevice-ip-app-3": 562,
          "KomakiNMF5NoDevice-ip-app-4": 653,
          "KomakiNMF5NoDevice-ip-os-0": 808,
          "KomakiNMF5NoDevice-ip-os-1": 741,
          "KomakiNMF5NoDevice-ip-os-2": 732,
          "KomakiNMF5NoDevice-ip-os-3": 736,
          "KomakiNMF5NoDevice-ip-os-4": 721,
          "KomakiNMF5NoDevice-ip-channel-0": 681,
          "KomakiNMF5NoDevice-ip-channel-1": 1158,
          "KomakiNMF5NoDevice-ip-channel-2": 653,
          "KomakiNMF5NoDevice-ip-channel-3": 827,
          "KomakiNMF5NoDevice-ip-channel-4": 779,
          "KomakiNMF5NoDevice-app-ip-0": 116,
          "KomakiNMF5NoDevice-app-ip-1": 156,
          "KomakiNMF5NoDevice-app-ip-2": 117,
          "KomakiNMF5NoDevice-app-ip-3": 120,
          "KomakiNMF5NoDevice-app-ip-4": 79,
          "KomakiNMF5NoDevice-app-os-0": 63,
          "KomakiNMF5NoDevice-app-os-1": 133,
          "KomakiNMF5NoDevice-app-os-2": 86,
          "KomakiNMF5NoDevice-app-os-3": 24,
          "KomakiNMF5NoDevice-app-os-4": 40,
          "KomakiNMF5NoDevice-app-channel-0": 110,
          "KomakiNMF5NoDevice-app-channel-1": 107,
          "KomakiNMF5NoDevice-app-channel-2": 123,
          "KomakiNMF5NoDevice-app-channel-3": 143,
          "KomakiNMF5NoDevice-app-channel-4": 90,
          "KomakiNMF5NoDevice-os-ip-0": 126,
          "KomakiNMF5NoDevice-os-ip-1": 145,
          "KomakiNMF5NoDevice-os-ip-2": 134,
          "KomakiNMF5NoDevice-os-ip-3": 140,
          "KomakiNMF5NoDevice-os-ip-4": 126,
          "KomakiNMF5NoDevice-os-app-0": 67,
          "KomakiNMF5NoDevice-os-app-1": 12,
          "KomakiNMF5NoDevice-os-app-2": 126,
          "KomakiNMF5NoDevice-os-app-3": 215,
          "KomakiNMF5NoDevice-os-app-4": 106,
          "KomakiNMF5NoDevice-os-channel-0": 260,
          "KomakiNMF5NoDevice-os-channel-1": 125,
          "KomakiNMF5NoDevice-os-channel-2": 266,
          "KomakiNMF5NoDevice-os-channel-3": 182,
          "KomakiNMF5NoDevice-os-channel-4": 152,
          "KomakiNMF5NoDevice-channel-ip-0": 315,
          "KomakiNMF5NoDevice-channel-ip-1": 199,
          "KomakiNMF5NoDevice-channel-ip-2": 206,
          "KomakiNMF5NoDevice-channel-ip-3": 262,
          "KomakiNMF5NoDevice-channel-ip-4": 231,
          "KomakiNMF5NoDevice-channel-app-0": 131,
          "KomakiNMF5NoDevice-channel-app-1": 62,
          "KomakiNMF5NoDevice-channel-app-2": 124,
          "KomakiNMF5NoDevice-channel-app-3": 145,
          "KomakiNMF5NoDevice-channel-app-4": 173,
          "KomakiNMF5NoDevice-channel-os-0": 250,
          "KomakiNMF5NoDevice-channel-os-1": 92,
          "KomakiNMF5NoDevice-channel-os-2": 221,
          "KomakiNMF5NoDevice-channel-os-3": 121,
          "KomakiNMF5NoDevice-channel-os-4": 276,
          "KomakiPCA5NoDevice-ip-app-0": 870,
          "KomakiPCA5NoDevice-ip-app-1": 680,
          "KomakiPCA5NoDevice-ip-app-2": 815,
          "KomakiPCA5NoDevice-ip-app-3": 618,
          "KomakiPCA5NoDevice-ip-app-4": 905,
          "KomakiPCA5NoDevice-ip-os-0": 1001,
          "KomakiPCA5NoDevice-ip-os-1": 698,
          "KomakiPCA5NoDevice-ip-os-2": 788,
          "KomakiPCA5NoDevice-ip-os-3": 651,
          "KomakiPCA5NoDevice-ip-os-4": 796,
          "KomakiPCA5NoDevice-ip-channel-0": 1120,
          "KomakiPCA5NoDevice-ip-channel-1": 738,
          "KomakiPCA5NoDevice-ip-channel-2": 773,
          "KomakiPCA5NoDevice-ip-channel-3": 778,
          "KomakiPCA5NoDevice-ip-channel-4": 816,
          "KomakiPCA5NoDevice-app-ip-0": 82,
          "KomakiPCA5NoDevice-app-ip-1": 88,
          "KomakiPCA5NoDevice-app-ip-2": 115,
          "KomakiPCA5NoDevice-app-ip-3": 125,
          "KomakiPCA5NoDevice-app-ip-4": 83,
          "KomakiPCA5NoDevice-app-os-0": 113,
          "KomakiPCA5NoDevice-app-os-1": 82,
          "KomakiPCA5NoDevice-app-os-2": 116,
          "KomakiPCA5NoDevice-app-os-3": 147,
          "KomakiPCA5NoDevice-app-os-4": 116,
          "KomakiPCA5NoDevice-app-channel-0": 110,
          "KomakiPCA5NoDevice-app-channel-1": 120,
          "KomakiPCA5NoDevice-app-channel-2": 87,
          "KomakiPCA5NoDevice-app-channel-3": 110,
          "KomakiPCA5NoDevice-app-channel-4": 118,
          "KomakiPCA5NoDevice-os-ip-0": 58,
          "KomakiPCA5NoDevice-os-ip-1": 109,
          "KomakiPCA5NoDevice-os-ip-2": 186,
          "KomakiPCA5NoDevice-os-ip-3": 161,
          "KomakiPCA5NoDevice-os-ip-4": 155,
          "KomakiPCA5NoDevice-os-app-0": 137,
          "KomakiPCA5NoDevice-os-app-1": 131,
          "KomakiPCA5NoDevice-os-app-2": 93,
          "KomakiPCA5NoDevice-os-app-3": 167,
          "KomakiPCA5NoDevice-os-app-4": 212,
          "KomakiPCA5NoDevice-os-channel-0": 165,
          "KomakiPCA5NoDevice-os-channel-1": 173,
          "KomakiPCA5NoDevice-os-channel-2": 128,
          "KomakiPCA5NoDevice-os-channel-3": 129,
          "KomakiPCA5NoDevice-os-channel-4": 141,
          "KomakiPCA5NoDevice-channel-ip-0": 283,
          "KomakiPCA5NoDevice-channel-ip-1": 253,
          "KomakiPCA5NoDevice-channel-ip-2": 213,
          "KomakiPCA5NoDevice-channel-ip-3": 228,
          "KomakiPCA5NoDevice-channel-ip-4": 282,
          "KomakiPCA5NoDevice-channel-app-0": 249,
          "KomakiPCA5NoDevice-channel-app-1": 125,
          "KomakiPCA5NoDevice-channel-app-2": 182,
          "KomakiPCA5NoDevice-channel-app-3": 169,
          "KomakiPCA5NoDevice-channel-app-4": 187,
          "KomakiPCA5NoDevice-channel-os-0": 185,
          "KomakiPCA5NoDevice-channel-os-1": 216,
          "KomakiPCA5NoDevice-channel-os-2": 190,
          "KomakiPCA5NoDevice-channel-os-3": 170,
          "KomakiPCA5NoDevice-channel-os-4": 207
        }
      },
      {
        "train_auc": 0.9946245531705353,
        "valid_auc": 0.9846795944284303,
        "best_iteration": 635,
        "train_time": 483.12444853782654,
        "feature_importance": {
          "app": 3478,
          "hour": 3665,
          "n_channels": 1067,
          "ip_app_count": 975,
          "ip_app_os_count": 1168,
          "FutureClickCount_600-ip": 612,
          "FutureClickCount_600-app": 529,
          "FutureClickCount_600-ip-app": 218,
          "FutureClickCount_600-dev": 265,
          "FutureClickCount_600-ip-dev": 525,
          "FutureClickCount_600-app-dev": 420,
          "FutureClickCount_600-ip-app-dev": 218,
          "FutureClickCount_600-os": 300,
          "FutureClickCount_600-ip-os": 479,
          "FutureClickCount_600-app-os": 502,
          "FutureClickCount_600-ip-app-os": 199,
          "FutureClickCount_600-dev-os": 622,
          "FutureClickCount_600-ip-dev-os": 423,
          "FutureClickCount_600-app-dev-os": 677,
          "FutureClickCount_600-ip-app-dev-os": 390,
          "FutureClickCount_600-cha": 470,
          "FutureClickCount_600-ip-cha": 157,
          "FutureClickCount_600-app-cha": 551,
          "FutureClickCount_600-ip-app-cha": 113,
          "FutureClickCount_600-dev-cha": 352,
          "FutureClickCount_600-ip-dev-cha": 120,
          "FutureClickCount_600-app-dev-cha": 408,
          "FutureClickCount_600-ip-app-dev-cha": 99,
          "FutureClickCount_600-os-cha": 329,
          "FutureClickCount_600-ip-os-cha": 112,
          "FutureClickCount_600-app-os-cha": 358,
          "FutureClickCount_600-ip-app-os-cha": 114,
          "FutureClickCount_600-dev-os-cha": 369,
          "FutureClickCount_600-ip-dev-os-cha": 87,
          "FutureClickCount_600-app-dev-os-cha": 350,
          "FutureClickCount_600-ip-app-dev-os-cha": 86,
          "FutureClickCount_4800-ip": 775,
          "FutureClickCount_4800-app": 344,
          "FutureClickCount_4800-ip-app": 395,
          "FutureClickCount_4800-dev": 76,
          "FutureClickCount_4800-ip-dev": 1055,
          "FutureClickCount_4800-app-dev": 206,
          "FutureClickCount_4800-ip-app-dev": 284,
          "FutureClickCount_4800-os": 149,
          "FutureClickCount_4800-ip-os": 564,
          "FutureClickCount_4800-app-os": 362,
          "FutureClickCount_4800-ip-app-os": 362,
          "FutureClickCount_4800-dev-os": 218,
          "FutureClickCount_4800-ip-dev-os": 827,
          "FutureClickCount_4800-app-dev-os": 548,
          "FutureClickCount_4800-ip-app-dev-os": 393,
          "FutureClickCount_4800-cha": 329,
          "FutureClickCount_4800-ip-cha": 232,
          "FutureClickCount_4800-app-cha": 588,
          "FutureClickCount_4800-ip-app-cha": 168,
          "FutureClickCount_4800-dev-cha": 253,
          "FutureClickCount_4800-ip-dev-cha": 195,
          "FutureClickCount_4800-app-dev-cha": 351,
          "FutureClickCount_4800-ip-app-dev-cha": 177,
          "FutureClickCount_4800-os-cha": 293,
          "FutureClickCount_4800-ip-os-cha": 129,
          "FutureClickCount_4800-app-os-cha": 359,
          "FutureClickCount_4800-ip-app-os-cha": 122,
          "FutureClickCount_4800-dev-os-cha": 333,
          "FutureClickCount_4800-ip-dev-os-cha": 120,
          "FutureClickCount_4800-app-dev-os-cha": 343,
          "FutureClickCount_4800-ip-app-dev-os-cha": 127,
          "NextClickTimeDelta-ip": 758,
          "NextClickTimeDelta-app": 144,
          "NextClickTimeDelta-ip-app": 932,
          "NextClickTimeDelta-dev": 87,
          "NextClickTimeDelta-ip-dev": 472,
          "NextClickTimeDelta-app-dev": 107,
          "NextClickTimeDelta-ip-app-dev": 592,
          "NextClickTimeDelta-os": 104,
          "NextClickTimeDelta-ip-os": 709,
          "NextClickTimeDelta-app-os": 236,
          "NextClickTimeDelta-ip-app-os": 1500,
          "NextClickTimeDelta-dev-os": 98,
          "NextClickTimeDelta-ip-dev-os": 481,
          "NextClickTimeDelta-app-dev-os": 190,
          "NextClickTimeDelta-ip-app-dev-os": 2389,
          "NextClickTimeDelta-cha": 150,
          "NextClickTimeDelta-ip-cha": 483,
          "NextClickTimeDelta-app-cha": 225,
          "NextClickTimeDelta-ip-app-cha": 467,
          "NextClickTimeDelta-dev-cha": 115,
          "NextClickTimeDelta-ip-dev-cha": 459,
          "NextClickTimeDelta-app-dev-cha": 143,
          "NextClickTimeDelta-ip-app-dev-cha": 414,
          "NextClickTimeDelta-os-cha": 284,
          "NextClickTimeDelta-ip-os-cha": 366,
          "NextClickTimeDelta-app-os-cha": 292,
          "NextClickTimeDelta-ip-app-os-cha": 476,
          "NextClickTimeDelta-dev-os-cha": 192,
          "NextClickTimeDelta-ip-dev-os-cha": 350,
          "NextClickTimeDelta-app-dev-os-cha": 232,
          "NextClickTimeDelta-ip-app-dev-os-cha": 543,
          "PrevClickTimeDelta-ip": 633,
          "PrevClickTimeDelta-app": 132,
          "PrevClickTimeDelta-ip-app": 432,
          "PrevClickTimeDelta-dev": 52,
          "PrevClickTimeDelta-ip-dev": 417,
          "PrevClickTimeDelta-app-dev": 105,
          "PrevClickTimeDelta-ip-app-dev": 322,
          "PrevClickTimeDelta-os": 125,
          "PrevClickTimeDelta-ip-os": 532,
          "PrevClickTimeDelta-app-os": 206,
          "PrevClickTimeDelta-ip-app-os": 402,
          "PrevClickTimeDelta-dev-os": 83,
          "PrevClickTimeDelta-ip-dev-os": 368,
          "PrevClickTimeDelta-app-dev-os": 170,
          "PrevClickTimeDelta-ip-app-dev-os": 366,
          "PrevClickTimeDelta-cha": 120,
          "PrevClickTimeDelta-ip-cha": 421,
          "PrevClickTimeDelta-app-cha": 213,
          "PrevClickTimeDelta-ip-app-cha": 325,
          "PrevClickTimeDelta-dev-cha": 142,
          "PrevClickTimeDelta-ip-dev-cha": 325,
          "PrevClickTimeDelta-app-dev-cha": 135,
          "PrevClickTimeDelta-ip-app-dev-cha": 273,
          "PrevClickTimeDelta-os-cha": 285,
          "PrevClickTimeDelta-ip-os-cha": 321,
          "PrevClickTimeDelta-app-os-cha": 265,
          "PrevClickTimeDelta-ip-app-os-cha": 265,
          "PrevClickTimeDelta-dev-os-cha": 207,
          "PrevClickTimeDelta-ip-dev-os-cha": 211,
          "PrevClickTimeDelta-app-dev-os-cha": 230,
          "PrevClickTimeDelta-ip-app-dev-os-cha": 189,
          "AverageAttributedRatio-ip": 489,
          "AverageAttributedRatio-app": 465,
          "AverageAttributedRatio-ip-app": 375,
          "AverageAttributedRatio-dev": 715,
          "AverageAttributedRatio-ip-dev": 458,
          "AverageAttributedRatio-app-dev": 297,
          "AverageAttributedRatio-ip-app-dev": 468,
          "AverageAttributedRatio-os": 387,
          "AverageAttributedRatio-ip-os": 351,
          "AverageAttributedRatio-app-os": 408,
          "AverageAttributedRatio-ip-app-os": 140,
          "AverageAttributedRatio-dev-os": 377,
          "AverageAttributedRatio-ip-dev-os": 327,
          "AverageAttributedRatio-app-dev-os": 360,
          "AverageAttributedRatio-ip-app-dev-os": 118,
          "AverageAttributedRatio-cha": 375,
          "AverageAttributedRatio-ip-cha": 200,
          "AverageAttributedRatio-app-cha": 348,
          "AverageAttributedRatio-ip-app-cha": 142,
          "AverageAttributedRatio-dev-cha": 256,
          "AverageAttributedRatio-ip-dev-cha": 163,
          "AverageAttributedRatio-app-dev-cha": 296,
          "AverageAttributedRatio-ip-app-dev-cha": 122,
          "AverageAttributedRatio-os-cha": 370,
          "AverageAttributedRatio-ip-os-cha": 77,
          "AverageAttributedRatio-app-os-cha": 456,
          "AverageAttributedRatio-ip-app-os-cha": 59,
          "AverageAttributedRatio-dev-os-cha": 315,
          "AverageAttributedRatio-ip-dev-os-cha": 82,
          "AverageAttributedRatio-app-dev-os-cha": 425,
          "AverageAttributedRatio-ip-app-dev-os-cha": 59,
          "KomakiLDA5NoDevice-ip-app-0": 1018,
          "KomakiLDA5NoDevice-ip-app-1": 1073,
          "KomakiLDA5NoDevice-ip-app-2": 1141,
          "KomakiLDA5NoDevice-ip-app-3": 710,
          "KomakiLDA5NoDevice-ip-app-4": 572,
          "KomakiLDA5NoDevice-ip-os-0": 960,
          "KomakiLDA5NoDevice-ip-os-1": 1030,
          "KomakiLDA5NoDevice-ip-os-2": 588,
          "KomakiLDA5NoDevice-ip-os-3": 743,
          "KomakiLDA5NoDevice-ip-os-4": 908,
          "KomakiLDA5NoDevice-ip-channel-0": 958,
          "KomakiLDA5NoDevice-ip-channel-1": 838,
          "KomakiLDA5NoDevice-ip-channel-2": 1011,
          "KomakiLDA5NoDevice-ip-channel-3": 1116,
          "KomakiLDA5NoDevice-ip-channel-4": 1121,
          "KomakiLDA5NoDevice-app-ip-0": 291,
          "KomakiLDA5NoDevice-app-ip-1": 212,
          "KomakiLDA5NoDevice-app-ip-2": 179,
          "KomakiLDA5NoDevice-app-ip-3": 225,
          "KomakiLDA5NoDevice-app-ip-4": 156,
          "KomakiLDA5NoDevice-app-os-0": 161,
          "KomakiLDA5NoDevice-app-os-1": 216,
          "KomakiLDA5NoDevice-app-os-2": 144,
          "KomakiLDA5NoDevice-app-os-3": 130,
          "KomakiLDA5NoDevice-app-os-4": 199,
          "KomakiLDA5NoDevice-app-channel-0": 131,
          "KomakiLDA5NoDevice-app-channel-1": 154,
          "KomakiLDA5NoDevice-app-channel-2": 251,
          "KomakiLDA5NoDevice-app-channel-3": 172,
          "KomakiLDA5NoDevice-app-channel-4": 103,
          "KomakiLDA5NoDevice-os-ip-0": 320,
          "KomakiLDA5NoDevice-os-ip-1": 233,
          "KomakiLDA5NoDevice-os-ip-2": 243,
          "KomakiLDA5NoDevice-os-ip-3": 198,
          "KomakiLDA5NoDevice-os-ip-4": 222,
          "KomakiLDA5NoDevice-os-app-0": 283,
          "KomakiLDA5NoDevice-os-app-1": 338,
          "KomakiLDA5NoDevice-os-app-2": 110,
          "KomakiLDA5NoDevice-os-app-3": 216,
          "KomakiLDA5NoDevice-os-app-4": 130,
          "KomakiLDA5NoDevice-os-channel-0": 273,
          "KomakiLDA5NoDevice-os-channel-1": 120,
          "KomakiLDA5NoDevice-os-channel-2": 226,
          "KomakiLDA5NoDevice-os-channel-3": 286,
          "KomakiLDA5NoDevice-os-channel-4": 209,
          "KomakiLDA5NoDevice-channel-ip-0": 227,
          "KomakiLDA5NoDevice-channel-ip-1": 318,
          "KomakiLDA5NoDevice-channel-ip-2": 208,
          "KomakiLDA5NoDevice-channel-ip-3": 280,
          "KomakiLDA5NoDevice-channel-ip-4": 219,
          "KomakiLDA5NoDevice-channel-app-0": 285,
          "KomakiLDA5NoDevice-channel-app-1": 222,
          "KomakiLDA5NoDevice-channel-app-2": 277,
          "KomakiLDA5NoDevice-channel-app-3": 235,
          "KomakiLDA5NoDevice-channel-app-4": 190,
          "KomakiLDA5NoDevice-channel-os-0": 250,
          "KomakiLDA5NoDevice-channel-os-1": 298,
          "KomakiLDA5NoDevice-channel-os-2": 295,
          "KomakiLDA5NoDevice-channel-os-3": 232,
          "KomakiLDA5NoDevice-channel-os-4": 275,
          "KomakiNMF5NoDevice-ip-app-0": 557,
          "KomakiNMF5NoDevice-ip-app-1": 938,
          "KomakiNMF5NoDevice-ip-app-2": 734,
          "KomakiNMF5NoDevice-ip-app-3": 507,
          "KomakiNMF5NoDevice-ip-app-4": 619,
          "KomakiNMF5NoDevice-ip-os-0": 791,
          "KomakiNMF5NoDevice-ip-os-1": 834,
          "KomakiNMF5NoDevice-ip-os-2": 718,
          "KomakiNMF5NoDevice-ip-os-3": 769,
          "KomakiNMF5NoDevice-ip-os-4": 723,
          "KomakiNMF5NoDevice-ip-channel-0": 734,
          "KomakiNMF5NoDevice-ip-channel-1": 1147,
          "KomakiNMF5NoDevice-ip-channel-2": 640,
          "KomakiNMF5NoDevice-ip-channel-3": 890,
          "KomakiNMF5NoDevice-ip-channel-4": 751,
          "KomakiNMF5NoDevice-app-ip-0": 146,
          "KomakiNMF5NoDevice-app-ip-1": 160,
          "KomakiNMF5NoDevice-app-ip-2": 152,
          "KomakiNMF5NoDevice-app-ip-3": 106,
          "KomakiNMF5NoDevice-app-ip-4": 90,
          "KomakiNMF5NoDevice-app-os-0": 48,
          "KomakiNMF5NoDevice-app-os-1": 126,
          "KomakiNMF5NoDevice-app-os-2": 93,
          "KomakiNMF5NoDevice-app-os-3": 36,
          "KomakiNMF5NoDevice-app-os-4": 40,
          "KomakiNMF5NoDevice-app-channel-0": 113,
          "KomakiNMF5NoDevice-app-channel-1": 113,
          "KomakiNMF5NoDevice-app-channel-2": 136,
          "KomakiNMF5NoDevice-app-channel-3": 120,
          "KomakiNMF5NoDevice-app-channel-4": 96,
          "KomakiNMF5NoDevice-os-ip-0": 136,
          "KomakiNMF5NoDevice-os-ip-1": 160,
          "KomakiNMF5NoDevice-os-ip-2": 130,
          "KomakiNMF5NoDevice-os-ip-3": 141,
          "KomakiNMF5NoDevice-os-ip-4": 126,
          "KomakiNMF5NoDevice-os-app-0": 92,
          "KomakiNMF5NoDevice-os-app-1": 15,
          "KomakiNMF5NoDevice-os-app-2": 122,
          "KomakiNMF5NoDevice-os-app-3": 181,
          "KomakiNMF5NoDevice-os-app-4": 137,
          "KomakiNMF5NoDevice-os-channel-0": 267,
          "KomakiNMF5NoDevice-os-channel-1": 117,
          "KomakiNMF5NoDevice-os-channel-2": 250,
          "KomakiNMF5NoDevice-os-channel-3": 227,
          "KomakiNMF5NoDevice-os-channel-4": 153,
          "KomakiNMF5NoDevice-channel-ip-0": 299,
          "KomakiNMF5NoDevice-channel-ip-1": 193,
          "KomakiNMF5NoDevice-channel-ip-2": 187,
          "KomakiNMF5NoDevice-channel-ip-3": 252,
          "KomakiNMF5NoDevice-channel-ip-4": 258,
          "KomakiNMF5NoDevice-channel-app-0": 137,
          "KomakiNMF5NoDevice-channel-app-1": 51,
          "KomakiNMF5NoDevice-channel-app-2": 137,
          "KomakiNMF5NoDevice-channel-app-3": 131,
          "KomakiNMF5NoDevice-channel-app-4": 158,
          "KomakiNMF5NoDevice-channel-os-0": 250,
          "KomakiNMF5NoDevice-channel-os-1": 87,
          "KomakiNMF5NoDevice-channel-os-2": 242,
          "KomakiNMF5NoDevice-channel-os-3": 119,
          "KomakiNMF5NoDevice-channel-os-4": 245,
          "KomakiPCA5NoDevice-ip-app-0": 945,
          "KomakiPCA5NoDevice-ip-app-1": 805,
          "KomakiPCA5NoDevice-ip-app-2": 705,
          "KomakiPCA5NoDevice-ip-app-3": 529,
          "KomakiPCA5NoDevice-ip-app-4": 879,
          "KomakiPCA5NoDevice-ip-os-0": 1064,
          "KomakiPCA5NoDevice-ip-os-1": 672,
          "KomakiPCA5NoDevice-ip-os-2": 755,
          "KomakiPCA5NoDevice-ip-os-3": 627,
          "KomakiPCA5NoDevice-ip-os-4": 810,
          "KomakiPCA5NoDevice-ip-channel-0": 1094,
          "KomakiPCA5NoDevice-ip-channel-1": 808,
          "KomakiPCA5NoDevice-ip-channel-2": 795,
          "KomakiPCA5NoDevice-ip-channel-3": 792,
          "KomakiPCA5NoDevice-ip-channel-4": 792,
          "KomakiPCA5NoDevice-app-ip-0": 74,
          "KomakiPCA5NoDevice-app-ip-1": 103,
          "KomakiPCA5NoDevice-app-ip-2": 103,
          "KomakiPCA5NoDevice-app-ip-3": 122,
          "KomakiPCA5NoDevice-app-ip-4": 104,
          "KomakiPCA5NoDevice-app-os-0": 123,
          "KomakiPCA5NoDevice-app-os-1": 97,
          "KomakiPCA5NoDevice-app-os-2": 131,
          "KomakiPCA5NoDevice-app-os-3": 131,
          "KomakiPCA5NoDevice-app-os-4": 108,
          "KomakiPCA5NoDevice-app-channel-0": 103,
          "KomakiPCA5NoDevice-app-channel-1": 128,
          "KomakiPCA5NoDevice-app-channel-2": 105,
          "KomakiPCA5NoDevice-app-channel-3": 103,
          "KomakiPCA5NoDevice-app-channel-4": 121,
          "KomakiPCA5NoDevice-os-ip-0": 77,
          "KomakiPCA5NoDevice-os-ip-1": 112,
          "KomakiPCA5NoDevice-os-ip-2": 139,
          "KomakiPCA5NoDevice-os-ip-3": 174,
          "KomakiPCA5NoDevice-os-ip-4": 146,
          "KomakiPCA5NoDevice-os-app-0": 172,
          "KomakiPCA5NoDevice-os-app-1": 128,
          "KomakiPCA5NoDevice-os-app-2": 61,
          "KomakiPCA5NoDevice-os-app-3": 177,
          "KomakiPCA5NoDevice-os-app-4": 183,
          "KomakiPCA5NoDevice-os-channel-0": 147,
          "KomakiPCA5NoDevice-os-channel-1": 188,
          "KomakiPCA5NoDevice-os-channel-2": 108,
          "KomakiPCA5NoDevice-os-channel-3": 107,
          "KomakiPCA5NoDevice-os-channel-4": 124,
          "KomakiPCA5NoDevice-channel-ip-0": 271,
          "KomakiPCA5NoDevice-channel-ip-1": 225,
          "KomakiPCA5NoDevice-channel-ip-2": 231,
          "KomakiPCA5NoDevice-channel-ip-3": 203,
          "KomakiPCA5NoDevice-channel-ip-4": 279,
          "KomakiPCA5NoDevice-channel-app-0": 232,
          "KomakiPCA5NoDevice-channel-app-1": 152,
          "KomakiPCA5NoDevice-channel-app-2": 154,
          "KomakiPCA5NoDevice-channel-app-3": 187,
          "KomakiPCA5NoDevice-channel-app-4": 197,
          "KomakiPCA5NoDevice-channel-os-0": 191,
          "KomakiPCA5NoDevice-channel-os-1": 183,
          "KomakiPCA5NoDevice-channel-os-2": 183,
          "KomakiPCA5NoDevice-channel-os-3": 198,
          "KomakiPCA5NoDevice-channel-os-4": 248
        }
      }
    ],
    "average_train_auc": 0.9944476956504558,
    "average_valid_auc": 0.9844953087576341,
    "train_auc_std": 0.0005466266898842467,
    "valid_auc_std": 0.00018461755075968288,
    "average_train_time": 485.16413922309874
  },
  "config": {
    "features": [
      "app",
      "hour",
      "count",
      "future_click_count_10",
      "future_click_count_80",
      "next_click_time_delta",
      "prev_click_time_delta",
      "average_attributed_ratio",
      "komaki_lda_5_no_device",
      "komaki_nmf_5_no_device",
      "komaki_pca_5_no_device"
    ],
    "model": {
      "name": "lightgbm",
      "model_params": {
        "boosting_type": "gbdt",
        "objective": "binary",
        "metric": "auc",
        "learning_rate": 0.03,
        "num_leaves": 255,
        "max_depth": 8,
        "min_child_samples": 10,
        "max_bin": 100,
        "subsample": 0.7,
        "subsample_freq": 1,
        "colsample_bytree": 0.7,
        "min_child_weight": 0,
        "subsample_for_bin": 200000,
        "min_split_gain": 0,
        "reg_alpha": 0,
        "reg_lambda": 0,
        "verbose": 0
      },
      "train_params": {
        "num_boost_round": 1000,
        "early_stopping_rounds": 30
      }
    },
    "dataset": {
      "input_directory": "data/input/",
      "cache_directory": "data/working/",
      "files": {
        "train": "train.feather",
        "test": "old_test.feather"
      },
      "negative_down_sampling": {
        "enabled": true,
        "bagging_size": 5,
        "random_state": 114514
      }
    },
    "test_hours": {
      "filter_validation": true,
      "train_weight": 1.5
    },
    "note": "53 + higher train weight for hours in test dataset (1.5)"
  }
}