{
  "training": {
    "trials": [
      {
        "train_auc": 0.9909313863795719,
        "valid_auc": 0.9840455892987008,
        "best_iteration": 261,
        "train_time": 138.80887174606323,
        "feature_importance": {
          "ip": 1598,
          "os": 750,
          "app": 945,
          "channel": 1204,
          "hour": 998,
          "second": 1733,
          "minute": 1670,
          "n_channels": 554,
          "ip_app_count": 635,
          "ip_app_os_count": 414,
          "FutureClickCount_600-ip": 256,
          "FutureClickCount_600-app": 161,
          "FutureClickCount_600-ip-app": 50,
          "FutureClickCount_600-dev": 143,
          "FutureClickCount_600-ip-dev": 216,
          "FutureClickCount_600-app-dev": 197,
          "FutureClickCount_600-ip-app-dev": 31,
          "FutureClickCount_600-os": 112,
          "FutureClickCount_600-ip-os": 63,
          "FutureClickCount_600-app-os": 114,
          "FutureClickCount_600-ip-app-os": 123,
          "FutureClickCount_600-dev-os": 449,
          "FutureClickCount_600-ip-dev-os": 127,
          "FutureClickCount_600-app-dev-os": 300,
          "FutureClickCount_600-ip-app-dev-os": 226,
          "FutureClickCount_600-cha": 125,
          "FutureClickCount_600-ip-cha": 31,
          "FutureClickCount_600-app-cha": 284,
          "FutureClickCount_600-ip-app-cha": 19,
          "FutureClickCount_600-dev-cha": 125,
          "FutureClickCount_600-ip-dev-cha": 26,
          "FutureClickCount_600-app-dev-cha": 128,
          "FutureClickCount_600-ip-app-dev-cha": 13,
          "FutureClickCount_600-os-cha": 65,
          "FutureClickCount_600-ip-os-cha": 20,
          "FutureClickCount_600-app-os-cha": 125,
          "FutureClickCount_600-ip-app-os-cha": 19,
          "FutureClickCount_600-dev-os-cha": 132,
          "FutureClickCount_600-ip-dev-os-cha": 19,
          "FutureClickCount_600-app-dev-os-cha": 110,
          "FutureClickCount_600-ip-app-dev-os-cha": 50,
          "FutureClickCount_4800-ip": 607,
          "FutureClickCount_4800-app": 122,
          "FutureClickCount_4800-ip-app": 81,
          "FutureClickCount_4800-dev": 37,
          "FutureClickCount_4800-ip-dev": 614,
          "FutureClickCount_4800-app-dev": 92,
          "FutureClickCount_4800-ip-app-dev": 80,
          "FutureClickCount_4800-os": 86,
          "FutureClickCount_4800-ip-os": 209,
          "FutureClickCount_4800-app-os": 131,
          "FutureClickCount_4800-ip-app-os": 103,
          "FutureClickCount_4800-dev-os": 153,
          "FutureClickCount_4800-ip-dev-os": 377,
          "FutureClickCount_4800-app-dev-os": 297,
          "FutureClickCount_4800-ip-app-dev-os": 197,
          "FutureClickCount_4800-cha": 115,
          "FutureClickCount_4800-ip-cha": 62,
          "FutureClickCount_4800-app-cha": 233,
          "FutureClickCount_4800-ip-app-cha": 43,
          "FutureClickCount_4800-dev-cha": 94,
          "FutureClickCount_4800-ip-dev-cha": 42,
          "FutureClickCount_4800-app-dev-cha": 111,
          "FutureClickCount_4800-ip-app-dev-cha": 23,
          "FutureClickCount_4800-os-cha": 72,
          "FutureClickCount_4800-ip-os-cha": 15,
          "FutureClickCount_4800-app-os-cha": 115,
          "FutureClickCount_4800-ip-app-os-cha": 22,
          "FutureClickCount_4800-dev-os-cha": 110,
          "FutureClickCount_4800-ip-dev-os-cha": 17,
          "FutureClickCount_4800-app-dev-os-cha": 114,
          "FutureClickCount_4800-ip-app-dev-os-cha": 21,
          "NextClickTimeDelta-ip": 296,
          "NextClickTimeDelta-app": 21,
          "NextClickTimeDelta-ip-app": 443,
          "NextClickTimeDelta-dev": 20,
          "NextClickTimeDelta-ip-dev": 239,
          "NextClickTimeDelta-app-dev": 27,
          "NextClickTimeDelta-ip-app-dev": 282,
          "NextClickTimeDelta-os": 21,
          "NextClickTimeDelta-ip-os": 240,
          "NextClickTimeDelta-app-os": 54,
          "NextClickTimeDelta-ip-app-os": 849,
          "NextClickTimeDelta-dev-os": 49,
          "NextClickTimeDelta-ip-dev-os": 198,
          "NextClickTimeDelta-app-dev-os": 58,
          "NextClickTimeDelta-ip-app-dev-os": 1568,
          "NextClickTimeDelta-cha": 32,
          "NextClickTimeDelta-ip-cha": 170,
          "NextClickTimeDelta-app-cha": 53,
          "NextClickTimeDelta-ip-app-cha": 195,
          "NextClickTimeDelta-dev-cha": 24,
          "NextClickTimeDelta-ip-dev-cha": 121,
          "NextClickTimeDelta-app-dev-cha": 47,
          "NextClickTimeDelta-ip-app-dev-cha": 104,
          "NextClickTimeDelta-os-cha": 57,
          "NextClickTimeDelta-ip-os-cha": 109,
          "NextClickTimeDelta-app-os-cha": 78,
          "NextClickTimeDelta-ip-app-os-cha": 223,
          "NextClickTimeDelta-dev-os-cha": 51,
          "NextClickTimeDelta-ip-dev-os-cha": 113,
          "NextClickTimeDelta-app-dev-os-cha": 69,
          "NextClickTimeDelta-ip-app-dev-os-cha": 253,
          "PrevClickTimeDelta-ip": 237,
          "PrevClickTimeDelta-app": 17,
          "PrevClickTimeDelta-ip-app": 90,
          "PrevClickTimeDelta-dev": 19,
          "PrevClickTimeDelta-ip-dev": 166,
          "PrevClickTimeDelta-app-dev": 31,
          "PrevClickTimeDelta-ip-app-dev": 121,
          "PrevClickTimeDelta-os": 22,
          "PrevClickTimeDelta-ip-os": 159,
          "PrevClickTimeDelta-app-os": 49,
          "PrevClickTimeDelta-ip-app-os": 113,
          "PrevClickTimeDelta-dev-os": 29,
          "PrevClickTimeDelta-ip-dev-os": 103,
          "PrevClickTimeDelta-app-dev-os": 50,
          "PrevClickTimeDelta-ip-app-dev-os": 94,
          "PrevClickTimeDelta-cha": 19,
          "PrevClickTimeDelta-ip-cha": 108,
          "PrevClickTimeDelta-app-cha": 39,
          "PrevClickTimeDelta-ip-app-cha": 70,
          "PrevClickTimeDelta-dev-cha": 22,
          "PrevClickTimeDelta-ip-dev-cha": 70,
          "PrevClickTimeDelta-app-dev-cha": 36,
          "PrevClickTimeDelta-ip-app-dev-cha": 67,
          "PrevClickTimeDelta-os-cha": 65,
          "PrevClickTimeDelta-ip-os-cha": 61,
          "PrevClickTimeDelta-app-os-cha": 55,
          "PrevClickTimeDelta-ip-app-os-cha": 53,
          "PrevClickTimeDelta-dev-os-cha": 51,
          "PrevClickTimeDelta-ip-dev-os-cha": 43,
          "PrevClickTimeDelta-app-dev-os-cha": 62,
          "PrevClickTimeDelta-ip-app-dev-os-cha": 40,
          "AverageAttributedRatio-ip": 85,
          "AverageAttributedRatio-app": 98,
          "AverageAttributedRatio-ip-app": 94,
          "AverageAttributedRatio-dev": 153,
          "AverageAttributedRatio-ip-dev": 93,
          "AverageAttributedRatio-app-dev": 110,
          "AverageAttributedRatio-ip-app-dev": 192,
          "AverageAttributedRatio-os": 104,
          "AverageAttributedRatio-ip-os": 60,
          "AverageAttributedRatio-app-os": 127,
          "AverageAttributedRatio-ip-app-os": 16,
          "AverageAttributedRatio-dev-os": 99,
          "AverageAttributedRatio-ip-dev-os": 56,
          "AverageAttributedRatio-app-dev-os": 189,
          "AverageAttributedRatio-ip-app-dev-os": 29,
          "AverageAttributedRatio-cha": 92,
          "AverageAttributedRatio-ip-cha": 30,
          "AverageAttributedRatio-app-cha": 144,
          "AverageAttributedRatio-ip-app-cha": 27,
          "AverageAttributedRatio-dev-cha": 69,
          "AverageAttributedRatio-ip-dev-cha": 23,
          "AverageAttributedRatio-app-dev-cha": 144,
          "AverageAttributedRatio-ip-app-dev-cha": 29,
          "AverageAttributedRatio-os-cha": 118,
          "AverageAttributedRatio-ip-os-cha": 15,
          "AverageAttributedRatio-app-os-cha": 194,
          "AverageAttributedRatio-ip-app-os-cha": 11,
          "AverageAttributedRatio-dev-os-cha": 104,
          "AverageAttributedRatio-ip-dev-os-cha": 12,
          "AverageAttributedRatio-app-dev-os-cha": 204,
          "AverageAttributedRatio-ip-app-dev-os-cha": 10,
          "KomakiLDA5NoDevice-ip-app-0": 554,
          "KomakiLDA5NoDevice-ip-app-1": 577,
          "KomakiLDA5NoDevice-ip-app-2": 343,
          "KomakiLDA5NoDevice-ip-app-3": 269,
          "KomakiLDA5NoDevice-ip-app-4": 259,
          "KomakiLDA5NoDevice-ip-os-0": 244,
          "KomakiLDA5NoDevice-ip-os-1": 345,
          "KomakiLDA5NoDevice-ip-os-2": 347,
          "KomakiLDA5NoDevice-ip-os-3": 280,
          "KomakiLDA5NoDevice-ip-os-4": 192,
          "KomakiLDA5NoDevice-ip-channel-0": 280,
          "KomakiLDA5NoDevice-ip-channel-1": 434,
          "KomakiLDA5NoDevice-ip-channel-2": 343,
          "KomakiLDA5NoDevice-ip-channel-3": 354,
          "KomakiLDA5NoDevice-ip-channel-4": 560,
          "KomakiLDA5NoDevice-app-ip-0": 253,
          "KomakiLDA5NoDevice-app-ip-1": 166,
          "KomakiLDA5NoDevice-app-ip-2": 153,
          "KomakiLDA5NoDevice-app-ip-3": 187,
          "KomakiLDA5NoDevice-app-ip-4": 136,
          "KomakiLDA5NoDevice-app-os-0": 106,
          "KomakiLDA5NoDevice-app-os-1": 239,
          "KomakiLDA5NoDevice-app-os-2": 140,
          "KomakiLDA5NoDevice-app-os-3": 104,
          "KomakiLDA5NoDevice-app-os-4": 191,
          "KomakiLDA5NoDevice-app-channel-0": 132,
          "KomakiLDA5NoDevice-app-channel-1": 125,
          "KomakiLDA5NoDevice-app-channel-2": 137,
          "KomakiLDA5NoDevice-app-channel-3": 198,
          "KomakiLDA5NoDevice-app-channel-4": 96,
          "KomakiLDA5NoDevice-os-ip-0": 142,
          "KomakiLDA5NoDevice-os-ip-1": 64,
          "KomakiLDA5NoDevice-os-ip-2": 63,
          "KomakiLDA5NoDevice-os-ip-3": 72,
          "KomakiLDA5NoDevice-os-ip-4": 99,
          "KomakiLDA5NoDevice-os-app-0": 184,
          "KomakiLDA5NoDevice-os-app-1": 94,
          "KomakiLDA5NoDevice-os-app-2": 61,
          "KomakiLDA5NoDevice-os-app-3": 185,
          "KomakiLDA5NoDevice-os-app-4": 63,
          "KomakiLDA5NoDevice-os-channel-0": 172,
          "KomakiLDA5NoDevice-os-channel-1": 116,
          "KomakiLDA5NoDevice-os-channel-2": 146,
          "KomakiLDA5NoDevice-os-channel-3": 158,
          "KomakiLDA5NoDevice-os-channel-4": 93,
          "KomakiLDA5NoDevice-channel-ip-0": 107,
          "KomakiLDA5NoDevice-channel-ip-1": 100,
          "KomakiLDA5NoDevice-channel-ip-2": 104,
          "KomakiLDA5NoDevice-channel-ip-3": 120,
          "KomakiLDA5NoDevice-channel-ip-4": 126,
          "KomakiLDA5NoDevice-channel-app-0": 132,
          "KomakiLDA5NoDevice-channel-app-1": 74,
          "KomakiLDA5NoDevice-channel-app-2": 94,
          "KomakiLDA5NoDevice-channel-app-3": 70,
          "KomakiLDA5NoDevice-channel-app-4": 96,
          "KomakiLDA5NoDevice-channel-os-0": 106,
          "KomakiLDA5NoDevice-channel-os-1": 123,
          "KomakiLDA5NoDevice-channel-os-2": 110,
          "KomakiLDA5NoDevice-channel-os-3": 130,
          "KomakiLDA5NoDevice-channel-os-4": 85
        }
      },
      {
        "train_auc": 0.9920604059919395,
        "valid_auc": 0.9840885322604381,
        "best_iteration": 338,
        "train_time": 158.0331425666809,
        "feature_importance": {
          "ip": 2058,
          "os": 840,
          "app": 1110,
          "channel": 1445,
          "hour": 1135,
          "second": 2171,
          "minute": 2200,
          "n_channels": 727,
          "ip_app_count": 712,
          "ip_app_os_count": 565,
          "FutureClickCount_600-ip": 348,
          "FutureClickCount_600-app": 203,
          "FutureClickCount_600-ip-app": 92,
          "FutureClickCount_600-dev": 135,
          "FutureClickCount_600-ip-dev": 286,
          "FutureClickCount_600-app-dev": 232,
          "FutureClickCount_600-ip-app-dev": 68,
          "FutureClickCount_600-os": 132,
          "FutureClickCount_600-ip-os": 111,
          "FutureClickCount_600-app-os": 155,
          "FutureClickCount_600-ip-app-os": 132,
          "FutureClickCount_600-dev-os": 440,
          "FutureClickCount_600-ip-dev-os": 115,
          "FutureClickCount_600-app-dev-os": 322,
          "FutureClickCount_600-ip-app-dev-os": 199,
          "FutureClickCount_600-cha": 157,
          "FutureClickCount_600-ip-cha": 40,
          "FutureClickCount_600-app-cha": 310,
          "FutureClickCount_600-ip-app-cha": 28,
          "FutureClickCount_600-dev-cha": 121,
          "FutureClickCount_600-ip-dev-cha": 26,
          "FutureClickCount_600-app-dev-cha": 157,
          "FutureClickCount_600-ip-app-dev-cha": 17,
          "FutureClickCount_600-os-cha": 93,
          "FutureClickCount_600-ip-os-cha": 20,
          "FutureClickCount_600-app-os-cha": 134,
          "FutureClickCount_600-ip-app-os-cha": 23,
          "FutureClickCount_600-dev-os-cha": 122,
          "FutureClickCount_600-ip-dev-os-cha": 18,
          "FutureClickCount_600-app-dev-os-cha": 105,
          "FutureClickCount_600-ip-app-dev-os-cha": 28,
          "FutureClickCount_4800-ip": 750,
          "FutureClickCount_4800-app": 154,
          "FutureClickCount_4800-ip-app": 120,
          "FutureClickCount_4800-dev": 41,
          "FutureClickCount_4800-ip-dev": 604,
          "FutureClickCount_4800-app-dev": 107,
          "FutureClickCount_4800-ip-app-dev": 77,
          "FutureClickCount_4800-os": 72,
          "FutureClickCount_4800-ip-os": 247,
          "FutureClickCount_4800-app-os": 126,
          "FutureClickCount_4800-ip-app-os": 109,
          "FutureClickCount_4800-dev-os": 150,
          "FutureClickCount_4800-ip-dev-os": 431,
          "FutureClickCount_4800-app-dev-os": 303,
          "FutureClickCount_4800-ip-app-dev-os": 214,
          "FutureClickCount_4800-cha": 145,
          "FutureClickCount_4800-ip-cha": 85,
          "FutureClickCount_4800-app-cha": 263,
          "FutureClickCount_4800-ip-app-cha": 54,
          "FutureClickCount_4800-dev-cha": 112,
          "FutureClickCount_4800-ip-dev-cha": 55,
          "FutureClickCount_4800-app-dev-cha": 134,
          "FutureClickCount_4800-ip-app-dev-cha": 46,
          "FutureClickCount_4800-os-cha": 112,
          "FutureClickCount_4800-ip-os-cha": 27,
          "FutureClickCount_4800-app-os-cha": 138,
          "FutureClickCount_4800-ip-app-os-cha": 35,
          "FutureClickCount_4800-dev-os-cha": 137,
          "FutureClickCount_4800-ip-dev-os-cha": 17,
          "FutureClickCount_4800-app-dev-os-cha": 151,
          "FutureClickCount_4800-ip-app-dev-os-cha": 28,
          "NextClickTimeDelta-ip": 366,
          "NextClickTimeDelta-app": 27,
          "NextClickTimeDelta-ip-app": 462,
          "NextClickTimeDelta-dev": 13,
          "NextClickTimeDelta-ip-dev": 235,
          "NextClickTimeDelta-app-dev": 32,
          "NextClickTimeDelta-ip-app-dev": 265,
          "NextClickTimeDelta-os": 21,
          "NextClickTimeDelta-ip-os": 309,
          "NextClickTimeDelta-app-os": 61,
          "NextClickTimeDelta-ip-app-os": 958,
          "NextClickTimeDelta-dev-os": 44,
          "NextClickTimeDelta-ip-dev-os": 205,
          "NextClickTimeDelta-app-dev-os": 63,
          "NextClickTimeDelta-ip-app-dev-os": 1577,
          "NextClickTimeDelta-cha": 33,
          "NextClickTimeDelta-ip-cha": 210,
          "NextClickTimeDelta-app-cha": 72,
          "NextClickTimeDelta-ip-app-cha": 187,
          "NextClickTimeDelta-dev-cha": 27,
          "NextClickTimeDelta-ip-dev-cha": 154,
          "NextClickTimeDelta-app-dev-cha": 65,
          "NextClickTimeDelta-ip-app-dev-cha": 135,
          "NextClickTimeDelta-os-cha": 78,
          "NextClickTimeDelta-ip-os-cha": 126,
          "NextClickTimeDelta-app-os-cha": 93,
          "NextClickTimeDelta-ip-app-os-cha": 249,
          "NextClickTimeDelta-dev-os-cha": 71,
          "NextClickTimeDelta-ip-dev-os-cha": 154,
          "NextClickTimeDelta-app-dev-os-cha": 111,
          "NextClickTimeDelta-ip-app-dev-os-cha": 276,
          "PrevClickTimeDelta-ip": 258,
          "PrevClickTimeDelta-app": 41,
          "PrevClickTimeDelta-ip-app": 137,
          "PrevClickTimeDelta-dev": 18,
          "PrevClickTimeDelta-ip-dev": 196,
          "PrevClickTimeDelta-app-dev": 35,
          "PrevClickTimeDelta-ip-app-dev": 98,
          "PrevClickTimeDelta-os": 31,
          "PrevClickTimeDelta-ip-os": 208,
          "PrevClickTimeDelta-app-os": 60,
          "PrevClickTimeDelta-ip-app-os": 140,
          "PrevClickTimeDelta-dev-os": 19,
          "PrevClickTimeDelta-ip-dev-os": 145,
          "PrevClickTimeDelta-app-dev-os": 50,
          "PrevClickTimeDelta-ip-app-dev-os": 136,
          "PrevClickTimeDelta-cha": 24,
          "PrevClickTimeDelta-ip-cha": 150,
          "PrevClickTimeDelta-app-cha": 51,
          "PrevClickTimeDelta-ip-app-cha": 107,
          "PrevClickTimeDelta-dev-cha": 34,
          "PrevClickTimeDelta-ip-dev-cha": 112,
          "PrevClickTimeDelta-app-dev-cha": 40,
          "PrevClickTimeDelta-ip-app-dev-cha": 79,
          "PrevClickTimeDelta-os-cha": 65,
          "PrevClickTimeDelta-ip-os-cha": 87,
          "PrevClickTimeDelta-app-os-cha": 90,
          "PrevClickTimeDelta-ip-app-os-cha": 73,
          "PrevClickTimeDelta-dev-os-cha": 63,
          "PrevClickTimeDelta-ip-dev-os-cha": 78,
          "PrevClickTimeDelta-app-dev-os-cha": 62,
          "PrevClickTimeDelta-ip-app-dev-os-cha": 54,
          "AverageAttributedRatio-ip": 118,
          "AverageAttributedRatio-app": 157,
          "AverageAttributedRatio-ip-app": 98,
          "AverageAttributedRatio-dev": 260,
          "AverageAttributedRatio-ip-dev": 110,
          "AverageAttributedRatio-app-dev": 159,
          "AverageAttributedRatio-ip-app-dev": 198,
          "AverageAttributedRatio-os": 143,
          "AverageAttributedRatio-ip-os": 72,
          "AverageAttributedRatio-app-os": 128,
          "AverageAttributedRatio-ip-app-os": 14,
          "AverageAttributedRatio-dev-os": 132,
          "AverageAttributedRatio-ip-dev-os": 64,
          "AverageAttributedRatio-app-dev-os": 213,
          "AverageAttributedRatio-ip-app-dev-os": 12,
          "AverageAttributedRatio-cha": 128,
          "AverageAttributedRatio-ip-cha": 49,
          "AverageAttributedRatio-app-cha": 143,
          "AverageAttributedRatio-ip-app-cha": 37,
          "AverageAttributedRatio-dev-cha": 78,
          "AverageAttributedRatio-ip-dev-cha": 33,
          "AverageAttributedRatio-app-dev-cha": 158,
          "AverageAttributedRatio-ip-app-dev-cha": 41,
          "AverageAttributedRatio-os-cha": 123,
          "AverageAttributedRatio-ip-os-cha": 13,
          "AverageAttributedRatio-app-os-cha": 193,
          "AverageAttributedRatio-ip-app-os-cha": 15,
          "AverageAttributedRatio-dev-os-cha": 109,
          "AverageAttributedRatio-ip-dev-os-cha": 10,
          "AverageAttributedRatio-app-dev-os-cha": 204,
          "AverageAttributedRatio-ip-app-dev-os-cha": 10,
          "KomakiLDA5NoDevice-ip-app-0": 632,
          "KomakiLDA5NoDevice-ip-app-1": 582,
          "KomakiLDA5NoDevice-ip-app-2": 396,
          "KomakiLDA5NoDevice-ip-app-3": 302,
          "KomakiLDA5NoDevice-ip-app-4": 297,
          "KomakiLDA5NoDevice-ip-os-0": 293,
          "KomakiLDA5NoDevice-ip-os-1": 421,
          "KomakiLDA5NoDevice-ip-os-2": 392,
          "KomakiLDA5NoDevice-ip-os-3": 293,
          "KomakiLDA5NoDevice-ip-os-4": 184,
          "KomakiLDA5NoDevice-ip-channel-0": 325,
          "KomakiLDA5NoDevice-ip-channel-1": 455,
          "KomakiLDA5NoDevice-ip-channel-2": 390,
          "KomakiLDA5NoDevice-ip-channel-3": 362,
          "KomakiLDA5NoDevice-ip-channel-4": 546,
          "KomakiLDA5NoDevice-app-ip-0": 257,
          "KomakiLDA5NoDevice-app-ip-1": 176,
          "KomakiLDA5NoDevice-app-ip-2": 165,
          "KomakiLDA5NoDevice-app-ip-3": 219,
          "KomakiLDA5NoDevice-app-ip-4": 124,
          "KomakiLDA5NoDevice-app-os-0": 118,
          "KomakiLDA5NoDevice-app-os-1": 232,
          "KomakiLDA5NoDevice-app-os-2": 145,
          "KomakiLDA5NoDevice-app-os-3": 129,
          "KomakiLDA5NoDevice-app-os-4": 256,
          "KomakiLDA5NoDevice-app-channel-0": 121,
          "KomakiLDA5NoDevice-app-channel-1": 184,
          "KomakiLDA5NoDevice-app-channel-2": 171,
          "KomakiLDA5NoDevice-app-channel-3": 165,
          "KomakiLDA5NoDevice-app-channel-4": 117,
          "KomakiLDA5NoDevice-os-ip-0": 151,
          "KomakiLDA5NoDevice-os-ip-1": 85,
          "KomakiLDA5NoDevice-os-ip-2": 81,
          "KomakiLDA5NoDevice-os-ip-3": 93,
          "KomakiLDA5NoDevice-os-ip-4": 124,
          "KomakiLDA5NoDevice-os-app-0": 237,
          "KomakiLDA5NoDevice-os-app-1": 102,
          "KomakiLDA5NoDevice-os-app-2": 61,
          "KomakiLDA5NoDevice-os-app-3": 159,
          "KomakiLDA5NoDevice-os-app-4": 85,
          "KomakiLDA5NoDevice-os-channel-0": 157,
          "KomakiLDA5NoDevice-os-channel-1": 80,
          "KomakiLDA5NoDevice-os-channel-2": 124,
          "KomakiLDA5NoDevice-os-channel-3": 177,
          "KomakiLDA5NoDevice-os-channel-4": 110,
          "KomakiLDA5NoDevice-channel-ip-0": 119,
          "KomakiLDA5NoDevice-channel-ip-1": 140,
          "KomakiLDA5NoDevice-channel-ip-2": 139,
          "KomakiLDA5NoDevice-channel-ip-3": 134,
          "KomakiLDA5NoDevice-channel-ip-4": 143,
          "KomakiLDA5NoDevice-channel-app-0": 136,
          "KomakiLDA5NoDevice-channel-app-1": 95,
          "KomakiLDA5NoDevice-channel-app-2": 131,
          "KomakiLDA5NoDevice-channel-app-3": 108,
          "KomakiLDA5NoDevice-channel-app-4": 129,
          "KomakiLDA5NoDevice-channel-os-0": 158,
          "KomakiLDA5NoDevice-channel-os-1": 157,
          "KomakiLDA5NoDevice-channel-os-2": 125,
          "KomakiLDA5NoDevice-channel-os-3": 168,
          "KomakiLDA5NoDevice-channel-os-4": 129
        }
      },
      {
        "train_auc": 0.9921229389772059,
        "valid_auc": 0.9839159270948196,
        "best_iteration": 349,
        "train_time": 159.39368152618408,
        "feature_importance": {
          "ip": 2103,
          "os": 849,
          "app": 1074,
          "channel": 1491,
          "hour": 1166,
          "second": 2212,
          "minute": 2064,
          "n_channels": 717,
          "ip_app_count": 708,
          "ip_app_os_count": 513,
          "FutureClickCount_600-ip": 313,
          "FutureClickCount_600-app": 162,
          "FutureClickCount_600-ip-app": 77,
          "FutureClickCount_600-dev": 153,
          "FutureClickCount_600-ip-dev": 209,
          "FutureClickCount_600-app-dev": 261,
          "FutureClickCount_600-ip-app-dev": 54,
          "FutureClickCount_600-os": 165,
          "FutureClickCount_600-ip-os": 112,
          "FutureClickCount_600-app-os": 124,
          "FutureClickCount_600-ip-app-os": 132,
          "FutureClickCount_600-dev-os": 445,
          "FutureClickCount_600-ip-dev-os": 127,
          "FutureClickCount_600-app-dev-os": 368,
          "FutureClickCount_600-ip-app-dev-os": 216,
          "FutureClickCount_600-cha": 170,
          "FutureClickCount_600-ip-cha": 40,
          "FutureClickCount_600-app-cha": 315,
          "FutureClickCount_600-ip-app-cha": 20,
          "FutureClickCount_600-dev-cha": 141,
          "FutureClickCount_600-ip-dev-cha": 25,
          "FutureClickCount_600-app-dev-cha": 153,
          "FutureClickCount_600-ip-app-dev-cha": 14,
          "FutureClickCount_600-os-cha": 100,
          "FutureClickCount_600-ip-os-cha": 23,
          "FutureClickCount_600-app-os-cha": 149,
          "FutureClickCount_600-ip-app-os-cha": 25,
          "FutureClickCount_600-dev-os-cha": 113,
          "FutureClickCount_600-ip-dev-os-cha": 37,
          "FutureClickCount_600-app-dev-os-cha": 121,
          "FutureClickCount_600-ip-app-dev-os-cha": 41,
          "FutureClickCount_4800-ip": 716,
          "FutureClickCount_4800-app": 145,
          "FutureClickCount_4800-ip-app": 118,
          "FutureClickCount_4800-dev": 34,
          "FutureClickCount_4800-ip-dev": 623,
          "FutureClickCount_4800-app-dev": 115,
          "FutureClickCount_4800-ip-app-dev": 127,
          "FutureClickCount_4800-os": 71,
          "FutureClickCount_4800-ip-os": 252,
          "FutureClickCount_4800-app-os": 168,
          "FutureClickCount_4800-ip-app-os": 117,
          "FutureClickCount_4800-dev-os": 172,
          "FutureClickCount_4800-ip-dev-os": 409,
          "FutureClickCount_4800-app-dev-os": 310,
          "FutureClickCount_4800-ip-app-dev-os": 184,
          "FutureClickCount_4800-cha": 151,
          "FutureClickCount_4800-ip-cha": 112,
          "FutureClickCount_4800-app-cha": 305,
          "FutureClickCount_4800-ip-app-cha": 75,
          "FutureClickCount_4800-dev-cha": 127,
          "FutureClickCount_4800-ip-dev-cha": 63,
          "FutureClickCount_4800-app-dev-cha": 151,
          "FutureClickCount_4800-ip-app-dev-cha": 35,
          "FutureClickCount_4800-os-cha": 97,
          "FutureClickCount_4800-ip-os-cha": 25,
          "FutureClickCount_4800-app-os-cha": 126,
          "FutureClickCount_4800-ip-app-os-cha": 34,
          "FutureClickCount_4800-dev-os-cha": 147,
          "FutureClickCount_4800-ip-dev-os-cha": 26,
          "FutureClickCount_4800-app-dev-os-cha": 140,
          "FutureClickCount_4800-ip-app-dev-os-cha": 36,
          "NextClickTimeDelta-ip": 348,
          "NextClickTimeDelta-app": 22,
          "NextClickTimeDelta-ip-app": 475,
          "NextClickTimeDelta-dev": 13,
          "NextClickTimeDelta-ip-dev": 257,
          "NextClickTimeDelta-app-dev": 15,
          "NextClickTimeDelta-ip-app-dev": 249,
          "NextClickTimeDelta-os": 22,
          "NextClickTimeDelta-ip-os": 278,
          "NextClickTimeDelta-app-os": 50,
          "NextClickTimeDelta-ip-app-os": 968,
          "NextClickTimeDelta-dev-os": 48,
          "NextClickTimeDelta-ip-dev-os": 213,
          "NextClickTimeDelta-app-dev-os": 77,
          "NextClickTimeDelta-ip-app-dev-os": 1618,
          "NextClickTimeDelta-cha": 17,
          "NextClickTimeDelta-ip-cha": 192,
          "NextClickTimeDelta-app-cha": 71,
          "NextClickTimeDelta-ip-app-cha": 180,
          "NextClickTimeDelta-dev-cha": 31,
          "NextClickTimeDelta-ip-dev-cha": 138,
          "NextClickTimeDelta-app-dev-cha": 40,
          "NextClickTimeDelta-ip-app-dev-cha": 134,
          "NextClickTimeDelta-os-cha": 60,
          "NextClickTimeDelta-ip-os-cha": 151,
          "NextClickTimeDelta-app-os-cha": 95,
          "NextClickTimeDelta-ip-app-os-cha": 253,
          "NextClickTimeDelta-dev-os-cha": 66,
          "NextClickTimeDelta-ip-dev-os-cha": 147,
          "NextClickTimeDelta-app-dev-os-cha": 109,
          "NextClickTimeDelta-ip-app-dev-os-cha": 309,
          "PrevClickTimeDelta-ip": 238,
          "PrevClickTimeDelta-app": 23,
          "PrevClickTimeDelta-ip-app": 127,
          "PrevClickTimeDelta-dev": 23,
          "PrevClickTimeDelta-ip-dev": 149,
          "PrevClickTimeDelta-app-dev": 29,
          "PrevClickTimeDelta-ip-app-dev": 119,
          "PrevClickTimeDelta-os": 19,
          "PrevClickTimeDelta-ip-os": 184,
          "PrevClickTimeDelta-app-os": 71,
          "PrevClickTimeDelta-ip-app-os": 153,
          "PrevClickTimeDelta-dev-os": 24,
          "PrevClickTimeDelta-ip-dev-os": 138,
          "PrevClickTimeDelta-app-dev-os": 52,
          "PrevClickTimeDelta-ip-app-dev-os": 121,
          "PrevClickTimeDelta-cha": 15,
          "PrevClickTimeDelta-ip-cha": 173,
          "PrevClickTimeDelta-app-cha": 58,
          "PrevClickTimeDelta-ip-app-cha": 97,
          "PrevClickTimeDelta-dev-cha": 37,
          "PrevClickTimeDelta-ip-dev-cha": 115,
          "PrevClickTimeDelta-app-dev-cha": 47,
          "PrevClickTimeDelta-ip-app-dev-cha": 91,
          "PrevClickTimeDelta-os-cha": 74,
          "PrevClickTimeDelta-ip-os-cha": 88,
          "PrevClickTimeDelta-app-os-cha": 86,
          "PrevClickTimeDelta-ip-app-os-cha": 66,
          "PrevClickTimeDelta-dev-os-cha": 73,
          "PrevClickTimeDelta-ip-dev-os-cha": 75,
          "PrevClickTimeDelta-app-dev-os-cha": 67,
          "PrevClickTimeDelta-ip-app-dev-os-cha": 57,
          "AverageAttributedRatio-ip": 120,
          "AverageAttributedRatio-app": 155,
          "AverageAttributedRatio-ip-app": 89,
          "AverageAttributedRatio-dev": 199,
          "AverageAttributedRatio-ip-dev": 91,
          "AverageAttributedRatio-app-dev": 143,
          "AverageAttributedRatio-ip-app-dev": 202,
          "AverageAttributedRatio-os": 116,
          "AverageAttributedRatio-ip-os": 69,
          "AverageAttributedRatio-app-os": 133,
          "AverageAttributedRatio-ip-app-os": 15,
          "AverageAttributedRatio-dev-os": 105,
          "AverageAttributedRatio-ip-dev-os": 58,
          "AverageAttributedRatio-app-dev-os": 204,
          "AverageAttributedRatio-ip-app-dev-os": 16,
          "AverageAttributedRatio-cha": 123,
          "AverageAttributedRatio-ip-cha": 30,
          "AverageAttributedRatio-app-cha": 134,
          "AverageAttributedRatio-ip-app-cha": 25,
          "AverageAttributedRatio-dev-cha": 94,
          "AverageAttributedRatio-ip-dev-cha": 26,
          "AverageAttributedRatio-app-dev-cha": 137,
          "AverageAttributedRatio-ip-app-dev-cha": 41,
          "AverageAttributedRatio-os-cha": 120,
          "AverageAttributedRatio-ip-os-cha": 8,
          "AverageAttributedRatio-app-os-cha": 205,
          "AverageAttributedRatio-ip-app-os-cha": 8,
          "AverageAttributedRatio-dev-os-cha": 110,
          "AverageAttributedRatio-ip-dev-os-cha": 9,
          "AverageAttributedRatio-app-dev-os-cha": 184,
          "AverageAttributedRatio-ip-app-dev-os-cha": 7,
          "KomakiLDA5NoDevice-ip-app-0": 654,
          "KomakiLDA5NoDevice-ip-app-1": 639,
          "KomakiLDA5NoDevice-ip-app-2": 446,
          "KomakiLDA5NoDevice-ip-app-3": 257,
          "KomakiLDA5NoDevice-ip-app-4": 336,
          "KomakiLDA5NoDevice-ip-os-0": 249,
          "KomakiLDA5NoDevice-ip-os-1": 400,
          "KomakiLDA5NoDevice-ip-os-2": 398,
          "KomakiLDA5NoDevice-ip-os-3": 299,
          "KomakiLDA5NoDevice-ip-os-4": 208,
          "KomakiLDA5NoDevice-ip-channel-0": 338,
          "KomakiLDA5NoDevice-ip-channel-1": 478,
          "KomakiLDA5NoDevice-ip-channel-2": 405,
          "KomakiLDA5NoDevice-ip-channel-3": 435,
          "KomakiLDA5NoDevice-ip-channel-4": 550,
          "KomakiLDA5NoDevice-app-ip-0": 285,
          "KomakiLDA5NoDevice-app-ip-1": 188,
          "KomakiLDA5NoDevice-app-ip-2": 169,
          "KomakiLDA5NoDevice-app-ip-3": 255,
          "KomakiLDA5NoDevice-app-ip-4": 156,
          "KomakiLDA5NoDevice-app-os-0": 123,
          "KomakiLDA5NoDevice-app-os-1": 234,
          "KomakiLDA5NoDevice-app-os-2": 138,
          "KomakiLDA5NoDevice-app-os-3": 125,
          "KomakiLDA5NoDevice-app-os-4": 246,
          "KomakiLDA5NoDevice-app-channel-0": 176,
          "KomakiLDA5NoDevice-app-channel-1": 173,
          "KomakiLDA5NoDevice-app-channel-2": 165,
          "KomakiLDA5NoDevice-app-channel-3": 225,
          "KomakiLDA5NoDevice-app-channel-4": 93,
          "KomakiLDA5NoDevice-os-ip-0": 158,
          "KomakiLDA5NoDevice-os-ip-1": 96,
          "KomakiLDA5NoDevice-os-ip-2": 79,
          "KomakiLDA5NoDevice-os-ip-3": 120,
          "KomakiLDA5NoDevice-os-ip-4": 118,
          "KomakiLDA5NoDevice-os-app-0": 210,
          "KomakiLDA5NoDevice-os-app-1": 112,
          "KomakiLDA5NoDevice-os-app-2": 78,
          "KomakiLDA5NoDevice-os-app-3": 154,
          "KomakiLDA5NoDevice-os-app-4": 92,
          "KomakiLDA5NoDevice-os-channel-0": 160,
          "KomakiLDA5NoDevice-os-channel-1": 93,
          "KomakiLDA5NoDevice-os-channel-2": 140,
          "KomakiLDA5NoDevice-os-channel-3": 181,
          "KomakiLDA5NoDevice-os-channel-4": 88,
          "KomakiLDA5NoDevice-channel-ip-0": 110,
          "KomakiLDA5NoDevice-channel-ip-1": 168,
          "KomakiLDA5NoDevice-channel-ip-2": 129,
          "KomakiLDA5NoDevice-channel-ip-3": 137,
          "KomakiLDA5NoDevice-channel-ip-4": 128,
          "KomakiLDA5NoDevice-channel-app-0": 130,
          "KomakiLDA5NoDevice-channel-app-1": 97,
          "KomakiLDA5NoDevice-channel-app-2": 114,
          "KomakiLDA5NoDevice-channel-app-3": 86,
          "KomakiLDA5NoDevice-channel-app-4": 127,
          "KomakiLDA5NoDevice-channel-os-0": 140,
          "KomakiLDA5NoDevice-channel-os-1": 138,
          "KomakiLDA5NoDevice-channel-os-2": 143,
          "KomakiLDA5NoDevice-channel-os-3": 142,
          "KomakiLDA5NoDevice-channel-os-4": 92
        }
      },
      {
        "train_auc": 0.9920585733131376,
        "valid_auc": 0.983911262143049,
        "best_iteration": 338,
        "train_time": 156.74904870986938,
        "feature_importance": {
          "ip": 2068,
          "os": 785,
          "app": 1084,
          "channel": 1538,
          "hour": 1131,
          "second": 2091,
          "minute": 1956,
          "n_channels": 717,
          "ip_app_count": 704,
          "ip_app_os_count": 571,
          "FutureClickCount_600-ip": 352,
          "FutureClickCount_600-app": 198,
          "FutureClickCount_600-ip-app": 70,
          "FutureClickCount_600-dev": 144,
          "FutureClickCount_600-ip-dev": 245,
          "FutureClickCount_600-app-dev": 202,
          "FutureClickCount_600-ip-app-dev": 76,
          "FutureClickCount_600-os": 129,
          "FutureClickCount_600-ip-os": 121,
          "FutureClickCount_600-app-os": 164,
          "FutureClickCount_600-ip-app-os": 132,
          "FutureClickCount_600-dev-os": 414,
          "FutureClickCount_600-ip-dev-os": 130,
          "FutureClickCount_600-app-dev-os": 313,
          "FutureClickCount_600-ip-app-dev-os": 230,
          "FutureClickCount_600-cha": 171,
          "FutureClickCount_600-ip-cha": 44,
          "FutureClickCount_600-app-cha": 265,
          "FutureClickCount_600-ip-app-cha": 21,
          "FutureClickCount_600-dev-cha": 116,
          "FutureClickCount_600-ip-dev-cha": 34,
          "FutureClickCount_600-app-dev-cha": 161,
          "FutureClickCount_600-ip-app-dev-cha": 18,
          "FutureClickCount_600-os-cha": 87,
          "FutureClickCount_600-ip-os-cha": 30,
          "FutureClickCount_600-app-os-cha": 119,
          "FutureClickCount_600-ip-app-os-cha": 17,
          "FutureClickCount_600-dev-os-cha": 132,
          "FutureClickCount_600-ip-dev-os-cha": 19,
          "FutureClickCount_600-app-dev-os-cha": 109,
          "FutureClickCount_600-ip-app-dev-os-cha": 39,
          "FutureClickCount_4800-ip": 747,
          "FutureClickCount_4800-app": 149,
          "FutureClickCount_4800-ip-app": 133,
          "FutureClickCount_4800-dev": 49,
          "FutureClickCount_4800-ip-dev": 639,
          "FutureClickCount_4800-app-dev": 94,
          "FutureClickCount_4800-ip-app-dev": 108,
          "FutureClickCount_4800-os": 76,
          "FutureClickCount_4800-ip-os": 235,
          "FutureClickCount_4800-app-os": 154,
          "FutureClickCount_4800-ip-app-os": 116,
          "FutureClickCount_4800-dev-os": 144,
          "FutureClickCount_4800-ip-dev-os": 424,
          "FutureClickCount_4800-app-dev-os": 332,
          "FutureClickCount_4800-ip-app-dev-os": 205,
          "FutureClickCount_4800-cha": 138,
          "FutureClickCount_4800-ip-cha": 81,
          "FutureClickCount_4800-app-cha": 300,
          "FutureClickCount_4800-ip-app-cha": 71,
          "FutureClickCount_4800-dev-cha": 120,
          "FutureClickCount_4800-ip-dev-cha": 54,
          "FutureClickCount_4800-app-dev-cha": 116,
          "FutureClickCount_4800-ip-app-dev-cha": 43,
          "FutureClickCount_4800-os-cha": 77,
          "FutureClickCount_4800-ip-os-cha": 23,
          "FutureClickCount_4800-app-os-cha": 141,
          "FutureClickCount_4800-ip-app-os-cha": 22,
          "FutureClickCount_4800-dev-os-cha": 164,
          "FutureClickCount_4800-ip-dev-os-cha": 21,
          "FutureClickCount_4800-app-dev-os-cha": 141,
          "FutureClickCount_4800-ip-app-dev-os-cha": 36,
          "NextClickTimeDelta-ip": 314,
          "NextClickTimeDelta-app": 26,
          "NextClickTimeDelta-ip-app": 423,
          "NextClickTimeDelta-dev": 15,
          "NextClickTimeDelta-ip-dev": 251,
          "NextClickTimeDelta-app-dev": 19,
          "NextClickTimeDelta-ip-app-dev": 278,
          "NextClickTimeDelta-os": 11,
          "NextClickTimeDelta-ip-os": 303,
          "NextClickTimeDelta-app-os": 60,
          "NextClickTimeDelta-ip-app-os": 968,
          "NextClickTimeDelta-dev-os": 30,
          "NextClickTimeDelta-ip-dev-os": 200,
          "NextClickTimeDelta-app-dev-os": 85,
          "NextClickTimeDelta-ip-app-dev-os": 1631,
          "NextClickTimeDelta-cha": 55,
          "NextClickTimeDelta-ip-cha": 193,
          "NextClickTimeDelta-app-cha": 63,
          "NextClickTimeDelta-ip-app-cha": 167,
          "NextClickTimeDelta-dev-cha": 39,
          "NextClickTimeDelta-ip-dev-cha": 155,
          "NextClickTimeDelta-app-dev-cha": 42,
          "NextClickTimeDelta-ip-app-dev-cha": 122,
          "NextClickTimeDelta-os-cha": 67,
          "NextClickTimeDelta-ip-os-cha": 163,
          "NextClickTimeDelta-app-os-cha": 97,
          "NextClickTimeDelta-ip-app-os-cha": 214,
          "NextClickTimeDelta-dev-os-cha": 74,
          "NextClickTimeDelta-ip-dev-os-cha": 129,
          "NextClickTimeDelta-app-dev-os-cha": 111,
          "NextClickTimeDelta-ip-app-dev-os-cha": 268,
          "PrevClickTimeDelta-ip": 273,
          "PrevClickTimeDelta-app": 28,
          "PrevClickTimeDelta-ip-app": 157,
          "PrevClickTimeDelta-dev": 18,
          "PrevClickTimeDelta-ip-dev": 177,
          "PrevClickTimeDelta-app-dev": 34,
          "PrevClickTimeDelta-ip-app-dev": 107,
          "PrevClickTimeDelta-os": 12,
          "PrevClickTimeDelta-ip-os": 223,
          "PrevClickTimeDelta-app-os": 62,
          "PrevClickTimeDelta-ip-app-os": 119,
          "PrevClickTimeDelta-dev-os": 31,
          "PrevClickTimeDelta-ip-dev-os": 157,
          "PrevClickTimeDelta-app-dev-os": 66,
          "PrevClickTimeDelta-ip-app-dev-os": 144,
          "PrevClickTimeDelta-cha": 27,
          "PrevClickTimeDelta-ip-cha": 149,
          "PrevClickTimeDelta-app-cha": 52,
          "PrevClickTimeDelta-ip-app-cha": 70,
          "PrevClickTimeDelta-dev-cha": 52,
          "PrevClickTimeDelta-ip-dev-cha": 118,
          "PrevClickTimeDelta-app-dev-cha": 42,
          "PrevClickTimeDelta-ip-app-dev-cha": 88,
          "PrevClickTimeDelta-os-cha": 63,
          "PrevClickTimeDelta-ip-os-cha": 78,
          "PrevClickTimeDelta-app-os-cha": 81,
          "PrevClickTimeDelta-ip-app-os-cha": 71,
          "PrevClickTimeDelta-dev-os-cha": 62,
          "PrevClickTimeDelta-ip-dev-os-cha": 43,
          "PrevClickTimeDelta-app-dev-os-cha": 73,
          "PrevClickTimeDelta-ip-app-dev-os-cha": 50,
          "AverageAttributedRatio-ip": 127,
          "AverageAttributedRatio-app": 142,
          "AverageAttributedRatio-ip-app": 96,
          "AverageAttributedRatio-dev": 229,
          "AverageAttributedRatio-ip-dev": 109,
          "AverageAttributedRatio-app-dev": 125,
          "AverageAttributedRatio-ip-app-dev": 208,
          "AverageAttributedRatio-os": 129,
          "AverageAttributedRatio-ip-os": 61,
          "AverageAttributedRatio-app-os": 131,
          "AverageAttributedRatio-ip-app-os": 19,
          "AverageAttributedRatio-dev-os": 118,
          "AverageAttributedRatio-ip-dev-os": 64,
          "AverageAttributedRatio-app-dev-os": 196,
          "AverageAttributedRatio-ip-app-dev-os": 14,
          "AverageAttributedRatio-cha": 125,
          "AverageAttributedRatio-ip-cha": 20,
          "AverageAttributedRatio-app-cha": 153,
          "AverageAttributedRatio-ip-app-cha": 24,
          "AverageAttributedRatio-dev-cha": 99,
          "AverageAttributedRatio-ip-dev-cha": 30,
          "AverageAttributedRatio-app-dev-cha": 155,
          "AverageAttributedRatio-ip-app-dev-cha": 18,
          "AverageAttributedRatio-os-cha": 122,
          "AverageAttributedRatio-ip-os-cha": 11,
          "AverageAttributedRatio-app-os-cha": 189,
          "AverageAttributedRatio-ip-app-os-cha": 9,
          "AverageAttributedRatio-dev-os-cha": 137,
          "AverageAttributedRatio-ip-dev-os-cha": 8,
          "AverageAttributedRatio-app-dev-os-cha": 190,
          "AverageAttributedRatio-ip-app-dev-os-cha": 6,
          "KomakiLDA5NoDevice-ip-app-0": 624,
          "KomakiLDA5NoDevice-ip-app-1": 567,
          "KomakiLDA5NoDevice-ip-app-2": 402,
          "KomakiLDA5NoDevice-ip-app-3": 300,
          "KomakiLDA5NoDevice-ip-app-4": 266,
          "KomakiLDA5NoDevice-ip-os-0": 236,
          "KomakiLDA5NoDevice-ip-os-1": 394,
          "KomakiLDA5NoDevice-ip-os-2": 371,
          "KomakiLDA5NoDevice-ip-os-3": 341,
          "KomakiLDA5NoDevice-ip-os-4": 220,
          "KomakiLDA5NoDevice-ip-channel-0": 311,
          "KomakiLDA5NoDevice-ip-channel-1": 445,
          "KomakiLDA5NoDevice-ip-channel-2": 399,
          "KomakiLDA5NoDevice-ip-channel-3": 435,
          "KomakiLDA5NoDevice-ip-channel-4": 564,
          "KomakiLDA5NoDevice-app-ip-0": 279,
          "KomakiLDA5NoDevice-app-ip-1": 134,
          "KomakiLDA5NoDevice-app-ip-2": 163,
          "KomakiLDA5NoDevice-app-ip-3": 220,
          "KomakiLDA5NoDevice-app-ip-4": 133,
          "KomakiLDA5NoDevice-app-os-0": 107,
          "KomakiLDA5NoDevice-app-os-1": 198,
          "KomakiLDA5NoDevice-app-os-2": 156,
          "KomakiLDA5NoDevice-app-os-3": 112,
          "KomakiLDA5NoDevice-app-os-4": 231,
          "KomakiLDA5NoDevice-app-channel-0": 155,
          "KomakiLDA5NoDevice-app-channel-1": 167,
          "KomakiLDA5NoDevice-app-channel-2": 170,
          "KomakiLDA5NoDevice-app-channel-3": 197,
          "KomakiLDA5NoDevice-app-channel-4": 96,
          "KomakiLDA5NoDevice-os-ip-0": 145,
          "KomakiLDA5NoDevice-os-ip-1": 98,
          "KomakiLDA5NoDevice-os-ip-2": 73,
          "KomakiLDA5NoDevice-os-ip-3": 101,
          "KomakiLDA5NoDevice-os-ip-4": 128,
          "KomakiLDA5NoDevice-os-app-0": 223,
          "KomakiLDA5NoDevice-os-app-1": 127,
          "KomakiLDA5NoDevice-os-app-2": 90,
          "KomakiLDA5NoDevice-os-app-3": 147,
          "KomakiLDA5NoDevice-os-app-4": 77,
          "KomakiLDA5NoDevice-os-channel-0": 140,
          "KomakiLDA5NoDevice-os-channel-1": 74,
          "KomakiLDA5NoDevice-os-channel-2": 128,
          "KomakiLDA5NoDevice-os-channel-3": 213,
          "KomakiLDA5NoDevice-os-channel-4": 108,
          "KomakiLDA5NoDevice-channel-ip-0": 140,
          "KomakiLDA5NoDevice-channel-ip-1": 157,
          "KomakiLDA5NoDevice-channel-ip-2": 130,
          "KomakiLDA5NoDevice-channel-ip-3": 118,
          "KomakiLDA5NoDevice-channel-ip-4": 139,
          "KomakiLDA5NoDevice-channel-app-0": 162,
          "KomakiLDA5NoDevice-channel-app-1": 104,
          "KomakiLDA5NoDevice-channel-app-2": 116,
          "KomakiLDA5NoDevice-channel-app-3": 113,
          "KomakiLDA5NoDevice-channel-app-4": 144,
          "KomakiLDA5NoDevice-channel-os-0": 149,
          "KomakiLDA5NoDevice-channel-os-1": 166,
          "KomakiLDA5NoDevice-channel-os-2": 134,
          "KomakiLDA5NoDevice-channel-os-3": 136,
          "KomakiLDA5NoDevice-channel-os-4": 126
        }
      },
      {
        "train_auc": 0.9929122985921647,
        "valid_auc": 0.9841412169990139,
        "best_iteration": 402,
        "train_time": 175.88786602020264,
        "feature_importance": {
          "ip": 2433,
          "os": 966,
          "app": 1134,
          "channel": 1744,
          "hour": 1346,
          "second": 2652,
          "minute": 2432,
          "n_channels": 754,
          "ip_app_count": 798,
          "ip_app_os_count": 582,
          "FutureClickCount_600-ip": 405,
          "FutureClickCount_600-app": 233,
          "FutureClickCount_600-ip-app": 73,
          "FutureClickCount_600-dev": 142,
          "FutureClickCount_600-ip-dev": 298,
          "FutureClickCount_600-app-dev": 257,
          "FutureClickCount_600-ip-app-dev": 75,
          "FutureClickCount_600-os": 157,
          "FutureClickCount_600-ip-os": 135,
          "FutureClickCount_600-app-os": 139,
          "FutureClickCount_600-ip-app-os": 112,
          "FutureClickCount_600-dev-os": 463,
          "FutureClickCount_600-ip-dev-os": 139,
          "FutureClickCount_600-app-dev-os": 389,
          "FutureClickCount_600-ip-app-dev-os": 225,
          "FutureClickCount_600-cha": 185,
          "FutureClickCount_600-ip-cha": 44,
          "FutureClickCount_600-app-cha": 350,
          "FutureClickCount_600-ip-app-cha": 25,
          "FutureClickCount_600-dev-cha": 154,
          "FutureClickCount_600-ip-dev-cha": 29,
          "FutureClickCount_600-app-dev-cha": 167,
          "FutureClickCount_600-ip-app-dev-cha": 13,
          "FutureClickCount_600-os-cha": 122,
          "FutureClickCount_600-ip-os-cha": 21,
          "FutureClickCount_600-app-os-cha": 133,
          "FutureClickCount_600-ip-app-os-cha": 23,
          "FutureClickCount_600-dev-os-cha": 149,
          "FutureClickCount_600-ip-dev-os-cha": 23,
          "FutureClickCount_600-app-dev-os-cha": 131,
          "FutureClickCount_600-ip-app-dev-os-cha": 34,
          "FutureClickCount_4800-ip": 778,
          "FutureClickCount_4800-app": 153,
          "FutureClickCount_4800-ip-app": 205,
          "FutureClickCount_4800-dev": 39,
          "FutureClickCount_4800-ip-dev": 700,
          "FutureClickCount_4800-app-dev": 119,
          "FutureClickCount_4800-ip-app-dev": 129,
          "FutureClickCount_4800-os": 76,
          "FutureClickCount_4800-ip-os": 290,
          "FutureClickCount_4800-app-os": 195,
          "FutureClickCount_4800-ip-app-os": 147,
          "FutureClickCount_4800-dev-os": 160,
          "FutureClickCount_4800-ip-dev-os": 440,
          "FutureClickCount_4800-app-dev-os": 366,
          "FutureClickCount_4800-ip-app-dev-os": 217,
          "FutureClickCount_4800-cha": 144,
          "FutureClickCount_4800-ip-cha": 105,
          "FutureClickCount_4800-app-cha": 317,
          "FutureClickCount_4800-ip-app-cha": 64,
          "FutureClickCount_4800-dev-cha": 159,
          "FutureClickCount_4800-ip-dev-cha": 80,
          "FutureClickCount_4800-app-dev-cha": 167,
          "FutureClickCount_4800-ip-app-dev-cha": 61,
          "FutureClickCount_4800-os-cha": 126,
          "FutureClickCount_4800-ip-os-cha": 30,
          "FutureClickCount_4800-app-os-cha": 139,
          "FutureClickCount_4800-ip-app-os-cha": 26,
          "FutureClickCount_4800-dev-os-cha": 144,
          "FutureClickCount_4800-ip-dev-os-cha": 27,
          "FutureClickCount_4800-app-dev-os-cha": 158,
          "FutureClickCount_4800-ip-app-dev-os-cha": 22,
          "NextClickTimeDelta-ip": 353,
          "NextClickTimeDelta-app": 40,
          "NextClickTimeDelta-ip-app": 475,
          "NextClickTimeDelta-dev": 21,
          "NextClickTimeDelta-ip-dev": 291,
          "NextClickTimeDelta-app-dev": 40,
          "NextClickTimeDelta-ip-app-dev": 329,
          "NextClickTimeDelta-os": 26,
          "NextClickTimeDelta-ip-os": 342,
          "NextClickTimeDelta-app-os": 66,
          "NextClickTimeDelta-ip-app-os": 1047,
          "NextClickTimeDelta-dev-os": 58,
          "NextClickTimeDelta-ip-dev-os": 232,
          "NextClickTimeDelta-app-dev-os": 75,
          "NextClickTimeDelta-ip-app-dev-os": 1668,
          "NextClickTimeDelta-cha": 25,
          "NextClickTimeDelta-ip-cha": 224,
          "NextClickTimeDelta-app-cha": 74,
          "NextClickTimeDelta-ip-app-cha": 205,
          "NextClickTimeDelta-dev-cha": 37,
          "NextClickTimeDelta-ip-dev-cha": 162,
          "NextClickTimeDelta-app-dev-cha": 58,
          "NextClickTimeDelta-ip-app-dev-cha": 146,
          "NextClickTimeDelta-os-cha": 75,
          "NextClickTimeDelta-ip-os-cha": 170,
          "NextClickTimeDelta-app-os-cha": 99,
          "NextClickTimeDelta-ip-app-os-cha": 243,
          "NextClickTimeDelta-dev-os-cha": 73,
          "NextClickTimeDelta-ip-dev-os-cha": 184,
          "NextClickTimeDelta-app-dev-os-cha": 113,
          "NextClickTimeDelta-ip-app-dev-os-cha": 326,
          "PrevClickTimeDelta-ip": 257,
          "PrevClickTimeDelta-app": 27,
          "PrevClickTimeDelta-ip-app": 161,
          "PrevClickTimeDelta-dev": 30,
          "PrevClickTimeDelta-ip-dev": 199,
          "PrevClickTimeDelta-app-dev": 30,
          "PrevClickTimeDelta-ip-app-dev": 134,
          "PrevClickTimeDelta-os": 47,
          "PrevClickTimeDelta-ip-os": 220,
          "PrevClickTimeDelta-app-os": 69,
          "PrevClickTimeDelta-ip-app-os": 167,
          "PrevClickTimeDelta-dev-os": 32,
          "PrevClickTimeDelta-ip-dev-os": 163,
          "PrevClickTimeDelta-app-dev-os": 59,
          "PrevClickTimeDelta-ip-app-dev-os": 166,
          "PrevClickTimeDelta-cha": 34,
          "PrevClickTimeDelta-ip-cha": 172,
          "PrevClickTimeDelta-app-cha": 72,
          "PrevClickTimeDelta-ip-app-cha": 118,
          "PrevClickTimeDelta-dev-cha": 45,
          "PrevClickTimeDelta-ip-dev-cha": 109,
          "PrevClickTimeDelta-app-dev-cha": 56,
          "PrevClickTimeDelta-ip-app-dev-cha": 107,
          "PrevClickTimeDelta-os-cha": 65,
          "PrevClickTimeDelta-ip-os-cha": 95,
          "PrevClickTimeDelta-app-os-cha": 81,
          "PrevClickTimeDelta-ip-app-os-cha": 73,
          "PrevClickTimeDelta-dev-os-cha": 62,
          "PrevClickTimeDelta-ip-dev-os-cha": 85,
          "PrevClickTimeDelta-app-dev-os-cha": 69,
          "PrevClickTimeDelta-ip-app-dev-os-cha": 72,
          "AverageAttributedRatio-ip": 145,
          "AverageAttributedRatio-app": 159,
          "AverageAttributedRatio-ip-app": 103,
          "AverageAttributedRatio-dev": 232,
          "AverageAttributedRatio-ip-dev": 113,
          "AverageAttributedRatio-app-dev": 161,
          "AverageAttributedRatio-ip-app-dev": 198,
          "AverageAttributedRatio-os": 150,
          "AverageAttributedRatio-ip-os": 82,
          "AverageAttributedRatio-app-os": 158,
          "AverageAttributedRatio-ip-app-os": 25,
          "AverageAttributedRatio-dev-os": 125,
          "AverageAttributedRatio-ip-dev-os": 58,
          "AverageAttributedRatio-app-dev-os": 228,
          "AverageAttributedRatio-ip-app-dev-os": 16,
          "AverageAttributedRatio-cha": 141,
          "AverageAttributedRatio-ip-cha": 53,
          "AverageAttributedRatio-app-cha": 151,
          "AverageAttributedRatio-ip-app-cha": 35,
          "AverageAttributedRatio-dev-cha": 97,
          "AverageAttributedRatio-ip-dev-cha": 21,
          "AverageAttributedRatio-app-dev-cha": 163,
          "AverageAttributedRatio-ip-app-dev-cha": 27,
          "AverageAttributedRatio-os-cha": 135,
          "AverageAttributedRatio-ip-os-cha": 11,
          "AverageAttributedRatio-app-os-cha": 228,
          "AverageAttributedRatio-ip-app-os-cha": 10,
          "AverageAttributedRatio-dev-os-cha": 135,
          "AverageAttributedRatio-ip-dev-os-cha": 14,
          "AverageAttributedRatio-app-dev-os-cha": 211,
          "AverageAttributedRatio-ip-app-dev-os-cha": 7,
          "KomakiLDA5NoDevice-ip-app-0": 703,
          "KomakiLDA5NoDevice-ip-app-1": 683,
          "KomakiLDA5NoDevice-ip-app-2": 468,
          "KomakiLDA5NoDevice-ip-app-3": 325,
          "KomakiLDA5NoDevice-ip-app-4": 368,
          "KomakiLDA5NoDevice-ip-os-0": 327,
          "KomakiLDA5NoDevice-ip-os-1": 418,
          "KomakiLDA5NoDevice-ip-os-2": 397,
          "KomakiLDA5NoDevice-ip-os-3": 342,
          "KomakiLDA5NoDevice-ip-os-4": 243,
          "KomakiLDA5NoDevice-ip-channel-0": 376,
          "KomakiLDA5NoDevice-ip-channel-1": 514,
          "KomakiLDA5NoDevice-ip-channel-2": 471,
          "KomakiLDA5NoDevice-ip-channel-3": 379,
          "KomakiLDA5NoDevice-ip-channel-4": 569,
          "KomakiLDA5NoDevice-app-ip-0": 286,
          "KomakiLDA5NoDevice-app-ip-1": 204,
          "KomakiLDA5NoDevice-app-ip-2": 179,
          "KomakiLDA5NoDevice-app-ip-3": 261,
          "KomakiLDA5NoDevice-app-ip-4": 194,
          "KomakiLDA5NoDevice-app-os-0": 131,
          "KomakiLDA5NoDevice-app-os-1": 273,
          "KomakiLDA5NoDevice-app-os-2": 160,
          "KomakiLDA5NoDevice-app-os-3": 146,
          "KomakiLDA5NoDevice-app-os-4": 256,
          "KomakiLDA5NoDevice-app-channel-0": 172,
          "KomakiLDA5NoDevice-app-channel-1": 171,
          "KomakiLDA5NoDevice-app-channel-2": 210,
          "KomakiLDA5NoDevice-app-channel-3": 222,
          "KomakiLDA5NoDevice-app-channel-4": 105,
          "KomakiLDA5NoDevice-os-ip-0": 180,
          "KomakiLDA5NoDevice-os-ip-1": 117,
          "KomakiLDA5NoDevice-os-ip-2": 86,
          "KomakiLDA5NoDevice-os-ip-3": 106,
          "KomakiLDA5NoDevice-os-ip-4": 157,
          "KomakiLDA5NoDevice-os-app-0": 204,
          "KomakiLDA5NoDevice-os-app-1": 136,
          "KomakiLDA5NoDevice-os-app-2": 105,
          "KomakiLDA5NoDevice-os-app-3": 149,
          "KomakiLDA5NoDevice-os-app-4": 92,
          "KomakiLDA5NoDevice-os-channel-0": 180,
          "KomakiLDA5NoDevice-os-channel-1": 109,
          "KomakiLDA5NoDevice-os-channel-2": 158,
          "KomakiLDA5NoDevice-os-channel-3": 193,
          "KomakiLDA5NoDevice-os-channel-4": 107,
          "KomakiLDA5NoDevice-channel-ip-0": 131,
          "KomakiLDA5NoDevice-channel-ip-1": 157,
          "KomakiLDA5NoDevice-channel-ip-2": 158,
          "KomakiLDA5NoDevice-channel-ip-3": 178,
          "KomakiLDA5NoDevice-channel-ip-4": 198,
          "KomakiLDA5NoDevice-channel-app-0": 192,
          "KomakiLDA5NoDevice-channel-app-1": 105,
          "KomakiLDA5NoDevice-channel-app-2": 143,
          "KomakiLDA5NoDevice-channel-app-3": 125,
          "KomakiLDA5NoDevice-channel-app-4": 123,
          "KomakiLDA5NoDevice-channel-os-0": 162,
          "KomakiLDA5NoDevice-channel-os-1": 180,
          "KomakiLDA5NoDevice-channel-os-2": 184,
          "KomakiLDA5NoDevice-channel-os-3": 166,
          "KomakiLDA5NoDevice-channel-os-4": 126
        }
      }
    ],
    "average_train_auc": 0.9920171206508039,
    "average_valid_auc": 0.9840205055592042,
    "train_auc_std": 0.0006316568556741716,
    "valid_auc_std": 9.241088350961477e-05,
    "average_train_time": 157.77452211380006
  },
  "config": {
    "features": [
      "ip",
      "os",
      "app",
      "channel",
      "hour",
      "minute",
      "second",
      "count",
      "future_click_count_10",
      "future_click_count_80",
      "next_click_time_delta",
      "prev_click_time_delta",
      "average_attributed_ratio",
      "komaki_lda_5_no_device"
    ],
    "model": {
      "name": "lightgbm",
      "model_params": {
        "boosting_type": "gbdt",
        "objective": "binary",
        "metric": "auc",
        "learning_rate": 0.03,
        "num_leaves": 255,
        "max_depth": 8,
        "min_child_samples": 100,
        "max_bin": 100,
        "subsample": 0.7,
        "subsample_freq": 1,
        "colsample_bytree": 0.7,
        "min_child_weight": 0,
        "subsample_for_bin": 200000,
        "min_split_gain": 0,
        "reg_alpha": 0,
        "reg_lambda": 0,
        "verbose": 0
      },
      "train_params": {
        "num_boost_round": 1000,
        "early_stopping_rounds": 30
      }
    },
    "dataset": {
      "input_directory": "data/input/",
      "cache_directory": "data/working/",
      "validation_ratio": 0.33333333333,
      "full_data_train": true,
      "files": {
        "train": "train.feather",
        "test": "old_test.feather"
      },
      "negative_down_sampling": {
        "enabled": true,
        "bagging_size": 5,
        "random_state": 114514
      }
    },
    "note": "copied from 24_2 and changed min_child_samples"
  }
}