{
  "training": {
    "trials": [
      {
        "train_auc": 0.9898871529243223,
        "valid_auc": 0.9841592074468962,
        "best_iteration": 76,
        "train_time": 59.89325284957886,
        "feature_importance": {
          "ip": 381,
          "os": 275,
          "app": 328,
          "channel": 485,
          "hour": 412,
          "n_channels": 176,
          "ip_app_count": 193,
          "ip_app_os_count": 157,
          "FutureClickCount_600-ip": 78,
          "FutureClickCount_600-app": 50,
          "FutureClickCount_600-ip-app": 20,
          "FutureClickCount_600-dev": 45,
          "FutureClickCount_600-ip-dev": 63,
          "FutureClickCount_600-app-dev": 53,
          "FutureClickCount_600-ip-app-dev": 11,
          "FutureClickCount_600-os": 36,
          "FutureClickCount_600-ip-os": 30,
          "FutureClickCount_600-app-os": 43,
          "FutureClickCount_600-ip-app-os": 38,
          "FutureClickCount_600-dev-os": 134,
          "FutureClickCount_600-ip-dev-os": 41,
          "FutureClickCount_600-app-dev-os": 114,
          "FutureClickCount_600-ip-app-dev-os": 70,
          "FutureClickCount_600-cha": 41,
          "FutureClickCount_600-ip-cha": 11,
          "FutureClickCount_600-app-cha": 98,
          "FutureClickCount_600-ip-app-cha": 4,
          "FutureClickCount_600-dev-cha": 48,
          "FutureClickCount_600-ip-dev-cha": 12,
          "FutureClickCount_600-app-dev-cha": 37,
          "FutureClickCount_600-ip-app-dev-cha": 6,
          "FutureClickCount_600-os-cha": 34,
          "FutureClickCount_600-ip-os-cha": 11,
          "FutureClickCount_600-app-os-cha": 29,
          "FutureClickCount_600-ip-app-os-cha": 7,
          "FutureClickCount_600-dev-os-cha": 34,
          "FutureClickCount_600-ip-dev-os-cha": 4,
          "FutureClickCount_600-app-dev-os-cha": 36,
          "FutureClickCount_600-ip-app-dev-os-cha": 8,
          "FutureClickCount_4800-ip": 193,
          "FutureClickCount_4800-app": 47,
          "FutureClickCount_4800-ip-app": 23,
          "FutureClickCount_4800-dev": 10,
          "FutureClickCount_4800-ip-dev": 212,
          "FutureClickCount_4800-app-dev": 26,
          "FutureClickCount_4800-ip-app-dev": 21,
          "FutureClickCount_4800-os": 21,
          "FutureClickCount_4800-ip-os": 80,
          "FutureClickCount_4800-app-os": 48,
          "FutureClickCount_4800-ip-app-os": 41,
          "FutureClickCount_4800-dev-os": 67,
          "FutureClickCount_4800-ip-dev-os": 101,
          "FutureClickCount_4800-app-dev-os": 76,
          "FutureClickCount_4800-ip-app-dev-os": 52,
          "FutureClickCount_4800-cha": 35,
          "FutureClickCount_4800-ip-cha": 20,
          "FutureClickCount_4800-app-cha": 69,
          "FutureClickCount_4800-ip-app-cha": 11,
          "FutureClickCount_4800-dev-cha": 27,
          "FutureClickCount_4800-ip-dev-cha": 16,
          "FutureClickCount_4800-app-dev-cha": 39,
          "FutureClickCount_4800-ip-app-dev-cha": 11,
          "FutureClickCount_4800-os-cha": 22,
          "FutureClickCount_4800-ip-os-cha": 12,
          "FutureClickCount_4800-app-os-cha": 37,
          "FutureClickCount_4800-ip-app-os-cha": 4,
          "FutureClickCount_4800-dev-os-cha": 28,
          "FutureClickCount_4800-ip-dev-os-cha": 8,
          "FutureClickCount_4800-app-dev-os-cha": 41,
          "FutureClickCount_4800-ip-app-dev-os-cha": 8,
          "NextClickTimeDelta-ip": 97,
          "NextClickTimeDelta-app": 6,
          "NextClickTimeDelta-ip-app": 150,
          "NextClickTimeDelta-dev": 6,
          "NextClickTimeDelta-ip-dev": 67,
          "NextClickTimeDelta-app-dev": 3,
          "NextClickTimeDelta-ip-app-dev": 61,
          "NextClickTimeDelta-os": 5,
          "NextClickTimeDelta-ip-os": 65,
          "NextClickTimeDelta-app-os": 24,
          "NextClickTimeDelta-ip-app-os": 242,
          "NextClickTimeDelta-dev-os": 12,
          "NextClickTimeDelta-ip-dev-os": 63,
          "NextClickTimeDelta-app-dev-os": 22,
          "NextClickTimeDelta-ip-app-dev-os": 546,
          "NextClickTimeDelta-cha": 6,
          "NextClickTimeDelta-ip-cha": 62,
          "NextClickTimeDelta-app-cha": 15,
          "NextClickTimeDelta-ip-app-cha": 56,
          "NextClickTimeDelta-dev-cha": 8,
          "NextClickTimeDelta-ip-dev-cha": 41,
          "NextClickTimeDelta-app-dev-cha": 15,
          "NextClickTimeDelta-ip-app-dev-cha": 30,
          "NextClickTimeDelta-os-cha": 16,
          "NextClickTimeDelta-ip-os-cha": 32,
          "NextClickTimeDelta-app-os-cha": 19,
          "NextClickTimeDelta-ip-app-os-cha": 67,
          "NextClickTimeDelta-dev-os-cha": 15,
          "NextClickTimeDelta-ip-dev-os-cha": 30,
          "NextClickTimeDelta-app-dev-os-cha": 35,
          "NextClickTimeDelta-ip-app-dev-os-cha": 76,
          "PrevClickTimeDelta-ip": 69,
          "PrevClickTimeDelta-app": 11,
          "PrevClickTimeDelta-ip-app": 36,
          "PrevClickTimeDelta-dev": 11,
          "PrevClickTimeDelta-ip-dev": 43,
          "PrevClickTimeDelta-app-dev": 6,
          "PrevClickTimeDelta-ip-app-dev": 36,
          "PrevClickTimeDelta-os": 9,
          "PrevClickTimeDelta-ip-os": 61,
          "PrevClickTimeDelta-app-os": 19,
          "PrevClickTimeDelta-ip-app-os": 30,
          "PrevClickTimeDelta-dev-os": 4,
          "PrevClickTimeDelta-ip-dev-os": 41,
          "PrevClickTimeDelta-app-dev-os": 22,
          "PrevClickTimeDelta-ip-app-dev-os": 23,
          "PrevClickTimeDelta-cha": 5,
          "PrevClickTimeDelta-ip-cha": 44,
          "PrevClickTimeDelta-app-cha": 16,
          "PrevClickTimeDelta-ip-app-cha": 22,
          "PrevClickTimeDelta-dev-cha": 6,
          "PrevClickTimeDelta-ip-dev-cha": 27,
          "PrevClickTimeDelta-app-dev-cha": 16,
          "PrevClickTimeDelta-ip-app-dev-cha": 19,
          "PrevClickTimeDelta-os-cha": 22,
          "PrevClickTimeDelta-ip-os-cha": 18,
          "PrevClickTimeDelta-app-os-cha": 27,
          "PrevClickTimeDelta-ip-app-os-cha": 19,
          "PrevClickTimeDelta-dev-os-cha": 15,
          "PrevClickTimeDelta-ip-dev-os-cha": 7,
          "PrevClickTimeDelta-app-dev-os-cha": 28,
          "PrevClickTimeDelta-ip-app-dev-os-cha": 8,
          "AverageAttributedRatio-ip": 27,
          "AverageAttributedRatio-app": 32,
          "AverageAttributedRatio-ip-app": 31,
          "AverageAttributedRatio-dev": 87,
          "AverageAttributedRatio-ip-dev": 28,
          "AverageAttributedRatio-app-dev": 33,
          "AverageAttributedRatio-ip-app-dev": 63,
          "AverageAttributedRatio-os": 32,
          "AverageAttributedRatio-ip-os": 18,
          "AverageAttributedRatio-app-os": 32,
          "AverageAttributedRatio-ip-app-os": 7,
          "AverageAttributedRatio-dev-os": 25,
          "AverageAttributedRatio-ip-dev-os": 18,
          "AverageAttributedRatio-app-dev-os": 53,
          "AverageAttributedRatio-ip-app-dev-os": 9,
          "AverageAttributedRatio-cha": 27,
          "AverageAttributedRatio-ip-cha": 7,
          "AverageAttributedRatio-app-cha": 38,
          "AverageAttributedRatio-ip-app-cha": 8,
          "AverageAttributedRatio-dev-cha": 22,
          "AverageAttributedRatio-ip-dev-cha": 8,
          "AverageAttributedRatio-app-dev-cha": 38,
          "AverageAttributedRatio-ip-app-dev-cha": 9,
          "AverageAttributedRatio-os-cha": 29,
          "AverageAttributedRatio-ip-os-cha": 5,
          "AverageAttributedRatio-app-os-cha": 59,
          "AverageAttributedRatio-ip-app-os-cha": 2,
          "AverageAttributedRatio-dev-os-cha": 33,
          "AverageAttributedRatio-ip-dev-os-cha": 6,
          "AverageAttributedRatio-app-dev-os-cha": 77,
          "AverageAttributedRatio-ip-app-dev-os-cha": 2,
          "KomakiLDA5NoDevice-ip-app-0": 196,
          "KomakiLDA5NoDevice-ip-app-1": 156,
          "KomakiLDA5NoDevice-ip-app-2": 107,
          "KomakiLDA5NoDevice-ip-app-3": 82,
          "KomakiLDA5NoDevice-ip-app-4": 89,
          "KomakiLDA5NoDevice-ip-os-0": 87,
          "KomakiLDA5NoDevice-ip-os-1": 98,
          "KomakiLDA5NoDevice-ip-os-2": 96,
          "KomakiLDA5NoDevice-ip-os-3": 75,
          "KomakiLDA5NoDevice-ip-os-4": 59,
          "KomakiLDA5NoDevice-ip-channel-0": 125,
          "KomakiLDA5NoDevice-ip-channel-1": 163,
          "KomakiLDA5NoDevice-ip-channel-2": 115,
          "KomakiLDA5NoDevice-ip-channel-3": 111,
          "KomakiLDA5NoDevice-ip-channel-4": 165,
          "KomakiLDA5NoDevice-app-ip-0": 70,
          "KomakiLDA5NoDevice-app-ip-1": 34,
          "KomakiLDA5NoDevice-app-ip-2": 59,
          "KomakiLDA5NoDevice-app-ip-3": 65,
          "KomakiLDA5NoDevice-app-ip-4": 45,
          "KomakiLDA5NoDevice-app-os-0": 38,
          "KomakiLDA5NoDevice-app-os-1": 73,
          "KomakiLDA5NoDevice-app-os-2": 39,
          "KomakiLDA5NoDevice-app-os-3": 27,
          "KomakiLDA5NoDevice-app-os-4": 71,
          "KomakiLDA5NoDevice-app-channel-0": 33,
          "KomakiLDA5NoDevice-app-channel-1": 41,
          "KomakiLDA5NoDevice-app-channel-2": 41,
          "KomakiLDA5NoDevice-app-channel-3": 52,
          "KomakiLDA5NoDevice-app-channel-4": 30,
          "KomakiLDA5NoDevice-os-ip-0": 44,
          "KomakiLDA5NoDevice-os-ip-1": 23,
          "KomakiLDA5NoDevice-os-ip-2": 16,
          "KomakiLDA5NoDevice-os-ip-3": 21,
          "KomakiLDA5NoDevice-os-ip-4": 16,
          "KomakiLDA5NoDevice-os-app-0": 63,
          "KomakiLDA5NoDevice-os-app-1": 42,
          "KomakiLDA5NoDevice-os-app-2": 21,
          "KomakiLDA5NoDevice-os-app-3": 43,
          "KomakiLDA5NoDevice-os-app-4": 29,
          "KomakiLDA5NoDevice-os-channel-0": 31,
          "KomakiLDA5NoDevice-os-channel-1": 30,
          "KomakiLDA5NoDevice-os-channel-2": 50,
          "KomakiLDA5NoDevice-os-channel-3": 48,
          "KomakiLDA5NoDevice-os-channel-4": 28,
          "KomakiLDA5NoDevice-channel-ip-0": 40,
          "KomakiLDA5NoDevice-channel-ip-1": 26,
          "KomakiLDA5NoDevice-channel-ip-2": 30,
          "KomakiLDA5NoDevice-channel-ip-3": 26,
          "KomakiLDA5NoDevice-channel-ip-4": 29,
          "KomakiLDA5NoDevice-channel-app-0": 30,
          "KomakiLDA5NoDevice-channel-app-1": 21,
          "KomakiLDA5NoDevice-channel-app-2": 26,
          "KomakiLDA5NoDevice-channel-app-3": 29,
          "KomakiLDA5NoDevice-channel-app-4": 40,
          "KomakiLDA5NoDevice-channel-os-0": 20,
          "KomakiLDA5NoDevice-channel-os-1": 35,
          "KomakiLDA5NoDevice-channel-os-2": 30,
          "KomakiLDA5NoDevice-channel-os-3": 31,
          "KomakiLDA5NoDevice-channel-os-4": 21
        }
      },
      {
        "train_auc": 0.9899267278862535,
        "valid_auc": 0.9841120766568151,
        "best_iteration": 76,
        "train_time": 59.772738456726074,
        "feature_importance": {
          "ip": 385,
          "os": 257,
          "app": 323,
          "channel": 519,
          "hour": 381,
          "n_channels": 172,
          "ip_app_count": 187,
          "ip_app_os_count": 163,
          "FutureClickCount_600-ip": 69,
          "FutureClickCount_600-app": 46,
          "FutureClickCount_600-ip-app": 21,
          "FutureClickCount_600-dev": 46,
          "FutureClickCount_600-ip-dev": 62,
          "FutureClickCount_600-app-dev": 49,
          "FutureClickCount_600-ip-app-dev": 19,
          "FutureClickCount_600-os": 46,
          "FutureClickCount_600-ip-os": 28,
          "FutureClickCount_600-app-os": 38,
          "FutureClickCount_600-ip-app-os": 35,
          "FutureClickCount_600-dev-os": 119,
          "FutureClickCount_600-ip-dev-os": 40,
          "FutureClickCount_600-app-dev-os": 114,
          "FutureClickCount_600-ip-app-dev-os": 63,
          "FutureClickCount_600-cha": 29,
          "FutureClickCount_600-ip-cha": 9,
          "FutureClickCount_600-app-cha": 91,
          "FutureClickCount_600-ip-app-cha": 4,
          "FutureClickCount_600-dev-cha": 47,
          "FutureClickCount_600-ip-dev-cha": 7,
          "FutureClickCount_600-app-dev-cha": 45,
          "FutureClickCount_600-ip-app-dev-cha": 4,
          "FutureClickCount_600-os-cha": 18,
          "FutureClickCount_600-ip-os-cha": 3,
          "FutureClickCount_600-app-os-cha": 44,
          "FutureClickCount_600-ip-app-os-cha": 7,
          "FutureClickCount_600-dev-os-cha": 41,
          "FutureClickCount_600-ip-dev-os-cha": 5,
          "FutureClickCount_600-app-dev-os-cha": 30,
          "FutureClickCount_600-ip-app-dev-os-cha": 9,
          "FutureClickCount_4800-ip": 178,
          "FutureClickCount_4800-app": 47,
          "FutureClickCount_4800-ip-app": 29,
          "FutureClickCount_4800-dev": 10,
          "FutureClickCount_4800-ip-dev": 216,
          "FutureClickCount_4800-app-dev": 23,
          "FutureClickCount_4800-ip-app-dev": 26,
          "FutureClickCount_4800-os": 16,
          "FutureClickCount_4800-ip-os": 72,
          "FutureClickCount_4800-app-os": 48,
          "FutureClickCount_4800-ip-app-os": 27,
          "FutureClickCount_4800-dev-os": 60,
          "FutureClickCount_4800-ip-dev-os": 109,
          "FutureClickCount_4800-app-dev-os": 93,
          "FutureClickCount_4800-ip-app-dev-os": 55,
          "FutureClickCount_4800-cha": 34,
          "FutureClickCount_4800-ip-cha": 27,
          "FutureClickCount_4800-app-cha": 85,
          "FutureClickCount_4800-ip-app-cha": 9,
          "FutureClickCount_4800-dev-cha": 21,
          "FutureClickCount_4800-ip-dev-cha": 15,
          "FutureClickCount_4800-app-dev-cha": 43,
          "FutureClickCount_4800-ip-app-dev-cha": 14,
          "FutureClickCount_4800-os-cha": 22,
          "FutureClickCount_4800-ip-os-cha": 10,
          "FutureClickCount_4800-app-os-cha": 35,
          "FutureClickCount_4800-ip-app-os-cha": 13,
          "FutureClickCount_4800-dev-os-cha": 34,
          "FutureClickCount_4800-ip-dev-os-cha": 5,
          "FutureClickCount_4800-app-dev-os-cha": 36,
          "FutureClickCount_4800-ip-app-dev-os-cha": 13,
          "NextClickTimeDelta-ip": 111,
          "NextClickTimeDelta-app": 8,
          "NextClickTimeDelta-ip-app": 150,
          "NextClickTimeDelta-dev": 8,
          "NextClickTimeDelta-ip-dev": 72,
          "NextClickTimeDelta-app-dev": 5,
          "NextClickTimeDelta-ip-app-dev": 71,
          "NextClickTimeDelta-os": 2,
          "NextClickTimeDelta-ip-os": 79,
          "NextClickTimeDelta-app-os": 15,
          "NextClickTimeDelta-ip-app-os": 234,
          "NextClickTimeDelta-dev-os": 11,
          "NextClickTimeDelta-ip-dev-os": 78,
          "NextClickTimeDelta-app-dev-os": 14,
          "NextClickTimeDelta-ip-app-dev-os": 535,
          "NextClickTimeDelta-cha": 10,
          "NextClickTimeDelta-ip-cha": 70,
          "NextClickTimeDelta-app-cha": 12,
          "NextClickTimeDelta-ip-app-cha": 54,
          "NextClickTimeDelta-dev-cha": 11,
          "NextClickTimeDelta-ip-dev-cha": 41,
          "NextClickTimeDelta-app-dev-cha": 19,
          "NextClickTimeDelta-ip-app-dev-cha": 31,
          "NextClickTimeDelta-os-cha": 23,
          "NextClickTimeDelta-ip-os-cha": 32,
          "NextClickTimeDelta-app-os-cha": 21,
          "NextClickTimeDelta-ip-app-os-cha": 64,
          "NextClickTimeDelta-dev-os-cha": 13,
          "NextClickTimeDelta-ip-dev-os-cha": 41,
          "NextClickTimeDelta-app-dev-os-cha": 26,
          "NextClickTimeDelta-ip-app-dev-os-cha": 68,
          "PrevClickTimeDelta-ip": 68,
          "PrevClickTimeDelta-app": 12,
          "PrevClickTimeDelta-ip-app": 41,
          "PrevClickTimeDelta-dev": 7,
          "PrevClickTimeDelta-ip-dev": 37,
          "PrevClickTimeDelta-app-dev": 10,
          "PrevClickTimeDelta-ip-app-dev": 27,
          "PrevClickTimeDelta-os": 8,
          "PrevClickTimeDelta-ip-os": 50,
          "PrevClickTimeDelta-app-os": 15,
          "PrevClickTimeDelta-ip-app-os": 44,
          "PrevClickTimeDelta-dev-os": 6,
          "PrevClickTimeDelta-ip-dev-os": 43,
          "PrevClickTimeDelta-app-dev-os": 14,
          "PrevClickTimeDelta-ip-app-dev-os": 35,
          "PrevClickTimeDelta-cha": 7,
          "PrevClickTimeDelta-ip-cha": 39,
          "PrevClickTimeDelta-app-cha": 11,
          "PrevClickTimeDelta-ip-app-cha": 35,
          "PrevClickTimeDelta-dev-cha": 9,
          "PrevClickTimeDelta-ip-dev-cha": 16,
          "PrevClickTimeDelta-app-dev-cha": 16,
          "PrevClickTimeDelta-ip-app-dev-cha": 12,
          "PrevClickTimeDelta-os-cha": 20,
          "PrevClickTimeDelta-ip-os-cha": 19,
          "PrevClickTimeDelta-app-os-cha": 24,
          "PrevClickTimeDelta-ip-app-os-cha": 14,
          "PrevClickTimeDelta-dev-os-cha": 24,
          "PrevClickTimeDelta-ip-dev-os-cha": 16,
          "PrevClickTimeDelta-app-dev-os-cha": 15,
          "PrevClickTimeDelta-ip-app-dev-os-cha": 22,
          "AverageAttributedRatio-ip": 44,
          "AverageAttributedRatio-app": 42,
          "AverageAttributedRatio-ip-app": 21,
          "AverageAttributedRatio-dev": 53,
          "AverageAttributedRatio-ip-dev": 39,
          "AverageAttributedRatio-app-dev": 41,
          "AverageAttributedRatio-ip-app-dev": 64,
          "AverageAttributedRatio-os": 20,
          "AverageAttributedRatio-ip-os": 16,
          "AverageAttributedRatio-app-os": 40,
          "AverageAttributedRatio-ip-app-os": 11,
          "AverageAttributedRatio-dev-os": 18,
          "AverageAttributedRatio-ip-dev-os": 19,
          "AverageAttributedRatio-app-dev-os": 53,
          "AverageAttributedRatio-ip-app-dev-os": 4,
          "AverageAttributedRatio-cha": 30,
          "AverageAttributedRatio-ip-cha": 8,
          "AverageAttributedRatio-app-cha": 41,
          "AverageAttributedRatio-ip-app-cha": 11,
          "AverageAttributedRatio-dev-cha": 25,
          "AverageAttributedRatio-ip-dev-cha": 5,
          "AverageAttributedRatio-app-dev-cha": 34,
          "AverageAttributedRatio-ip-app-dev-cha": 10,
          "AverageAttributedRatio-os-cha": 20,
          "AverageAttributedRatio-ip-os-cha": 10,
          "AverageAttributedRatio-app-os-cha": 58,
          "AverageAttributedRatio-ip-app-os-cha": 3,
          "AverageAttributedRatio-dev-os-cha": 29,
          "AverageAttributedRatio-ip-dev-os-cha": 2,
          "AverageAttributedRatio-app-dev-os-cha": 67,
          "AverageAttributedRatio-ip-app-dev-os-cha": 0,
          "KomakiLDA5NoDevice-ip-app-0": 191,
          "KomakiLDA5NoDevice-ip-app-1": 185,
          "KomakiLDA5NoDevice-ip-app-2": 126,
          "KomakiLDA5NoDevice-ip-app-3": 78,
          "KomakiLDA5NoDevice-ip-app-4": 88,
          "KomakiLDA5NoDevice-ip-os-0": 99,
          "KomakiLDA5NoDevice-ip-os-1": 131,
          "KomakiLDA5NoDevice-ip-os-2": 101,
          "KomakiLDA5NoDevice-ip-os-3": 79,
          "KomakiLDA5NoDevice-ip-os-4": 48,
          "KomakiLDA5NoDevice-ip-channel-0": 113,
          "KomakiLDA5NoDevice-ip-channel-1": 158,
          "KomakiLDA5NoDevice-ip-channel-2": 109,
          "KomakiLDA5NoDevice-ip-channel-3": 114,
          "KomakiLDA5NoDevice-ip-channel-4": 147,
          "KomakiLDA5NoDevice-app-ip-0": 79,
          "KomakiLDA5NoDevice-app-ip-1": 42,
          "KomakiLDA5NoDevice-app-ip-2": 45,
          "KomakiLDA5NoDevice-app-ip-3": 52,
          "KomakiLDA5NoDevice-app-ip-4": 28,
          "KomakiLDA5NoDevice-app-os-0": 41,
          "KomakiLDA5NoDevice-app-os-1": 76,
          "KomakiLDA5NoDevice-app-os-2": 20,
          "KomakiLDA5NoDevice-app-os-3": 34,
          "KomakiLDA5NoDevice-app-os-4": 77,
          "KomakiLDA5NoDevice-app-channel-0": 38,
          "KomakiLDA5NoDevice-app-channel-1": 35,
          "KomakiLDA5NoDevice-app-channel-2": 37,
          "KomakiLDA5NoDevice-app-channel-3": 41,
          "KomakiLDA5NoDevice-app-channel-4": 39,
          "KomakiLDA5NoDevice-os-ip-0": 40,
          "KomakiLDA5NoDevice-os-ip-1": 18,
          "KomakiLDA5NoDevice-os-ip-2": 18,
          "KomakiLDA5NoDevice-os-ip-3": 34,
          "KomakiLDA5NoDevice-os-ip-4": 34,
          "KomakiLDA5NoDevice-os-app-0": 59,
          "KomakiLDA5NoDevice-os-app-1": 32,
          "KomakiLDA5NoDevice-os-app-2": 20,
          "KomakiLDA5NoDevice-os-app-3": 37,
          "KomakiLDA5NoDevice-os-app-4": 20,
          "KomakiLDA5NoDevice-os-channel-0": 35,
          "KomakiLDA5NoDevice-os-channel-1": 34,
          "KomakiLDA5NoDevice-os-channel-2": 36,
          "KomakiLDA5NoDevice-os-channel-3": 48,
          "KomakiLDA5NoDevice-os-channel-4": 24,
          "KomakiLDA5NoDevice-channel-ip-0": 28,
          "KomakiLDA5NoDevice-channel-ip-1": 40,
          "KomakiLDA5NoDevice-channel-ip-2": 26,
          "KomakiLDA5NoDevice-channel-ip-3": 33,
          "KomakiLDA5NoDevice-channel-ip-4": 43,
          "KomakiLDA5NoDevice-channel-app-0": 31,
          "KomakiLDA5NoDevice-channel-app-1": 18,
          "KomakiLDA5NoDevice-channel-app-2": 35,
          "KomakiLDA5NoDevice-channel-app-3": 29,
          "KomakiLDA5NoDevice-channel-app-4": 32,
          "KomakiLDA5NoDevice-channel-os-0": 32,
          "KomakiLDA5NoDevice-channel-os-1": 37,
          "KomakiLDA5NoDevice-channel-os-2": 36,
          "KomakiLDA5NoDevice-channel-os-3": 37,
          "KomakiLDA5NoDevice-channel-os-4": 27
        }
      },
      {
        "train_auc": 0.9905364671370215,
        "valid_auc": 0.9840454360002404,
        "best_iteration": 93,
        "train_time": 64.42270922660828,
        "feature_importance": {
          "ip": 493,
          "os": 251,
          "app": 329,
          "channel": 590,
          "hour": 455,
          "n_channels": 193,
          "ip_app_count": 197,
          "ip_app_os_count": 172,
          "FutureClickCount_600-ip": 84,
          "FutureClickCount_600-app": 60,
          "FutureClickCount_600-ip-app": 17,
          "FutureClickCount_600-dev": 41,
          "FutureClickCount_600-ip-dev": 63,
          "FutureClickCount_600-app-dev": 72,
          "FutureClickCount_600-ip-app-dev": 13,
          "FutureClickCount_600-os": 63,
          "FutureClickCount_600-ip-os": 48,
          "FutureClickCount_600-app-os": 59,
          "FutureClickCount_600-ip-app-os": 41,
          "FutureClickCount_600-dev-os": 135,
          "FutureClickCount_600-ip-dev-os": 43,
          "FutureClickCount_600-app-dev-os": 111,
          "FutureClickCount_600-ip-app-dev-os": 67,
          "FutureClickCount_600-cha": 38,
          "FutureClickCount_600-ip-cha": 7,
          "FutureClickCount_600-app-cha": 103,
          "FutureClickCount_600-ip-app-cha": 6,
          "FutureClickCount_600-dev-cha": 46,
          "FutureClickCount_600-ip-dev-cha": 7,
          "FutureClickCount_600-app-dev-cha": 30,
          "FutureClickCount_600-ip-app-dev-cha": 6,
          "FutureClickCount_600-os-cha": 30,
          "FutureClickCount_600-ip-os-cha": 10,
          "FutureClickCount_600-app-os-cha": 48,
          "FutureClickCount_600-ip-app-os-cha": 7,
          "FutureClickCount_600-dev-os-cha": 47,
          "FutureClickCount_600-ip-dev-os-cha": 13,
          "FutureClickCount_600-app-dev-os-cha": 44,
          "FutureClickCount_600-ip-app-dev-os-cha": 5,
          "FutureClickCount_4800-ip": 173,
          "FutureClickCount_4800-app": 46,
          "FutureClickCount_4800-ip-app": 34,
          "FutureClickCount_4800-dev": 13,
          "FutureClickCount_4800-ip-dev": 230,
          "FutureClickCount_4800-app-dev": 38,
          "FutureClickCount_4800-ip-app-dev": 24,
          "FutureClickCount_4800-os": 24,
          "FutureClickCount_4800-ip-os": 70,
          "FutureClickCount_4800-app-os": 59,
          "FutureClickCount_4800-ip-app-os": 38,
          "FutureClickCount_4800-dev-os": 70,
          "FutureClickCount_4800-ip-dev-os": 97,
          "FutureClickCount_4800-app-dev-os": 83,
          "FutureClickCount_4800-ip-app-dev-os": 51,
          "FutureClickCount_4800-cha": 30,
          "FutureClickCount_4800-ip-cha": 28,
          "FutureClickCount_4800-app-cha": 101,
          "FutureClickCount_4800-ip-app-cha": 15,
          "FutureClickCount_4800-dev-cha": 35,
          "FutureClickCount_4800-ip-dev-cha": 14,
          "FutureClickCount_4800-app-dev-cha": 56,
          "FutureClickCount_4800-ip-app-dev-cha": 17,
          "FutureClickCount_4800-os-cha": 27,
          "FutureClickCount_4800-ip-os-cha": 10,
          "FutureClickCount_4800-app-os-cha": 42,
          "FutureClickCount_4800-ip-app-os-cha": 10,
          "FutureClickCount_4800-dev-os-cha": 48,
          "FutureClickCount_4800-ip-dev-os-cha": 8,
          "FutureClickCount_4800-app-dev-os-cha": 44,
          "FutureClickCount_4800-ip-app-dev-os-cha": 13,
          "NextClickTimeDelta-ip": 113,
          "NextClickTimeDelta-app": 9,
          "NextClickTimeDelta-ip-app": 153,
          "NextClickTimeDelta-dev": 5,
          "NextClickTimeDelta-ip-dev": 74,
          "NextClickTimeDelta-app-dev": 4,
          "NextClickTimeDelta-ip-app-dev": 71,
          "NextClickTimeDelta-os": 6,
          "NextClickTimeDelta-ip-os": 68,
          "NextClickTimeDelta-app-os": 15,
          "NextClickTimeDelta-ip-app-os": 271,
          "NextClickTimeDelta-dev-os": 13,
          "NextClickTimeDelta-ip-dev-os": 79,
          "NextClickTimeDelta-app-dev-os": 19,
          "NextClickTimeDelta-ip-app-dev-os": 569,
          "NextClickTimeDelta-cha": 8,
          "NextClickTimeDelta-ip-cha": 60,
          "NextClickTimeDelta-app-cha": 21,
          "NextClickTimeDelta-ip-app-cha": 52,
          "NextClickTimeDelta-dev-cha": 13,
          "NextClickTimeDelta-ip-dev-cha": 47,
          "NextClickTimeDelta-app-dev-cha": 21,
          "NextClickTimeDelta-ip-app-dev-cha": 25,
          "NextClickTimeDelta-os-cha": 21,
          "NextClickTimeDelta-ip-os-cha": 52,
          "NextClickTimeDelta-app-os-cha": 16,
          "NextClickTimeDelta-ip-app-os-cha": 82,
          "NextClickTimeDelta-dev-os-cha": 22,
          "NextClickTimeDelta-ip-dev-os-cha": 52,
          "NextClickTimeDelta-app-dev-os-cha": 35,
          "NextClickTimeDelta-ip-app-dev-os-cha": 104,
          "PrevClickTimeDelta-ip": 92,
          "PrevClickTimeDelta-app": 6,
          "PrevClickTimeDelta-ip-app": 45,
          "PrevClickTimeDelta-dev": 11,
          "PrevClickTimeDelta-ip-dev": 37,
          "PrevClickTimeDelta-app-dev": 7,
          "PrevClickTimeDelta-ip-app-dev": 43,
          "PrevClickTimeDelta-os": 8,
          "PrevClickTimeDelta-ip-os": 54,
          "PrevClickTimeDelta-app-os": 13,
          "PrevClickTimeDelta-ip-app-os": 39,
          "PrevClickTimeDelta-dev-os": 10,
          "PrevClickTimeDelta-ip-dev-os": 40,
          "PrevClickTimeDelta-app-dev-os": 10,
          "PrevClickTimeDelta-ip-app-dev-os": 28,
          "PrevClickTimeDelta-cha": 12,
          "PrevClickTimeDelta-ip-cha": 60,
          "PrevClickTimeDelta-app-cha": 29,
          "PrevClickTimeDelta-ip-app-cha": 36,
          "PrevClickTimeDelta-dev-cha": 11,
          "PrevClickTimeDelta-ip-dev-cha": 41,
          "PrevClickTimeDelta-app-dev-cha": 14,
          "PrevClickTimeDelta-ip-app-dev-cha": 25,
          "PrevClickTimeDelta-os-cha": 14,
          "PrevClickTimeDelta-ip-os-cha": 24,
          "PrevClickTimeDelta-app-os-cha": 19,
          "PrevClickTimeDelta-ip-app-os-cha": 21,
          "PrevClickTimeDelta-dev-os-cha": 20,
          "PrevClickTimeDelta-ip-dev-os-cha": 23,
          "PrevClickTimeDelta-app-dev-os-cha": 23,
          "PrevClickTimeDelta-ip-app-dev-os-cha": 23,
          "AverageAttributedRatio-ip": 43,
          "AverageAttributedRatio-app": 53,
          "AverageAttributedRatio-ip-app": 23,
          "AverageAttributedRatio-dev": 75,
          "AverageAttributedRatio-ip-dev": 33,
          "AverageAttributedRatio-app-dev": 44,
          "AverageAttributedRatio-ip-app-dev": 61,
          "AverageAttributedRatio-os": 32,
          "AverageAttributedRatio-ip-os": 13,
          "AverageAttributedRatio-app-os": 41,
          "AverageAttributedRatio-ip-app-os": 12,
          "AverageAttributedRatio-dev-os": 34,
          "AverageAttributedRatio-ip-dev-os": 23,
          "AverageAttributedRatio-app-dev-os": 68,
          "AverageAttributedRatio-ip-app-dev-os": 3,
          "AverageAttributedRatio-cha": 51,
          "AverageAttributedRatio-ip-cha": 7,
          "AverageAttributedRatio-app-cha": 48,
          "AverageAttributedRatio-ip-app-cha": 11,
          "AverageAttributedRatio-dev-cha": 25,
          "AverageAttributedRatio-ip-dev-cha": 13,
          "AverageAttributedRatio-app-dev-cha": 49,
          "AverageAttributedRatio-ip-app-dev-cha": 9,
          "AverageAttributedRatio-os-cha": 27,
          "AverageAttributedRatio-ip-os-cha": 5,
          "AverageAttributedRatio-app-os-cha": 54,
          "AverageAttributedRatio-ip-app-os-cha": 2,
          "AverageAttributedRatio-dev-os-cha": 40,
          "AverageAttributedRatio-ip-dev-os-cha": 2,
          "AverageAttributedRatio-app-dev-os-cha": 74,
          "AverageAttributedRatio-ip-app-dev-os-cha": 3,
          "KomakiLDA5NoDevice-ip-app-0": 221,
          "KomakiLDA5NoDevice-ip-app-1": 226,
          "KomakiLDA5NoDevice-ip-app-2": 161,
          "KomakiLDA5NoDevice-ip-app-3": 89,
          "KomakiLDA5NoDevice-ip-app-4": 91,
          "KomakiLDA5NoDevice-ip-os-0": 130,
          "KomakiLDA5NoDevice-ip-os-1": 150,
          "KomakiLDA5NoDevice-ip-os-2": 136,
          "KomakiLDA5NoDevice-ip-os-3": 85,
          "KomakiLDA5NoDevice-ip-os-4": 62,
          "KomakiLDA5NoDevice-ip-channel-0": 150,
          "KomakiLDA5NoDevice-ip-channel-1": 153,
          "KomakiLDA5NoDevice-ip-channel-2": 125,
          "KomakiLDA5NoDevice-ip-channel-3": 134,
          "KomakiLDA5NoDevice-ip-channel-4": 166,
          "KomakiLDA5NoDevice-app-ip-0": 95,
          "KomakiLDA5NoDevice-app-ip-1": 42,
          "KomakiLDA5NoDevice-app-ip-2": 49,
          "KomakiLDA5NoDevice-app-ip-3": 70,
          "KomakiLDA5NoDevice-app-ip-4": 44,
          "KomakiLDA5NoDevice-app-os-0": 45,
          "KomakiLDA5NoDevice-app-os-1": 67,
          "KomakiLDA5NoDevice-app-os-2": 29,
          "KomakiLDA5NoDevice-app-os-3": 46,
          "KomakiLDA5NoDevice-app-os-4": 70,
          "KomakiLDA5NoDevice-app-channel-0": 37,
          "KomakiLDA5NoDevice-app-channel-1": 37,
          "KomakiLDA5NoDevice-app-channel-2": 53,
          "KomakiLDA5NoDevice-app-channel-3": 47,
          "KomakiLDA5NoDevice-app-channel-4": 28,
          "KomakiLDA5NoDevice-os-ip-0": 43,
          "KomakiLDA5NoDevice-os-ip-1": 25,
          "KomakiLDA5NoDevice-os-ip-2": 30,
          "KomakiLDA5NoDevice-os-ip-3": 50,
          "KomakiLDA5NoDevice-os-ip-4": 31,
          "KomakiLDA5NoDevice-os-app-0": 68,
          "KomakiLDA5NoDevice-os-app-1": 45,
          "KomakiLDA5NoDevice-os-app-2": 20,
          "KomakiLDA5NoDevice-os-app-3": 56,
          "KomakiLDA5NoDevice-os-app-4": 24,
          "KomakiLDA5NoDevice-os-channel-0": 52,
          "KomakiLDA5NoDevice-os-channel-1": 36,
          "KomakiLDA5NoDevice-os-channel-2": 40,
          "KomakiLDA5NoDevice-os-channel-3": 52,
          "KomakiLDA5NoDevice-os-channel-4": 31,
          "KomakiLDA5NoDevice-channel-ip-0": 27,
          "KomakiLDA5NoDevice-channel-ip-1": 51,
          "KomakiLDA5NoDevice-channel-ip-2": 45,
          "KomakiLDA5NoDevice-channel-ip-3": 38,
          "KomakiLDA5NoDevice-channel-ip-4": 44,
          "KomakiLDA5NoDevice-channel-app-0": 37,
          "KomakiLDA5NoDevice-channel-app-1": 29,
          "KomakiLDA5NoDevice-channel-app-2": 40,
          "KomakiLDA5NoDevice-channel-app-3": 28,
          "KomakiLDA5NoDevice-channel-app-4": 43,
          "KomakiLDA5NoDevice-channel-os-0": 42,
          "KomakiLDA5NoDevice-channel-os-1": 45,
          "KomakiLDA5NoDevice-channel-os-2": 40,
          "KomakiLDA5NoDevice-channel-os-3": 27,
          "KomakiLDA5NoDevice-channel-os-4": 27
        }
      },
      {
        "train_auc": 0.9906926519345058,
        "valid_auc": 0.9839895744165847,
        "best_iteration": 93,
        "train_time": 65.04260683059692,
        "feature_importance": {
          "ip": 485,
          "os": 250,
          "app": 354,
          "channel": 573,
          "hour": 452,
          "n_channels": 219,
          "ip_app_count": 203,
          "ip_app_os_count": 204,
          "FutureClickCount_600-ip": 85,
          "FutureClickCount_600-app": 60,
          "FutureClickCount_600-ip-app": 16,
          "FutureClickCount_600-dev": 40,
          "FutureClickCount_600-ip-dev": 74,
          "FutureClickCount_600-app-dev": 61,
          "FutureClickCount_600-ip-app-dev": 24,
          "FutureClickCount_600-os": 40,
          "FutureClickCount_600-ip-os": 37,
          "FutureClickCount_600-app-os": 44,
          "FutureClickCount_600-ip-app-os": 41,
          "FutureClickCount_600-dev-os": 144,
          "FutureClickCount_600-ip-dev-os": 28,
          "FutureClickCount_600-app-dev-os": 130,
          "FutureClickCount_600-ip-app-dev-os": 65,
          "FutureClickCount_600-cha": 48,
          "FutureClickCount_600-ip-cha": 13,
          "FutureClickCount_600-app-cha": 102,
          "FutureClickCount_600-ip-app-cha": 12,
          "FutureClickCount_600-dev-cha": 43,
          "FutureClickCount_600-ip-dev-cha": 8,
          "FutureClickCount_600-app-dev-cha": 45,
          "FutureClickCount_600-ip-app-dev-cha": 8,
          "FutureClickCount_600-os-cha": 23,
          "FutureClickCount_600-ip-os-cha": 8,
          "FutureClickCount_600-app-os-cha": 45,
          "FutureClickCount_600-ip-app-os-cha": 12,
          "FutureClickCount_600-dev-os-cha": 54,
          "FutureClickCount_600-ip-dev-os-cha": 10,
          "FutureClickCount_600-app-dev-os-cha": 46,
          "FutureClickCount_600-ip-app-dev-os-cha": 5,
          "FutureClickCount_4800-ip": 183,
          "FutureClickCount_4800-app": 44,
          "FutureClickCount_4800-ip-app": 36,
          "FutureClickCount_4800-dev": 8,
          "FutureClickCount_4800-ip-dev": 230,
          "FutureClickCount_4800-app-dev": 30,
          "FutureClickCount_4800-ip-app-dev": 23,
          "FutureClickCount_4800-os": 30,
          "FutureClickCount_4800-ip-os": 81,
          "FutureClickCount_4800-app-os": 66,
          "FutureClickCount_4800-ip-app-os": 40,
          "FutureClickCount_4800-dev-os": 63,
          "FutureClickCount_4800-ip-dev-os": 104,
          "FutureClickCount_4800-app-dev-os": 83,
          "FutureClickCount_4800-ip-app-dev-os": 66,
          "FutureClickCount_4800-cha": 40,
          "FutureClickCount_4800-ip-cha": 18,
          "FutureClickCount_4800-app-cha": 95,
          "FutureClickCount_4800-ip-app-cha": 17,
          "FutureClickCount_4800-dev-cha": 26,
          "FutureClickCount_4800-ip-dev-cha": 17,
          "FutureClickCount_4800-app-dev-cha": 59,
          "FutureClickCount_4800-ip-app-dev-cha": 15,
          "FutureClickCount_4800-os-cha": 42,
          "FutureClickCount_4800-ip-os-cha": 15,
          "FutureClickCount_4800-app-os-cha": 38,
          "FutureClickCount_4800-ip-app-os-cha": 7,
          "FutureClickCount_4800-dev-os-cha": 40,
          "FutureClickCount_4800-ip-dev-os-cha": 9,
          "FutureClickCount_4800-app-dev-os-cha": 54,
          "FutureClickCount_4800-ip-app-dev-os-cha": 12,
          "NextClickTimeDelta-ip": 92,
          "NextClickTimeDelta-app": 7,
          "NextClickTimeDelta-ip-app": 143,
          "NextClickTimeDelta-dev": 1,
          "NextClickTimeDelta-ip-dev": 85,
          "NextClickTimeDelta-app-dev": 5,
          "NextClickTimeDelta-ip-app-dev": 81,
          "NextClickTimeDelta-os": 9,
          "NextClickTimeDelta-ip-os": 112,
          "NextClickTimeDelta-app-os": 24,
          "NextClickTimeDelta-ip-app-os": 261,
          "NextClickTimeDelta-dev-os": 10,
          "NextClickTimeDelta-ip-dev-os": 64,
          "NextClickTimeDelta-app-dev-os": 24,
          "NextClickTimeDelta-ip-app-dev-os": 610,
          "NextClickTimeDelta-cha": 16,
          "NextClickTimeDelta-ip-cha": 68,
          "NextClickTimeDelta-app-cha": 17,
          "NextClickTimeDelta-ip-app-cha": 62,
          "NextClickTimeDelta-dev-cha": 15,
          "NextClickTimeDelta-ip-dev-cha": 51,
          "NextClickTimeDelta-app-dev-cha": 20,
          "NextClickTimeDelta-ip-app-dev-cha": 33,
          "NextClickTimeDelta-os-cha": 15,
          "NextClickTimeDelta-ip-os-cha": 46,
          "NextClickTimeDelta-app-os-cha": 24,
          "NextClickTimeDelta-ip-app-os-cha": 64,
          "NextClickTimeDelta-dev-os-cha": 27,
          "NextClickTimeDelta-ip-dev-os-cha": 54,
          "NextClickTimeDelta-app-dev-os-cha": 33,
          "NextClickTimeDelta-ip-app-dev-os-cha": 75,
          "PrevClickTimeDelta-ip": 79,
          "PrevClickTimeDelta-app": 12,
          "PrevClickTimeDelta-ip-app": 52,
          "PrevClickTimeDelta-dev": 7,
          "PrevClickTimeDelta-ip-dev": 42,
          "PrevClickTimeDelta-app-dev": 13,
          "PrevClickTimeDelta-ip-app-dev": 36,
          "PrevClickTimeDelta-os": 3,
          "PrevClickTimeDelta-ip-os": 68,
          "PrevClickTimeDelta-app-os": 23,
          "PrevClickTimeDelta-ip-app-os": 51,
          "PrevClickTimeDelta-dev-os": 11,
          "PrevClickTimeDelta-ip-dev-os": 43,
          "PrevClickTimeDelta-app-dev-os": 17,
          "PrevClickTimeDelta-ip-app-dev-os": 37,
          "PrevClickTimeDelta-cha": 11,
          "PrevClickTimeDelta-ip-cha": 50,
          "PrevClickTimeDelta-app-cha": 14,
          "PrevClickTimeDelta-ip-app-cha": 26,
          "PrevClickTimeDelta-dev-cha": 11,
          "PrevClickTimeDelta-ip-dev-cha": 36,
          "PrevClickTimeDelta-app-dev-cha": 16,
          "PrevClickTimeDelta-ip-app-dev-cha": 24,
          "PrevClickTimeDelta-os-cha": 20,
          "PrevClickTimeDelta-ip-os-cha": 26,
          "PrevClickTimeDelta-app-os-cha": 31,
          "PrevClickTimeDelta-ip-app-os-cha": 18,
          "PrevClickTimeDelta-dev-os-cha": 19,
          "PrevClickTimeDelta-ip-dev-os-cha": 28,
          "PrevClickTimeDelta-app-dev-os-cha": 35,
          "PrevClickTimeDelta-ip-app-dev-os-cha": 19,
          "AverageAttributedRatio-ip": 52,
          "AverageAttributedRatio-app": 44,
          "AverageAttributedRatio-ip-app": 33,
          "AverageAttributedRatio-dev": 91,
          "AverageAttributedRatio-ip-dev": 42,
          "AverageAttributedRatio-app-dev": 30,
          "AverageAttributedRatio-ip-app-dev": 54,
          "AverageAttributedRatio-os": 32,
          "AverageAttributedRatio-ip-os": 17,
          "AverageAttributedRatio-app-os": 28,
          "AverageAttributedRatio-ip-app-os": 6,
          "AverageAttributedRatio-dev-os": 39,
          "AverageAttributedRatio-ip-dev-os": 19,
          "AverageAttributedRatio-app-dev-os": 70,
          "AverageAttributedRatio-ip-app-dev-os": 11,
          "AverageAttributedRatio-cha": 33,
          "AverageAttributedRatio-ip-cha": 13,
          "AverageAttributedRatio-app-cha": 48,
          "AverageAttributedRatio-ip-app-cha": 7,
          "AverageAttributedRatio-dev-cha": 28,
          "AverageAttributedRatio-ip-dev-cha": 10,
          "AverageAttributedRatio-app-dev-cha": 48,
          "AverageAttributedRatio-ip-app-dev-cha": 11,
          "AverageAttributedRatio-os-cha": 28,
          "AverageAttributedRatio-ip-os-cha": 2,
          "AverageAttributedRatio-app-os-cha": 47,
          "AverageAttributedRatio-ip-app-os-cha": 3,
          "AverageAttributedRatio-dev-os-cha": 39,
          "AverageAttributedRatio-ip-dev-os-cha": 3,
          "AverageAttributedRatio-app-dev-os-cha": 81,
          "AverageAttributedRatio-ip-app-dev-os-cha": 3,
          "KomakiLDA5NoDevice-ip-app-0": 212,
          "KomakiLDA5NoDevice-ip-app-1": 183,
          "KomakiLDA5NoDevice-ip-app-2": 133,
          "KomakiLDA5NoDevice-ip-app-3": 110,
          "KomakiLDA5NoDevice-ip-app-4": 81,
          "KomakiLDA5NoDevice-ip-os-0": 94,
          "KomakiLDA5NoDevice-ip-os-1": 115,
          "KomakiLDA5NoDevice-ip-os-2": 122,
          "KomakiLDA5NoDevice-ip-os-3": 109,
          "KomakiLDA5NoDevice-ip-os-4": 59,
          "KomakiLDA5NoDevice-ip-channel-0": 128,
          "KomakiLDA5NoDevice-ip-channel-1": 161,
          "KomakiLDA5NoDevice-ip-channel-2": 119,
          "KomakiLDA5NoDevice-ip-channel-3": 141,
          "KomakiLDA5NoDevice-ip-channel-4": 167,
          "KomakiLDA5NoDevice-app-ip-0": 86,
          "KomakiLDA5NoDevice-app-ip-1": 57,
          "KomakiLDA5NoDevice-app-ip-2": 57,
          "KomakiLDA5NoDevice-app-ip-3": 67,
          "KomakiLDA5NoDevice-app-ip-4": 46,
          "KomakiLDA5NoDevice-app-os-0": 33,
          "KomakiLDA5NoDevice-app-os-1": 60,
          "KomakiLDA5NoDevice-app-os-2": 38,
          "KomakiLDA5NoDevice-app-os-3": 28,
          "KomakiLDA5NoDevice-app-os-4": 74,
          "KomakiLDA5NoDevice-app-channel-0": 36,
          "KomakiLDA5NoDevice-app-channel-1": 48,
          "KomakiLDA5NoDevice-app-channel-2": 47,
          "KomakiLDA5NoDevice-app-channel-3": 50,
          "KomakiLDA5NoDevice-app-channel-4": 25,
          "KomakiLDA5NoDevice-os-ip-0": 39,
          "KomakiLDA5NoDevice-os-ip-1": 34,
          "KomakiLDA5NoDevice-os-ip-2": 26,
          "KomakiLDA5NoDevice-os-ip-3": 35,
          "KomakiLDA5NoDevice-os-ip-4": 34,
          "KomakiLDA5NoDevice-os-app-0": 51,
          "KomakiLDA5NoDevice-os-app-1": 38,
          "KomakiLDA5NoDevice-os-app-2": 31,
          "KomakiLDA5NoDevice-os-app-3": 39,
          "KomakiLDA5NoDevice-os-app-4": 23,
          "KomakiLDA5NoDevice-os-channel-0": 62,
          "KomakiLDA5NoDevice-os-channel-1": 23,
          "KomakiLDA5NoDevice-os-channel-2": 36,
          "KomakiLDA5NoDevice-os-channel-3": 56,
          "KomakiLDA5NoDevice-os-channel-4": 32,
          "KomakiLDA5NoDevice-channel-ip-0": 44,
          "KomakiLDA5NoDevice-channel-ip-1": 35,
          "KomakiLDA5NoDevice-channel-ip-2": 34,
          "KomakiLDA5NoDevice-channel-ip-3": 43,
          "KomakiLDA5NoDevice-channel-ip-4": 47,
          "KomakiLDA5NoDevice-channel-app-0": 40,
          "KomakiLDA5NoDevice-channel-app-1": 19,
          "KomakiLDA5NoDevice-channel-app-2": 33,
          "KomakiLDA5NoDevice-channel-app-3": 29,
          "KomakiLDA5NoDevice-channel-app-4": 42,
          "KomakiLDA5NoDevice-channel-os-0": 38,
          "KomakiLDA5NoDevice-channel-os-1": 49,
          "KomakiLDA5NoDevice-channel-os-2": 34,
          "KomakiLDA5NoDevice-channel-os-3": 42,
          "KomakiLDA5NoDevice-channel-os-4": 39
        }
      },
      {
        "train_auc": 0.990654484525666,
        "valid_auc": 0.9842041784080737,
        "best_iteration": 91,
        "train_time": 64.79926609992981,
        "feature_importance": {
          "ip": 473,
          "os": 268,
          "app": 354,
          "channel": 569,
          "hour": 421,
          "n_channels": 202,
          "ip_app_count": 181,
          "ip_app_os_count": 191,
          "FutureClickCount_600-ip": 101,
          "FutureClickCount_600-app": 66,
          "FutureClickCount_600-ip-app": 14,
          "FutureClickCount_600-dev": 37,
          "FutureClickCount_600-ip-dev": 62,
          "FutureClickCount_600-app-dev": 61,
          "FutureClickCount_600-ip-app-dev": 19,
          "FutureClickCount_600-os": 41,
          "FutureClickCount_600-ip-os": 36,
          "FutureClickCount_600-app-os": 52,
          "FutureClickCount_600-ip-app-os": 38,
          "FutureClickCount_600-dev-os": 136,
          "FutureClickCount_600-ip-dev-os": 39,
          "FutureClickCount_600-app-dev-os": 110,
          "FutureClickCount_600-ip-app-dev-os": 58,
          "FutureClickCount_600-cha": 44,
          "FutureClickCount_600-ip-cha": 6,
          "FutureClickCount_600-app-cha": 97,
          "FutureClickCount_600-ip-app-cha": 13,
          "FutureClickCount_600-dev-cha": 35,
          "FutureClickCount_600-ip-dev-cha": 10,
          "FutureClickCount_600-app-dev-cha": 22,
          "FutureClickCount_600-ip-app-dev-cha": 4,
          "FutureClickCount_600-os-cha": 24,
          "FutureClickCount_600-ip-os-cha": 6,
          "FutureClickCount_600-app-os-cha": 28,
          "FutureClickCount_600-ip-app-os-cha": 9,
          "FutureClickCount_600-dev-os-cha": 53,
          "FutureClickCount_600-ip-dev-os-cha": 5,
          "FutureClickCount_600-app-dev-os-cha": 47,
          "FutureClickCount_600-ip-app-dev-os-cha": 14,
          "FutureClickCount_4800-ip": 187,
          "FutureClickCount_4800-app": 48,
          "FutureClickCount_4800-ip-app": 40,
          "FutureClickCount_4800-dev": 14,
          "FutureClickCount_4800-ip-dev": 216,
          "FutureClickCount_4800-app-dev": 35,
          "FutureClickCount_4800-ip-app-dev": 34,
          "FutureClickCount_4800-os": 13,
          "FutureClickCount_4800-ip-os": 88,
          "FutureClickCount_4800-app-os": 54,
          "FutureClickCount_4800-ip-app-os": 49,
          "FutureClickCount_4800-dev-os": 55,
          "FutureClickCount_4800-ip-dev-os": 117,
          "FutureClickCount_4800-app-dev-os": 100,
          "FutureClickCount_4800-ip-app-dev-os": 61,
          "FutureClickCount_4800-cha": 58,
          "FutureClickCount_4800-ip-cha": 22,
          "FutureClickCount_4800-app-cha": 74,
          "FutureClickCount_4800-ip-app-cha": 14,
          "FutureClickCount_4800-dev-cha": 34,
          "FutureClickCount_4800-ip-dev-cha": 14,
          "FutureClickCount_4800-app-dev-cha": 38,
          "FutureClickCount_4800-ip-app-dev-cha": 12,
          "FutureClickCount_4800-os-cha": 37,
          "FutureClickCount_4800-ip-os-cha": 5,
          "FutureClickCount_4800-app-os-cha": 48,
          "FutureClickCount_4800-ip-app-os-cha": 4,
          "FutureClickCount_4800-dev-os-cha": 46,
          "FutureClickCount_4800-ip-dev-os-cha": 5,
          "FutureClickCount_4800-app-dev-os-cha": 45,
          "FutureClickCount_4800-ip-app-dev-os-cha": 13,
          "NextClickTimeDelta-ip": 106,
          "NextClickTimeDelta-app": 13,
          "NextClickTimeDelta-ip-app": 160,
          "NextClickTimeDelta-dev": 9,
          "NextClickTimeDelta-ip-dev": 69,
          "NextClickTimeDelta-app-dev": 9,
          "NextClickTimeDelta-ip-app-dev": 78,
          "NextClickTimeDelta-os": 8,
          "NextClickTimeDelta-ip-os": 89,
          "NextClickTimeDelta-app-os": 18,
          "NextClickTimeDelta-ip-app-os": 270,
          "NextClickTimeDelta-dev-os": 13,
          "NextClickTimeDelta-ip-dev-os": 76,
          "NextClickTimeDelta-app-dev-os": 21,
          "NextClickTimeDelta-ip-app-dev-os": 577,
          "NextClickTimeDelta-cha": 5,
          "NextClickTimeDelta-ip-cha": 60,
          "NextClickTimeDelta-app-cha": 23,
          "NextClickTimeDelta-ip-app-cha": 55,
          "NextClickTimeDelta-dev-cha": 6,
          "NextClickTimeDelta-ip-dev-cha": 48,
          "NextClickTimeDelta-app-dev-cha": 18,
          "NextClickTimeDelta-ip-app-dev-cha": 40,
          "NextClickTimeDelta-os-cha": 16,
          "NextClickTimeDelta-ip-os-cha": 34,
          "NextClickTimeDelta-app-os-cha": 18,
          "NextClickTimeDelta-ip-app-os-cha": 78,
          "NextClickTimeDelta-dev-os-cha": 21,
          "NextClickTimeDelta-ip-dev-os-cha": 55,
          "NextClickTimeDelta-app-dev-os-cha": 38,
          "NextClickTimeDelta-ip-app-dev-os-cha": 91,
          "PrevClickTimeDelta-ip": 69,
          "PrevClickTimeDelta-app": 10,
          "PrevClickTimeDelta-ip-app": 36,
          "PrevClickTimeDelta-dev": 2,
          "PrevClickTimeDelta-ip-dev": 30,
          "PrevClickTimeDelta-app-dev": 12,
          "PrevClickTimeDelta-ip-app-dev": 37,
          "PrevClickTimeDelta-os": 11,
          "PrevClickTimeDelta-ip-os": 65,
          "PrevClickTimeDelta-app-os": 24,
          "PrevClickTimeDelta-ip-app-os": 43,
          "PrevClickTimeDelta-dev-os": 5,
          "PrevClickTimeDelta-ip-dev-os": 58,
          "PrevClickTimeDelta-app-dev-os": 23,
          "PrevClickTimeDelta-ip-app-dev-os": 33,
          "PrevClickTimeDelta-cha": 13,
          "PrevClickTimeDelta-ip-cha": 40,
          "PrevClickTimeDelta-app-cha": 18,
          "PrevClickTimeDelta-ip-app-cha": 32,
          "PrevClickTimeDelta-dev-cha": 18,
          "PrevClickTimeDelta-ip-dev-cha": 33,
          "PrevClickTimeDelta-app-dev-cha": 18,
          "PrevClickTimeDelta-ip-app-dev-cha": 20,
          "PrevClickTimeDelta-os-cha": 19,
          "PrevClickTimeDelta-ip-os-cha": 20,
          "PrevClickTimeDelta-app-os-cha": 21,
          "PrevClickTimeDelta-ip-app-os-cha": 16,
          "PrevClickTimeDelta-dev-os-cha": 18,
          "PrevClickTimeDelta-ip-dev-os-cha": 26,
          "PrevClickTimeDelta-app-dev-os-cha": 30,
          "PrevClickTimeDelta-ip-app-dev-os-cha": 19,
          "AverageAttributedRatio-ip": 33,
          "AverageAttributedRatio-app": 38,
          "AverageAttributedRatio-ip-app": 42,
          "AverageAttributedRatio-dev": 65,
          "AverageAttributedRatio-ip-dev": 31,
          "AverageAttributedRatio-app-dev": 32,
          "AverageAttributedRatio-ip-app-dev": 52,
          "AverageAttributedRatio-os": 30,
          "AverageAttributedRatio-ip-os": 15,
          "AverageAttributedRatio-app-os": 33,
          "AverageAttributedRatio-ip-app-os": 6,
          "AverageAttributedRatio-dev-os": 32,
          "AverageAttributedRatio-ip-dev-os": 18,
          "AverageAttributedRatio-app-dev-os": 66,
          "AverageAttributedRatio-ip-app-dev-os": 16,
          "AverageAttributedRatio-cha": 37,
          "AverageAttributedRatio-ip-cha": 10,
          "AverageAttributedRatio-app-cha": 48,
          "AverageAttributedRatio-ip-app-cha": 6,
          "AverageAttributedRatio-dev-cha": 21,
          "AverageAttributedRatio-ip-dev-cha": 12,
          "AverageAttributedRatio-app-dev-cha": 55,
          "AverageAttributedRatio-ip-app-dev-cha": 11,
          "AverageAttributedRatio-os-cha": 34,
          "AverageAttributedRatio-ip-os-cha": 0,
          "AverageAttributedRatio-app-os-cha": 62,
          "AverageAttributedRatio-ip-app-os-cha": 2,
          "AverageAttributedRatio-dev-os-cha": 34,
          "AverageAttributedRatio-ip-dev-os-cha": 2,
          "AverageAttributedRatio-app-dev-os-cha": 70,
          "AverageAttributedRatio-ip-app-dev-os-cha": 3,
          "KomakiLDA5NoDevice-ip-app-0": 205,
          "KomakiLDA5NoDevice-ip-app-1": 212,
          "KomakiLDA5NoDevice-ip-app-2": 132,
          "KomakiLDA5NoDevice-ip-app-3": 94,
          "KomakiLDA5NoDevice-ip-app-4": 92,
          "KomakiLDA5NoDevice-ip-os-0": 106,
          "KomakiLDA5NoDevice-ip-os-1": 119,
          "KomakiLDA5NoDevice-ip-os-2": 108,
          "KomakiLDA5NoDevice-ip-os-3": 90,
          "KomakiLDA5NoDevice-ip-os-4": 64,
          "KomakiLDA5NoDevice-ip-channel-0": 111,
          "KomakiLDA5NoDevice-ip-channel-1": 166,
          "KomakiLDA5NoDevice-ip-channel-2": 121,
          "KomakiLDA5NoDevice-ip-channel-3": 140,
          "KomakiLDA5NoDevice-ip-channel-4": 167,
          "KomakiLDA5NoDevice-app-ip-0": 75,
          "KomakiLDA5NoDevice-app-ip-1": 45,
          "KomakiLDA5NoDevice-app-ip-2": 57,
          "KomakiLDA5NoDevice-app-ip-3": 69,
          "KomakiLDA5NoDevice-app-ip-4": 47,
          "KomakiLDA5NoDevice-app-os-0": 29,
          "KomakiLDA5NoDevice-app-os-1": 70,
          "KomakiLDA5NoDevice-app-os-2": 33,
          "KomakiLDA5NoDevice-app-os-3": 33,
          "KomakiLDA5NoDevice-app-os-4": 85,
          "KomakiLDA5NoDevice-app-channel-0": 42,
          "KomakiLDA5NoDevice-app-channel-1": 51,
          "KomakiLDA5NoDevice-app-channel-2": 57,
          "KomakiLDA5NoDevice-app-channel-3": 51,
          "KomakiLDA5NoDevice-app-channel-4": 23,
          "KomakiLDA5NoDevice-os-ip-0": 48,
          "KomakiLDA5NoDevice-os-ip-1": 24,
          "KomakiLDA5NoDevice-os-ip-2": 30,
          "KomakiLDA5NoDevice-os-ip-3": 32,
          "KomakiLDA5NoDevice-os-ip-4": 26,
          "KomakiLDA5NoDevice-os-app-0": 57,
          "KomakiLDA5NoDevice-os-app-1": 55,
          "KomakiLDA5NoDevice-os-app-2": 38,
          "KomakiLDA5NoDevice-os-app-3": 63,
          "KomakiLDA5NoDevice-os-app-4": 22,
          "KomakiLDA5NoDevice-os-channel-0": 55,
          "KomakiLDA5NoDevice-os-channel-1": 29,
          "KomakiLDA5NoDevice-os-channel-2": 44,
          "KomakiLDA5NoDevice-os-channel-3": 49,
          "KomakiLDA5NoDevice-os-channel-4": 33,
          "KomakiLDA5NoDevice-channel-ip-0": 36,
          "KomakiLDA5NoDevice-channel-ip-1": 45,
          "KomakiLDA5NoDevice-channel-ip-2": 34,
          "KomakiLDA5NoDevice-channel-ip-3": 40,
          "KomakiLDA5NoDevice-channel-ip-4": 43,
          "KomakiLDA5NoDevice-channel-app-0": 33,
          "KomakiLDA5NoDevice-channel-app-1": 16,
          "KomakiLDA5NoDevice-channel-app-2": 34,
          "KomakiLDA5NoDevice-channel-app-3": 24,
          "KomakiLDA5NoDevice-channel-app-4": 32,
          "KomakiLDA5NoDevice-channel-os-0": 36,
          "KomakiLDA5NoDevice-channel-os-1": 52,
          "KomakiLDA5NoDevice-channel-os-2": 39,
          "KomakiLDA5NoDevice-channel-os-3": 31,
          "KomakiLDA5NoDevice-channel-os-4": 38
        }
      }
    ],
    "average_train_auc": 0.9903394968815539,
    "average_valid_auc": 0.9841020945857221,
    "train_auc_std": 0.0003571347891295415,
    "valid_auc_std": 7.701118258045825e-05,
    "average_train_time": 62.78611469268799
  },
  "config": {
    "features": [
      "ip",
      "os",
      "app",
      "channel",
      "hour",
      "count",
      "future_click_count_10",
      "future_click_count_80",
      "next_click_time_delta",
      "prev_click_time_delta",
      "average_attributed_ratio",
      "komaki_lda_5_no_device"
    ],
    "model": {
      "name": "lightgbm",
      "model_params": {
        "boosting_type": "gbdt",
        "objective": "binary",
        "metric": "auc",
        "learning_rate": 0.1,
        "num_leaves": 255,
        "max_depth": 8,
        "min_child_samples": 100,
        "max_bin": 100,
        "subsample": 0.7,
        "subsample_freq": 1,
        "colsample_bytree": 0.7,
        "min_child_weight": 0,
        "subsample_for_bin": 200000,
        "min_split_gain": 0,
        "reg_alpha": 0,
        "reg_lambda": 0,
        "verbose": 0
      },
      "train_params": {
        "num_boost_round": 350,
        "early_stopping_rounds": 30
      }
    },
    "dataset": {
      "input_directory": "data/input/",
      "cache_directory": "data/working/",
      "validation_ratio": 0.33333333333,
      "full_data_train": true,
      "files": {
        "train": "train.feather",
        "test": "old_test.feather"
      },
      "negative_down_sampling": {
        "enabled": true,
        "bagging_size": 5,
        "random_state": 114514
      }
    }
  }
}