{
  "training": {
    "trials": [
      {
        "train_auc": 0.9959265235973853,
        "valid_auc": 0.9849070348761252,
        "best_iteration": 830,
        "train_time": 674.4821705818176,
        "feature_importance": {
          "app": 4252,
          "hour": 4868,
          "n_channels": 1004,
          "ip_app_count": 1260,
          "ip_app_os_count": 1375,
          "PastClickCount_600-ip": 727,
          "PastClickCount_600-app": 538,
          "PastClickCount_600-ip-app": 223,
          "PastClickCount_600-dev": 178,
          "PastClickCount_600-ip-dev": 738,
          "PastClickCount_600-app-dev": 454,
          "PastClickCount_600-ip-app-dev": 205,
          "PastClickCount_600-os": 309,
          "PastClickCount_600-ip-os": 570,
          "PastClickCount_600-app-os": 473,
          "PastClickCount_600-ip-app-os": 156,
          "PastClickCount_600-dev-os": 464,
          "PastClickCount_600-ip-dev-os": 578,
          "PastClickCount_600-app-dev-os": 624,
          "PastClickCount_600-ip-app-dev-os": 158,
          "PastClickCount_600-cha": 602,
          "PastClickCount_600-ip-cha": 178,
          "PastClickCount_600-app-cha": 691,
          "PastClickCount_600-ip-app-cha": 136,
          "PastClickCount_600-dev-cha": 336,
          "PastClickCount_600-ip-dev-cha": 141,
          "PastClickCount_600-app-dev-cha": 450,
          "PastClickCount_600-ip-app-dev-cha": 97,
          "PastClickCount_600-os-cha": 392,
          "PastClickCount_600-ip-os-cha": 118,
          "PastClickCount_600-app-os-cha": 417,
          "PastClickCount_600-ip-app-os-cha": 78,
          "PastClickCount_600-dev-os-cha": 365,
          "PastClickCount_600-ip-dev-os-cha": 92,
          "PastClickCount_600-app-dev-os-cha": 383,
          "PastClickCount_600-ip-app-dev-os-cha": 81,
          "FutureClickCount_600-ip": 667,
          "FutureClickCount_600-app": 418,
          "FutureClickCount_600-ip-app": 244,
          "FutureClickCount_600-dev": 204,
          "FutureClickCount_600-ip-dev": 630,
          "FutureClickCount_600-app-dev": 351,
          "FutureClickCount_600-ip-app-dev": 226,
          "FutureClickCount_600-os": 245,
          "FutureClickCount_600-ip-os": 486,
          "FutureClickCount_600-app-os": 452,
          "FutureClickCount_600-ip-app-os": 270,
          "FutureClickCount_600-dev-os": 453,
          "FutureClickCount_600-ip-dev-os": 461,
          "FutureClickCount_600-app-dev-os": 484,
          "FutureClickCount_600-ip-app-dev-os": 400,
          "FutureClickCount_600-cha": 442,
          "FutureClickCount_600-ip-cha": 165,
          "FutureClickCount_600-app-cha": 597,
          "FutureClickCount_600-ip-app-cha": 137,
          "FutureClickCount_600-dev-cha": 359,
          "FutureClickCount_600-ip-dev-cha": 148,
          "FutureClickCount_600-app-dev-cha": 343,
          "FutureClickCount_600-ip-app-dev-cha": 103,
          "FutureClickCount_600-os-cha": 327,
          "FutureClickCount_600-ip-os-cha": 120,
          "FutureClickCount_600-app-os-cha": 344,
          "FutureClickCount_600-ip-app-os-cha": 113,
          "FutureClickCount_600-dev-os-cha": 348,
          "FutureClickCount_600-ip-dev-os-cha": 89,
          "FutureClickCount_600-app-dev-os-cha": 361,
          "FutureClickCount_600-ip-app-dev-os-cha": 95,
          "FutureClickCount_4800-ip": 973,
          "FutureClickCount_4800-app": 360,
          "FutureClickCount_4800-ip-app": 381,
          "FutureClickCount_4800-dev": 97,
          "FutureClickCount_4800-ip-dev": 1143,
          "FutureClickCount_4800-app-dev": 245,
          "FutureClickCount_4800-ip-app-dev": 437,
          "FutureClickCount_4800-os": 187,
          "FutureClickCount_4800-ip-os": 690,
          "FutureClickCount_4800-app-os": 369,
          "FutureClickCount_4800-ip-app-os": 368,
          "FutureClickCount_4800-dev-os": 205,
          "FutureClickCount_4800-ip-dev-os": 848,
          "FutureClickCount_4800-app-dev-os": 505,
          "FutureClickCount_4800-ip-app-dev-os": 468,
          "FutureClickCount_4800-cha": 382,
          "FutureClickCount_4800-ip-cha": 290,
          "FutureClickCount_4800-app-cha": 499,
          "FutureClickCount_4800-ip-app-cha": 268,
          "FutureClickCount_4800-dev-cha": 251,
          "FutureClickCount_4800-ip-dev-cha": 255,
          "FutureClickCount_4800-app-dev-cha": 341,
          "FutureClickCount_4800-ip-app-dev-cha": 212,
          "FutureClickCount_4800-os-cha": 378,
          "FutureClickCount_4800-ip-os-cha": 144,
          "FutureClickCount_4800-app-os-cha": 418,
          "FutureClickCount_4800-ip-app-os-cha": 165,
          "FutureClickCount_4800-dev-os-cha": 368,
          "FutureClickCount_4800-ip-dev-os-cha": 145,
          "FutureClickCount_4800-app-dev-os-cha": 417,
          "FutureClickCount_4800-ip-app-dev-os-cha": 113,
          "NextClickTimeDelta-ip": 961,
          "NextClickTimeDelta-app": 141,
          "NextClickTimeDelta-ip-app": 1200,
          "NextClickTimeDelta-dev": 76,
          "NextClickTimeDelta-ip-dev": 735,
          "NextClickTimeDelta-app-dev": 119,
          "NextClickTimeDelta-ip-app-dev": 784,
          "NextClickTimeDelta-os": 142,
          "NextClickTimeDelta-ip-os": 727,
          "NextClickTimeDelta-app-os": 297,
          "NextClickTimeDelta-ip-app-os": 1719,
          "NextClickTimeDelta-dev-os": 114,
          "NextClickTimeDelta-ip-dev-os": 556,
          "NextClickTimeDelta-app-dev-os": 216,
          "NextClickTimeDelta-ip-app-dev-os": 2685,
          "NextClickTimeDelta-cha": 171,
          "NextClickTimeDelta-ip-cha": 776,
          "NextClickTimeDelta-app-cha": 225,
          "NextClickTimeDelta-ip-app-cha": 680,
          "NextClickTimeDelta-dev-cha": 146,
          "NextClickTimeDelta-ip-dev-cha": 538,
          "NextClickTimeDelta-app-dev-cha": 169,
          "NextClickTimeDelta-ip-app-dev-cha": 495,
          "NextClickTimeDelta-os-cha": 346,
          "NextClickTimeDelta-ip-os-cha": 595,
          "NextClickTimeDelta-app-os-cha": 373,
          "NextClickTimeDelta-ip-app-os-cha": 588,
          "NextClickTimeDelta-dev-os-cha": 285,
          "NextClickTimeDelta-ip-dev-os-cha": 407,
          "NextClickTimeDelta-app-dev-os-cha": 300,
          "NextClickTimeDelta-ip-app-dev-os-cha": 692,
          "PrevClickTimeDelta-ip": 893,
          "PrevClickTimeDelta-app": 158,
          "PrevClickTimeDelta-ip-app": 607,
          "PrevClickTimeDelta-dev": 89,
          "PrevClickTimeDelta-ip-dev": 560,
          "PrevClickTimeDelta-app-dev": 111,
          "PrevClickTimeDelta-ip-app-dev": 506,
          "PrevClickTimeDelta-os": 144,
          "PrevClickTimeDelta-ip-os": 671,
          "PrevClickTimeDelta-app-os": 262,
          "PrevClickTimeDelta-ip-app-os": 496,
          "PrevClickTimeDelta-dev-os": 102,
          "PrevClickTimeDelta-ip-dev-os": 429,
          "PrevClickTimeDelta-app-dev-os": 225,
          "PrevClickTimeDelta-ip-app-dev-os": 465,
          "PrevClickTimeDelta-cha": 163,
          "PrevClickTimeDelta-ip-cha": 600,
          "PrevClickTimeDelta-app-cha": 206,
          "PrevClickTimeDelta-ip-app-cha": 429,
          "PrevClickTimeDelta-dev-cha": 147,
          "PrevClickTimeDelta-ip-dev-cha": 396,
          "PrevClickTimeDelta-app-dev-cha": 149,
          "PrevClickTimeDelta-ip-app-dev-cha": 321,
          "PrevClickTimeDelta-os-cha": 363,
          "PrevClickTimeDelta-ip-os-cha": 379,
          "PrevClickTimeDelta-app-os-cha": 345,
          "PrevClickTimeDelta-ip-app-os-cha": 338,
          "PrevClickTimeDelta-dev-os-cha": 222,
          "PrevClickTimeDelta-ip-dev-os-cha": 277,
          "PrevClickTimeDelta-app-dev-os-cha": 272,
          "PrevClickTimeDelta-ip-app-dev-os-cha": 230,
          "AverageAttributedRatio-ip": 706,
          "AverageAttributedRatio-app": 548,
          "AverageAttributedRatio-ip-app": 405,
          "AverageAttributedRatio-dev": 937,
          "AverageAttributedRatio-ip-dev": 585,
          "AverageAttributedRatio-app-dev": 360,
          "AverageAttributedRatio-ip-app-dev": 477,
          "AverageAttributedRatio-os": 636,
          "AverageAttributedRatio-ip-os": 437,
          "AverageAttributedRatio-app-os": 475,
          "AverageAttributedRatio-ip-app-os": 152,
          "AverageAttributedRatio-dev-os": 429,
          "AverageAttributedRatio-ip-dev-os": 457,
          "AverageAttributedRatio-app-dev-os": 482,
          "AverageAttributedRatio-ip-app-dev-os": 166,
          "AverageAttributedRatio-cha": 451,
          "AverageAttributedRatio-ip-cha": 234,
          "AverageAttributedRatio-app-cha": 441,
          "AverageAttributedRatio-ip-app-cha": 186,
          "AverageAttributedRatio-dev-cha": 320,
          "AverageAttributedRatio-ip-dev-cha": 168,
          "AverageAttributedRatio-app-dev-cha": 366,
          "AverageAttributedRatio-ip-app-dev-cha": 169,
          "AverageAttributedRatio-os-cha": 466,
          "AverageAttributedRatio-ip-os-cha": 135,
          "AverageAttributedRatio-app-os-cha": 531,
          "AverageAttributedRatio-ip-app-os-cha": 90,
          "AverageAttributedRatio-dev-os-cha": 351,
          "AverageAttributedRatio-ip-dev-os-cha": 88,
          "AverageAttributedRatio-app-dev-os-cha": 479,
          "AverageAttributedRatio-ip-app-dev-os-cha": 67,
          "KomakiLDA5NoDevice-ip-app-0": 1371,
          "KomakiLDA5NoDevice-ip-app-1": 1343,
          "KomakiLDA5NoDevice-ip-app-2": 1459,
          "KomakiLDA5NoDevice-ip-app-3": 826,
          "KomakiLDA5NoDevice-ip-app-4": 787,
          "KomakiLDA5NoDevice-ip-os-0": 1360,
          "KomakiLDA5NoDevice-ip-os-1": 1325,
          "KomakiLDA5NoDevice-ip-os-2": 912,
          "KomakiLDA5NoDevice-ip-os-3": 1099,
          "KomakiLDA5NoDevice-ip-os-4": 1171,
          "KomakiLDA5NoDevice-ip-channel-0": 1242,
          "KomakiLDA5NoDevice-ip-channel-1": 1085,
          "KomakiLDA5NoDevice-ip-channel-2": 1382,
          "KomakiLDA5NoDevice-ip-channel-3": 1366,
          "KomakiLDA5NoDevice-ip-channel-4": 1463,
          "KomakiLDA5NoDevice-app-ip-0": 320,
          "KomakiLDA5NoDevice-app-ip-1": 260,
          "KomakiLDA5NoDevice-app-ip-2": 229,
          "KomakiLDA5NoDevice-app-ip-3": 250,
          "KomakiLDA5NoDevice-app-ip-4": 162,
          "KomakiLDA5NoDevice-app-os-0": 161,
          "KomakiLDA5NoDevice-app-os-1": 251,
          "KomakiLDA5NoDevice-app-os-2": 164,
          "KomakiLDA5NoDevice-app-os-3": 164,
          "KomakiLDA5NoDevice-app-os-4": 197,
          "KomakiLDA5NoDevice-app-channel-0": 165,
          "KomakiLDA5NoDevice-app-channel-1": 211,
          "KomakiLDA5NoDevice-app-channel-2": 266,
          "KomakiLDA5NoDevice-app-channel-3": 223,
          "KomakiLDA5NoDevice-app-channel-4": 129,
          "KomakiLDA5NoDevice-os-ip-0": 360,
          "KomakiLDA5NoDevice-os-ip-1": 292,
          "KomakiLDA5NoDevice-os-ip-2": 283,
          "KomakiLDA5NoDevice-os-ip-3": 222,
          "KomakiLDA5NoDevice-os-ip-4": 277,
          "KomakiLDA5NoDevice-os-app-0": 325,
          "KomakiLDA5NoDevice-os-app-1": 457,
          "KomakiLDA5NoDevice-os-app-2": 145,
          "KomakiLDA5NoDevice-os-app-3": 269,
          "KomakiLDA5NoDevice-os-app-4": 131,
          "KomakiLDA5NoDevice-os-channel-0": 316,
          "KomakiLDA5NoDevice-os-channel-1": 159,
          "KomakiLDA5NoDevice-os-channel-2": 257,
          "KomakiLDA5NoDevice-os-channel-3": 311,
          "KomakiLDA5NoDevice-os-channel-4": 191,
          "KomakiLDA5NoDevice-channel-ip-0": 328,
          "KomakiLDA5NoDevice-channel-ip-1": 375,
          "KomakiLDA5NoDevice-channel-ip-2": 321,
          "KomakiLDA5NoDevice-channel-ip-3": 408,
          "KomakiLDA5NoDevice-channel-ip-4": 296,
          "KomakiLDA5NoDevice-channel-app-0": 316,
          "KomakiLDA5NoDevice-channel-app-1": 289,
          "KomakiLDA5NoDevice-channel-app-2": 312,
          "KomakiLDA5NoDevice-channel-app-3": 278,
          "KomakiLDA5NoDevice-channel-app-4": 292,
          "KomakiLDA5NoDevice-channel-os-0": 334,
          "KomakiLDA5NoDevice-channel-os-1": 314,
          "KomakiLDA5NoDevice-channel-os-2": 375,
          "KomakiLDA5NoDevice-channel-os-3": 288,
          "KomakiLDA5NoDevice-channel-os-4": 330,
          "KomakiNMF5NoDevice-ip-app-0": 810,
          "KomakiNMF5NoDevice-ip-app-1": 1131,
          "KomakiNMF5NoDevice-ip-app-2": 963,
          "KomakiNMF5NoDevice-ip-app-3": 765,
          "KomakiNMF5NoDevice-ip-app-4": 882,
          "KomakiNMF5NoDevice-ip-os-0": 1090,
          "KomakiNMF5NoDevice-ip-os-1": 1104,
          "KomakiNMF5NoDevice-ip-os-2": 1006,
          "KomakiNMF5NoDevice-ip-os-3": 1006,
          "KomakiNMF5NoDevice-ip-os-4": 994,
          "KomakiNMF5NoDevice-ip-channel-0": 955,
          "KomakiNMF5NoDevice-ip-channel-1": 1310,
          "KomakiNMF5NoDevice-ip-channel-2": 934,
          "KomakiNMF5NoDevice-ip-channel-3": 1160,
          "KomakiNMF5NoDevice-ip-channel-4": 976,
          "KomakiNMF5NoDevice-app-ip-0": 126,
          "KomakiNMF5NoDevice-app-ip-1": 180,
          "KomakiNMF5NoDevice-app-ip-2": 138,
          "KomakiNMF5NoDevice-app-ip-3": 127,
          "KomakiNMF5NoDevice-app-ip-4": 86,
          "KomakiNMF5NoDevice-app-os-0": 52,
          "KomakiNMF5NoDevice-app-os-1": 130,
          "KomakiNMF5NoDevice-app-os-2": 121,
          "KomakiNMF5NoDevice-app-os-3": 34,
          "KomakiNMF5NoDevice-app-os-4": 45,
          "KomakiNMF5NoDevice-app-channel-0": 100,
          "KomakiNMF5NoDevice-app-channel-1": 112,
          "KomakiNMF5NoDevice-app-channel-2": 130,
          "KomakiNMF5NoDevice-app-channel-3": 122,
          "KomakiNMF5NoDevice-app-channel-4": 133,
          "KomakiNMF5NoDevice-os-ip-0": 172,
          "KomakiNMF5NoDevice-os-ip-1": 195,
          "KomakiNMF5NoDevice-os-ip-2": 157,
          "KomakiNMF5NoDevice-os-ip-3": 202,
          "KomakiNMF5NoDevice-os-ip-4": 165,
          "KomakiNMF5NoDevice-os-app-0": 84,
          "KomakiNMF5NoDevice-os-app-1": 37,
          "KomakiNMF5NoDevice-os-app-2": 101,
          "KomakiNMF5NoDevice-os-app-3": 249,
          "KomakiNMF5NoDevice-os-app-4": 156,
          "KomakiNMF5NoDevice-os-channel-0": 316,
          "KomakiNMF5NoDevice-os-channel-1": 154,
          "KomakiNMF5NoDevice-os-channel-2": 308,
          "KomakiNMF5NoDevice-os-channel-3": 222,
          "KomakiNMF5NoDevice-os-channel-4": 182,
          "KomakiNMF5NoDevice-channel-ip-0": 372,
          "KomakiNMF5NoDevice-channel-ip-1": 235,
          "KomakiNMF5NoDevice-channel-ip-2": 268,
          "KomakiNMF5NoDevice-channel-ip-3": 368,
          "KomakiNMF5NoDevice-channel-ip-4": 315,
          "KomakiNMF5NoDevice-channel-app-0": 175,
          "KomakiNMF5NoDevice-channel-app-1": 79,
          "KomakiNMF5NoDevice-channel-app-2": 170,
          "KomakiNMF5NoDevice-channel-app-3": 162,
          "KomakiNMF5NoDevice-channel-app-4": 191,
          "KomakiNMF5NoDevice-channel-os-0": 286,
          "KomakiNMF5NoDevice-channel-os-1": 83,
          "KomakiNMF5NoDevice-channel-os-2": 286,
          "KomakiNMF5NoDevice-channel-os-3": 166,
          "KomakiNMF5NoDevice-channel-os-4": 315,
          "KomakiPCA5NoDevice-ip-app-0": 1298,
          "KomakiPCA5NoDevice-ip-app-1": 1017,
          "KomakiPCA5NoDevice-ip-app-2": 1068,
          "KomakiPCA5NoDevice-ip-app-3": 750,
          "KomakiPCA5NoDevice-ip-app-4": 1119,
          "KomakiPCA5NoDevice-ip-os-0": 1256,
          "KomakiPCA5NoDevice-ip-os-1": 1000,
          "KomakiPCA5NoDevice-ip-os-2": 951,
          "KomakiPCA5NoDevice-ip-os-3": 868,
          "KomakiPCA5NoDevice-ip-os-4": 1145,
          "KomakiPCA5NoDevice-ip-channel-0": 1376,
          "KomakiPCA5NoDevice-ip-channel-1": 1068,
          "KomakiPCA5NoDevice-ip-channel-2": 1045,
          "KomakiPCA5NoDevice-ip-channel-3": 1069,
          "KomakiPCA5NoDevice-ip-channel-4": 1025,
          "KomakiPCA5NoDevice-app-ip-0": 107,
          "KomakiPCA5NoDevice-app-ip-1": 121,
          "KomakiPCA5NoDevice-app-ip-2": 126,
          "KomakiPCA5NoDevice-app-ip-3": 150,
          "KomakiPCA5NoDevice-app-ip-4": 119,
          "KomakiPCA5NoDevice-app-os-0": 155,
          "KomakiPCA5NoDevice-app-os-1": 100,
          "KomakiPCA5NoDevice-app-os-2": 133,
          "KomakiPCA5NoDevice-app-os-3": 152,
          "KomakiPCA5NoDevice-app-os-4": 154,
          "KomakiPCA5NoDevice-app-channel-0": 125,
          "KomakiPCA5NoDevice-app-channel-1": 152,
          "KomakiPCA5NoDevice-app-channel-2": 129,
          "KomakiPCA5NoDevice-app-channel-3": 121,
          "KomakiPCA5NoDevice-app-channel-4": 178,
          "KomakiPCA5NoDevice-os-ip-0": 81,
          "KomakiPCA5NoDevice-os-ip-1": 170,
          "KomakiPCA5NoDevice-os-ip-2": 199,
          "KomakiPCA5NoDevice-os-ip-3": 240,
          "KomakiPCA5NoDevice-os-ip-4": 182,
          "KomakiPCA5NoDevice-os-app-0": 182,
          "KomakiPCA5NoDevice-os-app-1": 170,
          "KomakiPCA5NoDevice-os-app-2": 124,
          "KomakiPCA5NoDevice-os-app-3": 240,
          "KomakiPCA5NoDevice-os-app-4": 228,
          "KomakiPCA5NoDevice-os-channel-0": 209,
          "KomakiPCA5NoDevice-os-channel-1": 264,
          "KomakiPCA5NoDevice-os-channel-2": 146,
          "KomakiPCA5NoDevice-os-channel-3": 165,
          "KomakiPCA5NoDevice-os-channel-4": 184,
          "KomakiPCA5NoDevice-channel-ip-0": 318,
          "KomakiPCA5NoDevice-channel-ip-1": 284,
          "KomakiPCA5NoDevice-channel-ip-2": 303,
          "KomakiPCA5NoDevice-channel-ip-3": 262,
          "KomakiPCA5NoDevice-channel-ip-4": 383,
          "KomakiPCA5NoDevice-channel-app-0": 310,
          "KomakiPCA5NoDevice-channel-app-1": 193,
          "KomakiPCA5NoDevice-channel-app-2": 231,
          "KomakiPCA5NoDevice-channel-app-3": 216,
          "KomakiPCA5NoDevice-channel-app-4": 243,
          "KomakiPCA5NoDevice-channel-os-0": 277,
          "KomakiPCA5NoDevice-channel-os-1": 242,
          "KomakiPCA5NoDevice-channel-os-2": 207,
          "KomakiPCA5NoDevice-channel-os-3": 254,
          "KomakiPCA5NoDevice-channel-os-4": 315
        }
      },
      {
        "train_auc": 0.9948794657623121,
        "valid_auc": 0.9848083075548361,
        "best_iteration": 687,
        "train_time": 564.0877938270569,
        "feature_importance": {
          "app": 3658,
          "hour": 4120,
          "n_channels": 913,
          "ip_app_count": 1086,
          "ip_app_os_count": 1162,
          "PastClickCount_600-ip": 554,
          "PastClickCount_600-app": 420,
          "PastClickCount_600-ip-app": 226,
          "PastClickCount_600-dev": 213,
          "PastClickCount_600-ip-dev": 534,
          "PastClickCount_600-app-dev": 363,
          "PastClickCount_600-ip-app-dev": 176,
          "PastClickCount_600-os": 264,
          "PastClickCount_600-ip-os": 410,
          "PastClickCount_600-app-os": 421,
          "PastClickCount_600-ip-app-os": 134,
          "PastClickCount_600-dev-os": 387,
          "PastClickCount_600-ip-dev-os": 414,
          "PastClickCount_600-app-dev-os": 513,
          "PastClickCount_600-ip-app-dev-os": 118,
          "PastClickCount_600-cha": 443,
          "PastClickCount_600-ip-cha": 132,
          "PastClickCount_600-app-cha": 526,
          "PastClickCount_600-ip-app-cha": 116,
          "PastClickCount_600-dev-cha": 294,
          "PastClickCount_600-ip-dev-cha": 130,
          "PastClickCount_600-app-dev-cha": 389,
          "PastClickCount_600-ip-app-dev-cha": 82,
          "PastClickCount_600-os-cha": 279,
          "PastClickCount_600-ip-os-cha": 69,
          "PastClickCount_600-app-os-cha": 315,
          "PastClickCount_600-ip-app-os-cha": 72,
          "PastClickCount_600-dev-os-cha": 327,
          "PastClickCount_600-ip-dev-os-cha": 54,
          "PastClickCount_600-app-dev-os-cha": 320,
          "PastClickCount_600-ip-app-dev-os-cha": 70,
          "FutureClickCount_600-ip": 540,
          "FutureClickCount_600-app": 373,
          "FutureClickCount_600-ip-app": 257,
          "FutureClickCount_600-dev": 190,
          "FutureClickCount_600-ip-dev": 496,
          "FutureClickCount_600-app-dev": 296,
          "FutureClickCount_600-ip-app-dev": 161,
          "FutureClickCount_600-os": 218,
          "FutureClickCount_600-ip-os": 374,
          "FutureClickCount_600-app-os": 339,
          "FutureClickCount_600-ip-app-os": 256,
          "FutureClickCount_600-dev-os": 376,
          "FutureClickCount_600-ip-dev-os": 391,
          "FutureClickCount_600-app-dev-os": 390,
          "FutureClickCount_600-ip-app-dev-os": 319,
          "FutureClickCount_600-cha": 355,
          "FutureClickCount_600-ip-cha": 120,
          "FutureClickCount_600-app-cha": 511,
          "FutureClickCount_600-ip-app-cha": 95,
          "FutureClickCount_600-dev-cha": 251,
          "FutureClickCount_600-ip-dev-cha": 124,
          "FutureClickCount_600-app-dev-cha": 296,
          "FutureClickCount_600-ip-app-dev-cha": 115,
          "FutureClickCount_600-os-cha": 283,
          "FutureClickCount_600-ip-os-cha": 102,
          "FutureClickCount_600-app-os-cha": 317,
          "FutureClickCount_600-ip-app-os-cha": 90,
          "FutureClickCount_600-dev-os-cha": 251,
          "FutureClickCount_600-ip-dev-os-cha": 82,
          "FutureClickCount_600-app-dev-os-cha": 267,
          "FutureClickCount_600-ip-app-dev-os-cha": 76,
          "FutureClickCount_4800-ip": 925,
          "FutureClickCount_4800-app": 300,
          "FutureClickCount_4800-ip-app": 350,
          "FutureClickCount_4800-dev": 87,
          "FutureClickCount_4800-ip-dev": 994,
          "FutureClickCount_4800-app-dev": 179,
          "FutureClickCount_4800-ip-app-dev": 325,
          "FutureClickCount_4800-os": 168,
          "FutureClickCount_4800-ip-os": 559,
          "FutureClickCount_4800-app-os": 339,
          "FutureClickCount_4800-ip-app-os": 322,
          "FutureClickCount_4800-dev-os": 191,
          "FutureClickCount_4800-ip-dev-os": 679,
          "FutureClickCount_4800-app-dev-os": 371,
          "FutureClickCount_4800-ip-app-dev-os": 418,
          "FutureClickCount_4800-cha": 328,
          "FutureClickCount_4800-ip-cha": 204,
          "FutureClickCount_4800-app-cha": 516,
          "FutureClickCount_4800-ip-app-cha": 174,
          "FutureClickCount_4800-dev-cha": 237,
          "FutureClickCount_4800-ip-dev-cha": 201,
          "FutureClickCount_4800-app-dev-cha": 269,
          "FutureClickCount_4800-ip-app-dev-cha": 159,
          "FutureClickCount_4800-os-cha": 347,
          "FutureClickCount_4800-ip-os-cha": 113,
          "FutureClickCount_4800-app-os-cha": 344,
          "FutureClickCount_4800-ip-app-os-cha": 127,
          "FutureClickCount_4800-dev-os-cha": 299,
          "FutureClickCount_4800-ip-dev-os-cha": 112,
          "FutureClickCount_4800-app-dev-os-cha": 355,
          "FutureClickCount_4800-ip-app-dev-os-cha": 131,
          "NextClickTimeDelta-ip": 791,
          "NextClickTimeDelta-app": 136,
          "NextClickTimeDelta-ip-app": 1006,
          "NextClickTimeDelta-dev": 60,
          "NextClickTimeDelta-ip-dev": 596,
          "NextClickTimeDelta-app-dev": 136,
          "NextClickTimeDelta-ip-app-dev": 624,
          "NextClickTimeDelta-os": 105,
          "NextClickTimeDelta-ip-os": 635,
          "NextClickTimeDelta-app-os": 221,
          "NextClickTimeDelta-ip-app-os": 1447,
          "NextClickTimeDelta-dev-os": 83,
          "NextClickTimeDelta-ip-dev-os": 531,
          "NextClickTimeDelta-app-dev-os": 175,
          "NextClickTimeDelta-ip-app-dev-os": 2512,
          "NextClickTimeDelta-cha": 128,
          "NextClickTimeDelta-ip-cha": 645,
          "NextClickTimeDelta-app-cha": 252,
          "NextClickTimeDelta-ip-app-cha": 517,
          "NextClickTimeDelta-dev-cha": 118,
          "NextClickTimeDelta-ip-dev-cha": 442,
          "NextClickTimeDelta-app-dev-cha": 127,
          "NextClickTimeDelta-ip-app-dev-cha": 431,
          "NextClickTimeDelta-os-cha": 303,
          "NextClickTimeDelta-ip-os-cha": 369,
          "NextClickTimeDelta-app-os-cha": 308,
          "NextClickTimeDelta-ip-app-os-cha": 454,
          "NextClickTimeDelta-dev-os-cha": 235,
          "NextClickTimeDelta-ip-dev-os-cha": 359,
          "NextClickTimeDelta-app-dev-os-cha": 253,
          "NextClickTimeDelta-ip-app-dev-os-cha": 565,
          "PrevClickTimeDelta-ip": 658,
          "PrevClickTimeDelta-app": 138,
          "PrevClickTimeDelta-ip-app": 487,
          "PrevClickTimeDelta-dev": 77,
          "PrevClickTimeDelta-ip-dev": 389,
          "PrevClickTimeDelta-app-dev": 108,
          "PrevClickTimeDelta-ip-app-dev": 388,
          "PrevClickTimeDelta-os": 132,
          "PrevClickTimeDelta-ip-os": 559,
          "PrevClickTimeDelta-app-os": 238,
          "PrevClickTimeDelta-ip-app-os": 472,
          "PrevClickTimeDelta-dev-os": 77,
          "PrevClickTimeDelta-ip-dev-os": 344,
          "PrevClickTimeDelta-app-dev-os": 159,
          "PrevClickTimeDelta-ip-app-dev-os": 309,
          "PrevClickTimeDelta-cha": 117,
          "PrevClickTimeDelta-ip-cha": 456,
          "PrevClickTimeDelta-app-cha": 176,
          "PrevClickTimeDelta-ip-app-cha": 327,
          "PrevClickTimeDelta-dev-cha": 148,
          "PrevClickTimeDelta-ip-dev-cha": 308,
          "PrevClickTimeDelta-app-dev-cha": 115,
          "PrevClickTimeDelta-ip-app-dev-cha": 278,
          "PrevClickTimeDelta-os-cha": 324,
          "PrevClickTimeDelta-ip-os-cha": 306,
          "PrevClickTimeDelta-app-os-cha": 282,
          "PrevClickTimeDelta-ip-app-os-cha": 272,
          "PrevClickTimeDelta-dev-os-cha": 189,
          "PrevClickTimeDelta-ip-dev-os-cha": 216,
          "PrevClickTimeDelta-app-dev-os-cha": 187,
          "PrevClickTimeDelta-ip-app-dev-os-cha": 158,
          "AverageAttributedRatio-ip": 589,
          "AverageAttributedRatio-app": 466,
          "AverageAttributedRatio-ip-app": 401,
          "AverageAttributedRatio-dev": 775,
          "AverageAttributedRatio-ip-dev": 504,
          "AverageAttributedRatio-app-dev": 352,
          "AverageAttributedRatio-ip-app-dev": 439,
          "AverageAttributedRatio-os": 475,
          "AverageAttributedRatio-ip-os": 317,
          "AverageAttributedRatio-app-os": 417,
          "AverageAttributedRatio-ip-app-os": 139,
          "AverageAttributedRatio-dev-os": 408,
          "AverageAttributedRatio-ip-dev-os": 371,
          "AverageAttributedRatio-app-dev-os": 432,
          "AverageAttributedRatio-ip-app-dev-os": 143,
          "AverageAttributedRatio-cha": 404,
          "AverageAttributedRatio-ip-cha": 218,
          "AverageAttributedRatio-app-cha": 388,
          "AverageAttributedRatio-ip-app-cha": 149,
          "AverageAttributedRatio-dev-cha": 257,
          "AverageAttributedRatio-ip-dev-cha": 165,
          "AverageAttributedRatio-app-dev-cha": 309,
          "AverageAttributedRatio-ip-app-dev-cha": 152,
          "AverageAttributedRatio-os-cha": 393,
          "AverageAttributedRatio-ip-os-cha": 86,
          "AverageAttributedRatio-app-os-cha": 453,
          "AverageAttributedRatio-ip-app-os-cha": 72,
          "AverageAttributedRatio-dev-os-cha": 343,
          "AverageAttributedRatio-ip-dev-os-cha": 49,
          "AverageAttributedRatio-app-dev-os-cha": 417,
          "AverageAttributedRatio-ip-app-dev-os-cha": 49,
          "KomakiLDA5NoDevice-ip-app-0": 1223,
          "KomakiLDA5NoDevice-ip-app-1": 1197,
          "KomakiLDA5NoDevice-ip-app-2": 1190,
          "KomakiLDA5NoDevice-ip-app-3": 764,
          "KomakiLDA5NoDevice-ip-app-4": 650,
          "KomakiLDA5NoDevice-ip-os-0": 1094,
          "KomakiLDA5NoDevice-ip-os-1": 1128,
          "KomakiLDA5NoDevice-ip-os-2": 694,
          "KomakiLDA5NoDevice-ip-os-3": 903,
          "KomakiLDA5NoDevice-ip-os-4": 944,
          "KomakiLDA5NoDevice-ip-channel-0": 1075,
          "KomakiLDA5NoDevice-ip-channel-1": 892,
          "KomakiLDA5NoDevice-ip-channel-2": 1090,
          "KomakiLDA5NoDevice-ip-channel-3": 1175,
          "KomakiLDA5NoDevice-ip-channel-4": 1191,
          "KomakiLDA5NoDevice-app-ip-0": 292,
          "KomakiLDA5NoDevice-app-ip-1": 259,
          "KomakiLDA5NoDevice-app-ip-2": 206,
          "KomakiLDA5NoDevice-app-ip-3": 239,
          "KomakiLDA5NoDevice-app-ip-4": 141,
          "KomakiLDA5NoDevice-app-os-0": 130,
          "KomakiLDA5NoDevice-app-os-1": 229,
          "KomakiLDA5NoDevice-app-os-2": 156,
          "KomakiLDA5NoDevice-app-os-3": 138,
          "KomakiLDA5NoDevice-app-os-4": 215,
          "KomakiLDA5NoDevice-app-channel-0": 156,
          "KomakiLDA5NoDevice-app-channel-1": 190,
          "KomakiLDA5NoDevice-app-channel-2": 233,
          "KomakiLDA5NoDevice-app-channel-3": 185,
          "KomakiLDA5NoDevice-app-channel-4": 88,
          "KomakiLDA5NoDevice-os-ip-0": 333,
          "KomakiLDA5NoDevice-os-ip-1": 222,
          "KomakiLDA5NoDevice-os-ip-2": 233,
          "KomakiLDA5NoDevice-os-ip-3": 182,
          "KomakiLDA5NoDevice-os-ip-4": 234,
          "KomakiLDA5NoDevice-os-app-0": 258,
          "KomakiLDA5NoDevice-os-app-1": 327,
          "KomakiLDA5NoDevice-os-app-2": 117,
          "KomakiLDA5NoDevice-os-app-3": 257,
          "KomakiLDA5NoDevice-os-app-4": 124,
          "KomakiLDA5NoDevice-os-channel-0": 256,
          "KomakiLDA5NoDevice-os-channel-1": 132,
          "KomakiLDA5NoDevice-os-channel-2": 222,
          "KomakiLDA5NoDevice-os-channel-3": 294,
          "KomakiLDA5NoDevice-os-channel-4": 193,
          "KomakiLDA5NoDevice-channel-ip-0": 288,
          "KomakiLDA5NoDevice-channel-ip-1": 295,
          "KomakiLDA5NoDevice-channel-ip-2": 261,
          "KomakiLDA5NoDevice-channel-ip-3": 340,
          "KomakiLDA5NoDevice-channel-ip-4": 267,
          "KomakiLDA5NoDevice-channel-app-0": 297,
          "KomakiLDA5NoDevice-channel-app-1": 234,
          "KomakiLDA5NoDevice-channel-app-2": 274,
          "KomakiLDA5NoDevice-channel-app-3": 254,
          "KomakiLDA5NoDevice-channel-app-4": 255,
          "KomakiLDA5NoDevice-channel-os-0": 294,
          "KomakiLDA5NoDevice-channel-os-1": 256,
          "KomakiLDA5NoDevice-channel-os-2": 270,
          "KomakiLDA5NoDevice-channel-os-3": 260,
          "KomakiLDA5NoDevice-channel-os-4": 242,
          "KomakiNMF5NoDevice-ip-app-0": 627,
          "KomakiNMF5NoDevice-ip-app-1": 980,
          "KomakiNMF5NoDevice-ip-app-2": 751,
          "KomakiNMF5NoDevice-ip-app-3": 595,
          "KomakiNMF5NoDevice-ip-app-4": 717,
          "KomakiNMF5NoDevice-ip-os-0": 926,
          "KomakiNMF5NoDevice-ip-os-1": 908,
          "KomakiNMF5NoDevice-ip-os-2": 791,
          "KomakiNMF5NoDevice-ip-os-3": 838,
          "KomakiNMF5NoDevice-ip-os-4": 815,
          "KomakiNMF5NoDevice-ip-channel-0": 711,
          "KomakiNMF5NoDevice-ip-channel-1": 1139,
          "KomakiNMF5NoDevice-ip-channel-2": 745,
          "KomakiNMF5NoDevice-ip-channel-3": 908,
          "KomakiNMF5NoDevice-ip-channel-4": 733,
          "KomakiNMF5NoDevice-app-ip-0": 139,
          "KomakiNMF5NoDevice-app-ip-1": 143,
          "KomakiNMF5NoDevice-app-ip-2": 120,
          "KomakiNMF5NoDevice-app-ip-3": 152,
          "KomakiNMF5NoDevice-app-ip-4": 80,
          "KomakiNMF5NoDevice-app-os-0": 56,
          "KomakiNMF5NoDevice-app-os-1": 97,
          "KomakiNMF5NoDevice-app-os-2": 118,
          "KomakiNMF5NoDevice-app-os-3": 49,
          "KomakiNMF5NoDevice-app-os-4": 45,
          "KomakiNMF5NoDevice-app-channel-0": 99,
          "KomakiNMF5NoDevice-app-channel-1": 105,
          "KomakiNMF5NoDevice-app-channel-2": 134,
          "KomakiNMF5NoDevice-app-channel-3": 145,
          "KomakiNMF5NoDevice-app-channel-4": 89,
          "KomakiNMF5NoDevice-os-ip-0": 138,
          "KomakiNMF5NoDevice-os-ip-1": 147,
          "KomakiNMF5NoDevice-os-ip-2": 138,
          "KomakiNMF5NoDevice-os-ip-3": 150,
          "KomakiNMF5NoDevice-os-ip-4": 131,
          "KomakiNMF5NoDevice-os-app-0": 64,
          "KomakiNMF5NoDevice-os-app-1": 22,
          "KomakiNMF5NoDevice-os-app-2": 94,
          "KomakiNMF5NoDevice-os-app-3": 226,
          "KomakiNMF5NoDevice-os-app-4": 110,
          "KomakiNMF5NoDevice-os-channel-0": 261,
          "KomakiNMF5NoDevice-os-channel-1": 139,
          "KomakiNMF5NoDevice-os-channel-2": 253,
          "KomakiNMF5NoDevice-os-channel-3": 223,
          "KomakiNMF5NoDevice-os-channel-4": 147,
          "KomakiNMF5NoDevice-channel-ip-0": 316,
          "KomakiNMF5NoDevice-channel-ip-1": 183,
          "KomakiNMF5NoDevice-channel-ip-2": 223,
          "KomakiNMF5NoDevice-channel-ip-3": 297,
          "KomakiNMF5NoDevice-channel-ip-4": 267,
          "KomakiNMF5NoDevice-channel-app-0": 122,
          "KomakiNMF5NoDevice-channel-app-1": 78,
          "KomakiNMF5NoDevice-channel-app-2": 132,
          "KomakiNMF5NoDevice-channel-app-3": 139,
          "KomakiNMF5NoDevice-channel-app-4": 152,
          "KomakiNMF5NoDevice-channel-os-0": 255,
          "KomakiNMF5NoDevice-channel-os-1": 66,
          "KomakiNMF5NoDevice-channel-os-2": 230,
          "KomakiNMF5NoDevice-channel-os-3": 111,
          "KomakiNMF5NoDevice-channel-os-4": 265,
          "KomakiPCA5NoDevice-ip-app-0": 1017,
          "KomakiPCA5NoDevice-ip-app-1": 806,
          "KomakiPCA5NoDevice-ip-app-2": 832,
          "KomakiPCA5NoDevice-ip-app-3": 647,
          "KomakiPCA5NoDevice-ip-app-4": 918,
          "KomakiPCA5NoDevice-ip-os-0": 1023,
          "KomakiPCA5NoDevice-ip-os-1": 813,
          "KomakiPCA5NoDevice-ip-os-2": 794,
          "KomakiPCA5NoDevice-ip-os-3": 706,
          "KomakiPCA5NoDevice-ip-os-4": 873,
          "KomakiPCA5NoDevice-ip-channel-0": 1116,
          "KomakiPCA5NoDevice-ip-channel-1": 837,
          "KomakiPCA5NoDevice-ip-channel-2": 788,
          "KomakiPCA5NoDevice-ip-channel-3": 846,
          "KomakiPCA5NoDevice-ip-channel-4": 815,
          "KomakiPCA5NoDevice-app-ip-0": 102,
          "KomakiPCA5NoDevice-app-ip-1": 103,
          "KomakiPCA5NoDevice-app-ip-2": 107,
          "KomakiPCA5NoDevice-app-ip-3": 156,
          "KomakiPCA5NoDevice-app-ip-4": 111,
          "KomakiPCA5NoDevice-app-os-0": 122,
          "KomakiPCA5NoDevice-app-os-1": 94,
          "KomakiPCA5NoDevice-app-os-2": 139,
          "KomakiPCA5NoDevice-app-os-3": 151,
          "KomakiPCA5NoDevice-app-os-4": 139,
          "KomakiPCA5NoDevice-app-channel-0": 95,
          "KomakiPCA5NoDevice-app-channel-1": 129,
          "KomakiPCA5NoDevice-app-channel-2": 141,
          "KomakiPCA5NoDevice-app-channel-3": 130,
          "KomakiPCA5NoDevice-app-channel-4": 154,
          "KomakiPCA5NoDevice-os-ip-0": 67,
          "KomakiPCA5NoDevice-os-ip-1": 147,
          "KomakiPCA5NoDevice-os-ip-2": 170,
          "KomakiPCA5NoDevice-os-ip-3": 221,
          "KomakiPCA5NoDevice-os-ip-4": 181,
          "KomakiPCA5NoDevice-os-app-0": 143,
          "KomakiPCA5NoDevice-os-app-1": 120,
          "KomakiPCA5NoDevice-os-app-2": 85,
          "KomakiPCA5NoDevice-os-app-3": 207,
          "KomakiPCA5NoDevice-os-app-4": 205,
          "KomakiPCA5NoDevice-os-channel-0": 152,
          "KomakiPCA5NoDevice-os-channel-1": 219,
          "KomakiPCA5NoDevice-os-channel-2": 131,
          "KomakiPCA5NoDevice-os-channel-3": 124,
          "KomakiPCA5NoDevice-os-channel-4": 116,
          "KomakiPCA5NoDevice-channel-ip-0": 296,
          "KomakiPCA5NoDevice-channel-ip-1": 266,
          "KomakiPCA5NoDevice-channel-ip-2": 276,
          "KomakiPCA5NoDevice-channel-ip-3": 224,
          "KomakiPCA5NoDevice-channel-ip-4": 304,
          "KomakiPCA5NoDevice-channel-app-0": 282,
          "KomakiPCA5NoDevice-channel-app-1": 162,
          "KomakiPCA5NoDevice-channel-app-2": 193,
          "KomakiPCA5NoDevice-channel-app-3": 171,
          "KomakiPCA5NoDevice-channel-app-4": 193,
          "KomakiPCA5NoDevice-channel-os-0": 260,
          "KomakiPCA5NoDevice-channel-os-1": 214,
          "KomakiPCA5NoDevice-channel-os-2": 172,
          "KomakiPCA5NoDevice-channel-os-3": 178,
          "KomakiPCA5NoDevice-channel-os-4": 213
        }
      },
      {
        "train_auc": 0.9943186992186765,
        "valid_auc": 0.9846535684045403,
        "best_iteration": 619,
        "train_time": 516.928692817688,
        "feature_importance": {
          "app": 3431,
          "hour": 3744,
          "n_channels": 752,
          "ip_app_count": 987,
          "ip_app_os_count": 1100,
          "PastClickCount_600-ip": 545,
          "PastClickCount_600-app": 404,
          "PastClickCount_600-ip-app": 160,
          "PastClickCount_600-dev": 170,
          "PastClickCount_600-ip-dev": 497,
          "PastClickCount_600-app-dev": 288,
          "PastClickCount_600-ip-app-dev": 151,
          "PastClickCount_600-os": 224,
          "PastClickCount_600-ip-os": 396,
          "PastClickCount_600-app-os": 349,
          "PastClickCount_600-ip-app-os": 152,
          "PastClickCount_600-dev-os": 365,
          "PastClickCount_600-ip-dev-os": 381,
          "PastClickCount_600-app-dev-os": 458,
          "PastClickCount_600-ip-app-dev-os": 109,
          "PastClickCount_600-cha": 402,
          "PastClickCount_600-ip-cha": 97,
          "PastClickCount_600-app-cha": 512,
          "PastClickCount_600-ip-app-cha": 80,
          "PastClickCount_600-dev-cha": 257,
          "PastClickCount_600-ip-dev-cha": 101,
          "PastClickCount_600-app-dev-cha": 284,
          "PastClickCount_600-ip-app-dev-cha": 77,
          "PastClickCount_600-os-cha": 270,
          "PastClickCount_600-ip-os-cha": 71,
          "PastClickCount_600-app-os-cha": 283,
          "PastClickCount_600-ip-app-os-cha": 71,
          "PastClickCount_600-dev-os-cha": 264,
          "PastClickCount_600-ip-dev-os-cha": 51,
          "PastClickCount_600-app-dev-os-cha": 251,
          "PastClickCount_600-ip-app-dev-os-cha": 56,
          "FutureClickCount_600-ip": 499,
          "FutureClickCount_600-app": 333,
          "FutureClickCount_600-ip-app": 171,
          "FutureClickCount_600-dev": 183,
          "FutureClickCount_600-ip-dev": 466,
          "FutureClickCount_600-app-dev": 287,
          "FutureClickCount_600-ip-app-dev": 160,
          "FutureClickCount_600-os": 178,
          "FutureClickCount_600-ip-os": 330,
          "FutureClickCount_600-app-os": 308,
          "FutureClickCount_600-ip-app-os": 245,
          "FutureClickCount_600-dev-os": 413,
          "FutureClickCount_600-ip-dev-os": 343,
          "FutureClickCount_600-app-dev-os": 389,
          "FutureClickCount_600-ip-app-dev-os": 322,
          "FutureClickCount_600-cha": 316,
          "FutureClickCount_600-ip-cha": 99,
          "FutureClickCount_600-app-cha": 480,
          "FutureClickCount_600-ip-app-cha": 99,
          "FutureClickCount_600-dev-cha": 218,
          "FutureClickCount_600-ip-dev-cha": 108,
          "FutureClickCount_600-app-dev-cha": 256,
          "FutureClickCount_600-ip-app-dev-cha": 69,
          "FutureClickCount_600-os-cha": 203,
          "FutureClickCount_600-ip-os-cha": 99,
          "FutureClickCount_600-app-os-cha": 273,
          "FutureClickCount_600-ip-app-os-cha": 88,
          "FutureClickCount_600-dev-os-cha": 231,
          "FutureClickCount_600-ip-dev-os-cha": 78,
          "FutureClickCount_600-app-dev-os-cha": 222,
          "FutureClickCount_600-ip-app-dev-os-cha": 97,
          "FutureClickCount_4800-ip": 754,
          "FutureClickCount_4800-app": 322,
          "FutureClickCount_4800-ip-app": 314,
          "FutureClickCount_4800-dev": 63,
          "FutureClickCount_4800-ip-dev": 887,
          "FutureClickCount_4800-app-dev": 200,
          "FutureClickCount_4800-ip-app-dev": 285,
          "FutureClickCount_4800-os": 152,
          "FutureClickCount_4800-ip-os": 560,
          "FutureClickCount_4800-app-os": 302,
          "FutureClickCount_4800-ip-app-os": 294,
          "FutureClickCount_4800-dev-os": 211,
          "FutureClickCount_4800-ip-dev-os": 668,
          "FutureClickCount_4800-app-dev-os": 406,
          "FutureClickCount_4800-ip-app-dev-os": 377,
          "FutureClickCount_4800-cha": 250,
          "FutureClickCount_4800-ip-cha": 184,
          "FutureClickCount_4800-app-cha": 479,
          "FutureClickCount_4800-ip-app-cha": 157,
          "FutureClickCount_4800-dev-cha": 204,
          "FutureClickCount_4800-ip-dev-cha": 182,
          "FutureClickCount_4800-app-dev-cha": 230,
          "FutureClickCount_4800-ip-app-dev-cha": 142,
          "FutureClickCount_4800-os-cha": 290,
          "FutureClickCount_4800-ip-os-cha": 113,
          "FutureClickCount_4800-app-os-cha": 314,
          "FutureClickCount_4800-ip-app-os-cha": 110,
          "FutureClickCount_4800-dev-os-cha": 240,
          "FutureClickCount_4800-ip-dev-os-cha": 104,
          "FutureClickCount_4800-app-dev-os-cha": 256,
          "FutureClickCount_4800-ip-app-dev-os-cha": 99,
          "NextClickTimeDelta-ip": 699,
          "NextClickTimeDelta-app": 104,
          "NextClickTimeDelta-ip-app": 966,
          "NextClickTimeDelta-dev": 59,
          "NextClickTimeDelta-ip-dev": 535,
          "NextClickTimeDelta-app-dev": 104,
          "NextClickTimeDelta-ip-app-dev": 531,
          "NextClickTimeDelta-os": 85,
          "NextClickTimeDelta-ip-os": 614,
          "NextClickTimeDelta-app-os": 215,
          "NextClickTimeDelta-ip-app-os": 1410,
          "NextClickTimeDelta-dev-os": 108,
          "NextClickTimeDelta-ip-dev-os": 425,
          "NextClickTimeDelta-app-dev-os": 149,
          "NextClickTimeDelta-ip-app-dev-os": 2409,
          "NextClickTimeDelta-cha": 136,
          "NextClickTimeDelta-ip-cha": 551,
          "NextClickTimeDelta-app-cha": 169,
          "NextClickTimeDelta-ip-app-cha": 429,
          "NextClickTimeDelta-dev-cha": 115,
          "NextClickTimeDelta-ip-dev-cha": 372,
          "NextClickTimeDelta-app-dev-cha": 129,
          "NextClickTimeDelta-ip-app-dev-cha": 316,
          "NextClickTimeDelta-os-cha": 287,
          "NextClickTimeDelta-ip-os-cha": 364,
          "NextClickTimeDelta-app-os-cha": 275,
          "NextClickTimeDelta-ip-app-os-cha": 439,
          "NextClickTimeDelta-dev-os-cha": 188,
          "NextClickTimeDelta-ip-dev-os-cha": 268,
          "NextClickTimeDelta-app-dev-os-cha": 248,
          "NextClickTimeDelta-ip-app-dev-os-cha": 506,
          "PrevClickTimeDelta-ip": 575,
          "PrevClickTimeDelta-app": 115,
          "PrevClickTimeDelta-ip-app": 393,
          "PrevClickTimeDelta-dev": 56,
          "PrevClickTimeDelta-ip-dev": 294,
          "PrevClickTimeDelta-app-dev": 104,
          "PrevClickTimeDelta-ip-app-dev": 328,
          "PrevClickTimeDelta-os": 105,
          "PrevClickTimeDelta-ip-os": 466,
          "PrevClickTimeDelta-app-os": 209,
          "PrevClickTimeDelta-ip-app-os": 392,
          "PrevClickTimeDelta-dev-os": 89,
          "PrevClickTimeDelta-ip-dev-os": 280,
          "PrevClickTimeDelta-app-dev-os": 199,
          "PrevClickTimeDelta-ip-app-dev-os": 272,
          "PrevClickTimeDelta-cha": 148,
          "PrevClickTimeDelta-ip-cha": 394,
          "PrevClickTimeDelta-app-cha": 205,
          "PrevClickTimeDelta-ip-app-cha": 279,
          "PrevClickTimeDelta-dev-cha": 145,
          "PrevClickTimeDelta-ip-dev-cha": 256,
          "PrevClickTimeDelta-app-dev-cha": 104,
          "PrevClickTimeDelta-ip-app-dev-cha": 232,
          "PrevClickTimeDelta-os-cha": 243,
          "PrevClickTimeDelta-ip-os-cha": 260,
          "PrevClickTimeDelta-app-os-cha": 266,
          "PrevClickTimeDelta-ip-app-os-cha": 211,
          "PrevClickTimeDelta-dev-os-cha": 194,
          "PrevClickTimeDelta-ip-dev-os-cha": 164,
          "PrevClickTimeDelta-app-dev-os-cha": 200,
          "PrevClickTimeDelta-ip-app-dev-os-cha": 150,
          "AverageAttributedRatio-ip": 493,
          "AverageAttributedRatio-app": 396,
          "AverageAttributedRatio-ip-app": 301,
          "AverageAttributedRatio-dev": 654,
          "AverageAttributedRatio-ip-dev": 434,
          "AverageAttributedRatio-app-dev": 297,
          "AverageAttributedRatio-ip-app-dev": 416,
          "AverageAttributedRatio-os": 424,
          "AverageAttributedRatio-ip-os": 281,
          "AverageAttributedRatio-app-os": 375,
          "AverageAttributedRatio-ip-app-os": 111,
          "AverageAttributedRatio-dev-os": 369,
          "AverageAttributedRatio-ip-dev-os": 303,
          "AverageAttributedRatio-app-dev-os": 378,
          "AverageAttributedRatio-ip-app-dev-os": 109,
          "AverageAttributedRatio-cha": 312,
          "AverageAttributedRatio-ip-cha": 199,
          "AverageAttributedRatio-app-cha": 316,
          "AverageAttributedRatio-ip-app-cha": 127,
          "AverageAttributedRatio-dev-cha": 219,
          "AverageAttributedRatio-ip-dev-cha": 157,
          "AverageAttributedRatio-app-dev-cha": 305,
          "AverageAttributedRatio-ip-app-dev-cha": 134,
          "AverageAttributedRatio-os-cha": 320,
          "AverageAttributedRatio-ip-os-cha": 70,
          "AverageAttributedRatio-app-os-cha": 463,
          "AverageAttributedRatio-ip-app-os-cha": 63,
          "AverageAttributedRatio-dev-os-cha": 287,
          "AverageAttributedRatio-ip-dev-os-cha": 71,
          "AverageAttributedRatio-app-dev-os-cha": 364,
          "AverageAttributedRatio-ip-app-dev-os-cha": 50,
          "KomakiLDA5NoDevice-ip-app-0": 1085,
          "KomakiLDA5NoDevice-ip-app-1": 1068,
          "KomakiLDA5NoDevice-ip-app-2": 1111,
          "KomakiLDA5NoDevice-ip-app-3": 639,
          "KomakiLDA5NoDevice-ip-app-4": 578,
          "KomakiLDA5NoDevice-ip-os-0": 946,
          "KomakiLDA5NoDevice-ip-os-1": 968,
          "KomakiLDA5NoDevice-ip-os-2": 588,
          "KomakiLDA5NoDevice-ip-os-3": 757,
          "KomakiLDA5NoDevice-ip-os-4": 888,
          "KomakiLDA5NoDevice-ip-channel-0": 935,
          "KomakiLDA5NoDevice-ip-channel-1": 782,
          "KomakiLDA5NoDevice-ip-channel-2": 1002,
          "KomakiLDA5NoDevice-ip-channel-3": 1000,
          "KomakiLDA5NoDevice-ip-channel-4": 1055,
          "KomakiLDA5NoDevice-app-ip-0": 266,
          "KomakiLDA5NoDevice-app-ip-1": 259,
          "KomakiLDA5NoDevice-app-ip-2": 224,
          "KomakiLDA5NoDevice-app-ip-3": 203,
          "KomakiLDA5NoDevice-app-ip-4": 115,
          "KomakiLDA5NoDevice-app-os-0": 142,
          "KomakiLDA5NoDevice-app-os-1": 213,
          "KomakiLDA5NoDevice-app-os-2": 135,
          "KomakiLDA5NoDevice-app-os-3": 107,
          "KomakiLDA5NoDevice-app-os-4": 193,
          "KomakiLDA5NoDevice-app-channel-0": 137,
          "KomakiLDA5NoDevice-app-channel-1": 160,
          "KomakiLDA5NoDevice-app-channel-2": 229,
          "KomakiLDA5NoDevice-app-channel-3": 195,
          "KomakiLDA5NoDevice-app-channel-4": 63,
          "KomakiLDA5NoDevice-os-ip-0": 298,
          "KomakiLDA5NoDevice-os-ip-1": 195,
          "KomakiLDA5NoDevice-os-ip-2": 198,
          "KomakiLDA5NoDevice-os-ip-3": 163,
          "KomakiLDA5NoDevice-os-ip-4": 208,
          "KomakiLDA5NoDevice-os-app-0": 274,
          "KomakiLDA5NoDevice-os-app-1": 300,
          "KomakiLDA5NoDevice-os-app-2": 89,
          "KomakiLDA5NoDevice-os-app-3": 226,
          "KomakiLDA5NoDevice-os-app-4": 115,
          "KomakiLDA5NoDevice-os-channel-0": 206,
          "KomakiLDA5NoDevice-os-channel-1": 146,
          "KomakiLDA5NoDevice-os-channel-2": 217,
          "KomakiLDA5NoDevice-os-channel-3": 259,
          "KomakiLDA5NoDevice-os-channel-4": 156,
          "KomakiLDA5NoDevice-channel-ip-0": 217,
          "KomakiLDA5NoDevice-channel-ip-1": 285,
          "KomakiLDA5NoDevice-channel-ip-2": 239,
          "KomakiLDA5NoDevice-channel-ip-3": 304,
          "KomakiLDA5NoDevice-channel-ip-4": 252,
          "KomakiLDA5NoDevice-channel-app-0": 222,
          "KomakiLDA5NoDevice-channel-app-1": 219,
          "KomakiLDA5NoDevice-channel-app-2": 245,
          "KomakiLDA5NoDevice-channel-app-3": 215,
          "KomakiLDA5NoDevice-channel-app-4": 220,
          "KomakiLDA5NoDevice-channel-os-0": 271,
          "KomakiLDA5NoDevice-channel-os-1": 237,
          "KomakiLDA5NoDevice-channel-os-2": 291,
          "KomakiLDA5NoDevice-channel-os-3": 249,
          "KomakiLDA5NoDevice-channel-os-4": 228,
          "KomakiNMF5NoDevice-ip-app-0": 570,
          "KomakiNMF5NoDevice-ip-app-1": 937,
          "KomakiNMF5NoDevice-ip-app-2": 681,
          "KomakiNMF5NoDevice-ip-app-3": 515,
          "KomakiNMF5NoDevice-ip-app-4": 645,
          "KomakiNMF5NoDevice-ip-os-0": 755,
          "KomakiNMF5NoDevice-ip-os-1": 796,
          "KomakiNMF5NoDevice-ip-os-2": 712,
          "KomakiNMF5NoDevice-ip-os-3": 677,
          "KomakiNMF5NoDevice-ip-os-4": 684,
          "KomakiNMF5NoDevice-ip-channel-0": 624,
          "KomakiNMF5NoDevice-ip-channel-1": 1011,
          "KomakiNMF5NoDevice-ip-channel-2": 685,
          "KomakiNMF5NoDevice-ip-channel-3": 833,
          "KomakiNMF5NoDevice-ip-channel-4": 640,
          "KomakiNMF5NoDevice-app-ip-0": 119,
          "KomakiNMF5NoDevice-app-ip-1": 151,
          "KomakiNMF5NoDevice-app-ip-2": 135,
          "KomakiNMF5NoDevice-app-ip-3": 135,
          "KomakiNMF5NoDevice-app-ip-4": 70,
          "KomakiNMF5NoDevice-app-os-0": 30,
          "KomakiNMF5NoDevice-app-os-1": 120,
          "KomakiNMF5NoDevice-app-os-2": 101,
          "KomakiNMF5NoDevice-app-os-3": 25,
          "KomakiNMF5NoDevice-app-os-4": 42,
          "KomakiNMF5NoDevice-app-channel-0": 82,
          "KomakiNMF5NoDevice-app-channel-1": 92,
          "KomakiNMF5NoDevice-app-channel-2": 103,
          "KomakiNMF5NoDevice-app-channel-3": 132,
          "KomakiNMF5NoDevice-app-channel-4": 91,
          "KomakiNMF5NoDevice-os-ip-0": 119,
          "KomakiNMF5NoDevice-os-ip-1": 138,
          "KomakiNMF5NoDevice-os-ip-2": 126,
          "KomakiNMF5NoDevice-os-ip-3": 128,
          "KomakiNMF5NoDevice-os-ip-4": 97,
          "KomakiNMF5NoDevice-os-app-0": 60,
          "KomakiNMF5NoDevice-os-app-1": 20,
          "KomakiNMF5NoDevice-os-app-2": 116,
          "KomakiNMF5NoDevice-os-app-3": 194,
          "KomakiNMF5NoDevice-os-app-4": 113,
          "KomakiNMF5NoDevice-os-channel-0": 279,
          "KomakiNMF5NoDevice-os-channel-1": 121,
          "KomakiNMF5NoDevice-os-channel-2": 237,
          "KomakiNMF5NoDevice-os-channel-3": 178,
          "KomakiNMF5NoDevice-os-channel-4": 162,
          "KomakiNMF5NoDevice-channel-ip-0": 271,
          "KomakiNMF5NoDevice-channel-ip-1": 185,
          "KomakiNMF5NoDevice-channel-ip-2": 157,
          "KomakiNMF5NoDevice-channel-ip-3": 271,
          "KomakiNMF5NoDevice-channel-ip-4": 204,
          "KomakiNMF5NoDevice-channel-app-0": 120,
          "KomakiNMF5NoDevice-channel-app-1": 73,
          "KomakiNMF5NoDevice-channel-app-2": 128,
          "KomakiNMF5NoDevice-channel-app-3": 120,
          "KomakiNMF5NoDevice-channel-app-4": 138,
          "KomakiNMF5NoDevice-channel-os-0": 257,
          "KomakiNMF5NoDevice-channel-os-1": 77,
          "KomakiNMF5NoDevice-channel-os-2": 231,
          "KomakiNMF5NoDevice-channel-os-3": 94,
          "KomakiNMF5NoDevice-channel-os-4": 194,
          "KomakiPCA5NoDevice-ip-app-0": 908,
          "KomakiPCA5NoDevice-ip-app-1": 757,
          "KomakiPCA5NoDevice-ip-app-2": 760,
          "KomakiPCA5NoDevice-ip-app-3": 519,
          "KomakiPCA5NoDevice-ip-app-4": 845,
          "KomakiPCA5NoDevice-ip-os-0": 940,
          "KomakiPCA5NoDevice-ip-os-1": 691,
          "KomakiPCA5NoDevice-ip-os-2": 631,
          "KomakiPCA5NoDevice-ip-os-3": 567,
          "KomakiPCA5NoDevice-ip-os-4": 770,
          "KomakiPCA5NoDevice-ip-channel-0": 1019,
          "KomakiPCA5NoDevice-ip-channel-1": 774,
          "KomakiPCA5NoDevice-ip-channel-2": 751,
          "KomakiPCA5NoDevice-ip-channel-3": 762,
          "KomakiPCA5NoDevice-ip-channel-4": 757,
          "KomakiPCA5NoDevice-app-ip-0": 80,
          "KomakiPCA5NoDevice-app-ip-1": 102,
          "KomakiPCA5NoDevice-app-ip-2": 90,
          "KomakiPCA5NoDevice-app-ip-3": 142,
          "KomakiPCA5NoDevice-app-ip-4": 91,
          "KomakiPCA5NoDevice-app-os-0": 107,
          "KomakiPCA5NoDevice-app-os-1": 74,
          "KomakiPCA5NoDevice-app-os-2": 135,
          "KomakiPCA5NoDevice-app-os-3": 124,
          "KomakiPCA5NoDevice-app-os-4": 112,
          "KomakiPCA5NoDevice-app-channel-0": 105,
          "KomakiPCA5NoDevice-app-channel-1": 143,
          "KomakiPCA5NoDevice-app-channel-2": 101,
          "KomakiPCA5NoDevice-app-channel-3": 98,
          "KomakiPCA5NoDevice-app-channel-4": 121,
          "KomakiPCA5NoDevice-os-ip-0": 70,
          "KomakiPCA5NoDevice-os-ip-1": 122,
          "KomakiPCA5NoDevice-os-ip-2": 146,
          "KomakiPCA5NoDevice-os-ip-3": 169,
          "KomakiPCA5NoDevice-os-ip-4": 164,
          "KomakiPCA5NoDevice-os-app-0": 137,
          "KomakiPCA5NoDevice-os-app-1": 126,
          "KomakiPCA5NoDevice-os-app-2": 126,
          "KomakiPCA5NoDevice-os-app-3": 209,
          "KomakiPCA5NoDevice-os-app-4": 186,
          "KomakiPCA5NoDevice-os-channel-0": 151,
          "KomakiPCA5NoDevice-os-channel-1": 210,
          "KomakiPCA5NoDevice-os-channel-2": 117,
          "KomakiPCA5NoDevice-os-channel-3": 99,
          "KomakiPCA5NoDevice-os-channel-4": 130,
          "KomakiPCA5NoDevice-channel-ip-0": 213,
          "KomakiPCA5NoDevice-channel-ip-1": 182,
          "KomakiPCA5NoDevice-channel-ip-2": 239,
          "KomakiPCA5NoDevice-channel-ip-3": 218,
          "KomakiPCA5NoDevice-channel-ip-4": 270,
          "KomakiPCA5NoDevice-channel-app-0": 232,
          "KomakiPCA5NoDevice-channel-app-1": 147,
          "KomakiPCA5NoDevice-channel-app-2": 171,
          "KomakiPCA5NoDevice-channel-app-3": 152,
          "KomakiPCA5NoDevice-channel-app-4": 194,
          "KomakiPCA5NoDevice-channel-os-0": 226,
          "KomakiPCA5NoDevice-channel-os-1": 200,
          "KomakiPCA5NoDevice-channel-os-2": 144,
          "KomakiPCA5NoDevice-channel-os-3": 175,
          "KomakiPCA5NoDevice-channel-os-4": 204
        }
      },
      {
        "train_auc": 0.9953928382499431,
        "valid_auc": 0.9847385470980365,
        "best_iteration": 740,
        "train_time": 602.0730111598969,
        "feature_importance": {
          "app": 3823,
          "hour": 4363,
          "n_channels": 958,
          "ip_app_count": 1163,
          "ip_app_os_count": 1259,
          "PastClickCount_600-ip": 599,
          "PastClickCount_600-app": 469,
          "PastClickCount_600-ip-app": 215,
          "PastClickCount_600-dev": 201,
          "PastClickCount_600-ip-dev": 608,
          "PastClickCount_600-app-dev": 338,
          "PastClickCount_600-ip-app-dev": 203,
          "PastClickCount_600-os": 254,
          "PastClickCount_600-ip-os": 490,
          "PastClickCount_600-app-os": 419,
          "PastClickCount_600-ip-app-os": 153,
          "PastClickCount_600-dev-os": 430,
          "PastClickCount_600-ip-dev-os": 466,
          "PastClickCount_600-app-dev-os": 548,
          "PastClickCount_600-ip-app-dev-os": 138,
          "PastClickCount_600-cha": 480,
          "PastClickCount_600-ip-cha": 132,
          "PastClickCount_600-app-cha": 588,
          "PastClickCount_600-ip-app-cha": 127,
          "PastClickCount_600-dev-cha": 340,
          "PastClickCount_600-ip-dev-cha": 153,
          "PastClickCount_600-app-dev-cha": 379,
          "PastClickCount_600-ip-app-dev-cha": 93,
          "PastClickCount_600-os-cha": 364,
          "PastClickCount_600-ip-os-cha": 85,
          "PastClickCount_600-app-os-cha": 363,
          "PastClickCount_600-ip-app-os-cha": 79,
          "PastClickCount_600-dev-os-cha": 338,
          "PastClickCount_600-ip-dev-os-cha": 86,
          "PastClickCount_600-app-dev-os-cha": 343,
          "PastClickCount_600-ip-app-dev-os-cha": 66,
          "FutureClickCount_600-ip": 567,
          "FutureClickCount_600-app": 375,
          "FutureClickCount_600-ip-app": 236,
          "FutureClickCount_600-dev": 182,
          "FutureClickCount_600-ip-dev": 479,
          "FutureClickCount_600-app-dev": 364,
          "FutureClickCount_600-ip-app-dev": 206,
          "FutureClickCount_600-os": 223,
          "FutureClickCount_600-ip-os": 455,
          "FutureClickCount_600-app-os": 390,
          "FutureClickCount_600-ip-app-os": 249,
          "FutureClickCount_600-dev-os": 427,
          "FutureClickCount_600-ip-dev-os": 423,
          "FutureClickCount_600-app-dev-os": 466,
          "FutureClickCount_600-ip-app-dev-os": 395,
          "FutureClickCount_600-cha": 419,
          "FutureClickCount_600-ip-cha": 113,
          "FutureClickCount_600-app-cha": 488,
          "FutureClickCount_600-ip-app-cha": 111,
          "FutureClickCount_600-dev-cha": 286,
          "FutureClickCount_600-ip-dev-cha": 136,
          "FutureClickCount_600-app-dev-cha": 342,
          "FutureClickCount_600-ip-app-dev-cha": 100,
          "FutureClickCount_600-os-cha": 289,
          "FutureClickCount_600-ip-os-cha": 90,
          "FutureClickCount_600-app-os-cha": 335,
          "FutureClickCount_600-ip-app-os-cha": 83,
          "FutureClickCount_600-dev-os-cha": 262,
          "FutureClickCount_600-ip-dev-os-cha": 74,
          "FutureClickCount_600-app-dev-os-cha": 313,
          "FutureClickCount_600-ip-app-dev-os-cha": 88,
          "FutureClickCount_4800-ip": 968,
          "FutureClickCount_4800-app": 361,
          "FutureClickCount_4800-ip-app": 355,
          "FutureClickCount_4800-dev": 84,
          "FutureClickCount_4800-ip-dev": 1108,
          "FutureClickCount_4800-app-dev": 205,
          "FutureClickCount_4800-ip-app-dev": 366,
          "FutureClickCount_4800-os": 165,
          "FutureClickCount_4800-ip-os": 653,
          "FutureClickCount_4800-app-os": 317,
          "FutureClickCount_4800-ip-app-os": 329,
          "FutureClickCount_4800-dev-os": 231,
          "FutureClickCount_4800-ip-dev-os": 722,
          "FutureClickCount_4800-app-dev-os": 448,
          "FutureClickCount_4800-ip-app-dev-os": 431,
          "FutureClickCount_4800-cha": 331,
          "FutureClickCount_4800-ip-cha": 213,
          "FutureClickCount_4800-app-cha": 547,
          "FutureClickCount_4800-ip-app-cha": 221,
          "FutureClickCount_4800-dev-cha": 262,
          "FutureClickCount_4800-ip-dev-cha": 189,
          "FutureClickCount_4800-app-dev-cha": 334,
          "FutureClickCount_4800-ip-app-dev-cha": 169,
          "FutureClickCount_4800-os-cha": 306,
          "FutureClickCount_4800-ip-os-cha": 129,
          "FutureClickCount_4800-app-os-cha": 384,
          "FutureClickCount_4800-ip-app-os-cha": 125,
          "FutureClickCount_4800-dev-os-cha": 286,
          "FutureClickCount_4800-ip-dev-os-cha": 115,
          "FutureClickCount_4800-app-dev-os-cha": 338,
          "FutureClickCount_4800-ip-app-dev-os-cha": 99,
          "NextClickTimeDelta-ip": 843,
          "NextClickTimeDelta-app": 118,
          "NextClickTimeDelta-ip-app": 1030,
          "NextClickTimeDelta-dev": 68,
          "NextClickTimeDelta-ip-dev": 630,
          "NextClickTimeDelta-app-dev": 108,
          "NextClickTimeDelta-ip-app-dev": 685,
          "NextClickTimeDelta-os": 116,
          "NextClickTimeDelta-ip-os": 679,
          "NextClickTimeDelta-app-os": 262,
          "NextClickTimeDelta-ip-app-os": 1618,
          "NextClickTimeDelta-dev-os": 102,
          "NextClickTimeDelta-ip-dev-os": 526,
          "NextClickTimeDelta-app-dev-os": 223,
          "NextClickTimeDelta-ip-app-dev-os": 2566,
          "NextClickTimeDelta-cha": 179,
          "NextClickTimeDelta-ip-cha": 625,
          "NextClickTimeDelta-app-cha": 207,
          "NextClickTimeDelta-ip-app-cha": 515,
          "NextClickTimeDelta-dev-cha": 145,
          "NextClickTimeDelta-ip-dev-cha": 406,
          "NextClickTimeDelta-app-dev-cha": 135,
          "NextClickTimeDelta-ip-app-dev-cha": 423,
          "NextClickTimeDelta-os-cha": 284,
          "NextClickTimeDelta-ip-os-cha": 475,
          "NextClickTimeDelta-app-os-cha": 330,
          "NextClickTimeDelta-ip-app-os-cha": 478,
          "NextClickTimeDelta-dev-os-cha": 239,
          "NextClickTimeDelta-ip-dev-os-cha": 382,
          "NextClickTimeDelta-app-dev-os-cha": 302,
          "NextClickTimeDelta-ip-app-dev-os-cha": 600,
          "PrevClickTimeDelta-ip": 742,
          "PrevClickTimeDelta-app": 124,
          "PrevClickTimeDelta-ip-app": 510,
          "PrevClickTimeDelta-dev": 66,
          "PrevClickTimeDelta-ip-dev": 439,
          "PrevClickTimeDelta-app-dev": 98,
          "PrevClickTimeDelta-ip-app-dev": 438,
          "PrevClickTimeDelta-os": 131,
          "PrevClickTimeDelta-ip-os": 597,
          "PrevClickTimeDelta-app-os": 231,
          "PrevClickTimeDelta-ip-app-os": 422,
          "PrevClickTimeDelta-dev-os": 99,
          "PrevClickTimeDelta-ip-dev-os": 399,
          "PrevClickTimeDelta-app-dev-os": 175,
          "PrevClickTimeDelta-ip-app-dev-os": 384,
          "PrevClickTimeDelta-cha": 161,
          "PrevClickTimeDelta-ip-cha": 494,
          "PrevClickTimeDelta-app-cha": 180,
          "PrevClickTimeDelta-ip-app-cha": 405,
          "PrevClickTimeDelta-dev-cha": 148,
          "PrevClickTimeDelta-ip-dev-cha": 369,
          "PrevClickTimeDelta-app-dev-cha": 155,
          "PrevClickTimeDelta-ip-app-dev-cha": 268,
          "PrevClickTimeDelta-os-cha": 311,
          "PrevClickTimeDelta-ip-os-cha": 335,
          "PrevClickTimeDelta-app-os-cha": 296,
          "PrevClickTimeDelta-ip-app-os-cha": 271,
          "PrevClickTimeDelta-dev-os-cha": 229,
          "PrevClickTimeDelta-ip-dev-os-cha": 249,
          "PrevClickTimeDelta-app-dev-os-cha": 271,
          "PrevClickTimeDelta-ip-app-dev-os-cha": 210,
          "AverageAttributedRatio-ip": 672,
          "AverageAttributedRatio-app": 486,
          "AverageAttributedRatio-ip-app": 382,
          "AverageAttributedRatio-dev": 767,
          "AverageAttributedRatio-ip-dev": 576,
          "AverageAttributedRatio-app-dev": 365,
          "AverageAttributedRatio-ip-app-dev": 433,
          "AverageAttributedRatio-os": 540,
          "AverageAttributedRatio-ip-os": 366,
          "AverageAttributedRatio-app-os": 422,
          "AverageAttributedRatio-ip-app-os": 153,
          "AverageAttributedRatio-dev-os": 429,
          "AverageAttributedRatio-ip-dev-os": 374,
          "AverageAttributedRatio-app-dev-os": 432,
          "AverageAttributedRatio-ip-app-dev-os": 151,
          "AverageAttributedRatio-cha": 405,
          "AverageAttributedRatio-ip-cha": 219,
          "AverageAttributedRatio-app-cha": 373,
          "AverageAttributedRatio-ip-app-cha": 160,
          "AverageAttributedRatio-dev-cha": 262,
          "AverageAttributedRatio-ip-dev-cha": 173,
          "AverageAttributedRatio-app-dev-cha": 344,
          "AverageAttributedRatio-ip-app-dev-cha": 122,
          "AverageAttributedRatio-os-cha": 431,
          "AverageAttributedRatio-ip-os-cha": 93,
          "AverageAttributedRatio-app-os-cha": 453,
          "AverageAttributedRatio-ip-app-os-cha": 83,
          "AverageAttributedRatio-dev-os-cha": 352,
          "AverageAttributedRatio-ip-dev-os-cha": 65,
          "AverageAttributedRatio-app-dev-os-cha": 415,
          "AverageAttributedRatio-ip-app-dev-os-cha": 45,
          "KomakiLDA5NoDevice-ip-app-0": 1222,
          "KomakiLDA5NoDevice-ip-app-1": 1149,
          "KomakiLDA5NoDevice-ip-app-2": 1305,
          "KomakiLDA5NoDevice-ip-app-3": 726,
          "KomakiLDA5NoDevice-ip-app-4": 681,
          "KomakiLDA5NoDevice-ip-os-0": 1170,
          "KomakiLDA5NoDevice-ip-os-1": 1185,
          "KomakiLDA5NoDevice-ip-os-2": 732,
          "KomakiLDA5NoDevice-ip-os-3": 1013,
          "KomakiLDA5NoDevice-ip-os-4": 988,
          "KomakiLDA5NoDevice-ip-channel-0": 1172,
          "KomakiLDA5NoDevice-ip-channel-1": 882,
          "KomakiLDA5NoDevice-ip-channel-2": 1166,
          "KomakiLDA5NoDevice-ip-channel-3": 1213,
          "KomakiLDA5NoDevice-ip-channel-4": 1238,
          "KomakiLDA5NoDevice-app-ip-0": 289,
          "KomakiLDA5NoDevice-app-ip-1": 268,
          "KomakiLDA5NoDevice-app-ip-2": 227,
          "KomakiLDA5NoDevice-app-ip-3": 245,
          "KomakiLDA5NoDevice-app-ip-4": 155,
          "KomakiLDA5NoDevice-app-os-0": 170,
          "KomakiLDA5NoDevice-app-os-1": 216,
          "KomakiLDA5NoDevice-app-os-2": 161,
          "KomakiLDA5NoDevice-app-os-3": 136,
          "KomakiLDA5NoDevice-app-os-4": 212,
          "KomakiLDA5NoDevice-app-channel-0": 178,
          "KomakiLDA5NoDevice-app-channel-1": 193,
          "KomakiLDA5NoDevice-app-channel-2": 252,
          "KomakiLDA5NoDevice-app-channel-3": 198,
          "KomakiLDA5NoDevice-app-channel-4": 118,
          "KomakiLDA5NoDevice-os-ip-0": 358,
          "KomakiLDA5NoDevice-os-ip-1": 232,
          "KomakiLDA5NoDevice-os-ip-2": 270,
          "KomakiLDA5NoDevice-os-ip-3": 196,
          "KomakiLDA5NoDevice-os-ip-4": 271,
          "KomakiLDA5NoDevice-os-app-0": 294,
          "KomakiLDA5NoDevice-os-app-1": 386,
          "KomakiLDA5NoDevice-os-app-2": 123,
          "KomakiLDA5NoDevice-os-app-3": 197,
          "KomakiLDA5NoDevice-os-app-4": 147,
          "KomakiLDA5NoDevice-os-channel-0": 307,
          "KomakiLDA5NoDevice-os-channel-1": 163,
          "KomakiLDA5NoDevice-os-channel-2": 242,
          "KomakiLDA5NoDevice-os-channel-3": 329,
          "KomakiLDA5NoDevice-os-channel-4": 166,
          "KomakiLDA5NoDevice-channel-ip-0": 315,
          "KomakiLDA5NoDevice-channel-ip-1": 346,
          "KomakiLDA5NoDevice-channel-ip-2": 278,
          "KomakiLDA5NoDevice-channel-ip-3": 372,
          "KomakiLDA5NoDevice-channel-ip-4": 267,
          "KomakiLDA5NoDevice-channel-app-0": 301,
          "KomakiLDA5NoDevice-channel-app-1": 242,
          "KomakiLDA5NoDevice-channel-app-2": 314,
          "KomakiLDA5NoDevice-channel-app-3": 263,
          "KomakiLDA5NoDevice-channel-app-4": 253,
          "KomakiLDA5NoDevice-channel-os-0": 271,
          "KomakiLDA5NoDevice-channel-os-1": 260,
          "KomakiLDA5NoDevice-channel-os-2": 288,
          "KomakiLDA5NoDevice-channel-os-3": 260,
          "KomakiLDA5NoDevice-channel-os-4": 294,
          "KomakiNMF5NoDevice-ip-app-0": 663,
          "KomakiNMF5NoDevice-ip-app-1": 991,
          "KomakiNMF5NoDevice-ip-app-2": 829,
          "KomakiNMF5NoDevice-ip-app-3": 689,
          "KomakiNMF5NoDevice-ip-app-4": 740,
          "KomakiNMF5NoDevice-ip-os-0": 929,
          "KomakiNMF5NoDevice-ip-os-1": 1005,
          "KomakiNMF5NoDevice-ip-os-2": 792,
          "KomakiNMF5NoDevice-ip-os-3": 865,
          "KomakiNMF5NoDevice-ip-os-4": 903,
          "KomakiNMF5NoDevice-ip-channel-0": 876,
          "KomakiNMF5NoDevice-ip-channel-1": 1187,
          "KomakiNMF5NoDevice-ip-channel-2": 749,
          "KomakiNMF5NoDevice-ip-channel-3": 1009,
          "KomakiNMF5NoDevice-ip-channel-4": 868,
          "KomakiNMF5NoDevice-app-ip-0": 114,
          "KomakiNMF5NoDevice-app-ip-1": 152,
          "KomakiNMF5NoDevice-app-ip-2": 134,
          "KomakiNMF5NoDevice-app-ip-3": 121,
          "KomakiNMF5NoDevice-app-ip-4": 69,
          "KomakiNMF5NoDevice-app-os-0": 69,
          "KomakiNMF5NoDevice-app-os-1": 101,
          "KomakiNMF5NoDevice-app-os-2": 108,
          "KomakiNMF5NoDevice-app-os-3": 36,
          "KomakiNMF5NoDevice-app-os-4": 43,
          "KomakiNMF5NoDevice-app-channel-0": 109,
          "KomakiNMF5NoDevice-app-channel-1": 102,
          "KomakiNMF5NoDevice-app-channel-2": 132,
          "KomakiNMF5NoDevice-app-channel-3": 159,
          "KomakiNMF5NoDevice-app-channel-4": 116,
          "KomakiNMF5NoDevice-os-ip-0": 141,
          "KomakiNMF5NoDevice-os-ip-1": 198,
          "KomakiNMF5NoDevice-os-ip-2": 150,
          "KomakiNMF5NoDevice-os-ip-3": 155,
          "KomakiNMF5NoDevice-os-ip-4": 135,
          "KomakiNMF5NoDevice-os-app-0": 90,
          "KomakiNMF5NoDevice-os-app-1": 21,
          "KomakiNMF5NoDevice-os-app-2": 118,
          "KomakiNMF5NoDevice-os-app-3": 231,
          "KomakiNMF5NoDevice-os-app-4": 133,
          "KomakiNMF5NoDevice-os-channel-0": 310,
          "KomakiNMF5NoDevice-os-channel-1": 161,
          "KomakiNMF5NoDevice-os-channel-2": 282,
          "KomakiNMF5NoDevice-os-channel-3": 197,
          "KomakiNMF5NoDevice-os-channel-4": 161,
          "KomakiNMF5NoDevice-channel-ip-0": 379,
          "KomakiNMF5NoDevice-channel-ip-1": 205,
          "KomakiNMF5NoDevice-channel-ip-2": 190,
          "KomakiNMF5NoDevice-channel-ip-3": 261,
          "KomakiNMF5NoDevice-channel-ip-4": 247,
          "KomakiNMF5NoDevice-channel-app-0": 159,
          "KomakiNMF5NoDevice-channel-app-1": 68,
          "KomakiNMF5NoDevice-channel-app-2": 149,
          "KomakiNMF5NoDevice-channel-app-3": 137,
          "KomakiNMF5NoDevice-channel-app-4": 183,
          "KomakiNMF5NoDevice-channel-os-0": 277,
          "KomakiNMF5NoDevice-channel-os-1": 84,
          "KomakiNMF5NoDevice-channel-os-2": 226,
          "KomakiNMF5NoDevice-channel-os-3": 148,
          "KomakiNMF5NoDevice-channel-os-4": 257,
          "KomakiPCA5NoDevice-ip-app-0": 1072,
          "KomakiPCA5NoDevice-ip-app-1": 885,
          "KomakiPCA5NoDevice-ip-app-2": 925,
          "KomakiPCA5NoDevice-ip-app-3": 684,
          "KomakiPCA5NoDevice-ip-app-4": 945,
          "KomakiPCA5NoDevice-ip-os-0": 1083,
          "KomakiPCA5NoDevice-ip-os-1": 799,
          "KomakiPCA5NoDevice-ip-os-2": 851,
          "KomakiPCA5NoDevice-ip-os-3": 745,
          "KomakiPCA5NoDevice-ip-os-4": 897,
          "KomakiPCA5NoDevice-ip-channel-0": 1262,
          "KomakiPCA5NoDevice-ip-channel-1": 927,
          "KomakiPCA5NoDevice-ip-channel-2": 839,
          "KomakiPCA5NoDevice-ip-channel-3": 963,
          "KomakiPCA5NoDevice-ip-channel-4": 924,
          "KomakiPCA5NoDevice-app-ip-0": 101,
          "KomakiPCA5NoDevice-app-ip-1": 109,
          "KomakiPCA5NoDevice-app-ip-2": 103,
          "KomakiPCA5NoDevice-app-ip-3": 133,
          "KomakiPCA5NoDevice-app-ip-4": 101,
          "KomakiPCA5NoDevice-app-os-0": 113,
          "KomakiPCA5NoDevice-app-os-1": 99,
          "KomakiPCA5NoDevice-app-os-2": 132,
          "KomakiPCA5NoDevice-app-os-3": 140,
          "KomakiPCA5NoDevice-app-os-4": 146,
          "KomakiPCA5NoDevice-app-channel-0": 115,
          "KomakiPCA5NoDevice-app-channel-1": 130,
          "KomakiPCA5NoDevice-app-channel-2": 137,
          "KomakiPCA5NoDevice-app-channel-3": 123,
          "KomakiPCA5NoDevice-app-channel-4": 149,
          "KomakiPCA5NoDevice-os-ip-0": 67,
          "KomakiPCA5NoDevice-os-ip-1": 134,
          "KomakiPCA5NoDevice-os-ip-2": 225,
          "KomakiPCA5NoDevice-os-ip-3": 219,
          "KomakiPCA5NoDevice-os-ip-4": 178,
          "KomakiPCA5NoDevice-os-app-0": 161,
          "KomakiPCA5NoDevice-os-app-1": 125,
          "KomakiPCA5NoDevice-os-app-2": 91,
          "KomakiPCA5NoDevice-os-app-3": 206,
          "KomakiPCA5NoDevice-os-app-4": 245,
          "KomakiPCA5NoDevice-os-channel-0": 171,
          "KomakiPCA5NoDevice-os-channel-1": 240,
          "KomakiPCA5NoDevice-os-channel-2": 151,
          "KomakiPCA5NoDevice-os-channel-3": 155,
          "KomakiPCA5NoDevice-os-channel-4": 147,
          "KomakiPCA5NoDevice-channel-ip-0": 323,
          "KomakiPCA5NoDevice-channel-ip-1": 232,
          "KomakiPCA5NoDevice-channel-ip-2": 256,
          "KomakiPCA5NoDevice-channel-ip-3": 284,
          "KomakiPCA5NoDevice-channel-ip-4": 290,
          "KomakiPCA5NoDevice-channel-app-0": 284,
          "KomakiPCA5NoDevice-channel-app-1": 159,
          "KomakiPCA5NoDevice-channel-app-2": 197,
          "KomakiPCA5NoDevice-channel-app-3": 195,
          "KomakiPCA5NoDevice-channel-app-4": 255,
          "KomakiPCA5NoDevice-channel-os-0": 256,
          "KomakiPCA5NoDevice-channel-os-1": 222,
          "KomakiPCA5NoDevice-channel-os-2": 180,
          "KomakiPCA5NoDevice-channel-os-3": 214,
          "KomakiPCA5NoDevice-channel-os-4": 261
        }
      },
      {
        "train_auc": 0.9946983156520511,
        "valid_auc": 0.9848787926437274,
        "best_iteration": 652,
        "train_time": 534.5812754631042,
        "feature_importance": {
          "app": 3505,
          "hour": 3798,
          "n_channels": 872,
          "ip_app_count": 956,
          "ip_app_os_count": 1114,
          "PastClickCount_600-ip": 555,
          "PastClickCount_600-app": 447,
          "PastClickCount_600-ip-app": 184,
          "PastClickCount_600-dev": 169,
          "PastClickCount_600-ip-dev": 596,
          "PastClickCount_600-app-dev": 342,
          "PastClickCount_600-ip-app-dev": 180,
          "PastClickCount_600-os": 211,
          "PastClickCount_600-ip-os": 425,
          "PastClickCount_600-app-os": 333,
          "PastClickCount_600-ip-app-os": 133,
          "PastClickCount_600-dev-os": 407,
          "PastClickCount_600-ip-dev-os": 447,
          "PastClickCount_600-app-dev-os": 500,
          "PastClickCount_600-ip-app-dev-os": 87,
          "PastClickCount_600-cha": 440,
          "PastClickCount_600-ip-cha": 132,
          "PastClickCount_600-app-cha": 486,
          "PastClickCount_600-ip-app-cha": 100,
          "PastClickCount_600-dev-cha": 299,
          "PastClickCount_600-ip-dev-cha": 113,
          "PastClickCount_600-app-dev-cha": 327,
          "PastClickCount_600-ip-app-dev-cha": 65,
          "PastClickCount_600-os-cha": 299,
          "PastClickCount_600-ip-os-cha": 91,
          "PastClickCount_600-app-os-cha": 277,
          "PastClickCount_600-ip-app-os-cha": 64,
          "PastClickCount_600-dev-os-cha": 304,
          "PastClickCount_600-ip-dev-os-cha": 62,
          "PastClickCount_600-app-dev-os-cha": 267,
          "PastClickCount_600-ip-app-dev-os-cha": 50,
          "FutureClickCount_600-ip": 482,
          "FutureClickCount_600-app": 290,
          "FutureClickCount_600-ip-app": 176,
          "FutureClickCount_600-dev": 199,
          "FutureClickCount_600-ip-dev": 480,
          "FutureClickCount_600-app-dev": 264,
          "FutureClickCount_600-ip-app-dev": 151,
          "FutureClickCount_600-os": 196,
          "FutureClickCount_600-ip-os": 410,
          "FutureClickCount_600-app-os": 348,
          "FutureClickCount_600-ip-app-os": 225,
          "FutureClickCount_600-dev-os": 326,
          "FutureClickCount_600-ip-dev-os": 376,
          "FutureClickCount_600-app-dev-os": 402,
          "FutureClickCount_600-ip-app-dev-os": 337,
          "FutureClickCount_600-cha": 372,
          "FutureClickCount_600-ip-cha": 122,
          "FutureClickCount_600-app-cha": 468,
          "FutureClickCount_600-ip-app-cha": 83,
          "FutureClickCount_600-dev-cha": 260,
          "FutureClickCount_600-ip-dev-cha": 119,
          "FutureClickCount_600-app-dev-cha": 264,
          "FutureClickCount_600-ip-app-dev-cha": 84,
          "FutureClickCount_600-os-cha": 227,
          "FutureClickCount_600-ip-os-cha": 109,
          "FutureClickCount_600-app-os-cha": 303,
          "FutureClickCount_600-ip-app-os-cha": 76,
          "FutureClickCount_600-dev-os-cha": 237,
          "FutureClickCount_600-ip-dev-os-cha": 67,
          "FutureClickCount_600-app-dev-os-cha": 260,
          "FutureClickCount_600-ip-app-dev-os-cha": 89,
          "FutureClickCount_4800-ip": 814,
          "FutureClickCount_4800-app": 319,
          "FutureClickCount_4800-ip-app": 334,
          "FutureClickCount_4800-dev": 77,
          "FutureClickCount_4800-ip-dev": 999,
          "FutureClickCount_4800-app-dev": 201,
          "FutureClickCount_4800-ip-app-dev": 286,
          "FutureClickCount_4800-os": 147,
          "FutureClickCount_4800-ip-os": 550,
          "FutureClickCount_4800-app-os": 333,
          "FutureClickCount_4800-ip-app-os": 303,
          "FutureClickCount_4800-dev-os": 170,
          "FutureClickCount_4800-ip-dev-os": 693,
          "FutureClickCount_4800-app-dev-os": 415,
          "FutureClickCount_4800-ip-app-dev-os": 379,
          "FutureClickCount_4800-cha": 302,
          "FutureClickCount_4800-ip-cha": 195,
          "FutureClickCount_4800-app-cha": 484,
          "FutureClickCount_4800-ip-app-cha": 188,
          "FutureClickCount_4800-dev-cha": 234,
          "FutureClickCount_4800-ip-dev-cha": 191,
          "FutureClickCount_4800-app-dev-cha": 280,
          "FutureClickCount_4800-ip-app-dev-cha": 165,
          "FutureClickCount_4800-os-cha": 285,
          "FutureClickCount_4800-ip-os-cha": 120,
          "FutureClickCount_4800-app-os-cha": 333,
          "FutureClickCount_4800-ip-app-os-cha": 116,
          "FutureClickCount_4800-dev-os-cha": 306,
          "FutureClickCount_4800-ip-dev-os-cha": 96,
          "FutureClickCount_4800-app-dev-os-cha": 297,
          "FutureClickCount_4800-ip-app-dev-os-cha": 103,
          "NextClickTimeDelta-ip": 771,
          "NextClickTimeDelta-app": 135,
          "NextClickTimeDelta-ip-app": 855,
          "NextClickTimeDelta-dev": 86,
          "NextClickTimeDelta-ip-dev": 522,
          "NextClickTimeDelta-app-dev": 126,
          "NextClickTimeDelta-ip-app-dev": 584,
          "NextClickTimeDelta-os": 110,
          "NextClickTimeDelta-ip-os": 607,
          "NextClickTimeDelta-app-os": 220,
          "NextClickTimeDelta-ip-app-os": 1498,
          "NextClickTimeDelta-dev-os": 94,
          "NextClickTimeDelta-ip-dev-os": 506,
          "NextClickTimeDelta-app-dev-os": 167,
          "NextClickTimeDelta-ip-app-dev-os": 2487,
          "NextClickTimeDelta-cha": 154,
          "NextClickTimeDelta-ip-cha": 554,
          "NextClickTimeDelta-app-cha": 222,
          "NextClickTimeDelta-ip-app-cha": 454,
          "NextClickTimeDelta-dev-cha": 105,
          "NextClickTimeDelta-ip-dev-cha": 389,
          "NextClickTimeDelta-app-dev-cha": 136,
          "NextClickTimeDelta-ip-app-dev-cha": 341,
          "NextClickTimeDelta-os-cha": 229,
          "NextClickTimeDelta-ip-os-cha": 405,
          "NextClickTimeDelta-app-os-cha": 280,
          "NextClickTimeDelta-ip-app-os-cha": 491,
          "NextClickTimeDelta-dev-os-cha": 164,
          "NextClickTimeDelta-ip-dev-os-cha": 304,
          "NextClickTimeDelta-app-dev-os-cha": 223,
          "NextClickTimeDelta-ip-app-dev-os-cha": 534,
          "PrevClickTimeDelta-ip": 594,
          "PrevClickTimeDelta-app": 122,
          "PrevClickTimeDelta-ip-app": 437,
          "PrevClickTimeDelta-dev": 66,
          "PrevClickTimeDelta-ip-dev": 318,
          "PrevClickTimeDelta-app-dev": 100,
          "PrevClickTimeDelta-ip-app-dev": 321,
          "PrevClickTimeDelta-os": 151,
          "PrevClickTimeDelta-ip-os": 460,
          "PrevClickTimeDelta-app-os": 189,
          "PrevClickTimeDelta-ip-app-os": 416,
          "PrevClickTimeDelta-dev-os": 96,
          "PrevClickTimeDelta-ip-dev-os": 301,
          "PrevClickTimeDelta-app-dev-os": 152,
          "PrevClickTimeDelta-ip-app-dev-os": 303,
          "PrevClickTimeDelta-cha": 150,
          "PrevClickTimeDelta-ip-cha": 382,
          "PrevClickTimeDelta-app-cha": 210,
          "PrevClickTimeDelta-ip-app-cha": 271,
          "PrevClickTimeDelta-dev-cha": 143,
          "PrevClickTimeDelta-ip-dev-cha": 276,
          "PrevClickTimeDelta-app-dev-cha": 149,
          "PrevClickTimeDelta-ip-app-dev-cha": 221,
          "PrevClickTimeDelta-os-cha": 249,
          "PrevClickTimeDelta-ip-os-cha": 258,
          "PrevClickTimeDelta-app-os-cha": 240,
          "PrevClickTimeDelta-ip-app-os-cha": 232,
          "PrevClickTimeDelta-dev-os-cha": 167,
          "PrevClickTimeDelta-ip-dev-os-cha": 200,
          "PrevClickTimeDelta-app-dev-os-cha": 187,
          "PrevClickTimeDelta-ip-app-dev-os-cha": 160,
          "AverageAttributedRatio-ip": 528,
          "AverageAttributedRatio-app": 410,
          "AverageAttributedRatio-ip-app": 364,
          "AverageAttributedRatio-dev": 647,
          "AverageAttributedRatio-ip-dev": 475,
          "AverageAttributedRatio-app-dev": 326,
          "AverageAttributedRatio-ip-app-dev": 405,
          "AverageAttributedRatio-os": 418,
          "AverageAttributedRatio-ip-os": 306,
          "AverageAttributedRatio-app-os": 381,
          "AverageAttributedRatio-ip-app-os": 133,
          "AverageAttributedRatio-dev-os": 332,
          "AverageAttributedRatio-ip-dev-os": 347,
          "AverageAttributedRatio-app-dev-os": 394,
          "AverageAttributedRatio-ip-app-dev-os": 129,
          "AverageAttributedRatio-cha": 363,
          "AverageAttributedRatio-ip-cha": 175,
          "AverageAttributedRatio-app-cha": 365,
          "AverageAttributedRatio-ip-app-cha": 131,
          "AverageAttributedRatio-dev-cha": 209,
          "AverageAttributedRatio-ip-dev-cha": 147,
          "AverageAttributedRatio-app-dev-cha": 268,
          "AverageAttributedRatio-ip-app-dev-cha": 131,
          "AverageAttributedRatio-os-cha": 362,
          "AverageAttributedRatio-ip-os-cha": 83,
          "AverageAttributedRatio-app-os-cha": 454,
          "AverageAttributedRatio-ip-app-os-cha": 61,
          "AverageAttributedRatio-dev-os-cha": 321,
          "AverageAttributedRatio-ip-dev-os-cha": 65,
          "AverageAttributedRatio-app-dev-os-cha": 351,
          "AverageAttributedRatio-ip-app-dev-os-cha": 45,
          "KomakiLDA5NoDevice-ip-app-0": 1086,
          "KomakiLDA5NoDevice-ip-app-1": 1006,
          "KomakiLDA5NoDevice-ip-app-2": 1064,
          "KomakiLDA5NoDevice-ip-app-3": 666,
          "KomakiLDA5NoDevice-ip-app-4": 542,
          "KomakiLDA5NoDevice-ip-os-0": 1010,
          "KomakiLDA5NoDevice-ip-os-1": 972,
          "KomakiLDA5NoDevice-ip-os-2": 637,
          "KomakiLDA5NoDevice-ip-os-3": 787,
          "KomakiLDA5NoDevice-ip-os-4": 855,
          "KomakiLDA5NoDevice-ip-channel-0": 968,
          "KomakiLDA5NoDevice-ip-channel-1": 851,
          "KomakiLDA5NoDevice-ip-channel-2": 1047,
          "KomakiLDA5NoDevice-ip-channel-3": 1023,
          "KomakiLDA5NoDevice-ip-channel-4": 1122,
          "KomakiLDA5NoDevice-app-ip-0": 318,
          "KomakiLDA5NoDevice-app-ip-1": 202,
          "KomakiLDA5NoDevice-app-ip-2": 202,
          "KomakiLDA5NoDevice-app-ip-3": 205,
          "KomakiLDA5NoDevice-app-ip-4": 175,
          "KomakiLDA5NoDevice-app-os-0": 152,
          "KomakiLDA5NoDevice-app-os-1": 205,
          "KomakiLDA5NoDevice-app-os-2": 163,
          "KomakiLDA5NoDevice-app-os-3": 124,
          "KomakiLDA5NoDevice-app-os-4": 175,
          "KomakiLDA5NoDevice-app-channel-0": 147,
          "KomakiLDA5NoDevice-app-channel-1": 160,
          "KomakiLDA5NoDevice-app-channel-2": 218,
          "KomakiLDA5NoDevice-app-channel-3": 186,
          "KomakiLDA5NoDevice-app-channel-4": 113,
          "KomakiLDA5NoDevice-os-ip-0": 316,
          "KomakiLDA5NoDevice-os-ip-1": 219,
          "KomakiLDA5NoDevice-os-ip-2": 218,
          "KomakiLDA5NoDevice-os-ip-3": 151,
          "KomakiLDA5NoDevice-os-ip-4": 225,
          "KomakiLDA5NoDevice-os-app-0": 227,
          "KomakiLDA5NoDevice-os-app-1": 331,
          "KomakiLDA5NoDevice-os-app-2": 122,
          "KomakiLDA5NoDevice-os-app-3": 232,
          "KomakiLDA5NoDevice-os-app-4": 120,
          "KomakiLDA5NoDevice-os-channel-0": 270,
          "KomakiLDA5NoDevice-os-channel-1": 148,
          "KomakiLDA5NoDevice-os-channel-2": 226,
          "KomakiLDA5NoDevice-os-channel-3": 300,
          "KomakiLDA5NoDevice-os-channel-4": 168,
          "KomakiLDA5NoDevice-channel-ip-0": 204,
          "KomakiLDA5NoDevice-channel-ip-1": 250,
          "KomakiLDA5NoDevice-channel-ip-2": 246,
          "KomakiLDA5NoDevice-channel-ip-3": 315,
          "KomakiLDA5NoDevice-channel-ip-4": 224,
          "KomakiLDA5NoDevice-channel-app-0": 231,
          "KomakiLDA5NoDevice-channel-app-1": 208,
          "KomakiLDA5NoDevice-channel-app-2": 249,
          "KomakiLDA5NoDevice-channel-app-3": 226,
          "KomakiLDA5NoDevice-channel-app-4": 200,
          "KomakiLDA5NoDevice-channel-os-0": 292,
          "KomakiLDA5NoDevice-channel-os-1": 256,
          "KomakiLDA5NoDevice-channel-os-2": 266,
          "KomakiLDA5NoDevice-channel-os-3": 237,
          "KomakiLDA5NoDevice-channel-os-4": 230,
          "KomakiNMF5NoDevice-ip-app-0": 517,
          "KomakiNMF5NoDevice-ip-app-1": 906,
          "KomakiNMF5NoDevice-ip-app-2": 711,
          "KomakiNMF5NoDevice-ip-app-3": 559,
          "KomakiNMF5NoDevice-ip-app-4": 651,
          "KomakiNMF5NoDevice-ip-os-0": 866,
          "KomakiNMF5NoDevice-ip-os-1": 807,
          "KomakiNMF5NoDevice-ip-os-2": 735,
          "KomakiNMF5NoDevice-ip-os-3": 763,
          "KomakiNMF5NoDevice-ip-os-4": 689,
          "KomakiNMF5NoDevice-ip-channel-0": 736,
          "KomakiNMF5NoDevice-ip-channel-1": 1123,
          "KomakiNMF5NoDevice-ip-channel-2": 692,
          "KomakiNMF5NoDevice-ip-channel-3": 824,
          "KomakiNMF5NoDevice-ip-channel-4": 692,
          "KomakiNMF5NoDevice-app-ip-0": 140,
          "KomakiNMF5NoDevice-app-ip-1": 163,
          "KomakiNMF5NoDevice-app-ip-2": 127,
          "KomakiNMF5NoDevice-app-ip-3": 112,
          "KomakiNMF5NoDevice-app-ip-4": 88,
          "KomakiNMF5NoDevice-app-os-0": 57,
          "KomakiNMF5NoDevice-app-os-1": 109,
          "KomakiNMF5NoDevice-app-os-2": 87,
          "KomakiNMF5NoDevice-app-os-3": 29,
          "KomakiNMF5NoDevice-app-os-4": 45,
          "KomakiNMF5NoDevice-app-channel-0": 98,
          "KomakiNMF5NoDevice-app-channel-1": 99,
          "KomakiNMF5NoDevice-app-channel-2": 106,
          "KomakiNMF5NoDevice-app-channel-3": 139,
          "KomakiNMF5NoDevice-app-channel-4": 102,
          "KomakiNMF5NoDevice-os-ip-0": 113,
          "KomakiNMF5NoDevice-os-ip-1": 140,
          "KomakiNMF5NoDevice-os-ip-2": 117,
          "KomakiNMF5NoDevice-os-ip-3": 141,
          "KomakiNMF5NoDevice-os-ip-4": 124,
          "KomakiNMF5NoDevice-os-app-0": 69,
          "KomakiNMF5NoDevice-os-app-1": 10,
          "KomakiNMF5NoDevice-os-app-2": 107,
          "KomakiNMF5NoDevice-os-app-3": 212,
          "KomakiNMF5NoDevice-os-app-4": 156,
          "KomakiNMF5NoDevice-os-channel-0": 259,
          "KomakiNMF5NoDevice-os-channel-1": 112,
          "KomakiNMF5NoDevice-os-channel-2": 238,
          "KomakiNMF5NoDevice-os-channel-3": 228,
          "KomakiNMF5NoDevice-os-channel-4": 148,
          "KomakiNMF5NoDevice-channel-ip-0": 308,
          "KomakiNMF5NoDevice-channel-ip-1": 187,
          "KomakiNMF5NoDevice-channel-ip-2": 198,
          "KomakiNMF5NoDevice-channel-ip-3": 257,
          "KomakiNMF5NoDevice-channel-ip-4": 266,
          "KomakiNMF5NoDevice-channel-app-0": 122,
          "KomakiNMF5NoDevice-channel-app-1": 65,
          "KomakiNMF5NoDevice-channel-app-2": 118,
          "KomakiNMF5NoDevice-channel-app-3": 140,
          "KomakiNMF5NoDevice-channel-app-4": 167,
          "KomakiNMF5NoDevice-channel-os-0": 241,
          "KomakiNMF5NoDevice-channel-os-1": 77,
          "KomakiNMF5NoDevice-channel-os-2": 246,
          "KomakiNMF5NoDevice-channel-os-3": 124,
          "KomakiNMF5NoDevice-channel-os-4": 239,
          "KomakiPCA5NoDevice-ip-app-0": 922,
          "KomakiPCA5NoDevice-ip-app-1": 727,
          "KomakiPCA5NoDevice-ip-app-2": 777,
          "KomakiPCA5NoDevice-ip-app-3": 542,
          "KomakiPCA5NoDevice-ip-app-4": 841,
          "KomakiPCA5NoDevice-ip-os-0": 954,
          "KomakiPCA5NoDevice-ip-os-1": 776,
          "KomakiPCA5NoDevice-ip-os-2": 706,
          "KomakiPCA5NoDevice-ip-os-3": 567,
          "KomakiPCA5NoDevice-ip-os-4": 796,
          "KomakiPCA5NoDevice-ip-channel-0": 1011,
          "KomakiPCA5NoDevice-ip-channel-1": 737,
          "KomakiPCA5NoDevice-ip-channel-2": 697,
          "KomakiPCA5NoDevice-ip-channel-3": 760,
          "KomakiPCA5NoDevice-ip-channel-4": 795,
          "KomakiPCA5NoDevice-app-ip-0": 82,
          "KomakiPCA5NoDevice-app-ip-1": 99,
          "KomakiPCA5NoDevice-app-ip-2": 94,
          "KomakiPCA5NoDevice-app-ip-3": 120,
          "KomakiPCA5NoDevice-app-ip-4": 108,
          "KomakiPCA5NoDevice-app-os-0": 123,
          "KomakiPCA5NoDevice-app-os-1": 63,
          "KomakiPCA5NoDevice-app-os-2": 142,
          "KomakiPCA5NoDevice-app-os-3": 131,
          "KomakiPCA5NoDevice-app-os-4": 119,
          "KomakiPCA5NoDevice-app-channel-0": 96,
          "KomakiPCA5NoDevice-app-channel-1": 121,
          "KomakiPCA5NoDevice-app-channel-2": 118,
          "KomakiPCA5NoDevice-app-channel-3": 132,
          "KomakiPCA5NoDevice-app-channel-4": 133,
          "KomakiPCA5NoDevice-os-ip-0": 67,
          "KomakiPCA5NoDevice-os-ip-1": 117,
          "KomakiPCA5NoDevice-os-ip-2": 139,
          "KomakiPCA5NoDevice-os-ip-3": 130,
          "KomakiPCA5NoDevice-os-ip-4": 171,
          "KomakiPCA5NoDevice-os-app-0": 149,
          "KomakiPCA5NoDevice-os-app-1": 160,
          "KomakiPCA5NoDevice-os-app-2": 85,
          "KomakiPCA5NoDevice-os-app-3": 184,
          "KomakiPCA5NoDevice-os-app-4": 218,
          "KomakiPCA5NoDevice-os-channel-0": 129,
          "KomakiPCA5NoDevice-os-channel-1": 234,
          "KomakiPCA5NoDevice-os-channel-2": 136,
          "KomakiPCA5NoDevice-os-channel-3": 106,
          "KomakiPCA5NoDevice-os-channel-4": 126,
          "KomakiPCA5NoDevice-channel-ip-0": 262,
          "KomakiPCA5NoDevice-channel-ip-1": 252,
          "KomakiPCA5NoDevice-channel-ip-2": 200,
          "KomakiPCA5NoDevice-channel-ip-3": 230,
          "KomakiPCA5NoDevice-channel-ip-4": 257,
          "KomakiPCA5NoDevice-channel-app-0": 243,
          "KomakiPCA5NoDevice-channel-app-1": 156,
          "KomakiPCA5NoDevice-channel-app-2": 144,
          "KomakiPCA5NoDevice-channel-app-3": 159,
          "KomakiPCA5NoDevice-channel-app-4": 203,
          "KomakiPCA5NoDevice-channel-os-0": 227,
          "KomakiPCA5NoDevice-channel-os-1": 176,
          "KomakiPCA5NoDevice-channel-os-2": 157,
          "KomakiPCA5NoDevice-channel-os-3": 178,
          "KomakiPCA5NoDevice-channel-os-4": 199
        }
      }
    ],
    "average_train_auc": 0.9950431684960735,
    "average_valid_auc": 0.9847972501154532,
    "train_auc_std": 0.0005609212020860212,
    "valid_auc_std": 9.264407467671462e-05,
    "average_train_time": 578.4305887699127
  },
  "config": {
    "features": [
      "app",
      "hour",
      "count",
      "past_click_count_10",
      "future_click_count_10",
      "future_click_count_80",
      "next_click_time_delta",
      "prev_click_time_delta",
      "average_attributed_ratio",
      "komaki_lda_5_no_device",
      "komaki_nmf_5_no_device",
      "komaki_pca_5_no_device"
    ],
    "model": {
      "name": "lightgbm",
      "model_params": {
        "boosting_type": "gbdt",
        "objective": "binary",
        "metric": "auc",
        "learning_rate": 0.03,
        "num_leaves": 255,
        "max_depth": 8,
        "min_child_samples": 10,
        "max_bin": 100,
        "subsample": 0.7,
        "subsample_freq": 1,
        "colsample_bytree": 0.7,
        "min_child_weight": 0,
        "subsample_for_bin": 200000,
        "min_split_gain": 0,
        "reg_alpha": 0,
        "reg_lambda": 0,
        "verbose": 0
      },
      "train_params": {
        "num_boost_round": 1000,
        "early_stopping_rounds": 30
      }
    },
    "dataset": {
      "input_directory": "data/input/",
      "cache_directory": "data/working/",
      "validation_ratio": 0.33333333333,
      "full_data_train": true,
      "files": {
        "train": "train.feather",
        "test": "old_test.feather"
      },
      "negative_down_sampling": {
        "enabled": true,
        "bagging_size": 5,
        "random_state": 114514
      }
    },
    "note": "47 + past_click_count_10"
  }
}