{
  "training": {
    "trials": [
      {
        "train_auc": 0.9911459052276627,
        "valid_auc": 0.924703952061635,
        "best_iteration": 10,
        "train_time": 1.3857910633087158,
        "feature_importance": {
          "ip": 0,
          "os": 0,
          "app": 0,
          "channel": 0,
          "hour": 0,
          "n_channels": 1,
          "ip_app_count": 0,
          "ip_app_os_count": 0,
          "zero-minute": 0,
          "FutureClickCount_600-ip": 0,
          "FutureClickCount_600-app": 5,
          "FutureClickCount_600-ip-app": 0,
          "FutureClickCount_600-dev": 3,
          "FutureClickCount_600-ip-dev": 0,
          "FutureClickCount_600-app-dev": 0,
          "FutureClickCount_600-ip-app-dev": 0,
          "FutureClickCount_600-os": 1,
          "FutureClickCount_600-ip-os": 0,
          "FutureClickCount_600-app-os": 0,
          "FutureClickCount_600-ip-app-os": 0,
          "FutureClickCount_600-dev-os": 3,
          "FutureClickCount_600-ip-dev-os": 0,
          "FutureClickCount_600-app-dev-os": 0,
          "FutureClickCount_600-ip-app-dev-os": 0,
          "FutureClickCount_600-cha": 5,
          "FutureClickCount_600-ip-cha": 0,
          "FutureClickCount_600-app-cha": 1,
          "FutureClickCount_600-ip-app-cha": 0,
          "FutureClickCount_600-dev-cha": 0,
          "FutureClickCount_600-ip-dev-cha": 0,
          "FutureClickCount_600-app-dev-cha": 1,
          "FutureClickCount_600-ip-app-dev-cha": 0,
          "FutureClickCount_600-os-cha": 0,
          "FutureClickCount_600-ip-os-cha": 0,
          "FutureClickCount_600-app-os-cha": 0,
          "FutureClickCount_600-ip-app-os-cha": 0,
          "FutureClickCount_600-dev-os-cha": 1,
          "FutureClickCount_600-ip-dev-os-cha": 0,
          "FutureClickCount_600-app-dev-os-cha": 0,
          "FutureClickCount_600-ip-app-dev-os-cha": 0,
          "FutureClickCount_4800-ip": 0,
          "FutureClickCount_4800-app": 1,
          "FutureClickCount_4800-ip-app": 0,
          "FutureClickCount_4800-dev": 4,
          "FutureClickCount_4800-ip-dev": 0,
          "FutureClickCount_4800-app-dev": 0,
          "FutureClickCount_4800-ip-app-dev": 0,
          "FutureClickCount_4800-os": 5,
          "FutureClickCount_4800-ip-os": 0,
          "FutureClickCount_4800-app-os": 0,
          "FutureClickCount_4800-ip-app-os": 0,
          "FutureClickCount_4800-dev-os": 6,
          "FutureClickCount_4800-ip-dev-os": 0,
          "FutureClickCount_4800-app-dev-os": 0,
          "FutureClickCount_4800-ip-app-dev-os": 0,
          "FutureClickCount_4800-cha": 2,
          "FutureClickCount_4800-ip-cha": 0,
          "FutureClickCount_4800-app-cha": 1,
          "FutureClickCount_4800-ip-app-cha": 0,
          "FutureClickCount_4800-dev-cha": 1,
          "FutureClickCount_4800-ip-dev-cha": 0,
          "FutureClickCount_4800-app-dev-cha": 1,
          "FutureClickCount_4800-ip-app-dev-cha": 0,
          "FutureClickCount_4800-os-cha": 2,
          "FutureClickCount_4800-ip-os-cha": 0,
          "FutureClickCount_4800-app-os-cha": 0,
          "FutureClickCount_4800-ip-app-os-cha": 0,
          "FutureClickCount_4800-dev-os-cha": 2,
          "FutureClickCount_4800-ip-dev-os-cha": 0,
          "FutureClickCount_4800-app-dev-os-cha": 0,
          "FutureClickCount_4800-ip-app-dev-os-cha": 0,
          "NextClickTimeDelta-ip": 4,
          "NextClickTimeDelta-app": 5,
          "NextClickTimeDelta-ip-app": 0,
          "NextClickTimeDelta-dev": 4,
          "NextClickTimeDelta-ip-dev": 3,
          "NextClickTimeDelta-app-dev": 3,
          "NextClickTimeDelta-ip-app-dev": 0,
          "NextClickTimeDelta-os": 0,
          "NextClickTimeDelta-ip-os": 1,
          "NextClickTimeDelta-app-os": 2,
          "NextClickTimeDelta-ip-app-os": 0,
          "NextClickTimeDelta-dev-os": 0,
          "NextClickTimeDelta-ip-dev-os": 2,
          "NextClickTimeDelta-app-dev-os": 0,
          "NextClickTimeDelta-ip-app-dev-os": 0,
          "NextClickTimeDelta-cha": 5,
          "NextClickTimeDelta-ip-cha": 0,
          "NextClickTimeDelta-app-cha": 6,
          "NextClickTimeDelta-ip-app-cha": 0,
          "NextClickTimeDelta-dev-cha": 8,
          "NextClickTimeDelta-ip-dev-cha": 0,
          "NextClickTimeDelta-app-dev-cha": 5,
          "NextClickTimeDelta-ip-app-dev-cha": 0,
          "NextClickTimeDelta-os-cha": 1,
          "NextClickTimeDelta-ip-os-cha": 0,
          "NextClickTimeDelta-app-os-cha": 1,
          "NextClickTimeDelta-ip-app-os-cha": 0,
          "NextClickTimeDelta-dev-os-cha": 1,
          "NextClickTimeDelta-ip-dev-os-cha": 0,
          "NextClickTimeDelta-app-dev-os-cha": 2,
          "NextClickTimeDelta-ip-app-dev-os-cha": 0,
          "PrevClickTimeDelta-ip": 6,
          "PrevClickTimeDelta-app": 0,
          "PrevClickTimeDelta-ip-app": 0,
          "PrevClickTimeDelta-dev": 1,
          "PrevClickTimeDelta-ip-dev": 2,
          "PrevClickTimeDelta-app-dev": 2,
          "PrevClickTimeDelta-ip-app-dev": 0,
          "PrevClickTimeDelta-os": 1,
          "PrevClickTimeDelta-ip-os": 0,
          "PrevClickTimeDelta-app-os": 6,
          "PrevClickTimeDelta-ip-app-os": 0,
          "PrevClickTimeDelta-dev-os": 2,
          "PrevClickTimeDelta-ip-dev-os": 0,
          "PrevClickTimeDelta-app-dev-os": 0,
          "PrevClickTimeDelta-ip-app-dev-os": 0,
          "PrevClickTimeDelta-cha": 5,
          "PrevClickTimeDelta-ip-cha": 0,
          "PrevClickTimeDelta-app-cha": 2,
          "PrevClickTimeDelta-ip-app-cha": 0,
          "PrevClickTimeDelta-dev-cha": 2,
          "PrevClickTimeDelta-ip-dev-cha": 0,
          "PrevClickTimeDelta-app-dev-cha": 3,
          "PrevClickTimeDelta-ip-app-dev-cha": 0,
          "PrevClickTimeDelta-os-cha": 2,
          "PrevClickTimeDelta-ip-os-cha": 0,
          "PrevClickTimeDelta-app-os-cha": 1,
          "PrevClickTimeDelta-ip-app-os-cha": 0,
          "PrevClickTimeDelta-dev-os-cha": 2,
          "PrevClickTimeDelta-ip-dev-os-cha": 0,
          "PrevClickTimeDelta-app-dev-os-cha": 1,
          "PrevClickTimeDelta-ip-app-dev-os-cha": 0,
          "AverageAttributedRatio-ip": 1,
          "AverageAttributedRatio-app": 5,
          "AverageAttributedRatio-ip-app": 0,
          "AverageAttributedRatio-dev": 1,
          "AverageAttributedRatio-ip-dev": 1,
          "AverageAttributedRatio-app-dev": 4,
          "AverageAttributedRatio-ip-app-dev": 0,
          "AverageAttributedRatio-os": 2,
          "AverageAttributedRatio-ip-os": 0,
          "AverageAttributedRatio-app-os": 1,
          "AverageAttributedRatio-ip-app-os": 0,
          "AverageAttributedRatio-dev-os": 1,
          "AverageAttributedRatio-ip-dev-os": 0,
          "AverageAttributedRatio-app-dev-os": 0,
          "AverageAttributedRatio-ip-app-dev-os": 0,
          "AverageAttributedRatio-cha": 0,
          "AverageAttributedRatio-ip-cha": 0,
          "AverageAttributedRatio-app-cha": 1,
          "AverageAttributedRatio-ip-app-cha": 0,
          "AverageAttributedRatio-dev-cha": 1,
          "AverageAttributedRatio-ip-dev-cha": 0,
          "AverageAttributedRatio-app-dev-cha": 1,
          "AverageAttributedRatio-ip-app-dev-cha": 0,
          "AverageAttributedRatio-os-cha": 1,
          "AverageAttributedRatio-ip-os-cha": 0,
          "AverageAttributedRatio-app-os-cha": 0,
          "AverageAttributedRatio-ip-app-os-cha": 0,
          "AverageAttributedRatio-dev-os-cha": 0,
          "AverageAttributedRatio-ip-dev-os-cha": 0,
          "AverageAttributedRatio-app-dev-os-cha": 0,
          "AverageAttributedRatio-ip-app-dev-os-cha": 0,
          "KomakiLDA5NoDevice-ip-app-0": 9,
          "KomakiLDA5NoDevice-ip-app-1": 9,
          "KomakiLDA5NoDevice-ip-app-2": 13,
          "KomakiLDA5NoDevice-ip-app-3": 12,
          "KomakiLDA5NoDevice-ip-app-4": 3,
          "KomakiLDA5NoDevice-ip-os-0": 3,
          "KomakiLDA5NoDevice-ip-os-1": 2,
          "KomakiLDA5NoDevice-ip-os-2": 3,
          "KomakiLDA5NoDevice-ip-os-3": 3,
          "KomakiLDA5NoDevice-ip-os-4": 5,
          "KomakiLDA5NoDevice-ip-channel-0": 3,
          "KomakiLDA5NoDevice-ip-channel-1": 4,
          "KomakiLDA5NoDevice-ip-channel-2": 6,
          "KomakiLDA5NoDevice-ip-channel-3": 7,
          "KomakiLDA5NoDevice-ip-channel-4": 4,
          "KomakiLDA5NoDevice-app-ip-0": 7,
          "KomakiLDA5NoDevice-app-ip-1": 2,
          "KomakiLDA5NoDevice-app-ip-2": 1,
          "KomakiLDA5NoDevice-app-ip-3": 0,
          "KomakiLDA5NoDevice-app-ip-4": 0,
          "KomakiLDA5NoDevice-app-os-0": 2,
          "KomakiLDA5NoDevice-app-os-1": 0,
          "KomakiLDA5NoDevice-app-os-2": 1,
          "KomakiLDA5NoDevice-app-os-3": 1,
          "KomakiLDA5NoDevice-app-os-4": 0,
          "KomakiLDA5NoDevice-app-channel-0": 2,
          "KomakiLDA5NoDevice-app-channel-1": 3,
          "KomakiLDA5NoDevice-app-channel-2": 0,
          "KomakiLDA5NoDevice-app-channel-3": 0,
          "KomakiLDA5NoDevice-app-channel-4": 1,
          "KomakiLDA5NoDevice-os-ip-0": 0,
          "KomakiLDA5NoDevice-os-ip-1": 0,
          "KomakiLDA5NoDevice-os-ip-2": 1,
          "KomakiLDA5NoDevice-os-ip-3": 2,
          "KomakiLDA5NoDevice-os-ip-4": 0,
          "KomakiLDA5NoDevice-os-app-0": 1,
          "KomakiLDA5NoDevice-os-app-1": 0,
          "KomakiLDA5NoDevice-os-app-2": 0,
          "KomakiLDA5NoDevice-os-app-3": 0,
          "KomakiLDA5NoDevice-os-app-4": 0,
          "KomakiLDA5NoDevice-os-channel-0": 0,
          "KomakiLDA5NoDevice-os-channel-1": 2,
          "KomakiLDA5NoDevice-os-channel-2": 0,
          "KomakiLDA5NoDevice-os-channel-3": 1,
          "KomakiLDA5NoDevice-os-channel-4": 2,
          "KomakiLDA5NoDevice-channel-ip-0": 1,
          "KomakiLDA5NoDevice-channel-ip-1": 0,
          "KomakiLDA5NoDevice-channel-ip-2": 1,
          "KomakiLDA5NoDevice-channel-ip-3": 0,
          "KomakiLDA5NoDevice-channel-ip-4": 0,
          "KomakiLDA5NoDevice-channel-app-0": 1,
          "KomakiLDA5NoDevice-channel-app-1": 4,
          "KomakiLDA5NoDevice-channel-app-2": 1,
          "KomakiLDA5NoDevice-channel-app-3": 6,
          "KomakiLDA5NoDevice-channel-app-4": 7,
          "KomakiLDA5NoDevice-channel-os-0": 7,
          "KomakiLDA5NoDevice-channel-os-1": 12,
          "KomakiLDA5NoDevice-channel-os-2": 2,
          "KomakiLDA5NoDevice-channel-os-3": 2,
          "KomakiLDA5NoDevice-channel-os-4": 0
        }
      },
      {
        "train_auc": 0.9949575371549894,
        "valid_auc": 0.9287252368647717,
        "best_iteration": 47,
        "train_time": 1.9504430294036865,
        "feature_importance": {
          "ip": 0,
          "os": 0,
          "app": 0,
          "channel": 0,
          "hour": 0,
          "n_channels": 15,
          "ip_app_count": 6,
          "ip_app_os_count": 0,
          "zero-minute": 0,
          "FutureClickCount_600-ip": 0,
          "FutureClickCount_600-app": 5,
          "FutureClickCount_600-ip-app": 0,
          "FutureClickCount_600-dev": 40,
          "FutureClickCount_600-ip-dev": 0,
          "FutureClickCount_600-app-dev": 10,
          "FutureClickCount_600-ip-app-dev": 0,
          "FutureClickCount_600-os": 27,
          "FutureClickCount_600-ip-os": 0,
          "FutureClickCount_600-app-os": 5,
          "FutureClickCount_600-ip-app-os": 0,
          "FutureClickCount_600-dev-os": 8,
          "FutureClickCount_600-ip-dev-os": 0,
          "FutureClickCount_600-app-dev-os": 1,
          "FutureClickCount_600-ip-app-dev-os": 0,
          "FutureClickCount_600-cha": 16,
          "FutureClickCount_600-ip-cha": 0,
          "FutureClickCount_600-app-cha": 5,
          "FutureClickCount_600-ip-app-cha": 0,
          "FutureClickCount_600-dev-cha": 13,
          "FutureClickCount_600-ip-dev-cha": 0,
          "FutureClickCount_600-app-dev-cha": 1,
          "FutureClickCount_600-ip-app-dev-cha": 0,
          "FutureClickCount_600-os-cha": 5,
          "FutureClickCount_600-ip-os-cha": 0,
          "FutureClickCount_600-app-os-cha": 1,
          "FutureClickCount_600-ip-app-os-cha": 0,
          "FutureClickCount_600-dev-os-cha": 1,
          "FutureClickCount_600-ip-dev-os-cha": 0,
          "FutureClickCount_600-app-dev-os-cha": 1,
          "FutureClickCount_600-ip-app-dev-os-cha": 0,
          "FutureClickCount_4800-ip": 3,
          "FutureClickCount_4800-app": 10,
          "FutureClickCount_4800-ip-app": 0,
          "FutureClickCount_4800-dev": 20,
          "FutureClickCount_4800-ip-dev": 0,
          "FutureClickCount_4800-app-dev": 7,
          "FutureClickCount_4800-ip-app-dev": 0,
          "FutureClickCount_4800-os": 22,
          "FutureClickCount_4800-ip-os": 0,
          "FutureClickCount_4800-app-os": 4,
          "FutureClickCount_4800-ip-app-os": 0,
          "FutureClickCount_4800-dev-os": 17,
          "FutureClickCount_4800-ip-dev-os": 0,
          "FutureClickCount_4800-app-dev-os": 5,
          "FutureClickCount_4800-ip-app-dev-os": 0,
          "FutureClickCount_4800-cha": 14,
          "FutureClickCount_4800-ip-cha": 0,
          "FutureClickCount_4800-app-cha": 22,
          "FutureClickCount_4800-ip-app-cha": 0,
          "FutureClickCount_4800-dev-cha": 13,
          "FutureClickCount_4800-ip-dev-cha": 0,
          "FutureClickCount_4800-app-dev-cha": 11,
          "FutureClickCount_4800-ip-app-dev-cha": 0,
          "FutureClickCount_4800-os-cha": 10,
          "FutureClickCount_4800-ip-os-cha": 0,
          "FutureClickCount_4800-app-os-cha": 3,
          "FutureClickCount_4800-ip-app-os-cha": 0,
          "FutureClickCount_4800-dev-os-cha": 4,
          "FutureClickCount_4800-ip-dev-os-cha": 0,
          "FutureClickCount_4800-app-dev-os-cha": 4,
          "FutureClickCount_4800-ip-app-dev-os-cha": 0,
          "NextClickTimeDelta-ip": 14,
          "NextClickTimeDelta-app": 10,
          "NextClickTimeDelta-ip-app": 2,
          "NextClickTimeDelta-dev": 2,
          "NextClickTimeDelta-ip-dev": 9,
          "NextClickTimeDelta-app-dev": 10,
          "NextClickTimeDelta-ip-app-dev": 2,
          "NextClickTimeDelta-os": 7,
          "NextClickTimeDelta-ip-os": 4,
          "NextClickTimeDelta-app-os": 4,
          "NextClickTimeDelta-ip-app-os": 0,
          "NextClickTimeDelta-dev-os": 8,
          "NextClickTimeDelta-ip-dev-os": 4,
          "NextClickTimeDelta-app-dev-os": 11,
          "NextClickTimeDelta-ip-app-dev-os": 0,
          "NextClickTimeDelta-cha": 20,
          "NextClickTimeDelta-ip-cha": 0,
          "NextClickTimeDelta-app-cha": 10,
          "NextClickTimeDelta-ip-app-cha": 0,
          "NextClickTimeDelta-dev-cha": 5,
          "NextClickTimeDelta-ip-dev-cha": 0,
          "NextClickTimeDelta-app-dev-cha": 11,
          "NextClickTimeDelta-ip-app-dev-cha": 0,
          "NextClickTimeDelta-os-cha": 5,
          "NextClickTimeDelta-ip-os-cha": 0,
          "NextClickTimeDelta-app-os-cha": 8,
          "NextClickTimeDelta-ip-app-os-cha": 0,
          "NextClickTimeDelta-dev-os-cha": 6,
          "NextClickTimeDelta-ip-dev-os-cha": 0,
          "NextClickTimeDelta-app-dev-os-cha": 3,
          "NextClickTimeDelta-ip-app-dev-os-cha": 0,
          "PrevClickTimeDelta-ip": 39,
          "PrevClickTimeDelta-app": 19,
          "PrevClickTimeDelta-ip-app": 2,
          "PrevClickTimeDelta-dev": 5,
          "PrevClickTimeDelta-ip-dev": 8,
          "PrevClickTimeDelta-app-dev": 4,
          "PrevClickTimeDelta-ip-app-dev": 0,
          "PrevClickTimeDelta-os": 18,
          "PrevClickTimeDelta-ip-os": 29,
          "PrevClickTimeDelta-app-os": 8,
          "PrevClickTimeDelta-ip-app-os": 0,
          "PrevClickTimeDelta-dev-os": 9,
          "PrevClickTimeDelta-ip-dev-os": 6,
          "PrevClickTimeDelta-app-dev-os": 13,
          "PrevClickTimeDelta-ip-app-dev-os": 0,
          "PrevClickTimeDelta-cha": 11,
          "PrevClickTimeDelta-ip-cha": 0,
          "PrevClickTimeDelta-app-cha": 32,
          "PrevClickTimeDelta-ip-app-cha": 0,
          "PrevClickTimeDelta-dev-cha": 4,
          "PrevClickTimeDelta-ip-dev-cha": 0,
          "PrevClickTimeDelta-app-dev-cha": 12,
          "PrevClickTimeDelta-ip-app-dev-cha": 0,
          "PrevClickTimeDelta-os-cha": 12,
          "PrevClickTimeDelta-ip-os-cha": 0,
          "PrevClickTimeDelta-app-os-cha": 7,
          "PrevClickTimeDelta-ip-app-os-cha": 0,
          "PrevClickTimeDelta-dev-os-cha": 8,
          "PrevClickTimeDelta-ip-dev-os-cha": 0,
          "PrevClickTimeDelta-app-dev-os-cha": 9,
          "PrevClickTimeDelta-ip-app-dev-os-cha": 0,
          "AverageAttributedRatio-ip": 2,
          "AverageAttributedRatio-app": 19,
          "AverageAttributedRatio-ip-app": 0,
          "AverageAttributedRatio-dev": 13,
          "AverageAttributedRatio-ip-dev": 0,
          "AverageAttributedRatio-app-dev": 26,
          "AverageAttributedRatio-ip-app-dev": 0,
          "AverageAttributedRatio-os": 6,
          "AverageAttributedRatio-ip-os": 1,
          "AverageAttributedRatio-app-os": 12,
          "AverageAttributedRatio-ip-app-os": 0,
          "AverageAttributedRatio-dev-os": 4,
          "AverageAttributedRatio-ip-dev-os": 0,
          "AverageAttributedRatio-app-dev-os": 3,
          "AverageAttributedRatio-ip-app-dev-os": 0,
          "AverageAttributedRatio-cha": 2,
          "AverageAttributedRatio-ip-cha": 0,
          "AverageAttributedRatio-app-cha": 5,
          "AverageAttributedRatio-ip-app-cha": 0,
          "AverageAttributedRatio-dev-cha": 1,
          "AverageAttributedRatio-ip-dev-cha": 0,
          "AverageAttributedRatio-app-dev-cha": 0,
          "AverageAttributedRatio-ip-app-dev-cha": 0,
          "AverageAttributedRatio-os-cha": 0,
          "AverageAttributedRatio-ip-os-cha": 0,
          "AverageAttributedRatio-app-os-cha": 1,
          "AverageAttributedRatio-ip-app-os-cha": 0,
          "AverageAttributedRatio-dev-os-cha": 0,
          "AverageAttributedRatio-ip-dev-os-cha": 0,
          "AverageAttributedRatio-app-dev-os-cha": 0,
          "AverageAttributedRatio-ip-app-dev-os-cha": 0,
          "KomakiLDA5NoDevice-ip-app-0": 37,
          "KomakiLDA5NoDevice-ip-app-1": 13,
          "KomakiLDA5NoDevice-ip-app-2": 16,
          "KomakiLDA5NoDevice-ip-app-3": 14,
          "KomakiLDA5NoDevice-ip-app-4": 20,
          "KomakiLDA5NoDevice-ip-os-0": 7,
          "KomakiLDA5NoDevice-ip-os-1": 24,
          "KomakiLDA5NoDevice-ip-os-2": 12,
          "KomakiLDA5NoDevice-ip-os-3": 15,
          "KomakiLDA5NoDevice-ip-os-4": 14,
          "KomakiLDA5NoDevice-ip-channel-0": 19,
          "KomakiLDA5NoDevice-ip-channel-1": 21,
          "KomakiLDA5NoDevice-ip-channel-2": 16,
          "KomakiLDA5NoDevice-ip-channel-3": 51,
          "KomakiLDA5NoDevice-ip-channel-4": 21,
          "KomakiLDA5NoDevice-app-ip-0": 30,
          "KomakiLDA5NoDevice-app-ip-1": 13,
          "KomakiLDA5NoDevice-app-ip-2": 5,
          "KomakiLDA5NoDevice-app-ip-3": 3,
          "KomakiLDA5NoDevice-app-ip-4": 1,
          "KomakiLDA5NoDevice-app-os-0": 9,
          "KomakiLDA5NoDevice-app-os-1": 2,
          "KomakiLDA5NoDevice-app-os-2": 15,
          "KomakiLDA5NoDevice-app-os-3": 10,
          "KomakiLDA5NoDevice-app-os-4": 0,
          "KomakiLDA5NoDevice-app-channel-0": 14,
          "KomakiLDA5NoDevice-app-channel-1": 8,
          "KomakiLDA5NoDevice-app-channel-2": 2,
          "KomakiLDA5NoDevice-app-channel-3": 6,
          "KomakiLDA5NoDevice-app-channel-4": 0,
          "KomakiLDA5NoDevice-os-ip-0": 26,
          "KomakiLDA5NoDevice-os-ip-1": 6,
          "KomakiLDA5NoDevice-os-ip-2": 5,
          "KomakiLDA5NoDevice-os-ip-3": 0,
          "KomakiLDA5NoDevice-os-ip-4": 1,
          "KomakiLDA5NoDevice-os-app-0": 0,
          "KomakiLDA5NoDevice-os-app-1": 1,
          "KomakiLDA5NoDevice-os-app-2": 0,
          "KomakiLDA5NoDevice-os-app-3": 0,
          "KomakiLDA5NoDevice-os-app-4": 2,
          "KomakiLDA5NoDevice-os-channel-0": 1,
          "KomakiLDA5NoDevice-os-channel-1": 5,
          "KomakiLDA5NoDevice-os-channel-2": 3,
          "KomakiLDA5NoDevice-os-channel-3": 24,
          "KomakiLDA5NoDevice-os-channel-4": 3,
          "KomakiLDA5NoDevice-channel-ip-0": 7,
          "KomakiLDA5NoDevice-channel-ip-1": 7,
          "KomakiLDA5NoDevice-channel-ip-2": 5,
          "KomakiLDA5NoDevice-channel-ip-3": 1,
          "KomakiLDA5NoDevice-channel-ip-4": 2,
          "KomakiLDA5NoDevice-channel-app-0": 13,
          "KomakiLDA5NoDevice-channel-app-1": 4,
          "KomakiLDA5NoDevice-channel-app-2": 8,
          "KomakiLDA5NoDevice-channel-app-3": 17,
          "KomakiLDA5NoDevice-channel-app-4": 16,
          "KomakiLDA5NoDevice-channel-os-0": 13,
          "KomakiLDA5NoDevice-channel-os-1": 18,
          "KomakiLDA5NoDevice-channel-os-2": 10,
          "KomakiLDA5NoDevice-channel-os-3": 1,
          "KomakiLDA5NoDevice-channel-os-4": 1
        }
      },
      {
        "train_auc": 0.993926588273722,
        "valid_auc": 0.9381849772788025,
        "best_iteration": 27,
        "train_time": 1.0376687049865723,
        "feature_importance": {
          "ip": 0,
          "os": 0,
          "app": 0,
          "channel": 0,
          "hour": 0,
          "n_channels": 0,
          "ip_app_count": 7,
          "ip_app_os_count": 1,
          "zero-minute": 0,
          "FutureClickCount_600-ip": 0,
          "FutureClickCount_600-app": 12,
          "FutureClickCount_600-ip-app": 0,
          "FutureClickCount_600-dev": 5,
          "FutureClickCount_600-ip-dev": 0,
          "FutureClickCount_600-app-dev": 5,
          "FutureClickCount_600-ip-app-dev": 0,
          "FutureClickCount_600-os": 8,
          "FutureClickCount_600-ip-os": 0,
          "FutureClickCount_600-app-os": 2,
          "FutureClickCount_600-ip-app-os": 0,
          "FutureClickCount_600-dev-os": 7,
          "FutureClickCount_600-ip-dev-os": 0,
          "FutureClickCount_600-app-dev-os": 1,
          "FutureClickCount_600-ip-app-dev-os": 0,
          "FutureClickCount_600-cha": 6,
          "FutureClickCount_600-ip-cha": 0,
          "FutureClickCount_600-app-cha": 5,
          "FutureClickCount_600-ip-app-cha": 0,
          "FutureClickCount_600-dev-cha": 4,
          "FutureClickCount_600-ip-dev-cha": 0,
          "FutureClickCount_600-app-dev-cha": 4,
          "FutureClickCount_600-ip-app-dev-cha": 0,
          "FutureClickCount_600-os-cha": 1,
          "FutureClickCount_600-ip-os-cha": 0,
          "FutureClickCount_600-app-os-cha": 1,
          "FutureClickCount_600-ip-app-os-cha": 0,
          "FutureClickCount_600-dev-os-cha": 0,
          "FutureClickCount_600-ip-dev-os-cha": 0,
          "FutureClickCount_600-app-dev-os-cha": 3,
          "FutureClickCount_600-ip-app-dev-os-cha": 0,
          "FutureClickCount_4800-ip": 0,
          "FutureClickCount_4800-app": 11,
          "FutureClickCount_4800-ip-app": 0,
          "FutureClickCount_4800-dev": 5,
          "FutureClickCount_4800-ip-dev": 0,
          "FutureClickCount_4800-app-dev": 12,
          "FutureClickCount_4800-ip-app-dev": 0,
          "FutureClickCount_4800-os": 8,
          "FutureClickCount_4800-ip-os": 0,
          "FutureClickCount_4800-app-os": 6,
          "FutureClickCount_4800-ip-app-os": 0,
          "FutureClickCount_4800-dev-os": 6,
          "FutureClickCount_4800-ip-dev-os": 0,
          "FutureClickCount_4800-app-dev-os": 0,
          "FutureClickCount_4800-ip-app-dev-os": 0,
          "FutureClickCount_4800-cha": 7,
          "FutureClickCount_4800-ip-cha": 0,
          "FutureClickCount_4800-app-cha": 11,
          "FutureClickCount_4800-ip-app-cha": 0,
          "FutureClickCount_4800-dev-cha": 7,
          "FutureClickCount_4800-ip-dev-cha": 0,
          "FutureClickCount_4800-app-dev-cha": 2,
          "FutureClickCount_4800-ip-app-dev-cha": 0,
          "FutureClickCount_4800-os-cha": 6,
          "FutureClickCount_4800-ip-os-cha": 0,
          "FutureClickCount_4800-app-os-cha": 2,
          "FutureClickCount_4800-ip-app-os-cha": 0,
          "FutureClickCount_4800-dev-os-cha": 7,
          "FutureClickCount_4800-ip-dev-os-cha": 0,
          "FutureClickCount_4800-app-dev-os-cha": 5,
          "FutureClickCount_4800-ip-app-dev-os-cha": 0,
          "NextClickTimeDelta-ip": 4,
          "NextClickTimeDelta-app": 13,
          "NextClickTimeDelta-ip-app": 1,
          "NextClickTimeDelta-dev": 6,
          "NextClickTimeDelta-ip-dev": 5,
          "NextClickTimeDelta-app-dev": 9,
          "NextClickTimeDelta-ip-app-dev": 0,
          "NextClickTimeDelta-os": 7,
          "NextClickTimeDelta-ip-os": 1,
          "NextClickTimeDelta-app-os": 6,
          "NextClickTimeDelta-ip-app-os": 0,
          "NextClickTimeDelta-dev-os": 5,
          "NextClickTimeDelta-ip-dev-os": 1,
          "NextClickTimeDelta-app-dev-os": 1,
          "NextClickTimeDelta-ip-app-dev-os": 0,
          "NextClickTimeDelta-cha": 7,
          "NextClickTimeDelta-ip-cha": 0,
          "NextClickTimeDelta-app-cha": 12,
          "NextClickTimeDelta-ip-app-cha": 0,
          "NextClickTimeDelta-dev-cha": 8,
          "NextClickTimeDelta-ip-dev-cha": 1,
          "NextClickTimeDelta-app-dev-cha": 10,
          "NextClickTimeDelta-ip-app-dev-cha": 0,
          "NextClickTimeDelta-os-cha": 3,
          "NextClickTimeDelta-ip-os-cha": 0,
          "NextClickTimeDelta-app-os-cha": 2,
          "NextClickTimeDelta-ip-app-os-cha": 0,
          "NextClickTimeDelta-dev-os-cha": 9,
          "NextClickTimeDelta-ip-dev-os-cha": 0,
          "NextClickTimeDelta-app-dev-os-cha": 3,
          "NextClickTimeDelta-ip-app-dev-os-cha": 0,
          "PrevClickTimeDelta-ip": 9,
          "PrevClickTimeDelta-app": 8,
          "PrevClickTimeDelta-ip-app": 2,
          "PrevClickTimeDelta-dev": 0,
          "PrevClickTimeDelta-ip-dev": 0,
          "PrevClickTimeDelta-app-dev": 0,
          "PrevClickTimeDelta-ip-app-dev": 1,
          "PrevClickTimeDelta-os": 9,
          "PrevClickTimeDelta-ip-os": 2,
          "PrevClickTimeDelta-app-os": 7,
          "PrevClickTimeDelta-ip-app-os": 0,
          "PrevClickTimeDelta-dev-os": 7,
          "PrevClickTimeDelta-ip-dev-os": 0,
          "PrevClickTimeDelta-app-dev-os": 3,
          "PrevClickTimeDelta-ip-app-dev-os": 0,
          "PrevClickTimeDelta-cha": 4,
          "PrevClickTimeDelta-ip-cha": 1,
          "PrevClickTimeDelta-app-cha": 8,
          "PrevClickTimeDelta-ip-app-cha": 1,
          "PrevClickTimeDelta-dev-cha": 15,
          "PrevClickTimeDelta-ip-dev-cha": 0,
          "PrevClickTimeDelta-app-dev-cha": 4,
          "PrevClickTimeDelta-ip-app-dev-cha": 0,
          "PrevClickTimeDelta-os-cha": 6,
          "PrevClickTimeDelta-ip-os-cha": 0,
          "PrevClickTimeDelta-app-os-cha": 7,
          "PrevClickTimeDelta-ip-app-os-cha": 0,
          "PrevClickTimeDelta-dev-os-cha": 2,
          "PrevClickTimeDelta-ip-dev-os-cha": 0,
          "PrevClickTimeDelta-app-dev-os-cha": 8,
          "PrevClickTimeDelta-ip-app-dev-os-cha": 0,
          "AverageAttributedRatio-ip": 2,
          "AverageAttributedRatio-app": 17,
          "AverageAttributedRatio-ip-app": 0,
          "AverageAttributedRatio-dev": 9,
          "AverageAttributedRatio-ip-dev": 0,
          "AverageAttributedRatio-app-dev": 13,
          "AverageAttributedRatio-ip-app-dev": 0,
          "AverageAttributedRatio-os": 3,
          "AverageAttributedRatio-ip-os": 0,
          "AverageAttributedRatio-app-os": 4,
          "AverageAttributedRatio-ip-app-os": 0,
          "AverageAttributedRatio-dev-os": 1,
          "AverageAttributedRatio-ip-dev-os": 0,
          "AverageAttributedRatio-app-dev-os": 5,
          "AverageAttributedRatio-ip-app-dev-os": 0,
          "AverageAttributedRatio-cha": 4,
          "AverageAttributedRatio-ip-cha": 0,
          "AverageAttributedRatio-app-cha": 3,
          "AverageAttributedRatio-ip-app-cha": 0,
          "AverageAttributedRatio-dev-cha": 1,
          "AverageAttributedRatio-ip-dev-cha": 0,
          "AverageAttributedRatio-app-dev-cha": 1,
          "AverageAttributedRatio-ip-app-dev-cha": 0,
          "AverageAttributedRatio-os-cha": 1,
          "AverageAttributedRatio-ip-os-cha": 0,
          "AverageAttributedRatio-app-os-cha": 0,
          "AverageAttributedRatio-ip-app-os-cha": 0,
          "AverageAttributedRatio-dev-os-cha": 0,
          "AverageAttributedRatio-ip-dev-os-cha": 0,
          "AverageAttributedRatio-app-dev-os-cha": 0,
          "AverageAttributedRatio-ip-app-dev-os-cha": 0,
          "KomakiLDA5NoDevice-ip-app-0": 17,
          "KomakiLDA5NoDevice-ip-app-1": 13,
          "KomakiLDA5NoDevice-ip-app-2": 8,
          "KomakiLDA5NoDevice-ip-app-3": 25,
          "KomakiLDA5NoDevice-ip-app-4": 9,
          "KomakiLDA5NoDevice-ip-os-0": 15,
          "KomakiLDA5NoDevice-ip-os-1": 25,
          "KomakiLDA5NoDevice-ip-os-2": 7,
          "KomakiLDA5NoDevice-ip-os-3": 8,
          "KomakiLDA5NoDevice-ip-os-4": 9,
          "KomakiLDA5NoDevice-ip-channel-0": 8,
          "KomakiLDA5NoDevice-ip-channel-1": 6,
          "KomakiLDA5NoDevice-ip-channel-2": 8,
          "KomakiLDA5NoDevice-ip-channel-3": 25,
          "KomakiLDA5NoDevice-ip-channel-4": 20,
          "KomakiLDA5NoDevice-app-ip-0": 10,
          "KomakiLDA5NoDevice-app-ip-1": 2,
          "KomakiLDA5NoDevice-app-ip-2": 3,
          "KomakiLDA5NoDevice-app-ip-3": 1,
          "KomakiLDA5NoDevice-app-ip-4": 0,
          "KomakiLDA5NoDevice-app-os-0": 4,
          "KomakiLDA5NoDevice-app-os-1": 1,
          "KomakiLDA5NoDevice-app-os-2": 2,
          "KomakiLDA5NoDevice-app-os-3": 3,
          "KomakiLDA5NoDevice-app-os-4": 17,
          "KomakiLDA5NoDevice-app-channel-0": 5,
          "KomakiLDA5NoDevice-app-channel-1": 3,
          "KomakiLDA5NoDevice-app-channel-2": 6,
          "KomakiLDA5NoDevice-app-channel-3": 4,
          "KomakiLDA5NoDevice-app-channel-4": 2,
          "KomakiLDA5NoDevice-os-ip-0": 3,
          "KomakiLDA5NoDevice-os-ip-1": 5,
          "KomakiLDA5NoDevice-os-ip-2": 0,
          "KomakiLDA5NoDevice-os-ip-3": 1,
          "KomakiLDA5NoDevice-os-ip-4": 0,
          "KomakiLDA5NoDevice-os-app-0": 2,
          "KomakiLDA5NoDevice-os-app-1": 0,
          "KomakiLDA5NoDevice-os-app-2": 0,
          "KomakiLDA5NoDevice-os-app-3": 0,
          "KomakiLDA5NoDevice-os-app-4": 0,
          "KomakiLDA5NoDevice-os-channel-0": 0,
          "KomakiLDA5NoDevice-os-channel-1": 5,
          "KomakiLDA5NoDevice-os-channel-2": 2,
          "KomakiLDA5NoDevice-os-channel-3": 3,
          "KomakiLDA5NoDevice-os-channel-4": 1,
          "KomakiLDA5NoDevice-channel-ip-0": 8,
          "KomakiLDA5NoDevice-channel-ip-1": 1,
          "KomakiLDA5NoDevice-channel-ip-2": 0,
          "KomakiLDA5NoDevice-channel-ip-3": 0,
          "KomakiLDA5NoDevice-channel-ip-4": 0,
          "KomakiLDA5NoDevice-channel-app-0": 10,
          "KomakiLDA5NoDevice-channel-app-1": 2,
          "KomakiLDA5NoDevice-channel-app-2": 2,
          "KomakiLDA5NoDevice-channel-app-3": 8,
          "KomakiLDA5NoDevice-channel-app-4": 10,
          "KomakiLDA5NoDevice-channel-os-0": 3,
          "KomakiLDA5NoDevice-channel-os-1": 4,
          "KomakiLDA5NoDevice-channel-os-2": 13,
          "KomakiLDA5NoDevice-channel-os-3": 1,
          "KomakiLDA5NoDevice-channel-os-4": 0
        }
      },
      {
        "train_auc": 0.9951438066226214,
        "valid_auc": 0.9227524106636416,
        "best_iteration": 26,
        "train_time": 1.1847002506256104,
        "feature_importance": {
          "ip": 0,
          "os": 0,
          "app": 0,
          "channel": 0,
          "hour": 0,
          "n_channels": 3,
          "ip_app_count": 7,
          "ip_app_os_count": 1,
          "zero-minute": 0,
          "FutureClickCount_600-ip": 0,
          "FutureClickCount_600-app": 2,
          "FutureClickCount_600-ip-app": 0,
          "FutureClickCount_600-dev": 8,
          "FutureClickCount_600-ip-dev": 0,
          "FutureClickCount_600-app-dev": 1,
          "FutureClickCount_600-ip-app-dev": 0,
          "FutureClickCount_600-os": 16,
          "FutureClickCount_600-ip-os": 0,
          "FutureClickCount_600-app-os": 2,
          "FutureClickCount_600-ip-app-os": 0,
          "FutureClickCount_600-dev-os": 13,
          "FutureClickCount_600-ip-dev-os": 0,
          "FutureClickCount_600-app-dev-os": 1,
          "FutureClickCount_600-ip-app-dev-os": 0,
          "FutureClickCount_600-cha": 3,
          "FutureClickCount_600-ip-cha": 0,
          "FutureClickCount_600-app-cha": 1,
          "FutureClickCount_600-ip-app-cha": 0,
          "FutureClickCount_600-dev-cha": 3,
          "FutureClickCount_600-ip-dev-cha": 0,
          "FutureClickCount_600-app-dev-cha": 6,
          "FutureClickCount_600-ip-app-dev-cha": 0,
          "FutureClickCount_600-os-cha": 2,
          "FutureClickCount_600-ip-os-cha": 0,
          "FutureClickCount_600-app-os-cha": 0,
          "FutureClickCount_600-ip-app-os-cha": 0,
          "FutureClickCount_600-dev-os-cha": 0,
          "FutureClickCount_600-ip-dev-os-cha": 0,
          "FutureClickCount_600-app-dev-os-cha": 0,
          "FutureClickCount_600-ip-app-dev-os-cha": 0,
          "FutureClickCount_4800-ip": 0,
          "FutureClickCount_4800-app": 9,
          "FutureClickCount_4800-ip-app": 0,
          "FutureClickCount_4800-dev": 16,
          "FutureClickCount_4800-ip-dev": 0,
          "FutureClickCount_4800-app-dev": 2,
          "FutureClickCount_4800-ip-app-dev": 0,
          "FutureClickCount_4800-os": 5,
          "FutureClickCount_4800-ip-os": 0,
          "FutureClickCount_4800-app-os": 1,
          "FutureClickCount_4800-ip-app-os": 0,
          "FutureClickCount_4800-dev-os": 14,
          "FutureClickCount_4800-ip-dev-os": 0,
          "FutureClickCount_4800-app-dev-os": 5,
          "FutureClickCount_4800-ip-app-dev-os": 0,
          "FutureClickCount_4800-cha": 10,
          "FutureClickCount_4800-ip-cha": 0,
          "FutureClickCount_4800-app-cha": 3,
          "FutureClickCount_4800-ip-app-cha": 0,
          "FutureClickCount_4800-dev-cha": 9,
          "FutureClickCount_4800-ip-dev-cha": 0,
          "FutureClickCount_4800-app-dev-cha": 3,
          "FutureClickCount_4800-ip-app-dev-cha": 0,
          "FutureClickCount_4800-os-cha": 5,
          "FutureClickCount_4800-ip-os-cha": 0,
          "FutureClickCount_4800-app-os-cha": 2,
          "FutureClickCount_4800-ip-app-os-cha": 0,
          "FutureClickCount_4800-dev-os-cha": 5,
          "FutureClickCount_4800-ip-dev-os-cha": 0,
          "FutureClickCount_4800-app-dev-os-cha": 1,
          "FutureClickCount_4800-ip-app-dev-os-cha": 0,
          "NextClickTimeDelta-ip": 8,
          "NextClickTimeDelta-app": 15,
          "NextClickTimeDelta-ip-app": 0,
          "NextClickTimeDelta-dev": 3,
          "NextClickTimeDelta-ip-dev": 5,
          "NextClickTimeDelta-app-dev": 5,
          "NextClickTimeDelta-ip-app-dev": 0,
          "NextClickTimeDelta-os": 4,
          "NextClickTimeDelta-ip-os": 2,
          "NextClickTimeDelta-app-os": 5,
          "NextClickTimeDelta-ip-app-os": 0,
          "NextClickTimeDelta-dev-os": 2,
          "NextClickTimeDelta-ip-dev-os": 0,
          "NextClickTimeDelta-app-dev-os": 1,
          "NextClickTimeDelta-ip-app-dev-os": 0,
          "NextClickTimeDelta-cha": 5,
          "NextClickTimeDelta-ip-cha": 4,
          "NextClickTimeDelta-app-cha": 6,
          "NextClickTimeDelta-ip-app-cha": 0,
          "NextClickTimeDelta-dev-cha": 6,
          "NextClickTimeDelta-ip-dev-cha": 0,
          "NextClickTimeDelta-app-dev-cha": 5,
          "NextClickTimeDelta-ip-app-dev-cha": 0,
          "NextClickTimeDelta-os-cha": 1,
          "NextClickTimeDelta-ip-os-cha": 0,
          "NextClickTimeDelta-app-os-cha": 4,
          "NextClickTimeDelta-ip-app-os-cha": 0,
          "NextClickTimeDelta-dev-os-cha": 4,
          "NextClickTimeDelta-ip-dev-os-cha": 0,
          "NextClickTimeDelta-app-dev-os-cha": 0,
          "NextClickTimeDelta-ip-app-dev-os-cha": 0,
          "PrevClickTimeDelta-ip": 14,
          "PrevClickTimeDelta-app": 10,
          "PrevClickTimeDelta-ip-app": 1,
          "PrevClickTimeDelta-dev": 3,
          "PrevClickTimeDelta-ip-dev": 4,
          "PrevClickTimeDelta-app-dev": 8,
          "PrevClickTimeDelta-ip-app-dev": 0,
          "PrevClickTimeDelta-os": 14,
          "PrevClickTimeDelta-ip-os": 1,
          "PrevClickTimeDelta-app-os": 3,
          "PrevClickTimeDelta-ip-app-os": 0,
          "PrevClickTimeDelta-dev-os": 10,
          "PrevClickTimeDelta-ip-dev-os": 0,
          "PrevClickTimeDelta-app-dev-os": 3,
          "PrevClickTimeDelta-ip-app-dev-os": 0,
          "PrevClickTimeDelta-cha": 9,
          "PrevClickTimeDelta-ip-cha": 0,
          "PrevClickTimeDelta-app-cha": 2,
          "PrevClickTimeDelta-ip-app-cha": 2,
          "PrevClickTimeDelta-dev-cha": 5,
          "PrevClickTimeDelta-ip-dev-cha": 0,
          "PrevClickTimeDelta-app-dev-cha": 3,
          "PrevClickTimeDelta-ip-app-dev-cha": 0,
          "PrevClickTimeDelta-os-cha": 2,
          "PrevClickTimeDelta-ip-os-cha": 0,
          "PrevClickTimeDelta-app-os-cha": 10,
          "PrevClickTimeDelta-ip-app-os-cha": 0,
          "PrevClickTimeDelta-dev-os-cha": 2,
          "PrevClickTimeDelta-ip-dev-os-cha": 0,
          "PrevClickTimeDelta-app-dev-os-cha": 3,
          "PrevClickTimeDelta-ip-app-dev-os-cha": 0,
          "AverageAttributedRatio-ip": 2,
          "AverageAttributedRatio-app": 13,
          "AverageAttributedRatio-ip-app": 0,
          "AverageAttributedRatio-dev": 3,
          "AverageAttributedRatio-ip-dev": 1,
          "AverageAttributedRatio-app-dev": 12,
          "AverageAttributedRatio-ip-app-dev": 0,
          "AverageAttributedRatio-os": 3,
          "AverageAttributedRatio-ip-os": 0,
          "AverageAttributedRatio-app-os": 1,
          "AverageAttributedRatio-ip-app-os": 0,
          "AverageAttributedRatio-dev-os": 2,
          "AverageAttributedRatio-ip-dev-os": 0,
          "AverageAttributedRatio-app-dev-os": 6,
          "AverageAttributedRatio-ip-app-dev-os": 0,
          "AverageAttributedRatio-cha": 2,
          "AverageAttributedRatio-ip-cha": 0,
          "AverageAttributedRatio-app-cha": 0,
          "AverageAttributedRatio-ip-app-cha": 0,
          "AverageAttributedRatio-dev-cha": 3,
          "AverageAttributedRatio-ip-dev-cha": 0,
          "AverageAttributedRatio-app-dev-cha": 0,
          "AverageAttributedRatio-ip-app-dev-cha": 0,
          "AverageAttributedRatio-os-cha": 1,
          "AverageAttributedRatio-ip-os-cha": 0,
          "AverageAttributedRatio-app-os-cha": 0,
          "AverageAttributedRatio-ip-app-os-cha": 0,
          "AverageAttributedRatio-dev-os-cha": 2,
          "AverageAttributedRatio-ip-dev-os-cha": 0,
          "AverageAttributedRatio-app-dev-os-cha": 0,
          "AverageAttributedRatio-ip-app-dev-os-cha": 0,
          "KomakiLDA5NoDevice-ip-app-0": 30,
          "KomakiLDA5NoDevice-ip-app-1": 8,
          "KomakiLDA5NoDevice-ip-app-2": 5,
          "KomakiLDA5NoDevice-ip-app-3": 6,
          "KomakiLDA5NoDevice-ip-app-4": 8,
          "KomakiLDA5NoDevice-ip-os-0": 5,
          "KomakiLDA5NoDevice-ip-os-1": 18,
          "KomakiLDA5NoDevice-ip-os-2": 8,
          "KomakiLDA5NoDevice-ip-os-3": 12,
          "KomakiLDA5NoDevice-ip-os-4": 12,
          "KomakiLDA5NoDevice-ip-channel-0": 6,
          "KomakiLDA5NoDevice-ip-channel-1": 12,
          "KomakiLDA5NoDevice-ip-channel-2": 7,
          "KomakiLDA5NoDevice-ip-channel-3": 16,
          "KomakiLDA5NoDevice-ip-channel-4": 6,
          "KomakiLDA5NoDevice-app-ip-0": 8,
          "KomakiLDA5NoDevice-app-ip-1": 2,
          "KomakiLDA5NoDevice-app-ip-2": 5,
          "KomakiLDA5NoDevice-app-ip-3": 2,
          "KomakiLDA5NoDevice-app-ip-4": 3,
          "KomakiLDA5NoDevice-app-os-0": 6,
          "KomakiLDA5NoDevice-app-os-1": 4,
          "KomakiLDA5NoDevice-app-os-2": 16,
          "KomakiLDA5NoDevice-app-os-3": 4,
          "KomakiLDA5NoDevice-app-os-4": 18,
          "KomakiLDA5NoDevice-app-channel-0": 7,
          "KomakiLDA5NoDevice-app-channel-1": 9,
          "KomakiLDA5NoDevice-app-channel-2": 8,
          "KomakiLDA5NoDevice-app-channel-3": 6,
          "KomakiLDA5NoDevice-app-channel-4": 1,
          "KomakiLDA5NoDevice-os-ip-0": 8,
          "KomakiLDA5NoDevice-os-ip-1": 9,
          "KomakiLDA5NoDevice-os-ip-2": 1,
          "KomakiLDA5NoDevice-os-ip-3": 0,
          "KomakiLDA5NoDevice-os-ip-4": 0,
          "KomakiLDA5NoDevice-os-app-0": 6,
          "KomakiLDA5NoDevice-os-app-1": 0,
          "KomakiLDA5NoDevice-os-app-2": 0,
          "KomakiLDA5NoDevice-os-app-3": 0,
          "KomakiLDA5NoDevice-os-app-4": 0,
          "KomakiLDA5NoDevice-os-channel-0": 0,
          "KomakiLDA5NoDevice-os-channel-1": 0,
          "KomakiLDA5NoDevice-os-channel-2": 4,
          "KomakiLDA5NoDevice-os-channel-3": 9,
          "KomakiLDA5NoDevice-os-channel-4": 6,
          "KomakiLDA5NoDevice-channel-ip-0": 5,
          "KomakiLDA5NoDevice-channel-ip-1": 2,
          "KomakiLDA5NoDevice-channel-ip-2": 0,
          "KomakiLDA5NoDevice-channel-ip-3": 3,
          "KomakiLDA5NoDevice-channel-ip-4": 0,
          "KomakiLDA5NoDevice-channel-app-0": 9,
          "KomakiLDA5NoDevice-channel-app-1": 3,
          "KomakiLDA5NoDevice-channel-app-2": 3,
          "KomakiLDA5NoDevice-channel-app-3": 3,
          "KomakiLDA5NoDevice-channel-app-4": 11,
          "KomakiLDA5NoDevice-channel-os-0": 11,
          "KomakiLDA5NoDevice-channel-os-1": 10,
          "KomakiLDA5NoDevice-channel-os-2": 9,
          "KomakiLDA5NoDevice-channel-os-3": 5,
          "KomakiLDA5NoDevice-channel-os-4": 1
        }
      },
      {
        "train_auc": 0.9891817736403724,
        "valid_auc": 0.9179365881843131,
        "best_iteration": 10,
        "train_time": 1.025137186050415,
        "feature_importance": {
          "ip": 0,
          "os": 0,
          "app": 0,
          "channel": 0,
          "hour": 0,
          "n_channels": 1,
          "ip_app_count": 1,
          "ip_app_os_count": 0,
          "zero-minute": 0,
          "FutureClickCount_600-ip": 0,
          "FutureClickCount_600-app": 2,
          "FutureClickCount_600-ip-app": 0,
          "FutureClickCount_600-dev": 4,
          "FutureClickCount_600-ip-dev": 0,
          "FutureClickCount_600-app-dev": 3,
          "FutureClickCount_600-ip-app-dev": 0,
          "FutureClickCount_600-os": 2,
          "FutureClickCount_600-ip-os": 0,
          "FutureClickCount_600-app-os": 2,
          "FutureClickCount_600-ip-app-os": 0,
          "FutureClickCount_600-dev-os": 1,
          "FutureClickCount_600-ip-dev-os": 0,
          "FutureClickCount_600-app-dev-os": 1,
          "FutureClickCount_600-ip-app-dev-os": 0,
          "FutureClickCount_600-cha": 2,
          "FutureClickCount_600-ip-cha": 0,
          "FutureClickCount_600-app-cha": 1,
          "FutureClickCount_600-ip-app-cha": 0,
          "FutureClickCount_600-dev-cha": 3,
          "FutureClickCount_600-ip-dev-cha": 0,
          "FutureClickCount_600-app-dev-cha": 0,
          "FutureClickCount_600-ip-app-dev-cha": 0,
          "FutureClickCount_600-os-cha": 1,
          "FutureClickCount_600-ip-os-cha": 0,
          "FutureClickCount_600-app-os-cha": 1,
          "FutureClickCount_600-ip-app-os-cha": 0,
          "FutureClickCount_600-dev-os-cha": 0,
          "FutureClickCount_600-ip-dev-os-cha": 0,
          "FutureClickCount_600-app-dev-os-cha": 0,
          "FutureClickCount_600-ip-app-dev-os-cha": 0,
          "FutureClickCount_4800-ip": 0,
          "FutureClickCount_4800-app": 1,
          "FutureClickCount_4800-ip-app": 0,
          "FutureClickCount_4800-dev": 3,
          "FutureClickCount_4800-ip-dev": 0,
          "FutureClickCount_4800-app-dev": 0,
          "FutureClickCount_4800-ip-app-dev": 0,
          "FutureClickCount_4800-os": 0,
          "FutureClickCount_4800-ip-os": 0,
          "FutureClickCount_4800-app-os": 1,
          "FutureClickCount_4800-ip-app-os": 0,
          "FutureClickCount_4800-dev-os": 3,
          "FutureClickCount_4800-ip-dev-os": 0,
          "FutureClickCount_4800-app-dev-os": 0,
          "FutureClickCount_4800-ip-app-dev-os": 0,
          "FutureClickCount_4800-cha": 2,
          "FutureClickCount_4800-ip-cha": 0,
          "FutureClickCount_4800-app-cha": 3,
          "FutureClickCount_4800-ip-app-cha": 0,
          "FutureClickCount_4800-dev-cha": 1,
          "FutureClickCount_4800-ip-dev-cha": 0,
          "FutureClickCount_4800-app-dev-cha": 2,
          "FutureClickCount_4800-ip-app-dev-cha": 0,
          "FutureClickCount_4800-os-cha": 0,
          "FutureClickCount_4800-ip-os-cha": 0,
          "FutureClickCount_4800-app-os-cha": 0,
          "FutureClickCount_4800-ip-app-os-cha": 0,
          "FutureClickCount_4800-dev-os-cha": 1,
          "FutureClickCount_4800-ip-dev-os-cha": 0,
          "FutureClickCount_4800-app-dev-os-cha": 1,
          "FutureClickCount_4800-ip-app-dev-os-cha": 0,
          "NextClickTimeDelta-ip": 4,
          "NextClickTimeDelta-app": 8,
          "NextClickTimeDelta-ip-app": 1,
          "NextClickTimeDelta-dev": 0,
          "NextClickTimeDelta-ip-dev": 2,
          "NextClickTimeDelta-app-dev": 1,
          "NextClickTimeDelta-ip-app-dev": 0,
          "NextClickTimeDelta-os": 1,
          "NextClickTimeDelta-ip-os": 2,
          "NextClickTimeDelta-app-os": 0,
          "NextClickTimeDelta-ip-app-os": 0,
          "NextClickTimeDelta-dev-os": 3,
          "NextClickTimeDelta-ip-dev-os": 4,
          "NextClickTimeDelta-app-dev-os": 4,
          "NextClickTimeDelta-ip-app-dev-os": 0,
          "NextClickTimeDelta-cha": 3,
          "NextClickTimeDelta-ip-cha": 0,
          "NextClickTimeDelta-app-cha": 2,
          "NextClickTimeDelta-ip-app-cha": 0,
          "NextClickTimeDelta-dev-cha": 10,
          "NextClickTimeDelta-ip-dev-cha": 0,
          "NextClickTimeDelta-app-dev-cha": 2,
          "NextClickTimeDelta-ip-app-dev-cha": 0,
          "NextClickTimeDelta-os-cha": 0,
          "NextClickTimeDelta-ip-os-cha": 0,
          "NextClickTimeDelta-app-os-cha": 0,
          "NextClickTimeDelta-ip-app-os-cha": 0,
          "NextClickTimeDelta-dev-os-cha": 0,
          "NextClickTimeDelta-ip-dev-os-cha": 0,
          "NextClickTimeDelta-app-dev-os-cha": 0,
          "NextClickTimeDelta-ip-app-dev-os-cha": 0,
          "PrevClickTimeDelta-ip": 1,
          "PrevClickTimeDelta-app": 3,
          "PrevClickTimeDelta-ip-app": 0,
          "PrevClickTimeDelta-dev": 1,
          "PrevClickTimeDelta-ip-dev": 4,
          "PrevClickTimeDelta-app-dev": 2,
          "PrevClickTimeDelta-ip-app-dev": 0,
          "PrevClickTimeDelta-os": 3,
          "PrevClickTimeDelta-ip-os": 2,
          "PrevClickTimeDelta-app-os": 5,
          "PrevClickTimeDelta-ip-app-os": 0,
          "PrevClickTimeDelta-dev-os": 4,
          "PrevClickTimeDelta-ip-dev-os": 0,
          "PrevClickTimeDelta-app-dev-os": 5,
          "PrevClickTimeDelta-ip-app-dev-os": 0,
          "PrevClickTimeDelta-cha": 3,
          "PrevClickTimeDelta-ip-cha": 0,
          "PrevClickTimeDelta-app-cha": 2,
          "PrevClickTimeDelta-ip-app-cha": 0,
          "PrevClickTimeDelta-dev-cha": 3,
          "PrevClickTimeDelta-ip-dev-cha": 0,
          "PrevClickTimeDelta-app-dev-cha": 2,
          "PrevClickTimeDelta-ip-app-dev-cha": 0,
          "PrevClickTimeDelta-os-cha": 4,
          "PrevClickTimeDelta-ip-os-cha": 0,
          "PrevClickTimeDelta-app-os-cha": 3,
          "PrevClickTimeDelta-ip-app-os-cha": 0,
          "PrevClickTimeDelta-dev-os-cha": 2,
          "PrevClickTimeDelta-ip-dev-os-cha": 0,
          "PrevClickTimeDelta-app-dev-os-cha": 2,
          "PrevClickTimeDelta-ip-app-dev-os-cha": 0,
          "AverageAttributedRatio-ip": 0,
          "AverageAttributedRatio-app": 5,
          "AverageAttributedRatio-ip-app": 0,
          "AverageAttributedRatio-dev": 0,
          "AverageAttributedRatio-ip-dev": 0,
          "AverageAttributedRatio-app-dev": 4,
          "AverageAttributedRatio-ip-app-dev": 0,
          "AverageAttributedRatio-os": 4,
          "AverageAttributedRatio-ip-os": 0,
          "AverageAttributedRatio-app-os": 0,
          "AverageAttributedRatio-ip-app-os": 0,
          "AverageAttributedRatio-dev-os": 3,
          "AverageAttributedRatio-ip-dev-os": 0,
          "AverageAttributedRatio-app-dev-os": 1,
          "AverageAttributedRatio-ip-app-dev-os": 0,
          "AverageAttributedRatio-cha": 0,
          "AverageAttributedRatio-ip-cha": 0,
          "AverageAttributedRatio-app-cha": 0,
          "AverageAttributedRatio-ip-app-cha": 0,
          "AverageAttributedRatio-dev-cha": 0,
          "AverageAttributedRatio-ip-dev-cha": 0,
          "AverageAttributedRatio-app-dev-cha": 1,
          "AverageAttributedRatio-ip-app-dev-cha": 0,
          "AverageAttributedRatio-os-cha": 2,
          "AverageAttributedRatio-ip-os-cha": 0,
          "AverageAttributedRatio-app-os-cha": 0,
          "AverageAttributedRatio-ip-app-os-cha": 0,
          "AverageAttributedRatio-dev-os-cha": 0,
          "AverageAttributedRatio-ip-dev-os-cha": 0,
          "AverageAttributedRatio-app-dev-os-cha": 0,
          "AverageAttributedRatio-ip-app-dev-os-cha": 0,
          "KomakiLDA5NoDevice-ip-app-0": 15,
          "KomakiLDA5NoDevice-ip-app-1": 2,
          "KomakiLDA5NoDevice-ip-app-2": 8,
          "KomakiLDA5NoDevice-ip-app-3": 11,
          "KomakiLDA5NoDevice-ip-app-4": 5,
          "KomakiLDA5NoDevice-ip-os-0": 0,
          "KomakiLDA5NoDevice-ip-os-1": 1,
          "KomakiLDA5NoDevice-ip-os-2": 7,
          "KomakiLDA5NoDevice-ip-os-3": 3,
          "KomakiLDA5NoDevice-ip-os-4": 5,
          "KomakiLDA5NoDevice-ip-channel-0": 9,
          "KomakiLDA5NoDevice-ip-channel-1": 4,
          "KomakiLDA5NoDevice-ip-channel-2": 2,
          "KomakiLDA5NoDevice-ip-channel-3": 4,
          "KomakiLDA5NoDevice-ip-channel-4": 3,
          "KomakiLDA5NoDevice-app-ip-0": 7,
          "KomakiLDA5NoDevice-app-ip-1": 3,
          "KomakiLDA5NoDevice-app-ip-2": 2,
          "KomakiLDA5NoDevice-app-ip-3": 0,
          "KomakiLDA5NoDevice-app-ip-4": 0,
          "KomakiLDA5NoDevice-app-os-0": 3,
          "KomakiLDA5NoDevice-app-os-1": 0,
          "KomakiLDA5NoDevice-app-os-2": 6,
          "KomakiLDA5NoDevice-app-os-3": 1,
          "KomakiLDA5NoDevice-app-os-4": 0,
          "KomakiLDA5NoDevice-app-channel-0": 3,
          "KomakiLDA5NoDevice-app-channel-1": 1,
          "KomakiLDA5NoDevice-app-channel-2": 0,
          "KomakiLDA5NoDevice-app-channel-3": 4,
          "KomakiLDA5NoDevice-app-channel-4": 3,
          "KomakiLDA5NoDevice-os-ip-0": 4,
          "KomakiLDA5NoDevice-os-ip-1": 1,
          "KomakiLDA5NoDevice-os-ip-2": 1,
          "KomakiLDA5NoDevice-os-ip-3": 2,
          "KomakiLDA5NoDevice-os-ip-4": 0,
          "KomakiLDA5NoDevice-os-app-0": 1,
          "KomakiLDA5NoDevice-os-app-1": 0,
          "KomakiLDA5NoDevice-os-app-2": 0,
          "KomakiLDA5NoDevice-os-app-3": 0,
          "KomakiLDA5NoDevice-os-app-4": 0,
          "KomakiLDA5NoDevice-os-channel-0": 0,
          "KomakiLDA5NoDevice-os-channel-1": 3,
          "KomakiLDA5NoDevice-os-channel-2": 0,
          "KomakiLDA5NoDevice-os-channel-3": 3,
          "KomakiLDA5NoDevice-os-channel-4": 1,
          "KomakiLDA5NoDevice-channel-ip-0": 1,
          "KomakiLDA5NoDevice-channel-ip-1": 0,
          "KomakiLDA5NoDevice-channel-ip-2": 0,
          "KomakiLDA5NoDevice-channel-ip-3": 0,
          "KomakiLDA5NoDevice-channel-ip-4": 0,
          "KomakiLDA5NoDevice-channel-app-0": 4,
          "KomakiLDA5NoDevice-channel-app-1": 3,
          "KomakiLDA5NoDevice-channel-app-2": 2,
          "KomakiLDA5NoDevice-channel-app-3": 2,
          "KomakiLDA5NoDevice-channel-app-4": 4,
          "KomakiLDA5NoDevice-channel-os-0": 3,
          "KomakiLDA5NoDevice-channel-os-1": 4,
          "KomakiLDA5NoDevice-channel-os-2": 0,
          "KomakiLDA5NoDevice-channel-os-3": 0,
          "KomakiLDA5NoDevice-channel-os-4": 0
        }
      }
    ],
    "average_train_auc": 0.9928711221838735,
    "average_valid_auc": 0.9264606330106326,
    "train_auc_std": 0.0023332336735986934,
    "valid_auc_std": 0.006813000224088472,
    "average_train_time": 1.316748046875
  },
  "config": {
    "features": [
      "ip",
      "os",
      "app",
      "channel",
      "hour",
      "count",
      "zero-minute",
      "future_click_count_10",
      "future_click_count_80",
      "next_click_time_delta",
      "prev_click_time_delta",
      "average_attributed_ratio",
      "komaki_lda_5_no_device"
    ],
    "model": {
      "name": "lightgbm",
      "model_params": {
        "boosting_type": "gbdt",
        "objective": "binary",
        "metric": "auc",
        "learning_rate": 0.03,
        "num_leaves": 255,
        "max_depth": 8,
        "min_child_samples": 10,
        "max_bin": 100,
        "subsample": 0.7,
        "subsample_freq": 1,
        "colsample_bytree": 0.7,
        "min_child_weight": 0,
        "subsample_for_bin": 200000,
        "min_split_gain": 0,
        "reg_alpha": 0,
        "reg_lambda": 0,
        "verbose": 0
      },
      "train_params": {
        "num_boost_round": 1000,
        "early_stopping_rounds": 30
      }
    },
    "dataset": {
      "input_directory": "data/input/",
      "cache_directory": "data/working/",
      "validation_ratio": 0.33333333333,
      "full_data_train": true,
      "files": {
        "train": "train.feather.small",
        "test": "old_test.feather.small"
      },
      "negative_down_sampling": {
        "enabled": true,
        "bagging_size": 5,
        "random_state": 114514
      }
    },
    "note": "29 + is-zero-minute"
  }
}