{
  "training": {
    "trials": [
      {
        "train_auc": 0.9944349281463457,
        "valid_auc": 0.9845538027197702,
        "best_iteration": 551,
        "train_time": 426.87447476387024,
        "feature_importance": {
          "app": 3189,
          "hour": 3029,
          "n_channels": 912,
          "ip_app_count": 816,
          "ip_app_os_count": 1019,
          "FutureClickCount_600-ip": 523,
          "FutureClickCount_600-app": 458,
          "FutureClickCount_600-ip-app": 226,
          "FutureClickCount_600-dev": 262,
          "FutureClickCount_600-ip-dev": 516,
          "FutureClickCount_600-app-dev": 362,
          "FutureClickCount_600-ip-app-dev": 185,
          "FutureClickCount_600-os": 282,
          "FutureClickCount_600-ip-os": 389,
          "FutureClickCount_600-app-os": 417,
          "FutureClickCount_600-ip-app-os": 226,
          "FutureClickCount_600-dev-os": 626,
          "FutureClickCount_600-ip-dev-os": 315,
          "FutureClickCount_600-app-dev-os": 582,
          "FutureClickCount_600-ip-app-dev-os": 380,
          "FutureClickCount_600-cha": 436,
          "FutureClickCount_600-ip-cha": 130,
          "FutureClickCount_600-app-cha": 577,
          "FutureClickCount_600-ip-app-cha": 96,
          "FutureClickCount_600-dev-cha": 312,
          "FutureClickCount_600-ip-dev-cha": 121,
          "FutureClickCount_600-app-dev-cha": 334,
          "FutureClickCount_600-ip-app-dev-cha": 95,
          "FutureClickCount_600-os-cha": 295,
          "FutureClickCount_600-ip-os-cha": 90,
          "FutureClickCount_600-app-os-cha": 323,
          "FutureClickCount_600-ip-app-os-cha": 74,
          "FutureClickCount_600-dev-os-cha": 286,
          "FutureClickCount_600-ip-dev-os-cha": 72,
          "FutureClickCount_600-app-dev-os-cha": 357,
          "FutureClickCount_600-ip-app-dev-os-cha": 86,
          "FutureClickCount_4800-ip": 710,
          "FutureClickCount_4800-app": 343,
          "FutureClickCount_4800-ip-app": 283,
          "FutureClickCount_4800-dev": 91,
          "FutureClickCount_4800-ip-dev": 963,
          "FutureClickCount_4800-app-dev": 198,
          "FutureClickCount_4800-ip-app-dev": 237,
          "FutureClickCount_4800-os": 143,
          "FutureClickCount_4800-ip-os": 480,
          "FutureClickCount_4800-app-os": 305,
          "FutureClickCount_4800-ip-app-os": 314,
          "FutureClickCount_4800-dev-os": 201,
          "FutureClickCount_4800-ip-dev-os": 728,
          "FutureClickCount_4800-app-dev-os": 440,
          "FutureClickCount_4800-ip-app-dev-os": 365,
          "FutureClickCount_4800-cha": 303,
          "FutureClickCount_4800-ip-cha": 221,
          "FutureClickCount_4800-app-cha": 520,
          "FutureClickCount_4800-ip-app-cha": 152,
          "FutureClickCount_4800-dev-cha": 218,
          "FutureClickCount_4800-ip-dev-cha": 161,
          "FutureClickCount_4800-app-dev-cha": 285,
          "FutureClickCount_4800-ip-app-dev-cha": 150,
          "FutureClickCount_4800-os-cha": 288,
          "FutureClickCount_4800-ip-os-cha": 117,
          "FutureClickCount_4800-app-os-cha": 294,
          "FutureClickCount_4800-ip-app-os-cha": 114,
          "FutureClickCount_4800-dev-os-cha": 284,
          "FutureClickCount_4800-ip-dev-os-cha": 109,
          "FutureClickCount_4800-app-dev-os-cha": 319,
          "FutureClickCount_4800-ip-app-dev-os-cha": 111,
          "NextClickTimeDelta-ip": 680,
          "NextClickTimeDelta-app": 115,
          "NextClickTimeDelta-ip-app": 861,
          "NextClickTimeDelta-dev": 73,
          "NextClickTimeDelta-ip-dev": 409,
          "NextClickTimeDelta-app-dev": 92,
          "NextClickTimeDelta-ip-app-dev": 564,
          "NextClickTimeDelta-os": 105,
          "NextClickTimeDelta-ip-os": 609,
          "NextClickTimeDelta-app-os": 205,
          "NextClickTimeDelta-ip-app-os": 1373,
          "NextClickTimeDelta-dev-os": 98,
          "NextClickTimeDelta-ip-dev-os": 399,
          "NextClickTimeDelta-app-dev-os": 167,
          "NextClickTimeDelta-ip-app-dev-os": 2140,
          "NextClickTimeDelta-cha": 123,
          "NextClickTimeDelta-ip-cha": 475,
          "NextClickTimeDelta-app-cha": 175,
          "NextClickTimeDelta-ip-app-cha": 434,
          "NextClickTimeDelta-dev-cha": 94,
          "NextClickTimeDelta-ip-dev-cha": 349,
          "NextClickTimeDelta-app-dev-cha": 108,
          "NextClickTimeDelta-ip-app-dev-cha": 359,
          "NextClickTimeDelta-os-cha": 235,
          "NextClickTimeDelta-ip-os-cha": 348,
          "NextClickTimeDelta-app-os-cha": 272,
          "NextClickTimeDelta-ip-app-os-cha": 489,
          "NextClickTimeDelta-dev-os-cha": 196,
          "NextClickTimeDelta-ip-dev-os-cha": 293,
          "NextClickTimeDelta-app-dev-os-cha": 214,
          "NextClickTimeDelta-ip-app-dev-os-cha": 517,
          "PrevClickTimeDelta-ip": 619,
          "PrevClickTimeDelta-app": 102,
          "PrevClickTimeDelta-ip-app": 383,
          "PrevClickTimeDelta-dev": 59,
          "PrevClickTimeDelta-ip-dev": 383,
          "PrevClickTimeDelta-app-dev": 97,
          "PrevClickTimeDelta-ip-app-dev": 276,
          "PrevClickTimeDelta-os": 90,
          "PrevClickTimeDelta-ip-os": 491,
          "PrevClickTimeDelta-app-os": 190,
          "PrevClickTimeDelta-ip-app-os": 329,
          "PrevClickTimeDelta-dev-os": 79,
          "PrevClickTimeDelta-ip-dev-os": 304,
          "PrevClickTimeDelta-app-dev-os": 172,
          "PrevClickTimeDelta-ip-app-dev-os": 303,
          "PrevClickTimeDelta-cha": 104,
          "PrevClickTimeDelta-ip-cha": 383,
          "PrevClickTimeDelta-app-cha": 154,
          "PrevClickTimeDelta-ip-app-cha": 268,
          "PrevClickTimeDelta-dev-cha": 112,
          "PrevClickTimeDelta-ip-dev-cha": 232,
          "PrevClickTimeDelta-app-dev-cha": 122,
          "PrevClickTimeDelta-ip-app-dev-cha": 210,
          "PrevClickTimeDelta-os-cha": 221,
          "PrevClickTimeDelta-ip-os-cha": 255,
          "PrevClickTimeDelta-app-os-cha": 196,
          "PrevClickTimeDelta-ip-app-os-cha": 219,
          "PrevClickTimeDelta-dev-os-cha": 188,
          "PrevClickTimeDelta-ip-dev-os-cha": 175,
          "PrevClickTimeDelta-app-dev-os-cha": 175,
          "PrevClickTimeDelta-ip-app-dev-os-cha": 148,
          "AverageAttributedRatio-ip": 407,
          "AverageAttributedRatio-app": 374,
          "AverageAttributedRatio-ip-app": 344,
          "AverageAttributedRatio-dev": 655,
          "AverageAttributedRatio-ip-dev": 432,
          "AverageAttributedRatio-app-dev": 253,
          "AverageAttributedRatio-ip-app-dev": 444,
          "AverageAttributedRatio-os": 330,
          "AverageAttributedRatio-ip-os": 327,
          "AverageAttributedRatio-app-os": 391,
          "AverageAttributedRatio-ip-app-os": 130,
          "AverageAttributedRatio-dev-os": 306,
          "AverageAttributedRatio-ip-dev-os": 279,
          "AverageAttributedRatio-app-dev-os": 361,
          "AverageAttributedRatio-ip-app-dev-os": 145,
          "AverageAttributedRatio-cha": 306,
          "AverageAttributedRatio-ip-cha": 154,
          "AverageAttributedRatio-app-cha": 296,
          "AverageAttributedRatio-ip-app-cha": 133,
          "AverageAttributedRatio-dev-cha": 216,
          "AverageAttributedRatio-ip-dev-cha": 134,
          "AverageAttributedRatio-app-dev-cha": 312,
          "AverageAttributedRatio-ip-app-dev-cha": 128,
          "AverageAttributedRatio-os-cha": 344,
          "AverageAttributedRatio-ip-os-cha": 117,
          "AverageAttributedRatio-app-os-cha": 448,
          "AverageAttributedRatio-ip-app-os-cha": 70,
          "AverageAttributedRatio-dev-os-cha": 261,
          "AverageAttributedRatio-ip-dev-os-cha": 73,
          "AverageAttributedRatio-app-dev-os-cha": 416,
          "AverageAttributedRatio-ip-app-dev-os-cha": 47,
          "KomakiLDA5NoDevice-ip-app-0": 992,
          "KomakiLDA5NoDevice-ip-app-1": 934,
          "KomakiLDA5NoDevice-ip-app-2": 955,
          "KomakiLDA5NoDevice-ip-app-3": 561,
          "KomakiLDA5NoDevice-ip-app-4": 532,
          "KomakiLDA5NoDevice-ip-os-0": 924,
          "KomakiLDA5NoDevice-ip-os-1": 872,
          "KomakiLDA5NoDevice-ip-os-2": 552,
          "KomakiLDA5NoDevice-ip-os-3": 684,
          "KomakiLDA5NoDevice-ip-os-4": 837,
          "KomakiLDA5NoDevice-ip-channel-0": 826,
          "KomakiLDA5NoDevice-ip-channel-1": 714,
          "KomakiLDA5NoDevice-ip-channel-2": 866,
          "KomakiLDA5NoDevice-ip-channel-3": 963,
          "KomakiLDA5NoDevice-ip-channel-4": 995,
          "KomakiLDA5NoDevice-app-ip-0": 212,
          "KomakiLDA5NoDevice-app-ip-1": 180,
          "KomakiLDA5NoDevice-app-ip-2": 155,
          "KomakiLDA5NoDevice-app-ip-3": 203,
          "KomakiLDA5NoDevice-app-ip-4": 94,
          "KomakiLDA5NoDevice-app-os-0": 120,
          "KomakiLDA5NoDevice-app-os-1": 205,
          "KomakiLDA5NoDevice-app-os-2": 109,
          "KomakiLDA5NoDevice-app-os-3": 116,
          "KomakiLDA5NoDevice-app-os-4": 126,
          "KomakiLDA5NoDevice-app-channel-0": 109,
          "KomakiLDA5NoDevice-app-channel-1": 121,
          "KomakiLDA5NoDevice-app-channel-2": 186,
          "KomakiLDA5NoDevice-app-channel-3": 158,
          "KomakiLDA5NoDevice-app-channel-4": 95,
          "KomakiLDA5NoDevice-os-ip-0": 313,
          "KomakiLDA5NoDevice-os-ip-1": 169,
          "KomakiLDA5NoDevice-os-ip-2": 217,
          "KomakiLDA5NoDevice-os-ip-3": 146,
          "KomakiLDA5NoDevice-os-ip-4": 168,
          "KomakiLDA5NoDevice-os-app-0": 235,
          "KomakiLDA5NoDevice-os-app-1": 252,
          "KomakiLDA5NoDevice-os-app-2": 106,
          "KomakiLDA5NoDevice-os-app-3": 174,
          "KomakiLDA5NoDevice-os-app-4": 96,
          "KomakiLDA5NoDevice-os-channel-0": 246,
          "KomakiLDA5NoDevice-os-channel-1": 111,
          "KomakiLDA5NoDevice-os-channel-2": 203,
          "KomakiLDA5NoDevice-os-channel-3": 251,
          "KomakiLDA5NoDevice-os-channel-4": 138,
          "KomakiLDA5NoDevice-channel-ip-0": 222,
          "KomakiLDA5NoDevice-channel-ip-1": 242,
          "KomakiLDA5NoDevice-channel-ip-2": 195,
          "KomakiLDA5NoDevice-channel-ip-3": 259,
          "KomakiLDA5NoDevice-channel-ip-4": 194,
          "KomakiLDA5NoDevice-channel-app-0": 224,
          "KomakiLDA5NoDevice-channel-app-1": 176,
          "KomakiLDA5NoDevice-channel-app-2": 229,
          "KomakiLDA5NoDevice-channel-app-3": 209,
          "KomakiLDA5NoDevice-channel-app-4": 181,
          "KomakiLDA5NoDevice-channel-os-0": 215,
          "KomakiLDA5NoDevice-channel-os-1": 255,
          "KomakiLDA5NoDevice-channel-os-2": 275,
          "KomakiLDA5NoDevice-channel-os-3": 208,
          "KomakiLDA5NoDevice-channel-os-4": 225,
          "KomakiNMF5NoDevice-ip-app-0": 506,
          "KomakiNMF5NoDevice-ip-app-1": 858,
          "KomakiNMF5NoDevice-ip-app-2": 666,
          "KomakiNMF5NoDevice-ip-app-3": 489,
          "KomakiNMF5NoDevice-ip-app-4": 562,
          "KomakiNMF5NoDevice-ip-os-0": 714,
          "KomakiNMF5NoDevice-ip-os-1": 731,
          "KomakiNMF5NoDevice-ip-os-2": 633,
          "KomakiNMF5NoDevice-ip-os-3": 638,
          "KomakiNMF5NoDevice-ip-os-4": 656,
          "KomakiNMF5NoDevice-ip-channel-0": 646,
          "KomakiNMF5NoDevice-ip-channel-1": 1053,
          "KomakiNMF5NoDevice-ip-channel-2": 544,
          "KomakiNMF5NoDevice-ip-channel-3": 716,
          "KomakiNMF5NoDevice-ip-channel-4": 649,
          "KomakiNMF5NoDevice-app-ip-0": 111,
          "KomakiNMF5NoDevice-app-ip-1": 118,
          "KomakiNMF5NoDevice-app-ip-2": 109,
          "KomakiNMF5NoDevice-app-ip-3": 100,
          "KomakiNMF5NoDevice-app-ip-4": 66,
          "KomakiNMF5NoDevice-app-os-0": 50,
          "KomakiNMF5NoDevice-app-os-1": 106,
          "KomakiNMF5NoDevice-app-os-2": 91,
          "KomakiNMF5NoDevice-app-os-3": 25,
          "KomakiNMF5NoDevice-app-os-4": 33,
          "KomakiNMF5NoDevice-app-channel-0": 87,
          "KomakiNMF5NoDevice-app-channel-1": 88,
          "KomakiNMF5NoDevice-app-channel-2": 104,
          "KomakiNMF5NoDevice-app-channel-3": 115,
          "KomakiNMF5NoDevice-app-channel-4": 83,
          "KomakiNMF5NoDevice-os-ip-0": 112,
          "KomakiNMF5NoDevice-os-ip-1": 109,
          "KomakiNMF5NoDevice-os-ip-2": 104,
          "KomakiNMF5NoDevice-os-ip-3": 117,
          "KomakiNMF5NoDevice-os-ip-4": 90,
          "KomakiNMF5NoDevice-os-app-0": 74,
          "KomakiNMF5NoDevice-os-app-1": 23,
          "KomakiNMF5NoDevice-os-app-2": 97,
          "KomakiNMF5NoDevice-os-app-3": 183,
          "KomakiNMF5NoDevice-os-app-4": 91,
          "KomakiNMF5NoDevice-os-channel-0": 229,
          "KomakiNMF5NoDevice-os-channel-1": 95,
          "KomakiNMF5NoDevice-os-channel-2": 236,
          "KomakiNMF5NoDevice-os-channel-3": 184,
          "KomakiNMF5NoDevice-os-channel-4": 145,
          "KomakiNMF5NoDevice-channel-ip-0": 291,
          "KomakiNMF5NoDevice-channel-ip-1": 153,
          "KomakiNMF5NoDevice-channel-ip-2": 181,
          "KomakiNMF5NoDevice-channel-ip-3": 214,
          "KomakiNMF5NoDevice-channel-ip-4": 192,
          "KomakiNMF5NoDevice-channel-app-0": 108,
          "KomakiNMF5NoDevice-channel-app-1": 60,
          "KomakiNMF5NoDevice-channel-app-2": 94,
          "KomakiNMF5NoDevice-channel-app-3": 125,
          "KomakiNMF5NoDevice-channel-app-4": 162,
          "KomakiNMF5NoDevice-channel-os-0": 179,
          "KomakiNMF5NoDevice-channel-os-1": 75,
          "KomakiNMF5NoDevice-channel-os-2": 172,
          "KomakiNMF5NoDevice-channel-os-3": 124,
          "KomakiNMF5NoDevice-channel-os-4": 244,
          "KomakiPCA5NoDevice-ip-app-0": 812,
          "KomakiPCA5NoDevice-ip-app-1": 624,
          "KomakiPCA5NoDevice-ip-app-2": 622,
          "KomakiPCA5NoDevice-ip-app-3": 512,
          "KomakiPCA5NoDevice-ip-app-4": 778,
          "KomakiPCA5NoDevice-ip-os-0": 966,
          "KomakiPCA5NoDevice-ip-os-1": 616,
          "KomakiPCA5NoDevice-ip-os-2": 603,
          "KomakiPCA5NoDevice-ip-os-3": 597,
          "KomakiPCA5NoDevice-ip-os-4": 713,
          "KomakiPCA5NoDevice-ip-channel-0": 992,
          "KomakiPCA5NoDevice-ip-channel-1": 706,
          "KomakiPCA5NoDevice-ip-channel-2": 639,
          "KomakiPCA5NoDevice-ip-channel-3": 649,
          "KomakiPCA5NoDevice-ip-channel-4": 683,
          "KomakiPCA5NoDevice-app-ip-0": 69,
          "KomakiPCA5NoDevice-app-ip-1": 83,
          "KomakiPCA5NoDevice-app-ip-2": 82,
          "KomakiPCA5NoDevice-app-ip-3": 122,
          "KomakiPCA5NoDevice-app-ip-4": 78,
          "KomakiPCA5NoDevice-app-os-0": 106,
          "KomakiPCA5NoDevice-app-os-1": 69,
          "KomakiPCA5NoDevice-app-os-2": 98,
          "KomakiPCA5NoDevice-app-os-3": 140,
          "KomakiPCA5NoDevice-app-os-4": 104,
          "KomakiPCA5NoDevice-app-channel-0": 94,
          "KomakiPCA5NoDevice-app-channel-1": 125,
          "KomakiPCA5NoDevice-app-channel-2": 76,
          "KomakiPCA5NoDevice-app-channel-3": 98,
          "KomakiPCA5NoDevice-app-channel-4": 101,
          "KomakiPCA5NoDevice-os-ip-0": 50,
          "KomakiPCA5NoDevice-os-ip-1": 99,
          "KomakiPCA5NoDevice-os-ip-2": 121,
          "KomakiPCA5NoDevice-os-ip-3": 160,
          "KomakiPCA5NoDevice-os-ip-4": 113,
          "KomakiPCA5NoDevice-os-app-0": 106,
          "KomakiPCA5NoDevice-os-app-1": 125,
          "KomakiPCA5NoDevice-os-app-2": 78,
          "KomakiPCA5NoDevice-os-app-3": 160,
          "KomakiPCA5NoDevice-os-app-4": 191,
          "KomakiPCA5NoDevice-os-channel-0": 132,
          "KomakiPCA5NoDevice-os-channel-1": 158,
          "KomakiPCA5NoDevice-os-channel-2": 109,
          "KomakiPCA5NoDevice-os-channel-3": 121,
          "KomakiPCA5NoDevice-os-channel-4": 115,
          "KomakiPCA5NoDevice-channel-ip-0": 230,
          "KomakiPCA5NoDevice-channel-ip-1": 191,
          "KomakiPCA5NoDevice-channel-ip-2": 191,
          "KomakiPCA5NoDevice-channel-ip-3": 177,
          "KomakiPCA5NoDevice-channel-ip-4": 236,
          "KomakiPCA5NoDevice-channel-app-0": 223,
          "KomakiPCA5NoDevice-channel-app-1": 136,
          "KomakiPCA5NoDevice-channel-app-2": 156,
          "KomakiPCA5NoDevice-channel-app-3": 152,
          "KomakiPCA5NoDevice-channel-app-4": 151,
          "KomakiPCA5NoDevice-channel-os-0": 184,
          "KomakiPCA5NoDevice-channel-os-1": 192,
          "KomakiPCA5NoDevice-channel-os-2": 132,
          "KomakiPCA5NoDevice-channel-os-3": 195,
          "KomakiPCA5NoDevice-channel-os-4": 190
        }
      },
      {
        "train_auc": 0.9948672207948125,
        "valid_auc": 0.9843377090352692,
        "best_iteration": 591,
        "train_time": 447.4372980594635,
        "feature_importance": {
          "app": 3450,
          "hour": 3187,
          "n_channels": 948,
          "ip_app_count": 929,
          "ip_app_os_count": 1068,
          "FutureClickCount_600-ip": 586,
          "FutureClickCount_600-app": 470,
          "FutureClickCount_600-ip-app": 222,
          "FutureClickCount_600-dev": 298,
          "FutureClickCount_600-ip-dev": 542,
          "FutureClickCount_600-app-dev": 389,
          "FutureClickCount_600-ip-app-dev": 204,
          "FutureClickCount_600-os": 247,
          "FutureClickCount_600-ip-os": 429,
          "FutureClickCount_600-app-os": 435,
          "FutureClickCount_600-ip-app-os": 238,
          "FutureClickCount_600-dev-os": 597,
          "FutureClickCount_600-ip-dev-os": 372,
          "FutureClickCount_600-app-dev-os": 604,
          "FutureClickCount_600-ip-app-dev-os": 385,
          "FutureClickCount_600-cha": 447,
          "FutureClickCount_600-ip-cha": 146,
          "FutureClickCount_600-app-cha": 584,
          "FutureClickCount_600-ip-app-cha": 123,
          "FutureClickCount_600-dev-cha": 322,
          "FutureClickCount_600-ip-dev-cha": 119,
          "FutureClickCount_600-app-dev-cha": 386,
          "FutureClickCount_600-ip-app-dev-cha": 108,
          "FutureClickCount_600-os-cha": 332,
          "FutureClickCount_600-ip-os-cha": 79,
          "FutureClickCount_600-app-os-cha": 358,
          "FutureClickCount_600-ip-app-os-cha": 101,
          "FutureClickCount_600-dev-os-cha": 294,
          "FutureClickCount_600-ip-dev-os-cha": 84,
          "FutureClickCount_600-app-dev-os-cha": 340,
          "FutureClickCount_600-ip-app-dev-os-cha": 79,
          "FutureClickCount_4800-ip": 787,
          "FutureClickCount_4800-app": 353,
          "FutureClickCount_4800-ip-app": 307,
          "FutureClickCount_4800-dev": 102,
          "FutureClickCount_4800-ip-dev": 997,
          "FutureClickCount_4800-app-dev": 176,
          "FutureClickCount_4800-ip-app-dev": 284,
          "FutureClickCount_4800-os": 145,
          "FutureClickCount_4800-ip-os": 513,
          "FutureClickCount_4800-app-os": 292,
          "FutureClickCount_4800-ip-app-os": 331,
          "FutureClickCount_4800-dev-os": 201,
          "FutureClickCount_4800-ip-dev-os": 797,
          "FutureClickCount_4800-app-dev-os": 492,
          "FutureClickCount_4800-ip-app-dev-os": 380,
          "FutureClickCount_4800-cha": 307,
          "FutureClickCount_4800-ip-cha": 214,
          "FutureClickCount_4800-app-cha": 502,
          "FutureClickCount_4800-ip-app-cha": 176,
          "FutureClickCount_4800-dev-cha": 226,
          "FutureClickCount_4800-ip-dev-cha": 199,
          "FutureClickCount_4800-app-dev-cha": 282,
          "FutureClickCount_4800-ip-app-dev-cha": 151,
          "FutureClickCount_4800-os-cha": 336,
          "FutureClickCount_4800-ip-os-cha": 126,
          "FutureClickCount_4800-app-os-cha": 317,
          "FutureClickCount_4800-ip-app-os-cha": 135,
          "FutureClickCount_4800-dev-os-cha": 328,
          "FutureClickCount_4800-ip-dev-os-cha": 119,
          "FutureClickCount_4800-app-dev-os-cha": 373,
          "FutureClickCount_4800-ip-app-dev-os-cha": 125,
          "NextClickTimeDelta-ip": 712,
          "NextClickTimeDelta-app": 123,
          "NextClickTimeDelta-ip-app": 1002,
          "NextClickTimeDelta-dev": 58,
          "NextClickTimeDelta-ip-dev": 510,
          "NextClickTimeDelta-app-dev": 81,
          "NextClickTimeDelta-ip-app-dev": 538,
          "NextClickTimeDelta-os": 104,
          "NextClickTimeDelta-ip-os": 619,
          "NextClickTimeDelta-app-os": 193,
          "NextClickTimeDelta-ip-app-os": 1377,
          "NextClickTimeDelta-dev-os": 76,
          "NextClickTimeDelta-ip-dev-os": 465,
          "NextClickTimeDelta-app-dev-os": 168,
          "NextClickTimeDelta-ip-app-dev-os": 2234,
          "NextClickTimeDelta-cha": 138,
          "NextClickTimeDelta-ip-cha": 602,
          "NextClickTimeDelta-app-cha": 219,
          "NextClickTimeDelta-ip-app-cha": 446,
          "NextClickTimeDelta-dev-cha": 124,
          "NextClickTimeDelta-ip-dev-cha": 390,
          "NextClickTimeDelta-app-dev-cha": 143,
          "NextClickTimeDelta-ip-app-dev-cha": 369,
          "NextClickTimeDelta-os-cha": 230,
          "NextClickTimeDelta-ip-os-cha": 408,
          "NextClickTimeDelta-app-os-cha": 302,
          "NextClickTimeDelta-ip-app-os-cha": 475,
          "NextClickTimeDelta-dev-os-cha": 199,
          "NextClickTimeDelta-ip-dev-os-cha": 289,
          "NextClickTimeDelta-app-dev-os-cha": 209,
          "NextClickTimeDelta-ip-app-dev-os-cha": 515,
          "PrevClickTimeDelta-ip": 583,
          "PrevClickTimeDelta-app": 128,
          "PrevClickTimeDelta-ip-app": 461,
          "PrevClickTimeDelta-dev": 81,
          "PrevClickTimeDelta-ip-dev": 378,
          "PrevClickTimeDelta-app-dev": 94,
          "PrevClickTimeDelta-ip-app-dev": 298,
          "PrevClickTimeDelta-os": 142,
          "PrevClickTimeDelta-ip-os": 527,
          "PrevClickTimeDelta-app-os": 208,
          "PrevClickTimeDelta-ip-app-os": 419,
          "PrevClickTimeDelta-dev-os": 90,
          "PrevClickTimeDelta-ip-dev-os": 354,
          "PrevClickTimeDelta-app-dev-os": 199,
          "PrevClickTimeDelta-ip-app-dev-os": 325,
          "PrevClickTimeDelta-cha": 134,
          "PrevClickTimeDelta-ip-cha": 383,
          "PrevClickTimeDelta-app-cha": 166,
          "PrevClickTimeDelta-ip-app-cha": 332,
          "PrevClickTimeDelta-dev-cha": 111,
          "PrevClickTimeDelta-ip-dev-cha": 278,
          "PrevClickTimeDelta-app-dev-cha": 97,
          "PrevClickTimeDelta-ip-app-dev-cha": 253,
          "PrevClickTimeDelta-os-cha": 270,
          "PrevClickTimeDelta-ip-os-cha": 299,
          "PrevClickTimeDelta-app-os-cha": 253,
          "PrevClickTimeDelta-ip-app-os-cha": 249,
          "PrevClickTimeDelta-dev-os-cha": 203,
          "PrevClickTimeDelta-ip-dev-os-cha": 203,
          "PrevClickTimeDelta-app-dev-os-cha": 210,
          "PrevClickTimeDelta-ip-app-dev-os-cha": 176,
          "AverageAttributedRatio-ip": 501,
          "AverageAttributedRatio-app": 437,
          "AverageAttributedRatio-ip-app": 337,
          "AverageAttributedRatio-dev": 689,
          "AverageAttributedRatio-ip-dev": 509,
          "AverageAttributedRatio-app-dev": 302,
          "AverageAttributedRatio-ip-app-dev": 514,
          "AverageAttributedRatio-os": 419,
          "AverageAttributedRatio-ip-os": 350,
          "AverageAttributedRatio-app-os": 376,
          "AverageAttributedRatio-ip-app-os": 142,
          "AverageAttributedRatio-dev-os": 361,
          "AverageAttributedRatio-ip-dev-os": 317,
          "AverageAttributedRatio-app-dev-os": 366,
          "AverageAttributedRatio-ip-app-dev-os": 123,
          "AverageAttributedRatio-cha": 380,
          "AverageAttributedRatio-ip-cha": 192,
          "AverageAttributedRatio-app-cha": 329,
          "AverageAttributedRatio-ip-app-cha": 160,
          "AverageAttributedRatio-dev-cha": 234,
          "AverageAttributedRatio-ip-dev-cha": 193,
          "AverageAttributedRatio-app-dev-cha": 270,
          "AverageAttributedRatio-ip-app-dev-cha": 167,
          "AverageAttributedRatio-os-cha": 316,
          "AverageAttributedRatio-ip-os-cha": 99,
          "AverageAttributedRatio-app-os-cha": 400,
          "AverageAttributedRatio-ip-app-os-cha": 70,
          "AverageAttributedRatio-dev-os-cha": 307,
          "AverageAttributedRatio-ip-dev-os-cha": 71,
          "AverageAttributedRatio-app-dev-os-cha": 438,
          "AverageAttributedRatio-ip-app-dev-os-cha": 58,
          "KomakiLDA5NoDevice-ip-app-0": 947,
          "KomakiLDA5NoDevice-ip-app-1": 1042,
          "KomakiLDA5NoDevice-ip-app-2": 1072,
          "KomakiLDA5NoDevice-ip-app-3": 655,
          "KomakiLDA5NoDevice-ip-app-4": 519,
          "KomakiLDA5NoDevice-ip-os-0": 938,
          "KomakiLDA5NoDevice-ip-os-1": 954,
          "KomakiLDA5NoDevice-ip-os-2": 587,
          "KomakiLDA5NoDevice-ip-os-3": 788,
          "KomakiLDA5NoDevice-ip-os-4": 913,
          "KomakiLDA5NoDevice-ip-channel-0": 936,
          "KomakiLDA5NoDevice-ip-channel-1": 770,
          "KomakiLDA5NoDevice-ip-channel-2": 943,
          "KomakiLDA5NoDevice-ip-channel-3": 1021,
          "KomakiLDA5NoDevice-ip-channel-4": 1064,
          "KomakiLDA5NoDevice-app-ip-0": 242,
          "KomakiLDA5NoDevice-app-ip-1": 195,
          "KomakiLDA5NoDevice-app-ip-2": 178,
          "KomakiLDA5NoDevice-app-ip-3": 231,
          "KomakiLDA5NoDevice-app-ip-4": 143,
          "KomakiLDA5NoDevice-app-os-0": 106,
          "KomakiLDA5NoDevice-app-os-1": 204,
          "KomakiLDA5NoDevice-app-os-2": 138,
          "KomakiLDA5NoDevice-app-os-3": 111,
          "KomakiLDA5NoDevice-app-os-4": 133,
          "KomakiLDA5NoDevice-app-channel-0": 117,
          "KomakiLDA5NoDevice-app-channel-1": 136,
          "KomakiLDA5NoDevice-app-channel-2": 171,
          "KomakiLDA5NoDevice-app-channel-3": 161,
          "KomakiLDA5NoDevice-app-channel-4": 90,
          "KomakiLDA5NoDevice-os-ip-0": 304,
          "KomakiLDA5NoDevice-os-ip-1": 194,
          "KomakiLDA5NoDevice-os-ip-2": 235,
          "KomakiLDA5NoDevice-os-ip-3": 157,
          "KomakiLDA5NoDevice-os-ip-4": 233,
          "KomakiLDA5NoDevice-os-app-0": 219,
          "KomakiLDA5NoDevice-os-app-1": 284,
          "KomakiLDA5NoDevice-os-app-2": 107,
          "KomakiLDA5NoDevice-os-app-3": 211,
          "KomakiLDA5NoDevice-os-app-4": 93,
          "KomakiLDA5NoDevice-os-channel-0": 242,
          "KomakiLDA5NoDevice-os-channel-1": 114,
          "KomakiLDA5NoDevice-os-channel-2": 216,
          "KomakiLDA5NoDevice-os-channel-3": 247,
          "KomakiLDA5NoDevice-os-channel-4": 162,
          "KomakiLDA5NoDevice-channel-ip-0": 249,
          "KomakiLDA5NoDevice-channel-ip-1": 268,
          "KomakiLDA5NoDevice-channel-ip-2": 237,
          "KomakiLDA5NoDevice-channel-ip-3": 335,
          "KomakiLDA5NoDevice-channel-ip-4": 224,
          "KomakiLDA5NoDevice-channel-app-0": 238,
          "KomakiLDA5NoDevice-channel-app-1": 222,
          "KomakiLDA5NoDevice-channel-app-2": 219,
          "KomakiLDA5NoDevice-channel-app-3": 227,
          "KomakiLDA5NoDevice-channel-app-4": 196,
          "KomakiLDA5NoDevice-channel-os-0": 227,
          "KomakiLDA5NoDevice-channel-os-1": 249,
          "KomakiLDA5NoDevice-channel-os-2": 269,
          "KomakiLDA5NoDevice-channel-os-3": 237,
          "KomakiLDA5NoDevice-channel-os-4": 232,
          "KomakiNMF5NoDevice-ip-app-0": 485,
          "KomakiNMF5NoDevice-ip-app-1": 965,
          "KomakiNMF5NoDevice-ip-app-2": 706,
          "KomakiNMF5NoDevice-ip-app-3": 532,
          "KomakiNMF5NoDevice-ip-app-4": 598,
          "KomakiNMF5NoDevice-ip-os-0": 733,
          "KomakiNMF5NoDevice-ip-os-1": 743,
          "KomakiNMF5NoDevice-ip-os-2": 724,
          "KomakiNMF5NoDevice-ip-os-3": 727,
          "KomakiNMF5NoDevice-ip-os-4": 719,
          "KomakiNMF5NoDevice-ip-channel-0": 692,
          "KomakiNMF5NoDevice-ip-channel-1": 1077,
          "KomakiNMF5NoDevice-ip-channel-2": 573,
          "KomakiNMF5NoDevice-ip-channel-3": 871,
          "KomakiNMF5NoDevice-ip-channel-4": 738,
          "KomakiNMF5NoDevice-app-ip-0": 121,
          "KomakiNMF5NoDevice-app-ip-1": 120,
          "KomakiNMF5NoDevice-app-ip-2": 101,
          "KomakiNMF5NoDevice-app-ip-3": 109,
          "KomakiNMF5NoDevice-app-ip-4": 60,
          "KomakiNMF5NoDevice-app-os-0": 35,
          "KomakiNMF5NoDevice-app-os-1": 89,
          "KomakiNMF5NoDevice-app-os-2": 83,
          "KomakiNMF5NoDevice-app-os-3": 29,
          "KomakiNMF5NoDevice-app-os-4": 52,
          "KomakiNMF5NoDevice-app-channel-0": 111,
          "KomakiNMF5NoDevice-app-channel-1": 102,
          "KomakiNMF5NoDevice-app-channel-2": 97,
          "KomakiNMF5NoDevice-app-channel-3": 114,
          "KomakiNMF5NoDevice-app-channel-4": 87,
          "KomakiNMF5NoDevice-os-ip-0": 126,
          "KomakiNMF5NoDevice-os-ip-1": 123,
          "KomakiNMF5NoDevice-os-ip-2": 159,
          "KomakiNMF5NoDevice-os-ip-3": 120,
          "KomakiNMF5NoDevice-os-ip-4": 119,
          "KomakiNMF5NoDevice-os-app-0": 82,
          "KomakiNMF5NoDevice-os-app-1": 24,
          "KomakiNMF5NoDevice-os-app-2": 101,
          "KomakiNMF5NoDevice-os-app-3": 193,
          "KomakiNMF5NoDevice-os-app-4": 110,
          "KomakiNMF5NoDevice-os-channel-0": 240,
          "KomakiNMF5NoDevice-os-channel-1": 127,
          "KomakiNMF5NoDevice-os-channel-2": 242,
          "KomakiNMF5NoDevice-os-channel-3": 188,
          "KomakiNMF5NoDevice-os-channel-4": 144,
          "KomakiNMF5NoDevice-channel-ip-0": 293,
          "KomakiNMF5NoDevice-channel-ip-1": 194,
          "KomakiNMF5NoDevice-channel-ip-2": 210,
          "KomakiNMF5NoDevice-channel-ip-3": 281,
          "KomakiNMF5NoDevice-channel-ip-4": 236,
          "KomakiNMF5NoDevice-channel-app-0": 132,
          "KomakiNMF5NoDevice-channel-app-1": 57,
          "KomakiNMF5NoDevice-channel-app-2": 109,
          "KomakiNMF5NoDevice-channel-app-3": 121,
          "KomakiNMF5NoDevice-channel-app-4": 174,
          "KomakiNMF5NoDevice-channel-os-0": 248,
          "KomakiNMF5NoDevice-channel-os-1": 78,
          "KomakiNMF5NoDevice-channel-os-2": 218,
          "KomakiNMF5NoDevice-channel-os-3": 115,
          "KomakiNMF5NoDevice-channel-os-4": 195,
          "KomakiPCA5NoDevice-ip-app-0": 871,
          "KomakiPCA5NoDevice-ip-app-1": 697,
          "KomakiPCA5NoDevice-ip-app-2": 756,
          "KomakiPCA5NoDevice-ip-app-3": 559,
          "KomakiPCA5NoDevice-ip-app-4": 832,
          "KomakiPCA5NoDevice-ip-os-0": 980,
          "KomakiPCA5NoDevice-ip-os-1": 644,
          "KomakiPCA5NoDevice-ip-os-2": 665,
          "KomakiPCA5NoDevice-ip-os-3": 649,
          "KomakiPCA5NoDevice-ip-os-4": 762,
          "KomakiPCA5NoDevice-ip-channel-0": 1006,
          "KomakiPCA5NoDevice-ip-channel-1": 717,
          "KomakiPCA5NoDevice-ip-channel-2": 747,
          "KomakiPCA5NoDevice-ip-channel-3": 699,
          "KomakiPCA5NoDevice-ip-channel-4": 709,
          "KomakiPCA5NoDevice-app-ip-0": 81,
          "KomakiPCA5NoDevice-app-ip-1": 87,
          "KomakiPCA5NoDevice-app-ip-2": 101,
          "KomakiPCA5NoDevice-app-ip-3": 113,
          "KomakiPCA5NoDevice-app-ip-4": 88,
          "KomakiPCA5NoDevice-app-os-0": 120,
          "KomakiPCA5NoDevice-app-os-1": 64,
          "KomakiPCA5NoDevice-app-os-2": 95,
          "KomakiPCA5NoDevice-app-os-3": 114,
          "KomakiPCA5NoDevice-app-os-4": 109,
          "KomakiPCA5NoDevice-app-channel-0": 90,
          "KomakiPCA5NoDevice-app-channel-1": 150,
          "KomakiPCA5NoDevice-app-channel-2": 96,
          "KomakiPCA5NoDevice-app-channel-3": 104,
          "KomakiPCA5NoDevice-app-channel-4": 103,
          "KomakiPCA5NoDevice-os-ip-0": 64,
          "KomakiPCA5NoDevice-os-ip-1": 118,
          "KomakiPCA5NoDevice-os-ip-2": 148,
          "KomakiPCA5NoDevice-os-ip-3": 175,
          "KomakiPCA5NoDevice-os-ip-4": 130,
          "KomakiPCA5NoDevice-os-app-0": 115,
          "KomakiPCA5NoDevice-os-app-1": 79,
          "KomakiPCA5NoDevice-os-app-2": 78,
          "KomakiPCA5NoDevice-os-app-3": 148,
          "KomakiPCA5NoDevice-os-app-4": 216,
          "KomakiPCA5NoDevice-os-channel-0": 147,
          "KomakiPCA5NoDevice-os-channel-1": 172,
          "KomakiPCA5NoDevice-os-channel-2": 124,
          "KomakiPCA5NoDevice-os-channel-3": 106,
          "KomakiPCA5NoDevice-os-channel-4": 111,
          "KomakiPCA5NoDevice-channel-ip-0": 239,
          "KomakiPCA5NoDevice-channel-ip-1": 217,
          "KomakiPCA5NoDevice-channel-ip-2": 216,
          "KomakiPCA5NoDevice-channel-ip-3": 201,
          "KomakiPCA5NoDevice-channel-ip-4": 267,
          "KomakiPCA5NoDevice-channel-app-0": 233,
          "KomakiPCA5NoDevice-channel-app-1": 132,
          "KomakiPCA5NoDevice-channel-app-2": 154,
          "KomakiPCA5NoDevice-channel-app-3": 151,
          "KomakiPCA5NoDevice-channel-app-4": 173,
          "KomakiPCA5NoDevice-channel-os-0": 235,
          "KomakiPCA5NoDevice-channel-os-1": 203,
          "KomakiPCA5NoDevice-channel-os-2": 143,
          "KomakiPCA5NoDevice-channel-os-3": 178,
          "KomakiPCA5NoDevice-channel-os-4": 195
        }
      },
      {
        "train_auc": 0.9959280627268052,
        "valid_auc": 0.9841933587435714,
        "best_iteration": 708,
        "train_time": 531.4009499549866,
        "feature_importance": {
          "app": 4050,
          "hour": 3885,
          "n_channels": 1028,
          "ip_app_count": 1114,
          "ip_app_os_count": 1365,
          "FutureClickCount_600-ip": 679,
          "FutureClickCount_600-app": 591,
          "FutureClickCount_600-ip-app": 305,
          "FutureClickCount_600-dev": 290,
          "FutureClickCount_600-ip-dev": 584,
          "FutureClickCount_600-app-dev": 485,
          "FutureClickCount_600-ip-app-dev": 250,
          "FutureClickCount_600-os": 369,
          "FutureClickCount_600-ip-os": 524,
          "FutureClickCount_600-app-os": 516,
          "FutureClickCount_600-ip-app-os": 261,
          "FutureClickCount_600-dev-os": 634,
          "FutureClickCount_600-ip-dev-os": 433,
          "FutureClickCount_600-app-dev-os": 717,
          "FutureClickCount_600-ip-app-dev-os": 412,
          "FutureClickCount_600-cha": 592,
          "FutureClickCount_600-ip-cha": 158,
          "FutureClickCount_600-app-cha": 667,
          "FutureClickCount_600-ip-app-cha": 142,
          "FutureClickCount_600-dev-cha": 440,
          "FutureClickCount_600-ip-dev-cha": 171,
          "FutureClickCount_600-app-dev-cha": 478,
          "FutureClickCount_600-ip-app-dev-cha": 138,
          "FutureClickCount_600-os-cha": 416,
          "FutureClickCount_600-ip-os-cha": 129,
          "FutureClickCount_600-app-os-cha": 431,
          "FutureClickCount_600-ip-app-os-cha": 128,
          "FutureClickCount_600-dev-os-cha": 402,
          "FutureClickCount_600-ip-dev-os-cha": 113,
          "FutureClickCount_600-app-dev-os-cha": 425,
          "FutureClickCount_600-ip-app-dev-os-cha": 98,
          "FutureClickCount_4800-ip": 843,
          "FutureClickCount_4800-app": 433,
          "FutureClickCount_4800-ip-app": 432,
          "FutureClickCount_4800-dev": 79,
          "FutureClickCount_4800-ip-dev": 1109,
          "FutureClickCount_4800-app-dev": 238,
          "FutureClickCount_4800-ip-app-dev": 357,
          "FutureClickCount_4800-os": 188,
          "FutureClickCount_4800-ip-os": 655,
          "FutureClickCount_4800-app-os": 411,
          "FutureClickCount_4800-ip-app-os": 352,
          "FutureClickCount_4800-dev-os": 243,
          "FutureClickCount_4800-ip-dev-os": 882,
          "FutureClickCount_4800-app-dev-os": 546,
          "FutureClickCount_4800-ip-app-dev-os": 418,
          "FutureClickCount_4800-cha": 398,
          "FutureClickCount_4800-ip-cha": 273,
          "FutureClickCount_4800-app-cha": 632,
          "FutureClickCount_4800-ip-app-cha": 218,
          "FutureClickCount_4800-dev-cha": 287,
          "FutureClickCount_4800-ip-dev-cha": 266,
          "FutureClickCount_4800-app-dev-cha": 318,
          "FutureClickCount_4800-ip-app-dev-cha": 206,
          "FutureClickCount_4800-os-cha": 403,
          "FutureClickCount_4800-ip-os-cha": 151,
          "FutureClickCount_4800-app-os-cha": 396,
          "FutureClickCount_4800-ip-app-os-cha": 179,
          "FutureClickCount_4800-dev-os-cha": 385,
          "FutureClickCount_4800-ip-dev-os-cha": 155,
          "FutureClickCount_4800-app-dev-os-cha": 376,
          "FutureClickCount_4800-ip-app-dev-os-cha": 133,
          "NextClickTimeDelta-ip": 836,
          "NextClickTimeDelta-app": 109,
          "NextClickTimeDelta-ip-app": 1102,
          "NextClickTimeDelta-dev": 68,
          "NextClickTimeDelta-ip-dev": 668,
          "NextClickTimeDelta-app-dev": 83,
          "NextClickTimeDelta-ip-app-dev": 687,
          "NextClickTimeDelta-os": 119,
          "NextClickTimeDelta-ip-os": 791,
          "NextClickTimeDelta-app-os": 242,
          "NextClickTimeDelta-ip-app-os": 1610,
          "NextClickTimeDelta-dev-os": 112,
          "NextClickTimeDelta-ip-dev-os": 545,
          "NextClickTimeDelta-app-dev-os": 199,
          "NextClickTimeDelta-ip-app-dev-os": 2333,
          "NextClickTimeDelta-cha": 151,
          "NextClickTimeDelta-ip-cha": 633,
          "NextClickTimeDelta-app-cha": 231,
          "NextClickTimeDelta-ip-app-cha": 544,
          "NextClickTimeDelta-dev-cha": 137,
          "NextClickTimeDelta-ip-dev-cha": 420,
          "NextClickTimeDelta-app-dev-cha": 156,
          "NextClickTimeDelta-ip-app-dev-cha": 454,
          "NextClickTimeDelta-os-cha": 306,
          "NextClickTimeDelta-ip-os-cha": 476,
          "NextClickTimeDelta-app-os-cha": 356,
          "NextClickTimeDelta-ip-app-os-cha": 554,
          "NextClickTimeDelta-dev-os-cha": 239,
          "NextClickTimeDelta-ip-dev-os-cha": 376,
          "NextClickTimeDelta-app-dev-os-cha": 278,
          "NextClickTimeDelta-ip-app-dev-os-cha": 607,
          "PrevClickTimeDelta-ip": 680,
          "PrevClickTimeDelta-app": 134,
          "PrevClickTimeDelta-ip-app": 536,
          "PrevClickTimeDelta-dev": 68,
          "PrevClickTimeDelta-ip-dev": 442,
          "PrevClickTimeDelta-app-dev": 99,
          "PrevClickTimeDelta-ip-app-dev": 394,
          "PrevClickTimeDelta-os": 122,
          "PrevClickTimeDelta-ip-os": 605,
          "PrevClickTimeDelta-app-os": 225,
          "PrevClickTimeDelta-ip-app-os": 490,
          "PrevClickTimeDelta-dev-os": 86,
          "PrevClickTimeDelta-ip-dev-os": 420,
          "PrevClickTimeDelta-app-dev-os": 211,
          "PrevClickTimeDelta-ip-app-dev-os": 399,
          "PrevClickTimeDelta-cha": 134,
          "PrevClickTimeDelta-ip-cha": 528,
          "PrevClickTimeDelta-app-cha": 216,
          "PrevClickTimeDelta-ip-app-cha": 424,
          "PrevClickTimeDelta-dev-cha": 151,
          "PrevClickTimeDelta-ip-dev-cha": 384,
          "PrevClickTimeDelta-app-dev-cha": 122,
          "PrevClickTimeDelta-ip-app-dev-cha": 304,
          "PrevClickTimeDelta-os-cha": 281,
          "PrevClickTimeDelta-ip-os-cha": 391,
          "PrevClickTimeDelta-app-os-cha": 347,
          "PrevClickTimeDelta-ip-app-os-cha": 330,
          "PrevClickTimeDelta-dev-os-cha": 266,
          "PrevClickTimeDelta-ip-dev-os-cha": 276,
          "PrevClickTimeDelta-app-dev-os-cha": 245,
          "PrevClickTimeDelta-ip-app-dev-os-cha": 237,
          "AverageAttributedRatio-ip": 664,
          "AverageAttributedRatio-app": 445,
          "AverageAttributedRatio-ip-app": 364,
          "AverageAttributedRatio-dev": 894,
          "AverageAttributedRatio-ip-dev": 554,
          "AverageAttributedRatio-app-dev": 331,
          "AverageAttributedRatio-ip-app-dev": 533,
          "AverageAttributedRatio-os": 485,
          "AverageAttributedRatio-ip-os": 382,
          "AverageAttributedRatio-app-os": 450,
          "AverageAttributedRatio-ip-app-os": 176,
          "AverageAttributedRatio-dev-os": 416,
          "AverageAttributedRatio-ip-dev-os": 409,
          "AverageAttributedRatio-app-dev-os": 444,
          "AverageAttributedRatio-ip-app-dev-os": 159,
          "AverageAttributedRatio-cha": 483,
          "AverageAttributedRatio-ip-cha": 258,
          "AverageAttributedRatio-app-cha": 384,
          "AverageAttributedRatio-ip-app-cha": 192,
          "AverageAttributedRatio-dev-cha": 290,
          "AverageAttributedRatio-ip-dev-cha": 169,
          "AverageAttributedRatio-app-dev-cha": 341,
          "AverageAttributedRatio-ip-app-dev-cha": 160,
          "AverageAttributedRatio-os-cha": 430,
          "AverageAttributedRatio-ip-os-cha": 92,
          "AverageAttributedRatio-app-os-cha": 513,
          "AverageAttributedRatio-ip-app-os-cha": 88,
          "AverageAttributedRatio-dev-os-cha": 388,
          "AverageAttributedRatio-ip-dev-os-cha": 112,
          "AverageAttributedRatio-app-dev-os-cha": 433,
          "AverageAttributedRatio-ip-app-dev-os-cha": 94,
          "KomakiLDA5NoDevice-ip-app-0": 1156,
          "KomakiLDA5NoDevice-ip-app-1": 1168,
          "KomakiLDA5NoDevice-ip-app-2": 1288,
          "KomakiLDA5NoDevice-ip-app-3": 795,
          "KomakiLDA5NoDevice-ip-app-4": 678,
          "KomakiLDA5NoDevice-ip-os-0": 1144,
          "KomakiLDA5NoDevice-ip-os-1": 1182,
          "KomakiLDA5NoDevice-ip-os-2": 737,
          "KomakiLDA5NoDevice-ip-os-3": 916,
          "KomakiLDA5NoDevice-ip-os-4": 1092,
          "KomakiLDA5NoDevice-ip-channel-0": 1099,
          "KomakiLDA5NoDevice-ip-channel-1": 847,
          "KomakiLDA5NoDevice-ip-channel-2": 1154,
          "KomakiLDA5NoDevice-ip-channel-3": 1252,
          "KomakiLDA5NoDevice-ip-channel-4": 1257,
          "KomakiLDA5NoDevice-app-ip-0": 263,
          "KomakiLDA5NoDevice-app-ip-1": 227,
          "KomakiLDA5NoDevice-app-ip-2": 200,
          "KomakiLDA5NoDevice-app-ip-3": 239,
          "KomakiLDA5NoDevice-app-ip-4": 162,
          "KomakiLDA5NoDevice-app-os-0": 163,
          "KomakiLDA5NoDevice-app-os-1": 235,
          "KomakiLDA5NoDevice-app-os-2": 129,
          "KomakiLDA5NoDevice-app-os-3": 139,
          "KomakiLDA5NoDevice-app-os-4": 163,
          "KomakiLDA5NoDevice-app-channel-0": 138,
          "KomakiLDA5NoDevice-app-channel-1": 147,
          "KomakiLDA5NoDevice-app-channel-2": 208,
          "KomakiLDA5NoDevice-app-channel-3": 176,
          "KomakiLDA5NoDevice-app-channel-4": 88,
          "KomakiLDA5NoDevice-os-ip-0": 360,
          "KomakiLDA5NoDevice-os-ip-1": 251,
          "KomakiLDA5NoDevice-os-ip-2": 280,
          "KomakiLDA5NoDevice-os-ip-3": 197,
          "KomakiLDA5NoDevice-os-ip-4": 235,
          "KomakiLDA5NoDevice-os-app-0": 254,
          "KomakiLDA5NoDevice-os-app-1": 358,
          "KomakiLDA5NoDevice-os-app-2": 146,
          "KomakiLDA5NoDevice-os-app-3": 230,
          "KomakiLDA5NoDevice-os-app-4": 117,
          "KomakiLDA5NoDevice-os-channel-0": 249,
          "KomakiLDA5NoDevice-os-channel-1": 142,
          "KomakiLDA5NoDevice-os-channel-2": 219,
          "KomakiLDA5NoDevice-os-channel-3": 291,
          "KomakiLDA5NoDevice-os-channel-4": 208,
          "KomakiLDA5NoDevice-channel-ip-0": 298,
          "KomakiLDA5NoDevice-channel-ip-1": 431,
          "KomakiLDA5NoDevice-channel-ip-2": 244,
          "KomakiLDA5NoDevice-channel-ip-3": 399,
          "KomakiLDA5NoDevice-channel-ip-4": 260,
          "KomakiLDA5NoDevice-channel-app-0": 276,
          "KomakiLDA5NoDevice-channel-app-1": 269,
          "KomakiLDA5NoDevice-channel-app-2": 298,
          "KomakiLDA5NoDevice-channel-app-3": 268,
          "KomakiLDA5NoDevice-channel-app-4": 218,
          "KomakiLDA5NoDevice-channel-os-0": 308,
          "KomakiLDA5NoDevice-channel-os-1": 311,
          "KomakiLDA5NoDevice-channel-os-2": 327,
          "KomakiLDA5NoDevice-channel-os-3": 293,
          "KomakiLDA5NoDevice-channel-os-4": 302,
          "KomakiNMF5NoDevice-ip-app-0": 686,
          "KomakiNMF5NoDevice-ip-app-1": 1111,
          "KomakiNMF5NoDevice-ip-app-2": 934,
          "KomakiNMF5NoDevice-ip-app-3": 562,
          "KomakiNMF5NoDevice-ip-app-4": 787,
          "KomakiNMF5NoDevice-ip-os-0": 931,
          "KomakiNMF5NoDevice-ip-os-1": 885,
          "KomakiNMF5NoDevice-ip-os-2": 865,
          "KomakiNMF5NoDevice-ip-os-3": 919,
          "KomakiNMF5NoDevice-ip-os-4": 803,
          "KomakiNMF5NoDevice-ip-channel-0": 869,
          "KomakiNMF5NoDevice-ip-channel-1": 1328,
          "KomakiNMF5NoDevice-ip-channel-2": 695,
          "KomakiNMF5NoDevice-ip-channel-3": 982,
          "KomakiNMF5NoDevice-ip-channel-4": 887,
          "KomakiNMF5NoDevice-app-ip-0": 135,
          "KomakiNMF5NoDevice-app-ip-1": 144,
          "KomakiNMF5NoDevice-app-ip-2": 126,
          "KomakiNMF5NoDevice-app-ip-3": 142,
          "KomakiNMF5NoDevice-app-ip-4": 71,
          "KomakiNMF5NoDevice-app-os-0": 50,
          "KomakiNMF5NoDevice-app-os-1": 133,
          "KomakiNMF5NoDevice-app-os-2": 120,
          "KomakiNMF5NoDevice-app-os-3": 25,
          "KomakiNMF5NoDevice-app-os-4": 56,
          "KomakiNMF5NoDevice-app-channel-0": 124,
          "KomakiNMF5NoDevice-app-channel-1": 114,
          "KomakiNMF5NoDevice-app-channel-2": 113,
          "KomakiNMF5NoDevice-app-channel-3": 144,
          "KomakiNMF5NoDevice-app-channel-4": 82,
          "KomakiNMF5NoDevice-os-ip-0": 129,
          "KomakiNMF5NoDevice-os-ip-1": 158,
          "KomakiNMF5NoDevice-os-ip-2": 136,
          "KomakiNMF5NoDevice-os-ip-3": 145,
          "KomakiNMF5NoDevice-os-ip-4": 151,
          "KomakiNMF5NoDevice-os-app-0": 74,
          "KomakiNMF5NoDevice-os-app-1": 19,
          "KomakiNMF5NoDevice-os-app-2": 137,
          "KomakiNMF5NoDevice-os-app-3": 197,
          "KomakiNMF5NoDevice-os-app-4": 139,
          "KomakiNMF5NoDevice-os-channel-0": 292,
          "KomakiNMF5NoDevice-os-channel-1": 135,
          "KomakiNMF5NoDevice-os-channel-2": 268,
          "KomakiNMF5NoDevice-os-channel-3": 215,
          "KomakiNMF5NoDevice-os-channel-4": 176,
          "KomakiNMF5NoDevice-channel-ip-0": 339,
          "KomakiNMF5NoDevice-channel-ip-1": 227,
          "KomakiNMF5NoDevice-channel-ip-2": 230,
          "KomakiNMF5NoDevice-channel-ip-3": 274,
          "KomakiNMF5NoDevice-channel-ip-4": 251,
          "KomakiNMF5NoDevice-channel-app-0": 117,
          "KomakiNMF5NoDevice-channel-app-1": 70,
          "KomakiNMF5NoDevice-channel-app-2": 153,
          "KomakiNMF5NoDevice-channel-app-3": 133,
          "KomakiNMF5NoDevice-channel-app-4": 218,
          "KomakiNMF5NoDevice-channel-os-0": 267,
          "KomakiNMF5NoDevice-channel-os-1": 71,
          "KomakiNMF5NoDevice-channel-os-2": 246,
          "KomakiNMF5NoDevice-channel-os-3": 125,
          "KomakiNMF5NoDevice-channel-os-4": 254,
          "KomakiPCA5NoDevice-ip-app-0": 1058,
          "KomakiPCA5NoDevice-ip-app-1": 877,
          "KomakiPCA5NoDevice-ip-app-2": 915,
          "KomakiPCA5NoDevice-ip-app-3": 627,
          "KomakiPCA5NoDevice-ip-app-4": 1027,
          "KomakiPCA5NoDevice-ip-os-0": 1199,
          "KomakiPCA5NoDevice-ip-os-1": 767,
          "KomakiPCA5NoDevice-ip-os-2": 881,
          "KomakiPCA5NoDevice-ip-os-3": 802,
          "KomakiPCA5NoDevice-ip-os-4": 976,
          "KomakiPCA5NoDevice-ip-channel-0": 1300,
          "KomakiPCA5NoDevice-ip-channel-1": 943,
          "KomakiPCA5NoDevice-ip-channel-2": 946,
          "KomakiPCA5NoDevice-ip-channel-3": 867,
          "KomakiPCA5NoDevice-ip-channel-4": 928,
          "KomakiPCA5NoDevice-app-ip-0": 91,
          "KomakiPCA5NoDevice-app-ip-1": 109,
          "KomakiPCA5NoDevice-app-ip-2": 88,
          "KomakiPCA5NoDevice-app-ip-3": 139,
          "KomakiPCA5NoDevice-app-ip-4": 102,
          "KomakiPCA5NoDevice-app-os-0": 127,
          "KomakiPCA5NoDevice-app-os-1": 107,
          "KomakiPCA5NoDevice-app-os-2": 166,
          "KomakiPCA5NoDevice-app-os-3": 105,
          "KomakiPCA5NoDevice-app-os-4": 111,
          "KomakiPCA5NoDevice-app-channel-0": 105,
          "KomakiPCA5NoDevice-app-channel-1": 150,
          "KomakiPCA5NoDevice-app-channel-2": 99,
          "KomakiPCA5NoDevice-app-channel-3": 97,
          "KomakiPCA5NoDevice-app-channel-4": 110,
          "KomakiPCA5NoDevice-os-ip-0": 74,
          "KomakiPCA5NoDevice-os-ip-1": 147,
          "KomakiPCA5NoDevice-os-ip-2": 167,
          "KomakiPCA5NoDevice-os-ip-3": 172,
          "KomakiPCA5NoDevice-os-ip-4": 163,
          "KomakiPCA5NoDevice-os-app-0": 171,
          "KomakiPCA5NoDevice-os-app-1": 136,
          "KomakiPCA5NoDevice-os-app-2": 122,
          "KomakiPCA5NoDevice-os-app-3": 200,
          "KomakiPCA5NoDevice-os-app-4": 224,
          "KomakiPCA5NoDevice-os-channel-0": 182,
          "KomakiPCA5NoDevice-os-channel-1": 192,
          "KomakiPCA5NoDevice-os-channel-2": 152,
          "KomakiPCA5NoDevice-os-channel-3": 134,
          "KomakiPCA5NoDevice-os-channel-4": 135,
          "KomakiPCA5NoDevice-channel-ip-0": 287,
          "KomakiPCA5NoDevice-channel-ip-1": 261,
          "KomakiPCA5NoDevice-channel-ip-2": 256,
          "KomakiPCA5NoDevice-channel-ip-3": 251,
          "KomakiPCA5NoDevice-channel-ip-4": 305,
          "KomakiPCA5NoDevice-channel-app-0": 312,
          "KomakiPCA5NoDevice-channel-app-1": 181,
          "KomakiPCA5NoDevice-channel-app-2": 238,
          "KomakiPCA5NoDevice-channel-app-3": 183,
          "KomakiPCA5NoDevice-channel-app-4": 196,
          "KomakiPCA5NoDevice-channel-os-0": 237,
          "KomakiPCA5NoDevice-channel-os-1": 248,
          "KomakiPCA5NoDevice-channel-os-2": 219,
          "KomakiPCA5NoDevice-channel-os-3": 254,
          "KomakiPCA5NoDevice-channel-os-4": 233
        }
      },
      {
        "train_auc": 0.996048397346949,
        "valid_auc": 0.9843790624515943,
        "best_iteration": 734,
        "train_time": 552.6239984035492,
        "feature_importance": {
          "app": 4081,
          "hour": 4132,
          "n_channels": 1088,
          "ip_app_count": 1129,
          "ip_app_os_count": 1270,
          "FutureClickCount_600-ip": 645,
          "FutureClickCount_600-app": 576,
          "FutureClickCount_600-ip-app": 308,
          "FutureClickCount_600-dev": 286,
          "FutureClickCount_600-ip-dev": 579,
          "FutureClickCount_600-app-dev": 420,
          "FutureClickCount_600-ip-app-dev": 239,
          "FutureClickCount_600-os": 358,
          "FutureClickCount_600-ip-os": 517,
          "FutureClickCount_600-app-os": 555,
          "FutureClickCount_600-ip-app-os": 279,
          "FutureClickCount_600-dev-os": 641,
          "FutureClickCount_600-ip-dev-os": 446,
          "FutureClickCount_600-app-dev-os": 721,
          "FutureClickCount_600-ip-app-dev-os": 420,
          "FutureClickCount_600-cha": 643,
          "FutureClickCount_600-ip-cha": 185,
          "FutureClickCount_600-app-cha": 642,
          "FutureClickCount_600-ip-app-cha": 161,
          "FutureClickCount_600-dev-cha": 457,
          "FutureClickCount_600-ip-dev-cha": 150,
          "FutureClickCount_600-app-dev-cha": 457,
          "FutureClickCount_600-ip-app-dev-cha": 116,
          "FutureClickCount_600-os-cha": 408,
          "FutureClickCount_600-ip-os-cha": 101,
          "FutureClickCount_600-app-os-cha": 470,
          "FutureClickCount_600-ip-app-os-cha": 77,
          "FutureClickCount_600-dev-os-cha": 380,
          "FutureClickCount_600-ip-dev-os-cha": 78,
          "FutureClickCount_600-app-dev-os-cha": 426,
          "FutureClickCount_600-ip-app-dev-os-cha": 90,
          "FutureClickCount_4800-ip": 887,
          "FutureClickCount_4800-app": 434,
          "FutureClickCount_4800-ip-app": 417,
          "FutureClickCount_4800-dev": 108,
          "FutureClickCount_4800-ip-dev": 1095,
          "FutureClickCount_4800-app-dev": 235,
          "FutureClickCount_4800-ip-app-dev": 378,
          "FutureClickCount_4800-os": 158,
          "FutureClickCount_4800-ip-os": 639,
          "FutureClickCount_4800-app-os": 380,
          "FutureClickCount_4800-ip-app-os": 388,
          "FutureClickCount_4800-dev-os": 232,
          "FutureClickCount_4800-ip-dev-os": 866,
          "FutureClickCount_4800-app-dev-os": 525,
          "FutureClickCount_4800-ip-app-dev-os": 426,
          "FutureClickCount_4800-cha": 447,
          "FutureClickCount_4800-ip-cha": 275,
          "FutureClickCount_4800-app-cha": 675,
          "FutureClickCount_4800-ip-app-cha": 198,
          "FutureClickCount_4800-dev-cha": 316,
          "FutureClickCount_4800-ip-dev-cha": 258,
          "FutureClickCount_4800-app-dev-cha": 392,
          "FutureClickCount_4800-ip-app-dev-cha": 210,
          "FutureClickCount_4800-os-cha": 419,
          "FutureClickCount_4800-ip-os-cha": 179,
          "FutureClickCount_4800-app-os-cha": 445,
          "FutureClickCount_4800-ip-app-os-cha": 138,
          "FutureClickCount_4800-dev-os-cha": 370,
          "FutureClickCount_4800-ip-dev-os-cha": 130,
          "FutureClickCount_4800-app-dev-os-cha": 404,
          "FutureClickCount_4800-ip-app-dev-os-cha": 157,
          "NextClickTimeDelta-ip": 845,
          "NextClickTimeDelta-app": 132,
          "NextClickTimeDelta-ip-app": 1078,
          "NextClickTimeDelta-dev": 105,
          "NextClickTimeDelta-ip-dev": 629,
          "NextClickTimeDelta-app-dev": 108,
          "NextClickTimeDelta-ip-app-dev": 718,
          "NextClickTimeDelta-os": 106,
          "NextClickTimeDelta-ip-os": 858,
          "NextClickTimeDelta-app-os": 290,
          "NextClickTimeDelta-ip-app-os": 1562,
          "NextClickTimeDelta-dev-os": 124,
          "NextClickTimeDelta-ip-dev-os": 498,
          "NextClickTimeDelta-app-dev-os": 212,
          "NextClickTimeDelta-ip-app-dev-os": 2442,
          "NextClickTimeDelta-cha": 209,
          "NextClickTimeDelta-ip-cha": 607,
          "NextClickTimeDelta-app-cha": 223,
          "NextClickTimeDelta-ip-app-cha": 595,
          "NextClickTimeDelta-dev-cha": 163,
          "NextClickTimeDelta-ip-dev-cha": 502,
          "NextClickTimeDelta-app-dev-cha": 165,
          "NextClickTimeDelta-ip-app-dev-cha": 447,
          "NextClickTimeDelta-os-cha": 340,
          "NextClickTimeDelta-ip-os-cha": 517,
          "NextClickTimeDelta-app-os-cha": 359,
          "NextClickTimeDelta-ip-app-os-cha": 546,
          "NextClickTimeDelta-dev-os-cha": 251,
          "NextClickTimeDelta-ip-dev-os-cha": 360,
          "NextClickTimeDelta-app-dev-os-cha": 257,
          "NextClickTimeDelta-ip-app-dev-os-cha": 591,
          "PrevClickTimeDelta-ip": 764,
          "PrevClickTimeDelta-app": 162,
          "PrevClickTimeDelta-ip-app": 680,
          "PrevClickTimeDelta-dev": 91,
          "PrevClickTimeDelta-ip-dev": 496,
          "PrevClickTimeDelta-app-dev": 108,
          "PrevClickTimeDelta-ip-app-dev": 436,
          "PrevClickTimeDelta-os": 120,
          "PrevClickTimeDelta-ip-os": 617,
          "PrevClickTimeDelta-app-os": 239,
          "PrevClickTimeDelta-ip-app-os": 509,
          "PrevClickTimeDelta-dev-os": 102,
          "PrevClickTimeDelta-ip-dev-os": 454,
          "PrevClickTimeDelta-app-dev-os": 226,
          "PrevClickTimeDelta-ip-app-dev-os": 448,
          "PrevClickTimeDelta-cha": 153,
          "PrevClickTimeDelta-ip-cha": 539,
          "PrevClickTimeDelta-app-cha": 253,
          "PrevClickTimeDelta-ip-app-cha": 446,
          "PrevClickTimeDelta-dev-cha": 152,
          "PrevClickTimeDelta-ip-dev-cha": 392,
          "PrevClickTimeDelta-app-dev-cha": 168,
          "PrevClickTimeDelta-ip-app-dev-cha": 370,
          "PrevClickTimeDelta-os-cha": 349,
          "PrevClickTimeDelta-ip-os-cha": 351,
          "PrevClickTimeDelta-app-os-cha": 348,
          "PrevClickTimeDelta-ip-app-os-cha": 316,
          "PrevClickTimeDelta-dev-os-cha": 223,
          "PrevClickTimeDelta-ip-dev-os-cha": 252,
          "PrevClickTimeDelta-app-dev-os-cha": 281,
          "PrevClickTimeDelta-ip-app-dev-os-cha": 264,
          "AverageAttributedRatio-ip": 661,
          "AverageAttributedRatio-app": 493,
          "AverageAttributedRatio-ip-app": 397,
          "AverageAttributedRatio-dev": 913,
          "AverageAttributedRatio-ip-dev": 609,
          "AverageAttributedRatio-app-dev": 377,
          "AverageAttributedRatio-ip-app-dev": 474,
          "AverageAttributedRatio-os": 548,
          "AverageAttributedRatio-ip-os": 417,
          "AverageAttributedRatio-app-os": 447,
          "AverageAttributedRatio-ip-app-os": 157,
          "AverageAttributedRatio-dev-os": 461,
          "AverageAttributedRatio-ip-dev-os": 387,
          "AverageAttributedRatio-app-dev-os": 463,
          "AverageAttributedRatio-ip-app-dev-os": 167,
          "AverageAttributedRatio-cha": 419,
          "AverageAttributedRatio-ip-cha": 261,
          "AverageAttributedRatio-app-cha": 391,
          "AverageAttributedRatio-ip-app-cha": 187,
          "AverageAttributedRatio-dev-cha": 302,
          "AverageAttributedRatio-ip-dev-cha": 177,
          "AverageAttributedRatio-app-dev-cha": 361,
          "AverageAttributedRatio-ip-app-dev-cha": 136,
          "AverageAttributedRatio-os-cha": 457,
          "AverageAttributedRatio-ip-os-cha": 97,
          "AverageAttributedRatio-app-os-cha": 498,
          "AverageAttributedRatio-ip-app-os-cha": 93,
          "AverageAttributedRatio-dev-os-cha": 350,
          "AverageAttributedRatio-ip-dev-os-cha": 88,
          "AverageAttributedRatio-app-dev-os-cha": 453,
          "AverageAttributedRatio-ip-app-dev-os-cha": 77,
          "KomakiLDA5NoDevice-ip-app-0": 1157,
          "KomakiLDA5NoDevice-ip-app-1": 1253,
          "KomakiLDA5NoDevice-ip-app-2": 1308,
          "KomakiLDA5NoDevice-ip-app-3": 772,
          "KomakiLDA5NoDevice-ip-app-4": 634,
          "KomakiLDA5NoDevice-ip-os-0": 1179,
          "KomakiLDA5NoDevice-ip-os-1": 1252,
          "KomakiLDA5NoDevice-ip-os-2": 747,
          "KomakiLDA5NoDevice-ip-os-3": 981,
          "KomakiLDA5NoDevice-ip-os-4": 1125,
          "KomakiLDA5NoDevice-ip-channel-0": 1159,
          "KomakiLDA5NoDevice-ip-channel-1": 936,
          "KomakiLDA5NoDevice-ip-channel-2": 1185,
          "KomakiLDA5NoDevice-ip-channel-3": 1243,
          "KomakiLDA5NoDevice-ip-channel-4": 1330,
          "KomakiLDA5NoDevice-app-ip-0": 245,
          "KomakiLDA5NoDevice-app-ip-1": 212,
          "KomakiLDA5NoDevice-app-ip-2": 187,
          "KomakiLDA5NoDevice-app-ip-3": 213,
          "KomakiLDA5NoDevice-app-ip-4": 163,
          "KomakiLDA5NoDevice-app-os-0": 162,
          "KomakiLDA5NoDevice-app-os-1": 229,
          "KomakiLDA5NoDevice-app-os-2": 120,
          "KomakiLDA5NoDevice-app-os-3": 112,
          "KomakiLDA5NoDevice-app-os-4": 137,
          "KomakiLDA5NoDevice-app-channel-0": 170,
          "KomakiLDA5NoDevice-app-channel-1": 189,
          "KomakiLDA5NoDevice-app-channel-2": 216,
          "KomakiLDA5NoDevice-app-channel-3": 185,
          "KomakiLDA5NoDevice-app-channel-4": 108,
          "KomakiLDA5NoDevice-os-ip-0": 402,
          "KomakiLDA5NoDevice-os-ip-1": 255,
          "KomakiLDA5NoDevice-os-ip-2": 282,
          "KomakiLDA5NoDevice-os-ip-3": 223,
          "KomakiLDA5NoDevice-os-ip-4": 257,
          "KomakiLDA5NoDevice-os-app-0": 263,
          "KomakiLDA5NoDevice-os-app-1": 370,
          "KomakiLDA5NoDevice-os-app-2": 122,
          "KomakiLDA5NoDevice-os-app-3": 246,
          "KomakiLDA5NoDevice-os-app-4": 112,
          "KomakiLDA5NoDevice-os-channel-0": 305,
          "KomakiLDA5NoDevice-os-channel-1": 137,
          "KomakiLDA5NoDevice-os-channel-2": 248,
          "KomakiLDA5NoDevice-os-channel-3": 277,
          "KomakiLDA5NoDevice-os-channel-4": 170,
          "KomakiLDA5NoDevice-channel-ip-0": 325,
          "KomakiLDA5NoDevice-channel-ip-1": 332,
          "KomakiLDA5NoDevice-channel-ip-2": 283,
          "KomakiLDA5NoDevice-channel-ip-3": 398,
          "KomakiLDA5NoDevice-channel-ip-4": 250,
          "KomakiLDA5NoDevice-channel-app-0": 286,
          "KomakiLDA5NoDevice-channel-app-1": 277,
          "KomakiLDA5NoDevice-channel-app-2": 283,
          "KomakiLDA5NoDevice-channel-app-3": 262,
          "KomakiLDA5NoDevice-channel-app-4": 232,
          "KomakiLDA5NoDevice-channel-os-0": 325,
          "KomakiLDA5NoDevice-channel-os-1": 306,
          "KomakiLDA5NoDevice-channel-os-2": 315,
          "KomakiLDA5NoDevice-channel-os-3": 290,
          "KomakiLDA5NoDevice-channel-os-4": 316,
          "KomakiNMF5NoDevice-ip-app-0": 724,
          "KomakiNMF5NoDevice-ip-app-1": 1013,
          "KomakiNMF5NoDevice-ip-app-2": 888,
          "KomakiNMF5NoDevice-ip-app-3": 670,
          "KomakiNMF5NoDevice-ip-app-4": 753,
          "KomakiNMF5NoDevice-ip-os-0": 922,
          "KomakiNMF5NoDevice-ip-os-1": 929,
          "KomakiNMF5NoDevice-ip-os-2": 885,
          "KomakiNMF5NoDevice-ip-os-3": 886,
          "KomakiNMF5NoDevice-ip-os-4": 879,
          "KomakiNMF5NoDevice-ip-channel-0": 872,
          "KomakiNMF5NoDevice-ip-channel-1": 1231,
          "KomakiNMF5NoDevice-ip-channel-2": 804,
          "KomakiNMF5NoDevice-ip-channel-3": 1062,
          "KomakiNMF5NoDevice-ip-channel-4": 924,
          "KomakiNMF5NoDevice-app-ip-0": 127,
          "KomakiNMF5NoDevice-app-ip-1": 145,
          "KomakiNMF5NoDevice-app-ip-2": 116,
          "KomakiNMF5NoDevice-app-ip-3": 115,
          "KomakiNMF5NoDevice-app-ip-4": 77,
          "KomakiNMF5NoDevice-app-os-0": 47,
          "KomakiNMF5NoDevice-app-os-1": 104,
          "KomakiNMF5NoDevice-app-os-2": 94,
          "KomakiNMF5NoDevice-app-os-3": 38,
          "KomakiNMF5NoDevice-app-os-4": 39,
          "KomakiNMF5NoDevice-app-channel-0": 94,
          "KomakiNMF5NoDevice-app-channel-1": 110,
          "KomakiNMF5NoDevice-app-channel-2": 120,
          "KomakiNMF5NoDevice-app-channel-3": 140,
          "KomakiNMF5NoDevice-app-channel-4": 116,
          "KomakiNMF5NoDevice-os-ip-0": 145,
          "KomakiNMF5NoDevice-os-ip-1": 155,
          "KomakiNMF5NoDevice-os-ip-2": 170,
          "KomakiNMF5NoDevice-os-ip-3": 160,
          "KomakiNMF5NoDevice-os-ip-4": 151,
          "KomakiNMF5NoDevice-os-app-0": 87,
          "KomakiNMF5NoDevice-os-app-1": 19,
          "KomakiNMF5NoDevice-os-app-2": 138,
          "KomakiNMF5NoDevice-os-app-3": 230,
          "KomakiNMF5NoDevice-os-app-4": 125,
          "KomakiNMF5NoDevice-os-channel-0": 279,
          "KomakiNMF5NoDevice-os-channel-1": 149,
          "KomakiNMF5NoDevice-os-channel-2": 302,
          "KomakiNMF5NoDevice-os-channel-3": 218,
          "KomakiNMF5NoDevice-os-channel-4": 177,
          "KomakiNMF5NoDevice-channel-ip-0": 395,
          "KomakiNMF5NoDevice-channel-ip-1": 227,
          "KomakiNMF5NoDevice-channel-ip-2": 228,
          "KomakiNMF5NoDevice-channel-ip-3": 276,
          "KomakiNMF5NoDevice-channel-ip-4": 238,
          "KomakiNMF5NoDevice-channel-app-0": 168,
          "KomakiNMF5NoDevice-channel-app-1": 81,
          "KomakiNMF5NoDevice-channel-app-2": 159,
          "KomakiNMF5NoDevice-channel-app-3": 165,
          "KomakiNMF5NoDevice-channel-app-4": 180,
          "KomakiNMF5NoDevice-channel-os-0": 278,
          "KomakiNMF5NoDevice-channel-os-1": 89,
          "KomakiNMF5NoDevice-channel-os-2": 246,
          "KomakiNMF5NoDevice-channel-os-3": 145,
          "KomakiNMF5NoDevice-channel-os-4": 271,
          "KomakiPCA5NoDevice-ip-app-0": 956,
          "KomakiPCA5NoDevice-ip-app-1": 877,
          "KomakiPCA5NoDevice-ip-app-2": 1006,
          "KomakiPCA5NoDevice-ip-app-3": 704,
          "KomakiPCA5NoDevice-ip-app-4": 1047,
          "KomakiPCA5NoDevice-ip-os-0": 1242,
          "KomakiPCA5NoDevice-ip-os-1": 826,
          "KomakiPCA5NoDevice-ip-os-2": 899,
          "KomakiPCA5NoDevice-ip-os-3": 805,
          "KomakiPCA5NoDevice-ip-os-4": 960,
          "KomakiPCA5NoDevice-ip-channel-0": 1252,
          "KomakiPCA5NoDevice-ip-channel-1": 914,
          "KomakiPCA5NoDevice-ip-channel-2": 927,
          "KomakiPCA5NoDevice-ip-channel-3": 928,
          "KomakiPCA5NoDevice-ip-channel-4": 920,
          "KomakiPCA5NoDevice-app-ip-0": 103,
          "KomakiPCA5NoDevice-app-ip-1": 109,
          "KomakiPCA5NoDevice-app-ip-2": 117,
          "KomakiPCA5NoDevice-app-ip-3": 146,
          "KomakiPCA5NoDevice-app-ip-4": 109,
          "KomakiPCA5NoDevice-app-os-0": 118,
          "KomakiPCA5NoDevice-app-os-1": 91,
          "KomakiPCA5NoDevice-app-os-2": 141,
          "KomakiPCA5NoDevice-app-os-3": 129,
          "KomakiPCA5NoDevice-app-os-4": 113,
          "KomakiPCA5NoDevice-app-channel-0": 104,
          "KomakiPCA5NoDevice-app-channel-1": 145,
          "KomakiPCA5NoDevice-app-channel-2": 84,
          "KomakiPCA5NoDevice-app-channel-3": 124,
          "KomakiPCA5NoDevice-app-channel-4": 132,
          "KomakiPCA5NoDevice-os-ip-0": 67,
          "KomakiPCA5NoDevice-os-ip-1": 143,
          "KomakiPCA5NoDevice-os-ip-2": 201,
          "KomakiPCA5NoDevice-os-ip-3": 172,
          "KomakiPCA5NoDevice-os-ip-4": 173,
          "KomakiPCA5NoDevice-os-app-0": 173,
          "KomakiPCA5NoDevice-os-app-1": 139,
          "KomakiPCA5NoDevice-os-app-2": 116,
          "KomakiPCA5NoDevice-os-app-3": 209,
          "KomakiPCA5NoDevice-os-app-4": 246,
          "KomakiPCA5NoDevice-os-channel-0": 200,
          "KomakiPCA5NoDevice-os-channel-1": 217,
          "KomakiPCA5NoDevice-os-channel-2": 146,
          "KomakiPCA5NoDevice-os-channel-3": 158,
          "KomakiPCA5NoDevice-os-channel-4": 158,
          "KomakiPCA5NoDevice-channel-ip-0": 260,
          "KomakiPCA5NoDevice-channel-ip-1": 298,
          "KomakiPCA5NoDevice-channel-ip-2": 265,
          "KomakiPCA5NoDevice-channel-ip-3": 250,
          "KomakiPCA5NoDevice-channel-ip-4": 308,
          "KomakiPCA5NoDevice-channel-app-0": 289,
          "KomakiPCA5NoDevice-channel-app-1": 174,
          "KomakiPCA5NoDevice-channel-app-2": 216,
          "KomakiPCA5NoDevice-channel-app-3": 220,
          "KomakiPCA5NoDevice-channel-app-4": 202,
          "KomakiPCA5NoDevice-channel-os-0": 224,
          "KomakiPCA5NoDevice-channel-os-1": 259,
          "KomakiPCA5NoDevice-channel-os-2": 192,
          "KomakiPCA5NoDevice-channel-os-3": 221,
          "KomakiPCA5NoDevice-channel-os-4": 234
        }
      },
      {
        "train_auc": 0.994382818477308,
        "valid_auc": 0.9846242046134102,
        "best_iteration": 529,
        "train_time": 413.6933946609497,
        "feature_importance": {
          "app": 3142,
          "hour": 2931,
          "n_channels": 829,
          "ip_app_count": 811,
          "ip_app_os_count": 1009,
          "FutureClickCount_600-ip": 496,
          "FutureClickCount_600-app": 413,
          "FutureClickCount_600-ip-app": 209,
          "FutureClickCount_600-dev": 225,
          "FutureClickCount_600-ip-dev": 419,
          "FutureClickCount_600-app-dev": 359,
          "FutureClickCount_600-ip-app-dev": 164,
          "FutureClickCount_600-os": 286,
          "FutureClickCount_600-ip-os": 372,
          "FutureClickCount_600-app-os": 442,
          "FutureClickCount_600-ip-app-os": 188,
          "FutureClickCount_600-dev-os": 570,
          "FutureClickCount_600-ip-dev-os": 339,
          "FutureClickCount_600-app-dev-os": 567,
          "FutureClickCount_600-ip-app-dev-os": 345,
          "FutureClickCount_600-cha": 430,
          "FutureClickCount_600-ip-cha": 108,
          "FutureClickCount_600-app-cha": 512,
          "FutureClickCount_600-ip-app-cha": 80,
          "FutureClickCount_600-dev-cha": 283,
          "FutureClickCount_600-ip-dev-cha": 116,
          "FutureClickCount_600-app-dev-cha": 286,
          "FutureClickCount_600-ip-app-dev-cha": 128,
          "FutureClickCount_600-os-cha": 260,
          "FutureClickCount_600-ip-os-cha": 73,
          "FutureClickCount_600-app-os-cha": 320,
          "FutureClickCount_600-ip-app-os-cha": 76,
          "FutureClickCount_600-dev-os-cha": 287,
          "FutureClickCount_600-ip-dev-os-cha": 77,
          "FutureClickCount_600-app-dev-os-cha": 296,
          "FutureClickCount_600-ip-app-dev-os-cha": 79,
          "FutureClickCount_4800-ip": 705,
          "FutureClickCount_4800-app": 356,
          "FutureClickCount_4800-ip-app": 315,
          "FutureClickCount_4800-dev": 86,
          "FutureClickCount_4800-ip-dev": 939,
          "FutureClickCount_4800-app-dev": 188,
          "FutureClickCount_4800-ip-app-dev": 248,
          "FutureClickCount_4800-os": 122,
          "FutureClickCount_4800-ip-os": 479,
          "FutureClickCount_4800-app-os": 300,
          "FutureClickCount_4800-ip-app-os": 287,
          "FutureClickCount_4800-dev-os": 189,
          "FutureClickCount_4800-ip-dev-os": 730,
          "FutureClickCount_4800-app-dev-os": 428,
          "FutureClickCount_4800-ip-app-dev-os": 343,
          "FutureClickCount_4800-cha": 292,
          "FutureClickCount_4800-ip-cha": 158,
          "FutureClickCount_4800-app-cha": 519,
          "FutureClickCount_4800-ip-app-cha": 141,
          "FutureClickCount_4800-dev-cha": 207,
          "FutureClickCount_4800-ip-dev-cha": 154,
          "FutureClickCount_4800-app-dev-cha": 285,
          "FutureClickCount_4800-ip-app-dev-cha": 142,
          "FutureClickCount_4800-os-cha": 243,
          "FutureClickCount_4800-ip-os-cha": 116,
          "FutureClickCount_4800-app-os-cha": 292,
          "FutureClickCount_4800-ip-app-os-cha": 81,
          "FutureClickCount_4800-dev-os-cha": 262,
          "FutureClickCount_4800-ip-dev-os-cha": 85,
          "FutureClickCount_4800-app-dev-os-cha": 300,
          "FutureClickCount_4800-ip-app-dev-os-cha": 95,
          "NextClickTimeDelta-ip": 638,
          "NextClickTimeDelta-app": 118,
          "NextClickTimeDelta-ip-app": 825,
          "NextClickTimeDelta-dev": 70,
          "NextClickTimeDelta-ip-dev": 434,
          "NextClickTimeDelta-app-dev": 103,
          "NextClickTimeDelta-ip-app-dev": 528,
          "NextClickTimeDelta-os": 97,
          "NextClickTimeDelta-ip-os": 618,
          "NextClickTimeDelta-app-os": 193,
          "NextClickTimeDelta-ip-app-os": 1310,
          "NextClickTimeDelta-dev-os": 85,
          "NextClickTimeDelta-ip-dev-os": 410,
          "NextClickTimeDelta-app-dev-os": 147,
          "NextClickTimeDelta-ip-app-dev-os": 2121,
          "NextClickTimeDelta-cha": 154,
          "NextClickTimeDelta-ip-cha": 440,
          "NextClickTimeDelta-app-cha": 186,
          "NextClickTimeDelta-ip-app-cha": 357,
          "NextClickTimeDelta-dev-cha": 108,
          "NextClickTimeDelta-ip-dev-cha": 325,
          "NextClickTimeDelta-app-dev-cha": 131,
          "NextClickTimeDelta-ip-app-dev-cha": 306,
          "NextClickTimeDelta-os-cha": 187,
          "NextClickTimeDelta-ip-os-cha": 340,
          "NextClickTimeDelta-app-os-cha": 289,
          "NextClickTimeDelta-ip-app-os-cha": 409,
          "NextClickTimeDelta-dev-os-cha": 161,
          "NextClickTimeDelta-ip-dev-os-cha": 271,
          "NextClickTimeDelta-app-dev-os-cha": 183,
          "NextClickTimeDelta-ip-app-dev-os-cha": 512,
          "PrevClickTimeDelta-ip": 530,
          "PrevClickTimeDelta-app": 97,
          "PrevClickTimeDelta-ip-app": 358,
          "PrevClickTimeDelta-dev": 44,
          "PrevClickTimeDelta-ip-dev": 336,
          "PrevClickTimeDelta-app-dev": 102,
          "PrevClickTimeDelta-ip-app-dev": 255,
          "PrevClickTimeDelta-os": 128,
          "PrevClickTimeDelta-ip-os": 436,
          "PrevClickTimeDelta-app-os": 154,
          "PrevClickTimeDelta-ip-app-os": 368,
          "PrevClickTimeDelta-dev-os": 86,
          "PrevClickTimeDelta-ip-dev-os": 293,
          "PrevClickTimeDelta-app-dev-os": 133,
          "PrevClickTimeDelta-ip-app-dev-os": 303,
          "PrevClickTimeDelta-cha": 108,
          "PrevClickTimeDelta-ip-cha": 342,
          "PrevClickTimeDelta-app-cha": 197,
          "PrevClickTimeDelta-ip-app-cha": 225,
          "PrevClickTimeDelta-dev-cha": 127,
          "PrevClickTimeDelta-ip-dev-cha": 241,
          "PrevClickTimeDelta-app-dev-cha": 107,
          "PrevClickTimeDelta-ip-app-dev-cha": 202,
          "PrevClickTimeDelta-os-cha": 239,
          "PrevClickTimeDelta-ip-os-cha": 233,
          "PrevClickTimeDelta-app-os-cha": 227,
          "PrevClickTimeDelta-ip-app-os-cha": 211,
          "PrevClickTimeDelta-dev-os-cha": 153,
          "PrevClickTimeDelta-ip-dev-os-cha": 165,
          "PrevClickTimeDelta-app-dev-os-cha": 175,
          "PrevClickTimeDelta-ip-app-dev-os-cha": 157,
          "AverageAttributedRatio-ip": 403,
          "AverageAttributedRatio-app": 375,
          "AverageAttributedRatio-ip-app": 352,
          "AverageAttributedRatio-dev": 637,
          "AverageAttributedRatio-ip-dev": 385,
          "AverageAttributedRatio-app-dev": 297,
          "AverageAttributedRatio-ip-app-dev": 452,
          "AverageAttributedRatio-os": 350,
          "AverageAttributedRatio-ip-os": 316,
          "AverageAttributedRatio-app-os": 339,
          "AverageAttributedRatio-ip-app-os": 127,
          "AverageAttributedRatio-dev-os": 304,
          "AverageAttributedRatio-ip-dev-os": 309,
          "AverageAttributedRatio-app-dev-os": 329,
          "AverageAttributedRatio-ip-app-dev-os": 113,
          "AverageAttributedRatio-cha": 315,
          "AverageAttributedRatio-ip-cha": 165,
          "AverageAttributedRatio-app-cha": 288,
          "AverageAttributedRatio-ip-app-cha": 129,
          "AverageAttributedRatio-dev-cha": 229,
          "AverageAttributedRatio-ip-dev-cha": 129,
          "AverageAttributedRatio-app-dev-cha": 275,
          "AverageAttributedRatio-ip-app-dev-cha": 110,
          "AverageAttributedRatio-os-cha": 298,
          "AverageAttributedRatio-ip-os-cha": 80,
          "AverageAttributedRatio-app-os-cha": 393,
          "AverageAttributedRatio-ip-app-os-cha": 44,
          "AverageAttributedRatio-dev-os-cha": 229,
          "AverageAttributedRatio-ip-dev-os-cha": 64,
          "AverageAttributedRatio-app-dev-os-cha": 384,
          "AverageAttributedRatio-ip-app-dev-os-cha": 35,
          "KomakiLDA5NoDevice-ip-app-0": 854,
          "KomakiLDA5NoDevice-ip-app-1": 877,
          "KomakiLDA5NoDevice-ip-app-2": 914,
          "KomakiLDA5NoDevice-ip-app-3": 529,
          "KomakiLDA5NoDevice-ip-app-4": 440,
          "KomakiLDA5NoDevice-ip-os-0": 824,
          "KomakiLDA5NoDevice-ip-os-1": 828,
          "KomakiLDA5NoDevice-ip-os-2": 490,
          "KomakiLDA5NoDevice-ip-os-3": 633,
          "KomakiLDA5NoDevice-ip-os-4": 817,
          "KomakiLDA5NoDevice-ip-channel-0": 815,
          "KomakiLDA5NoDevice-ip-channel-1": 683,
          "KomakiLDA5NoDevice-ip-channel-2": 808,
          "KomakiLDA5NoDevice-ip-channel-3": 868,
          "KomakiLDA5NoDevice-ip-channel-4": 942,
          "KomakiLDA5NoDevice-app-ip-0": 219,
          "KomakiLDA5NoDevice-app-ip-1": 179,
          "KomakiLDA5NoDevice-app-ip-2": 178,
          "KomakiLDA5NoDevice-app-ip-3": 197,
          "KomakiLDA5NoDevice-app-ip-4": 150,
          "KomakiLDA5NoDevice-app-os-0": 120,
          "KomakiLDA5NoDevice-app-os-1": 185,
          "KomakiLDA5NoDevice-app-os-2": 119,
          "KomakiLDA5NoDevice-app-os-3": 85,
          "KomakiLDA5NoDevice-app-os-4": 134,
          "KomakiLDA5NoDevice-app-channel-0": 118,
          "KomakiLDA5NoDevice-app-channel-1": 110,
          "KomakiLDA5NoDevice-app-channel-2": 168,
          "KomakiLDA5NoDevice-app-channel-3": 153,
          "KomakiLDA5NoDevice-app-channel-4": 74,
          "KomakiLDA5NoDevice-os-ip-0": 274,
          "KomakiLDA5NoDevice-os-ip-1": 187,
          "KomakiLDA5NoDevice-os-ip-2": 217,
          "KomakiLDA5NoDevice-os-ip-3": 171,
          "KomakiLDA5NoDevice-os-ip-4": 206,
          "KomakiLDA5NoDevice-os-app-0": 224,
          "KomakiLDA5NoDevice-os-app-1": 230,
          "KomakiLDA5NoDevice-os-app-2": 111,
          "KomakiLDA5NoDevice-os-app-3": 178,
          "KomakiLDA5NoDevice-os-app-4": 86,
          "KomakiLDA5NoDevice-os-channel-0": 228,
          "KomakiLDA5NoDevice-os-channel-1": 125,
          "KomakiLDA5NoDevice-os-channel-2": 191,
          "KomakiLDA5NoDevice-os-channel-3": 244,
          "KomakiLDA5NoDevice-os-channel-4": 176,
          "KomakiLDA5NoDevice-channel-ip-0": 178,
          "KomakiLDA5NoDevice-channel-ip-1": 247,
          "KomakiLDA5NoDevice-channel-ip-2": 205,
          "KomakiLDA5NoDevice-channel-ip-3": 257,
          "KomakiLDA5NoDevice-channel-ip-4": 195,
          "KomakiLDA5NoDevice-channel-app-0": 212,
          "KomakiLDA5NoDevice-channel-app-1": 159,
          "KomakiLDA5NoDevice-channel-app-2": 238,
          "KomakiLDA5NoDevice-channel-app-3": 174,
          "KomakiLDA5NoDevice-channel-app-4": 149,
          "KomakiLDA5NoDevice-channel-os-0": 214,
          "KomakiLDA5NoDevice-channel-os-1": 266,
          "KomakiLDA5NoDevice-channel-os-2": 218,
          "KomakiLDA5NoDevice-channel-os-3": 190,
          "KomakiLDA5NoDevice-channel-os-4": 222,
          "KomakiNMF5NoDevice-ip-app-0": 467,
          "KomakiNMF5NoDevice-ip-app-1": 873,
          "KomakiNMF5NoDevice-ip-app-2": 619,
          "KomakiNMF5NoDevice-ip-app-3": 451,
          "KomakiNMF5NoDevice-ip-app-4": 499,
          "KomakiNMF5NoDevice-ip-os-0": 698,
          "KomakiNMF5NoDevice-ip-os-1": 738,
          "KomakiNMF5NoDevice-ip-os-2": 609,
          "KomakiNMF5NoDevice-ip-os-3": 631,
          "KomakiNMF5NoDevice-ip-os-4": 627,
          "KomakiNMF5NoDevice-ip-channel-0": 604,
          "KomakiNMF5NoDevice-ip-channel-1": 961,
          "KomakiNMF5NoDevice-ip-channel-2": 555,
          "KomakiNMF5NoDevice-ip-channel-3": 735,
          "KomakiNMF5NoDevice-ip-channel-4": 603,
          "KomakiNMF5NoDevice-app-ip-0": 106,
          "KomakiNMF5NoDevice-app-ip-1": 133,
          "KomakiNMF5NoDevice-app-ip-2": 101,
          "KomakiNMF5NoDevice-app-ip-3": 91,
          "KomakiNMF5NoDevice-app-ip-4": 73,
          "KomakiNMF5NoDevice-app-os-0": 45,
          "KomakiNMF5NoDevice-app-os-1": 102,
          "KomakiNMF5NoDevice-app-os-2": 72,
          "KomakiNMF5NoDevice-app-os-3": 24,
          "KomakiNMF5NoDevice-app-os-4": 35,
          "KomakiNMF5NoDevice-app-channel-0": 87,
          "KomakiNMF5NoDevice-app-channel-1": 98,
          "KomakiNMF5NoDevice-app-channel-2": 115,
          "KomakiNMF5NoDevice-app-channel-3": 90,
          "KomakiNMF5NoDevice-app-channel-4": 71,
          "KomakiNMF5NoDevice-os-ip-0": 109,
          "KomakiNMF5NoDevice-os-ip-1": 110,
          "KomakiNMF5NoDevice-os-ip-2": 95,
          "KomakiNMF5NoDevice-os-ip-3": 119,
          "KomakiNMF5NoDevice-os-ip-4": 110,
          "KomakiNMF5NoDevice-os-app-0": 65,
          "KomakiNMF5NoDevice-os-app-1": 13,
          "KomakiNMF5NoDevice-os-app-2": 99,
          "KomakiNMF5NoDevice-os-app-3": 152,
          "KomakiNMF5NoDevice-os-app-4": 103,
          "KomakiNMF5NoDevice-os-channel-0": 247,
          "KomakiNMF5NoDevice-os-channel-1": 82,
          "KomakiNMF5NoDevice-os-channel-2": 225,
          "KomakiNMF5NoDevice-os-channel-3": 203,
          "KomakiNMF5NoDevice-os-channel-4": 94,
          "KomakiNMF5NoDevice-channel-ip-0": 257,
          "KomakiNMF5NoDevice-channel-ip-1": 151,
          "KomakiNMF5NoDevice-channel-ip-2": 152,
          "KomakiNMF5NoDevice-channel-ip-3": 182,
          "KomakiNMF5NoDevice-channel-ip-4": 229,
          "KomakiNMF5NoDevice-channel-app-0": 105,
          "KomakiNMF5NoDevice-channel-app-1": 44,
          "KomakiNMF5NoDevice-channel-app-2": 114,
          "KomakiNMF5NoDevice-channel-app-3": 105,
          "KomakiNMF5NoDevice-channel-app-4": 151,
          "KomakiNMF5NoDevice-channel-os-0": 208,
          "KomakiNMF5NoDevice-channel-os-1": 62,
          "KomakiNMF5NoDevice-channel-os-2": 171,
          "KomakiNMF5NoDevice-channel-os-3": 101,
          "KomakiNMF5NoDevice-channel-os-4": 201,
          "KomakiPCA5NoDevice-ip-app-0": 772,
          "KomakiPCA5NoDevice-ip-app-1": 627,
          "KomakiPCA5NoDevice-ip-app-2": 622,
          "KomakiPCA5NoDevice-ip-app-3": 423,
          "KomakiPCA5NoDevice-ip-app-4": 715,
          "KomakiPCA5NoDevice-ip-os-0": 933,
          "KomakiPCA5NoDevice-ip-os-1": 544,
          "KomakiPCA5NoDevice-ip-os-2": 587,
          "KomakiPCA5NoDevice-ip-os-3": 529,
          "KomakiPCA5NoDevice-ip-os-4": 643,
          "KomakiPCA5NoDevice-ip-channel-0": 966,
          "KomakiPCA5NoDevice-ip-channel-1": 706,
          "KomakiPCA5NoDevice-ip-channel-2": 599,
          "KomakiPCA5NoDevice-ip-channel-3": 651,
          "KomakiPCA5NoDevice-ip-channel-4": 637,
          "KomakiPCA5NoDevice-app-ip-0": 62,
          "KomakiPCA5NoDevice-app-ip-1": 85,
          "KomakiPCA5NoDevice-app-ip-2": 77,
          "KomakiPCA5NoDevice-app-ip-3": 103,
          "KomakiPCA5NoDevice-app-ip-4": 88,
          "KomakiPCA5NoDevice-app-os-0": 122,
          "KomakiPCA5NoDevice-app-os-1": 57,
          "KomakiPCA5NoDevice-app-os-2": 125,
          "KomakiPCA5NoDevice-app-os-3": 110,
          "KomakiPCA5NoDevice-app-os-4": 67,
          "KomakiPCA5NoDevice-app-channel-0": 83,
          "KomakiPCA5NoDevice-app-channel-1": 113,
          "KomakiPCA5NoDevice-app-channel-2": 85,
          "KomakiPCA5NoDevice-app-channel-3": 89,
          "KomakiPCA5NoDevice-app-channel-4": 94,
          "KomakiPCA5NoDevice-os-ip-0": 43,
          "KomakiPCA5NoDevice-os-ip-1": 97,
          "KomakiPCA5NoDevice-os-ip-2": 105,
          "KomakiPCA5NoDevice-os-ip-3": 142,
          "KomakiPCA5NoDevice-os-ip-4": 117,
          "KomakiPCA5NoDevice-os-app-0": 117,
          "KomakiPCA5NoDevice-os-app-1": 99,
          "KomakiPCA5NoDevice-os-app-2": 64,
          "KomakiPCA5NoDevice-os-app-3": 138,
          "KomakiPCA5NoDevice-os-app-4": 186,
          "KomakiPCA5NoDevice-os-channel-0": 107,
          "KomakiPCA5NoDevice-os-channel-1": 171,
          "KomakiPCA5NoDevice-os-channel-2": 95,
          "KomakiPCA5NoDevice-os-channel-3": 92,
          "KomakiPCA5NoDevice-os-channel-4": 106,
          "KomakiPCA5NoDevice-channel-ip-0": 193,
          "KomakiPCA5NoDevice-channel-ip-1": 206,
          "KomakiPCA5NoDevice-channel-ip-2": 183,
          "KomakiPCA5NoDevice-channel-ip-3": 202,
          "KomakiPCA5NoDevice-channel-ip-4": 210,
          "KomakiPCA5NoDevice-channel-app-0": 182,
          "KomakiPCA5NoDevice-channel-app-1": 101,
          "KomakiPCA5NoDevice-channel-app-2": 151,
          "KomakiPCA5NoDevice-channel-app-3": 146,
          "KomakiPCA5NoDevice-channel-app-4": 151,
          "KomakiPCA5NoDevice-channel-os-0": 163,
          "KomakiPCA5NoDevice-channel-os-1": 186,
          "KomakiPCA5NoDevice-channel-os-2": 147,
          "KomakiPCA5NoDevice-channel-os-3": 166,
          "KomakiPCA5NoDevice-channel-os-4": 171
        }
      }
    ],
    "average_train_auc": 0.9951322854984441,
    "average_valid_auc": 0.984417627512723,
    "train_auc_std": 0.0007198318839224693,
    "valid_auc_std": 0.0001545241038400405,
    "average_train_time": 474.4060231685638
  },
  "config": {
    "features": [
      "app",
      "hour",
      "count",
      "future_click_count_10",
      "future_click_count_80",
      "next_click_time_delta",
      "prev_click_time_delta",
      "average_attributed_ratio",
      "komaki_lda_5_no_device",
      "komaki_nmf_5_no_device",
      "komaki_pca_5_no_device"
    ],
    "model": {
      "name": "lightgbm",
      "model_params": {
        "boosting_type": "gbdt",
        "objective": "binary",
        "metric": "auc",
        "learning_rate": 0.03,
        "num_leaves": 255,
        "max_depth": 8,
        "min_child_samples": 10,
        "max_bin": 100,
        "subsample": 0.7,
        "subsample_freq": 1,
        "colsample_bytree": 0.7,
        "min_child_weight": 0,
        "subsample_for_bin": 200000,
        "min_split_gain": 0,
        "reg_alpha": 0,
        "reg_lambda": 0,
        "verbose": 0
      },
      "train_params": {
        "num_boost_round": 1000,
        "early_stopping_rounds": 30
      }
    },
    "dataset": {
      "input_directory": "data/input/",
      "cache_directory": "data/working/",
      "files": {
        "train": "train.feather",
        "test": "old_test.feather"
      },
      "negative_down_sampling": {
        "enabled": true,
        "bagging_size": 5,
        "random_state": 114514
      }
    },
    "test_hours": {
      "filter_validation": true,
      "train_weight": 3.0
    },
    "note": "53 + higher train weight for hours in test dataset (3.0)"
  }
}