{
  "training": {
    "trials": [
      {
        "train_auc": 0.9581782001937528,
        "valid_auc": 0.9720483938256154,
        "best_iteration": 7,
        "train_time": 0.7631738185882568,
        "prediction_time": {
          "test": 0.23456883430480957
        },
        "feature_importance": {
          "ip": 0,
          "os": 0,
          "app": 0,
          "channel": 0,
          "hour": 0,
          "n_channels": 0,
          "ip_app_count": 0,
          "ip_app_os_count": 0,
          "FutureClickCount_600-ip": 0,
          "FutureClickCount_600-app": 0,
          "FutureClickCount_600-ip-app": 0,
          "FutureClickCount_600-dev": 0,
          "FutureClickCount_600-ip-dev": 0,
          "FutureClickCount_600-app-dev": 0,
          "FutureClickCount_600-ip-app-dev": 0,
          "FutureClickCount_600-os": 0,
          "FutureClickCount_600-ip-os": 0,
          "FutureClickCount_600-app-os": 0,
          "FutureClickCount_600-ip-app-os": 0,
          "FutureClickCount_600-dev-os": 0,
          "FutureClickCount_600-ip-dev-os": 0,
          "FutureClickCount_600-app-dev-os": 0,
          "FutureClickCount_600-ip-app-dev-os": 0,
          "FutureClickCount_600-cha": 0,
          "FutureClickCount_600-ip-cha": 0,
          "FutureClickCount_600-app-cha": 0,
          "FutureClickCount_600-ip-app-cha": 0,
          "FutureClickCount_600-dev-cha": 0,
          "FutureClickCount_600-ip-dev-cha": 0,
          "FutureClickCount_600-app-dev-cha": 0,
          "FutureClickCount_600-ip-app-dev-cha": 0,
          "FutureClickCount_600-os-cha": 0,
          "FutureClickCount_600-ip-os-cha": 0,
          "FutureClickCount_600-app-os-cha": 0,
          "FutureClickCount_600-ip-app-os-cha": 0,
          "FutureClickCount_600-dev-os-cha": 0,
          "FutureClickCount_600-ip-dev-os-cha": 0,
          "FutureClickCount_600-app-dev-os-cha": 0,
          "FutureClickCount_600-ip-app-dev-os-cha": 0,
          "FutureClickCount_4800-ip": 0,
          "FutureClickCount_4800-app": 0,
          "FutureClickCount_4800-ip-app": 0,
          "FutureClickCount_4800-dev": 0,
          "FutureClickCount_4800-ip-dev": 0,
          "FutureClickCount_4800-app-dev": 0,
          "FutureClickCount_4800-ip-app-dev": 0,
          "FutureClickCount_4800-os": 2,
          "FutureClickCount_4800-ip-os": 0,
          "FutureClickCount_4800-app-os": 0,
          "FutureClickCount_4800-ip-app-os": 0,
          "FutureClickCount_4800-dev-os": 1,
          "FutureClickCount_4800-ip-dev-os": 0,
          "FutureClickCount_4800-app-dev-os": 0,
          "FutureClickCount_4800-ip-app-dev-os": 0,
          "FutureClickCount_4800-cha": 0,
          "FutureClickCount_4800-ip-cha": 0,
          "FutureClickCount_4800-app-cha": 0,
          "FutureClickCount_4800-ip-app-cha": 0,
          "FutureClickCount_4800-dev-cha": 0,
          "FutureClickCount_4800-ip-dev-cha": 0,
          "FutureClickCount_4800-app-dev-cha": 0,
          "FutureClickCount_4800-ip-app-dev-cha": 0,
          "FutureClickCount_4800-os-cha": 0,
          "FutureClickCount_4800-ip-os-cha": 0,
          "FutureClickCount_4800-app-os-cha": 0,
          "FutureClickCount_4800-ip-app-os-cha": 0,
          "FutureClickCount_4800-dev-os-cha": 0,
          "FutureClickCount_4800-ip-dev-os-cha": 0,
          "FutureClickCount_4800-app-dev-os-cha": 0,
          "FutureClickCount_4800-ip-app-dev-os-cha": 0,
          "NextClickTimeDelta-ip": 0,
          "NextClickTimeDelta-app": 0,
          "NextClickTimeDelta-ip-app": 0,
          "NextClickTimeDelta-dev": 0,
          "NextClickTimeDelta-ip-dev": 0,
          "NextClickTimeDelta-app-dev": 0,
          "NextClickTimeDelta-ip-app-dev": 0,
          "NextClickTimeDelta-os": 0,
          "NextClickTimeDelta-ip-os": 0,
          "NextClickTimeDelta-app-os": 0,
          "NextClickTimeDelta-ip-app-os": 0,
          "NextClickTimeDelta-dev-os": 0,
          "NextClickTimeDelta-ip-dev-os": 0,
          "NextClickTimeDelta-app-dev-os": 0,
          "NextClickTimeDelta-ip-app-dev-os": 0,
          "NextClickTimeDelta-cha": 0,
          "NextClickTimeDelta-ip-cha": 0,
          "NextClickTimeDelta-app-cha": 0,
          "NextClickTimeDelta-ip-app-cha": 0,
          "NextClickTimeDelta-dev-cha": 0,
          "NextClickTimeDelta-ip-dev-cha": 0,
          "NextClickTimeDelta-app-dev-cha": 0,
          "NextClickTimeDelta-ip-app-dev-cha": 0,
          "NextClickTimeDelta-os-cha": 0,
          "NextClickTimeDelta-ip-os-cha": 0,
          "NextClickTimeDelta-app-os-cha": 0,
          "NextClickTimeDelta-ip-app-os-cha": 0,
          "NextClickTimeDelta-dev-os-cha": 0,
          "NextClickTimeDelta-ip-dev-os-cha": 0,
          "NextClickTimeDelta-app-dev-os-cha": 0,
          "NextClickTimeDelta-ip-app-dev-os-cha": 0,
          "PrevClickTimeDelta-ip": 2,
          "PrevClickTimeDelta-app": 0,
          "PrevClickTimeDelta-ip-app": 0,
          "PrevClickTimeDelta-dev": 0,
          "PrevClickTimeDelta-ip-dev": 0,
          "PrevClickTimeDelta-app-dev": 1,
          "PrevClickTimeDelta-ip-app-dev": 0,
          "PrevClickTimeDelta-os": 0,
          "PrevClickTimeDelta-ip-os": 0,
          "PrevClickTimeDelta-app-os": 0,
          "PrevClickTimeDelta-ip-app-os": 0,
          "PrevClickTimeDelta-dev-os": 0,
          "PrevClickTimeDelta-ip-dev-os": 0,
          "PrevClickTimeDelta-app-dev-os": 0,
          "PrevClickTimeDelta-ip-app-dev-os": 0,
          "PrevClickTimeDelta-cha": 0,
          "PrevClickTimeDelta-ip-cha": 0,
          "PrevClickTimeDelta-app-cha": 0,
          "PrevClickTimeDelta-ip-app-cha": 0,
          "PrevClickTimeDelta-dev-cha": 1,
          "PrevClickTimeDelta-ip-dev-cha": 0,
          "PrevClickTimeDelta-app-dev-cha": 0,
          "PrevClickTimeDelta-ip-app-dev-cha": 0,
          "PrevClickTimeDelta-os-cha": 0,
          "PrevClickTimeDelta-ip-os-cha": 0,
          "PrevClickTimeDelta-app-os-cha": 0,
          "PrevClickTimeDelta-ip-app-os-cha": 0,
          "PrevClickTimeDelta-dev-os-cha": 0,
          "PrevClickTimeDelta-ip-dev-os-cha": 0,
          "PrevClickTimeDelta-app-dev-os-cha": 1,
          "PrevClickTimeDelta-ip-app-dev-os-cha": 0,
          "AverageAttributedRatio-ip": 0,
          "AverageAttributedRatio-app": 0,
          "AverageAttributedRatio-ip-app": 0,
          "AverageAttributedRatio-dev": 0,
          "AverageAttributedRatio-ip-dev": 0,
          "AverageAttributedRatio-app-dev": 1,
          "AverageAttributedRatio-ip-app-dev": 0,
          "AverageAttributedRatio-os": 0,
          "AverageAttributedRatio-ip-os": 0,
          "AverageAttributedRatio-app-os": 0,
          "AverageAttributedRatio-ip-app-os": 0,
          "AverageAttributedRatio-dev-os": 0,
          "AverageAttributedRatio-ip-dev-os": 0,
          "AverageAttributedRatio-app-dev-os": 0,
          "AverageAttributedRatio-ip-app-dev-os": 0,
          "AverageAttributedRatio-cha": 0,
          "AverageAttributedRatio-ip-cha": 0,
          "AverageAttributedRatio-app-cha": 1,
          "AverageAttributedRatio-ip-app-cha": 0,
          "AverageAttributedRatio-dev-cha": 1,
          "AverageAttributedRatio-ip-dev-cha": 0,
          "AverageAttributedRatio-app-dev-cha": 0,
          "AverageAttributedRatio-ip-app-dev-cha": 0,
          "AverageAttributedRatio-os-cha": 0,
          "AverageAttributedRatio-ip-os-cha": 0,
          "AverageAttributedRatio-app-os-cha": 0,
          "AverageAttributedRatio-ip-app-os-cha": 0,
          "AverageAttributedRatio-dev-os-cha": 0,
          "AverageAttributedRatio-ip-dev-os-cha": 0,
          "AverageAttributedRatio-app-dev-os-cha": 0,
          "AverageAttributedRatio-ip-app-dev-os-cha": 0,
          "KomakiLDA5-ip-app-0": 0,
          "KomakiLDA5-ip-app-1": 0,
          "KomakiLDA5-ip-app-2": 2,
          "KomakiLDA5-ip-app-3": 0,
          "KomakiLDA5-ip-app-4": 0,
          "KomakiLDA5-ip-os-0": 0,
          "KomakiLDA5-ip-os-1": 2,
          "KomakiLDA5-ip-os-2": 0,
          "KomakiLDA5-ip-os-3": 0,
          "KomakiLDA5-ip-os-4": 0,
          "KomakiLDA5-ip-device-0": 0,
          "KomakiLDA5-ip-device-1": 0,
          "KomakiLDA5-ip-device-2": 0,
          "KomakiLDA5-ip-device-3": 0,
          "KomakiLDA5-ip-device-4": 0,
          "KomakiLDA5-ip-channel-0": 0,
          "KomakiLDA5-ip-channel-1": 0,
          "KomakiLDA5-ip-channel-2": 1,
          "KomakiLDA5-ip-channel-3": 0,
          "KomakiLDA5-ip-channel-4": 0,
          "KomakiLDA5-app-ip-0": 3,
          "KomakiLDA5-app-ip-1": 2,
          "KomakiLDA5-app-ip-2": 0,
          "KomakiLDA5-app-ip-3": 1,
          "KomakiLDA5-app-ip-4": 0,
          "KomakiLDA5-app-os-0": 1,
          "KomakiLDA5-app-os-1": 0,
          "KomakiLDA5-app-os-2": 0,
          "KomakiLDA5-app-os-3": 0,
          "KomakiLDA5-app-os-4": 0,
          "KomakiLDA5-app-device-0": 2,
          "KomakiLDA5-app-device-1": 0,
          "KomakiLDA5-app-device-2": 0,
          "KomakiLDA5-app-device-3": 0,
          "KomakiLDA5-app-device-4": 0,
          "KomakiLDA5-app-channel-0": 0,
          "KomakiLDA5-app-channel-1": 0,
          "KomakiLDA5-app-channel-2": 0,
          "KomakiLDA5-app-channel-3": 0,
          "KomakiLDA5-app-channel-4": 0,
          "KomakiLDA5-os-ip-0": 0,
          "KomakiLDA5-os-ip-1": 0,
          "KomakiLDA5-os-ip-2": 0,
          "KomakiLDA5-os-ip-3": 0,
          "KomakiLDA5-os-ip-4": 0,
          "KomakiLDA5-os-app-0": 0,
          "KomakiLDA5-os-app-1": 0,
          "KomakiLDA5-os-app-2": 0,
          "KomakiLDA5-os-app-3": 0,
          "KomakiLDA5-os-app-4": 0,
          "KomakiLDA5-os-device-0": 0,
          "KomakiLDA5-os-device-1": 0,
          "KomakiLDA5-os-device-2": 0,
          "KomakiLDA5-os-device-3": 0,
          "KomakiLDA5-os-device-4": 0,
          "KomakiLDA5-os-channel-0": 0,
          "KomakiLDA5-os-channel-1": 0,
          "KomakiLDA5-os-channel-2": 0,
          "KomakiLDA5-os-channel-3": 0,
          "KomakiLDA5-os-channel-4": 0,
          "KomakiLDA5-device-ip-0": 0,
          "KomakiLDA5-device-ip-1": 0,
          "KomakiLDA5-device-ip-2": 0,
          "KomakiLDA5-device-ip-3": 0,
          "KomakiLDA5-device-ip-4": 0,
          "KomakiLDA5-device-app-0": 0,
          "KomakiLDA5-device-app-1": 0,
          "KomakiLDA5-device-app-2": 0,
          "KomakiLDA5-device-app-3": 0,
          "KomakiLDA5-device-app-4": 0,
          "KomakiLDA5-device-os-0": 0,
          "KomakiLDA5-device-os-1": 0,
          "KomakiLDA5-device-os-2": 0,
          "KomakiLDA5-device-os-3": 0,
          "KomakiLDA5-device-os-4": 0,
          "KomakiLDA5-device-channel-0": 0,
          "KomakiLDA5-device-channel-1": 0,
          "KomakiLDA5-device-channel-2": 0,
          "KomakiLDA5-device-channel-3": 0,
          "KomakiLDA5-device-channel-4": 0,
          "KomakiLDA5-channel-ip-0": 0,
          "KomakiLDA5-channel-ip-1": 0,
          "KomakiLDA5-channel-ip-2": 0,
          "KomakiLDA5-channel-ip-3": 0,
          "KomakiLDA5-channel-ip-4": 0,
          "KomakiLDA5-channel-app-0": 1,
          "KomakiLDA5-channel-app-1": 0,
          "KomakiLDA5-channel-app-2": 0,
          "KomakiLDA5-channel-app-3": 0,
          "KomakiLDA5-channel-app-4": 0,
          "KomakiLDA5-channel-os-0": 0,
          "KomakiLDA5-channel-os-1": 1,
          "KomakiLDA5-channel-os-2": 0,
          "KomakiLDA5-channel-os-3": 0,
          "KomakiLDA5-channel-os-4": 1,
          "KomakiLDA5-channel-device-0": 0,
          "KomakiLDA5-channel-device-1": 0,
          "KomakiLDA5-channel-device-2": 0,
          "KomakiLDA5-channel-device-3": 0,
          "KomakiLDA5-channel-device-4": 0
        }
      }
    ],
    "average_train_auc": 0.9581782001937528,
    "average_valid_auc": 0.9720483938256154,
    "train_auc_std": 0.0,
    "valid_auc_std": 0.0,
    "average_train_time": 0.7631738185882568
  },
  "config": {
    "features": [
      "ip",
      "os",
      "app",
      "channel",
      "hour",
      "count",
      "future_click_count_10",
      "future_click_count_80",
      "next_click_time_delta",
      "prev_click_time_delta",
      "average_attributed_ratio",
      "komaki_lda_5"
    ],
    "model": {
      "name": "lightgbm",
      "model_params": {
        "boosting_type": "gbdt",
        "objective": "binary",
        "metric": "auc",
        "learning_rate": 0.1,
        "num_leaves": 255,
        "max_depth": 8,
        "min_child_samples": 100,
        "max_bin": 100,
        "subsample": 0.7,
        "subsample_freq": 1,
        "colsample_bytree": 0.7,
        "min_child_weight": 0,
        "subsample_for_bin": 200000,
        "min_split_gain": 0,
        "reg_alpha": 0,
        "reg_lambda": 0,
        "verbose": 0
      },
      "train_params": {
        "num_boost_round": 350,
        "early_stopping_rounds": 30
      }
    },
    "dataset": {
      "input_directory": "data/input/",
      "cache_directory": "data/working/",
      "files": {
        "train": "train.feather.small",
        "test": "old_test.feather.small"
      },
      "negative_down_sampling": {
        "enabled": true,
        "bagging_size": 1,
        "random_state": 114514
      }
    }
  }
}