{
  "training": {
    "trials": [
      {
        "train_auc": 0.9906184997756392,
        "valid_auc": 0.9841049637748694,
        "best_iteration": 98,
        "train_time": 77.39403367042542,
        "feature_importance": {
          "ip": 600,
          "os": 263,
          "app": 323,
          "channel": 449,
          "hour": 385,
          "n_channels": 157,
          "ip_app_count": 169,
          "ip_app_os_count": 153,
          "FutureClickCount_600-ip": 89,
          "FutureClickCount_600-app": 36,
          "FutureClickCount_600-ip-app": 14,
          "FutureClickCount_600-dev": 40,
          "FutureClickCount_600-ip-dev": 69,
          "FutureClickCount_600-app-dev": 63,
          "FutureClickCount_600-ip-app-dev": 16,
          "FutureClickCount_600-os": 39,
          "FutureClickCount_600-ip-os": 22,
          "FutureClickCount_600-app-os": 34,
          "FutureClickCount_600-ip-app-os": 40,
          "FutureClickCount_600-dev-os": 122,
          "FutureClickCount_600-ip-dev-os": 36,
          "FutureClickCount_600-app-dev-os": 108,
          "FutureClickCount_600-ip-app-dev-os": 64,
          "FutureClickCount_600-cha": 33,
          "FutureClickCount_600-ip-cha": 9,
          "FutureClickCount_600-app-cha": 85,
          "FutureClickCount_600-ip-app-cha": 6,
          "FutureClickCount_600-dev-cha": 44,
          "FutureClickCount_600-ip-dev-cha": 7,
          "FutureClickCount_600-app-dev-cha": 42,
          "FutureClickCount_600-ip-app-dev-cha": 5,
          "FutureClickCount_600-os-cha": 23,
          "FutureClickCount_600-ip-os-cha": 11,
          "FutureClickCount_600-app-os-cha": 36,
          "FutureClickCount_600-ip-app-os-cha": 7,
          "FutureClickCount_600-dev-os-cha": 33,
          "FutureClickCount_600-ip-dev-os-cha": 7,
          "FutureClickCount_600-app-dev-os-cha": 34,
          "FutureClickCount_600-ip-app-dev-os-cha": 13,
          "FutureClickCount_4800-ip": 184,
          "FutureClickCount_4800-app": 40,
          "FutureClickCount_4800-ip-app": 46,
          "FutureClickCount_4800-dev": 13,
          "FutureClickCount_4800-ip-dev": 185,
          "FutureClickCount_4800-app-dev": 18,
          "FutureClickCount_4800-ip-app-dev": 19,
          "FutureClickCount_4800-os": 20,
          "FutureClickCount_4800-ip-os": 68,
          "FutureClickCount_4800-app-os": 38,
          "FutureClickCount_4800-ip-app-os": 44,
          "FutureClickCount_4800-dev-os": 63,
          "FutureClickCount_4800-ip-dev-os": 134,
          "FutureClickCount_4800-app-dev-os": 82,
          "FutureClickCount_4800-ip-app-dev-os": 77,
          "FutureClickCount_4800-cha": 19,
          "FutureClickCount_4800-ip-cha": 21,
          "FutureClickCount_4800-app-cha": 67,
          "FutureClickCount_4800-ip-app-cha": 15,
          "FutureClickCount_4800-dev-cha": 30,
          "FutureClickCount_4800-ip-dev-cha": 17,
          "FutureClickCount_4800-app-dev-cha": 28,
          "FutureClickCount_4800-ip-app-dev-cha": 14,
          "FutureClickCount_4800-os-cha": 25,
          "FutureClickCount_4800-ip-os-cha": 14,
          "FutureClickCount_4800-app-os-cha": 35,
          "FutureClickCount_4800-ip-app-os-cha": 4,
          "FutureClickCount_4800-dev-os-cha": 33,
          "FutureClickCount_4800-ip-dev-os-cha": 9,
          "FutureClickCount_4800-app-dev-os-cha": 44,
          "FutureClickCount_4800-ip-app-dev-os-cha": 8,
          "NextClickTimeDelta-ip": 77,
          "NextClickTimeDelta-app": 8,
          "NextClickTimeDelta-ip-app": 135,
          "NextClickTimeDelta-dev": 4,
          "NextClickTimeDelta-ip-dev": 60,
          "NextClickTimeDelta-app-dev": 6,
          "NextClickTimeDelta-ip-app-dev": 76,
          "NextClickTimeDelta-os": 10,
          "NextClickTimeDelta-ip-os": 69,
          "NextClickTimeDelta-app-os": 12,
          "NextClickTimeDelta-ip-app-os": 280,
          "NextClickTimeDelta-dev-os": 10,
          "NextClickTimeDelta-ip-dev-os": 57,
          "NextClickTimeDelta-app-dev-os": 28,
          "NextClickTimeDelta-ip-app-dev-os": 511,
          "NextClickTimeDelta-cha": 4,
          "NextClickTimeDelta-ip-cha": 46,
          "NextClickTimeDelta-app-cha": 14,
          "NextClickTimeDelta-ip-app-cha": 67,
          "NextClickTimeDelta-dev-cha": 7,
          "NextClickTimeDelta-ip-dev-cha": 49,
          "NextClickTimeDelta-app-dev-cha": 11,
          "NextClickTimeDelta-ip-app-dev-cha": 49,
          "NextClickTimeDelta-os-cha": 17,
          "NextClickTimeDelta-ip-os-cha": 38,
          "NextClickTimeDelta-app-os-cha": 21,
          "NextClickTimeDelta-ip-app-os-cha": 68,
          "NextClickTimeDelta-dev-os-cha": 21,
          "NextClickTimeDelta-ip-dev-os-cha": 38,
          "NextClickTimeDelta-app-dev-os-cha": 23,
          "NextClickTimeDelta-ip-app-dev-os-cha": 86,
          "PrevClickTimeDelta-ip": 54,
          "PrevClickTimeDelta-app": 3,
          "PrevClickTimeDelta-ip-app": 36,
          "PrevClickTimeDelta-dev": 5,
          "PrevClickTimeDelta-ip-dev": 43,
          "PrevClickTimeDelta-app-dev": 8,
          "PrevClickTimeDelta-ip-app-dev": 35,
          "PrevClickTimeDelta-os": 6,
          "PrevClickTimeDelta-ip-os": 48,
          "PrevClickTimeDelta-app-os": 10,
          "PrevClickTimeDelta-ip-app-os": 34,
          "PrevClickTimeDelta-dev-os": 5,
          "PrevClickTimeDelta-ip-dev-os": 33,
          "PrevClickTimeDelta-app-dev-os": 15,
          "PrevClickTimeDelta-ip-app-dev-os": 25,
          "PrevClickTimeDelta-cha": 4,
          "PrevClickTimeDelta-ip-cha": 46,
          "PrevClickTimeDelta-app-cha": 13,
          "PrevClickTimeDelta-ip-app-cha": 19,
          "PrevClickTimeDelta-dev-cha": 5,
          "PrevClickTimeDelta-ip-dev-cha": 26,
          "PrevClickTimeDelta-app-dev-cha": 8,
          "PrevClickTimeDelta-ip-app-dev-cha": 19,
          "PrevClickTimeDelta-os-cha": 20,
          "PrevClickTimeDelta-ip-os-cha": 12,
          "PrevClickTimeDelta-app-os-cha": 11,
          "PrevClickTimeDelta-ip-app-os-cha": 14,
          "PrevClickTimeDelta-dev-os-cha": 15,
          "PrevClickTimeDelta-ip-dev-os-cha": 23,
          "PrevClickTimeDelta-app-dev-os-cha": 21,
          "PrevClickTimeDelta-ip-app-dev-os-cha": 8,
          "AverageAttributedRatio-ip": 23,
          "AverageAttributedRatio-app": 27,
          "AverageAttributedRatio-ip-app": 27,
          "AverageAttributedRatio-dev": 63,
          "AverageAttributedRatio-ip-dev": 25,
          "AverageAttributedRatio-app-dev": 34,
          "AverageAttributedRatio-ip-app-dev": 59,
          "AverageAttributedRatio-os": 32,
          "AverageAttributedRatio-ip-os": 21,
          "AverageAttributedRatio-app-os": 29,
          "AverageAttributedRatio-ip-app-os": 4,
          "AverageAttributedRatio-dev-os": 32,
          "AverageAttributedRatio-ip-dev-os": 19,
          "AverageAttributedRatio-app-dev-os": 53,
          "AverageAttributedRatio-ip-app-dev-os": 2,
          "AverageAttributedRatio-cha": 33,
          "AverageAttributedRatio-ip-cha": 3,
          "AverageAttributedRatio-app-cha": 48,
          "AverageAttributedRatio-ip-app-cha": 4,
          "AverageAttributedRatio-dev-cha": 17,
          "AverageAttributedRatio-ip-dev-cha": 8,
          "AverageAttributedRatio-app-dev-cha": 37,
          "AverageAttributedRatio-ip-app-dev-cha": 13,
          "AverageAttributedRatio-os-cha": 34,
          "AverageAttributedRatio-ip-os-cha": 2,
          "AverageAttributedRatio-app-os-cha": 56,
          "AverageAttributedRatio-ip-app-os-cha": 2,
          "AverageAttributedRatio-dev-os-cha": 27,
          "AverageAttributedRatio-ip-dev-os-cha": 2,
          "AverageAttributedRatio-app-dev-os-cha": 55,
          "AverageAttributedRatio-ip-app-dev-os-cha": 2,
          "KomakiLDA5NoDevice-ip-app-0": 129,
          "KomakiLDA5NoDevice-ip-app-1": 104,
          "KomakiLDA5NoDevice-ip-app-2": 102,
          "KomakiLDA5NoDevice-ip-app-3": 60,
          "KomakiLDA5NoDevice-ip-app-4": 38,
          "KomakiLDA5NoDevice-ip-os-0": 55,
          "KomakiLDA5NoDevice-ip-os-1": 80,
          "KomakiLDA5NoDevice-ip-os-2": 47,
          "KomakiLDA5NoDevice-ip-os-3": 52,
          "KomakiLDA5NoDevice-ip-os-4": 62,
          "KomakiLDA5NoDevice-ip-channel-0": 67,
          "KomakiLDA5NoDevice-ip-channel-1": 90,
          "KomakiLDA5NoDevice-ip-channel-2": 96,
          "KomakiLDA5NoDevice-ip-channel-3": 65,
          "KomakiLDA5NoDevice-ip-channel-4": 122,
          "KomakiLDA5NoDevice-app-ip-0": 50,
          "KomakiLDA5NoDevice-app-ip-1": 31,
          "KomakiLDA5NoDevice-app-ip-2": 26,
          "KomakiLDA5NoDevice-app-ip-3": 39,
          "KomakiLDA5NoDevice-app-ip-4": 23,
          "KomakiLDA5NoDevice-app-os-0": 22,
          "KomakiLDA5NoDevice-app-os-1": 51,
          "KomakiLDA5NoDevice-app-os-2": 27,
          "KomakiLDA5NoDevice-app-os-3": 22,
          "KomakiLDA5NoDevice-app-os-4": 43,
          "KomakiLDA5NoDevice-app-channel-0": 23,
          "KomakiLDA5NoDevice-app-channel-1": 36,
          "KomakiLDA5NoDevice-app-channel-2": 45,
          "KomakiLDA5NoDevice-app-channel-3": 41,
          "KomakiLDA5NoDevice-app-channel-4": 21,
          "KomakiLDA5NoDevice-os-ip-0": 30,
          "KomakiLDA5NoDevice-os-ip-1": 13,
          "KomakiLDA5NoDevice-os-ip-2": 15,
          "KomakiLDA5NoDevice-os-ip-3": 19,
          "KomakiLDA5NoDevice-os-ip-4": 18,
          "KomakiLDA5NoDevice-os-app-0": 63,
          "KomakiLDA5NoDevice-os-app-1": 25,
          "KomakiLDA5NoDevice-os-app-2": 10,
          "KomakiLDA5NoDevice-os-app-3": 31,
          "KomakiLDA5NoDevice-os-app-4": 15,
          "KomakiLDA5NoDevice-os-channel-0": 30,
          "KomakiLDA5NoDevice-os-channel-1": 19,
          "KomakiLDA5NoDevice-os-channel-2": 37,
          "KomakiLDA5NoDevice-os-channel-3": 46,
          "KomakiLDA5NoDevice-os-channel-4": 29,
          "KomakiLDA5NoDevice-channel-ip-0": 22,
          "KomakiLDA5NoDevice-channel-ip-1": 24,
          "KomakiLDA5NoDevice-channel-ip-2": 16,
          "KomakiLDA5NoDevice-channel-ip-3": 32,
          "KomakiLDA5NoDevice-channel-ip-4": 27,
          "KomakiLDA5NoDevice-channel-app-0": 26,
          "KomakiLDA5NoDevice-channel-app-1": 17,
          "KomakiLDA5NoDevice-channel-app-2": 31,
          "KomakiLDA5NoDevice-channel-app-3": 24,
          "KomakiLDA5NoDevice-channel-app-4": 18,
          "KomakiLDA5NoDevice-channel-os-0": 30,
          "KomakiLDA5NoDevice-channel-os-1": 31,
          "KomakiLDA5NoDevice-channel-os-2": 24,
          "KomakiLDA5NoDevice-channel-os-3": 25,
          "KomakiLDA5NoDevice-channel-os-4": 18,
          "KomakiPCA5NoDevice-ip-app-0": 101,
          "KomakiPCA5NoDevice-ip-app-1": 112,
          "KomakiPCA5NoDevice-ip-app-2": 72,
          "KomakiPCA5NoDevice-ip-app-3": 33,
          "KomakiPCA5NoDevice-ip-app-4": 74,
          "KomakiPCA5NoDevice-ip-os-0": 134,
          "KomakiPCA5NoDevice-ip-os-1": 60,
          "KomakiPCA5NoDevice-ip-os-2": 59,
          "KomakiPCA5NoDevice-ip-os-3": 32,
          "KomakiPCA5NoDevice-ip-os-4": 44,
          "KomakiPCA5NoDevice-ip-channel-0": 125,
          "KomakiPCA5NoDevice-ip-channel-1": 84,
          "KomakiPCA5NoDevice-ip-channel-2": 63,
          "KomakiPCA5NoDevice-ip-channel-3": 67,
          "KomakiPCA5NoDevice-ip-channel-4": 48,
          "KomakiPCA5NoDevice-app-ip-0": 20,
          "KomakiPCA5NoDevice-app-ip-1": 21,
          "KomakiPCA5NoDevice-app-ip-2": 16,
          "KomakiPCA5NoDevice-app-ip-3": 27,
          "KomakiPCA5NoDevice-app-ip-4": 16,
          "KomakiPCA5NoDevice-app-os-0": 28,
          "KomakiPCA5NoDevice-app-os-1": 20,
          "KomakiPCA5NoDevice-app-os-2": 23,
          "KomakiPCA5NoDevice-app-os-3": 20,
          "KomakiPCA5NoDevice-app-os-4": 23,
          "KomakiPCA5NoDevice-app-channel-0": 21,
          "KomakiPCA5NoDevice-app-channel-1": 29,
          "KomakiPCA5NoDevice-app-channel-2": 19,
          "KomakiPCA5NoDevice-app-channel-3": 27,
          "KomakiPCA5NoDevice-app-channel-4": 44,
          "KomakiPCA5NoDevice-os-ip-0": 11,
          "KomakiPCA5NoDevice-os-ip-1": 18,
          "KomakiPCA5NoDevice-os-ip-2": 4,
          "KomakiPCA5NoDevice-os-ip-3": 12,
          "KomakiPCA5NoDevice-os-ip-4": 15,
          "KomakiPCA5NoDevice-os-app-0": 15,
          "KomakiPCA5NoDevice-os-app-1": 17,
          "KomakiPCA5NoDevice-os-app-2": 16,
          "KomakiPCA5NoDevice-os-app-3": 22,
          "KomakiPCA5NoDevice-os-app-4": 17,
          "KomakiPCA5NoDevice-os-channel-0": 12,
          "KomakiPCA5NoDevice-os-channel-1": 22,
          "KomakiPCA5NoDevice-os-channel-2": 11,
          "KomakiPCA5NoDevice-os-channel-3": 14,
          "KomakiPCA5NoDevice-os-channel-4": 22,
          "KomakiPCA5NoDevice-channel-ip-0": 25,
          "KomakiPCA5NoDevice-channel-ip-1": 33,
          "KomakiPCA5NoDevice-channel-ip-2": 28,
          "KomakiPCA5NoDevice-channel-ip-3": 20,
          "KomakiPCA5NoDevice-channel-ip-4": 30,
          "KomakiPCA5NoDevice-channel-app-0": 17,
          "KomakiPCA5NoDevice-channel-app-1": 13,
          "KomakiPCA5NoDevice-channel-app-2": 17,
          "KomakiPCA5NoDevice-channel-app-3": 21,
          "KomakiPCA5NoDevice-channel-app-4": 16,
          "KomakiPCA5NoDevice-channel-os-0": 29,
          "KomakiPCA5NoDevice-channel-os-1": 15,
          "KomakiPCA5NoDevice-channel-os-2": 20,
          "KomakiPCA5NoDevice-channel-os-3": 26,
          "KomakiPCA5NoDevice-channel-os-4": 36
        }
      },
      {
        "train_auc": 0.9918147039595929,
        "valid_auc": 0.9843405366558652,
        "best_iteration": 129,
        "train_time": 89.1478168964386,
        "feature_importance": {
          "ip": 754,
          "os": 313,
          "app": 362,
          "channel": 555,
          "hour": 477,
          "n_channels": 194,
          "ip_app_count": 198,
          "ip_app_os_count": 179,
          "FutureClickCount_600-ip": 143,
          "FutureClickCount_600-app": 57,
          "FutureClickCount_600-ip-app": 15,
          "FutureClickCount_600-dev": 42,
          "FutureClickCount_600-ip-dev": 95,
          "FutureClickCount_600-app-dev": 69,
          "FutureClickCount_600-ip-app-dev": 21,
          "FutureClickCount_600-os": 53,
          "FutureClickCount_600-ip-os": 53,
          "FutureClickCount_600-app-os": 53,
          "FutureClickCount_600-ip-app-os": 34,
          "FutureClickCount_600-dev-os": 137,
          "FutureClickCount_600-ip-dev-os": 57,
          "FutureClickCount_600-app-dev-os": 106,
          "FutureClickCount_600-ip-app-dev-os": 78,
          "FutureClickCount_600-cha": 52,
          "FutureClickCount_600-ip-cha": 15,
          "FutureClickCount_600-app-cha": 96,
          "FutureClickCount_600-ip-app-cha": 4,
          "FutureClickCount_600-dev-cha": 45,
          "FutureClickCount_600-ip-dev-cha": 13,
          "FutureClickCount_600-app-dev-cha": 50,
          "FutureClickCount_600-ip-app-dev-cha": 7,
          "FutureClickCount_600-os-cha": 41,
          "FutureClickCount_600-ip-os-cha": 6,
          "FutureClickCount_600-app-os-cha": 49,
          "FutureClickCount_600-ip-app-os-cha": 13,
          "FutureClickCount_600-dev-os-cha": 42,
          "FutureClickCount_600-ip-dev-os-cha": 4,
          "FutureClickCount_600-app-dev-os-cha": 41,
          "FutureClickCount_600-ip-app-dev-os-cha": 14,
          "FutureClickCount_4800-ip": 231,
          "FutureClickCount_4800-app": 43,
          "FutureClickCount_4800-ip-app": 39,
          "FutureClickCount_4800-dev": 15,
          "FutureClickCount_4800-ip-dev": 175,
          "FutureClickCount_4800-app-dev": 49,
          "FutureClickCount_4800-ip-app-dev": 41,
          "FutureClickCount_4800-os": 16,
          "FutureClickCount_4800-ip-os": 84,
          "FutureClickCount_4800-app-os": 48,
          "FutureClickCount_4800-ip-app-os": 41,
          "FutureClickCount_4800-dev-os": 60,
          "FutureClickCount_4800-ip-dev-os": 137,
          "FutureClickCount_4800-app-dev-os": 86,
          "FutureClickCount_4800-ip-app-dev-os": 72,
          "FutureClickCount_4800-cha": 47,
          "FutureClickCount_4800-ip-cha": 33,
          "FutureClickCount_4800-app-cha": 82,
          "FutureClickCount_4800-ip-app-cha": 19,
          "FutureClickCount_4800-dev-cha": 31,
          "FutureClickCount_4800-ip-dev-cha": 17,
          "FutureClickCount_4800-app-dev-cha": 40,
          "FutureClickCount_4800-ip-app-dev-cha": 21,
          "FutureClickCount_4800-os-cha": 51,
          "FutureClickCount_4800-ip-os-cha": 21,
          "FutureClickCount_4800-app-os-cha": 43,
          "FutureClickCount_4800-ip-app-os-cha": 13,
          "FutureClickCount_4800-dev-os-cha": 46,
          "FutureClickCount_4800-ip-dev-os-cha": 9,
          "FutureClickCount_4800-app-dev-os-cha": 50,
          "FutureClickCount_4800-ip-app-dev-os-cha": 8,
          "NextClickTimeDelta-ip": 102,
          "NextClickTimeDelta-app": 12,
          "NextClickTimeDelta-ip-app": 170,
          "NextClickTimeDelta-dev": 5,
          "NextClickTimeDelta-ip-dev": 76,
          "NextClickTimeDelta-app-dev": 6,
          "NextClickTimeDelta-ip-app-dev": 99,
          "NextClickTimeDelta-os": 3,
          "NextClickTimeDelta-ip-os": 96,
          "NextClickTimeDelta-app-os": 11,
          "NextClickTimeDelta-ip-app-os": 298,
          "NextClickTimeDelta-dev-os": 10,
          "NextClickTimeDelta-ip-dev-os": 86,
          "NextClickTimeDelta-app-dev-os": 22,
          "NextClickTimeDelta-ip-app-dev-os": 537,
          "NextClickTimeDelta-cha": 11,
          "NextClickTimeDelta-ip-cha": 77,
          "NextClickTimeDelta-app-cha": 17,
          "NextClickTimeDelta-ip-app-cha": 71,
          "NextClickTimeDelta-dev-cha": 7,
          "NextClickTimeDelta-ip-dev-cha": 65,
          "NextClickTimeDelta-app-dev-cha": 20,
          "NextClickTimeDelta-ip-app-dev-cha": 53,
          "NextClickTimeDelta-os-cha": 18,
          "NextClickTimeDelta-ip-os-cha": 37,
          "NextClickTimeDelta-app-os-cha": 25,
          "NextClickTimeDelta-ip-app-os-cha": 84,
          "NextClickTimeDelta-dev-os-cha": 20,
          "NextClickTimeDelta-ip-dev-os-cha": 57,
          "NextClickTimeDelta-app-dev-os-cha": 38,
          "NextClickTimeDelta-ip-app-dev-os-cha": 87,
          "PrevClickTimeDelta-ip": 69,
          "PrevClickTimeDelta-app": 9,
          "PrevClickTimeDelta-ip-app": 48,
          "PrevClickTimeDelta-dev": 4,
          "PrevClickTimeDelta-ip-dev": 68,
          "PrevClickTimeDelta-app-dev": 12,
          "PrevClickTimeDelta-ip-app-dev": 38,
          "PrevClickTimeDelta-os": 22,
          "PrevClickTimeDelta-ip-os": 61,
          "PrevClickTimeDelta-app-os": 26,
          "PrevClickTimeDelta-ip-app-os": 65,
          "PrevClickTimeDelta-dev-os": 13,
          "PrevClickTimeDelta-ip-dev-os": 48,
          "PrevClickTimeDelta-app-dev-os": 26,
          "PrevClickTimeDelta-ip-app-dev-os": 41,
          "PrevClickTimeDelta-cha": 10,
          "PrevClickTimeDelta-ip-cha": 64,
          "PrevClickTimeDelta-app-cha": 15,
          "PrevClickTimeDelta-ip-app-cha": 27,
          "PrevClickTimeDelta-dev-cha": 9,
          "PrevClickTimeDelta-ip-dev-cha": 36,
          "PrevClickTimeDelta-app-dev-cha": 14,
          "PrevClickTimeDelta-ip-app-dev-cha": 27,
          "PrevClickTimeDelta-os-cha": 20,
          "PrevClickTimeDelta-ip-os-cha": 36,
          "PrevClickTimeDelta-app-os-cha": 25,
          "PrevClickTimeDelta-ip-app-os-cha": 25,
          "PrevClickTimeDelta-dev-os-cha": 19,
          "PrevClickTimeDelta-ip-dev-os-cha": 32,
          "PrevClickTimeDelta-app-dev-os-cha": 25,
          "PrevClickTimeDelta-ip-app-dev-os-cha": 39,
          "AverageAttributedRatio-ip": 38,
          "AverageAttributedRatio-app": 42,
          "AverageAttributedRatio-ip-app": 44,
          "AverageAttributedRatio-dev": 83,
          "AverageAttributedRatio-ip-dev": 35,
          "AverageAttributedRatio-app-dev": 32,
          "AverageAttributedRatio-ip-app-dev": 63,
          "AverageAttributedRatio-os": 43,
          "AverageAttributedRatio-ip-os": 32,
          "AverageAttributedRatio-app-os": 43,
          "AverageAttributedRatio-ip-app-os": 7,
          "AverageAttributedRatio-dev-os": 42,
          "AverageAttributedRatio-ip-dev-os": 18,
          "AverageAttributedRatio-app-dev-os": 66,
          "AverageAttributedRatio-ip-app-dev-os": 5,
          "AverageAttributedRatio-cha": 48,
          "AverageAttributedRatio-ip-cha": 14,
          "AverageAttributedRatio-app-cha": 42,
          "AverageAttributedRatio-ip-app-cha": 4,
          "AverageAttributedRatio-dev-cha": 21,
          "AverageAttributedRatio-ip-dev-cha": 13,
          "AverageAttributedRatio-app-dev-cha": 42,
          "AverageAttributedRatio-ip-app-dev-cha": 15,
          "AverageAttributedRatio-os-cha": 36,
          "AverageAttributedRatio-ip-os-cha": 6,
          "AverageAttributedRatio-app-os-cha": 58,
          "AverageAttributedRatio-ip-app-os-cha": 4,
          "AverageAttributedRatio-dev-os-cha": 33,
          "AverageAttributedRatio-ip-dev-os-cha": 1,
          "AverageAttributedRatio-app-dev-os-cha": 72,
          "AverageAttributedRatio-ip-app-dev-os-cha": 2,
          "KomakiLDA5NoDevice-ip-app-0": 146,
          "KomakiLDA5NoDevice-ip-app-1": 150,
          "KomakiLDA5NoDevice-ip-app-2": 125,
          "KomakiLDA5NoDevice-ip-app-3": 91,
          "KomakiLDA5NoDevice-ip-app-4": 58,
          "KomakiLDA5NoDevice-ip-os-0": 83,
          "KomakiLDA5NoDevice-ip-os-1": 89,
          "KomakiLDA5NoDevice-ip-os-2": 66,
          "KomakiLDA5NoDevice-ip-os-3": 61,
          "KomakiLDA5NoDevice-ip-os-4": 68,
          "KomakiLDA5NoDevice-ip-channel-0": 98,
          "KomakiLDA5NoDevice-ip-channel-1": 103,
          "KomakiLDA5NoDevice-ip-channel-2": 116,
          "KomakiLDA5NoDevice-ip-channel-3": 83,
          "KomakiLDA5NoDevice-ip-channel-4": 137,
          "KomakiLDA5NoDevice-app-ip-0": 51,
          "KomakiLDA5NoDevice-app-ip-1": 18,
          "KomakiLDA5NoDevice-app-ip-2": 49,
          "KomakiLDA5NoDevice-app-ip-3": 52,
          "KomakiLDA5NoDevice-app-ip-4": 30,
          "KomakiLDA5NoDevice-app-os-0": 27,
          "KomakiLDA5NoDevice-app-os-1": 57,
          "KomakiLDA5NoDevice-app-os-2": 27,
          "KomakiLDA5NoDevice-app-os-3": 40,
          "KomakiLDA5NoDevice-app-os-4": 48,
          "KomakiLDA5NoDevice-app-channel-0": 19,
          "KomakiLDA5NoDevice-app-channel-1": 43,
          "KomakiLDA5NoDevice-app-channel-2": 41,
          "KomakiLDA5NoDevice-app-channel-3": 61,
          "KomakiLDA5NoDevice-app-channel-4": 24,
          "KomakiLDA5NoDevice-os-ip-0": 32,
          "KomakiLDA5NoDevice-os-ip-1": 16,
          "KomakiLDA5NoDevice-os-ip-2": 28,
          "KomakiLDA5NoDevice-os-ip-3": 18,
          "KomakiLDA5NoDevice-os-ip-4": 34,
          "KomakiLDA5NoDevice-os-app-0": 62,
          "KomakiLDA5NoDevice-os-app-1": 18,
          "KomakiLDA5NoDevice-os-app-2": 9,
          "KomakiLDA5NoDevice-os-app-3": 27,
          "KomakiLDA5NoDevice-os-app-4": 12,
          "KomakiLDA5NoDevice-os-channel-0": 42,
          "KomakiLDA5NoDevice-os-channel-1": 13,
          "KomakiLDA5NoDevice-os-channel-2": 31,
          "KomakiLDA5NoDevice-os-channel-3": 60,
          "KomakiLDA5NoDevice-os-channel-4": 25,
          "KomakiLDA5NoDevice-channel-ip-0": 29,
          "KomakiLDA5NoDevice-channel-ip-1": 28,
          "KomakiLDA5NoDevice-channel-ip-2": 20,
          "KomakiLDA5NoDevice-channel-ip-3": 26,
          "KomakiLDA5NoDevice-channel-ip-4": 28,
          "KomakiLDA5NoDevice-channel-app-0": 31,
          "KomakiLDA5NoDevice-channel-app-1": 19,
          "KomakiLDA5NoDevice-channel-app-2": 28,
          "KomakiLDA5NoDevice-channel-app-3": 26,
          "KomakiLDA5NoDevice-channel-app-4": 26,
          "KomakiLDA5NoDevice-channel-os-0": 47,
          "KomakiLDA5NoDevice-channel-os-1": 36,
          "KomakiLDA5NoDevice-channel-os-2": 39,
          "KomakiLDA5NoDevice-channel-os-3": 23,
          "KomakiLDA5NoDevice-channel-os-4": 33,
          "KomakiPCA5NoDevice-ip-app-0": 122,
          "KomakiPCA5NoDevice-ip-app-1": 126,
          "KomakiPCA5NoDevice-ip-app-2": 84,
          "KomakiPCA5NoDevice-ip-app-3": 43,
          "KomakiPCA5NoDevice-ip-app-4": 97,
          "KomakiPCA5NoDevice-ip-os-0": 164,
          "KomakiPCA5NoDevice-ip-os-1": 56,
          "KomakiPCA5NoDevice-ip-os-2": 90,
          "KomakiPCA5NoDevice-ip-os-3": 55,
          "KomakiPCA5NoDevice-ip-os-4": 74,
          "KomakiPCA5NoDevice-ip-channel-0": 154,
          "KomakiPCA5NoDevice-ip-channel-1": 112,
          "KomakiPCA5NoDevice-ip-channel-2": 48,
          "KomakiPCA5NoDevice-ip-channel-3": 81,
          "KomakiPCA5NoDevice-ip-channel-4": 71,
          "KomakiPCA5NoDevice-app-ip-0": 21,
          "KomakiPCA5NoDevice-app-ip-1": 29,
          "KomakiPCA5NoDevice-app-ip-2": 29,
          "KomakiPCA5NoDevice-app-ip-3": 41,
          "KomakiPCA5NoDevice-app-ip-4": 22,
          "KomakiPCA5NoDevice-app-os-0": 46,
          "KomakiPCA5NoDevice-app-os-1": 21,
          "KomakiPCA5NoDevice-app-os-2": 18,
          "KomakiPCA5NoDevice-app-os-3": 30,
          "KomakiPCA5NoDevice-app-os-4": 32,
          "KomakiPCA5NoDevice-app-channel-0": 24,
          "KomakiPCA5NoDevice-app-channel-1": 38,
          "KomakiPCA5NoDevice-app-channel-2": 27,
          "KomakiPCA5NoDevice-app-channel-3": 36,
          "KomakiPCA5NoDevice-app-channel-4": 48,
          "KomakiPCA5NoDevice-os-ip-0": 16,
          "KomakiPCA5NoDevice-os-ip-1": 16,
          "KomakiPCA5NoDevice-os-ip-2": 18,
          "KomakiPCA5NoDevice-os-ip-3": 18,
          "KomakiPCA5NoDevice-os-ip-4": 22,
          "KomakiPCA5NoDevice-os-app-0": 18,
          "KomakiPCA5NoDevice-os-app-1": 11,
          "KomakiPCA5NoDevice-os-app-2": 16,
          "KomakiPCA5NoDevice-os-app-3": 29,
          "KomakiPCA5NoDevice-os-app-4": 36,
          "KomakiPCA5NoDevice-os-channel-0": 17,
          "KomakiPCA5NoDevice-os-channel-1": 27,
          "KomakiPCA5NoDevice-os-channel-2": 20,
          "KomakiPCA5NoDevice-os-channel-3": 18,
          "KomakiPCA5NoDevice-os-channel-4": 22,
          "KomakiPCA5NoDevice-channel-ip-0": 28,
          "KomakiPCA5NoDevice-channel-ip-1": 37,
          "KomakiPCA5NoDevice-channel-ip-2": 29,
          "KomakiPCA5NoDevice-channel-ip-3": 27,
          "KomakiPCA5NoDevice-channel-ip-4": 38,
          "KomakiPCA5NoDevice-channel-app-0": 20,
          "KomakiPCA5NoDevice-channel-app-1": 24,
          "KomakiPCA5NoDevice-channel-app-2": 21,
          "KomakiPCA5NoDevice-channel-app-3": 21,
          "KomakiPCA5NoDevice-channel-app-4": 29,
          "KomakiPCA5NoDevice-channel-os-0": 37,
          "KomakiPCA5NoDevice-channel-os-1": 25,
          "KomakiPCA5NoDevice-channel-os-2": 20,
          "KomakiPCA5NoDevice-channel-os-3": 41,
          "KomakiPCA5NoDevice-channel-os-4": 34
        }
      },
      {
        "train_auc": 0.9910240158813348,
        "valid_auc": 0.9840560200369245,
        "best_iteration": 109,
        "train_time": 85.04972982406616,
        "feature_importance": {
          "ip": 629,
          "os": 293,
          "app": 362,
          "channel": 508,
          "hour": 433,
          "n_channels": 205,
          "ip_app_count": 164,
          "ip_app_os_count": 173,
          "FutureClickCount_600-ip": 105,
          "FutureClickCount_600-app": 62,
          "FutureClickCount_600-ip-app": 26,
          "FutureClickCount_600-dev": 48,
          "FutureClickCount_600-ip-dev": 82,
          "FutureClickCount_600-app-dev": 69,
          "FutureClickCount_600-ip-app-dev": 16,
          "FutureClickCount_600-os": 48,
          "FutureClickCount_600-ip-os": 35,
          "FutureClickCount_600-app-os": 58,
          "FutureClickCount_600-ip-app-os": 32,
          "FutureClickCount_600-dev-os": 129,
          "FutureClickCount_600-ip-dev-os": 51,
          "FutureClickCount_600-app-dev-os": 88,
          "FutureClickCount_600-ip-app-dev-os": 66,
          "FutureClickCount_600-cha": 42,
          "FutureClickCount_600-ip-cha": 16,
          "FutureClickCount_600-app-cha": 85,
          "FutureClickCount_600-ip-app-cha": 4,
          "FutureClickCount_600-dev-cha": 25,
          "FutureClickCount_600-ip-dev-cha": 6,
          "FutureClickCount_600-app-dev-cha": 42,
          "FutureClickCount_600-ip-app-dev-cha": 8,
          "FutureClickCount_600-os-cha": 27,
          "FutureClickCount_600-ip-os-cha": 13,
          "FutureClickCount_600-app-os-cha": 40,
          "FutureClickCount_600-ip-app-os-cha": 5,
          "FutureClickCount_600-dev-os-cha": 25,
          "FutureClickCount_600-ip-dev-os-cha": 10,
          "FutureClickCount_600-app-dev-os-cha": 36,
          "FutureClickCount_600-ip-app-dev-os-cha": 14,
          "FutureClickCount_4800-ip": 218,
          "FutureClickCount_4800-app": 43,
          "FutureClickCount_4800-ip-app": 43,
          "FutureClickCount_4800-dev": 10,
          "FutureClickCount_4800-ip-dev": 188,
          "FutureClickCount_4800-app-dev": 30,
          "FutureClickCount_4800-ip-app-dev": 29,
          "FutureClickCount_4800-os": 15,
          "FutureClickCount_4800-ip-os": 67,
          "FutureClickCount_4800-app-os": 43,
          "FutureClickCount_4800-ip-app-os": 46,
          "FutureClickCount_4800-dev-os": 77,
          "FutureClickCount_4800-ip-dev-os": 101,
          "FutureClickCount_4800-app-dev-os": 95,
          "FutureClickCount_4800-ip-app-dev-os": 60,
          "FutureClickCount_4800-cha": 40,
          "FutureClickCount_4800-ip-cha": 29,
          "FutureClickCount_4800-app-cha": 89,
          "FutureClickCount_4800-ip-app-cha": 22,
          "FutureClickCount_4800-dev-cha": 37,
          "FutureClickCount_4800-ip-dev-cha": 16,
          "FutureClickCount_4800-app-dev-cha": 33,
          "FutureClickCount_4800-ip-app-dev-cha": 19,
          "FutureClickCount_4800-os-cha": 33,
          "FutureClickCount_4800-ip-os-cha": 9,
          "FutureClickCount_4800-app-os-cha": 46,
          "FutureClickCount_4800-ip-app-os-cha": 13,
          "FutureClickCount_4800-dev-os-cha": 34,
          "FutureClickCount_4800-ip-dev-os-cha": 10,
          "FutureClickCount_4800-app-dev-os-cha": 36,
          "FutureClickCount_4800-ip-app-dev-os-cha": 11,
          "NextClickTimeDelta-ip": 93,
          "NextClickTimeDelta-app": 5,
          "NextClickTimeDelta-ip-app": 142,
          "NextClickTimeDelta-dev": 1,
          "NextClickTimeDelta-ip-dev": 74,
          "NextClickTimeDelta-app-dev": 3,
          "NextClickTimeDelta-ip-app-dev": 79,
          "NextClickTimeDelta-os": 0,
          "NextClickTimeDelta-ip-os": 47,
          "NextClickTimeDelta-app-os": 19,
          "NextClickTimeDelta-ip-app-os": 314,
          "NextClickTimeDelta-dev-os": 11,
          "NextClickTimeDelta-ip-dev-os": 80,
          "NextClickTimeDelta-app-dev-os": 23,
          "NextClickTimeDelta-ip-app-dev-os": 565,
          "NextClickTimeDelta-cha": 6,
          "NextClickTimeDelta-ip-cha": 54,
          "NextClickTimeDelta-app-cha": 20,
          "NextClickTimeDelta-ip-app-cha": 42,
          "NextClickTimeDelta-dev-cha": 8,
          "NextClickTimeDelta-ip-dev-cha": 52,
          "NextClickTimeDelta-app-dev-cha": 17,
          "NextClickTimeDelta-ip-app-dev-cha": 36,
          "NextClickTimeDelta-os-cha": 34,
          "NextClickTimeDelta-ip-os-cha": 53,
          "NextClickTimeDelta-app-os-cha": 21,
          "NextClickTimeDelta-ip-app-os-cha": 88,
          "NextClickTimeDelta-dev-os-cha": 14,
          "NextClickTimeDelta-ip-dev-os-cha": 48,
          "NextClickTimeDelta-app-dev-os-cha": 41,
          "NextClickTimeDelta-ip-app-dev-os-cha": 80,
          "PrevClickTimeDelta-ip": 61,
          "PrevClickTimeDelta-app": 7,
          "PrevClickTimeDelta-ip-app": 40,
          "PrevClickTimeDelta-dev": 3,
          "PrevClickTimeDelta-ip-dev": 50,
          "PrevClickTimeDelta-app-dev": 11,
          "PrevClickTimeDelta-ip-app-dev": 30,
          "PrevClickTimeDelta-os": 8,
          "PrevClickTimeDelta-ip-os": 50,
          "PrevClickTimeDelta-app-os": 22,
          "PrevClickTimeDelta-ip-app-os": 48,
          "PrevClickTimeDelta-dev-os": 3,
          "PrevClickTimeDelta-ip-dev-os": 23,
          "PrevClickTimeDelta-app-dev-os": 22,
          "PrevClickTimeDelta-ip-app-dev-os": 48,
          "PrevClickTimeDelta-cha": 4,
          "PrevClickTimeDelta-ip-cha": 49,
          "PrevClickTimeDelta-app-cha": 17,
          "PrevClickTimeDelta-ip-app-cha": 30,
          "PrevClickTimeDelta-dev-cha": 9,
          "PrevClickTimeDelta-ip-dev-cha": 28,
          "PrevClickTimeDelta-app-dev-cha": 7,
          "PrevClickTimeDelta-ip-app-dev-cha": 32,
          "PrevClickTimeDelta-os-cha": 24,
          "PrevClickTimeDelta-ip-os-cha": 34,
          "PrevClickTimeDelta-app-os-cha": 16,
          "PrevClickTimeDelta-ip-app-os-cha": 24,
          "PrevClickTimeDelta-dev-os-cha": 17,
          "PrevClickTimeDelta-ip-dev-os-cha": 29,
          "PrevClickTimeDelta-app-dev-os-cha": 20,
          "PrevClickTimeDelta-ip-app-dev-os-cha": 19,
          "AverageAttributedRatio-ip": 47,
          "AverageAttributedRatio-app": 39,
          "AverageAttributedRatio-ip-app": 33,
          "AverageAttributedRatio-dev": 72,
          "AverageAttributedRatio-ip-dev": 30,
          "AverageAttributedRatio-app-dev": 40,
          "AverageAttributedRatio-ip-app-dev": 57,
          "AverageAttributedRatio-os": 37,
          "AverageAttributedRatio-ip-os": 16,
          "AverageAttributedRatio-app-os": 32,
          "AverageAttributedRatio-ip-app-os": 5,
          "AverageAttributedRatio-dev-os": 49,
          "AverageAttributedRatio-ip-dev-os": 10,
          "AverageAttributedRatio-app-dev-os": 43,
          "AverageAttributedRatio-ip-app-dev-os": 11,
          "AverageAttributedRatio-cha": 49,
          "AverageAttributedRatio-ip-cha": 4,
          "AverageAttributedRatio-app-cha": 49,
          "AverageAttributedRatio-ip-app-cha": 4,
          "AverageAttributedRatio-dev-cha": 20,
          "AverageAttributedRatio-ip-dev-cha": 5,
          "AverageAttributedRatio-app-dev-cha": 43,
          "AverageAttributedRatio-ip-app-dev-cha": 10,
          "AverageAttributedRatio-os-cha": 30,
          "AverageAttributedRatio-ip-os-cha": 3,
          "AverageAttributedRatio-app-os-cha": 58,
          "AverageAttributedRatio-ip-app-os-cha": 1,
          "AverageAttributedRatio-dev-os-cha": 25,
          "AverageAttributedRatio-ip-dev-os-cha": 4,
          "AverageAttributedRatio-app-dev-os-cha": 49,
          "AverageAttributedRatio-ip-app-dev-os-cha": 1,
          "KomakiLDA5NoDevice-ip-app-0": 119,
          "KomakiLDA5NoDevice-ip-app-1": 105,
          "KomakiLDA5NoDevice-ip-app-2": 107,
          "KomakiLDA5NoDevice-ip-app-3": 84,
          "KomakiLDA5NoDevice-ip-app-4": 69,
          "KomakiLDA5NoDevice-ip-os-0": 62,
          "KomakiLDA5NoDevice-ip-os-1": 100,
          "KomakiLDA5NoDevice-ip-os-2": 46,
          "KomakiLDA5NoDevice-ip-os-3": 66,
          "KomakiLDA5NoDevice-ip-os-4": 56,
          "KomakiLDA5NoDevice-ip-channel-0": 80,
          "KomakiLDA5NoDevice-ip-channel-1": 92,
          "KomakiLDA5NoDevice-ip-channel-2": 104,
          "KomakiLDA5NoDevice-ip-channel-3": 82,
          "KomakiLDA5NoDevice-ip-channel-4": 117,
          "KomakiLDA5NoDevice-app-ip-0": 59,
          "KomakiLDA5NoDevice-app-ip-1": 42,
          "KomakiLDA5NoDevice-app-ip-2": 43,
          "KomakiLDA5NoDevice-app-ip-3": 45,
          "KomakiLDA5NoDevice-app-ip-4": 19,
          "KomakiLDA5NoDevice-app-os-0": 12,
          "KomakiLDA5NoDevice-app-os-1": 46,
          "KomakiLDA5NoDevice-app-os-2": 29,
          "KomakiLDA5NoDevice-app-os-3": 23,
          "KomakiLDA5NoDevice-app-os-4": 36,
          "KomakiLDA5NoDevice-app-channel-0": 31,
          "KomakiLDA5NoDevice-app-channel-1": 36,
          "KomakiLDA5NoDevice-app-channel-2": 51,
          "KomakiLDA5NoDevice-app-channel-3": 46,
          "KomakiLDA5NoDevice-app-channel-4": 13,
          "KomakiLDA5NoDevice-os-ip-0": 48,
          "KomakiLDA5NoDevice-os-ip-1": 21,
          "KomakiLDA5NoDevice-os-ip-2": 27,
          "KomakiLDA5NoDevice-os-ip-3": 23,
          "KomakiLDA5NoDevice-os-ip-4": 30,
          "KomakiLDA5NoDevice-os-app-0": 73,
          "KomakiLDA5NoDevice-os-app-1": 25,
          "KomakiLDA5NoDevice-os-app-2": 11,
          "KomakiLDA5NoDevice-os-app-3": 31,
          "KomakiLDA5NoDevice-os-app-4": 12,
          "KomakiLDA5NoDevice-os-channel-0": 29,
          "KomakiLDA5NoDevice-os-channel-1": 23,
          "KomakiLDA5NoDevice-os-channel-2": 20,
          "KomakiLDA5NoDevice-os-channel-3": 51,
          "KomakiLDA5NoDevice-os-channel-4": 20,
          "KomakiLDA5NoDevice-channel-ip-0": 23,
          "KomakiLDA5NoDevice-channel-ip-1": 33,
          "KomakiLDA5NoDevice-channel-ip-2": 20,
          "KomakiLDA5NoDevice-channel-ip-3": 21,
          "KomakiLDA5NoDevice-channel-ip-4": 24,
          "KomakiLDA5NoDevice-channel-app-0": 22,
          "KomakiLDA5NoDevice-channel-app-1": 25,
          "KomakiLDA5NoDevice-channel-app-2": 29,
          "KomakiLDA5NoDevice-channel-app-3": 26,
          "KomakiLDA5NoDevice-channel-app-4": 27,
          "KomakiLDA5NoDevice-channel-os-0": 19,
          "KomakiLDA5NoDevice-channel-os-1": 28,
          "KomakiLDA5NoDevice-channel-os-2": 22,
          "KomakiLDA5NoDevice-channel-os-3": 24,
          "KomakiLDA5NoDevice-channel-os-4": 24,
          "KomakiPCA5NoDevice-ip-app-0": 114,
          "KomakiPCA5NoDevice-ip-app-1": 133,
          "KomakiPCA5NoDevice-ip-app-2": 72,
          "KomakiPCA5NoDevice-ip-app-3": 53,
          "KomakiPCA5NoDevice-ip-app-4": 81,
          "KomakiPCA5NoDevice-ip-os-0": 171,
          "KomakiPCA5NoDevice-ip-os-1": 69,
          "KomakiPCA5NoDevice-ip-os-2": 64,
          "KomakiPCA5NoDevice-ip-os-3": 37,
          "KomakiPCA5NoDevice-ip-os-4": 42,
          "KomakiPCA5NoDevice-ip-channel-0": 141,
          "KomakiPCA5NoDevice-ip-channel-1": 101,
          "KomakiPCA5NoDevice-ip-channel-2": 69,
          "KomakiPCA5NoDevice-ip-channel-3": 86,
          "KomakiPCA5NoDevice-ip-channel-4": 53,
          "KomakiPCA5NoDevice-app-ip-0": 21,
          "KomakiPCA5NoDevice-app-ip-1": 11,
          "KomakiPCA5NoDevice-app-ip-2": 27,
          "KomakiPCA5NoDevice-app-ip-3": 24,
          "KomakiPCA5NoDevice-app-ip-4": 16,
          "KomakiPCA5NoDevice-app-os-0": 29,
          "KomakiPCA5NoDevice-app-os-1": 28,
          "KomakiPCA5NoDevice-app-os-2": 27,
          "KomakiPCA5NoDevice-app-os-3": 30,
          "KomakiPCA5NoDevice-app-os-4": 24,
          "KomakiPCA5NoDevice-app-channel-0": 25,
          "KomakiPCA5NoDevice-app-channel-1": 27,
          "KomakiPCA5NoDevice-app-channel-2": 17,
          "KomakiPCA5NoDevice-app-channel-3": 27,
          "KomakiPCA5NoDevice-app-channel-4": 44,
          "KomakiPCA5NoDevice-os-ip-0": 21,
          "KomakiPCA5NoDevice-os-ip-1": 4,
          "KomakiPCA5NoDevice-os-ip-2": 18,
          "KomakiPCA5NoDevice-os-ip-3": 14,
          "KomakiPCA5NoDevice-os-ip-4": 16,
          "KomakiPCA5NoDevice-os-app-0": 14,
          "KomakiPCA5NoDevice-os-app-1": 10,
          "KomakiPCA5NoDevice-os-app-2": 15,
          "KomakiPCA5NoDevice-os-app-3": 21,
          "KomakiPCA5NoDevice-os-app-4": 22,
          "KomakiPCA5NoDevice-os-channel-0": 14,
          "KomakiPCA5NoDevice-os-channel-1": 30,
          "KomakiPCA5NoDevice-os-channel-2": 16,
          "KomakiPCA5NoDevice-os-channel-3": 9,
          "KomakiPCA5NoDevice-os-channel-4": 23,
          "KomakiPCA5NoDevice-channel-ip-0": 26,
          "KomakiPCA5NoDevice-channel-ip-1": 27,
          "KomakiPCA5NoDevice-channel-ip-2": 39,
          "KomakiPCA5NoDevice-channel-ip-3": 21,
          "KomakiPCA5NoDevice-channel-ip-4": 24,
          "KomakiPCA5NoDevice-channel-app-0": 18,
          "KomakiPCA5NoDevice-channel-app-1": 12,
          "KomakiPCA5NoDevice-channel-app-2": 25,
          "KomakiPCA5NoDevice-channel-app-3": 21,
          "KomakiPCA5NoDevice-channel-app-4": 26,
          "KomakiPCA5NoDevice-channel-os-0": 30,
          "KomakiPCA5NoDevice-channel-os-1": 23,
          "KomakiPCA5NoDevice-channel-os-2": 22,
          "KomakiPCA5NoDevice-channel-os-3": 26,
          "KomakiPCA5NoDevice-channel-os-4": 28
        }
      },
      {
        "train_auc": 0.9912970023971907,
        "valid_auc": 0.9840890660630448,
        "best_iteration": 115,
        "train_time": 85.97219181060791,
        "feature_importance": {
          "ip": 653,
          "os": 307,
          "app": 334,
          "channel": 569,
          "hour": 451,
          "n_channels": 196,
          "ip_app_count": 211,
          "ip_app_os_count": 177,
          "FutureClickCount_600-ip": 124,
          "FutureClickCount_600-app": 60,
          "FutureClickCount_600-ip-app": 24,
          "FutureClickCount_600-dev": 37,
          "FutureClickCount_600-ip-dev": 66,
          "FutureClickCount_600-app-dev": 63,
          "FutureClickCount_600-ip-app-dev": 18,
          "FutureClickCount_600-os": 39,
          "FutureClickCount_600-ip-os": 29,
          "FutureClickCount_600-app-os": 61,
          "FutureClickCount_600-ip-app-os": 42,
          "FutureClickCount_600-dev-os": 115,
          "FutureClickCount_600-ip-dev-os": 46,
          "FutureClickCount_600-app-dev-os": 112,
          "FutureClickCount_600-ip-app-dev-os": 65,
          "FutureClickCount_600-cha": 50,
          "FutureClickCount_600-ip-cha": 12,
          "FutureClickCount_600-app-cha": 88,
          "FutureClickCount_600-ip-app-cha": 10,
          "FutureClickCount_600-dev-cha": 36,
          "FutureClickCount_600-ip-dev-cha": 7,
          "FutureClickCount_600-app-dev-cha": 52,
          "FutureClickCount_600-ip-app-dev-cha": 8,
          "FutureClickCount_600-os-cha": 35,
          "FutureClickCount_600-ip-os-cha": 9,
          "FutureClickCount_600-app-os-cha": 41,
          "FutureClickCount_600-ip-app-os-cha": 13,
          "FutureClickCount_600-dev-os-cha": 30,
          "FutureClickCount_600-ip-dev-os-cha": 3,
          "FutureClickCount_600-app-dev-os-cha": 41,
          "FutureClickCount_600-ip-app-dev-os-cha": 10,
          "FutureClickCount_4800-ip": 245,
          "FutureClickCount_4800-app": 37,
          "FutureClickCount_4800-ip-app": 51,
          "FutureClickCount_4800-dev": 17,
          "FutureClickCount_4800-ip-dev": 206,
          "FutureClickCount_4800-app-dev": 31,
          "FutureClickCount_4800-ip-app-dev": 34,
          "FutureClickCount_4800-os": 21,
          "FutureClickCount_4800-ip-os": 76,
          "FutureClickCount_4800-app-os": 42,
          "FutureClickCount_4800-ip-app-os": 47,
          "FutureClickCount_4800-dev-os": 55,
          "FutureClickCount_4800-ip-dev-os": 136,
          "FutureClickCount_4800-app-dev-os": 102,
          "FutureClickCount_4800-ip-app-dev-os": 65,
          "FutureClickCount_4800-cha": 41,
          "FutureClickCount_4800-ip-cha": 31,
          "FutureClickCount_4800-app-cha": 91,
          "FutureClickCount_4800-ip-app-cha": 19,
          "FutureClickCount_4800-dev-cha": 31,
          "FutureClickCount_4800-ip-dev-cha": 19,
          "FutureClickCount_4800-app-dev-cha": 53,
          "FutureClickCount_4800-ip-app-dev-cha": 17,
          "FutureClickCount_4800-os-cha": 25,
          "FutureClickCount_4800-ip-os-cha": 7,
          "FutureClickCount_4800-app-os-cha": 41,
          "FutureClickCount_4800-ip-app-os-cha": 7,
          "FutureClickCount_4800-dev-os-cha": 45,
          "FutureClickCount_4800-ip-dev-os-cha": 4,
          "FutureClickCount_4800-app-dev-os-cha": 52,
          "FutureClickCount_4800-ip-app-dev-os-cha": 4,
          "NextClickTimeDelta-ip": 88,
          "NextClickTimeDelta-app": 6,
          "NextClickTimeDelta-ip-app": 137,
          "NextClickTimeDelta-dev": 4,
          "NextClickTimeDelta-ip-dev": 73,
          "NextClickTimeDelta-app-dev": 8,
          "NextClickTimeDelta-ip-app-dev": 72,
          "NextClickTimeDelta-os": 2,
          "NextClickTimeDelta-ip-os": 93,
          "NextClickTimeDelta-app-os": 18,
          "NextClickTimeDelta-ip-app-os": 280,
          "NextClickTimeDelta-dev-os": 8,
          "NextClickTimeDelta-ip-dev-os": 62,
          "NextClickTimeDelta-app-dev-os": 30,
          "NextClickTimeDelta-ip-app-dev-os": 559,
          "NextClickTimeDelta-cha": 16,
          "NextClickTimeDelta-ip-cha": 58,
          "NextClickTimeDelta-app-cha": 19,
          "NextClickTimeDelta-ip-app-cha": 57,
          "NextClickTimeDelta-dev-cha": 11,
          "NextClickTimeDelta-ip-dev-cha": 55,
          "NextClickTimeDelta-app-dev-cha": 7,
          "NextClickTimeDelta-ip-app-dev-cha": 49,
          "NextClickTimeDelta-os-cha": 23,
          "NextClickTimeDelta-ip-os-cha": 36,
          "NextClickTimeDelta-app-os-cha": 32,
          "NextClickTimeDelta-ip-app-os-cha": 83,
          "NextClickTimeDelta-dev-os-cha": 16,
          "NextClickTimeDelta-ip-dev-os-cha": 52,
          "NextClickTimeDelta-app-dev-os-cha": 33,
          "NextClickTimeDelta-ip-app-dev-os-cha": 93,
          "PrevClickTimeDelta-ip": 66,
          "PrevClickTimeDelta-app": 7,
          "PrevClickTimeDelta-ip-app": 35,
          "PrevClickTimeDelta-dev": 5,
          "PrevClickTimeDelta-ip-dev": 42,
          "PrevClickTimeDelta-app-dev": 8,
          "PrevClickTimeDelta-ip-app-dev": 48,
          "PrevClickTimeDelta-os": 8,
          "PrevClickTimeDelta-ip-os": 51,
          "PrevClickTimeDelta-app-os": 19,
          "PrevClickTimeDelta-ip-app-os": 63,
          "PrevClickTimeDelta-dev-os": 10,
          "PrevClickTimeDelta-ip-dev-os": 61,
          "PrevClickTimeDelta-app-dev-os": 8,
          "PrevClickTimeDelta-ip-app-dev-os": 35,
          "PrevClickTimeDelta-cha": 4,
          "PrevClickTimeDelta-ip-cha": 38,
          "PrevClickTimeDelta-app-cha": 20,
          "PrevClickTimeDelta-ip-app-cha": 34,
          "PrevClickTimeDelta-dev-cha": 4,
          "PrevClickTimeDelta-ip-dev-cha": 31,
          "PrevClickTimeDelta-app-dev-cha": 15,
          "PrevClickTimeDelta-ip-app-dev-cha": 26,
          "PrevClickTimeDelta-os-cha": 10,
          "PrevClickTimeDelta-ip-os-cha": 17,
          "PrevClickTimeDelta-app-os-cha": 16,
          "PrevClickTimeDelta-ip-app-os-cha": 21,
          "PrevClickTimeDelta-dev-os-cha": 24,
          "PrevClickTimeDelta-ip-dev-os-cha": 26,
          "PrevClickTimeDelta-app-dev-os-cha": 17,
          "PrevClickTimeDelta-ip-app-dev-os-cha": 26,
          "AverageAttributedRatio-ip": 36,
          "AverageAttributedRatio-app": 35,
          "AverageAttributedRatio-ip-app": 35,
          "AverageAttributedRatio-dev": 70,
          "AverageAttributedRatio-ip-dev": 35,
          "AverageAttributedRatio-app-dev": 32,
          "AverageAttributedRatio-ip-app-dev": 52,
          "AverageAttributedRatio-os": 39,
          "AverageAttributedRatio-ip-os": 21,
          "AverageAttributedRatio-app-os": 38,
          "AverageAttributedRatio-ip-app-os": 10,
          "AverageAttributedRatio-dev-os": 43,
          "AverageAttributedRatio-ip-dev-os": 17,
          "AverageAttributedRatio-app-dev-os": 66,
          "AverageAttributedRatio-ip-app-dev-os": 9,
          "AverageAttributedRatio-cha": 41,
          "AverageAttributedRatio-ip-cha": 14,
          "AverageAttributedRatio-app-cha": 41,
          "AverageAttributedRatio-ip-app-cha": 6,
          "AverageAttributedRatio-dev-cha": 20,
          "AverageAttributedRatio-ip-dev-cha": 11,
          "AverageAttributedRatio-app-dev-cha": 42,
          "AverageAttributedRatio-ip-app-dev-cha": 10,
          "AverageAttributedRatio-os-cha": 35,
          "AverageAttributedRatio-ip-os-cha": 3,
          "AverageAttributedRatio-app-os-cha": 54,
          "AverageAttributedRatio-ip-app-os-cha": 3,
          "AverageAttributedRatio-dev-os-cha": 37,
          "AverageAttributedRatio-ip-dev-os-cha": 3,
          "AverageAttributedRatio-app-dev-os-cha": 56,
          "AverageAttributedRatio-ip-app-dev-os-cha": 3,
          "KomakiLDA5NoDevice-ip-app-0": 136,
          "KomakiLDA5NoDevice-ip-app-1": 134,
          "KomakiLDA5NoDevice-ip-app-2": 113,
          "KomakiLDA5NoDevice-ip-app-3": 68,
          "KomakiLDA5NoDevice-ip-app-4": 57,
          "KomakiLDA5NoDevice-ip-os-0": 69,
          "KomakiLDA5NoDevice-ip-os-1": 92,
          "KomakiLDA5NoDevice-ip-os-2": 76,
          "KomakiLDA5NoDevice-ip-os-3": 75,
          "KomakiLDA5NoDevice-ip-os-4": 60,
          "KomakiLDA5NoDevice-ip-channel-0": 105,
          "KomakiLDA5NoDevice-ip-channel-1": 104,
          "KomakiLDA5NoDevice-ip-channel-2": 123,
          "KomakiLDA5NoDevice-ip-channel-3": 92,
          "KomakiLDA5NoDevice-ip-channel-4": 137,
          "KomakiLDA5NoDevice-app-ip-0": 48,
          "KomakiLDA5NoDevice-app-ip-1": 27,
          "KomakiLDA5NoDevice-app-ip-2": 36,
          "KomakiLDA5NoDevice-app-ip-3": 46,
          "KomakiLDA5NoDevice-app-ip-4": 33,
          "KomakiLDA5NoDevice-app-os-0": 33,
          "KomakiLDA5NoDevice-app-os-1": 42,
          "KomakiLDA5NoDevice-app-os-2": 26,
          "KomakiLDA5NoDevice-app-os-3": 29,
          "KomakiLDA5NoDevice-app-os-4": 42,
          "KomakiLDA5NoDevice-app-channel-0": 35,
          "KomakiLDA5NoDevice-app-channel-1": 29,
          "KomakiLDA5NoDevice-app-channel-2": 49,
          "KomakiLDA5NoDevice-app-channel-3": 47,
          "KomakiLDA5NoDevice-app-channel-4": 22,
          "KomakiLDA5NoDevice-os-ip-0": 38,
          "KomakiLDA5NoDevice-os-ip-1": 20,
          "KomakiLDA5NoDevice-os-ip-2": 29,
          "KomakiLDA5NoDevice-os-ip-3": 20,
          "KomakiLDA5NoDevice-os-ip-4": 25,
          "KomakiLDA5NoDevice-os-app-0": 65,
          "KomakiLDA5NoDevice-os-app-1": 27,
          "KomakiLDA5NoDevice-os-app-2": 13,
          "KomakiLDA5NoDevice-os-app-3": 39,
          "KomakiLDA5NoDevice-os-app-4": 16,
          "KomakiLDA5NoDevice-os-channel-0": 33,
          "KomakiLDA5NoDevice-os-channel-1": 15,
          "KomakiLDA5NoDevice-os-channel-2": 29,
          "KomakiLDA5NoDevice-os-channel-3": 50,
          "KomakiLDA5NoDevice-os-channel-4": 20,
          "KomakiLDA5NoDevice-channel-ip-0": 31,
          "KomakiLDA5NoDevice-channel-ip-1": 43,
          "KomakiLDA5NoDevice-channel-ip-2": 29,
          "KomakiLDA5NoDevice-channel-ip-3": 26,
          "KomakiLDA5NoDevice-channel-ip-4": 38,
          "KomakiLDA5NoDevice-channel-app-0": 27,
          "KomakiLDA5NoDevice-channel-app-1": 22,
          "KomakiLDA5NoDevice-channel-app-2": 28,
          "KomakiLDA5NoDevice-channel-app-3": 26,
          "KomakiLDA5NoDevice-channel-app-4": 30,
          "KomakiLDA5NoDevice-channel-os-0": 36,
          "KomakiLDA5NoDevice-channel-os-1": 33,
          "KomakiLDA5NoDevice-channel-os-2": 46,
          "KomakiLDA5NoDevice-channel-os-3": 21,
          "KomakiLDA5NoDevice-channel-os-4": 19,
          "KomakiPCA5NoDevice-ip-app-0": 132,
          "KomakiPCA5NoDevice-ip-app-1": 127,
          "KomakiPCA5NoDevice-ip-app-2": 71,
          "KomakiPCA5NoDevice-ip-app-3": 38,
          "KomakiPCA5NoDevice-ip-app-4": 77,
          "KomakiPCA5NoDevice-ip-os-0": 152,
          "KomakiPCA5NoDevice-ip-os-1": 74,
          "KomakiPCA5NoDevice-ip-os-2": 65,
          "KomakiPCA5NoDevice-ip-os-3": 42,
          "KomakiPCA5NoDevice-ip-os-4": 68,
          "KomakiPCA5NoDevice-ip-channel-0": 141,
          "KomakiPCA5NoDevice-ip-channel-1": 113,
          "KomakiPCA5NoDevice-ip-channel-2": 58,
          "KomakiPCA5NoDevice-ip-channel-3": 81,
          "KomakiPCA5NoDevice-ip-channel-4": 68,
          "KomakiPCA5NoDevice-app-ip-0": 10,
          "KomakiPCA5NoDevice-app-ip-1": 17,
          "KomakiPCA5NoDevice-app-ip-2": 28,
          "KomakiPCA5NoDevice-app-ip-3": 33,
          "KomakiPCA5NoDevice-app-ip-4": 17,
          "KomakiPCA5NoDevice-app-os-0": 31,
          "KomakiPCA5NoDevice-app-os-1": 24,
          "KomakiPCA5NoDevice-app-os-2": 20,
          "KomakiPCA5NoDevice-app-os-3": 35,
          "KomakiPCA5NoDevice-app-os-4": 27,
          "KomakiPCA5NoDevice-app-channel-0": 29,
          "KomakiPCA5NoDevice-app-channel-1": 22,
          "KomakiPCA5NoDevice-app-channel-2": 22,
          "KomakiPCA5NoDevice-app-channel-3": 45,
          "KomakiPCA5NoDevice-app-channel-4": 37,
          "KomakiPCA5NoDevice-os-ip-0": 16,
          "KomakiPCA5NoDevice-os-ip-1": 21,
          "KomakiPCA5NoDevice-os-ip-2": 20,
          "KomakiPCA5NoDevice-os-ip-3": 24,
          "KomakiPCA5NoDevice-os-ip-4": 15,
          "KomakiPCA5NoDevice-os-app-0": 18,
          "KomakiPCA5NoDevice-os-app-1": 11,
          "KomakiPCA5NoDevice-os-app-2": 6,
          "KomakiPCA5NoDevice-os-app-3": 35,
          "KomakiPCA5NoDevice-os-app-4": 33,
          "KomakiPCA5NoDevice-os-channel-0": 15,
          "KomakiPCA5NoDevice-os-channel-1": 20,
          "KomakiPCA5NoDevice-os-channel-2": 26,
          "KomakiPCA5NoDevice-os-channel-3": 9,
          "KomakiPCA5NoDevice-os-channel-4": 16,
          "KomakiPCA5NoDevice-channel-ip-0": 34,
          "KomakiPCA5NoDevice-channel-ip-1": 29,
          "KomakiPCA5NoDevice-channel-ip-2": 37,
          "KomakiPCA5NoDevice-channel-ip-3": 43,
          "KomakiPCA5NoDevice-channel-ip-4": 28,
          "KomakiPCA5NoDevice-channel-app-0": 17,
          "KomakiPCA5NoDevice-channel-app-1": 20,
          "KomakiPCA5NoDevice-channel-app-2": 24,
          "KomakiPCA5NoDevice-channel-app-3": 25,
          "KomakiPCA5NoDevice-channel-app-4": 25,
          "KomakiPCA5NoDevice-channel-os-0": 32,
          "KomakiPCA5NoDevice-channel-os-1": 16,
          "KomakiPCA5NoDevice-channel-os-2": 21,
          "KomakiPCA5NoDevice-channel-os-3": 28,
          "KomakiPCA5NoDevice-channel-os-4": 26
        }
      },
      {
        "train_auc": 0.9914115287303975,
        "valid_auc": 0.9842314656108572,
        "best_iteration": 118,
        "train_time": 85.35182285308838,
        "feature_importance": {
          "ip": 680,
          "os": 301,
          "app": 358,
          "channel": 516,
          "hour": 440,
          "n_channels": 212,
          "ip_app_count": 210,
          "ip_app_os_count": 179,
          "FutureClickCount_600-ip": 115,
          "FutureClickCount_600-app": 68,
          "FutureClickCount_600-ip-app": 21,
          "FutureClickCount_600-dev": 44,
          "FutureClickCount_600-ip-dev": 75,
          "FutureClickCount_600-app-dev": 61,
          "FutureClickCount_600-ip-app-dev": 23,
          "FutureClickCount_600-os": 48,
          "FutureClickCount_600-ip-os": 37,
          "FutureClickCount_600-app-os": 47,
          "FutureClickCount_600-ip-app-os": 28,
          "FutureClickCount_600-dev-os": 136,
          "FutureClickCount_600-ip-dev-os": 48,
          "FutureClickCount_600-app-dev-os": 99,
          "FutureClickCount_600-ip-app-dev-os": 70,
          "FutureClickCount_600-cha": 34,
          "FutureClickCount_600-ip-cha": 7,
          "FutureClickCount_600-app-cha": 70,
          "FutureClickCount_600-ip-app-cha": 6,
          "FutureClickCount_600-dev-cha": 43,
          "FutureClickCount_600-ip-dev-cha": 11,
          "FutureClickCount_600-app-dev-cha": 58,
          "FutureClickCount_600-ip-app-dev-cha": 10,
          "FutureClickCount_600-os-cha": 27,
          "FutureClickCount_600-ip-os-cha": 6,
          "FutureClickCount_600-app-os-cha": 37,
          "FutureClickCount_600-ip-app-os-cha": 10,
          "FutureClickCount_600-dev-os-cha": 38,
          "FutureClickCount_600-ip-dev-os-cha": 8,
          "FutureClickCount_600-app-dev-os-cha": 43,
          "FutureClickCount_600-ip-app-dev-os-cha": 10,
          "FutureClickCount_4800-ip": 243,
          "FutureClickCount_4800-app": 36,
          "FutureClickCount_4800-ip-app": 67,
          "FutureClickCount_4800-dev": 7,
          "FutureClickCount_4800-ip-dev": 199,
          "FutureClickCount_4800-app-dev": 29,
          "FutureClickCount_4800-ip-app-dev": 38,
          "FutureClickCount_4800-os": 21,
          "FutureClickCount_4800-ip-os": 88,
          "FutureClickCount_4800-app-os": 62,
          "FutureClickCount_4800-ip-app-os": 57,
          "FutureClickCount_4800-dev-os": 51,
          "FutureClickCount_4800-ip-dev-os": 120,
          "FutureClickCount_4800-app-dev-os": 105,
          "FutureClickCount_4800-ip-app-dev-os": 66,
          "FutureClickCount_4800-cha": 40,
          "FutureClickCount_4800-ip-cha": 30,
          "FutureClickCount_4800-app-cha": 100,
          "FutureClickCount_4800-ip-app-cha": 17,
          "FutureClickCount_4800-dev-cha": 35,
          "FutureClickCount_4800-ip-dev-cha": 19,
          "FutureClickCount_4800-app-dev-cha": 38,
          "FutureClickCount_4800-ip-app-dev-cha": 19,
          "FutureClickCount_4800-os-cha": 29,
          "FutureClickCount_4800-ip-os-cha": 11,
          "FutureClickCount_4800-app-os-cha": 46,
          "FutureClickCount_4800-ip-app-os-cha": 3,
          "FutureClickCount_4800-dev-os-cha": 46,
          "FutureClickCount_4800-ip-dev-os-cha": 6,
          "FutureClickCount_4800-app-dev-os-cha": 47,
          "FutureClickCount_4800-ip-app-dev-os-cha": 8,
          "NextClickTimeDelta-ip": 94,
          "NextClickTimeDelta-app": 7,
          "NextClickTimeDelta-ip-app": 160,
          "NextClickTimeDelta-dev": 10,
          "NextClickTimeDelta-ip-dev": 75,
          "NextClickTimeDelta-app-dev": 12,
          "NextClickTimeDelta-ip-app-dev": 82,
          "NextClickTimeDelta-os": 10,
          "NextClickTimeDelta-ip-os": 79,
          "NextClickTimeDelta-app-os": 16,
          "NextClickTimeDelta-ip-app-os": 296,
          "NextClickTimeDelta-dev-os": 13,
          "NextClickTimeDelta-ip-dev-os": 93,
          "NextClickTimeDelta-app-dev-os": 22,
          "NextClickTimeDelta-ip-app-dev-os": 564,
          "NextClickTimeDelta-cha": 9,
          "NextClickTimeDelta-ip-cha": 57,
          "NextClickTimeDelta-app-cha": 29,
          "NextClickTimeDelta-ip-app-cha": 52,
          "NextClickTimeDelta-dev-cha": 5,
          "NextClickTimeDelta-ip-dev-cha": 44,
          "NextClickTimeDelta-app-dev-cha": 20,
          "NextClickTimeDelta-ip-app-dev-cha": 41,
          "NextClickTimeDelta-os-cha": 16,
          "NextClickTimeDelta-ip-os-cha": 41,
          "NextClickTimeDelta-app-os-cha": 21,
          "NextClickTimeDelta-ip-app-os-cha": 82,
          "NextClickTimeDelta-dev-os-cha": 18,
          "NextClickTimeDelta-ip-dev-os-cha": 47,
          "NextClickTimeDelta-app-dev-os-cha": 31,
          "NextClickTimeDelta-ip-app-dev-os-cha": 98,
          "PrevClickTimeDelta-ip": 68,
          "PrevClickTimeDelta-app": 8,
          "PrevClickTimeDelta-ip-app": 46,
          "PrevClickTimeDelta-dev": 4,
          "PrevClickTimeDelta-ip-dev": 44,
          "PrevClickTimeDelta-app-dev": 6,
          "PrevClickTimeDelta-ip-app-dev": 34,
          "PrevClickTimeDelta-os": 17,
          "PrevClickTimeDelta-ip-os": 58,
          "PrevClickTimeDelta-app-os": 15,
          "PrevClickTimeDelta-ip-app-os": 43,
          "PrevClickTimeDelta-dev-os": 4,
          "PrevClickTimeDelta-ip-dev-os": 41,
          "PrevClickTimeDelta-app-dev-os": 20,
          "PrevClickTimeDelta-ip-app-dev-os": 37,
          "PrevClickTimeDelta-cha": 3,
          "PrevClickTimeDelta-ip-cha": 52,
          "PrevClickTimeDelta-app-cha": 23,
          "PrevClickTimeDelta-ip-app-cha": 26,
          "PrevClickTimeDelta-dev-cha": 8,
          "PrevClickTimeDelta-ip-dev-cha": 42,
          "PrevClickTimeDelta-app-dev-cha": 18,
          "PrevClickTimeDelta-ip-app-dev-cha": 30,
          "PrevClickTimeDelta-os-cha": 24,
          "PrevClickTimeDelta-ip-os-cha": 37,
          "PrevClickTimeDelta-app-os-cha": 22,
          "PrevClickTimeDelta-ip-app-os-cha": 20,
          "PrevClickTimeDelta-dev-os-cha": 21,
          "PrevClickTimeDelta-ip-dev-os-cha": 30,
          "PrevClickTimeDelta-app-dev-os-cha": 28,
          "PrevClickTimeDelta-ip-app-dev-os-cha": 24,
          "AverageAttributedRatio-ip": 42,
          "AverageAttributedRatio-app": 31,
          "AverageAttributedRatio-ip-app": 32,
          "AverageAttributedRatio-dev": 56,
          "AverageAttributedRatio-ip-dev": 30,
          "AverageAttributedRatio-app-dev": 26,
          "AverageAttributedRatio-ip-app-dev": 46,
          "AverageAttributedRatio-os": 46,
          "AverageAttributedRatio-ip-os": 25,
          "AverageAttributedRatio-app-os": 42,
          "AverageAttributedRatio-ip-app-os": 7,
          "AverageAttributedRatio-dev-os": 31,
          "AverageAttributedRatio-ip-dev-os": 17,
          "AverageAttributedRatio-app-dev-os": 54,
          "AverageAttributedRatio-ip-app-dev-os": 5,
          "AverageAttributedRatio-cha": 33,
          "AverageAttributedRatio-ip-cha": 14,
          "AverageAttributedRatio-app-cha": 41,
          "AverageAttributedRatio-ip-app-cha": 9,
          "AverageAttributedRatio-dev-cha": 19,
          "AverageAttributedRatio-ip-dev-cha": 4,
          "AverageAttributedRatio-app-dev-cha": 44,
          "AverageAttributedRatio-ip-app-dev-cha": 7,
          "AverageAttributedRatio-os-cha": 34,
          "AverageAttributedRatio-ip-os-cha": 10,
          "AverageAttributedRatio-app-os-cha": 67,
          "AverageAttributedRatio-ip-app-os-cha": 3,
          "AverageAttributedRatio-dev-os-cha": 30,
          "AverageAttributedRatio-ip-dev-os-cha": 1,
          "AverageAttributedRatio-app-dev-os-cha": 53,
          "AverageAttributedRatio-ip-app-dev-os-cha": 0,
          "KomakiLDA5NoDevice-ip-app-0": 141,
          "KomakiLDA5NoDevice-ip-app-1": 141,
          "KomakiLDA5NoDevice-ip-app-2": 102,
          "KomakiLDA5NoDevice-ip-app-3": 70,
          "KomakiLDA5NoDevice-ip-app-4": 68,
          "KomakiLDA5NoDevice-ip-os-0": 82,
          "KomakiLDA5NoDevice-ip-os-1": 99,
          "KomakiLDA5NoDevice-ip-os-2": 53,
          "KomakiLDA5NoDevice-ip-os-3": 56,
          "KomakiLDA5NoDevice-ip-os-4": 66,
          "KomakiLDA5NoDevice-ip-channel-0": 75,
          "KomakiLDA5NoDevice-ip-channel-1": 85,
          "KomakiLDA5NoDevice-ip-channel-2": 123,
          "KomakiLDA5NoDevice-ip-channel-3": 82,
          "KomakiLDA5NoDevice-ip-channel-4": 137,
          "KomakiLDA5NoDevice-app-ip-0": 63,
          "KomakiLDA5NoDevice-app-ip-1": 32,
          "KomakiLDA5NoDevice-app-ip-2": 39,
          "KomakiLDA5NoDevice-app-ip-3": 65,
          "KomakiLDA5NoDevice-app-ip-4": 30,
          "KomakiLDA5NoDevice-app-os-0": 16,
          "KomakiLDA5NoDevice-app-os-1": 44,
          "KomakiLDA5NoDevice-app-os-2": 26,
          "KomakiLDA5NoDevice-app-os-3": 20,
          "KomakiLDA5NoDevice-app-os-4": 50,
          "KomakiLDA5NoDevice-app-channel-0": 35,
          "KomakiLDA5NoDevice-app-channel-1": 40,
          "KomakiLDA5NoDevice-app-channel-2": 49,
          "KomakiLDA5NoDevice-app-channel-3": 42,
          "KomakiLDA5NoDevice-app-channel-4": 21,
          "KomakiLDA5NoDevice-os-ip-0": 54,
          "KomakiLDA5NoDevice-os-ip-1": 21,
          "KomakiLDA5NoDevice-os-ip-2": 30,
          "KomakiLDA5NoDevice-os-ip-3": 21,
          "KomakiLDA5NoDevice-os-ip-4": 30,
          "KomakiLDA5NoDevice-os-app-0": 51,
          "KomakiLDA5NoDevice-os-app-1": 33,
          "KomakiLDA5NoDevice-os-app-2": 26,
          "KomakiLDA5NoDevice-os-app-3": 28,
          "KomakiLDA5NoDevice-os-app-4": 10,
          "KomakiLDA5NoDevice-os-channel-0": 31,
          "KomakiLDA5NoDevice-os-channel-1": 19,
          "KomakiLDA5NoDevice-os-channel-2": 41,
          "KomakiLDA5NoDevice-os-channel-3": 58,
          "KomakiLDA5NoDevice-os-channel-4": 21,
          "KomakiLDA5NoDevice-channel-ip-0": 28,
          "KomakiLDA5NoDevice-channel-ip-1": 25,
          "KomakiLDA5NoDevice-channel-ip-2": 28,
          "KomakiLDA5NoDevice-channel-ip-3": 29,
          "KomakiLDA5NoDevice-channel-ip-4": 32,
          "KomakiLDA5NoDevice-channel-app-0": 30,
          "KomakiLDA5NoDevice-channel-app-1": 23,
          "KomakiLDA5NoDevice-channel-app-2": 30,
          "KomakiLDA5NoDevice-channel-app-3": 28,
          "KomakiLDA5NoDevice-channel-app-4": 16,
          "KomakiLDA5NoDevice-channel-os-0": 33,
          "KomakiLDA5NoDevice-channel-os-1": 31,
          "KomakiLDA5NoDevice-channel-os-2": 42,
          "KomakiLDA5NoDevice-channel-os-3": 26,
          "KomakiLDA5NoDevice-channel-os-4": 30,
          "KomakiPCA5NoDevice-ip-app-0": 120,
          "KomakiPCA5NoDevice-ip-app-1": 116,
          "KomakiPCA5NoDevice-ip-app-2": 78,
          "KomakiPCA5NoDevice-ip-app-3": 50,
          "KomakiPCA5NoDevice-ip-app-4": 83,
          "KomakiPCA5NoDevice-ip-os-0": 155,
          "KomakiPCA5NoDevice-ip-os-1": 73,
          "KomakiPCA5NoDevice-ip-os-2": 73,
          "KomakiPCA5NoDevice-ip-os-3": 57,
          "KomakiPCA5NoDevice-ip-os-4": 70,
          "KomakiPCA5NoDevice-ip-channel-0": 144,
          "KomakiPCA5NoDevice-ip-channel-1": 109,
          "KomakiPCA5NoDevice-ip-channel-2": 64,
          "KomakiPCA5NoDevice-ip-channel-3": 68,
          "KomakiPCA5NoDevice-ip-channel-4": 65,
          "KomakiPCA5NoDevice-app-ip-0": 16,
          "KomakiPCA5NoDevice-app-ip-1": 22,
          "KomakiPCA5NoDevice-app-ip-2": 26,
          "KomakiPCA5NoDevice-app-ip-3": 30,
          "KomakiPCA5NoDevice-app-ip-4": 28,
          "KomakiPCA5NoDevice-app-os-0": 28,
          "KomakiPCA5NoDevice-app-os-1": 19,
          "KomakiPCA5NoDevice-app-os-2": 28,
          "KomakiPCA5NoDevice-app-os-3": 40,
          "KomakiPCA5NoDevice-app-os-4": 26,
          "KomakiPCA5NoDevice-app-channel-0": 18,
          "KomakiPCA5NoDevice-app-channel-1": 26,
          "KomakiPCA5NoDevice-app-channel-2": 28,
          "KomakiPCA5NoDevice-app-channel-3": 39,
          "KomakiPCA5NoDevice-app-channel-4": 37,
          "KomakiPCA5NoDevice-os-ip-0": 17,
          "KomakiPCA5NoDevice-os-ip-1": 17,
          "KomakiPCA5NoDevice-os-ip-2": 12,
          "KomakiPCA5NoDevice-os-ip-3": 20,
          "KomakiPCA5NoDevice-os-ip-4": 14,
          "KomakiPCA5NoDevice-os-app-0": 27,
          "KomakiPCA5NoDevice-os-app-1": 11,
          "KomakiPCA5NoDevice-os-app-2": 16,
          "KomakiPCA5NoDevice-os-app-3": 25,
          "KomakiPCA5NoDevice-os-app-4": 16,
          "KomakiPCA5NoDevice-os-channel-0": 15,
          "KomakiPCA5NoDevice-os-channel-1": 22,
          "KomakiPCA5NoDevice-os-channel-2": 11,
          "KomakiPCA5NoDevice-os-channel-3": 16,
          "KomakiPCA5NoDevice-os-channel-4": 20,
          "KomakiPCA5NoDevice-channel-ip-0": 27,
          "KomakiPCA5NoDevice-channel-ip-1": 32,
          "KomakiPCA5NoDevice-channel-ip-2": 36,
          "KomakiPCA5NoDevice-channel-ip-3": 21,
          "KomakiPCA5NoDevice-channel-ip-4": 26,
          "KomakiPCA5NoDevice-channel-app-0": 19,
          "KomakiPCA5NoDevice-channel-app-1": 23,
          "KomakiPCA5NoDevice-channel-app-2": 35,
          "KomakiPCA5NoDevice-channel-app-3": 22,
          "KomakiPCA5NoDevice-channel-app-4": 25,
          "KomakiPCA5NoDevice-channel-os-0": 30,
          "KomakiPCA5NoDevice-channel-os-1": 20,
          "KomakiPCA5NoDevice-channel-os-2": 31,
          "KomakiPCA5NoDevice-channel-os-3": 33,
          "KomakiPCA5NoDevice-channel-os-4": 29
        }
      }
    ],
    "average_train_auc": 0.9912331501488311,
    "average_valid_auc": 0.9841644104283122,
    "train_auc_std": 0.00039890677755584825,
    "valid_auc_std": 0.00010627887886730302,
    "average_train_time": 84.58311901092529
  },
  "config": {
    "features": [
      "ip",
      "os",
      "app",
      "channel",
      "hour",
      "count",
      "future_click_count_10",
      "future_click_count_80",
      "next_click_time_delta",
      "prev_click_time_delta",
      "average_attributed_ratio",
      "komaki_lda_5_no_device",
      "komaki_pca_5_no_device"
    ],
    "model": {
      "name": "lightgbm",
      "model_params": {
        "boosting_type": "gbdt",
        "objective": "binary",
        "metric": "auc",
        "learning_rate": 0.1,
        "num_leaves": 255,
        "max_depth": 8,
        "min_child_samples": 100,
        "max_bin": 100,
        "subsample": 0.7,
        "subsample_freq": 1,
        "colsample_bytree": 0.7,
        "min_child_weight": 0,
        "subsample_for_bin": 200000,
        "min_split_gain": 0,
        "reg_alpha": 0,
        "reg_lambda": 0,
        "verbose": 0
      },
      "train_params": {
        "num_boost_round": 350,
        "early_stopping_rounds": 30
      }
    },
    "dataset": {
      "input_directory": "data/input/",
      "cache_directory": "data/working/",
      "validation_ratio": 0.33333333333,
      "full_data_train": true,
      "files": {
        "train": "train.feather",
        "test": "old_test.feather"
      },
      "negative_down_sampling": {
        "enabled": true,
        "bagging_size": 5,
        "random_state": 114514
      }
    }
  }
}