{
  "training": {
    "trials": [
      {
        "train_auc": 0.9897654093513574,
        "valid_auc": 0.984318129866655,
        "best_iteration": 72,
        "train_time": 84.19956064224243,
        "feature_importance": {
          "ip": 462,
          "os": 182,
          "app": 264,
          "channel": 380,
          "hour": 313,
          "n_channels": 109,
          "ip_app_count": 95,
          "ip_app_os_count": 125,
          "FutureClickCount_600-ip": 58,
          "FutureClickCount_600-app": 28,
          "FutureClickCount_600-ip-app": 13,
          "FutureClickCount_600-dev": 36,
          "FutureClickCount_600-ip-dev": 45,
          "FutureClickCount_600-app-dev": 31,
          "FutureClickCount_600-ip-app-dev": 10,
          "FutureClickCount_600-os": 24,
          "FutureClickCount_600-ip-os": 30,
          "FutureClickCount_600-app-os": 30,
          "FutureClickCount_600-ip-app-os": 31,
          "FutureClickCount_600-dev-os": 150,
          "FutureClickCount_600-ip-dev-os": 31,
          "FutureClickCount_600-app-dev-os": 83,
          "FutureClickCount_600-ip-app-dev-os": 60,
          "FutureClickCount_600-cha": 29,
          "FutureClickCount_600-ip-cha": 10,
          "FutureClickCount_600-app-cha": 64,
          "FutureClickCount_600-ip-app-cha": 5,
          "FutureClickCount_600-dev-cha": 19,
          "FutureClickCount_600-ip-dev-cha": 3,
          "FutureClickCount_600-app-dev-cha": 34,
          "FutureClickCount_600-ip-app-dev-cha": 5,
          "FutureClickCount_600-os-cha": 24,
          "FutureClickCount_600-ip-os-cha": 4,
          "FutureClickCount_600-app-os-cha": 15,
          "FutureClickCount_600-ip-app-os-cha": 9,
          "FutureClickCount_600-dev-os-cha": 22,
          "FutureClickCount_600-ip-dev-os-cha": 10,
          "FutureClickCount_600-app-dev-os-cha": 20,
          "FutureClickCount_600-ip-app-dev-os-cha": 13,
          "FutureClickCount_4800-ip": 173,
          "FutureClickCount_4800-app": 33,
          "FutureClickCount_4800-ip-app": 33,
          "FutureClickCount_4800-dev": 7,
          "FutureClickCount_4800-ip-dev": 180,
          "FutureClickCount_4800-app-dev": 14,
          "FutureClickCount_4800-ip-app-dev": 24,
          "FutureClickCount_4800-os": 10,
          "FutureClickCount_4800-ip-os": 57,
          "FutureClickCount_4800-app-os": 43,
          "FutureClickCount_4800-ip-app-os": 33,
          "FutureClickCount_4800-dev-os": 50,
          "FutureClickCount_4800-ip-dev-os": 113,
          "FutureClickCount_4800-app-dev-os": 96,
          "FutureClickCount_4800-ip-app-dev-os": 51,
          "FutureClickCount_4800-cha": 26,
          "FutureClickCount_4800-ip-cha": 19,
          "FutureClickCount_4800-app-cha": 62,
          "FutureClickCount_4800-ip-app-cha": 7,
          "FutureClickCount_4800-dev-cha": 15,
          "FutureClickCount_4800-ip-dev-cha": 7,
          "FutureClickCount_4800-app-dev-cha": 31,
          "FutureClickCount_4800-ip-app-dev-cha": 6,
          "FutureClickCount_4800-os-cha": 16,
          "FutureClickCount_4800-ip-os-cha": 5,
          "FutureClickCount_4800-app-os-cha": 31,
          "FutureClickCount_4800-ip-app-os-cha": 10,
          "FutureClickCount_4800-dev-os-cha": 24,
          "FutureClickCount_4800-ip-dev-os-cha": 8,
          "FutureClickCount_4800-app-dev-os-cha": 28,
          "FutureClickCount_4800-ip-app-dev-os-cha": 7,
          "NextClickTimeDelta-ip": 70,
          "NextClickTimeDelta-app": 7,
          "NextClickTimeDelta-ip-app": 137,
          "NextClickTimeDelta-dev": 6,
          "NextClickTimeDelta-ip-dev": 47,
          "NextClickTimeDelta-app-dev": 2,
          "NextClickTimeDelta-ip-app-dev": 68,
          "NextClickTimeDelta-os": 5,
          "NextClickTimeDelta-ip-os": 60,
          "NextClickTimeDelta-app-os": 13,
          "NextClickTimeDelta-ip-app-os": 212,
          "NextClickTimeDelta-dev-os": 6,
          "NextClickTimeDelta-ip-dev-os": 49,
          "NextClickTimeDelta-app-dev-os": 14,
          "NextClickTimeDelta-ip-app-dev-os": 480,
          "NextClickTimeDelta-cha": 3,
          "NextClickTimeDelta-ip-cha": 38,
          "NextClickTimeDelta-app-cha": 15,
          "NextClickTimeDelta-ip-app-cha": 36,
          "NextClickTimeDelta-dev-cha": 9,
          "NextClickTimeDelta-ip-dev-cha": 30,
          "NextClickTimeDelta-app-dev-cha": 9,
          "NextClickTimeDelta-ip-app-dev-cha": 28,
          "NextClickTimeDelta-os-cha": 11,
          "NextClickTimeDelta-ip-os-cha": 35,
          "NextClickTimeDelta-app-os-cha": 14,
          "NextClickTimeDelta-ip-app-os-cha": 49,
          "NextClickTimeDelta-dev-os-cha": 13,
          "NextClickTimeDelta-ip-dev-os-cha": 30,
          "NextClickTimeDelta-app-dev-os-cha": 22,
          "NextClickTimeDelta-ip-app-dev-os-cha": 84,
          "PrevClickTimeDelta-ip": 45,
          "PrevClickTimeDelta-app": 6,
          "PrevClickTimeDelta-ip-app": 17,
          "PrevClickTimeDelta-dev": 2,
          "PrevClickTimeDelta-ip-dev": 27,
          "PrevClickTimeDelta-app-dev": 3,
          "PrevClickTimeDelta-ip-app-dev": 27,
          "PrevClickTimeDelta-os": 11,
          "PrevClickTimeDelta-ip-os": 33,
          "PrevClickTimeDelta-app-os": 7,
          "PrevClickTimeDelta-ip-app-os": 18,
          "PrevClickTimeDelta-dev-os": 6,
          "PrevClickTimeDelta-ip-dev-os": 32,
          "PrevClickTimeDelta-app-dev-os": 8,
          "PrevClickTimeDelta-ip-app-dev-os": 23,
          "PrevClickTimeDelta-cha": 4,
          "PrevClickTimeDelta-ip-cha": 20,
          "PrevClickTimeDelta-app-cha": 7,
          "PrevClickTimeDelta-ip-app-cha": 21,
          "PrevClickTimeDelta-dev-cha": 4,
          "PrevClickTimeDelta-ip-dev-cha": 14,
          "PrevClickTimeDelta-app-dev-cha": 6,
          "PrevClickTimeDelta-ip-app-dev-cha": 12,
          "PrevClickTimeDelta-os-cha": 20,
          "PrevClickTimeDelta-ip-os-cha": 15,
          "PrevClickTimeDelta-app-os-cha": 8,
          "PrevClickTimeDelta-ip-app-os-cha": 12,
          "PrevClickTimeDelta-dev-os-cha": 13,
          "PrevClickTimeDelta-ip-dev-os-cha": 3,
          "PrevClickTimeDelta-app-dev-os-cha": 18,
          "PrevClickTimeDelta-ip-app-dev-os-cha": 10,
          "AverageAttributedRatio-ip": 17,
          "AverageAttributedRatio-app": 20,
          "AverageAttributedRatio-ip-app": 20,
          "AverageAttributedRatio-dev": 33,
          "AverageAttributedRatio-ip-dev": 19,
          "AverageAttributedRatio-app-dev": 39,
          "AverageAttributedRatio-ip-app-dev": 55,
          "AverageAttributedRatio-os": 25,
          "AverageAttributedRatio-ip-os": 12,
          "AverageAttributedRatio-app-os": 29,
          "AverageAttributedRatio-ip-app-os": 9,
          "AverageAttributedRatio-dev-os": 19,
          "AverageAttributedRatio-ip-dev-os": 15,
          "AverageAttributedRatio-app-dev-os": 48,
          "AverageAttributedRatio-ip-app-dev-os": 4,
          "AverageAttributedRatio-cha": 13,
          "AverageAttributedRatio-ip-cha": 7,
          "AverageAttributedRatio-app-cha": 28,
          "AverageAttributedRatio-ip-app-cha": 5,
          "AverageAttributedRatio-dev-cha": 18,
          "AverageAttributedRatio-ip-dev-cha": 4,
          "AverageAttributedRatio-app-dev-cha": 20,
          "AverageAttributedRatio-ip-app-dev-cha": 6,
          "AverageAttributedRatio-os-cha": 15,
          "AverageAttributedRatio-ip-os-cha": 5,
          "AverageAttributedRatio-app-os-cha": 44,
          "AverageAttributedRatio-ip-app-os-cha": 2,
          "AverageAttributedRatio-dev-os-cha": 28,
          "AverageAttributedRatio-ip-dev-os-cha": 6,
          "AverageAttributedRatio-app-dev-os-cha": 36,
          "AverageAttributedRatio-ip-app-dev-os-cha": 1,
          "KomakiLDA5NoDevice-ip-app-0": 74,
          "KomakiLDA5NoDevice-ip-app-1": 81,
          "KomakiLDA5NoDevice-ip-app-2": 43,
          "KomakiLDA5NoDevice-ip-app-3": 58,
          "KomakiLDA5NoDevice-ip-app-4": 29,
          "KomakiLDA5NoDevice-ip-os-0": 41,
          "KomakiLDA5NoDevice-ip-os-1": 47,
          "KomakiLDA5NoDevice-ip-os-2": 21,
          "KomakiLDA5NoDevice-ip-os-3": 29,
          "KomakiLDA5NoDevice-ip-os-4": 36,
          "KomakiLDA5NoDevice-ip-channel-0": 63,
          "KomakiLDA5NoDevice-ip-channel-1": 51,
          "KomakiLDA5NoDevice-ip-channel-2": 89,
          "KomakiLDA5NoDevice-ip-channel-3": 76,
          "KomakiLDA5NoDevice-ip-channel-4": 72,
          "KomakiLDA5NoDevice-app-ip-0": 37,
          "KomakiLDA5NoDevice-app-ip-1": 19,
          "KomakiLDA5NoDevice-app-ip-2": 15,
          "KomakiLDA5NoDevice-app-ip-3": 31,
          "KomakiLDA5NoDevice-app-ip-4": 16,
          "KomakiLDA5NoDevice-app-os-0": 13,
          "KomakiLDA5NoDevice-app-os-1": 49,
          "KomakiLDA5NoDevice-app-os-2": 6,
          "KomakiLDA5NoDevice-app-os-3": 16,
          "KomakiLDA5NoDevice-app-os-4": 17,
          "KomakiLDA5NoDevice-app-channel-0": 21,
          "KomakiLDA5NoDevice-app-channel-1": 23,
          "KomakiLDA5NoDevice-app-channel-2": 35,
          "KomakiLDA5NoDevice-app-channel-3": 38,
          "KomakiLDA5NoDevice-app-channel-4": 16,
          "KomakiLDA5NoDevice-os-ip-0": 24,
          "KomakiLDA5NoDevice-os-ip-1": 9,
          "KomakiLDA5NoDevice-os-ip-2": 7,
          "KomakiLDA5NoDevice-os-ip-3": 11,
          "KomakiLDA5NoDevice-os-ip-4": 19,
          "KomakiLDA5NoDevice-os-app-0": 51,
          "KomakiLDA5NoDevice-os-app-1": 16,
          "KomakiLDA5NoDevice-os-app-2": 13,
          "KomakiLDA5NoDevice-os-app-3": 33,
          "KomakiLDA5NoDevice-os-app-4": 6,
          "KomakiLDA5NoDevice-os-channel-0": 30,
          "KomakiLDA5NoDevice-os-channel-1": 17,
          "KomakiLDA5NoDevice-os-channel-2": 32,
          "KomakiLDA5NoDevice-os-channel-3": 50,
          "KomakiLDA5NoDevice-os-channel-4": 14,
          "KomakiLDA5NoDevice-channel-ip-0": 15,
          "KomakiLDA5NoDevice-channel-ip-1": 16,
          "KomakiLDA5NoDevice-channel-ip-2": 15,
          "KomakiLDA5NoDevice-channel-ip-3": 13,
          "KomakiLDA5NoDevice-channel-ip-4": 15,
          "KomakiLDA5NoDevice-channel-app-0": 17,
          "KomakiLDA5NoDevice-channel-app-1": 18,
          "KomakiLDA5NoDevice-channel-app-2": 12,
          "KomakiLDA5NoDevice-channel-app-3": 15,
          "KomakiLDA5NoDevice-channel-app-4": 9,
          "KomakiLDA5NoDevice-channel-os-0": 18,
          "KomakiLDA5NoDevice-channel-os-1": 12,
          "KomakiLDA5NoDevice-channel-os-2": 13,
          "KomakiLDA5NoDevice-channel-os-3": 16,
          "KomakiLDA5NoDevice-channel-os-4": 15,
          "KomakiPCA5NoDevice-ip-app-0": 43,
          "KomakiPCA5NoDevice-ip-app-1": 45,
          "KomakiPCA5NoDevice-ip-app-2": 34,
          "KomakiPCA5NoDevice-ip-app-3": 18,
          "KomakiPCA5NoDevice-ip-app-4": 48,
          "KomakiPCA5NoDevice-ip-os-0": 72,
          "KomakiPCA5NoDevice-ip-os-1": 29,
          "KomakiPCA5NoDevice-ip-os-2": 32,
          "KomakiPCA5NoDevice-ip-os-3": 18,
          "KomakiPCA5NoDevice-ip-os-4": 22,
          "KomakiPCA5NoDevice-ip-channel-0": 107,
          "KomakiPCA5NoDevice-ip-channel-1": 54,
          "KomakiPCA5NoDevice-ip-channel-2": 56,
          "KomakiPCA5NoDevice-ip-channel-3": 38,
          "KomakiPCA5NoDevice-ip-channel-4": 28,
          "KomakiPCA5NoDevice-app-ip-0": 16,
          "KomakiPCA5NoDevice-app-ip-1": 18,
          "KomakiPCA5NoDevice-app-ip-2": 10,
          "KomakiPCA5NoDevice-app-ip-3": 20,
          "KomakiPCA5NoDevice-app-ip-4": 17,
          "KomakiPCA5NoDevice-app-os-0": 25,
          "KomakiPCA5NoDevice-app-os-1": 4,
          "KomakiPCA5NoDevice-app-os-2": 17,
          "KomakiPCA5NoDevice-app-os-3": 23,
          "KomakiPCA5NoDevice-app-os-4": 18,
          "KomakiPCA5NoDevice-app-channel-0": 19,
          "KomakiPCA5NoDevice-app-channel-1": 20,
          "KomakiPCA5NoDevice-app-channel-2": 12,
          "KomakiPCA5NoDevice-app-channel-3": 13,
          "KomakiPCA5NoDevice-app-channel-4": 19,
          "KomakiPCA5NoDevice-os-ip-0": 6,
          "KomakiPCA5NoDevice-os-ip-1": 10,
          "KomakiPCA5NoDevice-os-ip-2": 6,
          "KomakiPCA5NoDevice-os-ip-3": 7,
          "KomakiPCA5NoDevice-os-ip-4": 11,
          "KomakiPCA5NoDevice-os-app-0": 12,
          "KomakiPCA5NoDevice-os-app-1": 7,
          "KomakiPCA5NoDevice-os-app-2": 4,
          "KomakiPCA5NoDevice-os-app-3": 16,
          "KomakiPCA5NoDevice-os-app-4": 16,
          "KomakiPCA5NoDevice-os-channel-0": 7,
          "KomakiPCA5NoDevice-os-channel-1": 16,
          "KomakiPCA5NoDevice-os-channel-2": 11,
          "KomakiPCA5NoDevice-os-channel-3": 10,
          "KomakiPCA5NoDevice-os-channel-4": 16,
          "KomakiPCA5NoDevice-channel-ip-0": 13,
          "KomakiPCA5NoDevice-channel-ip-1": 15,
          "KomakiPCA5NoDevice-channel-ip-2": 19,
          "KomakiPCA5NoDevice-channel-ip-3": 8,
          "KomakiPCA5NoDevice-channel-ip-4": 11,
          "KomakiPCA5NoDevice-channel-app-0": 20,
          "KomakiPCA5NoDevice-channel-app-1": 12,
          "KomakiPCA5NoDevice-channel-app-2": 14,
          "KomakiPCA5NoDevice-channel-app-3": 10,
          "KomakiPCA5NoDevice-channel-app-4": 12,
          "KomakiPCA5NoDevice-channel-os-0": 19,
          "KomakiPCA5NoDevice-channel-os-1": 11,
          "KomakiPCA5NoDevice-channel-os-2": 16,
          "KomakiPCA5NoDevice-channel-os-3": 15,
          "KomakiPCA5NoDevice-channel-os-4": 19,
          "KomakiNMF5NoDevice-ip-app-0": 26,
          "KomakiNMF5NoDevice-ip-app-1": 99,
          "KomakiNMF5NoDevice-ip-app-2": 41,
          "KomakiNMF5NoDevice-ip-app-3": 22,
          "KomakiNMF5NoDevice-ip-app-4": 31,
          "KomakiNMF5NoDevice-ip-os-0": 71,
          "KomakiNMF5NoDevice-ip-os-1": 62,
          "KomakiNMF5NoDevice-ip-os-2": 51,
          "KomakiNMF5NoDevice-ip-os-3": 34,
          "KomakiNMF5NoDevice-ip-os-4": 18,
          "KomakiNMF5NoDevice-ip-channel-0": 41,
          "KomakiNMF5NoDevice-ip-channel-1": 98,
          "KomakiNMF5NoDevice-ip-channel-2": 30,
          "KomakiNMF5NoDevice-ip-channel-3": 42,
          "KomakiNMF5NoDevice-ip-channel-4": 31,
          "KomakiNMF5NoDevice-app-ip-0": 8,
          "KomakiNMF5NoDevice-app-ip-1": 12,
          "KomakiNMF5NoDevice-app-ip-2": 10,
          "KomakiNMF5NoDevice-app-ip-3": 13,
          "KomakiNMF5NoDevice-app-ip-4": 8,
          "KomakiNMF5NoDevice-app-os-0": 6,
          "KomakiNMF5NoDevice-app-os-1": 11,
          "KomakiNMF5NoDevice-app-os-2": 19,
          "KomakiNMF5NoDevice-app-os-3": 1,
          "KomakiNMF5NoDevice-app-os-4": 9,
          "KomakiNMF5NoDevice-app-channel-0": 6,
          "KomakiNMF5NoDevice-app-channel-1": 8,
          "KomakiNMF5NoDevice-app-channel-2": 8,
          "KomakiNMF5NoDevice-app-channel-3": 13,
          "KomakiNMF5NoDevice-app-channel-4": 13,
          "KomakiNMF5NoDevice-os-ip-0": 5,
          "KomakiNMF5NoDevice-os-ip-1": 11,
          "KomakiNMF5NoDevice-os-ip-2": 8,
          "KomakiNMF5NoDevice-os-ip-3": 10,
          "KomakiNMF5NoDevice-os-ip-4": 4,
          "KomakiNMF5NoDevice-os-app-0": 4,
          "KomakiNMF5NoDevice-os-app-1": 0,
          "KomakiNMF5NoDevice-os-app-2": 5,
          "KomakiNMF5NoDevice-os-app-3": 11,
          "KomakiNMF5NoDevice-os-app-4": 9,
          "KomakiNMF5NoDevice-os-channel-0": 19,
          "KomakiNMF5NoDevice-os-channel-1": 8,
          "KomakiNMF5NoDevice-os-channel-2": 20,
          "KomakiNMF5NoDevice-os-channel-3": 16,
          "KomakiNMF5NoDevice-os-channel-4": 5,
          "KomakiNMF5NoDevice-channel-ip-0": 9,
          "KomakiNMF5NoDevice-channel-ip-1": 4,
          "KomakiNMF5NoDevice-channel-ip-2": 13,
          "KomakiNMF5NoDevice-channel-ip-3": 23,
          "KomakiNMF5NoDevice-channel-ip-4": 12,
          "KomakiNMF5NoDevice-channel-app-0": 7,
          "KomakiNMF5NoDevice-channel-app-1": 4,
          "KomakiNMF5NoDevice-channel-app-2": 6,
          "KomakiNMF5NoDevice-channel-app-3": 5,
          "KomakiNMF5NoDevice-channel-app-4": 10,
          "KomakiNMF5NoDevice-channel-os-0": 10,
          "KomakiNMF5NoDevice-channel-os-1": 6,
          "KomakiNMF5NoDevice-channel-os-2": 18,
          "KomakiNMF5NoDevice-channel-os-3": 8,
          "KomakiNMF5NoDevice-channel-os-4": 13
        }
      },
      {
        "train_auc": 0.9907757540189535,
        "valid_auc": 0.9843571127844667,
        "best_iteration": 104,
        "train_time": 102.69809985160828,
        "feature_importance": {
          "ip": 652,
          "os": 212,
          "app": 278,
          "channel": 466,
          "hour": 347,
          "n_channels": 169,
          "ip_app_count": 143,
          "ip_app_os_count": 147,
          "FutureClickCount_600-ip": 91,
          "FutureClickCount_600-app": 48,
          "FutureClickCount_600-ip-app": 30,
          "FutureClickCount_600-dev": 38,
          "FutureClickCount_600-ip-dev": 70,
          "FutureClickCount_600-app-dev": 42,
          "FutureClickCount_600-ip-app-dev": 14,
          "FutureClickCount_600-os": 46,
          "FutureClickCount_600-ip-os": 40,
          "FutureClickCount_600-app-os": 24,
          "FutureClickCount_600-ip-app-os": 35,
          "FutureClickCount_600-dev-os": 124,
          "FutureClickCount_600-ip-dev-os": 30,
          "FutureClickCount_600-app-dev-os": 74,
          "FutureClickCount_600-ip-app-dev-os": 59,
          "FutureClickCount_600-cha": 45,
          "FutureClickCount_600-ip-cha": 21,
          "FutureClickCount_600-app-cha": 72,
          "FutureClickCount_600-ip-app-cha": 11,
          "FutureClickCount_600-dev-cha": 31,
          "FutureClickCount_600-ip-dev-cha": 9,
          "FutureClickCount_600-app-dev-cha": 39,
          "FutureClickCount_600-ip-app-dev-cha": 5,
          "FutureClickCount_600-os-cha": 32,
          "FutureClickCount_600-ip-os-cha": 5,
          "FutureClickCount_600-app-os-cha": 32,
          "FutureClickCount_600-ip-app-os-cha": 11,
          "FutureClickCount_600-dev-os-cha": 26,
          "FutureClickCount_600-ip-dev-os-cha": 6,
          "FutureClickCount_600-app-dev-os-cha": 23,
          "FutureClickCount_600-ip-app-dev-os-cha": 3,
          "FutureClickCount_4800-ip": 187,
          "FutureClickCount_4800-app": 29,
          "FutureClickCount_4800-ip-app": 36,
          "FutureClickCount_4800-dev": 8,
          "FutureClickCount_4800-ip-dev": 180,
          "FutureClickCount_4800-app-dev": 26,
          "FutureClickCount_4800-ip-app-dev": 28,
          "FutureClickCount_4800-os": 16,
          "FutureClickCount_4800-ip-os": 66,
          "FutureClickCount_4800-app-os": 43,
          "FutureClickCount_4800-ip-app-os": 39,
          "FutureClickCount_4800-dev-os": 47,
          "FutureClickCount_4800-ip-dev-os": 114,
          "FutureClickCount_4800-app-dev-os": 99,
          "FutureClickCount_4800-ip-app-dev-os": 59,
          "FutureClickCount_4800-cha": 32,
          "FutureClickCount_4800-ip-cha": 41,
          "FutureClickCount_4800-app-cha": 77,
          "FutureClickCount_4800-ip-app-cha": 15,
          "FutureClickCount_4800-dev-cha": 24,
          "FutureClickCount_4800-ip-dev-cha": 11,
          "FutureClickCount_4800-app-dev-cha": 29,
          "FutureClickCount_4800-ip-app-dev-cha": 8,
          "FutureClickCount_4800-os-cha": 23,
          "FutureClickCount_4800-ip-os-cha": 8,
          "FutureClickCount_4800-app-os-cha": 35,
          "FutureClickCount_4800-ip-app-os-cha": 11,
          "FutureClickCount_4800-dev-os-cha": 31,
          "FutureClickCount_4800-ip-dev-os-cha": 13,
          "FutureClickCount_4800-app-dev-os-cha": 47,
          "FutureClickCount_4800-ip-app-dev-os-cha": 13,
          "NextClickTimeDelta-ip": 85,
          "NextClickTimeDelta-app": 8,
          "NextClickTimeDelta-ip-app": 158,
          "NextClickTimeDelta-dev": 2,
          "NextClickTimeDelta-ip-dev": 64,
          "NextClickTimeDelta-app-dev": 4,
          "NextClickTimeDelta-ip-app-dev": 55,
          "NextClickTimeDelta-os": 7,
          "NextClickTimeDelta-ip-os": 69,
          "NextClickTimeDelta-app-os": 9,
          "NextClickTimeDelta-ip-app-os": 270,
          "NextClickTimeDelta-dev-os": 8,
          "NextClickTimeDelta-ip-dev-os": 61,
          "NextClickTimeDelta-app-dev-os": 15,
          "NextClickTimeDelta-ip-app-dev-os": 481,
          "NextClickTimeDelta-cha": 2,
          "NextClickTimeDelta-ip-cha": 50,
          "NextClickTimeDelta-app-cha": 18,
          "NextClickTimeDelta-ip-app-cha": 44,
          "NextClickTimeDelta-dev-cha": 3,
          "NextClickTimeDelta-ip-dev-cha": 41,
          "NextClickTimeDelta-app-dev-cha": 10,
          "NextClickTimeDelta-ip-app-dev-cha": 39,
          "NextClickTimeDelta-os-cha": 15,
          "NextClickTimeDelta-ip-os-cha": 31,
          "NextClickTimeDelta-app-os-cha": 20,
          "NextClickTimeDelta-ip-app-os-cha": 59,
          "NextClickTimeDelta-dev-os-cha": 17,
          "NextClickTimeDelta-ip-dev-os-cha": 46,
          "NextClickTimeDelta-app-dev-os-cha": 28,
          "NextClickTimeDelta-ip-app-dev-os-cha": 103,
          "PrevClickTimeDelta-ip": 57,
          "PrevClickTimeDelta-app": 10,
          "PrevClickTimeDelta-ip-app": 48,
          "PrevClickTimeDelta-dev": 5,
          "PrevClickTimeDelta-ip-dev": 30,
          "PrevClickTimeDelta-app-dev": 16,
          "PrevClickTimeDelta-ip-app-dev": 22,
          "PrevClickTimeDelta-os": 9,
          "PrevClickTimeDelta-ip-os": 51,
          "PrevClickTimeDelta-app-os": 18,
          "PrevClickTimeDelta-ip-app-os": 38,
          "PrevClickTimeDelta-dev-os": 2,
          "PrevClickTimeDelta-ip-dev-os": 34,
          "PrevClickTimeDelta-app-dev-os": 13,
          "PrevClickTimeDelta-ip-app-dev-os": 30,
          "PrevClickTimeDelta-cha": 4,
          "PrevClickTimeDelta-ip-cha": 45,
          "PrevClickTimeDelta-app-cha": 4,
          "PrevClickTimeDelta-ip-app-cha": 31,
          "PrevClickTimeDelta-dev-cha": 9,
          "PrevClickTimeDelta-ip-dev-cha": 30,
          "PrevClickTimeDelta-app-dev-cha": 15,
          "PrevClickTimeDelta-ip-app-dev-cha": 16,
          "PrevClickTimeDelta-os-cha": 12,
          "PrevClickTimeDelta-ip-os-cha": 17,
          "PrevClickTimeDelta-app-os-cha": 16,
          "PrevClickTimeDelta-ip-app-os-cha": 24,
          "PrevClickTimeDelta-dev-os-cha": 7,
          "PrevClickTimeDelta-ip-dev-os-cha": 15,
          "PrevClickTimeDelta-app-dev-os-cha": 15,
          "PrevClickTimeDelta-ip-app-dev-os-cha": 17,
          "AverageAttributedRatio-ip": 27,
          "AverageAttributedRatio-app": 39,
          "AverageAttributedRatio-ip-app": 30,
          "AverageAttributedRatio-dev": 47,
          "AverageAttributedRatio-ip-dev": 26,
          "AverageAttributedRatio-app-dev": 35,
          "AverageAttributedRatio-ip-app-dev": 56,
          "AverageAttributedRatio-os": 29,
          "AverageAttributedRatio-ip-os": 12,
          "AverageAttributedRatio-app-os": 39,
          "AverageAttributedRatio-ip-app-os": 6,
          "AverageAttributedRatio-dev-os": 25,
          "AverageAttributedRatio-ip-dev-os": 18,
          "AverageAttributedRatio-app-dev-os": 51,
          "AverageAttributedRatio-ip-app-dev-os": 4,
          "AverageAttributedRatio-cha": 30,
          "AverageAttributedRatio-ip-cha": 16,
          "AverageAttributedRatio-app-cha": 42,
          "AverageAttributedRatio-ip-app-cha": 8,
          "AverageAttributedRatio-dev-cha": 20,
          "AverageAttributedRatio-ip-dev-cha": 9,
          "AverageAttributedRatio-app-dev-cha": 33,
          "AverageAttributedRatio-ip-app-dev-cha": 11,
          "AverageAttributedRatio-os-cha": 21,
          "AverageAttributedRatio-ip-os-cha": 2,
          "AverageAttributedRatio-app-os-cha": 60,
          "AverageAttributedRatio-ip-app-os-cha": 3,
          "AverageAttributedRatio-dev-os-cha": 24,
          "AverageAttributedRatio-ip-dev-os-cha": 4,
          "AverageAttributedRatio-app-dev-os-cha": 64,
          "AverageAttributedRatio-ip-app-dev-os-cha": 2,
          "KomakiLDA5NoDevice-ip-app-0": 100,
          "KomakiLDA5NoDevice-ip-app-1": 96,
          "KomakiLDA5NoDevice-ip-app-2": 70,
          "KomakiLDA5NoDevice-ip-app-3": 67,
          "KomakiLDA5NoDevice-ip-app-4": 40,
          "KomakiLDA5NoDevice-ip-os-0": 62,
          "KomakiLDA5NoDevice-ip-os-1": 55,
          "KomakiLDA5NoDevice-ip-os-2": 36,
          "KomakiLDA5NoDevice-ip-os-3": 43,
          "KomakiLDA5NoDevice-ip-os-4": 32,
          "KomakiLDA5NoDevice-ip-channel-0": 63,
          "KomakiLDA5NoDevice-ip-channel-1": 86,
          "KomakiLDA5NoDevice-ip-channel-2": 79,
          "KomakiLDA5NoDevice-ip-channel-3": 64,
          "KomakiLDA5NoDevice-ip-channel-4": 97,
          "KomakiLDA5NoDevice-app-ip-0": 48,
          "KomakiLDA5NoDevice-app-ip-1": 32,
          "KomakiLDA5NoDevice-app-ip-2": 32,
          "KomakiLDA5NoDevice-app-ip-3": 42,
          "KomakiLDA5NoDevice-app-ip-4": 23,
          "KomakiLDA5NoDevice-app-os-0": 18,
          "KomakiLDA5NoDevice-app-os-1": 42,
          "KomakiLDA5NoDevice-app-os-2": 16,
          "KomakiLDA5NoDevice-app-os-3": 17,
          "KomakiLDA5NoDevice-app-os-4": 36,
          "KomakiLDA5NoDevice-app-channel-0": 33,
          "KomakiLDA5NoDevice-app-channel-1": 34,
          "KomakiLDA5NoDevice-app-channel-2": 51,
          "KomakiLDA5NoDevice-app-channel-3": 31,
          "KomakiLDA5NoDevice-app-channel-4": 14,
          "KomakiLDA5NoDevice-os-ip-0": 30,
          "KomakiLDA5NoDevice-os-ip-1": 21,
          "KomakiLDA5NoDevice-os-ip-2": 16,
          "KomakiLDA5NoDevice-os-ip-3": 16,
          "KomakiLDA5NoDevice-os-ip-4": 26,
          "KomakiLDA5NoDevice-os-app-0": 70,
          "KomakiLDA5NoDevice-os-app-1": 20,
          "KomakiLDA5NoDevice-os-app-2": 17,
          "KomakiLDA5NoDevice-os-app-3": 19,
          "KomakiLDA5NoDevice-os-app-4": 9,
          "KomakiLDA5NoDevice-os-channel-0": 19,
          "KomakiLDA5NoDevice-os-channel-1": 7,
          "KomakiLDA5NoDevice-os-channel-2": 37,
          "KomakiLDA5NoDevice-os-channel-3": 49,
          "KomakiLDA5NoDevice-os-channel-4": 14,
          "KomakiLDA5NoDevice-channel-ip-0": 12,
          "KomakiLDA5NoDevice-channel-ip-1": 24,
          "KomakiLDA5NoDevice-channel-ip-2": 13,
          "KomakiLDA5NoDevice-channel-ip-3": 24,
          "KomakiLDA5NoDevice-channel-ip-4": 12,
          "KomakiLDA5NoDevice-channel-app-0": 21,
          "KomakiLDA5NoDevice-channel-app-1": 20,
          "KomakiLDA5NoDevice-channel-app-2": 19,
          "KomakiLDA5NoDevice-channel-app-3": 17,
          "KomakiLDA5NoDevice-channel-app-4": 19,
          "KomakiLDA5NoDevice-channel-os-0": 19,
          "KomakiLDA5NoDevice-channel-os-1": 20,
          "KomakiLDA5NoDevice-channel-os-2": 17,
          "KomakiLDA5NoDevice-channel-os-3": 11,
          "KomakiLDA5NoDevice-channel-os-4": 21,
          "KomakiPCA5NoDevice-ip-app-0": 44,
          "KomakiPCA5NoDevice-ip-app-1": 55,
          "KomakiPCA5NoDevice-ip-app-2": 24,
          "KomakiPCA5NoDevice-ip-app-3": 20,
          "KomakiPCA5NoDevice-ip-app-4": 59,
          "KomakiPCA5NoDevice-ip-os-0": 76,
          "KomakiPCA5NoDevice-ip-os-1": 31,
          "KomakiPCA5NoDevice-ip-os-2": 37,
          "KomakiPCA5NoDevice-ip-os-3": 34,
          "KomakiPCA5NoDevice-ip-os-4": 39,
          "KomakiPCA5NoDevice-ip-channel-0": 101,
          "KomakiPCA5NoDevice-ip-channel-1": 51,
          "KomakiPCA5NoDevice-ip-channel-2": 44,
          "KomakiPCA5NoDevice-ip-channel-3": 54,
          "KomakiPCA5NoDevice-ip-channel-4": 37,
          "KomakiPCA5NoDevice-app-ip-0": 13,
          "KomakiPCA5NoDevice-app-ip-1": 13,
          "KomakiPCA5NoDevice-app-ip-2": 17,
          "KomakiPCA5NoDevice-app-ip-3": 24,
          "KomakiPCA5NoDevice-app-ip-4": 12,
          "KomakiPCA5NoDevice-app-os-0": 29,
          "KomakiPCA5NoDevice-app-os-1": 17,
          "KomakiPCA5NoDevice-app-os-2": 11,
          "KomakiPCA5NoDevice-app-os-3": 11,
          "KomakiPCA5NoDevice-app-os-4": 24,
          "KomakiPCA5NoDevice-app-channel-0": 20,
          "KomakiPCA5NoDevice-app-channel-1": 20,
          "KomakiPCA5NoDevice-app-channel-2": 23,
          "KomakiPCA5NoDevice-app-channel-3": 22,
          "KomakiPCA5NoDevice-app-channel-4": 34,
          "KomakiPCA5NoDevice-os-ip-0": 9,
          "KomakiPCA5NoDevice-os-ip-1": 16,
          "KomakiPCA5NoDevice-os-ip-2": 7,
          "KomakiPCA5NoDevice-os-ip-3": 16,
          "KomakiPCA5NoDevice-os-ip-4": 10,
          "KomakiPCA5NoDevice-os-app-0": 13,
          "KomakiPCA5NoDevice-os-app-1": 10,
          "KomakiPCA5NoDevice-os-app-2": 6,
          "KomakiPCA5NoDevice-os-app-3": 25,
          "KomakiPCA5NoDevice-os-app-4": 10,
          "KomakiPCA5NoDevice-os-channel-0": 12,
          "KomakiPCA5NoDevice-os-channel-1": 17,
          "KomakiPCA5NoDevice-os-channel-2": 16,
          "KomakiPCA5NoDevice-os-channel-3": 10,
          "KomakiPCA5NoDevice-os-channel-4": 15,
          "KomakiPCA5NoDevice-channel-ip-0": 17,
          "KomakiPCA5NoDevice-channel-ip-1": 22,
          "KomakiPCA5NoDevice-channel-ip-2": 24,
          "KomakiPCA5NoDevice-channel-ip-3": 15,
          "KomakiPCA5NoDevice-channel-ip-4": 30,
          "KomakiPCA5NoDevice-channel-app-0": 16,
          "KomakiPCA5NoDevice-channel-app-1": 14,
          "KomakiPCA5NoDevice-channel-app-2": 21,
          "KomakiPCA5NoDevice-channel-app-3": 8,
          "KomakiPCA5NoDevice-channel-app-4": 12,
          "KomakiPCA5NoDevice-channel-os-0": 20,
          "KomakiPCA5NoDevice-channel-os-1": 13,
          "KomakiPCA5NoDevice-channel-os-2": 17,
          "KomakiPCA5NoDevice-channel-os-3": 19,
          "KomakiPCA5NoDevice-channel-os-4": 15,
          "KomakiNMF5NoDevice-ip-app-0": 29,
          "KomakiNMF5NoDevice-ip-app-1": 124,
          "KomakiNMF5NoDevice-ip-app-2": 52,
          "KomakiNMF5NoDevice-ip-app-3": 26,
          "KomakiNMF5NoDevice-ip-app-4": 34,
          "KomakiNMF5NoDevice-ip-os-0": 82,
          "KomakiNMF5NoDevice-ip-os-1": 65,
          "KomakiNMF5NoDevice-ip-os-2": 47,
          "KomakiNMF5NoDevice-ip-os-3": 35,
          "KomakiNMF5NoDevice-ip-os-4": 38,
          "KomakiNMF5NoDevice-ip-channel-0": 46,
          "KomakiNMF5NoDevice-ip-channel-1": 116,
          "KomakiNMF5NoDevice-ip-channel-2": 28,
          "KomakiNMF5NoDevice-ip-channel-3": 58,
          "KomakiNMF5NoDevice-ip-channel-4": 45,
          "KomakiNMF5NoDevice-app-ip-0": 19,
          "KomakiNMF5NoDevice-app-ip-1": 21,
          "KomakiNMF5NoDevice-app-ip-2": 10,
          "KomakiNMF5NoDevice-app-ip-3": 31,
          "KomakiNMF5NoDevice-app-ip-4": 12,
          "KomakiNMF5NoDevice-app-os-0": 9,
          "KomakiNMF5NoDevice-app-os-1": 13,
          "KomakiNMF5NoDevice-app-os-2": 18,
          "KomakiNMF5NoDevice-app-os-3": 5,
          "KomakiNMF5NoDevice-app-os-4": 6,
          "KomakiNMF5NoDevice-app-channel-0": 9,
          "KomakiNMF5NoDevice-app-channel-1": 20,
          "KomakiNMF5NoDevice-app-channel-2": 16,
          "KomakiNMF5NoDevice-app-channel-3": 19,
          "KomakiNMF5NoDevice-app-channel-4": 12,
          "KomakiNMF5NoDevice-os-ip-0": 11,
          "KomakiNMF5NoDevice-os-ip-1": 14,
          "KomakiNMF5NoDevice-os-ip-2": 15,
          "KomakiNMF5NoDevice-os-ip-3": 8,
          "KomakiNMF5NoDevice-os-ip-4": 8,
          "KomakiNMF5NoDevice-os-app-0": 7,
          "KomakiNMF5NoDevice-os-app-1": 0,
          "KomakiNMF5NoDevice-os-app-2": 7,
          "KomakiNMF5NoDevice-os-app-3": 24,
          "KomakiNMF5NoDevice-os-app-4": 9,
          "KomakiNMF5NoDevice-os-channel-0": 18,
          "KomakiNMF5NoDevice-os-channel-1": 12,
          "KomakiNMF5NoDevice-os-channel-2": 16,
          "KomakiNMF5NoDevice-os-channel-3": 18,
          "KomakiNMF5NoDevice-os-channel-4": 12,
          "KomakiNMF5NoDevice-channel-ip-0": 22,
          "KomakiNMF5NoDevice-channel-ip-1": 12,
          "KomakiNMF5NoDevice-channel-ip-2": 23,
          "KomakiNMF5NoDevice-channel-ip-3": 16,
          "KomakiNMF5NoDevice-channel-ip-4": 24,
          "KomakiNMF5NoDevice-channel-app-0": 4,
          "KomakiNMF5NoDevice-channel-app-1": 2,
          "KomakiNMF5NoDevice-channel-app-2": 3,
          "KomakiNMF5NoDevice-channel-app-3": 10,
          "KomakiNMF5NoDevice-channel-app-4": 7,
          "KomakiNMF5NoDevice-channel-os-0": 17,
          "KomakiNMF5NoDevice-channel-os-1": 1,
          "KomakiNMF5NoDevice-channel-os-2": 13,
          "KomakiNMF5NoDevice-channel-os-3": 14,
          "KomakiNMF5NoDevice-channel-os-4": 16
        }
      },
      {
        "train_auc": 0.9895217590740945,
        "valid_auc": 0.9841167238177131,
        "best_iteration": 65,
        "train_time": 86.59962964057922,
        "feature_importance": {
          "ip": 385,
          "os": 171,
          "app": 251,
          "channel": 318,
          "hour": 298,
          "n_channels": 135,
          "ip_app_count": 92,
          "ip_app_os_count": 120,
          "FutureClickCount_600-ip": 49,
          "FutureClickCount_600-app": 33,
          "FutureClickCount_600-ip-app": 10,
          "FutureClickCount_600-dev": 28,
          "FutureClickCount_600-ip-dev": 51,
          "FutureClickCount_600-app-dev": 27,
          "FutureClickCount_600-ip-app-dev": 10,
          "FutureClickCount_600-os": 37,
          "FutureClickCount_600-ip-os": 23,
          "FutureClickCount_600-app-os": 30,
          "FutureClickCount_600-ip-app-os": 38,
          "FutureClickCount_600-dev-os": 127,
          "FutureClickCount_600-ip-dev-os": 26,
          "FutureClickCount_600-app-dev-os": 68,
          "FutureClickCount_600-ip-app-dev-os": 62,
          "FutureClickCount_600-cha": 28,
          "FutureClickCount_600-ip-cha": 10,
          "FutureClickCount_600-app-cha": 55,
          "FutureClickCount_600-ip-app-cha": 7,
          "FutureClickCount_600-dev-cha": 25,
          "FutureClickCount_600-ip-dev-cha": 4,
          "FutureClickCount_600-app-dev-cha": 33,
          "FutureClickCount_600-ip-app-dev-cha": 8,
          "FutureClickCount_600-os-cha": 12,
          "FutureClickCount_600-ip-os-cha": 4,
          "FutureClickCount_600-app-os-cha": 27,
          "FutureClickCount_600-ip-app-os-cha": 3,
          "FutureClickCount_600-dev-os-cha": 28,
          "FutureClickCount_600-ip-dev-os-cha": 8,
          "FutureClickCount_600-app-dev-os-cha": 21,
          "FutureClickCount_600-ip-app-dev-os-cha": 10,
          "FutureClickCount_4800-ip": 128,
          "FutureClickCount_4800-app": 15,
          "FutureClickCount_4800-ip-app": 27,
          "FutureClickCount_4800-dev": 12,
          "FutureClickCount_4800-ip-dev": 155,
          "FutureClickCount_4800-app-dev": 17,
          "FutureClickCount_4800-ip-app-dev": 17,
          "FutureClickCount_4800-os": 13,
          "FutureClickCount_4800-ip-os": 43,
          "FutureClickCount_4800-app-os": 34,
          "FutureClickCount_4800-ip-app-os": 28,
          "FutureClickCount_4800-dev-os": 41,
          "FutureClickCount_4800-ip-dev-os": 104,
          "FutureClickCount_4800-app-dev-os": 87,
          "FutureClickCount_4800-ip-app-dev-os": 55,
          "FutureClickCount_4800-cha": 37,
          "FutureClickCount_4800-ip-cha": 17,
          "FutureClickCount_4800-app-cha": 64,
          "FutureClickCount_4800-ip-app-cha": 14,
          "FutureClickCount_4800-dev-cha": 20,
          "FutureClickCount_4800-ip-dev-cha": 12,
          "FutureClickCount_4800-app-dev-cha": 34,
          "FutureClickCount_4800-ip-app-dev-cha": 9,
          "FutureClickCount_4800-os-cha": 14,
          "FutureClickCount_4800-ip-os-cha": 5,
          "FutureClickCount_4800-app-os-cha": 25,
          "FutureClickCount_4800-ip-app-os-cha": 14,
          "FutureClickCount_4800-dev-os-cha": 27,
          "FutureClickCount_4800-ip-dev-os-cha": 11,
          "FutureClickCount_4800-app-dev-os-cha": 31,
          "FutureClickCount_4800-ip-app-dev-os-cha": 6,
          "NextClickTimeDelta-ip": 75,
          "NextClickTimeDelta-app": 1,
          "NextClickTimeDelta-ip-app": 146,
          "NextClickTimeDelta-dev": 4,
          "NextClickTimeDelta-ip-dev": 40,
          "NextClickTimeDelta-app-dev": 4,
          "NextClickTimeDelta-ip-app-dev": 60,
          "NextClickTimeDelta-os": 4,
          "NextClickTimeDelta-ip-os": 53,
          "NextClickTimeDelta-app-os": 14,
          "NextClickTimeDelta-ip-app-os": 232,
          "NextClickTimeDelta-dev-os": 9,
          "NextClickTimeDelta-ip-dev-os": 46,
          "NextClickTimeDelta-app-dev-os": 12,
          "NextClickTimeDelta-ip-app-dev-os": 460,
          "NextClickTimeDelta-cha": 7,
          "NextClickTimeDelta-ip-cha": 39,
          "NextClickTimeDelta-app-cha": 9,
          "NextClickTimeDelta-ip-app-cha": 28,
          "NextClickTimeDelta-dev-cha": 3,
          "NextClickTimeDelta-ip-dev-cha": 28,
          "NextClickTimeDelta-app-dev-cha": 8,
          "NextClickTimeDelta-ip-app-dev-cha": 20,
          "NextClickTimeDelta-os-cha": 12,
          "NextClickTimeDelta-ip-os-cha": 22,
          "NextClickTimeDelta-app-os-cha": 15,
          "NextClickTimeDelta-ip-app-os-cha": 50,
          "NextClickTimeDelta-dev-os-cha": 13,
          "NextClickTimeDelta-ip-dev-os-cha": 27,
          "NextClickTimeDelta-app-dev-os-cha": 25,
          "NextClickTimeDelta-ip-app-dev-os-cha": 89,
          "PrevClickTimeDelta-ip": 48,
          "PrevClickTimeDelta-app": 2,
          "PrevClickTimeDelta-ip-app": 19,
          "PrevClickTimeDelta-dev": 3,
          "PrevClickTimeDelta-ip-dev": 28,
          "PrevClickTimeDelta-app-dev": 6,
          "PrevClickTimeDelta-ip-app-dev": 21,
          "PrevClickTimeDelta-os": 2,
          "PrevClickTimeDelta-ip-os": 24,
          "PrevClickTimeDelta-app-os": 11,
          "PrevClickTimeDelta-ip-app-os": 20,
          "PrevClickTimeDelta-dev-os": 2,
          "PrevClickTimeDelta-ip-dev-os": 19,
          "PrevClickTimeDelta-app-dev-os": 6,
          "PrevClickTimeDelta-ip-app-dev-os": 15,
          "PrevClickTimeDelta-cha": 3,
          "PrevClickTimeDelta-ip-cha": 24,
          "PrevClickTimeDelta-app-cha": 13,
          "PrevClickTimeDelta-ip-app-cha": 13,
          "PrevClickTimeDelta-dev-cha": 5,
          "PrevClickTimeDelta-ip-dev-cha": 15,
          "PrevClickTimeDelta-app-dev-cha": 10,
          "PrevClickTimeDelta-ip-app-dev-cha": 11,
          "PrevClickTimeDelta-os-cha": 8,
          "PrevClickTimeDelta-ip-os-cha": 13,
          "PrevClickTimeDelta-app-os-cha": 9,
          "PrevClickTimeDelta-ip-app-os-cha": 16,
          "PrevClickTimeDelta-dev-os-cha": 7,
          "PrevClickTimeDelta-ip-dev-os-cha": 8,
          "PrevClickTimeDelta-app-dev-os-cha": 11,
          "PrevClickTimeDelta-ip-app-dev-os-cha": 6,
          "AverageAttributedRatio-ip": 21,
          "AverageAttributedRatio-app": 25,
          "AverageAttributedRatio-ip-app": 25,
          "AverageAttributedRatio-dev": 40,
          "AverageAttributedRatio-ip-dev": 10,
          "AverageAttributedRatio-app-dev": 35,
          "AverageAttributedRatio-ip-app-dev": 45,
          "AverageAttributedRatio-os": 24,
          "AverageAttributedRatio-ip-os": 9,
          "AverageAttributedRatio-app-os": 20,
          "AverageAttributedRatio-ip-app-os": 6,
          "AverageAttributedRatio-dev-os": 17,
          "AverageAttributedRatio-ip-dev-os": 17,
          "AverageAttributedRatio-app-dev-os": 51,
          "AverageAttributedRatio-ip-app-dev-os": 4,
          "AverageAttributedRatio-cha": 22,
          "AverageAttributedRatio-ip-cha": 5,
          "AverageAttributedRatio-app-cha": 27,
          "AverageAttributedRatio-ip-app-cha": 8,
          "AverageAttributedRatio-dev-cha": 15,
          "AverageAttributedRatio-ip-dev-cha": 7,
          "AverageAttributedRatio-app-dev-cha": 23,
          "AverageAttributedRatio-ip-app-dev-cha": 6,
          "AverageAttributedRatio-os-cha": 18,
          "AverageAttributedRatio-ip-os-cha": 1,
          "AverageAttributedRatio-app-os-cha": 49,
          "AverageAttributedRatio-ip-app-os-cha": 3,
          "AverageAttributedRatio-dev-os-cha": 16,
          "AverageAttributedRatio-ip-dev-os-cha": 3,
          "AverageAttributedRatio-app-dev-os-cha": 66,
          "AverageAttributedRatio-ip-app-dev-os-cha": 1,
          "KomakiLDA5NoDevice-ip-app-0": 88,
          "KomakiLDA5NoDevice-ip-app-1": 92,
          "KomakiLDA5NoDevice-ip-app-2": 62,
          "KomakiLDA5NoDevice-ip-app-3": 46,
          "KomakiLDA5NoDevice-ip-app-4": 27,
          "KomakiLDA5NoDevice-ip-os-0": 44,
          "KomakiLDA5NoDevice-ip-os-1": 49,
          "KomakiLDA5NoDevice-ip-os-2": 17,
          "KomakiLDA5NoDevice-ip-os-3": 30,
          "KomakiLDA5NoDevice-ip-os-4": 33,
          "KomakiLDA5NoDevice-ip-channel-0": 59,
          "KomakiLDA5NoDevice-ip-channel-1": 65,
          "KomakiLDA5NoDevice-ip-channel-2": 60,
          "KomakiLDA5NoDevice-ip-channel-3": 58,
          "KomakiLDA5NoDevice-ip-channel-4": 54,
          "KomakiLDA5NoDevice-app-ip-0": 43,
          "KomakiLDA5NoDevice-app-ip-1": 16,
          "KomakiLDA5NoDevice-app-ip-2": 20,
          "KomakiLDA5NoDevice-app-ip-3": 27,
          "KomakiLDA5NoDevice-app-ip-4": 6,
          "KomakiLDA5NoDevice-app-os-0": 13,
          "KomakiLDA5NoDevice-app-os-1": 34,
          "KomakiLDA5NoDevice-app-os-2": 18,
          "KomakiLDA5NoDevice-app-os-3": 11,
          "KomakiLDA5NoDevice-app-os-4": 21,
          "KomakiLDA5NoDevice-app-channel-0": 24,
          "KomakiLDA5NoDevice-app-channel-1": 21,
          "KomakiLDA5NoDevice-app-channel-2": 33,
          "KomakiLDA5NoDevice-app-channel-3": 39,
          "KomakiLDA5NoDevice-app-channel-4": 9,
          "KomakiLDA5NoDevice-os-ip-0": 25,
          "KomakiLDA5NoDevice-os-ip-1": 8,
          "KomakiLDA5NoDevice-os-ip-2": 10,
          "KomakiLDA5NoDevice-os-ip-3": 16,
          "KomakiLDA5NoDevice-os-ip-4": 28,
          "KomakiLDA5NoDevice-os-app-0": 68,
          "KomakiLDA5NoDevice-os-app-1": 17,
          "KomakiLDA5NoDevice-os-app-2": 9,
          "KomakiLDA5NoDevice-os-app-3": 25,
          "KomakiLDA5NoDevice-os-app-4": 10,
          "KomakiLDA5NoDevice-os-channel-0": 14,
          "KomakiLDA5NoDevice-os-channel-1": 9,
          "KomakiLDA5NoDevice-os-channel-2": 33,
          "KomakiLDA5NoDevice-os-channel-3": 45,
          "KomakiLDA5NoDevice-os-channel-4": 10,
          "KomakiLDA5NoDevice-channel-ip-0": 17,
          "KomakiLDA5NoDevice-channel-ip-1": 20,
          "KomakiLDA5NoDevice-channel-ip-2": 17,
          "KomakiLDA5NoDevice-channel-ip-3": 24,
          "KomakiLDA5NoDevice-channel-ip-4": 16,
          "KomakiLDA5NoDevice-channel-app-0": 11,
          "KomakiLDA5NoDevice-channel-app-1": 14,
          "KomakiLDA5NoDevice-channel-app-2": 12,
          "KomakiLDA5NoDevice-channel-app-3": 13,
          "KomakiLDA5NoDevice-channel-app-4": 19,
          "KomakiLDA5NoDevice-channel-os-0": 11,
          "KomakiLDA5NoDevice-channel-os-1": 13,
          "KomakiLDA5NoDevice-channel-os-2": 16,
          "KomakiLDA5NoDevice-channel-os-3": 10,
          "KomakiLDA5NoDevice-channel-os-4": 9,
          "KomakiPCA5NoDevice-ip-app-0": 50,
          "KomakiPCA5NoDevice-ip-app-1": 46,
          "KomakiPCA5NoDevice-ip-app-2": 29,
          "KomakiPCA5NoDevice-ip-app-3": 21,
          "KomakiPCA5NoDevice-ip-app-4": 48,
          "KomakiPCA5NoDevice-ip-os-0": 70,
          "KomakiPCA5NoDevice-ip-os-1": 23,
          "KomakiPCA5NoDevice-ip-os-2": 45,
          "KomakiPCA5NoDevice-ip-os-3": 32,
          "KomakiPCA5NoDevice-ip-os-4": 20,
          "KomakiPCA5NoDevice-ip-channel-0": 93,
          "KomakiPCA5NoDevice-ip-channel-1": 60,
          "KomakiPCA5NoDevice-ip-channel-2": 53,
          "KomakiPCA5NoDevice-ip-channel-3": 40,
          "KomakiPCA5NoDevice-ip-channel-4": 39,
          "KomakiPCA5NoDevice-app-ip-0": 9,
          "KomakiPCA5NoDevice-app-ip-1": 6,
          "KomakiPCA5NoDevice-app-ip-2": 7,
          "KomakiPCA5NoDevice-app-ip-3": 21,
          "KomakiPCA5NoDevice-app-ip-4": 11,
          "KomakiPCA5NoDevice-app-os-0": 19,
          "KomakiPCA5NoDevice-app-os-1": 11,
          "KomakiPCA5NoDevice-app-os-2": 19,
          "KomakiPCA5NoDevice-app-os-3": 9,
          "KomakiPCA5NoDevice-app-os-4": 16,
          "KomakiPCA5NoDevice-app-channel-0": 15,
          "KomakiPCA5NoDevice-app-channel-1": 17,
          "KomakiPCA5NoDevice-app-channel-2": 10,
          "KomakiPCA5NoDevice-app-channel-3": 24,
          "KomakiPCA5NoDevice-app-channel-4": 14,
          "KomakiPCA5NoDevice-os-ip-0": 8,
          "KomakiPCA5NoDevice-os-ip-1": 9,
          "KomakiPCA5NoDevice-os-ip-2": 10,
          "KomakiPCA5NoDevice-os-ip-3": 12,
          "KomakiPCA5NoDevice-os-ip-4": 9,
          "KomakiPCA5NoDevice-os-app-0": 11,
          "KomakiPCA5NoDevice-os-app-1": 4,
          "KomakiPCA5NoDevice-os-app-2": 14,
          "KomakiPCA5NoDevice-os-app-3": 23,
          "KomakiPCA5NoDevice-os-app-4": 19,
          "KomakiPCA5NoDevice-os-channel-0": 7,
          "KomakiPCA5NoDevice-os-channel-1": 14,
          "KomakiPCA5NoDevice-os-channel-2": 11,
          "KomakiPCA5NoDevice-os-channel-3": 4,
          "KomakiPCA5NoDevice-os-channel-4": 7,
          "KomakiPCA5NoDevice-channel-ip-0": 12,
          "KomakiPCA5NoDevice-channel-ip-1": 13,
          "KomakiPCA5NoDevice-channel-ip-2": 23,
          "KomakiPCA5NoDevice-channel-ip-3": 9,
          "KomakiPCA5NoDevice-channel-ip-4": 13,
          "KomakiPCA5NoDevice-channel-app-0": 7,
          "KomakiPCA5NoDevice-channel-app-1": 9,
          "KomakiPCA5NoDevice-channel-app-2": 6,
          "KomakiPCA5NoDevice-channel-app-3": 13,
          "KomakiPCA5NoDevice-channel-app-4": 13,
          "KomakiPCA5NoDevice-channel-os-0": 16,
          "KomakiPCA5NoDevice-channel-os-1": 10,
          "KomakiPCA5NoDevice-channel-os-2": 6,
          "KomakiPCA5NoDevice-channel-os-3": 13,
          "KomakiPCA5NoDevice-channel-os-4": 9,
          "KomakiNMF5NoDevice-ip-app-0": 26,
          "KomakiNMF5NoDevice-ip-app-1": 102,
          "KomakiNMF5NoDevice-ip-app-2": 41,
          "KomakiNMF5NoDevice-ip-app-3": 29,
          "KomakiNMF5NoDevice-ip-app-4": 46,
          "KomakiNMF5NoDevice-ip-os-0": 69,
          "KomakiNMF5NoDevice-ip-os-1": 71,
          "KomakiNMF5NoDevice-ip-os-2": 32,
          "KomakiNMF5NoDevice-ip-os-3": 24,
          "KomakiNMF5NoDevice-ip-os-4": 19,
          "KomakiNMF5NoDevice-ip-channel-0": 29,
          "KomakiNMF5NoDevice-ip-channel-1": 88,
          "KomakiNMF5NoDevice-ip-channel-2": 22,
          "KomakiNMF5NoDevice-ip-channel-3": 43,
          "KomakiNMF5NoDevice-ip-channel-4": 29,
          "KomakiNMF5NoDevice-app-ip-0": 10,
          "KomakiNMF5NoDevice-app-ip-1": 12,
          "KomakiNMF5NoDevice-app-ip-2": 16,
          "KomakiNMF5NoDevice-app-ip-3": 22,
          "KomakiNMF5NoDevice-app-ip-4": 7,
          "KomakiNMF5NoDevice-app-os-0": 13,
          "KomakiNMF5NoDevice-app-os-1": 11,
          "KomakiNMF5NoDevice-app-os-2": 13,
          "KomakiNMF5NoDevice-app-os-3": 5,
          "KomakiNMF5NoDevice-app-os-4": 8,
          "KomakiNMF5NoDevice-app-channel-0": 4,
          "KomakiNMF5NoDevice-app-channel-1": 11,
          "KomakiNMF5NoDevice-app-channel-2": 10,
          "KomakiNMF5NoDevice-app-channel-3": 9,
          "KomakiNMF5NoDevice-app-channel-4": 5,
          "KomakiNMF5NoDevice-os-ip-0": 3,
          "KomakiNMF5NoDevice-os-ip-1": 5,
          "KomakiNMF5NoDevice-os-ip-2": 6,
          "KomakiNMF5NoDevice-os-ip-3": 2,
          "KomakiNMF5NoDevice-os-ip-4": 6,
          "KomakiNMF5NoDevice-os-app-0": 3,
          "KomakiNMF5NoDevice-os-app-1": 0,
          "KomakiNMF5NoDevice-os-app-2": 8,
          "KomakiNMF5NoDevice-os-app-3": 23,
          "KomakiNMF5NoDevice-os-app-4": 9,
          "KomakiNMF5NoDevice-os-channel-0": 17,
          "KomakiNMF5NoDevice-os-channel-1": 4,
          "KomakiNMF5NoDevice-os-channel-2": 13,
          "KomakiNMF5NoDevice-os-channel-3": 6,
          "KomakiNMF5NoDevice-os-channel-4": 5,
          "KomakiNMF5NoDevice-channel-ip-0": 13,
          "KomakiNMF5NoDevice-channel-ip-1": 14,
          "KomakiNMF5NoDevice-channel-ip-2": 14,
          "KomakiNMF5NoDevice-channel-ip-3": 16,
          "KomakiNMF5NoDevice-channel-ip-4": 13,
          "KomakiNMF5NoDevice-channel-app-0": 4,
          "KomakiNMF5NoDevice-channel-app-1": 1,
          "KomakiNMF5NoDevice-channel-app-2": 5,
          "KomakiNMF5NoDevice-channel-app-3": 3,
          "KomakiNMF5NoDevice-channel-app-4": 7,
          "KomakiNMF5NoDevice-channel-os-0": 11,
          "KomakiNMF5NoDevice-channel-os-1": 2,
          "KomakiNMF5NoDevice-channel-os-2": 12,
          "KomakiNMF5NoDevice-channel-os-3": 4,
          "KomakiNMF5NoDevice-channel-os-4": 6
        }
      },
      {
        "train_auc": 0.9902876803517328,
        "valid_auc": 0.9841675277120896,
        "best_iteration": 84,
        "train_time": 94.50656223297119,
        "feature_importance": {
          "ip": 522,
          "os": 182,
          "app": 294,
          "channel": 403,
          "hour": 315,
          "n_channels": 129,
          "ip_app_count": 143,
          "ip_app_os_count": 118,
          "FutureClickCount_600-ip": 61,
          "FutureClickCount_600-app": 31,
          "FutureClickCount_600-ip-app": 22,
          "FutureClickCount_600-dev": 33,
          "FutureClickCount_600-ip-dev": 51,
          "FutureClickCount_600-app-dev": 28,
          "FutureClickCount_600-ip-app-dev": 12,
          "FutureClickCount_600-os": 35,
          "FutureClickCount_600-ip-os": 41,
          "FutureClickCount_600-app-os": 25,
          "FutureClickCount_600-ip-app-os": 40,
          "FutureClickCount_600-dev-os": 128,
          "FutureClickCount_600-ip-dev-os": 23,
          "FutureClickCount_600-app-dev-os": 92,
          "FutureClickCount_600-ip-app-dev-os": 57,
          "FutureClickCount_600-cha": 33,
          "FutureClickCount_600-ip-cha": 15,
          "FutureClickCount_600-app-cha": 58,
          "FutureClickCount_600-ip-app-cha": 6,
          "FutureClickCount_600-dev-cha": 19,
          "FutureClickCount_600-ip-dev-cha": 8,
          "FutureClickCount_600-app-dev-cha": 30,
          "FutureClickCount_600-ip-app-dev-cha": 8,
          "FutureClickCount_600-os-cha": 18,
          "FutureClickCount_600-ip-os-cha": 13,
          "FutureClickCount_600-app-os-cha": 27,
          "FutureClickCount_600-ip-app-os-cha": 3,
          "FutureClickCount_600-dev-os-cha": 24,
          "FutureClickCount_600-ip-dev-os-cha": 11,
          "FutureClickCount_600-app-dev-os-cha": 21,
          "FutureClickCount_600-ip-app-dev-os-cha": 7,
          "FutureClickCount_4800-ip": 160,
          "FutureClickCount_4800-app": 26,
          "FutureClickCount_4800-ip-app": 28,
          "FutureClickCount_4800-dev": 3,
          "FutureClickCount_4800-ip-dev": 206,
          "FutureClickCount_4800-app-dev": 23,
          "FutureClickCount_4800-ip-app-dev": 15,
          "FutureClickCount_4800-os": 8,
          "FutureClickCount_4800-ip-os": 61,
          "FutureClickCount_4800-app-os": 44,
          "FutureClickCount_4800-ip-app-os": 34,
          "FutureClickCount_4800-dev-os": 45,
          "FutureClickCount_4800-ip-dev-os": 109,
          "FutureClickCount_4800-app-dev-os": 113,
          "FutureClickCount_4800-ip-app-dev-os": 71,
          "FutureClickCount_4800-cha": 38,
          "FutureClickCount_4800-ip-cha": 24,
          "FutureClickCount_4800-app-cha": 66,
          "FutureClickCount_4800-ip-app-cha": 13,
          "FutureClickCount_4800-dev-cha": 20,
          "FutureClickCount_4800-ip-dev-cha": 17,
          "FutureClickCount_4800-app-dev-cha": 42,
          "FutureClickCount_4800-ip-app-dev-cha": 7,
          "FutureClickCount_4800-os-cha": 26,
          "FutureClickCount_4800-ip-os-cha": 4,
          "FutureClickCount_4800-app-os-cha": 28,
          "FutureClickCount_4800-ip-app-os-cha": 5,
          "FutureClickCount_4800-dev-os-cha": 14,
          "FutureClickCount_4800-ip-dev-os-cha": 4,
          "FutureClickCount_4800-app-dev-os-cha": 44,
          "FutureClickCount_4800-ip-app-dev-os-cha": 6,
          "NextClickTimeDelta-ip": 70,
          "NextClickTimeDelta-app": 9,
          "NextClickTimeDelta-ip-app": 125,
          "NextClickTimeDelta-dev": 4,
          "NextClickTimeDelta-ip-dev": 54,
          "NextClickTimeDelta-app-dev": 5,
          "NextClickTimeDelta-ip-app-dev": 58,
          "NextClickTimeDelta-os": 4,
          "NextClickTimeDelta-ip-os": 82,
          "NextClickTimeDelta-app-os": 11,
          "NextClickTimeDelta-ip-app-os": 241,
          "NextClickTimeDelta-dev-os": 7,
          "NextClickTimeDelta-ip-dev-os": 43,
          "NextClickTimeDelta-app-dev-os": 15,
          "NextClickTimeDelta-ip-app-dev-os": 506,
          "NextClickTimeDelta-cha": 13,
          "NextClickTimeDelta-ip-cha": 35,
          "NextClickTimeDelta-app-cha": 11,
          "NextClickTimeDelta-ip-app-cha": 30,
          "NextClickTimeDelta-dev-cha": 6,
          "NextClickTimeDelta-ip-dev-cha": 27,
          "NextClickTimeDelta-app-dev-cha": 7,
          "NextClickTimeDelta-ip-app-dev-cha": 29,
          "NextClickTimeDelta-os-cha": 17,
          "NextClickTimeDelta-ip-os-cha": 46,
          "NextClickTimeDelta-app-os-cha": 18,
          "NextClickTimeDelta-ip-app-os-cha": 55,
          "NextClickTimeDelta-dev-os-cha": 15,
          "NextClickTimeDelta-ip-dev-os-cha": 40,
          "NextClickTimeDelta-app-dev-os-cha": 20,
          "NextClickTimeDelta-ip-app-dev-os-cha": 68,
          "PrevClickTimeDelta-ip": 60,
          "PrevClickTimeDelta-app": 1,
          "PrevClickTimeDelta-ip-app": 38,
          "PrevClickTimeDelta-dev": 2,
          "PrevClickTimeDelta-ip-dev": 41,
          "PrevClickTimeDelta-app-dev": 2,
          "PrevClickTimeDelta-ip-app-dev": 22,
          "PrevClickTimeDelta-os": 7,
          "PrevClickTimeDelta-ip-os": 50,
          "PrevClickTimeDelta-app-os": 8,
          "PrevClickTimeDelta-ip-app-os": 27,
          "PrevClickTimeDelta-dev-os": 3,
          "PrevClickTimeDelta-ip-dev-os": 34,
          "PrevClickTimeDelta-app-dev-os": 11,
          "PrevClickTimeDelta-ip-app-dev-os": 23,
          "PrevClickTimeDelta-cha": 2,
          "PrevClickTimeDelta-ip-cha": 23,
          "PrevClickTimeDelta-app-cha": 7,
          "PrevClickTimeDelta-ip-app-cha": 12,
          "PrevClickTimeDelta-dev-cha": 9,
          "PrevClickTimeDelta-ip-dev-cha": 19,
          "PrevClickTimeDelta-app-dev-cha": 12,
          "PrevClickTimeDelta-ip-app-dev-cha": 22,
          "PrevClickTimeDelta-os-cha": 16,
          "PrevClickTimeDelta-ip-os-cha": 10,
          "PrevClickTimeDelta-app-os-cha": 16,
          "PrevClickTimeDelta-ip-app-os-cha": 13,
          "PrevClickTimeDelta-dev-os-cha": 10,
          "PrevClickTimeDelta-ip-dev-os-cha": 10,
          "PrevClickTimeDelta-app-dev-os-cha": 13,
          "PrevClickTimeDelta-ip-app-dev-os-cha": 9,
          "AverageAttributedRatio-ip": 28,
          "AverageAttributedRatio-app": 28,
          "AverageAttributedRatio-ip-app": 22,
          "AverageAttributedRatio-dev": 29,
          "AverageAttributedRatio-ip-dev": 37,
          "AverageAttributedRatio-app-dev": 26,
          "AverageAttributedRatio-ip-app-dev": 53,
          "AverageAttributedRatio-os": 36,
          "AverageAttributedRatio-ip-os": 12,
          "AverageAttributedRatio-app-os": 24,
          "AverageAttributedRatio-ip-app-os": 5,
          "AverageAttributedRatio-dev-os": 28,
          "AverageAttributedRatio-ip-dev-os": 22,
          "AverageAttributedRatio-app-dev-os": 43,
          "AverageAttributedRatio-ip-app-dev-os": 6,
          "AverageAttributedRatio-cha": 21,
          "AverageAttributedRatio-ip-cha": 6,
          "AverageAttributedRatio-app-cha": 36,
          "AverageAttributedRatio-ip-app-cha": 6,
          "AverageAttributedRatio-dev-cha": 18,
          "AverageAttributedRatio-ip-dev-cha": 6,
          "AverageAttributedRatio-app-dev-cha": 27,
          "AverageAttributedRatio-ip-app-dev-cha": 7,
          "AverageAttributedRatio-os-cha": 19,
          "AverageAttributedRatio-ip-os-cha": 2,
          "AverageAttributedRatio-app-os-cha": 46,
          "AverageAttributedRatio-ip-app-os-cha": 2,
          "AverageAttributedRatio-dev-os-cha": 31,
          "AverageAttributedRatio-ip-dev-os-cha": 2,
          "AverageAttributedRatio-app-dev-os-cha": 47,
          "AverageAttributedRatio-ip-app-dev-os-cha": 3,
          "KomakiLDA5NoDevice-ip-app-0": 103,
          "KomakiLDA5NoDevice-ip-app-1": 66,
          "KomakiLDA5NoDevice-ip-app-2": 63,
          "KomakiLDA5NoDevice-ip-app-3": 63,
          "KomakiLDA5NoDevice-ip-app-4": 22,
          "KomakiLDA5NoDevice-ip-os-0": 46,
          "KomakiLDA5NoDevice-ip-os-1": 56,
          "KomakiLDA5NoDevice-ip-os-2": 31,
          "KomakiLDA5NoDevice-ip-os-3": 27,
          "KomakiLDA5NoDevice-ip-os-4": 36,
          "KomakiLDA5NoDevice-ip-channel-0": 60,
          "KomakiLDA5NoDevice-ip-channel-1": 71,
          "KomakiLDA5NoDevice-ip-channel-2": 70,
          "KomakiLDA5NoDevice-ip-channel-3": 61,
          "KomakiLDA5NoDevice-ip-channel-4": 70,
          "KomakiLDA5NoDevice-app-ip-0": 38,
          "KomakiLDA5NoDevice-app-ip-1": 19,
          "KomakiLDA5NoDevice-app-ip-2": 30,
          "KomakiLDA5NoDevice-app-ip-3": 36,
          "KomakiLDA5NoDevice-app-ip-4": 20,
          "KomakiLDA5NoDevice-app-os-0": 14,
          "KomakiLDA5NoDevice-app-os-1": 42,
          "KomakiLDA5NoDevice-app-os-2": 19,
          "KomakiLDA5NoDevice-app-os-3": 18,
          "KomakiLDA5NoDevice-app-os-4": 32,
          "KomakiLDA5NoDevice-app-channel-0": 26,
          "KomakiLDA5NoDevice-app-channel-1": 22,
          "KomakiLDA5NoDevice-app-channel-2": 50,
          "KomakiLDA5NoDevice-app-channel-3": 43,
          "KomakiLDA5NoDevice-app-channel-4": 14,
          "KomakiLDA5NoDevice-os-ip-0": 33,
          "KomakiLDA5NoDevice-os-ip-1": 18,
          "KomakiLDA5NoDevice-os-ip-2": 12,
          "KomakiLDA5NoDevice-os-ip-3": 11,
          "KomakiLDA5NoDevice-os-ip-4": 29,
          "KomakiLDA5NoDevice-os-app-0": 66,
          "KomakiLDA5NoDevice-os-app-1": 15,
          "KomakiLDA5NoDevice-os-app-2": 11,
          "KomakiLDA5NoDevice-os-app-3": 24,
          "KomakiLDA5NoDevice-os-app-4": 5,
          "KomakiLDA5NoDevice-os-channel-0": 30,
          "KomakiLDA5NoDevice-os-channel-1": 8,
          "KomakiLDA5NoDevice-os-channel-2": 41,
          "KomakiLDA5NoDevice-os-channel-3": 62,
          "KomakiLDA5NoDevice-os-channel-4": 15,
          "KomakiLDA5NoDevice-channel-ip-0": 17,
          "KomakiLDA5NoDevice-channel-ip-1": 18,
          "KomakiLDA5NoDevice-channel-ip-2": 16,
          "KomakiLDA5NoDevice-channel-ip-3": 17,
          "KomakiLDA5NoDevice-channel-ip-4": 11,
          "KomakiLDA5NoDevice-channel-app-0": 13,
          "KomakiLDA5NoDevice-channel-app-1": 3,
          "KomakiLDA5NoDevice-channel-app-2": 16,
          "KomakiLDA5NoDevice-channel-app-3": 23,
          "KomakiLDA5NoDevice-channel-app-4": 16,
          "KomakiLDA5NoDevice-channel-os-0": 13,
          "KomakiLDA5NoDevice-channel-os-1": 14,
          "KomakiLDA5NoDevice-channel-os-2": 20,
          "KomakiLDA5NoDevice-channel-os-3": 11,
          "KomakiLDA5NoDevice-channel-os-4": 13,
          "KomakiPCA5NoDevice-ip-app-0": 62,
          "KomakiPCA5NoDevice-ip-app-1": 36,
          "KomakiPCA5NoDevice-ip-app-2": 29,
          "KomakiPCA5NoDevice-ip-app-3": 23,
          "KomakiPCA5NoDevice-ip-app-4": 60,
          "KomakiPCA5NoDevice-ip-os-0": 67,
          "KomakiPCA5NoDevice-ip-os-1": 21,
          "KomakiPCA5NoDevice-ip-os-2": 45,
          "KomakiPCA5NoDevice-ip-os-3": 32,
          "KomakiPCA5NoDevice-ip-os-4": 31,
          "KomakiPCA5NoDevice-ip-channel-0": 90,
          "KomakiPCA5NoDevice-ip-channel-1": 53,
          "KomakiPCA5NoDevice-ip-channel-2": 62,
          "KomakiPCA5NoDevice-ip-channel-3": 37,
          "KomakiPCA5NoDevice-ip-channel-4": 39,
          "KomakiPCA5NoDevice-app-ip-0": 13,
          "KomakiPCA5NoDevice-app-ip-1": 11,
          "KomakiPCA5NoDevice-app-ip-2": 18,
          "KomakiPCA5NoDevice-app-ip-3": 12,
          "KomakiPCA5NoDevice-app-ip-4": 16,
          "KomakiPCA5NoDevice-app-os-0": 16,
          "KomakiPCA5NoDevice-app-os-1": 13,
          "KomakiPCA5NoDevice-app-os-2": 14,
          "KomakiPCA5NoDevice-app-os-3": 19,
          "KomakiPCA5NoDevice-app-os-4": 24,
          "KomakiPCA5NoDevice-app-channel-0": 17,
          "KomakiPCA5NoDevice-app-channel-1": 16,
          "KomakiPCA5NoDevice-app-channel-2": 15,
          "KomakiPCA5NoDevice-app-channel-3": 18,
          "KomakiPCA5NoDevice-app-channel-4": 22,
          "KomakiPCA5NoDevice-os-ip-0": 12,
          "KomakiPCA5NoDevice-os-ip-1": 9,
          "KomakiPCA5NoDevice-os-ip-2": 6,
          "KomakiPCA5NoDevice-os-ip-3": 9,
          "KomakiPCA5NoDevice-os-ip-4": 7,
          "KomakiPCA5NoDevice-os-app-0": 15,
          "KomakiPCA5NoDevice-os-app-1": 4,
          "KomakiPCA5NoDevice-os-app-2": 9,
          "KomakiPCA5NoDevice-os-app-3": 20,
          "KomakiPCA5NoDevice-os-app-4": 13,
          "KomakiPCA5NoDevice-os-channel-0": 8,
          "KomakiPCA5NoDevice-os-channel-1": 21,
          "KomakiPCA5NoDevice-os-channel-2": 13,
          "KomakiPCA5NoDevice-os-channel-3": 7,
          "KomakiPCA5NoDevice-os-channel-4": 8,
          "KomakiPCA5NoDevice-channel-ip-0": 25,
          "KomakiPCA5NoDevice-channel-ip-1": 18,
          "KomakiPCA5NoDevice-channel-ip-2": 22,
          "KomakiPCA5NoDevice-channel-ip-3": 13,
          "KomakiPCA5NoDevice-channel-ip-4": 15,
          "KomakiPCA5NoDevice-channel-app-0": 9,
          "KomakiPCA5NoDevice-channel-app-1": 13,
          "KomakiPCA5NoDevice-channel-app-2": 15,
          "KomakiPCA5NoDevice-channel-app-3": 10,
          "KomakiPCA5NoDevice-channel-app-4": 19,
          "KomakiPCA5NoDevice-channel-os-0": 11,
          "KomakiPCA5NoDevice-channel-os-1": 10,
          "KomakiPCA5NoDevice-channel-os-2": 8,
          "KomakiPCA5NoDevice-channel-os-3": 14,
          "KomakiPCA5NoDevice-channel-os-4": 11,
          "KomakiNMF5NoDevice-ip-app-0": 34,
          "KomakiNMF5NoDevice-ip-app-1": 100,
          "KomakiNMF5NoDevice-ip-app-2": 44,
          "KomakiNMF5NoDevice-ip-app-3": 30,
          "KomakiNMF5NoDevice-ip-app-4": 35,
          "KomakiNMF5NoDevice-ip-os-0": 59,
          "KomakiNMF5NoDevice-ip-os-1": 71,
          "KomakiNMF5NoDevice-ip-os-2": 41,
          "KomakiNMF5NoDevice-ip-os-3": 34,
          "KomakiNMF5NoDevice-ip-os-4": 29,
          "KomakiNMF5NoDevice-ip-channel-0": 39,
          "KomakiNMF5NoDevice-ip-channel-1": 106,
          "KomakiNMF5NoDevice-ip-channel-2": 32,
          "KomakiNMF5NoDevice-ip-channel-3": 61,
          "KomakiNMF5NoDevice-ip-channel-4": 31,
          "KomakiNMF5NoDevice-app-ip-0": 10,
          "KomakiNMF5NoDevice-app-ip-1": 17,
          "KomakiNMF5NoDevice-app-ip-2": 9,
          "KomakiNMF5NoDevice-app-ip-3": 10,
          "KomakiNMF5NoDevice-app-ip-4": 8,
          "KomakiNMF5NoDevice-app-os-0": 12,
          "KomakiNMF5NoDevice-app-os-1": 12,
          "KomakiNMF5NoDevice-app-os-2": 7,
          "KomakiNMF5NoDevice-app-os-3": 6,
          "KomakiNMF5NoDevice-app-os-4": 8,
          "KomakiNMF5NoDevice-app-channel-0": 5,
          "KomakiNMF5NoDevice-app-channel-1": 14,
          "KomakiNMF5NoDevice-app-channel-2": 9,
          "KomakiNMF5NoDevice-app-channel-3": 18,
          "KomakiNMF5NoDevice-app-channel-4": 8,
          "KomakiNMF5NoDevice-os-ip-0": 4,
          "KomakiNMF5NoDevice-os-ip-1": 6,
          "KomakiNMF5NoDevice-os-ip-2": 10,
          "KomakiNMF5NoDevice-os-ip-3": 10,
          "KomakiNMF5NoDevice-os-ip-4": 7,
          "KomakiNMF5NoDevice-os-app-0": 4,
          "KomakiNMF5NoDevice-os-app-1": 0,
          "KomakiNMF5NoDevice-os-app-2": 10,
          "KomakiNMF5NoDevice-os-app-3": 21,
          "KomakiNMF5NoDevice-os-app-4": 12,
          "KomakiNMF5NoDevice-os-channel-0": 22,
          "KomakiNMF5NoDevice-os-channel-1": 13,
          "KomakiNMF5NoDevice-os-channel-2": 15,
          "KomakiNMF5NoDevice-os-channel-3": 6,
          "KomakiNMF5NoDevice-os-channel-4": 7,
          "KomakiNMF5NoDevice-channel-ip-0": 22,
          "KomakiNMF5NoDevice-channel-ip-1": 12,
          "KomakiNMF5NoDevice-channel-ip-2": 13,
          "KomakiNMF5NoDevice-channel-ip-3": 19,
          "KomakiNMF5NoDevice-channel-ip-4": 17,
          "KomakiNMF5NoDevice-channel-app-0": 5,
          "KomakiNMF5NoDevice-channel-app-1": 4,
          "KomakiNMF5NoDevice-channel-app-2": 6,
          "KomakiNMF5NoDevice-channel-app-3": 6,
          "KomakiNMF5NoDevice-channel-app-4": 11,
          "KomakiNMF5NoDevice-channel-os-0": 11,
          "KomakiNMF5NoDevice-channel-os-1": 2,
          "KomakiNMF5NoDevice-channel-os-2": 9,
          "KomakiNMF5NoDevice-channel-os-3": 9,
          "KomakiNMF5NoDevice-channel-os-4": 16
        }
      },
      {
        "train_auc": 0.9900987396277936,
        "valid_auc": 0.9843466672362822,
        "best_iteration": 74,
        "train_time": 92.72487306594849,
        "feature_importance": {
          "ip": 459,
          "os": 172,
          "app": 278,
          "channel": 418,
          "hour": 346,
          "n_channels": 138,
          "ip_app_count": 105,
          "ip_app_os_count": 137,
          "FutureClickCount_600-ip": 51,
          "FutureClickCount_600-app": 41,
          "FutureClickCount_600-ip-app": 17,
          "FutureClickCount_600-dev": 30,
          "FutureClickCount_600-ip-dev": 61,
          "FutureClickCount_600-app-dev": 33,
          "FutureClickCount_600-ip-app-dev": 7,
          "FutureClickCount_600-os": 28,
          "FutureClickCount_600-ip-os": 31,
          "FutureClickCount_600-app-os": 21,
          "FutureClickCount_600-ip-app-os": 31,
          "FutureClickCount_600-dev-os": 144,
          "FutureClickCount_600-ip-dev-os": 37,
          "FutureClickCount_600-app-dev-os": 81,
          "FutureClickCount_600-ip-app-dev-os": 59,
          "FutureClickCount_600-cha": 22,
          "FutureClickCount_600-ip-cha": 12,
          "FutureClickCount_600-app-cha": 67,
          "FutureClickCount_600-ip-app-cha": 7,
          "FutureClickCount_600-dev-cha": 19,
          "FutureClickCount_600-ip-dev-cha": 2,
          "FutureClickCount_600-app-dev-cha": 35,
          "FutureClickCount_600-ip-app-dev-cha": 4,
          "FutureClickCount_600-os-cha": 15,
          "FutureClickCount_600-ip-os-cha": 5,
          "FutureClickCount_600-app-os-cha": 19,
          "FutureClickCount_600-ip-app-os-cha": 6,
          "FutureClickCount_600-dev-os-cha": 19,
          "FutureClickCount_600-ip-dev-os-cha": 9,
          "FutureClickCount_600-app-dev-os-cha": 21,
          "FutureClickCount_600-ip-app-dev-os-cha": 11,
          "FutureClickCount_4800-ip": 159,
          "FutureClickCount_4800-app": 31,
          "FutureClickCount_4800-ip-app": 41,
          "FutureClickCount_4800-dev": 4,
          "FutureClickCount_4800-ip-dev": 179,
          "FutureClickCount_4800-app-dev": 21,
          "FutureClickCount_4800-ip-app-dev": 14,
          "FutureClickCount_4800-os": 16,
          "FutureClickCount_4800-ip-os": 67,
          "FutureClickCount_4800-app-os": 38,
          "FutureClickCount_4800-ip-app-os": 25,
          "FutureClickCount_4800-dev-os": 40,
          "FutureClickCount_4800-ip-dev-os": 104,
          "FutureClickCount_4800-app-dev-os": 93,
          "FutureClickCount_4800-ip-app-dev-os": 62,
          "FutureClickCount_4800-cha": 30,
          "FutureClickCount_4800-ip-cha": 18,
          "FutureClickCount_4800-app-cha": 67,
          "FutureClickCount_4800-ip-app-cha": 13,
          "FutureClickCount_4800-dev-cha": 17,
          "FutureClickCount_4800-ip-dev-cha": 9,
          "FutureClickCount_4800-app-dev-cha": 27,
          "FutureClickCount_4800-ip-app-dev-cha": 5,
          "FutureClickCount_4800-os-cha": 18,
          "FutureClickCount_4800-ip-os-cha": 8,
          "FutureClickCount_4800-app-os-cha": 39,
          "FutureClickCount_4800-ip-app-os-cha": 6,
          "FutureClickCount_4800-dev-os-cha": 40,
          "FutureClickCount_4800-ip-dev-os-cha": 9,
          "FutureClickCount_4800-app-dev-os-cha": 26,
          "FutureClickCount_4800-ip-app-dev-os-cha": 1,
          "NextClickTimeDelta-ip": 67,
          "NextClickTimeDelta-app": 5,
          "NextClickTimeDelta-ip-app": 139,
          "NextClickTimeDelta-dev": 4,
          "NextClickTimeDelta-ip-dev": 50,
          "NextClickTimeDelta-app-dev": 4,
          "NextClickTimeDelta-ip-app-dev": 75,
          "NextClickTimeDelta-os": 8,
          "NextClickTimeDelta-ip-os": 72,
          "NextClickTimeDelta-app-os": 8,
          "NextClickTimeDelta-ip-app-os": 235,
          "NextClickTimeDelta-dev-os": 4,
          "NextClickTimeDelta-ip-dev-os": 64,
          "NextClickTimeDelta-app-dev-os": 13,
          "NextClickTimeDelta-ip-app-dev-os": 500,
          "NextClickTimeDelta-cha": 4,
          "NextClickTimeDelta-ip-cha": 32,
          "NextClickTimeDelta-app-cha": 12,
          "NextClickTimeDelta-ip-app-cha": 28,
          "NextClickTimeDelta-dev-cha": 9,
          "NextClickTimeDelta-ip-dev-cha": 39,
          "NextClickTimeDelta-app-dev-cha": 11,
          "NextClickTimeDelta-ip-app-dev-cha": 24,
          "NextClickTimeDelta-os-cha": 9,
          "NextClickTimeDelta-ip-os-cha": 44,
          "NextClickTimeDelta-app-os-cha": 22,
          "NextClickTimeDelta-ip-app-os-cha": 55,
          "NextClickTimeDelta-dev-os-cha": 10,
          "NextClickTimeDelta-ip-dev-os-cha": 39,
          "NextClickTimeDelta-app-dev-os-cha": 17,
          "NextClickTimeDelta-ip-app-dev-os-cha": 91,
          "PrevClickTimeDelta-ip": 51,
          "PrevClickTimeDelta-app": 2,
          "PrevClickTimeDelta-ip-app": 23,
          "PrevClickTimeDelta-dev": 4,
          "PrevClickTimeDelta-ip-dev": 36,
          "PrevClickTimeDelta-app-dev": 3,
          "PrevClickTimeDelta-ip-app-dev": 17,
          "PrevClickTimeDelta-os": 13,
          "PrevClickTimeDelta-ip-os": 35,
          "PrevClickTimeDelta-app-os": 12,
          "PrevClickTimeDelta-ip-app-os": 32,
          "PrevClickTimeDelta-dev-os": 0,
          "PrevClickTimeDelta-ip-dev-os": 37,
          "PrevClickTimeDelta-app-dev-os": 11,
          "PrevClickTimeDelta-ip-app-dev-os": 30,
          "PrevClickTimeDelta-cha": 6,
          "PrevClickTimeDelta-ip-cha": 15,
          "PrevClickTimeDelta-app-cha": 5,
          "PrevClickTimeDelta-ip-app-cha": 12,
          "PrevClickTimeDelta-dev-cha": 4,
          "PrevClickTimeDelta-ip-dev-cha": 21,
          "PrevClickTimeDelta-app-dev-cha": 7,
          "PrevClickTimeDelta-ip-app-dev-cha": 8,
          "PrevClickTimeDelta-os-cha": 18,
          "PrevClickTimeDelta-ip-os-cha": 16,
          "PrevClickTimeDelta-app-os-cha": 14,
          "PrevClickTimeDelta-ip-app-os-cha": 12,
          "PrevClickTimeDelta-dev-os-cha": 13,
          "PrevClickTimeDelta-ip-dev-os-cha": 12,
          "PrevClickTimeDelta-app-dev-os-cha": 9,
          "PrevClickTimeDelta-ip-app-dev-os-cha": 13,
          "AverageAttributedRatio-ip": 16,
          "AverageAttributedRatio-app": 26,
          "AverageAttributedRatio-ip-app": 26,
          "AverageAttributedRatio-dev": 32,
          "AverageAttributedRatio-ip-dev": 23,
          "AverageAttributedRatio-app-dev": 32,
          "AverageAttributedRatio-ip-app-dev": 49,
          "AverageAttributedRatio-os": 24,
          "AverageAttributedRatio-ip-os": 16,
          "AverageAttributedRatio-app-os": 17,
          "AverageAttributedRatio-ip-app-os": 5,
          "AverageAttributedRatio-dev-os": 13,
          "AverageAttributedRatio-ip-dev-os": 22,
          "AverageAttributedRatio-app-dev-os": 35,
          "AverageAttributedRatio-ip-app-dev-os": 7,
          "AverageAttributedRatio-cha": 28,
          "AverageAttributedRatio-ip-cha": 2,
          "AverageAttributedRatio-app-cha": 18,
          "AverageAttributedRatio-ip-app-cha": 7,
          "AverageAttributedRatio-dev-cha": 14,
          "AverageAttributedRatio-ip-dev-cha": 7,
          "AverageAttributedRatio-app-dev-cha": 21,
          "AverageAttributedRatio-ip-app-dev-cha": 4,
          "AverageAttributedRatio-os-cha": 21,
          "AverageAttributedRatio-ip-os-cha": 3,
          "AverageAttributedRatio-app-os-cha": 51,
          "AverageAttributedRatio-ip-app-os-cha": 3,
          "AverageAttributedRatio-dev-os-cha": 20,
          "AverageAttributedRatio-ip-dev-os-cha": 3,
          "AverageAttributedRatio-app-dev-os-cha": 49,
          "AverageAttributedRatio-ip-app-dev-os-cha": 0,
          "KomakiLDA5NoDevice-ip-app-0": 112,
          "KomakiLDA5NoDevice-ip-app-1": 94,
          "KomakiLDA5NoDevice-ip-app-2": 50,
          "KomakiLDA5NoDevice-ip-app-3": 60,
          "KomakiLDA5NoDevice-ip-app-4": 20,
          "KomakiLDA5NoDevice-ip-os-0": 43,
          "KomakiLDA5NoDevice-ip-os-1": 51,
          "KomakiLDA5NoDevice-ip-os-2": 22,
          "KomakiLDA5NoDevice-ip-os-3": 27,
          "KomakiLDA5NoDevice-ip-os-4": 24,
          "KomakiLDA5NoDevice-ip-channel-0": 45,
          "KomakiLDA5NoDevice-ip-channel-1": 63,
          "KomakiLDA5NoDevice-ip-channel-2": 89,
          "KomakiLDA5NoDevice-ip-channel-3": 61,
          "KomakiLDA5NoDevice-ip-channel-4": 83,
          "KomakiLDA5NoDevice-app-ip-0": 41,
          "KomakiLDA5NoDevice-app-ip-1": 29,
          "KomakiLDA5NoDevice-app-ip-2": 23,
          "KomakiLDA5NoDevice-app-ip-3": 44,
          "KomakiLDA5NoDevice-app-ip-4": 18,
          "KomakiLDA5NoDevice-app-os-0": 24,
          "KomakiLDA5NoDevice-app-os-1": 36,
          "KomakiLDA5NoDevice-app-os-2": 14,
          "KomakiLDA5NoDevice-app-os-3": 16,
          "KomakiLDA5NoDevice-app-os-4": 41,
          "KomakiLDA5NoDevice-app-channel-0": 23,
          "KomakiLDA5NoDevice-app-channel-1": 34,
          "KomakiLDA5NoDevice-app-channel-2": 36,
          "KomakiLDA5NoDevice-app-channel-3": 38,
          "KomakiLDA5NoDevice-app-channel-4": 7,
          "KomakiLDA5NoDevice-os-ip-0": 23,
          "KomakiLDA5NoDevice-os-ip-1": 17,
          "KomakiLDA5NoDevice-os-ip-2": 13,
          "KomakiLDA5NoDevice-os-ip-3": 14,
          "KomakiLDA5NoDevice-os-ip-4": 23,
          "KomakiLDA5NoDevice-os-app-0": 38,
          "KomakiLDA5NoDevice-os-app-1": 21,
          "KomakiLDA5NoDevice-os-app-2": 14,
          "KomakiLDA5NoDevice-os-app-3": 21,
          "KomakiLDA5NoDevice-os-app-4": 6,
          "KomakiLDA5NoDevice-os-channel-0": 30,
          "KomakiLDA5NoDevice-os-channel-1": 9,
          "KomakiLDA5NoDevice-os-channel-2": 36,
          "KomakiLDA5NoDevice-os-channel-3": 61,
          "KomakiLDA5NoDevice-os-channel-4": 9,
          "KomakiLDA5NoDevice-channel-ip-0": 15,
          "KomakiLDA5NoDevice-channel-ip-1": 24,
          "KomakiLDA5NoDevice-channel-ip-2": 16,
          "KomakiLDA5NoDevice-channel-ip-3": 14,
          "KomakiLDA5NoDevice-channel-ip-4": 18,
          "KomakiLDA5NoDevice-channel-app-0": 16,
          "KomakiLDA5NoDevice-channel-app-1": 9,
          "KomakiLDA5NoDevice-channel-app-2": 21,
          "KomakiLDA5NoDevice-channel-app-3": 20,
          "KomakiLDA5NoDevice-channel-app-4": 11,
          "KomakiLDA5NoDevice-channel-os-0": 12,
          "KomakiLDA5NoDevice-channel-os-1": 13,
          "KomakiLDA5NoDevice-channel-os-2": 18,
          "KomakiLDA5NoDevice-channel-os-3": 22,
          "KomakiLDA5NoDevice-channel-os-4": 19,
          "KomakiPCA5NoDevice-ip-app-0": 62,
          "KomakiPCA5NoDevice-ip-app-1": 39,
          "KomakiPCA5NoDevice-ip-app-2": 36,
          "KomakiPCA5NoDevice-ip-app-3": 24,
          "KomakiPCA5NoDevice-ip-app-4": 69,
          "KomakiPCA5NoDevice-ip-os-0": 83,
          "KomakiPCA5NoDevice-ip-os-1": 36,
          "KomakiPCA5NoDevice-ip-os-2": 41,
          "KomakiPCA5NoDevice-ip-os-3": 29,
          "KomakiPCA5NoDevice-ip-os-4": 34,
          "KomakiPCA5NoDevice-ip-channel-0": 97,
          "KomakiPCA5NoDevice-ip-channel-1": 49,
          "KomakiPCA5NoDevice-ip-channel-2": 48,
          "KomakiPCA5NoDevice-ip-channel-3": 43,
          "KomakiPCA5NoDevice-ip-channel-4": 51,
          "KomakiPCA5NoDevice-app-ip-0": 13,
          "KomakiPCA5NoDevice-app-ip-1": 7,
          "KomakiPCA5NoDevice-app-ip-2": 17,
          "KomakiPCA5NoDevice-app-ip-3": 17,
          "KomakiPCA5NoDevice-app-ip-4": 13,
          "KomakiPCA5NoDevice-app-os-0": 22,
          "KomakiPCA5NoDevice-app-os-1": 14,
          "KomakiPCA5NoDevice-app-os-2": 15,
          "KomakiPCA5NoDevice-app-os-3": 21,
          "KomakiPCA5NoDevice-app-os-4": 23,
          "KomakiPCA5NoDevice-app-channel-0": 15,
          "KomakiPCA5NoDevice-app-channel-1": 13,
          "KomakiPCA5NoDevice-app-channel-2": 10,
          "KomakiPCA5NoDevice-app-channel-3": 18,
          "KomakiPCA5NoDevice-app-channel-4": 27,
          "KomakiPCA5NoDevice-os-ip-0": 6,
          "KomakiPCA5NoDevice-os-ip-1": 10,
          "KomakiPCA5NoDevice-os-ip-2": 6,
          "KomakiPCA5NoDevice-os-ip-3": 12,
          "KomakiPCA5NoDevice-os-ip-4": 9,
          "KomakiPCA5NoDevice-os-app-0": 20,
          "KomakiPCA5NoDevice-os-app-1": 8,
          "KomakiPCA5NoDevice-os-app-2": 10,
          "KomakiPCA5NoDevice-os-app-3": 18,
          "KomakiPCA5NoDevice-os-app-4": 8,
          "KomakiPCA5NoDevice-os-channel-0": 15,
          "KomakiPCA5NoDevice-os-channel-1": 14,
          "KomakiPCA5NoDevice-os-channel-2": 12,
          "KomakiPCA5NoDevice-os-channel-3": 4,
          "KomakiPCA5NoDevice-os-channel-4": 14,
          "KomakiPCA5NoDevice-channel-ip-0": 12,
          "KomakiPCA5NoDevice-channel-ip-1": 9,
          "KomakiPCA5NoDevice-channel-ip-2": 20,
          "KomakiPCA5NoDevice-channel-ip-3": 18,
          "KomakiPCA5NoDevice-channel-ip-4": 12,
          "KomakiPCA5NoDevice-channel-app-0": 11,
          "KomakiPCA5NoDevice-channel-app-1": 15,
          "KomakiPCA5NoDevice-channel-app-2": 8,
          "KomakiPCA5NoDevice-channel-app-3": 12,
          "KomakiPCA5NoDevice-channel-app-4": 11,
          "KomakiPCA5NoDevice-channel-os-0": 14,
          "KomakiPCA5NoDevice-channel-os-1": 15,
          "KomakiPCA5NoDevice-channel-os-2": 9,
          "KomakiPCA5NoDevice-channel-os-3": 16,
          "KomakiPCA5NoDevice-channel-os-4": 14,
          "KomakiNMF5NoDevice-ip-app-0": 29,
          "KomakiNMF5NoDevice-ip-app-1": 118,
          "KomakiNMF5NoDevice-ip-app-2": 43,
          "KomakiNMF5NoDevice-ip-app-3": 28,
          "KomakiNMF5NoDevice-ip-app-4": 36,
          "KomakiNMF5NoDevice-ip-os-0": 78,
          "KomakiNMF5NoDevice-ip-os-1": 64,
          "KomakiNMF5NoDevice-ip-os-2": 46,
          "KomakiNMF5NoDevice-ip-os-3": 40,
          "KomakiNMF5NoDevice-ip-os-4": 25,
          "KomakiNMF5NoDevice-ip-channel-0": 43,
          "KomakiNMF5NoDevice-ip-channel-1": 109,
          "KomakiNMF5NoDevice-ip-channel-2": 27,
          "KomakiNMF5NoDevice-ip-channel-3": 53,
          "KomakiNMF5NoDevice-ip-channel-4": 26,
          "KomakiNMF5NoDevice-app-ip-0": 9,
          "KomakiNMF5NoDevice-app-ip-1": 21,
          "KomakiNMF5NoDevice-app-ip-2": 11,
          "KomakiNMF5NoDevice-app-ip-3": 12,
          "KomakiNMF5NoDevice-app-ip-4": 5,
          "KomakiNMF5NoDevice-app-os-0": 7,
          "KomakiNMF5NoDevice-app-os-1": 15,
          "KomakiNMF5NoDevice-app-os-2": 4,
          "KomakiNMF5NoDevice-app-os-3": 4,
          "KomakiNMF5NoDevice-app-os-4": 7,
          "KomakiNMF5NoDevice-app-channel-0": 11,
          "KomakiNMF5NoDevice-app-channel-1": 19,
          "KomakiNMF5NoDevice-app-channel-2": 18,
          "KomakiNMF5NoDevice-app-channel-3": 9,
          "KomakiNMF5NoDevice-app-channel-4": 12,
          "KomakiNMF5NoDevice-os-ip-0": 11,
          "KomakiNMF5NoDevice-os-ip-1": 3,
          "KomakiNMF5NoDevice-os-ip-2": 7,
          "KomakiNMF5NoDevice-os-ip-3": 12,
          "KomakiNMF5NoDevice-os-ip-4": 3,
          "KomakiNMF5NoDevice-os-app-0": 4,
          "KomakiNMF5NoDevice-os-app-1": 0,
          "KomakiNMF5NoDevice-os-app-2": 6,
          "KomakiNMF5NoDevice-os-app-3": 24,
          "KomakiNMF5NoDevice-os-app-4": 12,
          "KomakiNMF5NoDevice-os-channel-0": 15,
          "KomakiNMF5NoDevice-os-channel-1": 7,
          "KomakiNMF5NoDevice-os-channel-2": 12,
          "KomakiNMF5NoDevice-os-channel-3": 15,
          "KomakiNMF5NoDevice-os-channel-4": 9,
          "KomakiNMF5NoDevice-channel-ip-0": 13,
          "KomakiNMF5NoDevice-channel-ip-1": 7,
          "KomakiNMF5NoDevice-channel-ip-2": 10,
          "KomakiNMF5NoDevice-channel-ip-3": 19,
          "KomakiNMF5NoDevice-channel-ip-4": 9,
          "KomakiNMF5NoDevice-channel-app-0": 10,
          "KomakiNMF5NoDevice-channel-app-1": 0,
          "KomakiNMF5NoDevice-channel-app-2": 4,
          "KomakiNMF5NoDevice-channel-app-3": 4,
          "KomakiNMF5NoDevice-channel-app-4": 6,
          "KomakiNMF5NoDevice-channel-os-0": 8,
          "KomakiNMF5NoDevice-channel-os-1": 2,
          "KomakiNMF5NoDevice-channel-os-2": 21,
          "KomakiNMF5NoDevice-channel-os-3": 5,
          "KomakiNMF5NoDevice-channel-os-4": 18
        }
      }
    ],
    "average_train_auc": 0.9900898684847863,
    "average_valid_auc": 0.9842612322834412,
    "train_auc_std": 0.0004330517820411215,
    "valid_auc_std": 9.939092511762904e-05,
    "average_train_time": 92.14574508666992
  },
  "config": {
    "features": [
      "ip",
      "os",
      "app",
      "channel",
      "hour",
      "count",
      "future_click_count_10",
      "future_click_count_80",
      "next_click_time_delta",
      "prev_click_time_delta",
      "average_attributed_ratio",
      "komaki_lda_5_no_device",
      "komaki_pca_5_no_device",
      "komaki_nmf_5_no_device"
    ],
    "model": {
      "name": "lightgbm",
      "model_params": {
        "boosting_type": "gbdt",
        "objective": "binary",
        "metric": "auc",
        "learning_rate": 0.1,
        "num_leaves": 255,
        "max_depth": 8,
        "min_child_samples": 100,
        "max_bin": 100,
        "subsample": 0.7,
        "subsample_freq": 1,
        "colsample_bytree": 0.7,
        "min_child_weight": 0,
        "subsample_for_bin": 200000,
        "min_split_gain": 0,
        "reg_alpha": 0,
        "reg_lambda": 0,
        "verbose": 0
      },
      "train_params": {
        "num_boost_round": 350,
        "early_stopping_rounds": 30
      }
    },
    "dataset": {
      "input_directory": "data/input/",
      "cache_directory": "data/working/",
      "validation_ratio": 0.33333333333,
      "full_data_train": true,
      "files": {
        "train": "train.feather",
        "test": "old_test.feather"
      },
      "negative_down_sampling": {
        "enabled": true,
        "bagging_size": 5,
        "random_state": 114514
      }
    }
  }
}