{
  "training": {
    "trials": [
      {
        "train_auc": 0.9944009382669039,
        "valid_auc": 0.9847026608790743,
        "best_iteration": 638,
        "train_time": 488.9986319541931,
        "feature_importance": {
          "app": 3426,
          "hour": 3558,
          "n_channels": 999,
          "ip_app_count": 1044,
          "ip_app_os_count": 1175,
          "FutureClickCount_600-ip": 622,
          "FutureClickCount_600-app": 523,
          "FutureClickCount_600-ip-app": 227,
          "FutureClickCount_600-dev": 313,
          "FutureClickCount_600-ip-dev": 581,
          "FutureClickCount_600-app-dev": 443,
          "FutureClickCount_600-ip-app-dev": 176,
          "FutureClickCount_600-os": 341,
          "FutureClickCount_600-ip-os": 417,
          "FutureClickCount_600-app-os": 470,
          "FutureClickCount_600-ip-app-os": 238,
          "FutureClickCount_600-dev-os": 685,
          "FutureClickCount_600-ip-dev-os": 415,
          "FutureClickCount_600-app-dev-os": 565,
          "FutureClickCount_600-ip-app-dev-os": 389,
          "FutureClickCount_600-cha": 539,
          "FutureClickCount_600-ip-cha": 155,
          "FutureClickCount_600-app-cha": 661,
          "FutureClickCount_600-ip-app-cha": 97,
          "FutureClickCount_600-dev-cha": 401,
          "FutureClickCount_600-ip-dev-cha": 125,
          "FutureClickCount_600-app-dev-cha": 415,
          "FutureClickCount_600-ip-app-dev-cha": 93,
          "FutureClickCount_600-os-cha": 352,
          "FutureClickCount_600-ip-os-cha": 99,
          "FutureClickCount_600-app-os-cha": 364,
          "FutureClickCount_600-ip-app-os-cha": 97,
          "FutureClickCount_600-dev-os-cha": 332,
          "FutureClickCount_600-ip-dev-os-cha": 89,
          "FutureClickCount_600-app-dev-os-cha": 335,
          "FutureClickCount_600-ip-app-dev-os-cha": 96,
          "FutureClickCount_4800-ip": 858,
          "FutureClickCount_4800-app": 341,
          "FutureClickCount_4800-ip-app": 351,
          "FutureClickCount_4800-dev": 91,
          "FutureClickCount_4800-ip-dev": 1078,
          "FutureClickCount_4800-app-dev": 227,
          "FutureClickCount_4800-ip-app-dev": 262,
          "FutureClickCount_4800-os": 181,
          "FutureClickCount_4800-ip-os": 574,
          "FutureClickCount_4800-app-os": 376,
          "FutureClickCount_4800-ip-app-os": 339,
          "FutureClickCount_4800-dev-os": 235,
          "FutureClickCount_4800-ip-dev-os": 786,
          "FutureClickCount_4800-app-dev-os": 523,
          "FutureClickCount_4800-ip-app-dev-os": 399,
          "FutureClickCount_4800-cha": 336,
          "FutureClickCount_4800-ip-cha": 237,
          "FutureClickCount_4800-app-cha": 593,
          "FutureClickCount_4800-ip-app-cha": 201,
          "FutureClickCount_4800-dev-cha": 280,
          "FutureClickCount_4800-ip-dev-cha": 208,
          "FutureClickCount_4800-app-dev-cha": 349,
          "FutureClickCount_4800-ip-app-dev-cha": 137,
          "FutureClickCount_4800-os-cha": 349,
          "FutureClickCount_4800-ip-os-cha": 132,
          "FutureClickCount_4800-app-os-cha": 350,
          "FutureClickCount_4800-ip-app-os-cha": 118,
          "FutureClickCount_4800-dev-os-cha": 317,
          "FutureClickCount_4800-ip-dev-os-cha": 92,
          "FutureClickCount_4800-app-dev-os-cha": 365,
          "FutureClickCount_4800-ip-app-dev-os-cha": 120,
          "NextClickTimeDelta-ip": 783,
          "NextClickTimeDelta-app": 140,
          "NextClickTimeDelta-ip-app": 965,
          "NextClickTimeDelta-dev": 86,
          "NextClickTimeDelta-ip-dev": 524,
          "NextClickTimeDelta-app-dev": 112,
          "NextClickTimeDelta-ip-app-dev": 624,
          "NextClickTimeDelta-os": 117,
          "NextClickTimeDelta-ip-os": 591,
          "NextClickTimeDelta-app-os": 237,
          "NextClickTimeDelta-ip-app-os": 1516,
          "NextClickTimeDelta-dev-os": 111,
          "NextClickTimeDelta-ip-dev-os": 451,
          "NextClickTimeDelta-app-dev-os": 180,
          "NextClickTimeDelta-ip-app-dev-os": 2443,
          "NextClickTimeDelta-cha": 132,
          "NextClickTimeDelta-ip-cha": 575,
          "NextClickTimeDelta-app-cha": 235,
          "NextClickTimeDelta-ip-app-cha": 492,
          "NextClickTimeDelta-dev-cha": 146,
          "NextClickTimeDelta-ip-dev-cha": 404,
          "NextClickTimeDelta-app-dev-cha": 154,
          "NextClickTimeDelta-ip-app-dev-cha": 351,
          "NextClickTimeDelta-os-cha": 259,
          "NextClickTimeDelta-ip-os-cha": 355,
          "NextClickTimeDelta-app-os-cha": 284,
          "NextClickTimeDelta-ip-app-os-cha": 496,
          "NextClickTimeDelta-dev-os-cha": 243,
          "NextClickTimeDelta-ip-dev-os-cha": 327,
          "NextClickTimeDelta-app-dev-os-cha": 245,
          "NextClickTimeDelta-ip-app-dev-os-cha": 579,
          "PrevClickTimeDelta-ip": 675,
          "PrevClickTimeDelta-app": 132,
          "PrevClickTimeDelta-ip-app": 468,
          "PrevClickTimeDelta-dev": 65,
          "PrevClickTimeDelta-ip-dev": 411,
          "PrevClickTimeDelta-app-dev": 85,
          "PrevClickTimeDelta-ip-app-dev": 344,
          "PrevClickTimeDelta-os": 107,
          "PrevClickTimeDelta-ip-os": 508,
          "PrevClickTimeDelta-app-os": 192,
          "PrevClickTimeDelta-ip-app-os": 410,
          "PrevClickTimeDelta-dev-os": 108,
          "PrevClickTimeDelta-ip-dev-os": 346,
          "PrevClickTimeDelta-app-dev-os": 163,
          "PrevClickTimeDelta-ip-app-dev-os": 341,
          "PrevClickTimeDelta-cha": 129,
          "PrevClickTimeDelta-ip-cha": 457,
          "PrevClickTimeDelta-app-cha": 194,
          "PrevClickTimeDelta-ip-app-cha": 311,
          "PrevClickTimeDelta-dev-cha": 143,
          "PrevClickTimeDelta-ip-dev-cha": 304,
          "PrevClickTimeDelta-app-dev-cha": 138,
          "PrevClickTimeDelta-ip-app-dev-cha": 260,
          "PrevClickTimeDelta-os-cha": 262,
          "PrevClickTimeDelta-ip-os-cha": 314,
          "PrevClickTimeDelta-app-os-cha": 286,
          "PrevClickTimeDelta-ip-app-os-cha": 264,
          "PrevClickTimeDelta-dev-os-cha": 226,
          "PrevClickTimeDelta-ip-dev-os-cha": 198,
          "PrevClickTimeDelta-app-dev-os-cha": 245,
          "PrevClickTimeDelta-ip-app-dev-os-cha": 160,
          "AverageAttributedRatio-ip": 469,
          "AverageAttributedRatio-app": 461,
          "AverageAttributedRatio-ip-app": 354,
          "AverageAttributedRatio-dev": 680,
          "AverageAttributedRatio-ip-dev": 454,
          "AverageAttributedRatio-app-dev": 320,
          "AverageAttributedRatio-ip-app-dev": 486,
          "AverageAttributedRatio-os": 455,
          "AverageAttributedRatio-ip-os": 296,
          "AverageAttributedRatio-app-os": 407,
          "AverageAttributedRatio-ip-app-os": 135,
          "AverageAttributedRatio-dev-os": 380,
          "AverageAttributedRatio-ip-dev-os": 334,
          "AverageAttributedRatio-app-dev-os": 389,
          "AverageAttributedRatio-ip-app-dev-os": 115,
          "AverageAttributedRatio-cha": 414,
          "AverageAttributedRatio-ip-cha": 170,
          "AverageAttributedRatio-app-cha": 349,
          "AverageAttributedRatio-ip-app-cha": 136,
          "AverageAttributedRatio-dev-cha": 266,
          "AverageAttributedRatio-ip-dev-cha": 135,
          "AverageAttributedRatio-app-dev-cha": 331,
          "AverageAttributedRatio-ip-app-dev-cha": 125,
          "AverageAttributedRatio-os-cha": 339,
          "AverageAttributedRatio-ip-os-cha": 109,
          "AverageAttributedRatio-app-os-cha": 478,
          "AverageAttributedRatio-ip-app-os-cha": 76,
          "AverageAttributedRatio-dev-os-cha": 321,
          "AverageAttributedRatio-ip-dev-os-cha": 86,
          "AverageAttributedRatio-app-dev-os-cha": 403,
          "AverageAttributedRatio-ip-app-dev-os-cha": 67,
          "KomakiLDA5NoDevice-ip-app-0": 1058,
          "KomakiLDA5NoDevice-ip-app-1": 1033,
          "KomakiLDA5NoDevice-ip-app-2": 1158,
          "KomakiLDA5NoDevice-ip-app-3": 670,
          "KomakiLDA5NoDevice-ip-app-4": 602,
          "KomakiLDA5NoDevice-ip-os-0": 1021,
          "KomakiLDA5NoDevice-ip-os-1": 1049,
          "KomakiLDA5NoDevice-ip-os-2": 646,
          "KomakiLDA5NoDevice-ip-os-3": 758,
          "KomakiLDA5NoDevice-ip-os-4": 1037,
          "KomakiLDA5NoDevice-ip-channel-0": 1027,
          "KomakiLDA5NoDevice-ip-channel-1": 860,
          "KomakiLDA5NoDevice-ip-channel-2": 1052,
          "KomakiLDA5NoDevice-ip-channel-3": 1147,
          "KomakiLDA5NoDevice-ip-channel-4": 1175,
          "KomakiLDA5NoDevice-app-ip-0": 269,
          "KomakiLDA5NoDevice-app-ip-1": 229,
          "KomakiLDA5NoDevice-app-ip-2": 201,
          "KomakiLDA5NoDevice-app-ip-3": 225,
          "KomakiLDA5NoDevice-app-ip-4": 158,
          "KomakiLDA5NoDevice-app-os-0": 137,
          "KomakiLDA5NoDevice-app-os-1": 218,
          "KomakiLDA5NoDevice-app-os-2": 156,
          "KomakiLDA5NoDevice-app-os-3": 133,
          "KomakiLDA5NoDevice-app-os-4": 162,
          "KomakiLDA5NoDevice-app-channel-0": 144,
          "KomakiLDA5NoDevice-app-channel-1": 176,
          "KomakiLDA5NoDevice-app-channel-2": 223,
          "KomakiLDA5NoDevice-app-channel-3": 204,
          "KomakiLDA5NoDevice-app-channel-4": 118,
          "KomakiLDA5NoDevice-os-ip-0": 324,
          "KomakiLDA5NoDevice-os-ip-1": 224,
          "KomakiLDA5NoDevice-os-ip-2": 185,
          "KomakiLDA5NoDevice-os-ip-3": 178,
          "KomakiLDA5NoDevice-os-ip-4": 223,
          "KomakiLDA5NoDevice-os-app-0": 303,
          "KomakiLDA5NoDevice-os-app-1": 337,
          "KomakiLDA5NoDevice-os-app-2": 108,
          "KomakiLDA5NoDevice-os-app-3": 233,
          "KomakiLDA5NoDevice-os-app-4": 106,
          "KomakiLDA5NoDevice-os-channel-0": 282,
          "KomakiLDA5NoDevice-os-channel-1": 158,
          "KomakiLDA5NoDevice-os-channel-2": 258,
          "KomakiLDA5NoDevice-os-channel-3": 269,
          "KomakiLDA5NoDevice-os-channel-4": 151,
          "KomakiLDA5NoDevice-channel-ip-0": 295,
          "KomakiLDA5NoDevice-channel-ip-1": 303,
          "KomakiLDA5NoDevice-channel-ip-2": 233,
          "KomakiLDA5NoDevice-channel-ip-3": 352,
          "KomakiLDA5NoDevice-channel-ip-4": 233,
          "KomakiLDA5NoDevice-channel-app-0": 269,
          "KomakiLDA5NoDevice-channel-app-1": 256,
          "KomakiLDA5NoDevice-channel-app-2": 303,
          "KomakiLDA5NoDevice-channel-app-3": 202,
          "KomakiLDA5NoDevice-channel-app-4": 190,
          "KomakiLDA5NoDevice-channel-os-0": 259,
          "KomakiLDA5NoDevice-channel-os-1": 286,
          "KomakiLDA5NoDevice-channel-os-2": 319,
          "KomakiLDA5NoDevice-channel-os-3": 250,
          "KomakiLDA5NoDevice-channel-os-4": 282,
          "KomakiNMF5NoDevice-ip-app-0": 611,
          "KomakiNMF5NoDevice-ip-app-1": 965,
          "KomakiNMF5NoDevice-ip-app-2": 752,
          "KomakiNMF5NoDevice-ip-app-3": 541,
          "KomakiNMF5NoDevice-ip-app-4": 680,
          "KomakiNMF5NoDevice-ip-os-0": 899,
          "KomakiNMF5NoDevice-ip-os-1": 819,
          "KomakiNMF5NoDevice-ip-os-2": 727,
          "KomakiNMF5NoDevice-ip-os-3": 769,
          "KomakiNMF5NoDevice-ip-os-4": 697,
          "KomakiNMF5NoDevice-ip-channel-0": 744,
          "KomakiNMF5NoDevice-ip-channel-1": 1194,
          "KomakiNMF5NoDevice-ip-channel-2": 619,
          "KomakiNMF5NoDevice-ip-channel-3": 873,
          "KomakiNMF5NoDevice-ip-channel-4": 814,
          "KomakiNMF5NoDevice-app-ip-0": 143,
          "KomakiNMF5NoDevice-app-ip-1": 144,
          "KomakiNMF5NoDevice-app-ip-2": 131,
          "KomakiNMF5NoDevice-app-ip-3": 123,
          "KomakiNMF5NoDevice-app-ip-4": 75,
          "KomakiNMF5NoDevice-app-os-0": 68,
          "KomakiNMF5NoDevice-app-os-1": 113,
          "KomakiNMF5NoDevice-app-os-2": 67,
          "KomakiNMF5NoDevice-app-os-3": 23,
          "KomakiNMF5NoDevice-app-os-4": 55,
          "KomakiNMF5NoDevice-app-channel-0": 100,
          "KomakiNMF5NoDevice-app-channel-1": 97,
          "KomakiNMF5NoDevice-app-channel-2": 119,
          "KomakiNMF5NoDevice-app-channel-3": 108,
          "KomakiNMF5NoDevice-app-channel-4": 101,
          "KomakiNMF5NoDevice-os-ip-0": 145,
          "KomakiNMF5NoDevice-os-ip-1": 140,
          "KomakiNMF5NoDevice-os-ip-2": 118,
          "KomakiNMF5NoDevice-os-ip-3": 157,
          "KomakiNMF5NoDevice-os-ip-4": 127,
          "KomakiNMF5NoDevice-os-app-0": 72,
          "KomakiNMF5NoDevice-os-app-1": 26,
          "KomakiNMF5NoDevice-os-app-2": 110,
          "KomakiNMF5NoDevice-os-app-3": 221,
          "KomakiNMF5NoDevice-os-app-4": 120,
          "KomakiNMF5NoDevice-os-channel-0": 265,
          "KomakiNMF5NoDevice-os-channel-1": 121,
          "KomakiNMF5NoDevice-os-channel-2": 265,
          "KomakiNMF5NoDevice-os-channel-3": 197,
          "KomakiNMF5NoDevice-os-channel-4": 144,
          "KomakiNMF5NoDevice-channel-ip-0": 307,
          "KomakiNMF5NoDevice-channel-ip-1": 194,
          "KomakiNMF5NoDevice-channel-ip-2": 187,
          "KomakiNMF5NoDevice-channel-ip-3": 268,
          "KomakiNMF5NoDevice-channel-ip-4": 237,
          "KomakiNMF5NoDevice-channel-app-0": 138,
          "KomakiNMF5NoDevice-channel-app-1": 81,
          "KomakiNMF5NoDevice-channel-app-2": 145,
          "KomakiNMF5NoDevice-channel-app-3": 114,
          "KomakiNMF5NoDevice-channel-app-4": 163,
          "KomakiNMF5NoDevice-channel-os-0": 241,
          "KomakiNMF5NoDevice-channel-os-1": 86,
          "KomakiNMF5NoDevice-channel-os-2": 211,
          "KomakiNMF5NoDevice-channel-os-3": 109,
          "KomakiNMF5NoDevice-channel-os-4": 254,
          "KomakiPCA5NoDevice-ip-app-0": 936,
          "KomakiPCA5NoDevice-ip-app-1": 745,
          "KomakiPCA5NoDevice-ip-app-2": 799,
          "KomakiPCA5NoDevice-ip-app-3": 564,
          "KomakiPCA5NoDevice-ip-app-4": 931,
          "KomakiPCA5NoDevice-ip-os-0": 1126,
          "KomakiPCA5NoDevice-ip-os-1": 711,
          "KomakiPCA5NoDevice-ip-os-2": 752,
          "KomakiPCA5NoDevice-ip-os-3": 632,
          "KomakiPCA5NoDevice-ip-os-4": 864,
          "KomakiPCA5NoDevice-ip-channel-0": 1160,
          "KomakiPCA5NoDevice-ip-channel-1": 763,
          "KomakiPCA5NoDevice-ip-channel-2": 796,
          "KomakiPCA5NoDevice-ip-channel-3": 733,
          "KomakiPCA5NoDevice-ip-channel-4": 812,
          "KomakiPCA5NoDevice-app-ip-0": 102,
          "KomakiPCA5NoDevice-app-ip-1": 98,
          "KomakiPCA5NoDevice-app-ip-2": 106,
          "KomakiPCA5NoDevice-app-ip-3": 130,
          "KomakiPCA5NoDevice-app-ip-4": 101,
          "KomakiPCA5NoDevice-app-os-0": 145,
          "KomakiPCA5NoDevice-app-os-1": 72,
          "KomakiPCA5NoDevice-app-os-2": 113,
          "KomakiPCA5NoDevice-app-os-3": 126,
          "KomakiPCA5NoDevice-app-os-4": 112,
          "KomakiPCA5NoDevice-app-channel-0": 120,
          "KomakiPCA5NoDevice-app-channel-1": 157,
          "KomakiPCA5NoDevice-app-channel-2": 102,
          "KomakiPCA5NoDevice-app-channel-3": 104,
          "KomakiPCA5NoDevice-app-channel-4": 128,
          "KomakiPCA5NoDevice-os-ip-0": 79,
          "KomakiPCA5NoDevice-os-ip-1": 113,
          "KomakiPCA5NoDevice-os-ip-2": 164,
          "KomakiPCA5NoDevice-os-ip-3": 187,
          "KomakiPCA5NoDevice-os-ip-4": 140,
          "KomakiPCA5NoDevice-os-app-0": 127,
          "KomakiPCA5NoDevice-os-app-1": 146,
          "KomakiPCA5NoDevice-os-app-2": 108,
          "KomakiPCA5NoDevice-os-app-3": 189,
          "KomakiPCA5NoDevice-os-app-4": 199,
          "KomakiPCA5NoDevice-os-channel-0": 149,
          "KomakiPCA5NoDevice-os-channel-1": 218,
          "KomakiPCA5NoDevice-os-channel-2": 116,
          "KomakiPCA5NoDevice-os-channel-3": 131,
          "KomakiPCA5NoDevice-os-channel-4": 132,
          "KomakiPCA5NoDevice-channel-ip-0": 251,
          "KomakiPCA5NoDevice-channel-ip-1": 244,
          "KomakiPCA5NoDevice-channel-ip-2": 245,
          "KomakiPCA5NoDevice-channel-ip-3": 197,
          "KomakiPCA5NoDevice-channel-ip-4": 262,
          "KomakiPCA5NoDevice-channel-app-0": 254,
          "KomakiPCA5NoDevice-channel-app-1": 185,
          "KomakiPCA5NoDevice-channel-app-2": 156,
          "KomakiPCA5NoDevice-channel-app-3": 155,
          "KomakiPCA5NoDevice-channel-app-4": 191,
          "KomakiPCA5NoDevice-channel-os-0": 184,
          "KomakiPCA5NoDevice-channel-os-1": 209,
          "KomakiPCA5NoDevice-channel-os-2": 178,
          "KomakiPCA5NoDevice-channel-os-3": 184,
          "KomakiPCA5NoDevice-channel-os-4": 220
        }
      },
      {
        "train_auc": 0.9940839207211464,
        "valid_auc": 0.9844526019836329,
        "best_iteration": 599,
        "train_time": 451.9904899597168,
        "feature_importance": {
          "app": 3319,
          "hour": 3499,
          "n_channels": 940,
          "ip_app_count": 986,
          "ip_app_os_count": 1137,
          "FutureClickCount_600-ip": 630,
          "FutureClickCount_600-app": 482,
          "FutureClickCount_600-ip-app": 232,
          "FutureClickCount_600-dev": 304,
          "FutureClickCount_600-ip-dev": 529,
          "FutureClickCount_600-app-dev": 382,
          "FutureClickCount_600-ip-app-dev": 193,
          "FutureClickCount_600-os": 269,
          "FutureClickCount_600-ip-os": 389,
          "FutureClickCount_600-app-os": 466,
          "FutureClickCount_600-ip-app-os": 240,
          "FutureClickCount_600-dev-os": 595,
          "FutureClickCount_600-ip-dev-os": 344,
          "FutureClickCount_600-app-dev-os": 583,
          "FutureClickCount_600-ip-app-dev-os": 360,
          "FutureClickCount_600-cha": 483,
          "FutureClickCount_600-ip-cha": 125,
          "FutureClickCount_600-app-cha": 551,
          "FutureClickCount_600-ip-app-cha": 115,
          "FutureClickCount_600-dev-cha": 317,
          "FutureClickCount_600-ip-dev-cha": 143,
          "FutureClickCount_600-app-dev-cha": 403,
          "FutureClickCount_600-ip-app-dev-cha": 78,
          "FutureClickCount_600-os-cha": 305,
          "FutureClickCount_600-ip-os-cha": 114,
          "FutureClickCount_600-app-os-cha": 389,
          "FutureClickCount_600-ip-app-os-cha": 85,
          "FutureClickCount_600-dev-os-cha": 328,
          "FutureClickCount_600-ip-dev-os-cha": 71,
          "FutureClickCount_600-app-dev-os-cha": 314,
          "FutureClickCount_600-ip-app-dev-os-cha": 76,
          "FutureClickCount_4800-ip": 766,
          "FutureClickCount_4800-app": 355,
          "FutureClickCount_4800-ip-app": 345,
          "FutureClickCount_4800-dev": 79,
          "FutureClickCount_4800-ip-dev": 1071,
          "FutureClickCount_4800-app-dev": 197,
          "FutureClickCount_4800-ip-app-dev": 279,
          "FutureClickCount_4800-os": 168,
          "FutureClickCount_4800-ip-os": 530,
          "FutureClickCount_4800-app-os": 325,
          "FutureClickCount_4800-ip-app-os": 290,
          "FutureClickCount_4800-dev-os": 235,
          "FutureClickCount_4800-ip-dev-os": 798,
          "FutureClickCount_4800-app-dev-os": 509,
          "FutureClickCount_4800-ip-app-dev-os": 422,
          "FutureClickCount_4800-cha": 302,
          "FutureClickCount_4800-ip-cha": 190,
          "FutureClickCount_4800-app-cha": 553,
          "FutureClickCount_4800-ip-app-cha": 161,
          "FutureClickCount_4800-dev-cha": 222,
          "FutureClickCount_4800-ip-dev-cha": 205,
          "FutureClickCount_4800-app-dev-cha": 324,
          "FutureClickCount_4800-ip-app-dev-cha": 138,
          "FutureClickCount_4800-os-cha": 286,
          "FutureClickCount_4800-ip-os-cha": 116,
          "FutureClickCount_4800-app-os-cha": 295,
          "FutureClickCount_4800-ip-app-os-cha": 126,
          "FutureClickCount_4800-dev-os-cha": 311,
          "FutureClickCount_4800-ip-dev-os-cha": 88,
          "FutureClickCount_4800-app-dev-os-cha": 345,
          "FutureClickCount_4800-ip-app-dev-os-cha": 117,
          "NextClickTimeDelta-ip": 778,
          "NextClickTimeDelta-app": 140,
          "NextClickTimeDelta-ip-app": 974,
          "NextClickTimeDelta-dev": 58,
          "NextClickTimeDelta-ip-dev": 509,
          "NextClickTimeDelta-app-dev": 92,
          "NextClickTimeDelta-ip-app-dev": 536,
          "NextClickTimeDelta-os": 92,
          "NextClickTimeDelta-ip-os": 617,
          "NextClickTimeDelta-app-os": 243,
          "NextClickTimeDelta-ip-app-os": 1402,
          "NextClickTimeDelta-dev-os": 82,
          "NextClickTimeDelta-ip-dev-os": 423,
          "NextClickTimeDelta-app-dev-os": 154,
          "NextClickTimeDelta-ip-app-dev-os": 2257,
          "NextClickTimeDelta-cha": 134,
          "NextClickTimeDelta-ip-cha": 588,
          "NextClickTimeDelta-app-cha": 233,
          "NextClickTimeDelta-ip-app-cha": 502,
          "NextClickTimeDelta-dev-cha": 120,
          "NextClickTimeDelta-ip-dev-cha": 369,
          "NextClickTimeDelta-app-dev-cha": 153,
          "NextClickTimeDelta-ip-app-dev-cha": 339,
          "NextClickTimeDelta-os-cha": 298,
          "NextClickTimeDelta-ip-os-cha": 367,
          "NextClickTimeDelta-app-os-cha": 327,
          "NextClickTimeDelta-ip-app-os-cha": 475,
          "NextClickTimeDelta-dev-os-cha": 198,
          "NextClickTimeDelta-ip-dev-os-cha": 317,
          "NextClickTimeDelta-app-dev-os-cha": 236,
          "NextClickTimeDelta-ip-app-dev-os-cha": 540,
          "PrevClickTimeDelta-ip": 559,
          "PrevClickTimeDelta-app": 140,
          "PrevClickTimeDelta-ip-app": 478,
          "PrevClickTimeDelta-dev": 68,
          "PrevClickTimeDelta-ip-dev": 379,
          "PrevClickTimeDelta-app-dev": 102,
          "PrevClickTimeDelta-ip-app-dev": 300,
          "PrevClickTimeDelta-os": 140,
          "PrevClickTimeDelta-ip-os": 474,
          "PrevClickTimeDelta-app-os": 205,
          "PrevClickTimeDelta-ip-app-os": 392,
          "PrevClickTimeDelta-dev-os": 103,
          "PrevClickTimeDelta-ip-dev-os": 382,
          "PrevClickTimeDelta-app-dev-os": 179,
          "PrevClickTimeDelta-ip-app-dev-os": 348,
          "PrevClickTimeDelta-cha": 139,
          "PrevClickTimeDelta-ip-cha": 380,
          "PrevClickTimeDelta-app-cha": 187,
          "PrevClickTimeDelta-ip-app-cha": 318,
          "PrevClickTimeDelta-dev-cha": 118,
          "PrevClickTimeDelta-ip-dev-cha": 282,
          "PrevClickTimeDelta-app-dev-cha": 115,
          "PrevClickTimeDelta-ip-app-dev-cha": 259,
          "PrevClickTimeDelta-os-cha": 282,
          "PrevClickTimeDelta-ip-os-cha": 275,
          "PrevClickTimeDelta-app-os-cha": 293,
          "PrevClickTimeDelta-ip-app-os-cha": 215,
          "PrevClickTimeDelta-dev-os-cha": 209,
          "PrevClickTimeDelta-ip-dev-os-cha": 195,
          "PrevClickTimeDelta-app-dev-os-cha": 243,
          "PrevClickTimeDelta-ip-app-dev-os-cha": 196,
          "AverageAttributedRatio-ip": 482,
          "AverageAttributedRatio-app": 433,
          "AverageAttributedRatio-ip-app": 341,
          "AverageAttributedRatio-dev": 651,
          "AverageAttributedRatio-ip-dev": 441,
          "AverageAttributedRatio-app-dev": 344,
          "AverageAttributedRatio-ip-app-dev": 485,
          "AverageAttributedRatio-os": 403,
          "AverageAttributedRatio-ip-os": 304,
          "AverageAttributedRatio-app-os": 373,
          "AverageAttributedRatio-ip-app-os": 132,
          "AverageAttributedRatio-dev-os": 340,
          "AverageAttributedRatio-ip-dev-os": 291,
          "AverageAttributedRatio-app-dev-os": 361,
          "AverageAttributedRatio-ip-app-dev-os": 112,
          "AverageAttributedRatio-cha": 362,
          "AverageAttributedRatio-ip-cha": 184,
          "AverageAttributedRatio-app-cha": 350,
          "AverageAttributedRatio-ip-app-cha": 157,
          "AverageAttributedRatio-dev-cha": 252,
          "AverageAttributedRatio-ip-dev-cha": 152,
          "AverageAttributedRatio-app-dev-cha": 315,
          "AverageAttributedRatio-ip-app-dev-cha": 124,
          "AverageAttributedRatio-os-cha": 311,
          "AverageAttributedRatio-ip-os-cha": 87,
          "AverageAttributedRatio-app-os-cha": 425,
          "AverageAttributedRatio-ip-app-os-cha": 54,
          "AverageAttributedRatio-dev-os-cha": 315,
          "AverageAttributedRatio-ip-dev-os-cha": 66,
          "AverageAttributedRatio-app-dev-os-cha": 415,
          "AverageAttributedRatio-ip-app-dev-os-cha": 47,
          "KomakiLDA5NoDevice-ip-app-0": 1011,
          "KomakiLDA5NoDevice-ip-app-1": 1081,
          "KomakiLDA5NoDevice-ip-app-2": 1135,
          "KomakiLDA5NoDevice-ip-app-3": 673,
          "KomakiLDA5NoDevice-ip-app-4": 538,
          "KomakiLDA5NoDevice-ip-os-0": 934,
          "KomakiLDA5NoDevice-ip-os-1": 970,
          "KomakiLDA5NoDevice-ip-os-2": 536,
          "KomakiLDA5NoDevice-ip-os-3": 778,
          "KomakiLDA5NoDevice-ip-os-4": 873,
          "KomakiLDA5NoDevice-ip-channel-0": 958,
          "KomakiLDA5NoDevice-ip-channel-1": 731,
          "KomakiLDA5NoDevice-ip-channel-2": 1010,
          "KomakiLDA5NoDevice-ip-channel-3": 1094,
          "KomakiLDA5NoDevice-ip-channel-4": 1099,
          "KomakiLDA5NoDevice-app-ip-0": 250,
          "KomakiLDA5NoDevice-app-ip-1": 232,
          "KomakiLDA5NoDevice-app-ip-2": 203,
          "KomakiLDA5NoDevice-app-ip-3": 208,
          "KomakiLDA5NoDevice-app-ip-4": 145,
          "KomakiLDA5NoDevice-app-os-0": 140,
          "KomakiLDA5NoDevice-app-os-1": 221,
          "KomakiLDA5NoDevice-app-os-2": 136,
          "KomakiLDA5NoDevice-app-os-3": 124,
          "KomakiLDA5NoDevice-app-os-4": 195,
          "KomakiLDA5NoDevice-app-channel-0": 152,
          "KomakiLDA5NoDevice-app-channel-1": 176,
          "KomakiLDA5NoDevice-app-channel-2": 220,
          "KomakiLDA5NoDevice-app-channel-3": 171,
          "KomakiLDA5NoDevice-app-channel-4": 98,
          "KomakiLDA5NoDevice-os-ip-0": 284,
          "KomakiLDA5NoDevice-os-ip-1": 212,
          "KomakiLDA5NoDevice-os-ip-2": 238,
          "KomakiLDA5NoDevice-os-ip-3": 168,
          "KomakiLDA5NoDevice-os-ip-4": 238,
          "KomakiLDA5NoDevice-os-app-0": 289,
          "KomakiLDA5NoDevice-os-app-1": 298,
          "KomakiLDA5NoDevice-os-app-2": 143,
          "KomakiLDA5NoDevice-os-app-3": 185,
          "KomakiLDA5NoDevice-os-app-4": 119,
          "KomakiLDA5NoDevice-os-channel-0": 238,
          "KomakiLDA5NoDevice-os-channel-1": 119,
          "KomakiLDA5NoDevice-os-channel-2": 223,
          "KomakiLDA5NoDevice-os-channel-3": 319,
          "KomakiLDA5NoDevice-os-channel-4": 175,
          "KomakiLDA5NoDevice-channel-ip-0": 231,
          "KomakiLDA5NoDevice-channel-ip-1": 259,
          "KomakiLDA5NoDevice-channel-ip-2": 220,
          "KomakiLDA5NoDevice-channel-ip-3": 293,
          "KomakiLDA5NoDevice-channel-ip-4": 201,
          "KomakiLDA5NoDevice-channel-app-0": 283,
          "KomakiLDA5NoDevice-channel-app-1": 228,
          "KomakiLDA5NoDevice-channel-app-2": 274,
          "KomakiLDA5NoDevice-channel-app-3": 227,
          "KomakiLDA5NoDevice-channel-app-4": 194,
          "KomakiLDA5NoDevice-channel-os-0": 274,
          "KomakiLDA5NoDevice-channel-os-1": 270,
          "KomakiLDA5NoDevice-channel-os-2": 261,
          "KomakiLDA5NoDevice-channel-os-3": 258,
          "KomakiLDA5NoDevice-channel-os-4": 246,
          "KomakiNMF5NoDevice-ip-app-0": 530,
          "KomakiNMF5NoDevice-ip-app-1": 946,
          "KomakiNMF5NoDevice-ip-app-2": 655,
          "KomakiNMF5NoDevice-ip-app-3": 509,
          "KomakiNMF5NoDevice-ip-app-4": 639,
          "KomakiNMF5NoDevice-ip-os-0": 772,
          "KomakiNMF5NoDevice-ip-os-1": 805,
          "KomakiNMF5NoDevice-ip-os-2": 679,
          "KomakiNMF5NoDevice-ip-os-3": 674,
          "KomakiNMF5NoDevice-ip-os-4": 707,
          "KomakiNMF5NoDevice-ip-channel-0": 624,
          "KomakiNMF5NoDevice-ip-channel-1": 1106,
          "KomakiNMF5NoDevice-ip-channel-2": 553,
          "KomakiNMF5NoDevice-ip-channel-3": 878,
          "KomakiNMF5NoDevice-ip-channel-4": 707,
          "KomakiNMF5NoDevice-app-ip-0": 134,
          "KomakiNMF5NoDevice-app-ip-1": 141,
          "KomakiNMF5NoDevice-app-ip-2": 124,
          "KomakiNMF5NoDevice-app-ip-3": 122,
          "KomakiNMF5NoDevice-app-ip-4": 86,
          "KomakiNMF5NoDevice-app-os-0": 49,
          "KomakiNMF5NoDevice-app-os-1": 96,
          "KomakiNMF5NoDevice-app-os-2": 86,
          "KomakiNMF5NoDevice-app-os-3": 40,
          "KomakiNMF5NoDevice-app-os-4": 68,
          "KomakiNMF5NoDevice-app-channel-0": 111,
          "KomakiNMF5NoDevice-app-channel-1": 109,
          "KomakiNMF5NoDevice-app-channel-2": 122,
          "KomakiNMF5NoDevice-app-channel-3": 128,
          "KomakiNMF5NoDevice-app-channel-4": 91,
          "KomakiNMF5NoDevice-os-ip-0": 137,
          "KomakiNMF5NoDevice-os-ip-1": 141,
          "KomakiNMF5NoDevice-os-ip-2": 131,
          "KomakiNMF5NoDevice-os-ip-3": 150,
          "KomakiNMF5NoDevice-os-ip-4": 124,
          "KomakiNMF5NoDevice-os-app-0": 76,
          "KomakiNMF5NoDevice-os-app-1": 12,
          "KomakiNMF5NoDevice-os-app-2": 108,
          "KomakiNMF5NoDevice-os-app-3": 203,
          "KomakiNMF5NoDevice-os-app-4": 111,
          "KomakiNMF5NoDevice-os-channel-0": 283,
          "KomakiNMF5NoDevice-os-channel-1": 129,
          "KomakiNMF5NoDevice-os-channel-2": 232,
          "KomakiNMF5NoDevice-os-channel-3": 215,
          "KomakiNMF5NoDevice-os-channel-4": 154,
          "KomakiNMF5NoDevice-channel-ip-0": 253,
          "KomakiNMF5NoDevice-channel-ip-1": 165,
          "KomakiNMF5NoDevice-channel-ip-2": 179,
          "KomakiNMF5NoDevice-channel-ip-3": 246,
          "KomakiNMF5NoDevice-channel-ip-4": 197,
          "KomakiNMF5NoDevice-channel-app-0": 116,
          "KomakiNMF5NoDevice-channel-app-1": 59,
          "KomakiNMF5NoDevice-channel-app-2": 127,
          "KomakiNMF5NoDevice-channel-app-3": 118,
          "KomakiNMF5NoDevice-channel-app-4": 173,
          "KomakiNMF5NoDevice-channel-os-0": 256,
          "KomakiNMF5NoDevice-channel-os-1": 76,
          "KomakiNMF5NoDevice-channel-os-2": 200,
          "KomakiNMF5NoDevice-channel-os-3": 92,
          "KomakiNMF5NoDevice-channel-os-4": 257,
          "KomakiPCA5NoDevice-ip-app-0": 865,
          "KomakiPCA5NoDevice-ip-app-1": 709,
          "KomakiPCA5NoDevice-ip-app-2": 739,
          "KomakiPCA5NoDevice-ip-app-3": 558,
          "KomakiPCA5NoDevice-ip-app-4": 897,
          "KomakiPCA5NoDevice-ip-os-0": 1045,
          "KomakiPCA5NoDevice-ip-os-1": 662,
          "KomakiPCA5NoDevice-ip-os-2": 673,
          "KomakiPCA5NoDevice-ip-os-3": 574,
          "KomakiPCA5NoDevice-ip-os-4": 784,
          "KomakiPCA5NoDevice-ip-channel-0": 1019,
          "KomakiPCA5NoDevice-ip-channel-1": 713,
          "KomakiPCA5NoDevice-ip-channel-2": 722,
          "KomakiPCA5NoDevice-ip-channel-3": 687,
          "KomakiPCA5NoDevice-ip-channel-4": 722,
          "KomakiPCA5NoDevice-app-ip-0": 99,
          "KomakiPCA5NoDevice-app-ip-1": 104,
          "KomakiPCA5NoDevice-app-ip-2": 96,
          "KomakiPCA5NoDevice-app-ip-3": 132,
          "KomakiPCA5NoDevice-app-ip-4": 94,
          "KomakiPCA5NoDevice-app-os-0": 135,
          "KomakiPCA5NoDevice-app-os-1": 76,
          "KomakiPCA5NoDevice-app-os-2": 119,
          "KomakiPCA5NoDevice-app-os-3": 133,
          "KomakiPCA5NoDevice-app-os-4": 105,
          "KomakiPCA5NoDevice-app-channel-0": 89,
          "KomakiPCA5NoDevice-app-channel-1": 151,
          "KomakiPCA5NoDevice-app-channel-2": 112,
          "KomakiPCA5NoDevice-app-channel-3": 106,
          "KomakiPCA5NoDevice-app-channel-4": 113,
          "KomakiPCA5NoDevice-os-ip-0": 62,
          "KomakiPCA5NoDevice-os-ip-1": 139,
          "KomakiPCA5NoDevice-os-ip-2": 168,
          "KomakiPCA5NoDevice-os-ip-3": 165,
          "KomakiPCA5NoDevice-os-ip-4": 124,
          "KomakiPCA5NoDevice-os-app-0": 122,
          "KomakiPCA5NoDevice-os-app-1": 120,
          "KomakiPCA5NoDevice-os-app-2": 77,
          "KomakiPCA5NoDevice-os-app-3": 178,
          "KomakiPCA5NoDevice-os-app-4": 204,
          "KomakiPCA5NoDevice-os-channel-0": 152,
          "KomakiPCA5NoDevice-os-channel-1": 187,
          "KomakiPCA5NoDevice-os-channel-2": 103,
          "KomakiPCA5NoDevice-os-channel-3": 111,
          "KomakiPCA5NoDevice-os-channel-4": 124,
          "KomakiPCA5NoDevice-channel-ip-0": 257,
          "KomakiPCA5NoDevice-channel-ip-1": 239,
          "KomakiPCA5NoDevice-channel-ip-2": 209,
          "KomakiPCA5NoDevice-channel-ip-3": 217,
          "KomakiPCA5NoDevice-channel-ip-4": 262,
          "KomakiPCA5NoDevice-channel-app-0": 212,
          "KomakiPCA5NoDevice-channel-app-1": 166,
          "KomakiPCA5NoDevice-channel-app-2": 191,
          "KomakiPCA5NoDevice-channel-app-3": 139,
          "KomakiPCA5NoDevice-channel-app-4": 148,
          "KomakiPCA5NoDevice-channel-os-0": 196,
          "KomakiPCA5NoDevice-channel-os-1": 172,
          "KomakiPCA5NoDevice-channel-os-2": 143,
          "KomakiPCA5NoDevice-channel-os-3": 172,
          "KomakiPCA5NoDevice-channel-os-4": 194
        }
      },
      {
        "train_auc": 0.994333122750714,
        "valid_auc": 0.9843859893123207,
        "best_iteration": 622,
        "train_time": 463.06472992897034,
        "feature_importance": {
          "app": 3438,
          "hour": 3638,
          "n_channels": 1021,
          "ip_app_count": 1120,
          "ip_app_os_count": 1090,
          "FutureClickCount_600-ip": 590,
          "FutureClickCount_600-app": 496,
          "FutureClickCount_600-ip-app": 232,
          "FutureClickCount_600-dev": 297,
          "FutureClickCount_600-ip-dev": 518,
          "FutureClickCount_600-app-dev": 441,
          "FutureClickCount_600-ip-app-dev": 207,
          "FutureClickCount_600-os": 292,
          "FutureClickCount_600-ip-os": 387,
          "FutureClickCount_600-app-os": 439,
          "FutureClickCount_600-ip-app-os": 223,
          "FutureClickCount_600-dev-os": 624,
          "FutureClickCount_600-ip-dev-os": 392,
          "FutureClickCount_600-app-dev-os": 633,
          "FutureClickCount_600-ip-app-dev-os": 353,
          "FutureClickCount_600-cha": 470,
          "FutureClickCount_600-ip-cha": 133,
          "FutureClickCount_600-app-cha": 642,
          "FutureClickCount_600-ip-app-cha": 106,
          "FutureClickCount_600-dev-cha": 327,
          "FutureClickCount_600-ip-dev-cha": 143,
          "FutureClickCount_600-app-dev-cha": 431,
          "FutureClickCount_600-ip-app-dev-cha": 108,
          "FutureClickCount_600-os-cha": 359,
          "FutureClickCount_600-ip-os-cha": 95,
          "FutureClickCount_600-app-os-cha": 349,
          "FutureClickCount_600-ip-app-os-cha": 93,
          "FutureClickCount_600-dev-os-cha": 319,
          "FutureClickCount_600-ip-dev-os-cha": 94,
          "FutureClickCount_600-app-dev-os-cha": 358,
          "FutureClickCount_600-ip-app-dev-os-cha": 94,
          "FutureClickCount_4800-ip": 760,
          "FutureClickCount_4800-app": 348,
          "FutureClickCount_4800-ip-app": 363,
          "FutureClickCount_4800-dev": 72,
          "FutureClickCount_4800-ip-dev": 1070,
          "FutureClickCount_4800-app-dev": 219,
          "FutureClickCount_4800-ip-app-dev": 297,
          "FutureClickCount_4800-os": 181,
          "FutureClickCount_4800-ip-os": 552,
          "FutureClickCount_4800-app-os": 364,
          "FutureClickCount_4800-ip-app-os": 309,
          "FutureClickCount_4800-dev-os": 250,
          "FutureClickCount_4800-ip-dev-os": 795,
          "FutureClickCount_4800-app-dev-os": 504,
          "FutureClickCount_4800-ip-app-dev-os": 402,
          "FutureClickCount_4800-cha": 317,
          "FutureClickCount_4800-ip-cha": 241,
          "FutureClickCount_4800-app-cha": 588,
          "FutureClickCount_4800-ip-app-cha": 187,
          "FutureClickCount_4800-dev-cha": 255,
          "FutureClickCount_4800-ip-dev-cha": 212,
          "FutureClickCount_4800-app-dev-cha": 313,
          "FutureClickCount_4800-ip-app-dev-cha": 167,
          "FutureClickCount_4800-os-cha": 362,
          "FutureClickCount_4800-ip-os-cha": 116,
          "FutureClickCount_4800-app-os-cha": 363,
          "FutureClickCount_4800-ip-app-os-cha": 99,
          "FutureClickCount_4800-dev-os-cha": 336,
          "FutureClickCount_4800-ip-dev-os-cha": 122,
          "FutureClickCount_4800-app-dev-os-cha": 319,
          "FutureClickCount_4800-ip-app-dev-os-cha": 122,
          "NextClickTimeDelta-ip": 764,
          "NextClickTimeDelta-app": 135,
          "NextClickTimeDelta-ip-app": 1007,
          "NextClickTimeDelta-dev": 71,
          "NextClickTimeDelta-ip-dev": 545,
          "NextClickTimeDelta-app-dev": 79,
          "NextClickTimeDelta-ip-app-dev": 583,
          "NextClickTimeDelta-os": 81,
          "NextClickTimeDelta-ip-os": 667,
          "NextClickTimeDelta-app-os": 225,
          "NextClickTimeDelta-ip-app-os": 1500,
          "NextClickTimeDelta-dev-os": 107,
          "NextClickTimeDelta-ip-dev-os": 466,
          "NextClickTimeDelta-app-dev-os": 156,
          "NextClickTimeDelta-ip-app-dev-os": 2359,
          "NextClickTimeDelta-cha": 145,
          "NextClickTimeDelta-ip-cha": 519,
          "NextClickTimeDelta-app-cha": 192,
          "NextClickTimeDelta-ip-app-cha": 476,
          "NextClickTimeDelta-dev-cha": 125,
          "NextClickTimeDelta-ip-dev-cha": 370,
          "NextClickTimeDelta-app-dev-cha": 136,
          "NextClickTimeDelta-ip-app-dev-cha": 324,
          "NextClickTimeDelta-os-cha": 285,
          "NextClickTimeDelta-ip-os-cha": 391,
          "NextClickTimeDelta-app-os-cha": 338,
          "NextClickTimeDelta-ip-app-os-cha": 514,
          "NextClickTimeDelta-dev-os-cha": 193,
          "NextClickTimeDelta-ip-dev-os-cha": 306,
          "NextClickTimeDelta-app-dev-os-cha": 243,
          "NextClickTimeDelta-ip-app-dev-os-cha": 564,
          "PrevClickTimeDelta-ip": 608,
          "PrevClickTimeDelta-app": 140,
          "PrevClickTimeDelta-ip-app": 426,
          "PrevClickTimeDelta-dev": 67,
          "PrevClickTimeDelta-ip-dev": 362,
          "PrevClickTimeDelta-app-dev": 113,
          "PrevClickTimeDelta-ip-app-dev": 311,
          "PrevClickTimeDelta-os": 107,
          "PrevClickTimeDelta-ip-os": 533,
          "PrevClickTimeDelta-app-os": 191,
          "PrevClickTimeDelta-ip-app-os": 385,
          "PrevClickTimeDelta-dev-os": 106,
          "PrevClickTimeDelta-ip-dev-os": 337,
          "PrevClickTimeDelta-app-dev-os": 181,
          "PrevClickTimeDelta-ip-app-dev-os": 344,
          "PrevClickTimeDelta-cha": 128,
          "PrevClickTimeDelta-ip-cha": 408,
          "PrevClickTimeDelta-app-cha": 198,
          "PrevClickTimeDelta-ip-app-cha": 344,
          "PrevClickTimeDelta-dev-cha": 162,
          "PrevClickTimeDelta-ip-dev-cha": 297,
          "PrevClickTimeDelta-app-dev-cha": 117,
          "PrevClickTimeDelta-ip-app-dev-cha": 234,
          "PrevClickTimeDelta-os-cha": 261,
          "PrevClickTimeDelta-ip-os-cha": 285,
          "PrevClickTimeDelta-app-os-cha": 261,
          "PrevClickTimeDelta-ip-app-os-cha": 234,
          "PrevClickTimeDelta-dev-os-cha": 200,
          "PrevClickTimeDelta-ip-dev-os-cha": 192,
          "PrevClickTimeDelta-app-dev-os-cha": 207,
          "PrevClickTimeDelta-ip-app-dev-os-cha": 174,
          "AverageAttributedRatio-ip": 540,
          "AverageAttributedRatio-app": 448,
          "AverageAttributedRatio-ip-app": 317,
          "AverageAttributedRatio-dev": 697,
          "AverageAttributedRatio-ip-dev": 468,
          "AverageAttributedRatio-app-dev": 348,
          "AverageAttributedRatio-ip-app-dev": 444,
          "AverageAttributedRatio-os": 431,
          "AverageAttributedRatio-ip-os": 281,
          "AverageAttributedRatio-app-os": 394,
          "AverageAttributedRatio-ip-app-os": 121,
          "AverageAttributedRatio-dev-os": 366,
          "AverageAttributedRatio-ip-dev-os": 299,
          "AverageAttributedRatio-app-dev-os": 386,
          "AverageAttributedRatio-ip-app-dev-os": 117,
          "AverageAttributedRatio-cha": 401,
          "AverageAttributedRatio-ip-cha": 189,
          "AverageAttributedRatio-app-cha": 343,
          "AverageAttributedRatio-ip-app-cha": 156,
          "AverageAttributedRatio-dev-cha": 257,
          "AverageAttributedRatio-ip-dev-cha": 164,
          "AverageAttributedRatio-app-dev-cha": 303,
          "AverageAttributedRatio-ip-app-dev-cha": 148,
          "AverageAttributedRatio-os-cha": 326,
          "AverageAttributedRatio-ip-os-cha": 72,
          "AverageAttributedRatio-app-os-cha": 447,
          "AverageAttributedRatio-ip-app-os-cha": 74,
          "AverageAttributedRatio-dev-os-cha": 296,
          "AverageAttributedRatio-ip-dev-os-cha": 66,
          "AverageAttributedRatio-app-dev-os-cha": 418,
          "AverageAttributedRatio-ip-app-dev-os-cha": 63,
          "KomakiLDA5NoDevice-ip-app-0": 1026,
          "KomakiLDA5NoDevice-ip-app-1": 1093,
          "KomakiLDA5NoDevice-ip-app-2": 1198,
          "KomakiLDA5NoDevice-ip-app-3": 705,
          "KomakiLDA5NoDevice-ip-app-4": 585,
          "KomakiLDA5NoDevice-ip-os-0": 937,
          "KomakiLDA5NoDevice-ip-os-1": 987,
          "KomakiLDA5NoDevice-ip-os-2": 611,
          "KomakiLDA5NoDevice-ip-os-3": 814,
          "KomakiLDA5NoDevice-ip-os-4": 994,
          "KomakiLDA5NoDevice-ip-channel-0": 979,
          "KomakiLDA5NoDevice-ip-channel-1": 826,
          "KomakiLDA5NoDevice-ip-channel-2": 987,
          "KomakiLDA5NoDevice-ip-channel-3": 1111,
          "KomakiLDA5NoDevice-ip-channel-4": 1080,
          "KomakiLDA5NoDevice-app-ip-0": 276,
          "KomakiLDA5NoDevice-app-ip-1": 242,
          "KomakiLDA5NoDevice-app-ip-2": 219,
          "KomakiLDA5NoDevice-app-ip-3": 228,
          "KomakiLDA5NoDevice-app-ip-4": 135,
          "KomakiLDA5NoDevice-app-os-0": 124,
          "KomakiLDA5NoDevice-app-os-1": 231,
          "KomakiLDA5NoDevice-app-os-2": 126,
          "KomakiLDA5NoDevice-app-os-3": 135,
          "KomakiLDA5NoDevice-app-os-4": 163,
          "KomakiLDA5NoDevice-app-channel-0": 131,
          "KomakiLDA5NoDevice-app-channel-1": 170,
          "KomakiLDA5NoDevice-app-channel-2": 224,
          "KomakiLDA5NoDevice-app-channel-3": 162,
          "KomakiLDA5NoDevice-app-channel-4": 105,
          "KomakiLDA5NoDevice-os-ip-0": 311,
          "KomakiLDA5NoDevice-os-ip-1": 220,
          "KomakiLDA5NoDevice-os-ip-2": 227,
          "KomakiLDA5NoDevice-os-ip-3": 193,
          "KomakiLDA5NoDevice-os-ip-4": 226,
          "KomakiLDA5NoDevice-os-app-0": 299,
          "KomakiLDA5NoDevice-os-app-1": 282,
          "KomakiLDA5NoDevice-os-app-2": 116,
          "KomakiLDA5NoDevice-os-app-3": 228,
          "KomakiLDA5NoDevice-os-app-4": 139,
          "KomakiLDA5NoDevice-os-channel-0": 253,
          "KomakiLDA5NoDevice-os-channel-1": 141,
          "KomakiLDA5NoDevice-os-channel-2": 223,
          "KomakiLDA5NoDevice-os-channel-3": 264,
          "KomakiLDA5NoDevice-os-channel-4": 164,
          "KomakiLDA5NoDevice-channel-ip-0": 264,
          "KomakiLDA5NoDevice-channel-ip-1": 320,
          "KomakiLDA5NoDevice-channel-ip-2": 215,
          "KomakiLDA5NoDevice-channel-ip-3": 299,
          "KomakiLDA5NoDevice-channel-ip-4": 220,
          "KomakiLDA5NoDevice-channel-app-0": 286,
          "KomakiLDA5NoDevice-channel-app-1": 227,
          "KomakiLDA5NoDevice-channel-app-2": 272,
          "KomakiLDA5NoDevice-channel-app-3": 221,
          "KomakiLDA5NoDevice-channel-app-4": 222,
          "KomakiLDA5NoDevice-channel-os-0": 242,
          "KomakiLDA5NoDevice-channel-os-1": 311,
          "KomakiLDA5NoDevice-channel-os-2": 270,
          "KomakiLDA5NoDevice-channel-os-3": 224,
          "KomakiLDA5NoDevice-channel-os-4": 250,
          "KomakiNMF5NoDevice-ip-app-0": 588,
          "KomakiNMF5NoDevice-ip-app-1": 996,
          "KomakiNMF5NoDevice-ip-app-2": 716,
          "KomakiNMF5NoDevice-ip-app-3": 547,
          "KomakiNMF5NoDevice-ip-app-4": 683,
          "KomakiNMF5NoDevice-ip-os-0": 799,
          "KomakiNMF5NoDevice-ip-os-1": 768,
          "KomakiNMF5NoDevice-ip-os-2": 718,
          "KomakiNMF5NoDevice-ip-os-3": 663,
          "KomakiNMF5NoDevice-ip-os-4": 704,
          "KomakiNMF5NoDevice-ip-channel-0": 749,
          "KomakiNMF5NoDevice-ip-channel-1": 1123,
          "KomakiNMF5NoDevice-ip-channel-2": 645,
          "KomakiNMF5NoDevice-ip-channel-3": 860,
          "KomakiNMF5NoDevice-ip-channel-4": 743,
          "KomakiNMF5NoDevice-app-ip-0": 152,
          "KomakiNMF5NoDevice-app-ip-1": 151,
          "KomakiNMF5NoDevice-app-ip-2": 131,
          "KomakiNMF5NoDevice-app-ip-3": 113,
          "KomakiNMF5NoDevice-app-ip-4": 68,
          "KomakiNMF5NoDevice-app-os-0": 39,
          "KomakiNMF5NoDevice-app-os-1": 115,
          "KomakiNMF5NoDevice-app-os-2": 101,
          "KomakiNMF5NoDevice-app-os-3": 25,
          "KomakiNMF5NoDevice-app-os-4": 51,
          "KomakiNMF5NoDevice-app-channel-0": 103,
          "KomakiNMF5NoDevice-app-channel-1": 112,
          "KomakiNMF5NoDevice-app-channel-2": 108,
          "KomakiNMF5NoDevice-app-channel-3": 130,
          "KomakiNMF5NoDevice-app-channel-4": 104,
          "KomakiNMF5NoDevice-os-ip-0": 152,
          "KomakiNMF5NoDevice-os-ip-1": 168,
          "KomakiNMF5NoDevice-os-ip-2": 148,
          "KomakiNMF5NoDevice-os-ip-3": 137,
          "KomakiNMF5NoDevice-os-ip-4": 110,
          "KomakiNMF5NoDevice-os-app-0": 67,
          "KomakiNMF5NoDevice-os-app-1": 21,
          "KomakiNMF5NoDevice-os-app-2": 131,
          "KomakiNMF5NoDevice-os-app-3": 224,
          "KomakiNMF5NoDevice-os-app-4": 124,
          "KomakiNMF5NoDevice-os-channel-0": 280,
          "KomakiNMF5NoDevice-os-channel-1": 116,
          "KomakiNMF5NoDevice-os-channel-2": 254,
          "KomakiNMF5NoDevice-os-channel-3": 170,
          "KomakiNMF5NoDevice-os-channel-4": 179,
          "KomakiNMF5NoDevice-channel-ip-0": 315,
          "KomakiNMF5NoDevice-channel-ip-1": 198,
          "KomakiNMF5NoDevice-channel-ip-2": 216,
          "KomakiNMF5NoDevice-channel-ip-3": 238,
          "KomakiNMF5NoDevice-channel-ip-4": 225,
          "KomakiNMF5NoDevice-channel-app-0": 133,
          "KomakiNMF5NoDevice-channel-app-1": 61,
          "KomakiNMF5NoDevice-channel-app-2": 140,
          "KomakiNMF5NoDevice-channel-app-3": 109,
          "KomakiNMF5NoDevice-channel-app-4": 166,
          "KomakiNMF5NoDevice-channel-os-0": 249,
          "KomakiNMF5NoDevice-channel-os-1": 72,
          "KomakiNMF5NoDevice-channel-os-2": 236,
          "KomakiNMF5NoDevice-channel-os-3": 105,
          "KomakiNMF5NoDevice-channel-os-4": 257,
          "KomakiPCA5NoDevice-ip-app-0": 975,
          "KomakiPCA5NoDevice-ip-app-1": 697,
          "KomakiPCA5NoDevice-ip-app-2": 752,
          "KomakiPCA5NoDevice-ip-app-3": 583,
          "KomakiPCA5NoDevice-ip-app-4": 873,
          "KomakiPCA5NoDevice-ip-os-0": 1025,
          "KomakiPCA5NoDevice-ip-os-1": 648,
          "KomakiPCA5NoDevice-ip-os-2": 737,
          "KomakiPCA5NoDevice-ip-os-3": 649,
          "KomakiPCA5NoDevice-ip-os-4": 781,
          "KomakiPCA5NoDevice-ip-channel-0": 1127,
          "KomakiPCA5NoDevice-ip-channel-1": 818,
          "KomakiPCA5NoDevice-ip-channel-2": 751,
          "KomakiPCA5NoDevice-ip-channel-3": 745,
          "KomakiPCA5NoDevice-ip-channel-4": 780,
          "KomakiPCA5NoDevice-app-ip-0": 97,
          "KomakiPCA5NoDevice-app-ip-1": 95,
          "KomakiPCA5NoDevice-app-ip-2": 80,
          "KomakiPCA5NoDevice-app-ip-3": 136,
          "KomakiPCA5NoDevice-app-ip-4": 107,
          "KomakiPCA5NoDevice-app-os-0": 121,
          "KomakiPCA5NoDevice-app-os-1": 89,
          "KomakiPCA5NoDevice-app-os-2": 141,
          "KomakiPCA5NoDevice-app-os-3": 117,
          "KomakiPCA5NoDevice-app-os-4": 114,
          "KomakiPCA5NoDevice-app-channel-0": 96,
          "KomakiPCA5NoDevice-app-channel-1": 134,
          "KomakiPCA5NoDevice-app-channel-2": 97,
          "KomakiPCA5NoDevice-app-channel-3": 109,
          "KomakiPCA5NoDevice-app-channel-4": 121,
          "KomakiPCA5NoDevice-os-ip-0": 80,
          "KomakiPCA5NoDevice-os-ip-1": 127,
          "KomakiPCA5NoDevice-os-ip-2": 153,
          "KomakiPCA5NoDevice-os-ip-3": 208,
          "KomakiPCA5NoDevice-os-ip-4": 153,
          "KomakiPCA5NoDevice-os-app-0": 124,
          "KomakiPCA5NoDevice-os-app-1": 128,
          "KomakiPCA5NoDevice-os-app-2": 106,
          "KomakiPCA5NoDevice-os-app-3": 189,
          "KomakiPCA5NoDevice-os-app-4": 209,
          "KomakiPCA5NoDevice-os-channel-0": 149,
          "KomakiPCA5NoDevice-os-channel-1": 179,
          "KomakiPCA5NoDevice-os-channel-2": 117,
          "KomakiPCA5NoDevice-os-channel-3": 124,
          "KomakiPCA5NoDevice-os-channel-4": 121,
          "KomakiPCA5NoDevice-channel-ip-0": 270,
          "KomakiPCA5NoDevice-channel-ip-1": 213,
          "KomakiPCA5NoDevice-channel-ip-2": 198,
          "KomakiPCA5NoDevice-channel-ip-3": 219,
          "KomakiPCA5NoDevice-channel-ip-4": 297,
          "KomakiPCA5NoDevice-channel-app-0": 244,
          "KomakiPCA5NoDevice-channel-app-1": 164,
          "KomakiPCA5NoDevice-channel-app-2": 169,
          "KomakiPCA5NoDevice-channel-app-3": 152,
          "KomakiPCA5NoDevice-channel-app-4": 189,
          "KomakiPCA5NoDevice-channel-os-0": 212,
          "KomakiPCA5NoDevice-channel-os-1": 215,
          "KomakiPCA5NoDevice-channel-os-2": 176,
          "KomakiPCA5NoDevice-channel-os-3": 180,
          "KomakiPCA5NoDevice-channel-os-4": 207
        }
      },
      {
        "train_auc": 0.9936967482569941,
        "valid_auc": 0.9843178655833135,
        "best_iteration": 564,
        "train_time": 434.6641356945038,
        "feature_importance": {
          "app": 3136,
          "hour": 3324,
          "n_channels": 973,
          "ip_app_count": 985,
          "ip_app_os_count": 1095,
          "FutureClickCount_600-ip": 507,
          "FutureClickCount_600-app": 448,
          "FutureClickCount_600-ip-app": 217,
          "FutureClickCount_600-dev": 278,
          "FutureClickCount_600-ip-dev": 513,
          "FutureClickCount_600-app-dev": 363,
          "FutureClickCount_600-ip-app-dev": 161,
          "FutureClickCount_600-os": 287,
          "FutureClickCount_600-ip-os": 398,
          "FutureClickCount_600-app-os": 454,
          "FutureClickCount_600-ip-app-os": 231,
          "FutureClickCount_600-dev-os": 591,
          "FutureClickCount_600-ip-dev-os": 362,
          "FutureClickCount_600-app-dev-os": 588,
          "FutureClickCount_600-ip-app-dev-os": 361,
          "FutureClickCount_600-cha": 466,
          "FutureClickCount_600-ip-cha": 145,
          "FutureClickCount_600-app-cha": 548,
          "FutureClickCount_600-ip-app-cha": 102,
          "FutureClickCount_600-dev-cha": 333,
          "FutureClickCount_600-ip-dev-cha": 106,
          "FutureClickCount_600-app-dev-cha": 375,
          "FutureClickCount_600-ip-app-dev-cha": 95,
          "FutureClickCount_600-os-cha": 283,
          "FutureClickCount_600-ip-os-cha": 72,
          "FutureClickCount_600-app-os-cha": 347,
          "FutureClickCount_600-ip-app-os-cha": 70,
          "FutureClickCount_600-dev-os-cha": 316,
          "FutureClickCount_600-ip-dev-os-cha": 71,
          "FutureClickCount_600-app-dev-os-cha": 326,
          "FutureClickCount_600-ip-app-dev-os-cha": 75,
          "FutureClickCount_4800-ip": 823,
          "FutureClickCount_4800-app": 372,
          "FutureClickCount_4800-ip-app": 309,
          "FutureClickCount_4800-dev": 79,
          "FutureClickCount_4800-ip-dev": 1061,
          "FutureClickCount_4800-app-dev": 184,
          "FutureClickCount_4800-ip-app-dev": 252,
          "FutureClickCount_4800-os": 145,
          "FutureClickCount_4800-ip-os": 525,
          "FutureClickCount_4800-app-os": 291,
          "FutureClickCount_4800-ip-app-os": 289,
          "FutureClickCount_4800-dev-os": 203,
          "FutureClickCount_4800-ip-dev-os": 706,
          "FutureClickCount_4800-app-dev-os": 450,
          "FutureClickCount_4800-ip-app-dev-os": 360,
          "FutureClickCount_4800-cha": 319,
          "FutureClickCount_4800-ip-cha": 193,
          "FutureClickCount_4800-app-cha": 550,
          "FutureClickCount_4800-ip-app-cha": 145,
          "FutureClickCount_4800-dev-cha": 211,
          "FutureClickCount_4800-ip-dev-cha": 168,
          "FutureClickCount_4800-app-dev-cha": 261,
          "FutureClickCount_4800-ip-app-dev-cha": 147,
          "FutureClickCount_4800-os-cha": 276,
          "FutureClickCount_4800-ip-os-cha": 118,
          "FutureClickCount_4800-app-os-cha": 314,
          "FutureClickCount_4800-ip-app-os-cha": 99,
          "FutureClickCount_4800-dev-os-cha": 281,
          "FutureClickCount_4800-ip-dev-os-cha": 89,
          "FutureClickCount_4800-app-dev-os-cha": 312,
          "FutureClickCount_4800-ip-app-dev-os-cha": 85,
          "NextClickTimeDelta-ip": 695,
          "NextClickTimeDelta-app": 108,
          "NextClickTimeDelta-ip-app": 901,
          "NextClickTimeDelta-dev": 75,
          "NextClickTimeDelta-ip-dev": 485,
          "NextClickTimeDelta-app-dev": 87,
          "NextClickTimeDelta-ip-app-dev": 550,
          "NextClickTimeDelta-os": 87,
          "NextClickTimeDelta-ip-os": 612,
          "NextClickTimeDelta-app-os": 234,
          "NextClickTimeDelta-ip-app-os": 1377,
          "NextClickTimeDelta-dev-os": 92,
          "NextClickTimeDelta-ip-dev-os": 420,
          "NextClickTimeDelta-app-dev-os": 163,
          "NextClickTimeDelta-ip-app-dev-os": 2381,
          "NextClickTimeDelta-cha": 178,
          "NextClickTimeDelta-ip-cha": 448,
          "NextClickTimeDelta-app-cha": 218,
          "NextClickTimeDelta-ip-app-cha": 380,
          "NextClickTimeDelta-dev-cha": 126,
          "NextClickTimeDelta-ip-dev-cha": 328,
          "NextClickTimeDelta-app-dev-cha": 132,
          "NextClickTimeDelta-ip-app-dev-cha": 311,
          "NextClickTimeDelta-os-cha": 227,
          "NextClickTimeDelta-ip-os-cha": 349,
          "NextClickTimeDelta-app-os-cha": 299,
          "NextClickTimeDelta-ip-app-os-cha": 416,
          "NextClickTimeDelta-dev-os-cha": 212,
          "NextClickTimeDelta-ip-dev-os-cha": 287,
          "NextClickTimeDelta-app-dev-os-cha": 230,
          "NextClickTimeDelta-ip-app-dev-os-cha": 490,
          "PrevClickTimeDelta-ip": 559,
          "PrevClickTimeDelta-app": 109,
          "PrevClickTimeDelta-ip-app": 411,
          "PrevClickTimeDelta-dev": 59,
          "PrevClickTimeDelta-ip-dev": 347,
          "PrevClickTimeDelta-app-dev": 91,
          "PrevClickTimeDelta-ip-app-dev": 282,
          "PrevClickTimeDelta-os": 107,
          "PrevClickTimeDelta-ip-os": 491,
          "PrevClickTimeDelta-app-os": 207,
          "PrevClickTimeDelta-ip-app-os": 336,
          "PrevClickTimeDelta-dev-os": 82,
          "PrevClickTimeDelta-ip-dev-os": 336,
          "PrevClickTimeDelta-app-dev-os": 164,
          "PrevClickTimeDelta-ip-app-dev-os": 284,
          "PrevClickTimeDelta-cha": 152,
          "PrevClickTimeDelta-ip-cha": 353,
          "PrevClickTimeDelta-app-cha": 173,
          "PrevClickTimeDelta-ip-app-cha": 246,
          "PrevClickTimeDelta-dev-cha": 129,
          "PrevClickTimeDelta-ip-dev-cha": 271,
          "PrevClickTimeDelta-app-dev-cha": 138,
          "PrevClickTimeDelta-ip-app-dev-cha": 198,
          "PrevClickTimeDelta-os-cha": 248,
          "PrevClickTimeDelta-ip-os-cha": 252,
          "PrevClickTimeDelta-app-os-cha": 246,
          "PrevClickTimeDelta-ip-app-os-cha": 223,
          "PrevClickTimeDelta-dev-os-cha": 224,
          "PrevClickTimeDelta-ip-dev-os-cha": 137,
          "PrevClickTimeDelta-app-dev-os-cha": 226,
          "PrevClickTimeDelta-ip-app-dev-os-cha": 132,
          "AverageAttributedRatio-ip": 461,
          "AverageAttributedRatio-app": 370,
          "AverageAttributedRatio-ip-app": 314,
          "AverageAttributedRatio-dev": 618,
          "AverageAttributedRatio-ip-dev": 417,
          "AverageAttributedRatio-app-dev": 287,
          "AverageAttributedRatio-ip-app-dev": 439,
          "AverageAttributedRatio-os": 390,
          "AverageAttributedRatio-ip-os": 325,
          "AverageAttributedRatio-app-os": 333,
          "AverageAttributedRatio-ip-app-os": 107,
          "AverageAttributedRatio-dev-os": 296,
          "AverageAttributedRatio-ip-dev-os": 267,
          "AverageAttributedRatio-app-dev-os": 362,
          "AverageAttributedRatio-ip-app-dev-os": 94,
          "AverageAttributedRatio-cha": 376,
          "AverageAttributedRatio-ip-cha": 173,
          "AverageAttributedRatio-app-cha": 334,
          "AverageAttributedRatio-ip-app-cha": 136,
          "AverageAttributedRatio-dev-cha": 239,
          "AverageAttributedRatio-ip-dev-cha": 133,
          "AverageAttributedRatio-app-dev-cha": 251,
          "AverageAttributedRatio-ip-app-dev-cha": 99,
          "AverageAttributedRatio-os-cha": 325,
          "AverageAttributedRatio-ip-os-cha": 71,
          "AverageAttributedRatio-app-os-cha": 404,
          "AverageAttributedRatio-ip-app-os-cha": 60,
          "AverageAttributedRatio-dev-os-cha": 254,
          "AverageAttributedRatio-ip-dev-os-cha": 59,
          "AverageAttributedRatio-app-dev-os-cha": 390,
          "AverageAttributedRatio-ip-app-dev-os-cha": 37,
          "KomakiLDA5NoDevice-ip-app-0": 937,
          "KomakiLDA5NoDevice-ip-app-1": 842,
          "KomakiLDA5NoDevice-ip-app-2": 1034,
          "KomakiLDA5NoDevice-ip-app-3": 605,
          "KomakiLDA5NoDevice-ip-app-4": 522,
          "KomakiLDA5NoDevice-ip-os-0": 849,
          "KomakiLDA5NoDevice-ip-os-1": 945,
          "KomakiLDA5NoDevice-ip-os-2": 580,
          "KomakiLDA5NoDevice-ip-os-3": 713,
          "KomakiLDA5NoDevice-ip-os-4": 795,
          "KomakiLDA5NoDevice-ip-channel-0": 892,
          "KomakiLDA5NoDevice-ip-channel-1": 770,
          "KomakiLDA5NoDevice-ip-channel-2": 913,
          "KomakiLDA5NoDevice-ip-channel-3": 967,
          "KomakiLDA5NoDevice-ip-channel-4": 1026,
          "KomakiLDA5NoDevice-app-ip-0": 240,
          "KomakiLDA5NoDevice-app-ip-1": 216,
          "KomakiLDA5NoDevice-app-ip-2": 193,
          "KomakiLDA5NoDevice-app-ip-3": 198,
          "KomakiLDA5NoDevice-app-ip-4": 159,
          "KomakiLDA5NoDevice-app-os-0": 133,
          "KomakiLDA5NoDevice-app-os-1": 223,
          "KomakiLDA5NoDevice-app-os-2": 110,
          "KomakiLDA5NoDevice-app-os-3": 110,
          "KomakiLDA5NoDevice-app-os-4": 149,
          "KomakiLDA5NoDevice-app-channel-0": 128,
          "KomakiLDA5NoDevice-app-channel-1": 151,
          "KomakiLDA5NoDevice-app-channel-2": 238,
          "KomakiLDA5NoDevice-app-channel-3": 186,
          "KomakiLDA5NoDevice-app-channel-4": 88,
          "KomakiLDA5NoDevice-os-ip-0": 317,
          "KomakiLDA5NoDevice-os-ip-1": 204,
          "KomakiLDA5NoDevice-os-ip-2": 215,
          "KomakiLDA5NoDevice-os-ip-3": 147,
          "KomakiLDA5NoDevice-os-ip-4": 222,
          "KomakiLDA5NoDevice-os-app-0": 271,
          "KomakiLDA5NoDevice-os-app-1": 286,
          "KomakiLDA5NoDevice-os-app-2": 99,
          "KomakiLDA5NoDevice-os-app-3": 194,
          "KomakiLDA5NoDevice-os-app-4": 99,
          "KomakiLDA5NoDevice-os-channel-0": 256,
          "KomakiLDA5NoDevice-os-channel-1": 103,
          "KomakiLDA5NoDevice-os-channel-2": 211,
          "KomakiLDA5NoDevice-os-channel-3": 292,
          "KomakiLDA5NoDevice-os-channel-4": 158,
          "KomakiLDA5NoDevice-channel-ip-0": 275,
          "KomakiLDA5NoDevice-channel-ip-1": 230,
          "KomakiLDA5NoDevice-channel-ip-2": 211,
          "KomakiLDA5NoDevice-channel-ip-3": 261,
          "KomakiLDA5NoDevice-channel-ip-4": 231,
          "KomakiLDA5NoDevice-channel-app-0": 251,
          "KomakiLDA5NoDevice-channel-app-1": 196,
          "KomakiLDA5NoDevice-channel-app-2": 244,
          "KomakiLDA5NoDevice-channel-app-3": 234,
          "KomakiLDA5NoDevice-channel-app-4": 205,
          "KomakiLDA5NoDevice-channel-os-0": 222,
          "KomakiLDA5NoDevice-channel-os-1": 262,
          "KomakiLDA5NoDevice-channel-os-2": 246,
          "KomakiLDA5NoDevice-channel-os-3": 220,
          "KomakiLDA5NoDevice-channel-os-4": 257,
          "KomakiNMF5NoDevice-ip-app-0": 457,
          "KomakiNMF5NoDevice-ip-app-1": 884,
          "KomakiNMF5NoDevice-ip-app-2": 686,
          "KomakiNMF5NoDevice-ip-app-3": 489,
          "KomakiNMF5NoDevice-ip-app-4": 595,
          "KomakiNMF5NoDevice-ip-os-0": 734,
          "KomakiNMF5NoDevice-ip-os-1": 688,
          "KomakiNMF5NoDevice-ip-os-2": 586,
          "KomakiNMF5NoDevice-ip-os-3": 635,
          "KomakiNMF5NoDevice-ip-os-4": 617,
          "KomakiNMF5NoDevice-ip-channel-0": 585,
          "KomakiNMF5NoDevice-ip-channel-1": 1044,
          "KomakiNMF5NoDevice-ip-channel-2": 532,
          "KomakiNMF5NoDevice-ip-channel-3": 780,
          "KomakiNMF5NoDevice-ip-channel-4": 682,
          "KomakiNMF5NoDevice-app-ip-0": 127,
          "KomakiNMF5NoDevice-app-ip-1": 137,
          "KomakiNMF5NoDevice-app-ip-2": 128,
          "KomakiNMF5NoDevice-app-ip-3": 107,
          "KomakiNMF5NoDevice-app-ip-4": 72,
          "KomakiNMF5NoDevice-app-os-0": 54,
          "KomakiNMF5NoDevice-app-os-1": 105,
          "KomakiNMF5NoDevice-app-os-2": 81,
          "KomakiNMF5NoDevice-app-os-3": 27,
          "KomakiNMF5NoDevice-app-os-4": 36,
          "KomakiNMF5NoDevice-app-channel-0": 98,
          "KomakiNMF5NoDevice-app-channel-1": 89,
          "KomakiNMF5NoDevice-app-channel-2": 103,
          "KomakiNMF5NoDevice-app-channel-3": 130,
          "KomakiNMF5NoDevice-app-channel-4": 94,
          "KomakiNMF5NoDevice-os-ip-0": 119,
          "KomakiNMF5NoDevice-os-ip-1": 128,
          "KomakiNMF5NoDevice-os-ip-2": 114,
          "KomakiNMF5NoDevice-os-ip-3": 116,
          "KomakiNMF5NoDevice-os-ip-4": 115,
          "KomakiNMF5NoDevice-os-app-0": 67,
          "KomakiNMF5NoDevice-os-app-1": 9,
          "KomakiNMF5NoDevice-os-app-2": 109,
          "KomakiNMF5NoDevice-os-app-3": 190,
          "KomakiNMF5NoDevice-os-app-4": 109,
          "KomakiNMF5NoDevice-os-channel-0": 233,
          "KomakiNMF5NoDevice-os-channel-1": 120,
          "KomakiNMF5NoDevice-os-channel-2": 245,
          "KomakiNMF5NoDevice-os-channel-3": 152,
          "KomakiNMF5NoDevice-os-channel-4": 146,
          "KomakiNMF5NoDevice-channel-ip-0": 278,
          "KomakiNMF5NoDevice-channel-ip-1": 163,
          "KomakiNMF5NoDevice-channel-ip-2": 166,
          "KomakiNMF5NoDevice-channel-ip-3": 236,
          "KomakiNMF5NoDevice-channel-ip-4": 180,
          "KomakiNMF5NoDevice-channel-app-0": 103,
          "KomakiNMF5NoDevice-channel-app-1": 54,
          "KomakiNMF5NoDevice-channel-app-2": 125,
          "KomakiNMF5NoDevice-channel-app-3": 125,
          "KomakiNMF5NoDevice-channel-app-4": 170,
          "KomakiNMF5NoDevice-channel-os-0": 206,
          "KomakiNMF5NoDevice-channel-os-1": 79,
          "KomakiNMF5NoDevice-channel-os-2": 178,
          "KomakiNMF5NoDevice-channel-os-3": 102,
          "KomakiNMF5NoDevice-channel-os-4": 256,
          "KomakiPCA5NoDevice-ip-app-0": 828,
          "KomakiPCA5NoDevice-ip-app-1": 617,
          "KomakiPCA5NoDevice-ip-app-2": 667,
          "KomakiPCA5NoDevice-ip-app-3": 533,
          "KomakiPCA5NoDevice-ip-app-4": 801,
          "KomakiPCA5NoDevice-ip-os-0": 992,
          "KomakiPCA5NoDevice-ip-os-1": 559,
          "KomakiPCA5NoDevice-ip-os-2": 632,
          "KomakiPCA5NoDevice-ip-os-3": 563,
          "KomakiPCA5NoDevice-ip-os-4": 687,
          "KomakiPCA5NoDevice-ip-channel-0": 1019,
          "KomakiPCA5NoDevice-ip-channel-1": 669,
          "KomakiPCA5NoDevice-ip-channel-2": 692,
          "KomakiPCA5NoDevice-ip-channel-3": 660,
          "KomakiPCA5NoDevice-ip-channel-4": 668,
          "KomakiPCA5NoDevice-app-ip-0": 96,
          "KomakiPCA5NoDevice-app-ip-1": 86,
          "KomakiPCA5NoDevice-app-ip-2": 107,
          "KomakiPCA5NoDevice-app-ip-3": 129,
          "KomakiPCA5NoDevice-app-ip-4": 95,
          "KomakiPCA5NoDevice-app-os-0": 108,
          "KomakiPCA5NoDevice-app-os-1": 103,
          "KomakiPCA5NoDevice-app-os-2": 102,
          "KomakiPCA5NoDevice-app-os-3": 119,
          "KomakiPCA5NoDevice-app-os-4": 104,
          "KomakiPCA5NoDevice-app-channel-0": 121,
          "KomakiPCA5NoDevice-app-channel-1": 109,
          "KomakiPCA5NoDevice-app-channel-2": 97,
          "KomakiPCA5NoDevice-app-channel-3": 111,
          "KomakiPCA5NoDevice-app-channel-4": 111,
          "KomakiPCA5NoDevice-os-ip-0": 51,
          "KomakiPCA5NoDevice-os-ip-1": 101,
          "KomakiPCA5NoDevice-os-ip-2": 162,
          "KomakiPCA5NoDevice-os-ip-3": 149,
          "KomakiPCA5NoDevice-os-ip-4": 141,
          "KomakiPCA5NoDevice-os-app-0": 128,
          "KomakiPCA5NoDevice-os-app-1": 114,
          "KomakiPCA5NoDevice-os-app-2": 82,
          "KomakiPCA5NoDevice-os-app-3": 169,
          "KomakiPCA5NoDevice-os-app-4": 195,
          "KomakiPCA5NoDevice-os-channel-0": 122,
          "KomakiPCA5NoDevice-os-channel-1": 194,
          "KomakiPCA5NoDevice-os-channel-2": 133,
          "KomakiPCA5NoDevice-os-channel-3": 103,
          "KomakiPCA5NoDevice-os-channel-4": 121,
          "KomakiPCA5NoDevice-channel-ip-0": 258,
          "KomakiPCA5NoDevice-channel-ip-1": 225,
          "KomakiPCA5NoDevice-channel-ip-2": 198,
          "KomakiPCA5NoDevice-channel-ip-3": 153,
          "KomakiPCA5NoDevice-channel-ip-4": 239,
          "KomakiPCA5NoDevice-channel-app-0": 217,
          "KomakiPCA5NoDevice-channel-app-1": 135,
          "KomakiPCA5NoDevice-channel-app-2": 152,
          "KomakiPCA5NoDevice-channel-app-3": 140,
          "KomakiPCA5NoDevice-channel-app-4": 167,
          "KomakiPCA5NoDevice-channel-os-0": 172,
          "KomakiPCA5NoDevice-channel-os-1": 179,
          "KomakiPCA5NoDevice-channel-os-2": 141,
          "KomakiPCA5NoDevice-channel-os-3": 169,
          "KomakiPCA5NoDevice-channel-os-4": 180
        }
      },
      {
        "train_auc": 0.9930301340522,
        "valid_auc": 0.9846850489345198,
        "best_iteration": 491,
        "train_time": 379.6465983390808,
        "feature_importance": {
          "app": 2734,
          "hour": 2818,
          "n_channels": 898,
          "ip_app_count": 816,
          "ip_app_os_count": 1008,
          "FutureClickCount_600-ip": 442,
          "FutureClickCount_600-app": 349,
          "FutureClickCount_600-ip-app": 152,
          "FutureClickCount_600-dev": 252,
          "FutureClickCount_600-ip-dev": 426,
          "FutureClickCount_600-app-dev": 332,
          "FutureClickCount_600-ip-app-dev": 140,
          "FutureClickCount_600-os": 283,
          "FutureClickCount_600-ip-os": 351,
          "FutureClickCount_600-app-os": 413,
          "FutureClickCount_600-ip-app-os": 203,
          "FutureClickCount_600-dev-os": 550,
          "FutureClickCount_600-ip-dev-os": 333,
          "FutureClickCount_600-app-dev-os": 533,
          "FutureClickCount_600-ip-app-dev-os": 332,
          "FutureClickCount_600-cha": 366,
          "FutureClickCount_600-ip-cha": 98,
          "FutureClickCount_600-app-cha": 446,
          "FutureClickCount_600-ip-app-cha": 65,
          "FutureClickCount_600-dev-cha": 254,
          "FutureClickCount_600-ip-dev-cha": 100,
          "FutureClickCount_600-app-dev-cha": 300,
          "FutureClickCount_600-ip-app-dev-cha": 85,
          "FutureClickCount_600-os-cha": 246,
          "FutureClickCount_600-ip-os-cha": 65,
          "FutureClickCount_600-app-os-cha": 257,
          "FutureClickCount_600-ip-app-os-cha": 88,
          "FutureClickCount_600-dev-os-cha": 257,
          "FutureClickCount_600-ip-dev-os-cha": 60,
          "FutureClickCount_600-app-dev-os-cha": 267,
          "FutureClickCount_600-ip-app-dev-os-cha": 75,
          "FutureClickCount_4800-ip": 692,
          "FutureClickCount_4800-app": 314,
          "FutureClickCount_4800-ip-app": 302,
          "FutureClickCount_4800-dev": 56,
          "FutureClickCount_4800-ip-dev": 941,
          "FutureClickCount_4800-app-dev": 159,
          "FutureClickCount_4800-ip-app-dev": 202,
          "FutureClickCount_4800-os": 115,
          "FutureClickCount_4800-ip-os": 473,
          "FutureClickCount_4800-app-os": 287,
          "FutureClickCount_4800-ip-app-os": 276,
          "FutureClickCount_4800-dev-os": 168,
          "FutureClickCount_4800-ip-dev-os": 690,
          "FutureClickCount_4800-app-dev-os": 454,
          "FutureClickCount_4800-ip-app-dev-os": 327,
          "FutureClickCount_4800-cha": 257,
          "FutureClickCount_4800-ip-cha": 164,
          "FutureClickCount_4800-app-cha": 501,
          "FutureClickCount_4800-ip-app-cha": 133,
          "FutureClickCount_4800-dev-cha": 181,
          "FutureClickCount_4800-ip-dev-cha": 127,
          "FutureClickCount_4800-app-dev-cha": 248,
          "FutureClickCount_4800-ip-app-dev-cha": 125,
          "FutureClickCount_4800-os-cha": 226,
          "FutureClickCount_4800-ip-os-cha": 104,
          "FutureClickCount_4800-app-os-cha": 252,
          "FutureClickCount_4800-ip-app-os-cha": 74,
          "FutureClickCount_4800-dev-os-cha": 255,
          "FutureClickCount_4800-ip-dev-os-cha": 74,
          "FutureClickCount_4800-app-dev-os-cha": 263,
          "FutureClickCount_4800-ip-app-dev-os-cha": 78,
          "NextClickTimeDelta-ip": 611,
          "NextClickTimeDelta-app": 126,
          "NextClickTimeDelta-ip-app": 772,
          "NextClickTimeDelta-dev": 75,
          "NextClickTimeDelta-ip-dev": 424,
          "NextClickTimeDelta-app-dev": 84,
          "NextClickTimeDelta-ip-app-dev": 504,
          "NextClickTimeDelta-os": 79,
          "NextClickTimeDelta-ip-os": 564,
          "NextClickTimeDelta-app-os": 159,
          "NextClickTimeDelta-ip-app-os": 1291,
          "NextClickTimeDelta-dev-os": 74,
          "NextClickTimeDelta-ip-dev-os": 381,
          "NextClickTimeDelta-app-dev-os": 124,
          "NextClickTimeDelta-ip-app-dev-os": 2178,
          "NextClickTimeDelta-cha": 124,
          "NextClickTimeDelta-ip-cha": 411,
          "NextClickTimeDelta-app-cha": 200,
          "NextClickTimeDelta-ip-app-cha": 363,
          "NextClickTimeDelta-dev-cha": 71,
          "NextClickTimeDelta-ip-dev-cha": 312,
          "NextClickTimeDelta-app-dev-cha": 138,
          "NextClickTimeDelta-ip-app-dev-cha": 291,
          "NextClickTimeDelta-os-cha": 207,
          "NextClickTimeDelta-ip-os-cha": 268,
          "NextClickTimeDelta-app-os-cha": 260,
          "NextClickTimeDelta-ip-app-os-cha": 377,
          "NextClickTimeDelta-dev-os-cha": 155,
          "NextClickTimeDelta-ip-dev-os-cha": 277,
          "NextClickTimeDelta-app-dev-os-cha": 188,
          "NextClickTimeDelta-ip-app-dev-os-cha": 491,
          "PrevClickTimeDelta-ip": 463,
          "PrevClickTimeDelta-app": 99,
          "PrevClickTimeDelta-ip-app": 307,
          "PrevClickTimeDelta-dev": 53,
          "PrevClickTimeDelta-ip-dev": 300,
          "PrevClickTimeDelta-app-dev": 87,
          "PrevClickTimeDelta-ip-app-dev": 211,
          "PrevClickTimeDelta-os": 118,
          "PrevClickTimeDelta-ip-os": 392,
          "PrevClickTimeDelta-app-os": 179,
          "PrevClickTimeDelta-ip-app-os": 298,
          "PrevClickTimeDelta-dev-os": 74,
          "PrevClickTimeDelta-ip-dev-os": 289,
          "PrevClickTimeDelta-app-dev-os": 144,
          "PrevClickTimeDelta-ip-app-dev-os": 267,
          "PrevClickTimeDelta-cha": 96,
          "PrevClickTimeDelta-ip-cha": 283,
          "PrevClickTimeDelta-app-cha": 156,
          "PrevClickTimeDelta-ip-app-cha": 198,
          "PrevClickTimeDelta-dev-cha": 114,
          "PrevClickTimeDelta-ip-dev-cha": 196,
          "PrevClickTimeDelta-app-dev-cha": 116,
          "PrevClickTimeDelta-ip-app-dev-cha": 184,
          "PrevClickTimeDelta-os-cha": 217,
          "PrevClickTimeDelta-ip-os-cha": 222,
          "PrevClickTimeDelta-app-os-cha": 182,
          "PrevClickTimeDelta-ip-app-os-cha": 195,
          "PrevClickTimeDelta-dev-os-cha": 160,
          "PrevClickTimeDelta-ip-dev-os-cha": 122,
          "PrevClickTimeDelta-app-dev-os-cha": 165,
          "PrevClickTimeDelta-ip-app-dev-os-cha": 130,
          "AverageAttributedRatio-ip": 333,
          "AverageAttributedRatio-app": 378,
          "AverageAttributedRatio-ip-app": 307,
          "AverageAttributedRatio-dev": 487,
          "AverageAttributedRatio-ip-dev": 379,
          "AverageAttributedRatio-app-dev": 227,
          "AverageAttributedRatio-ip-app-dev": 404,
          "AverageAttributedRatio-os": 296,
          "AverageAttributedRatio-ip-os": 276,
          "AverageAttributedRatio-app-os": 325,
          "AverageAttributedRatio-ip-app-os": 121,
          "AverageAttributedRatio-dev-os": 261,
          "AverageAttributedRatio-ip-dev-os": 241,
          "AverageAttributedRatio-app-dev-os": 337,
          "AverageAttributedRatio-ip-app-dev-os": 83,
          "AverageAttributedRatio-cha": 245,
          "AverageAttributedRatio-ip-cha": 169,
          "AverageAttributedRatio-app-cha": 273,
          "AverageAttributedRatio-ip-app-cha": 121,
          "AverageAttributedRatio-dev-cha": 170,
          "AverageAttributedRatio-ip-dev-cha": 131,
          "AverageAttributedRatio-app-dev-cha": 249,
          "AverageAttributedRatio-ip-app-dev-cha": 96,
          "AverageAttributedRatio-os-cha": 257,
          "AverageAttributedRatio-ip-os-cha": 64,
          "AverageAttributedRatio-app-os-cha": 377,
          "AverageAttributedRatio-ip-app-os-cha": 45,
          "AverageAttributedRatio-dev-os-cha": 239,
          "AverageAttributedRatio-ip-dev-os-cha": 59,
          "AverageAttributedRatio-app-dev-os-cha": 316,
          "AverageAttributedRatio-ip-app-dev-os-cha": 36,
          "KomakiLDA5NoDevice-ip-app-0": 844,
          "KomakiLDA5NoDevice-ip-app-1": 825,
          "KomakiLDA5NoDevice-ip-app-2": 952,
          "KomakiLDA5NoDevice-ip-app-3": 486,
          "KomakiLDA5NoDevice-ip-app-4": 453,
          "KomakiLDA5NoDevice-ip-os-0": 772,
          "KomakiLDA5NoDevice-ip-os-1": 784,
          "KomakiLDA5NoDevice-ip-os-2": 434,
          "KomakiLDA5NoDevice-ip-os-3": 593,
          "KomakiLDA5NoDevice-ip-os-4": 660,
          "KomakiLDA5NoDevice-ip-channel-0": 724,
          "KomakiLDA5NoDevice-ip-channel-1": 609,
          "KomakiLDA5NoDevice-ip-channel-2": 770,
          "KomakiLDA5NoDevice-ip-channel-3": 833,
          "KomakiLDA5NoDevice-ip-channel-4": 860,
          "KomakiLDA5NoDevice-app-ip-0": 246,
          "KomakiLDA5NoDevice-app-ip-1": 193,
          "KomakiLDA5NoDevice-app-ip-2": 179,
          "KomakiLDA5NoDevice-app-ip-3": 211,
          "KomakiLDA5NoDevice-app-ip-4": 130,
          "KomakiLDA5NoDevice-app-os-0": 129,
          "KomakiLDA5NoDevice-app-os-1": 198,
          "KomakiLDA5NoDevice-app-os-2": 118,
          "KomakiLDA5NoDevice-app-os-3": 127,
          "KomakiLDA5NoDevice-app-os-4": 153,
          "KomakiLDA5NoDevice-app-channel-0": 134,
          "KomakiLDA5NoDevice-app-channel-1": 157,
          "KomakiLDA5NoDevice-app-channel-2": 205,
          "KomakiLDA5NoDevice-app-channel-3": 161,
          "KomakiLDA5NoDevice-app-channel-4": 74,
          "KomakiLDA5NoDevice-os-ip-0": 284,
          "KomakiLDA5NoDevice-os-ip-1": 208,
          "KomakiLDA5NoDevice-os-ip-2": 184,
          "KomakiLDA5NoDevice-os-ip-3": 140,
          "KomakiLDA5NoDevice-os-ip-4": 181,
          "KomakiLDA5NoDevice-os-app-0": 278,
          "KomakiLDA5NoDevice-os-app-1": 240,
          "KomakiLDA5NoDevice-os-app-2": 98,
          "KomakiLDA5NoDevice-os-app-3": 183,
          "KomakiLDA5NoDevice-os-app-4": 93,
          "KomakiLDA5NoDevice-os-channel-0": 235,
          "KomakiLDA5NoDevice-os-channel-1": 91,
          "KomakiLDA5NoDevice-os-channel-2": 196,
          "KomakiLDA5NoDevice-os-channel-3": 222,
          "KomakiLDA5NoDevice-os-channel-4": 157,
          "KomakiLDA5NoDevice-channel-ip-0": 157,
          "KomakiLDA5NoDevice-channel-ip-1": 232,
          "KomakiLDA5NoDevice-channel-ip-2": 175,
          "KomakiLDA5NoDevice-channel-ip-3": 243,
          "KomakiLDA5NoDevice-channel-ip-4": 181,
          "KomakiLDA5NoDevice-channel-app-0": 203,
          "KomakiLDA5NoDevice-channel-app-1": 161,
          "KomakiLDA5NoDevice-channel-app-2": 195,
          "KomakiLDA5NoDevice-channel-app-3": 204,
          "KomakiLDA5NoDevice-channel-app-4": 145,
          "KomakiLDA5NoDevice-channel-os-0": 175,
          "KomakiLDA5NoDevice-channel-os-1": 218,
          "KomakiLDA5NoDevice-channel-os-2": 223,
          "KomakiLDA5NoDevice-channel-os-3": 193,
          "KomakiLDA5NoDevice-channel-os-4": 212,
          "KomakiNMF5NoDevice-ip-app-0": 378,
          "KomakiNMF5NoDevice-ip-app-1": 796,
          "KomakiNMF5NoDevice-ip-app-2": 551,
          "KomakiNMF5NoDevice-ip-app-3": 381,
          "KomakiNMF5NoDevice-ip-app-4": 494,
          "KomakiNMF5NoDevice-ip-os-0": 672,
          "KomakiNMF5NoDevice-ip-os-1": 672,
          "KomakiNMF5NoDevice-ip-os-2": 512,
          "KomakiNMF5NoDevice-ip-os-3": 587,
          "KomakiNMF5NoDevice-ip-os-4": 520,
          "KomakiNMF5NoDevice-ip-channel-0": 606,
          "KomakiNMF5NoDevice-ip-channel-1": 927,
          "KomakiNMF5NoDevice-ip-channel-2": 453,
          "KomakiNMF5NoDevice-ip-channel-3": 669,
          "KomakiNMF5NoDevice-ip-channel-4": 530,
          "KomakiNMF5NoDevice-app-ip-0": 147,
          "KomakiNMF5NoDevice-app-ip-1": 108,
          "KomakiNMF5NoDevice-app-ip-2": 112,
          "KomakiNMF5NoDevice-app-ip-3": 95,
          "KomakiNMF5NoDevice-app-ip-4": 78,
          "KomakiNMF5NoDevice-app-os-0": 49,
          "KomakiNMF5NoDevice-app-os-1": 107,
          "KomakiNMF5NoDevice-app-os-2": 67,
          "KomakiNMF5NoDevice-app-os-3": 29,
          "KomakiNMF5NoDevice-app-os-4": 54,
          "KomakiNMF5NoDevice-app-channel-0": 85,
          "KomakiNMF5NoDevice-app-channel-1": 83,
          "KomakiNMF5NoDevice-app-channel-2": 93,
          "KomakiNMF5NoDevice-app-channel-3": 112,
          "KomakiNMF5NoDevice-app-channel-4": 92,
          "KomakiNMF5NoDevice-os-ip-0": 92,
          "KomakiNMF5NoDevice-os-ip-1": 126,
          "KomakiNMF5NoDevice-os-ip-2": 84,
          "KomakiNMF5NoDevice-os-ip-3": 135,
          "KomakiNMF5NoDevice-os-ip-4": 83,
          "KomakiNMF5NoDevice-os-app-0": 67,
          "KomakiNMF5NoDevice-os-app-1": 10,
          "KomakiNMF5NoDevice-os-app-2": 86,
          "KomakiNMF5NoDevice-os-app-3": 175,
          "KomakiNMF5NoDevice-os-app-4": 95,
          "KomakiNMF5NoDevice-os-channel-0": 213,
          "KomakiNMF5NoDevice-os-channel-1": 85,
          "KomakiNMF5NoDevice-os-channel-2": 185,
          "KomakiNMF5NoDevice-os-channel-3": 211,
          "KomakiNMF5NoDevice-os-channel-4": 104,
          "KomakiNMF5NoDevice-channel-ip-0": 235,
          "KomakiNMF5NoDevice-channel-ip-1": 147,
          "KomakiNMF5NoDevice-channel-ip-2": 136,
          "KomakiNMF5NoDevice-channel-ip-3": 211,
          "KomakiNMF5NoDevice-channel-ip-4": 189,
          "KomakiNMF5NoDevice-channel-app-0": 102,
          "KomakiNMF5NoDevice-channel-app-1": 44,
          "KomakiNMF5NoDevice-channel-app-2": 90,
          "KomakiNMF5NoDevice-channel-app-3": 99,
          "KomakiNMF5NoDevice-channel-app-4": 156,
          "KomakiNMF5NoDevice-channel-os-0": 187,
          "KomakiNMF5NoDevice-channel-os-1": 66,
          "KomakiNMF5NoDevice-channel-os-2": 169,
          "KomakiNMF5NoDevice-channel-os-3": 81,
          "KomakiNMF5NoDevice-channel-os-4": 203,
          "KomakiPCA5NoDevice-ip-app-0": 679,
          "KomakiPCA5NoDevice-ip-app-1": 555,
          "KomakiPCA5NoDevice-ip-app-2": 561,
          "KomakiPCA5NoDevice-ip-app-3": 389,
          "KomakiPCA5NoDevice-ip-app-4": 667,
          "KomakiPCA5NoDevice-ip-os-0": 831,
          "KomakiPCA5NoDevice-ip-os-1": 433,
          "KomakiPCA5NoDevice-ip-os-2": 521,
          "KomakiPCA5NoDevice-ip-os-3": 409,
          "KomakiPCA5NoDevice-ip-os-4": 578,
          "KomakiPCA5NoDevice-ip-channel-0": 842,
          "KomakiPCA5NoDevice-ip-channel-1": 544,
          "KomakiPCA5NoDevice-ip-channel-2": 584,
          "KomakiPCA5NoDevice-ip-channel-3": 608,
          "KomakiPCA5NoDevice-ip-channel-4": 574,
          "KomakiPCA5NoDevice-app-ip-0": 66,
          "KomakiPCA5NoDevice-app-ip-1": 87,
          "KomakiPCA5NoDevice-app-ip-2": 95,
          "KomakiPCA5NoDevice-app-ip-3": 133,
          "KomakiPCA5NoDevice-app-ip-4": 87,
          "KomakiPCA5NoDevice-app-os-0": 116,
          "KomakiPCA5NoDevice-app-os-1": 79,
          "KomakiPCA5NoDevice-app-os-2": 109,
          "KomakiPCA5NoDevice-app-os-3": 118,
          "KomakiPCA5NoDevice-app-os-4": 88,
          "KomakiPCA5NoDevice-app-channel-0": 98,
          "KomakiPCA5NoDevice-app-channel-1": 103,
          "KomakiPCA5NoDevice-app-channel-2": 70,
          "KomakiPCA5NoDevice-app-channel-3": 98,
          "KomakiPCA5NoDevice-app-channel-4": 99,
          "KomakiPCA5NoDevice-os-ip-0": 44,
          "KomakiPCA5NoDevice-os-ip-1": 87,
          "KomakiPCA5NoDevice-os-ip-2": 113,
          "KomakiPCA5NoDevice-os-ip-3": 123,
          "KomakiPCA5NoDevice-os-ip-4": 125,
          "KomakiPCA5NoDevice-os-app-0": 136,
          "KomakiPCA5NoDevice-os-app-1": 95,
          "KomakiPCA5NoDevice-os-app-2": 79,
          "KomakiPCA5NoDevice-os-app-3": 122,
          "KomakiPCA5NoDevice-os-app-4": 182,
          "KomakiPCA5NoDevice-os-channel-0": 102,
          "KomakiPCA5NoDevice-os-channel-1": 165,
          "KomakiPCA5NoDevice-os-channel-2": 85,
          "KomakiPCA5NoDevice-os-channel-3": 85,
          "KomakiPCA5NoDevice-os-channel-4": 94,
          "KomakiPCA5NoDevice-channel-ip-0": 200,
          "KomakiPCA5NoDevice-channel-ip-1": 174,
          "KomakiPCA5NoDevice-channel-ip-2": 159,
          "KomakiPCA5NoDevice-channel-ip-3": 189,
          "KomakiPCA5NoDevice-channel-ip-4": 229,
          "KomakiPCA5NoDevice-channel-app-0": 172,
          "KomakiPCA5NoDevice-channel-app-1": 107,
          "KomakiPCA5NoDevice-channel-app-2": 117,
          "KomakiPCA5NoDevice-channel-app-3": 124,
          "KomakiPCA5NoDevice-channel-app-4": 156,
          "KomakiPCA5NoDevice-channel-os-0": 124,
          "KomakiPCA5NoDevice-channel-os-1": 134,
          "KomakiPCA5NoDevice-channel-os-2": 139,
          "KomakiPCA5NoDevice-channel-os-3": 172,
          "KomakiPCA5NoDevice-channel-os-4": 181
        }
      }
    ],
    "average_train_auc": 0.9939089728095916,
    "average_valid_auc": 0.9845088333385721,
    "train_auc_std": 0.0005039715820795559,
    "valid_auc_std": 0.00015706199751997125,
    "average_train_time": 443.672917175293
  },
  "config": {
    "features": [
      "app",
      "hour",
      "count",
      "future_click_count_10",
      "future_click_count_80",
      "next_click_time_delta",
      "prev_click_time_delta",
      "average_attributed_ratio",
      "komaki_lda_5_no_device",
      "komaki_nmf_5_no_device",
      "komaki_pca_5_no_device"
    ],
    "model": {
      "name": "lightgbm",
      "model_params": {
        "boosting_type": "gbdt",
        "objective": "binary",
        "metric": "auc",
        "learning_rate": 0.03,
        "num_leaves": 255,
        "max_depth": 8,
        "min_child_samples": 10,
        "max_bin": 100,
        "subsample": 0.7,
        "subsample_freq": 1,
        "colsample_bytree": 0.7,
        "min_child_weight": 0,
        "subsample_for_bin": 200000,
        "min_split_gain": 0,
        "reg_alpha": 0,
        "reg_lambda": 0,
        "verbose": 0
      },
      "train_params": {
        "num_boost_round": 1000,
        "early_stopping_rounds": 30
      }
    },
    "dataset": {
      "input_directory": "data/input/",
      "cache_directory": "data/working/",
      "files": {
        "train": "train.feather",
        "test": "old_test.feather"
      },
      "negative_down_sampling": {
        "enabled": true,
        "bagging_size": 5,
        "random_state": 114514
      }
    },
    "test_hours": {
      "filter_validation": true,
      "higher_train_weight": false
    },
    "note": "47 + test hours-based validation dataset filtering"
  }
}