{
  "training": {
    "trials": [
      {
        "train_auc": 0.9955809153133397,
        "valid_auc": 0.9848968871421474,
        "best_iteration": 784,
        "train_time": 620.7243921756744,
        "feature_importance": {
          "app": 4034,
          "hour": 4567,
          "n_channels": 1007,
          "ip_app_count": 1209,
          "ip_app_os_count": 1247,
          "FutureClickCount_60-ip": 462,
          "FutureClickCount_60-app": 596,
          "FutureClickCount_60-ip-app": 137,
          "FutureClickCount_60-dev": 1159,
          "FutureClickCount_60-ip-dev": 441,
          "FutureClickCount_60-app-dev": 509,
          "FutureClickCount_60-ip-app-dev": 129,
          "FutureClickCount_60-os": 616,
          "FutureClickCount_60-ip-os": 349,
          "FutureClickCount_60-app-os": 447,
          "FutureClickCount_60-ip-app-os": 117,
          "FutureClickCount_60-dev-os": 817,
          "FutureClickCount_60-ip-dev-os": 323,
          "FutureClickCount_60-app-dev-os": 484,
          "FutureClickCount_60-ip-app-dev-os": 180,
          "FutureClickCount_60-cha": 498,
          "FutureClickCount_60-ip-cha": 78,
          "FutureClickCount_60-app-cha": 569,
          "FutureClickCount_60-ip-app-cha": 58,
          "FutureClickCount_60-dev-cha": 368,
          "FutureClickCount_60-ip-dev-cha": 74,
          "FutureClickCount_60-app-dev-cha": 448,
          "FutureClickCount_60-ip-app-dev-cha": 51,
          "FutureClickCount_60-os-cha": 363,
          "FutureClickCount_60-ip-os-cha": 48,
          "FutureClickCount_60-app-os-cha": 330,
          "FutureClickCount_60-ip-app-os-cha": 36,
          "FutureClickCount_60-dev-os-cha": 390,
          "FutureClickCount_60-ip-dev-os-cha": 43,
          "FutureClickCount_60-app-dev-os-cha": 368,
          "FutureClickCount_60-ip-app-dev-os-cha": 49,
          "FutureClickCount_600-ip": 653,
          "FutureClickCount_600-app": 365,
          "FutureClickCount_600-ip-app": 216,
          "FutureClickCount_600-dev": 237,
          "FutureClickCount_600-ip-dev": 615,
          "FutureClickCount_600-app-dev": 363,
          "FutureClickCount_600-ip-app-dev": 208,
          "FutureClickCount_600-os": 228,
          "FutureClickCount_600-ip-os": 429,
          "FutureClickCount_600-app-os": 376,
          "FutureClickCount_600-ip-app-os": 239,
          "FutureClickCount_600-dev-os": 435,
          "FutureClickCount_600-ip-dev-os": 436,
          "FutureClickCount_600-app-dev-os": 458,
          "FutureClickCount_600-ip-app-dev-os": 342,
          "FutureClickCount_600-cha": 422,
          "FutureClickCount_600-ip-cha": 146,
          "FutureClickCount_600-app-cha": 582,
          "FutureClickCount_600-ip-app-cha": 115,
          "FutureClickCount_600-dev-cha": 307,
          "FutureClickCount_600-ip-dev-cha": 163,
          "FutureClickCount_600-app-dev-cha": 319,
          "FutureClickCount_600-ip-app-dev-cha": 101,
          "FutureClickCount_600-os-cha": 297,
          "FutureClickCount_600-ip-os-cha": 106,
          "FutureClickCount_600-app-os-cha": 326,
          "FutureClickCount_600-ip-app-os-cha": 82,
          "FutureClickCount_600-dev-os-cha": 281,
          "FutureClickCount_600-ip-dev-os-cha": 63,
          "FutureClickCount_600-app-dev-os-cha": 343,
          "FutureClickCount_600-ip-app-dev-os-cha": 72,
          "FutureClickCount_4800-ip": 927,
          "FutureClickCount_4800-app": 357,
          "FutureClickCount_4800-ip-app": 393,
          "FutureClickCount_4800-dev": 91,
          "FutureClickCount_4800-ip-dev": 1099,
          "FutureClickCount_4800-app-dev": 212,
          "FutureClickCount_4800-ip-app-dev": 347,
          "FutureClickCount_4800-os": 170,
          "FutureClickCount_4800-ip-os": 651,
          "FutureClickCount_4800-app-os": 343,
          "FutureClickCount_4800-ip-app-os": 381,
          "FutureClickCount_4800-dev-os": 234,
          "FutureClickCount_4800-ip-dev-os": 815,
          "FutureClickCount_4800-app-dev-os": 484,
          "FutureClickCount_4800-ip-app-dev-os": 452,
          "FutureClickCount_4800-cha": 375,
          "FutureClickCount_4800-ip-cha": 302,
          "FutureClickCount_4800-app-cha": 515,
          "FutureClickCount_4800-ip-app-cha": 250,
          "FutureClickCount_4800-dev-cha": 283,
          "FutureClickCount_4800-ip-dev-cha": 216,
          "FutureClickCount_4800-app-dev-cha": 319,
          "FutureClickCount_4800-ip-app-dev-cha": 194,
          "FutureClickCount_4800-os-cha": 348,
          "FutureClickCount_4800-ip-os-cha": 132,
          "FutureClickCount_4800-app-os-cha": 404,
          "FutureClickCount_4800-ip-app-os-cha": 139,
          "FutureClickCount_4800-dev-os-cha": 342,
          "FutureClickCount_4800-ip-dev-os-cha": 118,
          "FutureClickCount_4800-app-dev-os-cha": 355,
          "FutureClickCount_4800-ip-app-dev-os-cha": 128,
          "NextClickTimeDelta-ip": 803,
          "NextClickTimeDelta-app": 140,
          "NextClickTimeDelta-ip-app": 1078,
          "NextClickTimeDelta-dev": 83,
          "NextClickTimeDelta-ip-dev": 620,
          "NextClickTimeDelta-app-dev": 124,
          "NextClickTimeDelta-ip-app-dev": 705,
          "NextClickTimeDelta-os": 125,
          "NextClickTimeDelta-ip-os": 659,
          "NextClickTimeDelta-app-os": 267,
          "NextClickTimeDelta-ip-app-os": 1583,
          "NextClickTimeDelta-dev-os": 101,
          "NextClickTimeDelta-ip-dev-os": 484,
          "NextClickTimeDelta-app-dev-os": 222,
          "NextClickTimeDelta-ip-app-dev-os": 2644,
          "NextClickTimeDelta-cha": 162,
          "NextClickTimeDelta-ip-cha": 669,
          "NextClickTimeDelta-app-cha": 229,
          "NextClickTimeDelta-ip-app-cha": 616,
          "NextClickTimeDelta-dev-cha": 136,
          "NextClickTimeDelta-ip-dev-cha": 497,
          "NextClickTimeDelta-app-dev-cha": 171,
          "NextClickTimeDelta-ip-app-dev-cha": 466,
          "NextClickTimeDelta-os-cha": 312,
          "NextClickTimeDelta-ip-os-cha": 500,
          "NextClickTimeDelta-app-os-cha": 342,
          "NextClickTimeDelta-ip-app-os-cha": 548,
          "NextClickTimeDelta-dev-os-cha": 270,
          "NextClickTimeDelta-ip-dev-os-cha": 358,
          "NextClickTimeDelta-app-dev-os-cha": 290,
          "NextClickTimeDelta-ip-app-dev-os-cha": 599,
          "PrevClickTimeDelta-ip": 865,
          "PrevClickTimeDelta-app": 136,
          "PrevClickTimeDelta-ip-app": 553,
          "PrevClickTimeDelta-dev": 75,
          "PrevClickTimeDelta-ip-dev": 486,
          "PrevClickTimeDelta-app-dev": 98,
          "PrevClickTimeDelta-ip-app-dev": 430,
          "PrevClickTimeDelta-os": 125,
          "PrevClickTimeDelta-ip-os": 679,
          "PrevClickTimeDelta-app-os": 244,
          "PrevClickTimeDelta-ip-app-os": 468,
          "PrevClickTimeDelta-dev-os": 89,
          "PrevClickTimeDelta-ip-dev-os": 408,
          "PrevClickTimeDelta-app-dev-os": 213,
          "PrevClickTimeDelta-ip-app-dev-os": 388,
          "PrevClickTimeDelta-cha": 169,
          "PrevClickTimeDelta-ip-cha": 548,
          "PrevClickTimeDelta-app-cha": 211,
          "PrevClickTimeDelta-ip-app-cha": 366,
          "PrevClickTimeDelta-dev-cha": 147,
          "PrevClickTimeDelta-ip-dev-cha": 351,
          "PrevClickTimeDelta-app-dev-cha": 141,
          "PrevClickTimeDelta-ip-app-dev-cha": 277,
          "PrevClickTimeDelta-os-cha": 327,
          "PrevClickTimeDelta-ip-os-cha": 374,
          "PrevClickTimeDelta-app-os-cha": 363,
          "PrevClickTimeDelta-ip-app-os-cha": 311,
          "PrevClickTimeDelta-dev-os-cha": 242,
          "PrevClickTimeDelta-ip-dev-os-cha": 296,
          "PrevClickTimeDelta-app-dev-os-cha": 248,
          "PrevClickTimeDelta-ip-app-dev-os-cha": 197,
          "AverageAttributedRatio-ip": 632,
          "AverageAttributedRatio-app": 497,
          "AverageAttributedRatio-ip-app": 432,
          "AverageAttributedRatio-dev": 843,
          "AverageAttributedRatio-ip-dev": 529,
          "AverageAttributedRatio-app-dev": 341,
          "AverageAttributedRatio-ip-app-dev": 483,
          "AverageAttributedRatio-os": 537,
          "AverageAttributedRatio-ip-os": 373,
          "AverageAttributedRatio-app-os": 414,
          "AverageAttributedRatio-ip-app-os": 142,
          "AverageAttributedRatio-dev-os": 394,
          "AverageAttributedRatio-ip-dev-os": 409,
          "AverageAttributedRatio-app-dev-os": 419,
          "AverageAttributedRatio-ip-app-dev-os": 148,
          "AverageAttributedRatio-cha": 434,
          "AverageAttributedRatio-ip-cha": 196,
          "AverageAttributedRatio-app-cha": 394,
          "AverageAttributedRatio-ip-app-cha": 192,
          "AverageAttributedRatio-dev-cha": 278,
          "AverageAttributedRatio-ip-dev-cha": 138,
          "AverageAttributedRatio-app-dev-cha": 342,
          "AverageAttributedRatio-ip-app-dev-cha": 178,
          "AverageAttributedRatio-os-cha": 434,
          "AverageAttributedRatio-ip-os-cha": 109,
          "AverageAttributedRatio-app-os-cha": 512,
          "AverageAttributedRatio-ip-app-os-cha": 79,
          "AverageAttributedRatio-dev-os-cha": 357,
          "AverageAttributedRatio-ip-dev-os-cha": 94,
          "AverageAttributedRatio-app-dev-os-cha": 431,
          "AverageAttributedRatio-ip-app-dev-os-cha": 77,
          "KomakiLDA5NoDevice-ip-app-0": 1253,
          "KomakiLDA5NoDevice-ip-app-1": 1203,
          "KomakiLDA5NoDevice-ip-app-2": 1342,
          "KomakiLDA5NoDevice-ip-app-3": 798,
          "KomakiLDA5NoDevice-ip-app-4": 705,
          "KomakiLDA5NoDevice-ip-os-0": 1261,
          "KomakiLDA5NoDevice-ip-os-1": 1243,
          "KomakiLDA5NoDevice-ip-os-2": 846,
          "KomakiLDA5NoDevice-ip-os-3": 1002,
          "KomakiLDA5NoDevice-ip-os-4": 1143,
          "KomakiLDA5NoDevice-ip-channel-0": 1190,
          "KomakiLDA5NoDevice-ip-channel-1": 983,
          "KomakiLDA5NoDevice-ip-channel-2": 1294,
          "KomakiLDA5NoDevice-ip-channel-3": 1288,
          "KomakiLDA5NoDevice-ip-channel-4": 1363,
          "KomakiLDA5NoDevice-app-ip-0": 345,
          "KomakiLDA5NoDevice-app-ip-1": 250,
          "KomakiLDA5NoDevice-app-ip-2": 233,
          "KomakiLDA5NoDevice-app-ip-3": 224,
          "KomakiLDA5NoDevice-app-ip-4": 188,
          "KomakiLDA5NoDevice-app-os-0": 151,
          "KomakiLDA5NoDevice-app-os-1": 249,
          "KomakiLDA5NoDevice-app-os-2": 168,
          "KomakiLDA5NoDevice-app-os-3": 156,
          "KomakiLDA5NoDevice-app-os-4": 202,
          "KomakiLDA5NoDevice-app-channel-0": 184,
          "KomakiLDA5NoDevice-app-channel-1": 176,
          "KomakiLDA5NoDevice-app-channel-2": 250,
          "KomakiLDA5NoDevice-app-channel-3": 210,
          "KomakiLDA5NoDevice-app-channel-4": 121,
          "KomakiLDA5NoDevice-os-ip-0": 383,
          "KomakiLDA5NoDevice-os-ip-1": 256,
          "KomakiLDA5NoDevice-os-ip-2": 291,
          "KomakiLDA5NoDevice-os-ip-3": 195,
          "KomakiLDA5NoDevice-os-ip-4": 258,
          "KomakiLDA5NoDevice-os-app-0": 318,
          "KomakiLDA5NoDevice-os-app-1": 414,
          "KomakiLDA5NoDevice-os-app-2": 129,
          "KomakiLDA5NoDevice-os-app-3": 235,
          "KomakiLDA5NoDevice-os-app-4": 166,
          "KomakiLDA5NoDevice-os-channel-0": 321,
          "KomakiLDA5NoDevice-os-channel-1": 164,
          "KomakiLDA5NoDevice-os-channel-2": 258,
          "KomakiLDA5NoDevice-os-channel-3": 301,
          "KomakiLDA5NoDevice-os-channel-4": 195,
          "KomakiLDA5NoDevice-channel-ip-0": 295,
          "KomakiLDA5NoDevice-channel-ip-1": 348,
          "KomakiLDA5NoDevice-channel-ip-2": 294,
          "KomakiLDA5NoDevice-channel-ip-3": 362,
          "KomakiLDA5NoDevice-channel-ip-4": 287,
          "KomakiLDA5NoDevice-channel-app-0": 289,
          "KomakiLDA5NoDevice-channel-app-1": 279,
          "KomakiLDA5NoDevice-channel-app-2": 304,
          "KomakiLDA5NoDevice-channel-app-3": 281,
          "KomakiLDA5NoDevice-channel-app-4": 248,
          "KomakiLDA5NoDevice-channel-os-0": 313,
          "KomakiLDA5NoDevice-channel-os-1": 303,
          "KomakiLDA5NoDevice-channel-os-2": 342,
          "KomakiLDA5NoDevice-channel-os-3": 290,
          "KomakiLDA5NoDevice-channel-os-4": 294,
          "KomakiNMF5NoDevice-ip-app-0": 722,
          "KomakiNMF5NoDevice-ip-app-1": 1060,
          "KomakiNMF5NoDevice-ip-app-2": 876,
          "KomakiNMF5NoDevice-ip-app-3": 685,
          "KomakiNMF5NoDevice-ip-app-4": 844,
          "KomakiNMF5NoDevice-ip-os-0": 995,
          "KomakiNMF5NoDevice-ip-os-1": 1041,
          "KomakiNMF5NoDevice-ip-os-2": 938,
          "KomakiNMF5NoDevice-ip-os-3": 964,
          "KomakiNMF5NoDevice-ip-os-4": 918,
          "KomakiNMF5NoDevice-ip-channel-0": 860,
          "KomakiNMF5NoDevice-ip-channel-1": 1257,
          "KomakiNMF5NoDevice-ip-channel-2": 869,
          "KomakiNMF5NoDevice-ip-channel-3": 1058,
          "KomakiNMF5NoDevice-ip-channel-4": 928,
          "KomakiNMF5NoDevice-app-ip-0": 131,
          "KomakiNMF5NoDevice-app-ip-1": 156,
          "KomakiNMF5NoDevice-app-ip-2": 139,
          "KomakiNMF5NoDevice-app-ip-3": 120,
          "KomakiNMF5NoDevice-app-ip-4": 97,
          "KomakiNMF5NoDevice-app-os-0": 48,
          "KomakiNMF5NoDevice-app-os-1": 122,
          "KomakiNMF5NoDevice-app-os-2": 119,
          "KomakiNMF5NoDevice-app-os-3": 34,
          "KomakiNMF5NoDevice-app-os-4": 35,
          "KomakiNMF5NoDevice-app-channel-0": 105,
          "KomakiNMF5NoDevice-app-channel-1": 132,
          "KomakiNMF5NoDevice-app-channel-2": 130,
          "KomakiNMF5NoDevice-app-channel-3": 127,
          "KomakiNMF5NoDevice-app-channel-4": 110,
          "KomakiNMF5NoDevice-os-ip-0": 151,
          "KomakiNMF5NoDevice-os-ip-1": 199,
          "KomakiNMF5NoDevice-os-ip-2": 142,
          "KomakiNMF5NoDevice-os-ip-3": 180,
          "KomakiNMF5NoDevice-os-ip-4": 142,
          "KomakiNMF5NoDevice-os-app-0": 81,
          "KomakiNMF5NoDevice-os-app-1": 32,
          "KomakiNMF5NoDevice-os-app-2": 91,
          "KomakiNMF5NoDevice-os-app-3": 255,
          "KomakiNMF5NoDevice-os-app-4": 124,
          "KomakiNMF5NoDevice-os-channel-0": 326,
          "KomakiNMF5NoDevice-os-channel-1": 159,
          "KomakiNMF5NoDevice-os-channel-2": 323,
          "KomakiNMF5NoDevice-os-channel-3": 235,
          "KomakiNMF5NoDevice-os-channel-4": 204,
          "KomakiNMF5NoDevice-channel-ip-0": 350,
          "KomakiNMF5NoDevice-channel-ip-1": 214,
          "KomakiNMF5NoDevice-channel-ip-2": 251,
          "KomakiNMF5NoDevice-channel-ip-3": 319,
          "KomakiNMF5NoDevice-channel-ip-4": 297,
          "KomakiNMF5NoDevice-channel-app-0": 156,
          "KomakiNMF5NoDevice-channel-app-1": 85,
          "KomakiNMF5NoDevice-channel-app-2": 184,
          "KomakiNMF5NoDevice-channel-app-3": 145,
          "KomakiNMF5NoDevice-channel-app-4": 167,
          "KomakiNMF5NoDevice-channel-os-0": 278,
          "KomakiNMF5NoDevice-channel-os-1": 75,
          "KomakiNMF5NoDevice-channel-os-2": 252,
          "KomakiNMF5NoDevice-channel-os-3": 139,
          "KomakiNMF5NoDevice-channel-os-4": 286,
          "KomakiPCA5NoDevice-ip-app-0": 1181,
          "KomakiPCA5NoDevice-ip-app-1": 986,
          "KomakiPCA5NoDevice-ip-app-2": 951,
          "KomakiPCA5NoDevice-ip-app-3": 688,
          "KomakiPCA5NoDevice-ip-app-4": 1014,
          "KomakiPCA5NoDevice-ip-os-0": 1161,
          "KomakiPCA5NoDevice-ip-os-1": 970,
          "KomakiPCA5NoDevice-ip-os-2": 811,
          "KomakiPCA5NoDevice-ip-os-3": 844,
          "KomakiPCA5NoDevice-ip-os-4": 969,
          "KomakiPCA5NoDevice-ip-channel-0": 1363,
          "KomakiPCA5NoDevice-ip-channel-1": 985,
          "KomakiPCA5NoDevice-ip-channel-2": 919,
          "KomakiPCA5NoDevice-ip-channel-3": 1056,
          "KomakiPCA5NoDevice-ip-channel-4": 978,
          "KomakiPCA5NoDevice-app-ip-0": 103,
          "KomakiPCA5NoDevice-app-ip-1": 109,
          "KomakiPCA5NoDevice-app-ip-2": 108,
          "KomakiPCA5NoDevice-app-ip-3": 175,
          "KomakiPCA5NoDevice-app-ip-4": 107,
          "KomakiPCA5NoDevice-app-os-0": 148,
          "KomakiPCA5NoDevice-app-os-1": 95,
          "KomakiPCA5NoDevice-app-os-2": 140,
          "KomakiPCA5NoDevice-app-os-3": 140,
          "KomakiPCA5NoDevice-app-os-4": 127,
          "KomakiPCA5NoDevice-app-channel-0": 98,
          "KomakiPCA5NoDevice-app-channel-1": 154,
          "KomakiPCA5NoDevice-app-channel-2": 128,
          "KomakiPCA5NoDevice-app-channel-3": 118,
          "KomakiPCA5NoDevice-app-channel-4": 195,
          "KomakiPCA5NoDevice-os-ip-0": 78,
          "KomakiPCA5NoDevice-os-ip-1": 136,
          "KomakiPCA5NoDevice-os-ip-2": 187,
          "KomakiPCA5NoDevice-os-ip-3": 206,
          "KomakiPCA5NoDevice-os-ip-4": 160,
          "KomakiPCA5NoDevice-os-app-0": 167,
          "KomakiPCA5NoDevice-os-app-1": 146,
          "KomakiPCA5NoDevice-os-app-2": 116,
          "KomakiPCA5NoDevice-os-app-3": 210,
          "KomakiPCA5NoDevice-os-app-4": 215,
          "KomakiPCA5NoDevice-os-channel-0": 180,
          "KomakiPCA5NoDevice-os-channel-1": 205,
          "KomakiPCA5NoDevice-os-channel-2": 151,
          "KomakiPCA5NoDevice-os-channel-3": 159,
          "KomakiPCA5NoDevice-os-channel-4": 179,
          "KomakiPCA5NoDevice-channel-ip-0": 301,
          "KomakiPCA5NoDevice-channel-ip-1": 295,
          "KomakiPCA5NoDevice-channel-ip-2": 332,
          "KomakiPCA5NoDevice-channel-ip-3": 256,
          "KomakiPCA5NoDevice-channel-ip-4": 327,
          "KomakiPCA5NoDevice-channel-app-0": 294,
          "KomakiPCA5NoDevice-channel-app-1": 188,
          "KomakiPCA5NoDevice-channel-app-2": 232,
          "KomakiPCA5NoDevice-channel-app-3": 178,
          "KomakiPCA5NoDevice-channel-app-4": 239,
          "KomakiPCA5NoDevice-channel-os-0": 255,
          "KomakiPCA5NoDevice-channel-os-1": 241,
          "KomakiPCA5NoDevice-channel-os-2": 198,
          "KomakiPCA5NoDevice-channel-os-3": 232,
          "KomakiPCA5NoDevice-channel-os-4": 284
        }
      },
      {
        "train_auc": 0.9945055751916837,
        "valid_auc": 0.9848696459341348,
        "best_iteration": 640,
        "train_time": 522.823813199997,
        "feature_importance": {
          "app": 3498,
          "hour": 3790,
          "n_channels": 976,
          "ip_app_count": 972,
          "ip_app_os_count": 1101,
          "FutureClickCount_60-ip": 408,
          "FutureClickCount_60-app": 471,
          "FutureClickCount_60-ip-app": 139,
          "FutureClickCount_60-dev": 955,
          "FutureClickCount_60-ip-dev": 348,
          "FutureClickCount_60-app-dev": 406,
          "FutureClickCount_60-ip-app-dev": 92,
          "FutureClickCount_60-os": 499,
          "FutureClickCount_60-ip-os": 297,
          "FutureClickCount_60-app-os": 346,
          "FutureClickCount_60-ip-app-os": 68,
          "FutureClickCount_60-dev-os": 664,
          "FutureClickCount_60-ip-dev-os": 236,
          "FutureClickCount_60-app-dev-os": 459,
          "FutureClickCount_60-ip-app-dev-os": 132,
          "FutureClickCount_60-cha": 449,
          "FutureClickCount_60-ip-cha": 79,
          "FutureClickCount_60-app-cha": 490,
          "FutureClickCount_60-ip-app-cha": 47,
          "FutureClickCount_60-dev-cha": 300,
          "FutureClickCount_60-ip-dev-cha": 55,
          "FutureClickCount_60-app-dev-cha": 346,
          "FutureClickCount_60-ip-app-dev-cha": 33,
          "FutureClickCount_60-os-cha": 315,
          "FutureClickCount_60-ip-os-cha": 36,
          "FutureClickCount_60-app-os-cha": 267,
          "FutureClickCount_60-ip-app-os-cha": 24,
          "FutureClickCount_60-dev-os-cha": 328,
          "FutureClickCount_60-ip-dev-os-cha": 37,
          "FutureClickCount_60-app-dev-os-cha": 262,
          "FutureClickCount_60-ip-app-dev-os-cha": 43,
          "FutureClickCount_600-ip": 525,
          "FutureClickCount_600-app": 303,
          "FutureClickCount_600-ip-app": 204,
          "FutureClickCount_600-dev": 181,
          "FutureClickCount_600-ip-dev": 489,
          "FutureClickCount_600-app-dev": 302,
          "FutureClickCount_600-ip-app-dev": 137,
          "FutureClickCount_600-os": 208,
          "FutureClickCount_600-ip-os": 370,
          "FutureClickCount_600-app-os": 277,
          "FutureClickCount_600-ip-app-os": 222,
          "FutureClickCount_600-dev-os": 396,
          "FutureClickCount_600-ip-dev-os": 301,
          "FutureClickCount_600-app-dev-os": 397,
          "FutureClickCount_600-ip-app-dev-os": 268,
          "FutureClickCount_600-cha": 333,
          "FutureClickCount_600-ip-cha": 116,
          "FutureClickCount_600-app-cha": 489,
          "FutureClickCount_600-ip-app-cha": 82,
          "FutureClickCount_600-dev-cha": 244,
          "FutureClickCount_600-ip-dev-cha": 103,
          "FutureClickCount_600-app-dev-cha": 291,
          "FutureClickCount_600-ip-app-dev-cha": 94,
          "FutureClickCount_600-os-cha": 246,
          "FutureClickCount_600-ip-os-cha": 66,
          "FutureClickCount_600-app-os-cha": 292,
          "FutureClickCount_600-ip-app-os-cha": 61,
          "FutureClickCount_600-dev-os-cha": 266,
          "FutureClickCount_600-ip-dev-os-cha": 61,
          "FutureClickCount_600-app-dev-os-cha": 216,
          "FutureClickCount_600-ip-app-dev-os-cha": 56,
          "FutureClickCount_4800-ip": 840,
          "FutureClickCount_4800-app": 302,
          "FutureClickCount_4800-ip-app": 325,
          "FutureClickCount_4800-dev": 85,
          "FutureClickCount_4800-ip-dev": 974,
          "FutureClickCount_4800-app-dev": 178,
          "FutureClickCount_4800-ip-app-dev": 284,
          "FutureClickCount_4800-os": 139,
          "FutureClickCount_4800-ip-os": 541,
          "FutureClickCount_4800-app-os": 321,
          "FutureClickCount_4800-ip-app-os": 315,
          "FutureClickCount_4800-dev-os": 170,
          "FutureClickCount_4800-ip-dev-os": 685,
          "FutureClickCount_4800-app-dev-os": 385,
          "FutureClickCount_4800-ip-app-dev-os": 376,
          "FutureClickCount_4800-cha": 276,
          "FutureClickCount_4800-ip-cha": 227,
          "FutureClickCount_4800-app-cha": 506,
          "FutureClickCount_4800-ip-app-cha": 183,
          "FutureClickCount_4800-dev-cha": 203,
          "FutureClickCount_4800-ip-dev-cha": 160,
          "FutureClickCount_4800-app-dev-cha": 270,
          "FutureClickCount_4800-ip-app-dev-cha": 158,
          "FutureClickCount_4800-os-cha": 285,
          "FutureClickCount_4800-ip-os-cha": 118,
          "FutureClickCount_4800-app-os-cha": 320,
          "FutureClickCount_4800-ip-app-os-cha": 108,
          "FutureClickCount_4800-dev-os-cha": 287,
          "FutureClickCount_4800-ip-dev-os-cha": 102,
          "FutureClickCount_4800-app-dev-os-cha": 289,
          "FutureClickCount_4800-ip-app-dev-os-cha": 132,
          "NextClickTimeDelta-ip": 700,
          "NextClickTimeDelta-app": 112,
          "NextClickTimeDelta-ip-app": 909,
          "NextClickTimeDelta-dev": 44,
          "NextClickTimeDelta-ip-dev": 540,
          "NextClickTimeDelta-app-dev": 107,
          "NextClickTimeDelta-ip-app-dev": 562,
          "NextClickTimeDelta-os": 101,
          "NextClickTimeDelta-ip-os": 600,
          "NextClickTimeDelta-app-os": 198,
          "NextClickTimeDelta-ip-app-os": 1342,
          "NextClickTimeDelta-dev-os": 79,
          "NextClickTimeDelta-ip-dev-os": 442,
          "NextClickTimeDelta-app-dev-os": 177,
          "NextClickTimeDelta-ip-app-dev-os": 2364,
          "NextClickTimeDelta-cha": 147,
          "NextClickTimeDelta-ip-cha": 571,
          "NextClickTimeDelta-app-cha": 210,
          "NextClickTimeDelta-ip-app-cha": 474,
          "NextClickTimeDelta-dev-cha": 111,
          "NextClickTimeDelta-ip-dev-cha": 325,
          "NextClickTimeDelta-app-dev-cha": 121,
          "NextClickTimeDelta-ip-app-dev-cha": 404,
          "NextClickTimeDelta-os-cha": 293,
          "NextClickTimeDelta-ip-os-cha": 331,
          "NextClickTimeDelta-app-os-cha": 283,
          "NextClickTimeDelta-ip-app-os-cha": 441,
          "NextClickTimeDelta-dev-os-cha": 200,
          "NextClickTimeDelta-ip-dev-os-cha": 301,
          "NextClickTimeDelta-app-dev-os-cha": 216,
          "NextClickTimeDelta-ip-app-dev-os-cha": 523,
          "PrevClickTimeDelta-ip": 635,
          "PrevClickTimeDelta-app": 148,
          "PrevClickTimeDelta-ip-app": 443,
          "PrevClickTimeDelta-dev": 84,
          "PrevClickTimeDelta-ip-dev": 353,
          "PrevClickTimeDelta-app-dev": 105,
          "PrevClickTimeDelta-ip-app-dev": 334,
          "PrevClickTimeDelta-os": 123,
          "PrevClickTimeDelta-ip-os": 488,
          "PrevClickTimeDelta-app-os": 206,
          "PrevClickTimeDelta-ip-app-os": 423,
          "PrevClickTimeDelta-dev-os": 78,
          "PrevClickTimeDelta-ip-dev-os": 335,
          "PrevClickTimeDelta-app-dev-os": 175,
          "PrevClickTimeDelta-ip-app-dev-os": 307,
          "PrevClickTimeDelta-cha": 118,
          "PrevClickTimeDelta-ip-cha": 380,
          "PrevClickTimeDelta-app-cha": 148,
          "PrevClickTimeDelta-ip-app-cha": 338,
          "PrevClickTimeDelta-dev-cha": 117,
          "PrevClickTimeDelta-ip-dev-cha": 264,
          "PrevClickTimeDelta-app-dev-cha": 110,
          "PrevClickTimeDelta-ip-app-dev-cha": 191,
          "PrevClickTimeDelta-os-cha": 294,
          "PrevClickTimeDelta-ip-os-cha": 272,
          "PrevClickTimeDelta-app-os-cha": 267,
          "PrevClickTimeDelta-ip-app-os-cha": 253,
          "PrevClickTimeDelta-dev-os-cha": 175,
          "PrevClickTimeDelta-ip-dev-os-cha": 202,
          "PrevClickTimeDelta-app-dev-os-cha": 206,
          "PrevClickTimeDelta-ip-app-dev-os-cha": 166,
          "AverageAttributedRatio-ip": 500,
          "AverageAttributedRatio-app": 445,
          "AverageAttributedRatio-ip-app": 366,
          "AverageAttributedRatio-dev": 667,
          "AverageAttributedRatio-ip-dev": 487,
          "AverageAttributedRatio-app-dev": 330,
          "AverageAttributedRatio-ip-app-dev": 411,
          "AverageAttributedRatio-os": 413,
          "AverageAttributedRatio-ip-os": 311,
          "AverageAttributedRatio-app-os": 365,
          "AverageAttributedRatio-ip-app-os": 135,
          "AverageAttributedRatio-dev-os": 351,
          "AverageAttributedRatio-ip-dev-os": 316,
          "AverageAttributedRatio-app-dev-os": 411,
          "AverageAttributedRatio-ip-app-dev-os": 126,
          "AverageAttributedRatio-cha": 388,
          "AverageAttributedRatio-ip-cha": 177,
          "AverageAttributedRatio-app-cha": 338,
          "AverageAttributedRatio-ip-app-cha": 135,
          "AverageAttributedRatio-dev-cha": 214,
          "AverageAttributedRatio-ip-dev-cha": 136,
          "AverageAttributedRatio-app-dev-cha": 296,
          "AverageAttributedRatio-ip-app-dev-cha": 161,
          "AverageAttributedRatio-os-cha": 348,
          "AverageAttributedRatio-ip-os-cha": 87,
          "AverageAttributedRatio-app-os-cha": 438,
          "AverageAttributedRatio-ip-app-os-cha": 65,
          "AverageAttributedRatio-dev-os-cha": 296,
          "AverageAttributedRatio-ip-dev-os-cha": 80,
          "AverageAttributedRatio-app-dev-os-cha": 377,
          "AverageAttributedRatio-ip-app-dev-os-cha": 46,
          "KomakiLDA5NoDevice-ip-app-0": 1088,
          "KomakiLDA5NoDevice-ip-app-1": 1081,
          "KomakiLDA5NoDevice-ip-app-2": 1072,
          "KomakiLDA5NoDevice-ip-app-3": 687,
          "KomakiLDA5NoDevice-ip-app-4": 580,
          "KomakiLDA5NoDevice-ip-os-0": 1048,
          "KomakiLDA5NoDevice-ip-os-1": 988,
          "KomakiLDA5NoDevice-ip-os-2": 654,
          "KomakiLDA5NoDevice-ip-os-3": 812,
          "KomakiLDA5NoDevice-ip-os-4": 837,
          "KomakiLDA5NoDevice-ip-channel-0": 981,
          "KomakiLDA5NoDevice-ip-channel-1": 806,
          "KomakiLDA5NoDevice-ip-channel-2": 1017,
          "KomakiLDA5NoDevice-ip-channel-3": 1066,
          "KomakiLDA5NoDevice-ip-channel-4": 1135,
          "KomakiLDA5NoDevice-app-ip-0": 276,
          "KomakiLDA5NoDevice-app-ip-1": 235,
          "KomakiLDA5NoDevice-app-ip-2": 198,
          "KomakiLDA5NoDevice-app-ip-3": 230,
          "KomakiLDA5NoDevice-app-ip-4": 155,
          "KomakiLDA5NoDevice-app-os-0": 125,
          "KomakiLDA5NoDevice-app-os-1": 228,
          "KomakiLDA5NoDevice-app-os-2": 148,
          "KomakiLDA5NoDevice-app-os-3": 127,
          "KomakiLDA5NoDevice-app-os-4": 194,
          "KomakiLDA5NoDevice-app-channel-0": 164,
          "KomakiLDA5NoDevice-app-channel-1": 169,
          "KomakiLDA5NoDevice-app-channel-2": 222,
          "KomakiLDA5NoDevice-app-channel-3": 179,
          "KomakiLDA5NoDevice-app-channel-4": 88,
          "KomakiLDA5NoDevice-os-ip-0": 310,
          "KomakiLDA5NoDevice-os-ip-1": 197,
          "KomakiLDA5NoDevice-os-ip-2": 220,
          "KomakiLDA5NoDevice-os-ip-3": 142,
          "KomakiLDA5NoDevice-os-ip-4": 237,
          "KomakiLDA5NoDevice-os-app-0": 259,
          "KomakiLDA5NoDevice-os-app-1": 311,
          "KomakiLDA5NoDevice-os-app-2": 123,
          "KomakiLDA5NoDevice-os-app-3": 250,
          "KomakiLDA5NoDevice-os-app-4": 108,
          "KomakiLDA5NoDevice-os-channel-0": 248,
          "KomakiLDA5NoDevice-os-channel-1": 124,
          "KomakiLDA5NoDevice-os-channel-2": 198,
          "KomakiLDA5NoDevice-os-channel-3": 276,
          "KomakiLDA5NoDevice-os-channel-4": 167,
          "KomakiLDA5NoDevice-channel-ip-0": 233,
          "KomakiLDA5NoDevice-channel-ip-1": 264,
          "KomakiLDA5NoDevice-channel-ip-2": 254,
          "KomakiLDA5NoDevice-channel-ip-3": 285,
          "KomakiLDA5NoDevice-channel-ip-4": 197,
          "KomakiLDA5NoDevice-channel-app-0": 241,
          "KomakiLDA5NoDevice-channel-app-1": 188,
          "KomakiLDA5NoDevice-channel-app-2": 243,
          "KomakiLDA5NoDevice-channel-app-3": 227,
          "KomakiLDA5NoDevice-channel-app-4": 203,
          "KomakiLDA5NoDevice-channel-os-0": 270,
          "KomakiLDA5NoDevice-channel-os-1": 231,
          "KomakiLDA5NoDevice-channel-os-2": 257,
          "KomakiLDA5NoDevice-channel-os-3": 224,
          "KomakiLDA5NoDevice-channel-os-4": 238,
          "KomakiNMF5NoDevice-ip-app-0": 546,
          "KomakiNMF5NoDevice-ip-app-1": 892,
          "KomakiNMF5NoDevice-ip-app-2": 683,
          "KomakiNMF5NoDevice-ip-app-3": 551,
          "KomakiNMF5NoDevice-ip-app-4": 660,
          "KomakiNMF5NoDevice-ip-os-0": 890,
          "KomakiNMF5NoDevice-ip-os-1": 812,
          "KomakiNMF5NoDevice-ip-os-2": 787,
          "KomakiNMF5NoDevice-ip-os-3": 754,
          "KomakiNMF5NoDevice-ip-os-4": 695,
          "KomakiNMF5NoDevice-ip-channel-0": 637,
          "KomakiNMF5NoDevice-ip-channel-1": 1055,
          "KomakiNMF5NoDevice-ip-channel-2": 663,
          "KomakiNMF5NoDevice-ip-channel-3": 831,
          "KomakiNMF5NoDevice-ip-channel-4": 669,
          "KomakiNMF5NoDevice-app-ip-0": 121,
          "KomakiNMF5NoDevice-app-ip-1": 130,
          "KomakiNMF5NoDevice-app-ip-2": 129,
          "KomakiNMF5NoDevice-app-ip-3": 124,
          "KomakiNMF5NoDevice-app-ip-4": 92,
          "KomakiNMF5NoDevice-app-os-0": 46,
          "KomakiNMF5NoDevice-app-os-1": 105,
          "KomakiNMF5NoDevice-app-os-2": 116,
          "KomakiNMF5NoDevice-app-os-3": 30,
          "KomakiNMF5NoDevice-app-os-4": 56,
          "KomakiNMF5NoDevice-app-channel-0": 100,
          "KomakiNMF5NoDevice-app-channel-1": 96,
          "KomakiNMF5NoDevice-app-channel-2": 141,
          "KomakiNMF5NoDevice-app-channel-3": 116,
          "KomakiNMF5NoDevice-app-channel-4": 81,
          "KomakiNMF5NoDevice-os-ip-0": 126,
          "KomakiNMF5NoDevice-os-ip-1": 141,
          "KomakiNMF5NoDevice-os-ip-2": 147,
          "KomakiNMF5NoDevice-os-ip-3": 151,
          "KomakiNMF5NoDevice-os-ip-4": 99,
          "KomakiNMF5NoDevice-os-app-0": 78,
          "KomakiNMF5NoDevice-os-app-1": 14,
          "KomakiNMF5NoDevice-os-app-2": 97,
          "KomakiNMF5NoDevice-os-app-3": 210,
          "KomakiNMF5NoDevice-os-app-4": 101,
          "KomakiNMF5NoDevice-os-channel-0": 262,
          "KomakiNMF5NoDevice-os-channel-1": 141,
          "KomakiNMF5NoDevice-os-channel-2": 248,
          "KomakiNMF5NoDevice-os-channel-3": 204,
          "KomakiNMF5NoDevice-os-channel-4": 158,
          "KomakiNMF5NoDevice-channel-ip-0": 273,
          "KomakiNMF5NoDevice-channel-ip-1": 186,
          "KomakiNMF5NoDevice-channel-ip-2": 195,
          "KomakiNMF5NoDevice-channel-ip-3": 284,
          "KomakiNMF5NoDevice-channel-ip-4": 221,
          "KomakiNMF5NoDevice-channel-app-0": 138,
          "KomakiNMF5NoDevice-channel-app-1": 76,
          "KomakiNMF5NoDevice-channel-app-2": 130,
          "KomakiNMF5NoDevice-channel-app-3": 133,
          "KomakiNMF5NoDevice-channel-app-4": 155,
          "KomakiNMF5NoDevice-channel-os-0": 260,
          "KomakiNMF5NoDevice-channel-os-1": 70,
          "KomakiNMF5NoDevice-channel-os-2": 213,
          "KomakiNMF5NoDevice-channel-os-3": 108,
          "KomakiNMF5NoDevice-channel-os-4": 211,
          "KomakiPCA5NoDevice-ip-app-0": 922,
          "KomakiPCA5NoDevice-ip-app-1": 729,
          "KomakiPCA5NoDevice-ip-app-2": 836,
          "KomakiPCA5NoDevice-ip-app-3": 521,
          "KomakiPCA5NoDevice-ip-app-4": 899,
          "KomakiPCA5NoDevice-ip-os-0": 921,
          "KomakiPCA5NoDevice-ip-os-1": 689,
          "KomakiPCA5NoDevice-ip-os-2": 709,
          "KomakiPCA5NoDevice-ip-os-3": 595,
          "KomakiPCA5NoDevice-ip-os-4": 801,
          "KomakiPCA5NoDevice-ip-channel-0": 1047,
          "KomakiPCA5NoDevice-ip-channel-1": 729,
          "KomakiPCA5NoDevice-ip-channel-2": 760,
          "KomakiPCA5NoDevice-ip-channel-3": 724,
          "KomakiPCA5NoDevice-ip-channel-4": 779,
          "KomakiPCA5NoDevice-app-ip-0": 101,
          "KomakiPCA5NoDevice-app-ip-1": 102,
          "KomakiPCA5NoDevice-app-ip-2": 97,
          "KomakiPCA5NoDevice-app-ip-3": 138,
          "KomakiPCA5NoDevice-app-ip-4": 91,
          "KomakiPCA5NoDevice-app-os-0": 123,
          "KomakiPCA5NoDevice-app-os-1": 73,
          "KomakiPCA5NoDevice-app-os-2": 119,
          "KomakiPCA5NoDevice-app-os-3": 144,
          "KomakiPCA5NoDevice-app-os-4": 105,
          "KomakiPCA5NoDevice-app-channel-0": 88,
          "KomakiPCA5NoDevice-app-channel-1": 115,
          "KomakiPCA5NoDevice-app-channel-2": 118,
          "KomakiPCA5NoDevice-app-channel-3": 97,
          "KomakiPCA5NoDevice-app-channel-4": 127,
          "KomakiPCA5NoDevice-os-ip-0": 68,
          "KomakiPCA5NoDevice-os-ip-1": 137,
          "KomakiPCA5NoDevice-os-ip-2": 142,
          "KomakiPCA5NoDevice-os-ip-3": 181,
          "KomakiPCA5NoDevice-os-ip-4": 141,
          "KomakiPCA5NoDevice-os-app-0": 136,
          "KomakiPCA5NoDevice-os-app-1": 108,
          "KomakiPCA5NoDevice-os-app-2": 71,
          "KomakiPCA5NoDevice-os-app-3": 163,
          "KomakiPCA5NoDevice-os-app-4": 212,
          "KomakiPCA5NoDevice-os-channel-0": 138,
          "KomakiPCA5NoDevice-os-channel-1": 207,
          "KomakiPCA5NoDevice-os-channel-2": 120,
          "KomakiPCA5NoDevice-os-channel-3": 114,
          "KomakiPCA5NoDevice-os-channel-4": 121,
          "KomakiPCA5NoDevice-channel-ip-0": 250,
          "KomakiPCA5NoDevice-channel-ip-1": 237,
          "KomakiPCA5NoDevice-channel-ip-2": 231,
          "KomakiPCA5NoDevice-channel-ip-3": 201,
          "KomakiPCA5NoDevice-channel-ip-4": 292,
          "KomakiPCA5NoDevice-channel-app-0": 246,
          "KomakiPCA5NoDevice-channel-app-1": 144,
          "KomakiPCA5NoDevice-channel-app-2": 154,
          "KomakiPCA5NoDevice-channel-app-3": 186,
          "KomakiPCA5NoDevice-channel-app-4": 187,
          "KomakiPCA5NoDevice-channel-os-0": 207,
          "KomakiPCA5NoDevice-channel-os-1": 173,
          "KomakiPCA5NoDevice-channel-os-2": 155,
          "KomakiPCA5NoDevice-channel-os-3": 169,
          "KomakiPCA5NoDevice-channel-os-4": 224
        }
      },
      {
        "train_auc": 0.9942325907347075,
        "valid_auc": 0.9847059294521546,
        "best_iteration": 611,
        "train_time": 512.7252948284149,
        "feature_importance": {
          "app": 3424,
          "hour": 3569,
          "n_channels": 886,
          "ip_app_count": 1022,
          "ip_app_os_count": 1080,
          "FutureClickCount_60-ip": 363,
          "FutureClickCount_60-app": 446,
          "FutureClickCount_60-ip-app": 108,
          "FutureClickCount_60-dev": 911,
          "FutureClickCount_60-ip-dev": 319,
          "FutureClickCount_60-app-dev": 369,
          "FutureClickCount_60-ip-app-dev": 96,
          "FutureClickCount_60-os": 471,
          "FutureClickCount_60-ip-os": 294,
          "FutureClickCount_60-app-os": 295,
          "FutureClickCount_60-ip-app-os": 93,
          "FutureClickCount_60-dev-os": 659,
          "FutureClickCount_60-ip-dev-os": 264,
          "FutureClickCount_60-app-dev-os": 428,
          "FutureClickCount_60-ip-app-dev-os": 146,
          "FutureClickCount_60-cha": 421,
          "FutureClickCount_60-ip-cha": 80,
          "FutureClickCount_60-app-cha": 474,
          "FutureClickCount_60-ip-app-cha": 46,
          "FutureClickCount_60-dev-cha": 285,
          "FutureClickCount_60-ip-dev-cha": 59,
          "FutureClickCount_60-app-dev-cha": 334,
          "FutureClickCount_60-ip-app-dev-cha": 32,
          "FutureClickCount_60-os-cha": 276,
          "FutureClickCount_60-ip-os-cha": 42,
          "FutureClickCount_60-app-os-cha": 246,
          "FutureClickCount_60-ip-app-os-cha": 26,
          "FutureClickCount_60-dev-os-cha": 282,
          "FutureClickCount_60-ip-dev-os-cha": 41,
          "FutureClickCount_60-app-dev-os-cha": 234,
          "FutureClickCount_60-ip-app-dev-os-cha": 44,
          "FutureClickCount_600-ip": 486,
          "FutureClickCount_600-app": 356,
          "FutureClickCount_600-ip-app": 175,
          "FutureClickCount_600-dev": 168,
          "FutureClickCount_600-ip-dev": 462,
          "FutureClickCount_600-app-dev": 281,
          "FutureClickCount_600-ip-app-dev": 158,
          "FutureClickCount_600-os": 190,
          "FutureClickCount_600-ip-os": 329,
          "FutureClickCount_600-app-os": 270,
          "FutureClickCount_600-ip-app-os": 209,
          "FutureClickCount_600-dev-os": 373,
          "FutureClickCount_600-ip-dev-os": 314,
          "FutureClickCount_600-app-dev-os": 400,
          "FutureClickCount_600-ip-app-dev-os": 285,
          "FutureClickCount_600-cha": 313,
          "FutureClickCount_600-ip-cha": 119,
          "FutureClickCount_600-app-cha": 504,
          "FutureClickCount_600-ip-app-cha": 108,
          "FutureClickCount_600-dev-cha": 238,
          "FutureClickCount_600-ip-dev-cha": 104,
          "FutureClickCount_600-app-dev-cha": 249,
          "FutureClickCount_600-ip-app-dev-cha": 80,
          "FutureClickCount_600-os-cha": 252,
          "FutureClickCount_600-ip-os-cha": 80,
          "FutureClickCount_600-app-os-cha": 241,
          "FutureClickCount_600-ip-app-os-cha": 74,
          "FutureClickCount_600-dev-os-cha": 251,
          "FutureClickCount_600-ip-dev-os-cha": 59,
          "FutureClickCount_600-app-dev-os-cha": 239,
          "FutureClickCount_600-ip-app-dev-os-cha": 66,
          "FutureClickCount_4800-ip": 787,
          "FutureClickCount_4800-app": 302,
          "FutureClickCount_4800-ip-app": 293,
          "FutureClickCount_4800-dev": 56,
          "FutureClickCount_4800-ip-dev": 960,
          "FutureClickCount_4800-app-dev": 167,
          "FutureClickCount_4800-ip-app-dev": 243,
          "FutureClickCount_4800-os": 154,
          "FutureClickCount_4800-ip-os": 520,
          "FutureClickCount_4800-app-os": 319,
          "FutureClickCount_4800-ip-app-os": 272,
          "FutureClickCount_4800-dev-os": 221,
          "FutureClickCount_4800-ip-dev-os": 683,
          "FutureClickCount_4800-app-dev-os": 384,
          "FutureClickCount_4800-ip-app-dev-os": 323,
          "FutureClickCount_4800-cha": 253,
          "FutureClickCount_4800-ip-cha": 199,
          "FutureClickCount_4800-app-cha": 481,
          "FutureClickCount_4800-ip-app-cha": 179,
          "FutureClickCount_4800-dev-cha": 193,
          "FutureClickCount_4800-ip-dev-cha": 185,
          "FutureClickCount_4800-app-dev-cha": 240,
          "FutureClickCount_4800-ip-app-dev-cha": 161,
          "FutureClickCount_4800-os-cha": 281,
          "FutureClickCount_4800-ip-os-cha": 118,
          "FutureClickCount_4800-app-os-cha": 290,
          "FutureClickCount_4800-ip-app-os-cha": 95,
          "FutureClickCount_4800-dev-os-cha": 238,
          "FutureClickCount_4800-ip-dev-os-cha": 105,
          "FutureClickCount_4800-app-dev-os-cha": 270,
          "FutureClickCount_4800-ip-app-dev-os-cha": 86,
          "NextClickTimeDelta-ip": 685,
          "NextClickTimeDelta-app": 117,
          "NextClickTimeDelta-ip-app": 925,
          "NextClickTimeDelta-dev": 53,
          "NextClickTimeDelta-ip-dev": 479,
          "NextClickTimeDelta-app-dev": 111,
          "NextClickTimeDelta-ip-app-dev": 510,
          "NextClickTimeDelta-os": 89,
          "NextClickTimeDelta-ip-os": 540,
          "NextClickTimeDelta-app-os": 234,
          "NextClickTimeDelta-ip-app-os": 1367,
          "NextClickTimeDelta-dev-os": 109,
          "NextClickTimeDelta-ip-dev-os": 418,
          "NextClickTimeDelta-app-dev-os": 169,
          "NextClickTimeDelta-ip-app-dev-os": 2321,
          "NextClickTimeDelta-cha": 145,
          "NextClickTimeDelta-ip-cha": 504,
          "NextClickTimeDelta-app-cha": 156,
          "NextClickTimeDelta-ip-app-cha": 423,
          "NextClickTimeDelta-dev-cha": 110,
          "NextClickTimeDelta-ip-dev-cha": 342,
          "NextClickTimeDelta-app-dev-cha": 119,
          "NextClickTimeDelta-ip-app-dev-cha": 313,
          "NextClickTimeDelta-os-cha": 241,
          "NextClickTimeDelta-ip-os-cha": 324,
          "NextClickTimeDelta-app-os-cha": 305,
          "NextClickTimeDelta-ip-app-os-cha": 458,
          "NextClickTimeDelta-dev-os-cha": 190,
          "NextClickTimeDelta-ip-dev-os-cha": 288,
          "NextClickTimeDelta-app-dev-os-cha": 225,
          "NextClickTimeDelta-ip-app-dev-os-cha": 495,
          "PrevClickTimeDelta-ip": 586,
          "PrevClickTimeDelta-app": 115,
          "PrevClickTimeDelta-ip-app": 381,
          "PrevClickTimeDelta-dev": 58,
          "PrevClickTimeDelta-ip-dev": 300,
          "PrevClickTimeDelta-app-dev": 82,
          "PrevClickTimeDelta-ip-app-dev": 301,
          "PrevClickTimeDelta-os": 88,
          "PrevClickTimeDelta-ip-os": 466,
          "PrevClickTimeDelta-app-os": 178,
          "PrevClickTimeDelta-ip-app-os": 387,
          "PrevClickTimeDelta-dev-os": 76,
          "PrevClickTimeDelta-ip-dev-os": 255,
          "PrevClickTimeDelta-app-dev-os": 170,
          "PrevClickTimeDelta-ip-app-dev-os": 292,
          "PrevClickTimeDelta-cha": 107,
          "PrevClickTimeDelta-ip-cha": 382,
          "PrevClickTimeDelta-app-cha": 167,
          "PrevClickTimeDelta-ip-app-cha": 283,
          "PrevClickTimeDelta-dev-cha": 123,
          "PrevClickTimeDelta-ip-dev-cha": 266,
          "PrevClickTimeDelta-app-dev-cha": 90,
          "PrevClickTimeDelta-ip-app-dev-cha": 213,
          "PrevClickTimeDelta-os-cha": 253,
          "PrevClickTimeDelta-ip-os-cha": 254,
          "PrevClickTimeDelta-app-os-cha": 245,
          "PrevClickTimeDelta-ip-app-os-cha": 205,
          "PrevClickTimeDelta-dev-os-cha": 179,
          "PrevClickTimeDelta-ip-dev-os-cha": 204,
          "PrevClickTimeDelta-app-dev-os-cha": 222,
          "PrevClickTimeDelta-ip-app-dev-os-cha": 135,
          "AverageAttributedRatio-ip": 463,
          "AverageAttributedRatio-app": 375,
          "AverageAttributedRatio-ip-app": 338,
          "AverageAttributedRatio-dev": 650,
          "AverageAttributedRatio-ip-dev": 396,
          "AverageAttributedRatio-app-dev": 297,
          "AverageAttributedRatio-ip-app-dev": 424,
          "AverageAttributedRatio-os": 396,
          "AverageAttributedRatio-ip-os": 251,
          "AverageAttributedRatio-app-os": 356,
          "AverageAttributedRatio-ip-app-os": 138,
          "AverageAttributedRatio-dev-os": 334,
          "AverageAttributedRatio-ip-dev-os": 303,
          "AverageAttributedRatio-app-dev-os": 341,
          "AverageAttributedRatio-ip-app-dev-os": 107,
          "AverageAttributedRatio-cha": 348,
          "AverageAttributedRatio-ip-cha": 165,
          "AverageAttributedRatio-app-cha": 314,
          "AverageAttributedRatio-ip-app-cha": 119,
          "AverageAttributedRatio-dev-cha": 230,
          "AverageAttributedRatio-ip-dev-cha": 134,
          "AverageAttributedRatio-app-dev-cha": 261,
          "AverageAttributedRatio-ip-app-dev-cha": 124,
          "AverageAttributedRatio-os-cha": 275,
          "AverageAttributedRatio-ip-os-cha": 74,
          "AverageAttributedRatio-app-os-cha": 417,
          "AverageAttributedRatio-ip-app-os-cha": 63,
          "AverageAttributedRatio-dev-os-cha": 311,
          "AverageAttributedRatio-ip-dev-os-cha": 79,
          "AverageAttributedRatio-app-dev-os-cha": 373,
          "AverageAttributedRatio-ip-app-dev-os-cha": 59,
          "KomakiLDA5NoDevice-ip-app-0": 1015,
          "KomakiLDA5NoDevice-ip-app-1": 985,
          "KomakiLDA5NoDevice-ip-app-2": 1051,
          "KomakiLDA5NoDevice-ip-app-3": 646,
          "KomakiLDA5NoDevice-ip-app-4": 572,
          "KomakiLDA5NoDevice-ip-os-0": 967,
          "KomakiLDA5NoDevice-ip-os-1": 963,
          "KomakiLDA5NoDevice-ip-os-2": 623,
          "KomakiLDA5NoDevice-ip-os-3": 816,
          "KomakiLDA5NoDevice-ip-os-4": 809,
          "KomakiLDA5NoDevice-ip-channel-0": 939,
          "KomakiLDA5NoDevice-ip-channel-1": 738,
          "KomakiLDA5NoDevice-ip-channel-2": 950,
          "KomakiLDA5NoDevice-ip-channel-3": 949,
          "KomakiLDA5NoDevice-ip-channel-4": 1025,
          "KomakiLDA5NoDevice-app-ip-0": 280,
          "KomakiLDA5NoDevice-app-ip-1": 231,
          "KomakiLDA5NoDevice-app-ip-2": 212,
          "KomakiLDA5NoDevice-app-ip-3": 188,
          "KomakiLDA5NoDevice-app-ip-4": 125,
          "KomakiLDA5NoDevice-app-os-0": 147,
          "KomakiLDA5NoDevice-app-os-1": 211,
          "KomakiLDA5NoDevice-app-os-2": 145,
          "KomakiLDA5NoDevice-app-os-3": 101,
          "KomakiLDA5NoDevice-app-os-4": 190,
          "KomakiLDA5NoDevice-app-channel-0": 154,
          "KomakiLDA5NoDevice-app-channel-1": 145,
          "KomakiLDA5NoDevice-app-channel-2": 200,
          "KomakiLDA5NoDevice-app-channel-3": 194,
          "KomakiLDA5NoDevice-app-channel-4": 69,
          "KomakiLDA5NoDevice-os-ip-0": 309,
          "KomakiLDA5NoDevice-os-ip-1": 172,
          "KomakiLDA5NoDevice-os-ip-2": 224,
          "KomakiLDA5NoDevice-os-ip-3": 163,
          "KomakiLDA5NoDevice-os-ip-4": 225,
          "KomakiLDA5NoDevice-os-app-0": 272,
          "KomakiLDA5NoDevice-os-app-1": 304,
          "KomakiLDA5NoDevice-os-app-2": 90,
          "KomakiLDA5NoDevice-os-app-3": 204,
          "KomakiLDA5NoDevice-os-app-4": 105,
          "KomakiLDA5NoDevice-os-channel-0": 207,
          "KomakiLDA5NoDevice-os-channel-1": 139,
          "KomakiLDA5NoDevice-os-channel-2": 188,
          "KomakiLDA5NoDevice-os-channel-3": 247,
          "KomakiLDA5NoDevice-os-channel-4": 152,
          "KomakiLDA5NoDevice-channel-ip-0": 214,
          "KomakiLDA5NoDevice-channel-ip-1": 312,
          "KomakiLDA5NoDevice-channel-ip-2": 222,
          "KomakiLDA5NoDevice-channel-ip-3": 280,
          "KomakiLDA5NoDevice-channel-ip-4": 230,
          "KomakiLDA5NoDevice-channel-app-0": 245,
          "KomakiLDA5NoDevice-channel-app-1": 214,
          "KomakiLDA5NoDevice-channel-app-2": 244,
          "KomakiLDA5NoDevice-channel-app-3": 195,
          "KomakiLDA5NoDevice-channel-app-4": 217,
          "KomakiLDA5NoDevice-channel-os-0": 244,
          "KomakiLDA5NoDevice-channel-os-1": 245,
          "KomakiLDA5NoDevice-channel-os-2": 282,
          "KomakiLDA5NoDevice-channel-os-3": 262,
          "KomakiLDA5NoDevice-channel-os-4": 219,
          "KomakiNMF5NoDevice-ip-app-0": 534,
          "KomakiNMF5NoDevice-ip-app-1": 911,
          "KomakiNMF5NoDevice-ip-app-2": 717,
          "KomakiNMF5NoDevice-ip-app-3": 511,
          "KomakiNMF5NoDevice-ip-app-4": 671,
          "KomakiNMF5NoDevice-ip-os-0": 734,
          "KomakiNMF5NoDevice-ip-os-1": 786,
          "KomakiNMF5NoDevice-ip-os-2": 716,
          "KomakiNMF5NoDevice-ip-os-3": 671,
          "KomakiNMF5NoDevice-ip-os-4": 683,
          "KomakiNMF5NoDevice-ip-channel-0": 651,
          "KomakiNMF5NoDevice-ip-channel-1": 975,
          "KomakiNMF5NoDevice-ip-channel-2": 610,
          "KomakiNMF5NoDevice-ip-channel-3": 797,
          "KomakiNMF5NoDevice-ip-channel-4": 675,
          "KomakiNMF5NoDevice-app-ip-0": 125,
          "KomakiNMF5NoDevice-app-ip-1": 143,
          "KomakiNMF5NoDevice-app-ip-2": 120,
          "KomakiNMF5NoDevice-app-ip-3": 146,
          "KomakiNMF5NoDevice-app-ip-4": 66,
          "KomakiNMF5NoDevice-app-os-0": 40,
          "KomakiNMF5NoDevice-app-os-1": 93,
          "KomakiNMF5NoDevice-app-os-2": 98,
          "KomakiNMF5NoDevice-app-os-3": 25,
          "KomakiNMF5NoDevice-app-os-4": 33,
          "KomakiNMF5NoDevice-app-channel-0": 87,
          "KomakiNMF5NoDevice-app-channel-1": 93,
          "KomakiNMF5NoDevice-app-channel-2": 107,
          "KomakiNMF5NoDevice-app-channel-3": 121,
          "KomakiNMF5NoDevice-app-channel-4": 88,
          "KomakiNMF5NoDevice-os-ip-0": 118,
          "KomakiNMF5NoDevice-os-ip-1": 148,
          "KomakiNMF5NoDevice-os-ip-2": 123,
          "KomakiNMF5NoDevice-os-ip-3": 126,
          "KomakiNMF5NoDevice-os-ip-4": 88,
          "KomakiNMF5NoDevice-os-app-0": 50,
          "KomakiNMF5NoDevice-os-app-1": 14,
          "KomakiNMF5NoDevice-os-app-2": 123,
          "KomakiNMF5NoDevice-os-app-3": 214,
          "KomakiNMF5NoDevice-os-app-4": 117,
          "KomakiNMF5NoDevice-os-channel-0": 255,
          "KomakiNMF5NoDevice-os-channel-1": 103,
          "KomakiNMF5NoDevice-os-channel-2": 233,
          "KomakiNMF5NoDevice-os-channel-3": 164,
          "KomakiNMF5NoDevice-os-channel-4": 172,
          "KomakiNMF5NoDevice-channel-ip-0": 245,
          "KomakiNMF5NoDevice-channel-ip-1": 168,
          "KomakiNMF5NoDevice-channel-ip-2": 165,
          "KomakiNMF5NoDevice-channel-ip-3": 253,
          "KomakiNMF5NoDevice-channel-ip-4": 207,
          "KomakiNMF5NoDevice-channel-app-0": 116,
          "KomakiNMF5NoDevice-channel-app-1": 53,
          "KomakiNMF5NoDevice-channel-app-2": 114,
          "KomakiNMF5NoDevice-channel-app-3": 106,
          "KomakiNMF5NoDevice-channel-app-4": 173,
          "KomakiNMF5NoDevice-channel-os-0": 230,
          "KomakiNMF5NoDevice-channel-os-1": 72,
          "KomakiNMF5NoDevice-channel-os-2": 221,
          "KomakiNMF5NoDevice-channel-os-3": 124,
          "KomakiNMF5NoDevice-channel-os-4": 209,
          "KomakiPCA5NoDevice-ip-app-0": 861,
          "KomakiPCA5NoDevice-ip-app-1": 734,
          "KomakiPCA5NoDevice-ip-app-2": 695,
          "KomakiPCA5NoDevice-ip-app-3": 493,
          "KomakiPCA5NoDevice-ip-app-4": 764,
          "KomakiPCA5NoDevice-ip-os-0": 925,
          "KomakiPCA5NoDevice-ip-os-1": 617,
          "KomakiPCA5NoDevice-ip-os-2": 657,
          "KomakiPCA5NoDevice-ip-os-3": 553,
          "KomakiPCA5NoDevice-ip-os-4": 641,
          "KomakiPCA5NoDevice-ip-channel-0": 997,
          "KomakiPCA5NoDevice-ip-channel-1": 792,
          "KomakiPCA5NoDevice-ip-channel-2": 753,
          "KomakiPCA5NoDevice-ip-channel-3": 716,
          "KomakiPCA5NoDevice-ip-channel-4": 755,
          "KomakiPCA5NoDevice-app-ip-0": 85,
          "KomakiPCA5NoDevice-app-ip-1": 120,
          "KomakiPCA5NoDevice-app-ip-2": 92,
          "KomakiPCA5NoDevice-app-ip-3": 151,
          "KomakiPCA5NoDevice-app-ip-4": 82,
          "KomakiPCA5NoDevice-app-os-0": 121,
          "KomakiPCA5NoDevice-app-os-1": 78,
          "KomakiPCA5NoDevice-app-os-2": 145,
          "KomakiPCA5NoDevice-app-os-3": 117,
          "KomakiPCA5NoDevice-app-os-4": 110,
          "KomakiPCA5NoDevice-app-channel-0": 122,
          "KomakiPCA5NoDevice-app-channel-1": 105,
          "KomakiPCA5NoDevice-app-channel-2": 108,
          "KomakiPCA5NoDevice-app-channel-3": 104,
          "KomakiPCA5NoDevice-app-channel-4": 133,
          "KomakiPCA5NoDevice-os-ip-0": 73,
          "KomakiPCA5NoDevice-os-ip-1": 114,
          "KomakiPCA5NoDevice-os-ip-2": 137,
          "KomakiPCA5NoDevice-os-ip-3": 154,
          "KomakiPCA5NoDevice-os-ip-4": 148,
          "KomakiPCA5NoDevice-os-app-0": 126,
          "KomakiPCA5NoDevice-os-app-1": 130,
          "KomakiPCA5NoDevice-os-app-2": 113,
          "KomakiPCA5NoDevice-os-app-3": 163,
          "KomakiPCA5NoDevice-os-app-4": 207,
          "KomakiPCA5NoDevice-os-channel-0": 165,
          "KomakiPCA5NoDevice-os-channel-1": 168,
          "KomakiPCA5NoDevice-os-channel-2": 107,
          "KomakiPCA5NoDevice-os-channel-3": 90,
          "KomakiPCA5NoDevice-os-channel-4": 118,
          "KomakiPCA5NoDevice-channel-ip-0": 220,
          "KomakiPCA5NoDevice-channel-ip-1": 204,
          "KomakiPCA5NoDevice-channel-ip-2": 199,
          "KomakiPCA5NoDevice-channel-ip-3": 183,
          "KomakiPCA5NoDevice-channel-ip-4": 272,
          "KomakiPCA5NoDevice-channel-app-0": 226,
          "KomakiPCA5NoDevice-channel-app-1": 151,
          "KomakiPCA5NoDevice-channel-app-2": 173,
          "KomakiPCA5NoDevice-channel-app-3": 155,
          "KomakiPCA5NoDevice-channel-app-4": 168,
          "KomakiPCA5NoDevice-channel-os-0": 186,
          "KomakiPCA5NoDevice-channel-os-1": 190,
          "KomakiPCA5NoDevice-channel-os-2": 152,
          "KomakiPCA5NoDevice-channel-os-3": 156,
          "KomakiPCA5NoDevice-channel-os-4": 181
        }
      },
      {
        "train_auc": 0.9947883657517754,
        "valid_auc": 0.9847438099567347,
        "best_iteration": 670,
        "train_time": 542.153783082962,
        "feature_importance": {
          "app": 3542,
          "hour": 3911,
          "n_channels": 961,
          "ip_app_count": 1078,
          "ip_app_os_count": 1179,
          "FutureClickCount_60-ip": 431,
          "FutureClickCount_60-app": 542,
          "FutureClickCount_60-ip-app": 148,
          "FutureClickCount_60-dev": 1026,
          "FutureClickCount_60-ip-dev": 392,
          "FutureClickCount_60-app-dev": 417,
          "FutureClickCount_60-ip-app-dev": 122,
          "FutureClickCount_60-os": 520,
          "FutureClickCount_60-ip-os": 353,
          "FutureClickCount_60-app-os": 408,
          "FutureClickCount_60-ip-app-os": 86,
          "FutureClickCount_60-dev-os": 703,
          "FutureClickCount_60-ip-dev-os": 316,
          "FutureClickCount_60-app-dev-os": 480,
          "FutureClickCount_60-ip-app-dev-os": 138,
          "FutureClickCount_60-cha": 431,
          "FutureClickCount_60-ip-cha": 88,
          "FutureClickCount_60-app-cha": 466,
          "FutureClickCount_60-ip-app-cha": 51,
          "FutureClickCount_60-dev-cha": 296,
          "FutureClickCount_60-ip-dev-cha": 66,
          "FutureClickCount_60-app-dev-cha": 335,
          "FutureClickCount_60-ip-app-dev-cha": 38,
          "FutureClickCount_60-os-cha": 287,
          "FutureClickCount_60-ip-os-cha": 43,
          "FutureClickCount_60-app-os-cha": 290,
          "FutureClickCount_60-ip-app-os-cha": 32,
          "FutureClickCount_60-dev-os-cha": 328,
          "FutureClickCount_60-ip-dev-os-cha": 26,
          "FutureClickCount_60-app-dev-os-cha": 331,
          "FutureClickCount_60-ip-app-dev-os-cha": 34,
          "FutureClickCount_600-ip": 484,
          "FutureClickCount_600-app": 341,
          "FutureClickCount_600-ip-app": 198,
          "FutureClickCount_600-dev": 211,
          "FutureClickCount_600-ip-dev": 483,
          "FutureClickCount_600-app-dev": 313,
          "FutureClickCount_600-ip-app-dev": 181,
          "FutureClickCount_600-os": 200,
          "FutureClickCount_600-ip-os": 412,
          "FutureClickCount_600-app-os": 355,
          "FutureClickCount_600-ip-app-os": 220,
          "FutureClickCount_600-dev-os": 408,
          "FutureClickCount_600-ip-dev-os": 360,
          "FutureClickCount_600-app-dev-os": 423,
          "FutureClickCount_600-ip-app-dev-os": 329,
          "FutureClickCount_600-cha": 340,
          "FutureClickCount_600-ip-cha": 132,
          "FutureClickCount_600-app-cha": 510,
          "FutureClickCount_600-ip-app-cha": 100,
          "FutureClickCount_600-dev-cha": 247,
          "FutureClickCount_600-ip-dev-cha": 115,
          "FutureClickCount_600-app-dev-cha": 281,
          "FutureClickCount_600-ip-app-dev-cha": 98,
          "FutureClickCount_600-os-cha": 278,
          "FutureClickCount_600-ip-os-cha": 68,
          "FutureClickCount_600-app-os-cha": 322,
          "FutureClickCount_600-ip-app-os-cha": 62,
          "FutureClickCount_600-dev-os-cha": 230,
          "FutureClickCount_600-ip-dev-os-cha": 53,
          "FutureClickCount_600-app-dev-os-cha": 283,
          "FutureClickCount_600-ip-app-dev-os-cha": 54,
          "FutureClickCount_4800-ip": 897,
          "FutureClickCount_4800-app": 337,
          "FutureClickCount_4800-ip-app": 341,
          "FutureClickCount_4800-dev": 78,
          "FutureClickCount_4800-ip-dev": 1065,
          "FutureClickCount_4800-app-dev": 150,
          "FutureClickCount_4800-ip-app-dev": 291,
          "FutureClickCount_4800-os": 171,
          "FutureClickCount_4800-ip-os": 619,
          "FutureClickCount_4800-app-os": 308,
          "FutureClickCount_4800-ip-app-os": 305,
          "FutureClickCount_4800-dev-os": 195,
          "FutureClickCount_4800-ip-dev-os": 721,
          "FutureClickCount_4800-app-dev-os": 384,
          "FutureClickCount_4800-ip-app-dev-os": 393,
          "FutureClickCount_4800-cha": 301,
          "FutureClickCount_4800-ip-cha": 214,
          "FutureClickCount_4800-app-cha": 531,
          "FutureClickCount_4800-ip-app-cha": 177,
          "FutureClickCount_4800-dev-cha": 244,
          "FutureClickCount_4800-ip-dev-cha": 215,
          "FutureClickCount_4800-app-dev-cha": 255,
          "FutureClickCount_4800-ip-app-dev-cha": 181,
          "FutureClickCount_4800-os-cha": 263,
          "FutureClickCount_4800-ip-os-cha": 112,
          "FutureClickCount_4800-app-os-cha": 344,
          "FutureClickCount_4800-ip-app-os-cha": 108,
          "FutureClickCount_4800-dev-os-cha": 260,
          "FutureClickCount_4800-ip-dev-os-cha": 105,
          "FutureClickCount_4800-app-dev-os-cha": 310,
          "FutureClickCount_4800-ip-app-dev-os-cha": 104,
          "NextClickTimeDelta-ip": 701,
          "NextClickTimeDelta-app": 95,
          "NextClickTimeDelta-ip-app": 939,
          "NextClickTimeDelta-dev": 65,
          "NextClickTimeDelta-ip-dev": 589,
          "NextClickTimeDelta-app-dev": 106,
          "NextClickTimeDelta-ip-app-dev": 618,
          "NextClickTimeDelta-os": 91,
          "NextClickTimeDelta-ip-os": 633,
          "NextClickTimeDelta-app-os": 249,
          "NextClickTimeDelta-ip-app-os": 1495,
          "NextClickTimeDelta-dev-os": 92,
          "NextClickTimeDelta-ip-dev-os": 434,
          "NextClickTimeDelta-app-dev-os": 166,
          "NextClickTimeDelta-ip-app-dev-os": 2451,
          "NextClickTimeDelta-cha": 170,
          "NextClickTimeDelta-ip-cha": 581,
          "NextClickTimeDelta-app-cha": 197,
          "NextClickTimeDelta-ip-app-cha": 465,
          "NextClickTimeDelta-dev-cha": 137,
          "NextClickTimeDelta-ip-dev-cha": 352,
          "NextClickTimeDelta-app-dev-cha": 125,
          "NextClickTimeDelta-ip-app-dev-cha": 369,
          "NextClickTimeDelta-os-cha": 271,
          "NextClickTimeDelta-ip-os-cha": 414,
          "NextClickTimeDelta-app-os-cha": 310,
          "NextClickTimeDelta-ip-app-os-cha": 458,
          "NextClickTimeDelta-dev-os-cha": 190,
          "NextClickTimeDelta-ip-dev-os-cha": 321,
          "NextClickTimeDelta-app-dev-os-cha": 262,
          "NextClickTimeDelta-ip-app-dev-os-cha": 559,
          "PrevClickTimeDelta-ip": 721,
          "PrevClickTimeDelta-app": 132,
          "PrevClickTimeDelta-ip-app": 449,
          "PrevClickTimeDelta-dev": 77,
          "PrevClickTimeDelta-ip-dev": 362,
          "PrevClickTimeDelta-app-dev": 91,
          "PrevClickTimeDelta-ip-app-dev": 414,
          "PrevClickTimeDelta-os": 128,
          "PrevClickTimeDelta-ip-os": 536,
          "PrevClickTimeDelta-app-os": 223,
          "PrevClickTimeDelta-ip-app-os": 422,
          "PrevClickTimeDelta-dev-os": 92,
          "PrevClickTimeDelta-ip-dev-os": 341,
          "PrevClickTimeDelta-app-dev-os": 170,
          "PrevClickTimeDelta-ip-app-dev-os": 350,
          "PrevClickTimeDelta-cha": 138,
          "PrevClickTimeDelta-ip-cha": 388,
          "PrevClickTimeDelta-app-cha": 161,
          "PrevClickTimeDelta-ip-app-cha": 361,
          "PrevClickTimeDelta-dev-cha": 139,
          "PrevClickTimeDelta-ip-dev-cha": 327,
          "PrevClickTimeDelta-app-dev-cha": 135,
          "PrevClickTimeDelta-ip-app-dev-cha": 250,
          "PrevClickTimeDelta-os-cha": 271,
          "PrevClickTimeDelta-ip-os-cha": 275,
          "PrevClickTimeDelta-app-os-cha": 280,
          "PrevClickTimeDelta-ip-app-os-cha": 238,
          "PrevClickTimeDelta-dev-os-cha": 213,
          "PrevClickTimeDelta-ip-dev-os-cha": 212,
          "PrevClickTimeDelta-app-dev-os-cha": 221,
          "PrevClickTimeDelta-ip-app-dev-os-cha": 164,
          "AverageAttributedRatio-ip": 587,
          "AverageAttributedRatio-app": 412,
          "AverageAttributedRatio-ip-app": 390,
          "AverageAttributedRatio-dev": 679,
          "AverageAttributedRatio-ip-dev": 457,
          "AverageAttributedRatio-app-dev": 330,
          "AverageAttributedRatio-ip-app-dev": 394,
          "AverageAttributedRatio-os": 451,
          "AverageAttributedRatio-ip-os": 323,
          "AverageAttributedRatio-app-os": 382,
          "AverageAttributedRatio-ip-app-os": 154,
          "AverageAttributedRatio-dev-os": 344,
          "AverageAttributedRatio-ip-dev-os": 343,
          "AverageAttributedRatio-app-dev-os": 402,
          "AverageAttributedRatio-ip-app-dev-os": 141,
          "AverageAttributedRatio-cha": 405,
          "AverageAttributedRatio-ip-cha": 207,
          "AverageAttributedRatio-app-cha": 350,
          "AverageAttributedRatio-ip-app-cha": 129,
          "AverageAttributedRatio-dev-cha": 253,
          "AverageAttributedRatio-ip-dev-cha": 133,
          "AverageAttributedRatio-app-dev-cha": 314,
          "AverageAttributedRatio-ip-app-dev-cha": 148,
          "AverageAttributedRatio-os-cha": 373,
          "AverageAttributedRatio-ip-os-cha": 90,
          "AverageAttributedRatio-app-os-cha": 402,
          "AverageAttributedRatio-ip-app-os-cha": 78,
          "AverageAttributedRatio-dev-os-cha": 282,
          "AverageAttributedRatio-ip-dev-os-cha": 84,
          "AverageAttributedRatio-app-dev-os-cha": 399,
          "AverageAttributedRatio-ip-app-dev-os-cha": 47,
          "KomakiLDA5NoDevice-ip-app-0": 1142,
          "KomakiLDA5NoDevice-ip-app-1": 1013,
          "KomakiLDA5NoDevice-ip-app-2": 1165,
          "KomakiLDA5NoDevice-ip-app-3": 694,
          "KomakiLDA5NoDevice-ip-app-4": 629,
          "KomakiLDA5NoDevice-ip-os-0": 1005,
          "KomakiLDA5NoDevice-ip-os-1": 1070,
          "KomakiLDA5NoDevice-ip-os-2": 650,
          "KomakiLDA5NoDevice-ip-os-3": 923,
          "KomakiLDA5NoDevice-ip-os-4": 882,
          "KomakiLDA5NoDevice-ip-channel-0": 1065,
          "KomakiLDA5NoDevice-ip-channel-1": 831,
          "KomakiLDA5NoDevice-ip-channel-2": 1102,
          "KomakiLDA5NoDevice-ip-channel-3": 1041,
          "KomakiLDA5NoDevice-ip-channel-4": 1148,
          "KomakiLDA5NoDevice-app-ip-0": 316,
          "KomakiLDA5NoDevice-app-ip-1": 247,
          "KomakiLDA5NoDevice-app-ip-2": 230,
          "KomakiLDA5NoDevice-app-ip-3": 201,
          "KomakiLDA5NoDevice-app-ip-4": 143,
          "KomakiLDA5NoDevice-app-os-0": 179,
          "KomakiLDA5NoDevice-app-os-1": 211,
          "KomakiLDA5NoDevice-app-os-2": 128,
          "KomakiLDA5NoDevice-app-os-3": 118,
          "KomakiLDA5NoDevice-app-os-4": 176,
          "KomakiLDA5NoDevice-app-channel-0": 162,
          "KomakiLDA5NoDevice-app-channel-1": 169,
          "KomakiLDA5NoDevice-app-channel-2": 233,
          "KomakiLDA5NoDevice-app-channel-3": 212,
          "KomakiLDA5NoDevice-app-channel-4": 104,
          "KomakiLDA5NoDevice-os-ip-0": 340,
          "KomakiLDA5NoDevice-os-ip-1": 226,
          "KomakiLDA5NoDevice-os-ip-2": 270,
          "KomakiLDA5NoDevice-os-ip-3": 181,
          "KomakiLDA5NoDevice-os-ip-4": 242,
          "KomakiLDA5NoDevice-os-app-0": 267,
          "KomakiLDA5NoDevice-os-app-1": 319,
          "KomakiLDA5NoDevice-os-app-2": 121,
          "KomakiLDA5NoDevice-os-app-3": 201,
          "KomakiLDA5NoDevice-os-app-4": 114,
          "KomakiLDA5NoDevice-os-channel-0": 270,
          "KomakiLDA5NoDevice-os-channel-1": 128,
          "KomakiLDA5NoDevice-os-channel-2": 220,
          "KomakiLDA5NoDevice-os-channel-3": 304,
          "KomakiLDA5NoDevice-os-channel-4": 164,
          "KomakiLDA5NoDevice-channel-ip-0": 289,
          "KomakiLDA5NoDevice-channel-ip-1": 313,
          "KomakiLDA5NoDevice-channel-ip-2": 295,
          "KomakiLDA5NoDevice-channel-ip-3": 336,
          "KomakiLDA5NoDevice-channel-ip-4": 228,
          "KomakiLDA5NoDevice-channel-app-0": 282,
          "KomakiLDA5NoDevice-channel-app-1": 235,
          "KomakiLDA5NoDevice-channel-app-2": 281,
          "KomakiLDA5NoDevice-channel-app-3": 247,
          "KomakiLDA5NoDevice-channel-app-4": 218,
          "KomakiLDA5NoDevice-channel-os-0": 258,
          "KomakiLDA5NoDevice-channel-os-1": 280,
          "KomakiLDA5NoDevice-channel-os-2": 308,
          "KomakiLDA5NoDevice-channel-os-3": 253,
          "KomakiLDA5NoDevice-channel-os-4": 271,
          "KomakiNMF5NoDevice-ip-app-0": 595,
          "KomakiNMF5NoDevice-ip-app-1": 918,
          "KomakiNMF5NoDevice-ip-app-2": 751,
          "KomakiNMF5NoDevice-ip-app-3": 554,
          "KomakiNMF5NoDevice-ip-app-4": 656,
          "KomakiNMF5NoDevice-ip-os-0": 814,
          "KomakiNMF5NoDevice-ip-os-1": 864,
          "KomakiNMF5NoDevice-ip-os-2": 756,
          "KomakiNMF5NoDevice-ip-os-3": 724,
          "KomakiNMF5NoDevice-ip-os-4": 753,
          "KomakiNMF5NoDevice-ip-channel-0": 739,
          "KomakiNMF5NoDevice-ip-channel-1": 1029,
          "KomakiNMF5NoDevice-ip-channel-2": 710,
          "KomakiNMF5NoDevice-ip-channel-3": 902,
          "KomakiNMF5NoDevice-ip-channel-4": 718,
          "KomakiNMF5NoDevice-app-ip-0": 113,
          "KomakiNMF5NoDevice-app-ip-1": 151,
          "KomakiNMF5NoDevice-app-ip-2": 118,
          "KomakiNMF5NoDevice-app-ip-3": 127,
          "KomakiNMF5NoDevice-app-ip-4": 86,
          "KomakiNMF5NoDevice-app-os-0": 40,
          "KomakiNMF5NoDevice-app-os-1": 103,
          "KomakiNMF5NoDevice-app-os-2": 87,
          "KomakiNMF5NoDevice-app-os-3": 43,
          "KomakiNMF5NoDevice-app-os-4": 35,
          "KomakiNMF5NoDevice-app-channel-0": 94,
          "KomakiNMF5NoDevice-app-channel-1": 90,
          "KomakiNMF5NoDevice-app-channel-2": 85,
          "KomakiNMF5NoDevice-app-channel-3": 141,
          "KomakiNMF5NoDevice-app-channel-4": 101,
          "KomakiNMF5NoDevice-os-ip-0": 132,
          "KomakiNMF5NoDevice-os-ip-1": 187,
          "KomakiNMF5NoDevice-os-ip-2": 117,
          "KomakiNMF5NoDevice-os-ip-3": 166,
          "KomakiNMF5NoDevice-os-ip-4": 116,
          "KomakiNMF5NoDevice-os-app-0": 80,
          "KomakiNMF5NoDevice-os-app-1": 15,
          "KomakiNMF5NoDevice-os-app-2": 138,
          "KomakiNMF5NoDevice-os-app-3": 210,
          "KomakiNMF5NoDevice-os-app-4": 122,
          "KomakiNMF5NoDevice-os-channel-0": 287,
          "KomakiNMF5NoDevice-os-channel-1": 144,
          "KomakiNMF5NoDevice-os-channel-2": 266,
          "KomakiNMF5NoDevice-os-channel-3": 180,
          "KomakiNMF5NoDevice-os-channel-4": 160,
          "KomakiNMF5NoDevice-channel-ip-0": 330,
          "KomakiNMF5NoDevice-channel-ip-1": 183,
          "KomakiNMF5NoDevice-channel-ip-2": 199,
          "KomakiNMF5NoDevice-channel-ip-3": 254,
          "KomakiNMF5NoDevice-channel-ip-4": 215,
          "KomakiNMF5NoDevice-channel-app-0": 137,
          "KomakiNMF5NoDevice-channel-app-1": 66,
          "KomakiNMF5NoDevice-channel-app-2": 125,
          "KomakiNMF5NoDevice-channel-app-3": 129,
          "KomakiNMF5NoDevice-channel-app-4": 152,
          "KomakiNMF5NoDevice-channel-os-0": 273,
          "KomakiNMF5NoDevice-channel-os-1": 83,
          "KomakiNMF5NoDevice-channel-os-2": 231,
          "KomakiNMF5NoDevice-channel-os-3": 132,
          "KomakiNMF5NoDevice-channel-os-4": 227,
          "KomakiPCA5NoDevice-ip-app-0": 923,
          "KomakiPCA5NoDevice-ip-app-1": 781,
          "KomakiPCA5NoDevice-ip-app-2": 834,
          "KomakiPCA5NoDevice-ip-app-3": 579,
          "KomakiPCA5NoDevice-ip-app-4": 887,
          "KomakiPCA5NoDevice-ip-os-0": 970,
          "KomakiPCA5NoDevice-ip-os-1": 727,
          "KomakiPCA5NoDevice-ip-os-2": 746,
          "KomakiPCA5NoDevice-ip-os-3": 616,
          "KomakiPCA5NoDevice-ip-os-4": 815,
          "KomakiPCA5NoDevice-ip-channel-0": 1091,
          "KomakiPCA5NoDevice-ip-channel-1": 792,
          "KomakiPCA5NoDevice-ip-channel-2": 767,
          "KomakiPCA5NoDevice-ip-channel-3": 868,
          "KomakiPCA5NoDevice-ip-channel-4": 801,
          "KomakiPCA5NoDevice-app-ip-0": 94,
          "KomakiPCA5NoDevice-app-ip-1": 101,
          "KomakiPCA5NoDevice-app-ip-2": 102,
          "KomakiPCA5NoDevice-app-ip-3": 135,
          "KomakiPCA5NoDevice-app-ip-4": 80,
          "KomakiPCA5NoDevice-app-os-0": 130,
          "KomakiPCA5NoDevice-app-os-1": 77,
          "KomakiPCA5NoDevice-app-os-2": 127,
          "KomakiPCA5NoDevice-app-os-3": 144,
          "KomakiPCA5NoDevice-app-os-4": 144,
          "KomakiPCA5NoDevice-app-channel-0": 94,
          "KomakiPCA5NoDevice-app-channel-1": 124,
          "KomakiPCA5NoDevice-app-channel-2": 118,
          "KomakiPCA5NoDevice-app-channel-3": 108,
          "KomakiPCA5NoDevice-app-channel-4": 124,
          "KomakiPCA5NoDevice-os-ip-0": 75,
          "KomakiPCA5NoDevice-os-ip-1": 117,
          "KomakiPCA5NoDevice-os-ip-2": 210,
          "KomakiPCA5NoDevice-os-ip-3": 163,
          "KomakiPCA5NoDevice-os-ip-4": 150,
          "KomakiPCA5NoDevice-os-app-0": 156,
          "KomakiPCA5NoDevice-os-app-1": 123,
          "KomakiPCA5NoDevice-os-app-2": 90,
          "KomakiPCA5NoDevice-os-app-3": 198,
          "KomakiPCA5NoDevice-os-app-4": 209,
          "KomakiPCA5NoDevice-os-channel-0": 142,
          "KomakiPCA5NoDevice-os-channel-1": 206,
          "KomakiPCA5NoDevice-os-channel-2": 117,
          "KomakiPCA5NoDevice-os-channel-3": 141,
          "KomakiPCA5NoDevice-os-channel-4": 155,
          "KomakiPCA5NoDevice-channel-ip-0": 243,
          "KomakiPCA5NoDevice-channel-ip-1": 244,
          "KomakiPCA5NoDevice-channel-ip-2": 243,
          "KomakiPCA5NoDevice-channel-ip-3": 232,
          "KomakiPCA5NoDevice-channel-ip-4": 257,
          "KomakiPCA5NoDevice-channel-app-0": 255,
          "KomakiPCA5NoDevice-channel-app-1": 143,
          "KomakiPCA5NoDevice-channel-app-2": 171,
          "KomakiPCA5NoDevice-channel-app-3": 174,
          "KomakiPCA5NoDevice-channel-app-4": 206,
          "KomakiPCA5NoDevice-channel-os-0": 235,
          "KomakiPCA5NoDevice-channel-os-1": 211,
          "KomakiPCA5NoDevice-channel-os-2": 160,
          "KomakiPCA5NoDevice-channel-os-3": 203,
          "KomakiPCA5NoDevice-channel-os-4": 207
        }
      },
      {
        "train_auc": 0.9944487976995146,
        "valid_auc": 0.9848748543295038,
        "best_iteration": 629,
        "train_time": 518.5357961654663,
        "feature_importance": {
          "app": 3389,
          "hour": 3618,
          "n_channels": 989,
          "ip_app_count": 966,
          "ip_app_os_count": 1115,
          "FutureClickCount_60-ip": 379,
          "FutureClickCount_60-app": 447,
          "FutureClickCount_60-ip-app": 119,
          "FutureClickCount_60-dev": 968,
          "FutureClickCount_60-ip-dev": 298,
          "FutureClickCount_60-app-dev": 411,
          "FutureClickCount_60-ip-app-dev": 101,
          "FutureClickCount_60-os": 468,
          "FutureClickCount_60-ip-os": 297,
          "FutureClickCount_60-app-os": 391,
          "FutureClickCount_60-ip-app-os": 81,
          "FutureClickCount_60-dev-os": 659,
          "FutureClickCount_60-ip-dev-os": 312,
          "FutureClickCount_60-app-dev-os": 443,
          "FutureClickCount_60-ip-app-dev-os": 151,
          "FutureClickCount_60-cha": 463,
          "FutureClickCount_60-ip-cha": 72,
          "FutureClickCount_60-app-cha": 458,
          "FutureClickCount_60-ip-app-cha": 48,
          "FutureClickCount_60-dev-cha": 291,
          "FutureClickCount_60-ip-dev-cha": 72,
          "FutureClickCount_60-app-dev-cha": 321,
          "FutureClickCount_60-ip-app-dev-cha": 25,
          "FutureClickCount_60-os-cha": 253,
          "FutureClickCount_60-ip-os-cha": 33,
          "FutureClickCount_60-app-os-cha": 266,
          "FutureClickCount_60-ip-app-os-cha": 18,
          "FutureClickCount_60-dev-os-cha": 279,
          "FutureClickCount_60-ip-dev-os-cha": 36,
          "FutureClickCount_60-app-dev-os-cha": 268,
          "FutureClickCount_60-ip-app-dev-os-cha": 37,
          "FutureClickCount_600-ip": 457,
          "FutureClickCount_600-app": 304,
          "FutureClickCount_600-ip-app": 173,
          "FutureClickCount_600-dev": 203,
          "FutureClickCount_600-ip-dev": 472,
          "FutureClickCount_600-app-dev": 259,
          "FutureClickCount_600-ip-app-dev": 143,
          "FutureClickCount_600-os": 189,
          "FutureClickCount_600-ip-os": 365,
          "FutureClickCount_600-app-os": 258,
          "FutureClickCount_600-ip-app-os": 199,
          "FutureClickCount_600-dev-os": 354,
          "FutureClickCount_600-ip-dev-os": 350,
          "FutureClickCount_600-app-dev-os": 398,
          "FutureClickCount_600-ip-app-dev-os": 314,
          "FutureClickCount_600-cha": 319,
          "FutureClickCount_600-ip-cha": 130,
          "FutureClickCount_600-app-cha": 491,
          "FutureClickCount_600-ip-app-cha": 74,
          "FutureClickCount_600-dev-cha": 238,
          "FutureClickCount_600-ip-dev-cha": 98,
          "FutureClickCount_600-app-dev-cha": 242,
          "FutureClickCount_600-ip-app-dev-cha": 91,
          "FutureClickCount_600-os-cha": 220,
          "FutureClickCount_600-ip-os-cha": 80,
          "FutureClickCount_600-app-os-cha": 274,
          "FutureClickCount_600-ip-app-os-cha": 63,
          "FutureClickCount_600-dev-os-cha": 240,
          "FutureClickCount_600-ip-dev-os-cha": 60,
          "FutureClickCount_600-app-dev-os-cha": 258,
          "FutureClickCount_600-ip-app-dev-os-cha": 78,
          "FutureClickCount_4800-ip": 795,
          "FutureClickCount_4800-app": 316,
          "FutureClickCount_4800-ip-app": 299,
          "FutureClickCount_4800-dev": 77,
          "FutureClickCount_4800-ip-dev": 978,
          "FutureClickCount_4800-app-dev": 178,
          "FutureClickCount_4800-ip-app-dev": 250,
          "FutureClickCount_4800-os": 164,
          "FutureClickCount_4800-ip-os": 594,
          "FutureClickCount_4800-app-os": 311,
          "FutureClickCount_4800-ip-app-os": 300,
          "FutureClickCount_4800-dev-os": 189,
          "FutureClickCount_4800-ip-dev-os": 680,
          "FutureClickCount_4800-app-dev-os": 397,
          "FutureClickCount_4800-ip-app-dev-os": 394,
          "FutureClickCount_4800-cha": 259,
          "FutureClickCount_4800-ip-cha": 201,
          "FutureClickCount_4800-app-cha": 512,
          "FutureClickCount_4800-ip-app-cha": 152,
          "FutureClickCount_4800-dev-cha": 190,
          "FutureClickCount_4800-ip-dev-cha": 169,
          "FutureClickCount_4800-app-dev-cha": 277,
          "FutureClickCount_4800-ip-app-dev-cha": 164,
          "FutureClickCount_4800-os-cha": 289,
          "FutureClickCount_4800-ip-os-cha": 117,
          "FutureClickCount_4800-app-os-cha": 305,
          "FutureClickCount_4800-ip-app-os-cha": 90,
          "FutureClickCount_4800-dev-os-cha": 246,
          "FutureClickCount_4800-ip-dev-os-cha": 100,
          "FutureClickCount_4800-app-dev-os-cha": 295,
          "FutureClickCount_4800-ip-app-dev-os-cha": 85,
          "NextClickTimeDelta-ip": 709,
          "NextClickTimeDelta-app": 111,
          "NextClickTimeDelta-ip-app": 811,
          "NextClickTimeDelta-dev": 84,
          "NextClickTimeDelta-ip-dev": 524,
          "NextClickTimeDelta-app-dev": 109,
          "NextClickTimeDelta-ip-app-dev": 551,
          "NextClickTimeDelta-os": 112,
          "NextClickTimeDelta-ip-os": 591,
          "NextClickTimeDelta-app-os": 193,
          "NextClickTimeDelta-ip-app-os": 1410,
          "NextClickTimeDelta-dev-os": 111,
          "NextClickTimeDelta-ip-dev-os": 446,
          "NextClickTimeDelta-app-dev-os": 143,
          "NextClickTimeDelta-ip-app-dev-os": 2443,
          "NextClickTimeDelta-cha": 131,
          "NextClickTimeDelta-ip-cha": 532,
          "NextClickTimeDelta-app-cha": 218,
          "NextClickTimeDelta-ip-app-cha": 431,
          "NextClickTimeDelta-dev-cha": 101,
          "NextClickTimeDelta-ip-dev-cha": 365,
          "NextClickTimeDelta-app-dev-cha": 132,
          "NextClickTimeDelta-ip-app-dev-cha": 318,
          "NextClickTimeDelta-os-cha": 231,
          "NextClickTimeDelta-ip-os-cha": 360,
          "NextClickTimeDelta-app-os-cha": 288,
          "NextClickTimeDelta-ip-app-os-cha": 456,
          "NextClickTimeDelta-dev-os-cha": 188,
          "NextClickTimeDelta-ip-dev-os-cha": 296,
          "NextClickTimeDelta-app-dev-os-cha": 208,
          "NextClickTimeDelta-ip-app-dev-os-cha": 491,
          "PrevClickTimeDelta-ip": 611,
          "PrevClickTimeDelta-app": 113,
          "PrevClickTimeDelta-ip-app": 417,
          "PrevClickTimeDelta-dev": 58,
          "PrevClickTimeDelta-ip-dev": 339,
          "PrevClickTimeDelta-app-dev": 96,
          "PrevClickTimeDelta-ip-app-dev": 328,
          "PrevClickTimeDelta-os": 152,
          "PrevClickTimeDelta-ip-os": 503,
          "PrevClickTimeDelta-app-os": 208,
          "PrevClickTimeDelta-ip-app-os": 405,
          "PrevClickTimeDelta-dev-os": 81,
          "PrevClickTimeDelta-ip-dev-os": 324,
          "PrevClickTimeDelta-app-dev-os": 139,
          "PrevClickTimeDelta-ip-app-dev-os": 329,
          "PrevClickTimeDelta-cha": 128,
          "PrevClickTimeDelta-ip-cha": 348,
          "PrevClickTimeDelta-app-cha": 207,
          "PrevClickTimeDelta-ip-app-cha": 272,
          "PrevClickTimeDelta-dev-cha": 137,
          "PrevClickTimeDelta-ip-dev-cha": 278,
          "PrevClickTimeDelta-app-dev-cha": 133,
          "PrevClickTimeDelta-ip-app-dev-cha": 208,
          "PrevClickTimeDelta-os-cha": 248,
          "PrevClickTimeDelta-ip-os-cha": 279,
          "PrevClickTimeDelta-app-os-cha": 223,
          "PrevClickTimeDelta-ip-app-os-cha": 229,
          "PrevClickTimeDelta-dev-os-cha": 183,
          "PrevClickTimeDelta-ip-dev-os-cha": 190,
          "PrevClickTimeDelta-app-dev-os-cha": 180,
          "PrevClickTimeDelta-ip-app-dev-os-cha": 153,
          "AverageAttributedRatio-ip": 446,
          "AverageAttributedRatio-app": 397,
          "AverageAttributedRatio-ip-app": 357,
          "AverageAttributedRatio-dev": 612,
          "AverageAttributedRatio-ip-dev": 400,
          "AverageAttributedRatio-app-dev": 328,
          "AverageAttributedRatio-ip-app-dev": 409,
          "AverageAttributedRatio-os": 360,
          "AverageAttributedRatio-ip-os": 329,
          "AverageAttributedRatio-app-os": 351,
          "AverageAttributedRatio-ip-app-os": 128,
          "AverageAttributedRatio-dev-os": 310,
          "AverageAttributedRatio-ip-dev-os": 337,
          "AverageAttributedRatio-app-dev-os": 376,
          "AverageAttributedRatio-ip-app-dev-os": 99,
          "AverageAttributedRatio-cha": 318,
          "AverageAttributedRatio-ip-cha": 152,
          "AverageAttributedRatio-app-cha": 356,
          "AverageAttributedRatio-ip-app-cha": 111,
          "AverageAttributedRatio-dev-cha": 213,
          "AverageAttributedRatio-ip-dev-cha": 136,
          "AverageAttributedRatio-app-dev-cha": 266,
          "AverageAttributedRatio-ip-app-dev-cha": 117,
          "AverageAttributedRatio-os-cha": 356,
          "AverageAttributedRatio-ip-os-cha": 82,
          "AverageAttributedRatio-app-os-cha": 489,
          "AverageAttributedRatio-ip-app-os-cha": 69,
          "AverageAttributedRatio-dev-os-cha": 327,
          "AverageAttributedRatio-ip-dev-os-cha": 70,
          "AverageAttributedRatio-app-dev-os-cha": 392,
          "AverageAttributedRatio-ip-app-dev-os-cha": 51,
          "KomakiLDA5NoDevice-ip-app-0": 1048,
          "KomakiLDA5NoDevice-ip-app-1": 934,
          "KomakiLDA5NoDevice-ip-app-2": 1063,
          "KomakiLDA5NoDevice-ip-app-3": 636,
          "KomakiLDA5NoDevice-ip-app-4": 505,
          "KomakiLDA5NoDevice-ip-os-0": 984,
          "KomakiLDA5NoDevice-ip-os-1": 894,
          "KomakiLDA5NoDevice-ip-os-2": 631,
          "KomakiLDA5NoDevice-ip-os-3": 812,
          "KomakiLDA5NoDevice-ip-os-4": 817,
          "KomakiLDA5NoDevice-ip-channel-0": 894,
          "KomakiLDA5NoDevice-ip-channel-1": 775,
          "KomakiLDA5NoDevice-ip-channel-2": 987,
          "KomakiLDA5NoDevice-ip-channel-3": 979,
          "KomakiLDA5NoDevice-ip-channel-4": 1069,
          "KomakiLDA5NoDevice-app-ip-0": 301,
          "KomakiLDA5NoDevice-app-ip-1": 200,
          "KomakiLDA5NoDevice-app-ip-2": 183,
          "KomakiLDA5NoDevice-app-ip-3": 200,
          "KomakiLDA5NoDevice-app-ip-4": 158,
          "KomakiLDA5NoDevice-app-os-0": 143,
          "KomakiLDA5NoDevice-app-os-1": 207,
          "KomakiLDA5NoDevice-app-os-2": 153,
          "KomakiLDA5NoDevice-app-os-3": 131,
          "KomakiLDA5NoDevice-app-os-4": 173,
          "KomakiLDA5NoDevice-app-channel-0": 132,
          "KomakiLDA5NoDevice-app-channel-1": 143,
          "KomakiLDA5NoDevice-app-channel-2": 213,
          "KomakiLDA5NoDevice-app-channel-3": 178,
          "KomakiLDA5NoDevice-app-channel-4": 76,
          "KomakiLDA5NoDevice-os-ip-0": 307,
          "KomakiLDA5NoDevice-os-ip-1": 231,
          "KomakiLDA5NoDevice-os-ip-2": 240,
          "KomakiLDA5NoDevice-os-ip-3": 177,
          "KomakiLDA5NoDevice-os-ip-4": 237,
          "KomakiLDA5NoDevice-os-app-0": 243,
          "KomakiLDA5NoDevice-os-app-1": 307,
          "KomakiLDA5NoDevice-os-app-2": 127,
          "KomakiLDA5NoDevice-os-app-3": 196,
          "KomakiLDA5NoDevice-os-app-4": 117,
          "KomakiLDA5NoDevice-os-channel-0": 247,
          "KomakiLDA5NoDevice-os-channel-1": 132,
          "KomakiLDA5NoDevice-os-channel-2": 213,
          "KomakiLDA5NoDevice-os-channel-3": 278,
          "KomakiLDA5NoDevice-os-channel-4": 157,
          "KomakiLDA5NoDevice-channel-ip-0": 209,
          "KomakiLDA5NoDevice-channel-ip-1": 285,
          "KomakiLDA5NoDevice-channel-ip-2": 229,
          "KomakiLDA5NoDevice-channel-ip-3": 268,
          "KomakiLDA5NoDevice-channel-ip-4": 220,
          "KomakiLDA5NoDevice-channel-app-0": 239,
          "KomakiLDA5NoDevice-channel-app-1": 214,
          "KomakiLDA5NoDevice-channel-app-2": 245,
          "KomakiLDA5NoDevice-channel-app-3": 204,
          "KomakiLDA5NoDevice-channel-app-4": 229,
          "KomakiLDA5NoDevice-channel-os-0": 237,
          "KomakiLDA5NoDevice-channel-os-1": 237,
          "KomakiLDA5NoDevice-channel-os-2": 268,
          "KomakiLDA5NoDevice-channel-os-3": 227,
          "KomakiLDA5NoDevice-channel-os-4": 217,
          "KomakiNMF5NoDevice-ip-app-0": 535,
          "KomakiNMF5NoDevice-ip-app-1": 846,
          "KomakiNMF5NoDevice-ip-app-2": 646,
          "KomakiNMF5NoDevice-ip-app-3": 512,
          "KomakiNMF5NoDevice-ip-app-4": 628,
          "KomakiNMF5NoDevice-ip-os-0": 797,
          "KomakiNMF5NoDevice-ip-os-1": 801,
          "KomakiNMF5NoDevice-ip-os-2": 725,
          "KomakiNMF5NoDevice-ip-os-3": 711,
          "KomakiNMF5NoDevice-ip-os-4": 655,
          "KomakiNMF5NoDevice-ip-channel-0": 696,
          "KomakiNMF5NoDevice-ip-channel-1": 1012,
          "KomakiNMF5NoDevice-ip-channel-2": 657,
          "KomakiNMF5NoDevice-ip-channel-3": 802,
          "KomakiNMF5NoDevice-ip-channel-4": 640,
          "KomakiNMF5NoDevice-app-ip-0": 132,
          "KomakiNMF5NoDevice-app-ip-1": 144,
          "KomakiNMF5NoDevice-app-ip-2": 131,
          "KomakiNMF5NoDevice-app-ip-3": 121,
          "KomakiNMF5NoDevice-app-ip-4": 74,
          "KomakiNMF5NoDevice-app-os-0": 53,
          "KomakiNMF5NoDevice-app-os-1": 99,
          "KomakiNMF5NoDevice-app-os-2": 83,
          "KomakiNMF5NoDevice-app-os-3": 35,
          "KomakiNMF5NoDevice-app-os-4": 53,
          "KomakiNMF5NoDevice-app-channel-0": 104,
          "KomakiNMF5NoDevice-app-channel-1": 100,
          "KomakiNMF5NoDevice-app-channel-2": 99,
          "KomakiNMF5NoDevice-app-channel-3": 119,
          "KomakiNMF5NoDevice-app-channel-4": 86,
          "KomakiNMF5NoDevice-os-ip-0": 106,
          "KomakiNMF5NoDevice-os-ip-1": 145,
          "KomakiNMF5NoDevice-os-ip-2": 118,
          "KomakiNMF5NoDevice-os-ip-3": 150,
          "KomakiNMF5NoDevice-os-ip-4": 103,
          "KomakiNMF5NoDevice-os-app-0": 81,
          "KomakiNMF5NoDevice-os-app-1": 9,
          "KomakiNMF5NoDevice-os-app-2": 112,
          "KomakiNMF5NoDevice-os-app-3": 198,
          "KomakiNMF5NoDevice-os-app-4": 137,
          "KomakiNMF5NoDevice-os-channel-0": 230,
          "KomakiNMF5NoDevice-os-channel-1": 116,
          "KomakiNMF5NoDevice-os-channel-2": 245,
          "KomakiNMF5NoDevice-os-channel-3": 200,
          "KomakiNMF5NoDevice-os-channel-4": 151,
          "KomakiNMF5NoDevice-channel-ip-0": 305,
          "KomakiNMF5NoDevice-channel-ip-1": 182,
          "KomakiNMF5NoDevice-channel-ip-2": 155,
          "KomakiNMF5NoDevice-channel-ip-3": 237,
          "KomakiNMF5NoDevice-channel-ip-4": 246,
          "KomakiNMF5NoDevice-channel-app-0": 140,
          "KomakiNMF5NoDevice-channel-app-1": 63,
          "KomakiNMF5NoDevice-channel-app-2": 117,
          "KomakiNMF5NoDevice-channel-app-3": 125,
          "KomakiNMF5NoDevice-channel-app-4": 147,
          "KomakiNMF5NoDevice-channel-os-0": 240,
          "KomakiNMF5NoDevice-channel-os-1": 85,
          "KomakiNMF5NoDevice-channel-os-2": 207,
          "KomakiNMF5NoDevice-channel-os-3": 130,
          "KomakiNMF5NoDevice-channel-os-4": 235,
          "KomakiPCA5NoDevice-ip-app-0": 886,
          "KomakiPCA5NoDevice-ip-app-1": 730,
          "KomakiPCA5NoDevice-ip-app-2": 703,
          "KomakiPCA5NoDevice-ip-app-3": 520,
          "KomakiPCA5NoDevice-ip-app-4": 842,
          "KomakiPCA5NoDevice-ip-os-0": 941,
          "KomakiPCA5NoDevice-ip-os-1": 613,
          "KomakiPCA5NoDevice-ip-os-2": 645,
          "KomakiPCA5NoDevice-ip-os-3": 557,
          "KomakiPCA5NoDevice-ip-os-4": 697,
          "KomakiPCA5NoDevice-ip-channel-0": 1019,
          "KomakiPCA5NoDevice-ip-channel-1": 746,
          "KomakiPCA5NoDevice-ip-channel-2": 690,
          "KomakiPCA5NoDevice-ip-channel-3": 744,
          "KomakiPCA5NoDevice-ip-channel-4": 788,
          "KomakiPCA5NoDevice-app-ip-0": 65,
          "KomakiPCA5NoDevice-app-ip-1": 106,
          "KomakiPCA5NoDevice-app-ip-2": 115,
          "KomakiPCA5NoDevice-app-ip-3": 148,
          "KomakiPCA5NoDevice-app-ip-4": 90,
          "KomakiPCA5NoDevice-app-os-0": 134,
          "KomakiPCA5NoDevice-app-os-1": 64,
          "KomakiPCA5NoDevice-app-os-2": 121,
          "KomakiPCA5NoDevice-app-os-3": 131,
          "KomakiPCA5NoDevice-app-os-4": 111,
          "KomakiPCA5NoDevice-app-channel-0": 96,
          "KomakiPCA5NoDevice-app-channel-1": 114,
          "KomakiPCA5NoDevice-app-channel-2": 105,
          "KomakiPCA5NoDevice-app-channel-3": 120,
          "KomakiPCA5NoDevice-app-channel-4": 148,
          "KomakiPCA5NoDevice-os-ip-0": 68,
          "KomakiPCA5NoDevice-os-ip-1": 105,
          "KomakiPCA5NoDevice-os-ip-2": 156,
          "KomakiPCA5NoDevice-os-ip-3": 147,
          "KomakiPCA5NoDevice-os-ip-4": 140,
          "KomakiPCA5NoDevice-os-app-0": 138,
          "KomakiPCA5NoDevice-os-app-1": 126,
          "KomakiPCA5NoDevice-os-app-2": 92,
          "KomakiPCA5NoDevice-os-app-3": 174,
          "KomakiPCA5NoDevice-os-app-4": 211,
          "KomakiPCA5NoDevice-os-channel-0": 122,
          "KomakiPCA5NoDevice-os-channel-1": 206,
          "KomakiPCA5NoDevice-os-channel-2": 105,
          "KomakiPCA5NoDevice-os-channel-3": 111,
          "KomakiPCA5NoDevice-os-channel-4": 118,
          "KomakiPCA5NoDevice-channel-ip-0": 238,
          "KomakiPCA5NoDevice-channel-ip-1": 207,
          "KomakiPCA5NoDevice-channel-ip-2": 207,
          "KomakiPCA5NoDevice-channel-ip-3": 219,
          "KomakiPCA5NoDevice-channel-ip-4": 252,
          "KomakiPCA5NoDevice-channel-app-0": 222,
          "KomakiPCA5NoDevice-channel-app-1": 147,
          "KomakiPCA5NoDevice-channel-app-2": 134,
          "KomakiPCA5NoDevice-channel-app-3": 164,
          "KomakiPCA5NoDevice-channel-app-4": 172,
          "KomakiPCA5NoDevice-channel-os-0": 178,
          "KomakiPCA5NoDevice-channel-os-1": 169,
          "KomakiPCA5NoDevice-channel-os-2": 171,
          "KomakiPCA5NoDevice-channel-os-3": 184,
          "KomakiPCA5NoDevice-channel-os-4": 180
        }
      }
    ],
    "average_train_auc": 0.9947112489382042,
    "average_valid_auc": 0.984818225362935,
    "train_auc_std": 0.0004695876117294631,
    "valid_auc_std": 7.770021205116457e-05,
    "average_train_time": 543.392615890503
  },
  "config": {
    "features": [
      "app",
      "hour",
      "count",
      "future_click_count_1",
      "future_click_count_10",
      "future_click_count_80",
      "next_click_time_delta",
      "prev_click_time_delta",
      "average_attributed_ratio",
      "komaki_lda_5_no_device",
      "komaki_nmf_5_no_device",
      "komaki_pca_5_no_device"
    ],
    "model": {
      "name": "lightgbm",
      "model_params": {
        "boosting_type": "gbdt",
        "objective": "binary",
        "metric": "auc",
        "learning_rate": 0.03,
        "num_leaves": 255,
        "max_depth": 8,
        "min_child_samples": 10,
        "max_bin": 100,
        "subsample": 0.7,
        "subsample_freq": 1,
        "colsample_bytree": 0.7,
        "min_child_weight": 0,
        "subsample_for_bin": 200000,
        "min_split_gain": 0,
        "reg_alpha": 0,
        "reg_lambda": 0,
        "verbose": 0
      },
      "train_params": {
        "num_boost_round": 1000,
        "early_stopping_rounds": 30
      }
    },
    "dataset": {
      "input_directory": "data/input/",
      "cache_directory": "data/working/",
      "validation_ratio": 0.33333333333,
      "full_data_train": true,
      "files": {
        "train": "train.feather",
        "test": "old_test.feather"
      },
      "negative_down_sampling": {
        "enabled": true,
        "bagging_size": 5,
        "random_state": 114514
      }
    },
    "note": "47 + future_click_count_1"
  }
}