{
  "training": {
    "trials": [
      {
        "train_auc": 0.9907299635528573,
        "valid_auc": 0.9836173962403668,
        "best_iteration": 343,
        "train_time": 160.59507155418396,
        "feature_importance": {
          "ip": 1767,
          "os": 701,
          "app": 882,
          "channel": 1526,
          "hour": 1183,
          "n_channels": 820,
          "ip_app_count": 775,
          "ip_app_os_count": 596,
          "FutureClickCount_600-ip": 441,
          "FutureClickCount_600-app": 295,
          "FutureClickCount_600-ip-app": 127,
          "FutureClickCount_600-dev": 188,
          "FutureClickCount_600-ip-dev": 407,
          "FutureClickCount_600-app-dev": 295,
          "FutureClickCount_600-ip-app-dev": 146,
          "FutureClickCount_600-os": 202,
          "FutureClickCount_600-ip-os": 197,
          "FutureClickCount_600-app-os": 237,
          "FutureClickCount_600-ip-app-os": 167,
          "FutureClickCount_600-dev-os": 453,
          "FutureClickCount_600-ip-dev-os": 181,
          "FutureClickCount_600-app-dev-os": 364,
          "FutureClickCount_600-ip-app-dev-os": 204,
          "FutureClickCount_600-cha": 246,
          "FutureClickCount_600-ip-cha": 64,
          "FutureClickCount_600-app-cha": 429,
          "FutureClickCount_600-ip-app-cha": 64,
          "FutureClickCount_600-dev-cha": 202,
          "FutureClickCount_600-ip-dev-cha": 67,
          "FutureClickCount_600-app-dev-cha": 230,
          "FutureClickCount_600-ip-app-dev-cha": 37,
          "FutureClickCount_600-os-cha": 186,
          "FutureClickCount_600-ip-os-cha": 44,
          "FutureClickCount_600-app-os-cha": 171,
          "FutureClickCount_600-ip-app-os-cha": 42,
          "FutureClickCount_600-dev-os-cha": 209,
          "FutureClickCount_600-ip-dev-os-cha": 31,
          "FutureClickCount_600-app-dev-os-cha": 202,
          "FutureClickCount_600-ip-app-dev-os-cha": 55,
          "FutureClickCount_4800-ip": 840,
          "FutureClickCount_4800-app": 173,
          "FutureClickCount_4800-ip-app": 203,
          "FutureClickCount_4800-dev": 43,
          "FutureClickCount_4800-ip-dev": 770,
          "FutureClickCount_4800-app-dev": 145,
          "FutureClickCount_4800-ip-app-dev": 180,
          "FutureClickCount_4800-os": 94,
          "FutureClickCount_4800-ip-os": 378,
          "FutureClickCount_4800-app-os": 211,
          "FutureClickCount_4800-ip-app-os": 184,
          "FutureClickCount_4800-dev-os": 234,
          "FutureClickCount_4800-ip-dev-os": 527,
          "FutureClickCount_4800-app-dev-os": 368,
          "FutureClickCount_4800-ip-app-dev-os": 246,
          "FutureClickCount_4800-cha": 223,
          "FutureClickCount_4800-ip-cha": 125,
          "FutureClickCount_4800-app-cha": 320,
          "FutureClickCount_4800-ip-app-cha": 90,
          "FutureClickCount_4800-dev-cha": 143,
          "FutureClickCount_4800-ip-dev-cha": 115,
          "FutureClickCount_4800-app-dev-cha": 210,
          "FutureClickCount_4800-ip-app-dev-cha": 100,
          "FutureClickCount_4800-os-cha": 202,
          "FutureClickCount_4800-ip-os-cha": 67,
          "FutureClickCount_4800-app-os-cha": 197,
          "FutureClickCount_4800-ip-app-os-cha": 47,
          "FutureClickCount_4800-dev-os-cha": 181,
          "FutureClickCount_4800-ip-dev-os-cha": 40,
          "FutureClickCount_4800-app-dev-os-cha": 206,
          "FutureClickCount_4800-ip-app-dev-os-cha": 45,
          "NextClickTimeDelta-ip": 503,
          "NextClickTimeDelta-app": 52,
          "NextClickTimeDelta-ip-app": 582,
          "NextClickTimeDelta-dev": 23,
          "NextClickTimeDelta-ip-dev": 335,
          "NextClickTimeDelta-app-dev": 46,
          "NextClickTimeDelta-ip-app-dev": 355,
          "NextClickTimeDelta-os": 59,
          "NextClickTimeDelta-ip-os": 399,
          "NextClickTimeDelta-app-os": 95,
          "NextClickTimeDelta-ip-app-os": 1054,
          "NextClickTimeDelta-dev-os": 62,
          "NextClickTimeDelta-ip-dev-os": 280,
          "NextClickTimeDelta-app-dev-os": 105,
          "NextClickTimeDelta-ip-app-dev-os": 1844,
          "NextClickTimeDelta-cha": 53,
          "NextClickTimeDelta-ip-cha": 334,
          "NextClickTimeDelta-app-cha": 102,
          "NextClickTimeDelta-ip-app-cha": 307,
          "NextClickTimeDelta-dev-cha": 60,
          "NextClickTimeDelta-ip-dev-cha": 235,
          "NextClickTimeDelta-app-dev-cha": 79,
          "NextClickTimeDelta-ip-app-dev-cha": 230,
          "NextClickTimeDelta-os-cha": 109,
          "NextClickTimeDelta-ip-os-cha": 238,
          "NextClickTimeDelta-app-os-cha": 154,
          "NextClickTimeDelta-ip-app-os-cha": 344,
          "NextClickTimeDelta-dev-os-cha": 167,
          "NextClickTimeDelta-ip-dev-os-cha": 211,
          "NextClickTimeDelta-app-dev-os-cha": 165,
          "NextClickTimeDelta-ip-app-dev-os-cha": 334,
          "PrevClickTimeDelta-ip": 381,
          "PrevClickTimeDelta-app": 67,
          "PrevClickTimeDelta-ip-app": 282,
          "PrevClickTimeDelta-dev": 30,
          "PrevClickTimeDelta-ip-dev": 272,
          "PrevClickTimeDelta-app-dev": 57,
          "PrevClickTimeDelta-ip-app-dev": 200,
          "PrevClickTimeDelta-os": 47,
          "PrevClickTimeDelta-ip-os": 274,
          "PrevClickTimeDelta-app-os": 122,
          "PrevClickTimeDelta-ip-app-os": 229,
          "PrevClickTimeDelta-dev-os": 32,
          "PrevClickTimeDelta-ip-dev-os": 206,
          "PrevClickTimeDelta-app-dev-os": 103,
          "PrevClickTimeDelta-ip-app-dev-os": 176,
          "PrevClickTimeDelta-cha": 52,
          "PrevClickTimeDelta-ip-cha": 247,
          "PrevClickTimeDelta-app-cha": 98,
          "PrevClickTimeDelta-ip-app-cha": 156,
          "PrevClickTimeDelta-dev-cha": 60,
          "PrevClickTimeDelta-ip-dev-cha": 178,
          "PrevClickTimeDelta-app-dev-cha": 81,
          "PrevClickTimeDelta-ip-app-dev-cha": 96,
          "PrevClickTimeDelta-os-cha": 119,
          "PrevClickTimeDelta-ip-os-cha": 181,
          "PrevClickTimeDelta-app-os-cha": 164,
          "PrevClickTimeDelta-ip-app-os-cha": 122,
          "PrevClickTimeDelta-dev-os-cha": 116,
          "PrevClickTimeDelta-ip-dev-os-cha": 108,
          "PrevClickTimeDelta-app-dev-os-cha": 107,
          "PrevClickTimeDelta-ip-app-dev-os-cha": 110,
          "AverageAttributedRatio-ip": 106,
          "AverageAttributedRatio-app": 167,
          "AverageAttributedRatio-ip-app": 100,
          "AverageAttributedRatio-dev": 229,
          "AverageAttributedRatio-ip-dev": 116,
          "AverageAttributedRatio-app-dev": 108,
          "AverageAttributedRatio-ip-app-dev": 144,
          "AverageAttributedRatio-os": 155,
          "AverageAttributedRatio-ip-os": 72,
          "AverageAttributedRatio-app-os": 169,
          "AverageAttributedRatio-ip-app-os": 13,
          "AverageAttributedRatio-dev-os": 111,
          "AverageAttributedRatio-ip-dev-os": 66,
          "AverageAttributedRatio-app-dev-os": 152,
          "AverageAttributedRatio-ip-app-dev-os": 31,
          "AverageAttributedRatio-cha": 121,
          "AverageAttributedRatio-ip-cha": 29,
          "AverageAttributedRatio-app-cha": 128,
          "AverageAttributedRatio-ip-app-cha": 23,
          "AverageAttributedRatio-dev-cha": 77,
          "AverageAttributedRatio-ip-dev-cha": 28,
          "AverageAttributedRatio-app-dev-cha": 116,
          "AverageAttributedRatio-ip-app-dev-cha": 29,
          "AverageAttributedRatio-os-cha": 128,
          "AverageAttributedRatio-ip-os-cha": 22,
          "AverageAttributedRatio-app-os-cha": 148,
          "AverageAttributedRatio-ip-app-os-cha": 16,
          "AverageAttributedRatio-dev-os-cha": 87,
          "AverageAttributedRatio-ip-dev-os-cha": 14,
          "AverageAttributedRatio-app-dev-os-cha": 153,
          "AverageAttributedRatio-ip-app-dev-os-cha": 12,
          "KomakiLDA5NoDevice-ip-app-0": 736,
          "KomakiLDA5NoDevice-ip-app-1": 673,
          "KomakiLDA5NoDevice-ip-app-2": 580,
          "KomakiLDA5NoDevice-ip-app-3": 390,
          "KomakiLDA5NoDevice-ip-app-4": 332,
          "KomakiLDA5NoDevice-ip-os-0": 450,
          "KomakiLDA5NoDevice-ip-os-1": 494,
          "KomakiLDA5NoDevice-ip-os-2": 488,
          "KomakiLDA5NoDevice-ip-os-3": 384,
          "KomakiLDA5NoDevice-ip-os-4": 347,
          "KomakiLDA5NoDevice-ip-channel-0": 408,
          "KomakiLDA5NoDevice-ip-channel-1": 635,
          "KomakiLDA5NoDevice-ip-channel-2": 519,
          "KomakiLDA5NoDevice-ip-channel-3": 495,
          "KomakiLDA5NoDevice-ip-channel-4": 667,
          "KomakiLDA5NoDevice-app-ip-0": 313,
          "KomakiLDA5NoDevice-app-ip-1": 241,
          "KomakiLDA5NoDevice-app-ip-2": 238,
          "KomakiLDA5NoDevice-app-ip-3": 337,
          "KomakiLDA5NoDevice-app-ip-4": 236,
          "KomakiLDA5NoDevice-app-os-0": 199,
          "KomakiLDA5NoDevice-app-os-1": 267,
          "KomakiLDA5NoDevice-app-os-2": 208,
          "KomakiLDA5NoDevice-app-os-3": 178,
          "KomakiLDA5NoDevice-app-os-4": 329,
          "KomakiLDA5NoDevice-app-channel-0": 218,
          "KomakiLDA5NoDevice-app-channel-1": 218,
          "KomakiLDA5NoDevice-app-channel-2": 206,
          "KomakiLDA5NoDevice-app-channel-3": 210,
          "KomakiLDA5NoDevice-app-channel-4": 160,
          "KomakiLDA5NoDevice-os-ip-0": 258,
          "KomakiLDA5NoDevice-os-ip-1": 193,
          "KomakiLDA5NoDevice-os-ip-2": 153,
          "KomakiLDA5NoDevice-os-ip-3": 133,
          "KomakiLDA5NoDevice-os-ip-4": 147,
          "KomakiLDA5NoDevice-os-app-0": 234,
          "KomakiLDA5NoDevice-os-app-1": 204,
          "KomakiLDA5NoDevice-os-app-2": 156,
          "KomakiLDA5NoDevice-os-app-3": 231,
          "KomakiLDA5NoDevice-os-app-4": 152,
          "KomakiLDA5NoDevice-os-channel-0": 236,
          "KomakiLDA5NoDevice-os-channel-1": 153,
          "KomakiLDA5NoDevice-os-channel-2": 205,
          "KomakiLDA5NoDevice-os-channel-3": 189,
          "KomakiLDA5NoDevice-os-channel-4": 144,
          "KomakiLDA5NoDevice-channel-ip-0": 172,
          "KomakiLDA5NoDevice-channel-ip-1": 228,
          "KomakiLDA5NoDevice-channel-ip-2": 203,
          "KomakiLDA5NoDevice-channel-ip-3": 234,
          "KomakiLDA5NoDevice-channel-ip-4": 228,
          "KomakiLDA5NoDevice-channel-app-0": 236,
          "KomakiLDA5NoDevice-channel-app-1": 143,
          "KomakiLDA5NoDevice-channel-app-2": 195,
          "KomakiLDA5NoDevice-channel-app-3": 155,
          "KomakiLDA5NoDevice-channel-app-4": 175,
          "KomakiLDA5NoDevice-channel-os-0": 225,
          "KomakiLDA5NoDevice-channel-os-1": 185,
          "KomakiLDA5NoDevice-channel-os-2": 220,
          "KomakiLDA5NoDevice-channel-os-3": 166,
          "KomakiLDA5NoDevice-channel-os-4": 166
        }
      },
      {
        "train_auc": 0.9907112212881615,
        "valid_auc": 0.9836095060211365,
        "best_iteration": 343,
        "train_time": 159.54316568374634,
        "feature_importance": {
          "ip": 1792,
          "os": 673,
          "app": 918,
          "channel": 1486,
          "hour": 1149,
          "n_channels": 874,
          "ip_app_count": 724,
          "ip_app_os_count": 630,
          "FutureClickCount_600-ip": 405,
          "FutureClickCount_600-app": 305,
          "FutureClickCount_600-ip-app": 149,
          "FutureClickCount_600-dev": 189,
          "FutureClickCount_600-ip-dev": 362,
          "FutureClickCount_600-app-dev": 271,
          "FutureClickCount_600-ip-app-dev": 106,
          "FutureClickCount_600-os": 206,
          "FutureClickCount_600-ip-os": 223,
          "FutureClickCount_600-app-os": 252,
          "FutureClickCount_600-ip-app-os": 173,
          "FutureClickCount_600-dev-os": 444,
          "FutureClickCount_600-ip-dev-os": 173,
          "FutureClickCount_600-app-dev-os": 378,
          "FutureClickCount_600-ip-app-dev-os": 189,
          "FutureClickCount_600-cha": 238,
          "FutureClickCount_600-ip-cha": 93,
          "FutureClickCount_600-app-cha": 502,
          "FutureClickCount_600-ip-app-cha": 51,
          "FutureClickCount_600-dev-cha": 230,
          "FutureClickCount_600-ip-dev-cha": 72,
          "FutureClickCount_600-app-dev-cha": 215,
          "FutureClickCount_600-ip-app-dev-cha": 68,
          "FutureClickCount_600-os-cha": 165,
          "FutureClickCount_600-ip-os-cha": 40,
          "FutureClickCount_600-app-os-cha": 198,
          "FutureClickCount_600-ip-app-os-cha": 47,
          "FutureClickCount_600-dev-os-cha": 217,
          "FutureClickCount_600-ip-dev-os-cha": 25,
          "FutureClickCount_600-app-dev-os-cha": 200,
          "FutureClickCount_600-ip-app-dev-os-cha": 41,
          "FutureClickCount_4800-ip": 792,
          "FutureClickCount_4800-app": 154,
          "FutureClickCount_4800-ip-app": 202,
          "FutureClickCount_4800-dev": 48,
          "FutureClickCount_4800-ip-dev": 734,
          "FutureClickCount_4800-app-dev": 172,
          "FutureClickCount_4800-ip-app-dev": 170,
          "FutureClickCount_4800-os": 94,
          "FutureClickCount_4800-ip-os": 410,
          "FutureClickCount_4800-app-os": 221,
          "FutureClickCount_4800-ip-app-os": 166,
          "FutureClickCount_4800-dev-os": 201,
          "FutureClickCount_4800-ip-dev-os": 545,
          "FutureClickCount_4800-app-dev-os": 383,
          "FutureClickCount_4800-ip-app-dev-os": 229,
          "FutureClickCount_4800-cha": 226,
          "FutureClickCount_4800-ip-cha": 141,
          "FutureClickCount_4800-app-cha": 356,
          "FutureClickCount_4800-ip-app-cha": 110,
          "FutureClickCount_4800-dev-cha": 151,
          "FutureClickCount_4800-ip-dev-cha": 131,
          "FutureClickCount_4800-app-dev-cha": 212,
          "FutureClickCount_4800-ip-app-dev-cha": 98,
          "FutureClickCount_4800-os-cha": 188,
          "FutureClickCount_4800-ip-os-cha": 86,
          "FutureClickCount_4800-app-os-cha": 172,
          "FutureClickCount_4800-ip-app-os-cha": 60,
          "FutureClickCount_4800-dev-os-cha": 169,
          "FutureClickCount_4800-ip-dev-os-cha": 42,
          "FutureClickCount_4800-app-dev-os-cha": 171,
          "FutureClickCount_4800-ip-app-dev-os-cha": 75,
          "NextClickTimeDelta-ip": 515,
          "NextClickTimeDelta-app": 48,
          "NextClickTimeDelta-ip-app": 570,
          "NextClickTimeDelta-dev": 26,
          "NextClickTimeDelta-ip-dev": 362,
          "NextClickTimeDelta-app-dev": 44,
          "NextClickTimeDelta-ip-app-dev": 337,
          "NextClickTimeDelta-os": 37,
          "NextClickTimeDelta-ip-os": 449,
          "NextClickTimeDelta-app-os": 96,
          "NextClickTimeDelta-ip-app-os": 1023,
          "NextClickTimeDelta-dev-os": 69,
          "NextClickTimeDelta-ip-dev-os": 277,
          "NextClickTimeDelta-app-dev-os": 105,
          "NextClickTimeDelta-ip-app-dev-os": 1796,
          "NextClickTimeDelta-cha": 69,
          "NextClickTimeDelta-ip-cha": 355,
          "NextClickTimeDelta-app-cha": 139,
          "NextClickTimeDelta-ip-app-cha": 287,
          "NextClickTimeDelta-dev-cha": 65,
          "NextClickTimeDelta-ip-dev-cha": 225,
          "NextClickTimeDelta-app-dev-cha": 75,
          "NextClickTimeDelta-ip-app-dev-cha": 206,
          "NextClickTimeDelta-os-cha": 123,
          "NextClickTimeDelta-ip-os-cha": 241,
          "NextClickTimeDelta-app-os-cha": 155,
          "NextClickTimeDelta-ip-app-os-cha": 309,
          "NextClickTimeDelta-dev-os-cha": 134,
          "NextClickTimeDelta-ip-dev-os-cha": 208,
          "NextClickTimeDelta-app-dev-os-cha": 162,
          "NextClickTimeDelta-ip-app-dev-os-cha": 336,
          "PrevClickTimeDelta-ip": 306,
          "PrevClickTimeDelta-app": 55,
          "PrevClickTimeDelta-ip-app": 243,
          "PrevClickTimeDelta-dev": 36,
          "PrevClickTimeDelta-ip-dev": 246,
          "PrevClickTimeDelta-app-dev": 40,
          "PrevClickTimeDelta-ip-app-dev": 199,
          "PrevClickTimeDelta-os": 66,
          "PrevClickTimeDelta-ip-os": 297,
          "PrevClickTimeDelta-app-os": 88,
          "PrevClickTimeDelta-ip-app-os": 227,
          "PrevClickTimeDelta-dev-os": 29,
          "PrevClickTimeDelta-ip-dev-os": 218,
          "PrevClickTimeDelta-app-dev-os": 73,
          "PrevClickTimeDelta-ip-app-dev-os": 174,
          "PrevClickTimeDelta-cha": 51,
          "PrevClickTimeDelta-ip-cha": 201,
          "PrevClickTimeDelta-app-cha": 86,
          "PrevClickTimeDelta-ip-app-cha": 199,
          "PrevClickTimeDelta-dev-cha": 58,
          "PrevClickTimeDelta-ip-dev-cha": 179,
          "PrevClickTimeDelta-app-dev-cha": 63,
          "PrevClickTimeDelta-ip-app-dev-cha": 126,
          "PrevClickTimeDelta-os-cha": 126,
          "PrevClickTimeDelta-ip-os-cha": 165,
          "PrevClickTimeDelta-app-os-cha": 154,
          "PrevClickTimeDelta-ip-app-os-cha": 125,
          "PrevClickTimeDelta-dev-os-cha": 106,
          "PrevClickTimeDelta-ip-dev-os-cha": 117,
          "PrevClickTimeDelta-app-dev-os-cha": 106,
          "PrevClickTimeDelta-ip-app-dev-os-cha": 124,
          "AverageAttributedRatio-ip": 145,
          "AverageAttributedRatio-app": 156,
          "AverageAttributedRatio-ip-app": 137,
          "AverageAttributedRatio-dev": 227,
          "AverageAttributedRatio-ip-dev": 105,
          "AverageAttributedRatio-app-dev": 97,
          "AverageAttributedRatio-ip-app-dev": 101,
          "AverageAttributedRatio-os": 126,
          "AverageAttributedRatio-ip-os": 90,
          "AverageAttributedRatio-app-os": 166,
          "AverageAttributedRatio-ip-app-os": 32,
          "AverageAttributedRatio-dev-os": 111,
          "AverageAttributedRatio-ip-dev-os": 66,
          "AverageAttributedRatio-app-dev-os": 155,
          "AverageAttributedRatio-ip-app-dev-os": 21,
          "AverageAttributedRatio-cha": 165,
          "AverageAttributedRatio-ip-cha": 37,
          "AverageAttributedRatio-app-cha": 123,
          "AverageAttributedRatio-ip-app-cha": 41,
          "AverageAttributedRatio-dev-cha": 103,
          "AverageAttributedRatio-ip-dev-cha": 26,
          "AverageAttributedRatio-app-dev-cha": 113,
          "AverageAttributedRatio-ip-app-dev-cha": 32,
          "AverageAttributedRatio-os-cha": 121,
          "AverageAttributedRatio-ip-os-cha": 17,
          "AverageAttributedRatio-app-os-cha": 129,
          "AverageAttributedRatio-ip-app-os-cha": 16,
          "AverageAttributedRatio-dev-os-cha": 131,
          "AverageAttributedRatio-ip-dev-os-cha": 15,
          "AverageAttributedRatio-app-dev-os-cha": 140,
          "AverageAttributedRatio-ip-app-dev-os-cha": 4,
          "KomakiLDA5NoDevice-ip-app-0": 761,
          "KomakiLDA5NoDevice-ip-app-1": 687,
          "KomakiLDA5NoDevice-ip-app-2": 568,
          "KomakiLDA5NoDevice-ip-app-3": 406,
          "KomakiLDA5NoDevice-ip-app-4": 340,
          "KomakiLDA5NoDevice-ip-os-0": 416,
          "KomakiLDA5NoDevice-ip-os-1": 511,
          "KomakiLDA5NoDevice-ip-os-2": 493,
          "KomakiLDA5NoDevice-ip-os-3": 394,
          "KomakiLDA5NoDevice-ip-os-4": 295,
          "KomakiLDA5NoDevice-ip-channel-0": 431,
          "KomakiLDA5NoDevice-ip-channel-1": 606,
          "KomakiLDA5NoDevice-ip-channel-2": 493,
          "KomakiLDA5NoDevice-ip-channel-3": 482,
          "KomakiLDA5NoDevice-ip-channel-4": 640,
          "KomakiLDA5NoDevice-app-ip-0": 301,
          "KomakiLDA5NoDevice-app-ip-1": 205,
          "KomakiLDA5NoDevice-app-ip-2": 242,
          "KomakiLDA5NoDevice-app-ip-3": 320,
          "KomakiLDA5NoDevice-app-ip-4": 202,
          "KomakiLDA5NoDevice-app-os-0": 197,
          "KomakiLDA5NoDevice-app-os-1": 262,
          "KomakiLDA5NoDevice-app-os-2": 191,
          "KomakiLDA5NoDevice-app-os-3": 163,
          "KomakiLDA5NoDevice-app-os-4": 291,
          "KomakiLDA5NoDevice-app-channel-0": 216,
          "KomakiLDA5NoDevice-app-channel-1": 225,
          "KomakiLDA5NoDevice-app-channel-2": 222,
          "KomakiLDA5NoDevice-app-channel-3": 221,
          "KomakiLDA5NoDevice-app-channel-4": 148,
          "KomakiLDA5NoDevice-os-ip-0": 252,
          "KomakiLDA5NoDevice-os-ip-1": 150,
          "KomakiLDA5NoDevice-os-ip-2": 123,
          "KomakiLDA5NoDevice-os-ip-3": 152,
          "KomakiLDA5NoDevice-os-ip-4": 175,
          "KomakiLDA5NoDevice-os-app-0": 236,
          "KomakiLDA5NoDevice-os-app-1": 210,
          "KomakiLDA5NoDevice-os-app-2": 147,
          "KomakiLDA5NoDevice-os-app-3": 209,
          "KomakiLDA5NoDevice-os-app-4": 137,
          "KomakiLDA5NoDevice-os-channel-0": 245,
          "KomakiLDA5NoDevice-os-channel-1": 126,
          "KomakiLDA5NoDevice-os-channel-2": 180,
          "KomakiLDA5NoDevice-os-channel-3": 205,
          "KomakiLDA5NoDevice-os-channel-4": 203,
          "KomakiLDA5NoDevice-channel-ip-0": 188,
          "KomakiLDA5NoDevice-channel-ip-1": 194,
          "KomakiLDA5NoDevice-channel-ip-2": 205,
          "KomakiLDA5NoDevice-channel-ip-3": 276,
          "KomakiLDA5NoDevice-channel-ip-4": 212,
          "KomakiLDA5NoDevice-channel-app-0": 260,
          "KomakiLDA5NoDevice-channel-app-1": 138,
          "KomakiLDA5NoDevice-channel-app-2": 200,
          "KomakiLDA5NoDevice-channel-app-3": 169,
          "KomakiLDA5NoDevice-channel-app-4": 215,
          "KomakiLDA5NoDevice-channel-os-0": 224,
          "KomakiLDA5NoDevice-channel-os-1": 216,
          "KomakiLDA5NoDevice-channel-os-2": 228,
          "KomakiLDA5NoDevice-channel-os-3": 195,
          "KomakiLDA5NoDevice-channel-os-4": 178
        }
      },
      {
        "train_auc": 0.9906426449605209,
        "valid_auc": 0.9833466213246985,
        "best_iteration": 345,
        "train_time": 154.71282267570496,
        "feature_importance": {
          "ip": 1827,
          "os": 690,
          "app": 895,
          "channel": 1395,
          "hour": 1131,
          "n_channels": 874,
          "ip_app_count": 722,
          "ip_app_os_count": 647,
          "FutureClickCount_600-ip": 439,
          "FutureClickCount_600-app": 320,
          "FutureClickCount_600-ip-app": 133,
          "FutureClickCount_600-dev": 173,
          "FutureClickCount_600-ip-dev": 418,
          "FutureClickCount_600-app-dev": 267,
          "FutureClickCount_600-ip-app-dev": 133,
          "FutureClickCount_600-os": 194,
          "FutureClickCount_600-ip-os": 245,
          "FutureClickCount_600-app-os": 233,
          "FutureClickCount_600-ip-app-os": 153,
          "FutureClickCount_600-dev-os": 457,
          "FutureClickCount_600-ip-dev-os": 190,
          "FutureClickCount_600-app-dev-os": 389,
          "FutureClickCount_600-ip-app-dev-os": 222,
          "FutureClickCount_600-cha": 247,
          "FutureClickCount_600-ip-cha": 70,
          "FutureClickCount_600-app-cha": 441,
          "FutureClickCount_600-ip-app-cha": 77,
          "FutureClickCount_600-dev-cha": 199,
          "FutureClickCount_600-ip-dev-cha": 74,
          "FutureClickCount_600-app-dev-cha": 220,
          "FutureClickCount_600-ip-app-dev-cha": 49,
          "FutureClickCount_600-os-cha": 191,
          "FutureClickCount_600-ip-os-cha": 37,
          "FutureClickCount_600-app-os-cha": 174,
          "FutureClickCount_600-ip-app-os-cha": 42,
          "FutureClickCount_600-dev-os-cha": 203,
          "FutureClickCount_600-ip-dev-os-cha": 27,
          "FutureClickCount_600-app-dev-os-cha": 183,
          "FutureClickCount_600-ip-app-dev-os-cha": 51,
          "FutureClickCount_4800-ip": 743,
          "FutureClickCount_4800-app": 208,
          "FutureClickCount_4800-ip-app": 195,
          "FutureClickCount_4800-dev": 53,
          "FutureClickCount_4800-ip-dev": 778,
          "FutureClickCount_4800-app-dev": 189,
          "FutureClickCount_4800-ip-app-dev": 193,
          "FutureClickCount_4800-os": 109,
          "FutureClickCount_4800-ip-os": 369,
          "FutureClickCount_4800-app-os": 218,
          "FutureClickCount_4800-ip-app-os": 182,
          "FutureClickCount_4800-dev-os": 198,
          "FutureClickCount_4800-ip-dev-os": 479,
          "FutureClickCount_4800-app-dev-os": 383,
          "FutureClickCount_4800-ip-app-dev-os": 242,
          "FutureClickCount_4800-cha": 180,
          "FutureClickCount_4800-ip-cha": 150,
          "FutureClickCount_4800-app-cha": 349,
          "FutureClickCount_4800-ip-app-cha": 119,
          "FutureClickCount_4800-dev-cha": 144,
          "FutureClickCount_4800-ip-dev-cha": 127,
          "FutureClickCount_4800-app-dev-cha": 236,
          "FutureClickCount_4800-ip-app-dev-cha": 90,
          "FutureClickCount_4800-os-cha": 166,
          "FutureClickCount_4800-ip-os-cha": 74,
          "FutureClickCount_4800-app-os-cha": 183,
          "FutureClickCount_4800-ip-app-os-cha": 73,
          "FutureClickCount_4800-dev-os-cha": 178,
          "FutureClickCount_4800-ip-dev-os-cha": 55,
          "FutureClickCount_4800-app-dev-os-cha": 208,
          "FutureClickCount_4800-ip-app-dev-os-cha": 66,
          "NextClickTimeDelta-ip": 455,
          "NextClickTimeDelta-app": 70,
          "NextClickTimeDelta-ip-app": 588,
          "NextClickTimeDelta-dev": 30,
          "NextClickTimeDelta-ip-dev": 351,
          "NextClickTimeDelta-app-dev": 44,
          "NextClickTimeDelta-ip-app-dev": 359,
          "NextClickTimeDelta-os": 44,
          "NextClickTimeDelta-ip-os": 375,
          "NextClickTimeDelta-app-os": 98,
          "NextClickTimeDelta-ip-app-os": 1102,
          "NextClickTimeDelta-dev-os": 115,
          "NextClickTimeDelta-ip-dev-os": 276,
          "NextClickTimeDelta-app-dev-os": 87,
          "NextClickTimeDelta-ip-app-dev-os": 1812,
          "NextClickTimeDelta-cha": 60,
          "NextClickTimeDelta-ip-cha": 334,
          "NextClickTimeDelta-app-cha": 102,
          "NextClickTimeDelta-ip-app-cha": 271,
          "NextClickTimeDelta-dev-cha": 50,
          "NextClickTimeDelta-ip-dev-cha": 216,
          "NextClickTimeDelta-app-dev-cha": 66,
          "NextClickTimeDelta-ip-app-dev-cha": 198,
          "NextClickTimeDelta-os-cha": 127,
          "NextClickTimeDelta-ip-os-cha": 265,
          "NextClickTimeDelta-app-os-cha": 169,
          "NextClickTimeDelta-ip-app-os-cha": 354,
          "NextClickTimeDelta-dev-os-cha": 132,
          "NextClickTimeDelta-ip-dev-os-cha": 244,
          "NextClickTimeDelta-app-dev-os-cha": 146,
          "NextClickTimeDelta-ip-app-dev-os-cha": 360,
          "PrevClickTimeDelta-ip": 315,
          "PrevClickTimeDelta-app": 49,
          "PrevClickTimeDelta-ip-app": 236,
          "PrevClickTimeDelta-dev": 39,
          "PrevClickTimeDelta-ip-dev": 242,
          "PrevClickTimeDelta-app-dev": 44,
          "PrevClickTimeDelta-ip-app-dev": 212,
          "PrevClickTimeDelta-os": 42,
          "PrevClickTimeDelta-ip-os": 272,
          "PrevClickTimeDelta-app-os": 108,
          "PrevClickTimeDelta-ip-app-os": 240,
          "PrevClickTimeDelta-dev-os": 38,
          "PrevClickTimeDelta-ip-dev-os": 185,
          "PrevClickTimeDelta-app-dev-os": 94,
          "PrevClickTimeDelta-ip-app-dev-os": 176,
          "PrevClickTimeDelta-cha": 55,
          "PrevClickTimeDelta-ip-cha": 229,
          "PrevClickTimeDelta-app-cha": 90,
          "PrevClickTimeDelta-ip-app-cha": 188,
          "PrevClickTimeDelta-dev-cha": 70,
          "PrevClickTimeDelta-ip-dev-cha": 159,
          "PrevClickTimeDelta-app-dev-cha": 89,
          "PrevClickTimeDelta-ip-app-dev-cha": 123,
          "PrevClickTimeDelta-os-cha": 121,
          "PrevClickTimeDelta-ip-os-cha": 195,
          "PrevClickTimeDelta-app-os-cha": 124,
          "PrevClickTimeDelta-ip-app-os-cha": 121,
          "PrevClickTimeDelta-dev-os-cha": 101,
          "PrevClickTimeDelta-ip-dev-os-cha": 112,
          "PrevClickTimeDelta-app-dev-os-cha": 104,
          "PrevClickTimeDelta-ip-app-dev-os-cha": 99,
          "AverageAttributedRatio-ip": 146,
          "AverageAttributedRatio-app": 159,
          "AverageAttributedRatio-ip-app": 134,
          "AverageAttributedRatio-dev": 201,
          "AverageAttributedRatio-ip-dev": 119,
          "AverageAttributedRatio-app-dev": 113,
          "AverageAttributedRatio-ip-app-dev": 129,
          "AverageAttributedRatio-os": 123,
          "AverageAttributedRatio-ip-os": 63,
          "AverageAttributedRatio-app-os": 155,
          "AverageAttributedRatio-ip-app-os": 18,
          "AverageAttributedRatio-dev-os": 130,
          "AverageAttributedRatio-ip-dev-os": 56,
          "AverageAttributedRatio-app-dev-os": 159,
          "AverageAttributedRatio-ip-app-dev-os": 29,
          "AverageAttributedRatio-cha": 144,
          "AverageAttributedRatio-ip-cha": 37,
          "AverageAttributedRatio-app-cha": 121,
          "AverageAttributedRatio-ip-app-cha": 31,
          "AverageAttributedRatio-dev-cha": 107,
          "AverageAttributedRatio-ip-dev-cha": 24,
          "AverageAttributedRatio-app-dev-cha": 104,
          "AverageAttributedRatio-ip-app-dev-cha": 28,
          "AverageAttributedRatio-os-cha": 103,
          "AverageAttributedRatio-ip-os-cha": 11,
          "AverageAttributedRatio-app-os-cha": 147,
          "AverageAttributedRatio-ip-app-os-cha": 20,
          "AverageAttributedRatio-dev-os-cha": 105,
          "AverageAttributedRatio-ip-dev-os-cha": 11,
          "AverageAttributedRatio-app-dev-os-cha": 131,
          "AverageAttributedRatio-ip-app-dev-os-cha": 7,
          "KomakiLDA5NoDevice-ip-app-0": 715,
          "KomakiLDA5NoDevice-ip-app-1": 731,
          "KomakiLDA5NoDevice-ip-app-2": 576,
          "KomakiLDA5NoDevice-ip-app-3": 402,
          "KomakiLDA5NoDevice-ip-app-4": 391,
          "KomakiLDA5NoDevice-ip-os-0": 391,
          "KomakiLDA5NoDevice-ip-os-1": 519,
          "KomakiLDA5NoDevice-ip-os-2": 494,
          "KomakiLDA5NoDevice-ip-os-3": 346,
          "KomakiLDA5NoDevice-ip-os-4": 333,
          "KomakiLDA5NoDevice-ip-channel-0": 452,
          "KomakiLDA5NoDevice-ip-channel-1": 667,
          "KomakiLDA5NoDevice-ip-channel-2": 493,
          "KomakiLDA5NoDevice-ip-channel-3": 506,
          "KomakiLDA5NoDevice-ip-channel-4": 630,
          "KomakiLDA5NoDevice-app-ip-0": 336,
          "KomakiLDA5NoDevice-app-ip-1": 224,
          "KomakiLDA5NoDevice-app-ip-2": 237,
          "KomakiLDA5NoDevice-app-ip-3": 347,
          "KomakiLDA5NoDevice-app-ip-4": 219,
          "KomakiLDA5NoDevice-app-os-0": 173,
          "KomakiLDA5NoDevice-app-os-1": 255,
          "KomakiLDA5NoDevice-app-os-2": 214,
          "KomakiLDA5NoDevice-app-os-3": 163,
          "KomakiLDA5NoDevice-app-os-4": 315,
          "KomakiLDA5NoDevice-app-channel-0": 208,
          "KomakiLDA5NoDevice-app-channel-1": 210,
          "KomakiLDA5NoDevice-app-channel-2": 201,
          "KomakiLDA5NoDevice-app-channel-3": 227,
          "KomakiLDA5NoDevice-app-channel-4": 131,
          "KomakiLDA5NoDevice-os-ip-0": 248,
          "KomakiLDA5NoDevice-os-ip-1": 148,
          "KomakiLDA5NoDevice-os-ip-2": 145,
          "KomakiLDA5NoDevice-os-ip-3": 161,
          "KomakiLDA5NoDevice-os-ip-4": 142,
          "KomakiLDA5NoDevice-os-app-0": 248,
          "KomakiLDA5NoDevice-os-app-1": 192,
          "KomakiLDA5NoDevice-os-app-2": 136,
          "KomakiLDA5NoDevice-os-app-3": 187,
          "KomakiLDA5NoDevice-os-app-4": 134,
          "KomakiLDA5NoDevice-os-channel-0": 199,
          "KomakiLDA5NoDevice-os-channel-1": 139,
          "KomakiLDA5NoDevice-os-channel-2": 178,
          "KomakiLDA5NoDevice-os-channel-3": 198,
          "KomakiLDA5NoDevice-os-channel-4": 158,
          "KomakiLDA5NoDevice-channel-ip-0": 195,
          "KomakiLDA5NoDevice-channel-ip-1": 240,
          "KomakiLDA5NoDevice-channel-ip-2": 214,
          "KomakiLDA5NoDevice-channel-ip-3": 220,
          "KomakiLDA5NoDevice-channel-ip-4": 202,
          "KomakiLDA5NoDevice-channel-app-0": 217,
          "KomakiLDA5NoDevice-channel-app-1": 150,
          "KomakiLDA5NoDevice-channel-app-2": 196,
          "KomakiLDA5NoDevice-channel-app-3": 153,
          "KomakiLDA5NoDevice-channel-app-4": 194,
          "KomakiLDA5NoDevice-channel-os-0": 196,
          "KomakiLDA5NoDevice-channel-os-1": 206,
          "KomakiLDA5NoDevice-channel-os-2": 212,
          "KomakiLDA5NoDevice-channel-os-3": 173,
          "KomakiLDA5NoDevice-channel-os-4": 159
        }
      },
      {
        "train_auc": 0.9906092578113793,
        "valid_auc": 0.9835015212433285,
        "best_iteration": 328,
        "train_time": 147.09665393829346,
        "feature_importance": {
          "ip": 1686,
          "os": 665,
          "app": 902,
          "channel": 1580,
          "hour": 1105,
          "n_channels": 790,
          "ip_app_count": 737,
          "ip_app_os_count": 689,
          "FutureClickCount_600-ip": 406,
          "FutureClickCount_600-app": 296,
          "FutureClickCount_600-ip-app": 133,
          "FutureClickCount_600-dev": 168,
          "FutureClickCount_600-ip-dev": 360,
          "FutureClickCount_600-app-dev": 268,
          "FutureClickCount_600-ip-app-dev": 108,
          "FutureClickCount_600-os": 194,
          "FutureClickCount_600-ip-os": 215,
          "FutureClickCount_600-app-os": 194,
          "FutureClickCount_600-ip-app-os": 172,
          "FutureClickCount_600-dev-os": 458,
          "FutureClickCount_600-ip-dev-os": 187,
          "FutureClickCount_600-app-dev-os": 443,
          "FutureClickCount_600-ip-app-dev-os": 222,
          "FutureClickCount_600-cha": 251,
          "FutureClickCount_600-ip-cha": 70,
          "FutureClickCount_600-app-cha": 430,
          "FutureClickCount_600-ip-app-cha": 57,
          "FutureClickCount_600-dev-cha": 221,
          "FutureClickCount_600-ip-dev-cha": 59,
          "FutureClickCount_600-app-dev-cha": 179,
          "FutureClickCount_600-ip-app-dev-cha": 43,
          "FutureClickCount_600-os-cha": 174,
          "FutureClickCount_600-ip-os-cha": 35,
          "FutureClickCount_600-app-os-cha": 165,
          "FutureClickCount_600-ip-app-os-cha": 26,
          "FutureClickCount_600-dev-os-cha": 196,
          "FutureClickCount_600-ip-dev-os-cha": 25,
          "FutureClickCount_600-app-dev-os-cha": 167,
          "FutureClickCount_600-ip-app-dev-os-cha": 31,
          "FutureClickCount_4800-ip": 811,
          "FutureClickCount_4800-app": 190,
          "FutureClickCount_4800-ip-app": 184,
          "FutureClickCount_4800-dev": 49,
          "FutureClickCount_4800-ip-dev": 730,
          "FutureClickCount_4800-app-dev": 139,
          "FutureClickCount_4800-ip-app-dev": 158,
          "FutureClickCount_4800-os": 91,
          "FutureClickCount_4800-ip-os": 369,
          "FutureClickCount_4800-app-os": 228,
          "FutureClickCount_4800-ip-app-os": 164,
          "FutureClickCount_4800-dev-os": 171,
          "FutureClickCount_4800-ip-dev-os": 502,
          "FutureClickCount_4800-app-dev-os": 396,
          "FutureClickCount_4800-ip-app-dev-os": 196,
          "FutureClickCount_4800-cha": 235,
          "FutureClickCount_4800-ip-cha": 125,
          "FutureClickCount_4800-app-cha": 324,
          "FutureClickCount_4800-ip-app-cha": 109,
          "FutureClickCount_4800-dev-cha": 152,
          "FutureClickCount_4800-ip-dev-cha": 90,
          "FutureClickCount_4800-app-dev-cha": 224,
          "FutureClickCount_4800-ip-app-dev-cha": 86,
          "FutureClickCount_4800-os-cha": 145,
          "FutureClickCount_4800-ip-os-cha": 61,
          "FutureClickCount_4800-app-os-cha": 197,
          "FutureClickCount_4800-ip-app-os-cha": 44,
          "FutureClickCount_4800-dev-os-cha": 199,
          "FutureClickCount_4800-ip-dev-os-cha": 34,
          "FutureClickCount_4800-app-dev-os-cha": 174,
          "FutureClickCount_4800-ip-app-dev-os-cha": 29,
          "NextClickTimeDelta-ip": 437,
          "NextClickTimeDelta-app": 44,
          "NextClickTimeDelta-ip-app": 530,
          "NextClickTimeDelta-dev": 30,
          "NextClickTimeDelta-ip-dev": 332,
          "NextClickTimeDelta-app-dev": 64,
          "NextClickTimeDelta-ip-app-dev": 382,
          "NextClickTimeDelta-os": 43,
          "NextClickTimeDelta-ip-os": 408,
          "NextClickTimeDelta-app-os": 112,
          "NextClickTimeDelta-ip-app-os": 1007,
          "NextClickTimeDelta-dev-os": 65,
          "NextClickTimeDelta-ip-dev-os": 281,
          "NextClickTimeDelta-app-dev-os": 117,
          "NextClickTimeDelta-ip-app-dev-os": 1797,
          "NextClickTimeDelta-cha": 110,
          "NextClickTimeDelta-ip-cha": 319,
          "NextClickTimeDelta-app-cha": 91,
          "NextClickTimeDelta-ip-app-cha": 246,
          "NextClickTimeDelta-dev-cha": 66,
          "NextClickTimeDelta-ip-dev-cha": 206,
          "NextClickTimeDelta-app-dev-cha": 74,
          "NextClickTimeDelta-ip-app-dev-cha": 205,
          "NextClickTimeDelta-os-cha": 132,
          "NextClickTimeDelta-ip-os-cha": 232,
          "NextClickTimeDelta-app-os-cha": 145,
          "NextClickTimeDelta-ip-app-os-cha": 321,
          "NextClickTimeDelta-dev-os-cha": 129,
          "NextClickTimeDelta-ip-dev-os-cha": 226,
          "NextClickTimeDelta-app-dev-os-cha": 156,
          "NextClickTimeDelta-ip-app-dev-os-cha": 318,
          "PrevClickTimeDelta-ip": 363,
          "PrevClickTimeDelta-app": 50,
          "PrevClickTimeDelta-ip-app": 233,
          "PrevClickTimeDelta-dev": 26,
          "PrevClickTimeDelta-ip-dev": 234,
          "PrevClickTimeDelta-app-dev": 42,
          "PrevClickTimeDelta-ip-app-dev": 223,
          "PrevClickTimeDelta-os": 51,
          "PrevClickTimeDelta-ip-os": 327,
          "PrevClickTimeDelta-app-os": 101,
          "PrevClickTimeDelta-ip-app-os": 212,
          "PrevClickTimeDelta-dev-os": 39,
          "PrevClickTimeDelta-ip-dev-os": 218,
          "PrevClickTimeDelta-app-dev-os": 87,
          "PrevClickTimeDelta-ip-app-dev-os": 181,
          "PrevClickTimeDelta-cha": 53,
          "PrevClickTimeDelta-ip-cha": 238,
          "PrevClickTimeDelta-app-cha": 115,
          "PrevClickTimeDelta-ip-app-cha": 164,
          "PrevClickTimeDelta-dev-cha": 53,
          "PrevClickTimeDelta-ip-dev-cha": 157,
          "PrevClickTimeDelta-app-dev-cha": 71,
          "PrevClickTimeDelta-ip-app-dev-cha": 125,
          "PrevClickTimeDelta-os-cha": 110,
          "PrevClickTimeDelta-ip-os-cha": 141,
          "PrevClickTimeDelta-app-os-cha": 114,
          "PrevClickTimeDelta-ip-app-os-cha": 120,
          "PrevClickTimeDelta-dev-os-cha": 116,
          "PrevClickTimeDelta-ip-dev-os-cha": 96,
          "PrevClickTimeDelta-app-dev-os-cha": 118,
          "PrevClickTimeDelta-ip-app-dev-os-cha": 117,
          "AverageAttributedRatio-ip": 164,
          "AverageAttributedRatio-app": 152,
          "AverageAttributedRatio-ip-app": 120,
          "AverageAttributedRatio-dev": 208,
          "AverageAttributedRatio-ip-dev": 117,
          "AverageAttributedRatio-app-dev": 102,
          "AverageAttributedRatio-ip-app-dev": 136,
          "AverageAttributedRatio-os": 127,
          "AverageAttributedRatio-ip-os": 93,
          "AverageAttributedRatio-app-os": 136,
          "AverageAttributedRatio-ip-app-os": 19,
          "AverageAttributedRatio-dev-os": 114,
          "AverageAttributedRatio-ip-dev-os": 65,
          "AverageAttributedRatio-app-dev-os": 132,
          "AverageAttributedRatio-ip-app-dev-os": 21,
          "AverageAttributedRatio-cha": 132,
          "AverageAttributedRatio-ip-cha": 33,
          "AverageAttributedRatio-app-cha": 120,
          "AverageAttributedRatio-ip-app-cha": 25,
          "AverageAttributedRatio-dev-cha": 79,
          "AverageAttributedRatio-ip-dev-cha": 29,
          "AverageAttributedRatio-app-dev-cha": 104,
          "AverageAttributedRatio-ip-app-dev-cha": 30,
          "AverageAttributedRatio-os-cha": 135,
          "AverageAttributedRatio-ip-os-cha": 17,
          "AverageAttributedRatio-app-os-cha": 125,
          "AverageAttributedRatio-ip-app-os-cha": 11,
          "AverageAttributedRatio-dev-os-cha": 90,
          "AverageAttributedRatio-ip-dev-os-cha": 6,
          "AverageAttributedRatio-app-dev-os-cha": 159,
          "AverageAttributedRatio-ip-app-dev-os-cha": 10,
          "KomakiLDA5NoDevice-ip-app-0": 707,
          "KomakiLDA5NoDevice-ip-app-1": 667,
          "KomakiLDA5NoDevice-ip-app-2": 552,
          "KomakiLDA5NoDevice-ip-app-3": 387,
          "KomakiLDA5NoDevice-ip-app-4": 392,
          "KomakiLDA5NoDevice-ip-os-0": 381,
          "KomakiLDA5NoDevice-ip-os-1": 481,
          "KomakiLDA5NoDevice-ip-os-2": 503,
          "KomakiLDA5NoDevice-ip-os-3": 391,
          "KomakiLDA5NoDevice-ip-os-4": 312,
          "KomakiLDA5NoDevice-ip-channel-0": 460,
          "KomakiLDA5NoDevice-ip-channel-1": 609,
          "KomakiLDA5NoDevice-ip-channel-2": 503,
          "KomakiLDA5NoDevice-ip-channel-3": 538,
          "KomakiLDA5NoDevice-ip-channel-4": 649,
          "KomakiLDA5NoDevice-app-ip-0": 292,
          "KomakiLDA5NoDevice-app-ip-1": 200,
          "KomakiLDA5NoDevice-app-ip-2": 214,
          "KomakiLDA5NoDevice-app-ip-3": 293,
          "KomakiLDA5NoDevice-app-ip-4": 206,
          "KomakiLDA5NoDevice-app-os-0": 183,
          "KomakiLDA5NoDevice-app-os-1": 291,
          "KomakiLDA5NoDevice-app-os-2": 235,
          "KomakiLDA5NoDevice-app-os-3": 169,
          "KomakiLDA5NoDevice-app-os-4": 318,
          "KomakiLDA5NoDevice-app-channel-0": 217,
          "KomakiLDA5NoDevice-app-channel-1": 232,
          "KomakiLDA5NoDevice-app-channel-2": 214,
          "KomakiLDA5NoDevice-app-channel-3": 246,
          "KomakiLDA5NoDevice-app-channel-4": 164,
          "KomakiLDA5NoDevice-os-ip-0": 223,
          "KomakiLDA5NoDevice-os-ip-1": 162,
          "KomakiLDA5NoDevice-os-ip-2": 120,
          "KomakiLDA5NoDevice-os-ip-3": 168,
          "KomakiLDA5NoDevice-os-ip-4": 139,
          "KomakiLDA5NoDevice-os-app-0": 262,
          "KomakiLDA5NoDevice-os-app-1": 216,
          "KomakiLDA5NoDevice-os-app-2": 147,
          "KomakiLDA5NoDevice-os-app-3": 184,
          "KomakiLDA5NoDevice-os-app-4": 156,
          "KomakiLDA5NoDevice-os-channel-0": 217,
          "KomakiLDA5NoDevice-os-channel-1": 113,
          "KomakiLDA5NoDevice-os-channel-2": 187,
          "KomakiLDA5NoDevice-os-channel-3": 210,
          "KomakiLDA5NoDevice-os-channel-4": 119,
          "KomakiLDA5NoDevice-channel-ip-0": 195,
          "KomakiLDA5NoDevice-channel-ip-1": 208,
          "KomakiLDA5NoDevice-channel-ip-2": 184,
          "KomakiLDA5NoDevice-channel-ip-3": 206,
          "KomakiLDA5NoDevice-channel-ip-4": 209,
          "KomakiLDA5NoDevice-channel-app-0": 210,
          "KomakiLDA5NoDevice-channel-app-1": 108,
          "KomakiLDA5NoDevice-channel-app-2": 202,
          "KomakiLDA5NoDevice-channel-app-3": 149,
          "KomakiLDA5NoDevice-channel-app-4": 190,
          "KomakiLDA5NoDevice-channel-os-0": 191,
          "KomakiLDA5NoDevice-channel-os-1": 200,
          "KomakiLDA5NoDevice-channel-os-2": 218,
          "KomakiLDA5NoDevice-channel-os-3": 177,
          "KomakiLDA5NoDevice-channel-os-4": 153
        }
      },
      {
        "train_auc": 0.9906560460394431,
        "valid_auc": 0.9836472934365827,
        "best_iteration": 320,
        "train_time": 150.31772565841675,
        "feature_importance": {
          "ip": 1640,
          "os": 660,
          "app": 872,
          "channel": 1457,
          "hour": 1158,
          "n_channels": 871,
          "ip_app_count": 700,
          "ip_app_os_count": 617,
          "FutureClickCount_600-ip": 355,
          "FutureClickCount_600-app": 278,
          "FutureClickCount_600-ip-app": 126,
          "FutureClickCount_600-dev": 194,
          "FutureClickCount_600-ip-dev": 373,
          "FutureClickCount_600-app-dev": 289,
          "FutureClickCount_600-ip-app-dev": 112,
          "FutureClickCount_600-os": 216,
          "FutureClickCount_600-ip-os": 220,
          "FutureClickCount_600-app-os": 269,
          "FutureClickCount_600-ip-app-os": 180,
          "FutureClickCount_600-dev-os": 411,
          "FutureClickCount_600-ip-dev-os": 193,
          "FutureClickCount_600-app-dev-os": 386,
          "FutureClickCount_600-ip-app-dev-os": 206,
          "FutureClickCount_600-cha": 222,
          "FutureClickCount_600-ip-cha": 43,
          "FutureClickCount_600-app-cha": 411,
          "FutureClickCount_600-ip-app-cha": 54,
          "FutureClickCount_600-dev-cha": 225,
          "FutureClickCount_600-ip-dev-cha": 66,
          "FutureClickCount_600-app-dev-cha": 206,
          "FutureClickCount_600-ip-app-dev-cha": 41,
          "FutureClickCount_600-os-cha": 170,
          "FutureClickCount_600-ip-os-cha": 52,
          "FutureClickCount_600-app-os-cha": 180,
          "FutureClickCount_600-ip-app-os-cha": 39,
          "FutureClickCount_600-dev-os-cha": 181,
          "FutureClickCount_600-ip-dev-os-cha": 28,
          "FutureClickCount_600-app-dev-os-cha": 159,
          "FutureClickCount_600-ip-app-dev-os-cha": 41,
          "FutureClickCount_4800-ip": 775,
          "FutureClickCount_4800-app": 197,
          "FutureClickCount_4800-ip-app": 181,
          "FutureClickCount_4800-dev": 46,
          "FutureClickCount_4800-ip-dev": 746,
          "FutureClickCount_4800-app-dev": 140,
          "FutureClickCount_4800-ip-app-dev": 144,
          "FutureClickCount_4800-os": 93,
          "FutureClickCount_4800-ip-os": 392,
          "FutureClickCount_4800-app-os": 260,
          "FutureClickCount_4800-ip-app-os": 163,
          "FutureClickCount_4800-dev-os": 177,
          "FutureClickCount_4800-ip-dev-os": 477,
          "FutureClickCount_4800-app-dev-os": 401,
          "FutureClickCount_4800-ip-app-dev-os": 195,
          "FutureClickCount_4800-cha": 196,
          "FutureClickCount_4800-ip-cha": 106,
          "FutureClickCount_4800-app-cha": 344,
          "FutureClickCount_4800-ip-app-cha": 103,
          "FutureClickCount_4800-dev-cha": 148,
          "FutureClickCount_4800-ip-dev-cha": 106,
          "FutureClickCount_4800-app-dev-cha": 211,
          "FutureClickCount_4800-ip-app-dev-cha": 94,
          "FutureClickCount_4800-os-cha": 134,
          "FutureClickCount_4800-ip-os-cha": 64,
          "FutureClickCount_4800-app-os-cha": 211,
          "FutureClickCount_4800-ip-app-os-cha": 62,
          "FutureClickCount_4800-dev-os-cha": 166,
          "FutureClickCount_4800-ip-dev-os-cha": 42,
          "FutureClickCount_4800-app-dev-os-cha": 168,
          "FutureClickCount_4800-ip-app-dev-os-cha": 64,
          "NextClickTimeDelta-ip": 465,
          "NextClickTimeDelta-app": 56,
          "NextClickTimeDelta-ip-app": 566,
          "NextClickTimeDelta-dev": 27,
          "NextClickTimeDelta-ip-dev": 284,
          "NextClickTimeDelta-app-dev": 37,
          "NextClickTimeDelta-ip-app-dev": 338,
          "NextClickTimeDelta-os": 64,
          "NextClickTimeDelta-ip-os": 373,
          "NextClickTimeDelta-app-os": 92,
          "NextClickTimeDelta-ip-app-os": 1037,
          "NextClickTimeDelta-dev-os": 74,
          "NextClickTimeDelta-ip-dev-os": 316,
          "NextClickTimeDelta-app-dev-os": 88,
          "NextClickTimeDelta-ip-app-dev-os": 1807,
          "NextClickTimeDelta-cha": 60,
          "NextClickTimeDelta-ip-cha": 299,
          "NextClickTimeDelta-app-cha": 85,
          "NextClickTimeDelta-ip-app-cha": 262,
          "NextClickTimeDelta-dev-cha": 46,
          "NextClickTimeDelta-ip-dev-cha": 196,
          "NextClickTimeDelta-app-dev-cha": 54,
          "NextClickTimeDelta-ip-app-dev-cha": 170,
          "NextClickTimeDelta-os-cha": 121,
          "NextClickTimeDelta-ip-os-cha": 217,
          "NextClickTimeDelta-app-os-cha": 136,
          "NextClickTimeDelta-ip-app-os-cha": 317,
          "NextClickTimeDelta-dev-os-cha": 127,
          "NextClickTimeDelta-ip-dev-os-cha": 239,
          "NextClickTimeDelta-app-dev-os-cha": 140,
          "NextClickTimeDelta-ip-app-dev-os-cha": 381,
          "PrevClickTimeDelta-ip": 322,
          "PrevClickTimeDelta-app": 39,
          "PrevClickTimeDelta-ip-app": 241,
          "PrevClickTimeDelta-dev": 43,
          "PrevClickTimeDelta-ip-dev": 218,
          "PrevClickTimeDelta-app-dev": 28,
          "PrevClickTimeDelta-ip-app-dev": 199,
          "PrevClickTimeDelta-os": 76,
          "PrevClickTimeDelta-ip-os": 295,
          "PrevClickTimeDelta-app-os": 120,
          "PrevClickTimeDelta-ip-app-os": 217,
          "PrevClickTimeDelta-dev-os": 30,
          "PrevClickTimeDelta-ip-dev-os": 209,
          "PrevClickTimeDelta-app-dev-os": 100,
          "PrevClickTimeDelta-ip-app-dev-os": 159,
          "PrevClickTimeDelta-cha": 44,
          "PrevClickTimeDelta-ip-cha": 188,
          "PrevClickTimeDelta-app-cha": 104,
          "PrevClickTimeDelta-ip-app-cha": 146,
          "PrevClickTimeDelta-dev-cha": 64,
          "PrevClickTimeDelta-ip-dev-cha": 149,
          "PrevClickTimeDelta-app-dev-cha": 84,
          "PrevClickTimeDelta-ip-app-dev-cha": 117,
          "PrevClickTimeDelta-os-cha": 131,
          "PrevClickTimeDelta-ip-os-cha": 133,
          "PrevClickTimeDelta-app-os-cha": 134,
          "PrevClickTimeDelta-ip-app-os-cha": 142,
          "PrevClickTimeDelta-dev-os-cha": 99,
          "PrevClickTimeDelta-ip-dev-os-cha": 96,
          "PrevClickTimeDelta-app-dev-os-cha": 113,
          "PrevClickTimeDelta-ip-app-dev-os-cha": 92,
          "AverageAttributedRatio-ip": 110,
          "AverageAttributedRatio-app": 153,
          "AverageAttributedRatio-ip-app": 120,
          "AverageAttributedRatio-dev": 191,
          "AverageAttributedRatio-ip-dev": 98,
          "AverageAttributedRatio-app-dev": 90,
          "AverageAttributedRatio-ip-app-dev": 131,
          "AverageAttributedRatio-os": 134,
          "AverageAttributedRatio-ip-os": 94,
          "AverageAttributedRatio-app-os": 132,
          "AverageAttributedRatio-ip-app-os": 28,
          "AverageAttributedRatio-dev-os": 102,
          "AverageAttributedRatio-ip-dev-os": 71,
          "AverageAttributedRatio-app-dev-os": 134,
          "AverageAttributedRatio-ip-app-dev-os": 24,
          "AverageAttributedRatio-cha": 124,
          "AverageAttributedRatio-ip-cha": 41,
          "AverageAttributedRatio-app-cha": 127,
          "AverageAttributedRatio-ip-app-cha": 31,
          "AverageAttributedRatio-dev-cha": 69,
          "AverageAttributedRatio-ip-dev-cha": 30,
          "AverageAttributedRatio-app-dev-cha": 94,
          "AverageAttributedRatio-ip-app-dev-cha": 31,
          "AverageAttributedRatio-os-cha": 97,
          "AverageAttributedRatio-ip-os-cha": 15,
          "AverageAttributedRatio-app-os-cha": 156,
          "AverageAttributedRatio-ip-app-os-cha": 17,
          "AverageAttributedRatio-dev-os-cha": 81,
          "AverageAttributedRatio-ip-dev-os-cha": 9,
          "AverageAttributedRatio-app-dev-os-cha": 134,
          "AverageAttributedRatio-ip-app-dev-os-cha": 12,
          "KomakiLDA5NoDevice-ip-app-0": 727,
          "KomakiLDA5NoDevice-ip-app-1": 703,
          "KomakiLDA5NoDevice-ip-app-2": 602,
          "KomakiLDA5NoDevice-ip-app-3": 396,
          "KomakiLDA5NoDevice-ip-app-4": 386,
          "KomakiLDA5NoDevice-ip-os-0": 434,
          "KomakiLDA5NoDevice-ip-os-1": 508,
          "KomakiLDA5NoDevice-ip-os-2": 489,
          "KomakiLDA5NoDevice-ip-os-3": 358,
          "KomakiLDA5NoDevice-ip-os-4": 301,
          "KomakiLDA5NoDevice-ip-channel-0": 407,
          "KomakiLDA5NoDevice-ip-channel-1": 656,
          "KomakiLDA5NoDevice-ip-channel-2": 486,
          "KomakiLDA5NoDevice-ip-channel-3": 480,
          "KomakiLDA5NoDevice-ip-channel-4": 650,
          "KomakiLDA5NoDevice-app-ip-0": 329,
          "KomakiLDA5NoDevice-app-ip-1": 224,
          "KomakiLDA5NoDevice-app-ip-2": 217,
          "KomakiLDA5NoDevice-app-ip-3": 347,
          "KomakiLDA5NoDevice-app-ip-4": 225,
          "KomakiLDA5NoDevice-app-os-0": 187,
          "KomakiLDA5NoDevice-app-os-1": 293,
          "KomakiLDA5NoDevice-app-os-2": 152,
          "KomakiLDA5NoDevice-app-os-3": 174,
          "KomakiLDA5NoDevice-app-os-4": 296,
          "KomakiLDA5NoDevice-app-channel-0": 192,
          "KomakiLDA5NoDevice-app-channel-1": 199,
          "KomakiLDA5NoDevice-app-channel-2": 210,
          "KomakiLDA5NoDevice-app-channel-3": 223,
          "KomakiLDA5NoDevice-app-channel-4": 110,
          "KomakiLDA5NoDevice-os-ip-0": 207,
          "KomakiLDA5NoDevice-os-ip-1": 207,
          "KomakiLDA5NoDevice-os-ip-2": 153,
          "KomakiLDA5NoDevice-os-ip-3": 159,
          "KomakiLDA5NoDevice-os-ip-4": 162,
          "KomakiLDA5NoDevice-os-app-0": 222,
          "KomakiLDA5NoDevice-os-app-1": 210,
          "KomakiLDA5NoDevice-os-app-2": 152,
          "KomakiLDA5NoDevice-os-app-3": 175,
          "KomakiLDA5NoDevice-os-app-4": 151,
          "KomakiLDA5NoDevice-os-channel-0": 223,
          "KomakiLDA5NoDevice-os-channel-1": 145,
          "KomakiLDA5NoDevice-os-channel-2": 215,
          "KomakiLDA5NoDevice-os-channel-3": 212,
          "KomakiLDA5NoDevice-os-channel-4": 177,
          "KomakiLDA5NoDevice-channel-ip-0": 159,
          "KomakiLDA5NoDevice-channel-ip-1": 207,
          "KomakiLDA5NoDevice-channel-ip-2": 208,
          "KomakiLDA5NoDevice-channel-ip-3": 228,
          "KomakiLDA5NoDevice-channel-ip-4": 208,
          "KomakiLDA5NoDevice-channel-app-0": 193,
          "KomakiLDA5NoDevice-channel-app-1": 133,
          "KomakiLDA5NoDevice-channel-app-2": 203,
          "KomakiLDA5NoDevice-channel-app-3": 152,
          "KomakiLDA5NoDevice-channel-app-4": 170,
          "KomakiLDA5NoDevice-channel-os-0": 174,
          "KomakiLDA5NoDevice-channel-os-1": 185,
          "KomakiLDA5NoDevice-channel-os-2": 209,
          "KomakiLDA5NoDevice-channel-os-3": 125,
          "KomakiLDA5NoDevice-channel-os-4": 188
        }
      }
    ],
    "average_train_auc": 0.9906698267304724,
    "average_valid_auc": 0.9835444676532227,
    "train_auc_std": 4.455849377136899e-05,
    "valid_auc_std": 0.00011055249764762144,
    "average_train_time": 154.4530879020691
  },
  "config": {
    "features": [
      "ip",
      "os",
      "app",
      "channel",
      "hour",
      "count",
      "future_click_count_10",
      "future_click_count_80",
      "next_click_time_delta",
      "prev_click_time_delta",
      "average_attributed_ratio",
      "komaki_lda_5_no_device"
    ],
    "model": {
      "name": "lightgbm",
      "model_params": {
        "boosting_type": "gbdt",
        "objective": "binary",
        "metric": "auc",
        "learning_rate": 0.03,
        "num_leaves": 255,
        "max_depth": 8,
        "min_child_samples": 20,
        "max_bin": 100,
        "subsample": 0.7,
        "subsample_freq": 1,
        "colsample_bytree": 0.7,
        "min_child_weight": 0,
        "subsample_for_bin": 200000,
        "min_split_gain": 0,
        "reg_alpha": 0,
        "reg_lambda": 0,
        "verbose": 0
      },
      "train_params": {
        "num_boost_round": 1000,
        "early_stopping_rounds": 30
      }
    },
    "dataset": {
      "input_directory": "data/input/",
      "cache_directory": "data/working/",
      "validation_ratio": 0.33333333333,
      "full_data_train": true,
      "files": {
        "train": "train.feather",
        "test": "old_test.feather"
      },
      "negative_down_sampling": {
        "enabled": true,
        "bagging_size": 5,
        "random_state": 114514
      }
    },
    "note": "copied from 24_2 and changed min_child_samples"
  }
}