{
  "training": {
    "trials": [
      {
        "train_auc": 0.9930675144279184,
        "valid_auc": 0.9838247286577243,
        "best_iteration": 582,
        "train_time": 294.9060158729553,
        "feature_importance": {
          "ip": 3311,
          "os": 1361,
          "app": 1457,
          "channel": 2704,
          "hour": 2023,
          "n_channels": 1460,
          "ip_app_count": 1319,
          "ip_app_os_count": 1008,
          "FutureClickCount_600-ip": 829,
          "FutureClickCount_600-app": 614,
          "FutureClickCount_600-ip-app": 302,
          "FutureClickCount_600-dev": 303,
          "FutureClickCount_600-ip-dev": 654,
          "FutureClickCount_600-app-dev": 535,
          "FutureClickCount_600-ip-app-dev": 252,
          "FutureClickCount_600-os": 382,
          "FutureClickCount_600-ip-os": 438,
          "FutureClickCount_600-app-os": 466,
          "FutureClickCount_600-ip-app-os": 237,
          "FutureClickCount_600-dev-os": 657,
          "FutureClickCount_600-ip-dev-os": 385,
          "FutureClickCount_600-app-dev-os": 647,
          "FutureClickCount_600-ip-app-dev-os": 356,
          "FutureClickCount_600-cha": 486,
          "FutureClickCount_600-ip-cha": 142,
          "FutureClickCount_600-app-cha": 721,
          "FutureClickCount_600-ip-app-cha": 129,
          "FutureClickCount_600-dev-cha": 433,
          "FutureClickCount_600-ip-dev-cha": 160,
          "FutureClickCount_600-app-dev-cha": 427,
          "FutureClickCount_600-ip-app-dev-cha": 114,
          "FutureClickCount_600-os-cha": 385,
          "FutureClickCount_600-ip-os-cha": 106,
          "FutureClickCount_600-app-os-cha": 332,
          "FutureClickCount_600-ip-app-os-cha": 88,
          "FutureClickCount_600-dev-os-cha": 383,
          "FutureClickCount_600-ip-dev-os-cha": 74,
          "FutureClickCount_600-app-dev-os-cha": 354,
          "FutureClickCount_600-ip-app-dev-os-cha": 80,
          "FutureClickCount_4800-ip": 1362,
          "FutureClickCount_4800-app": 332,
          "FutureClickCount_4800-ip-app": 419,
          "FutureClickCount_4800-dev": 106,
          "FutureClickCount_4800-ip-dev": 1106,
          "FutureClickCount_4800-app-dev": 228,
          "FutureClickCount_4800-ip-app-dev": 361,
          "FutureClickCount_4800-os": 196,
          "FutureClickCount_4800-ip-os": 600,
          "FutureClickCount_4800-app-os": 355,
          "FutureClickCount_4800-ip-app-os": 383,
          "FutureClickCount_4800-dev-os": 305,
          "FutureClickCount_4800-ip-dev-os": 672,
          "FutureClickCount_4800-app-dev-os": 534,
          "FutureClickCount_4800-ip-app-dev-os": 384,
          "FutureClickCount_4800-cha": 346,
          "FutureClickCount_4800-ip-cha": 293,
          "FutureClickCount_4800-app-cha": 557,
          "FutureClickCount_4800-ip-app-cha": 240,
          "FutureClickCount_4800-dev-cha": 252,
          "FutureClickCount_4800-ip-dev-cha": 264,
          "FutureClickCount_4800-app-dev-cha": 338,
          "FutureClickCount_4800-ip-app-dev-cha": 172,
          "FutureClickCount_4800-os-cha": 348,
          "FutureClickCount_4800-ip-os-cha": 163,
          "FutureClickCount_4800-app-os-cha": 391,
          "FutureClickCount_4800-ip-app-os-cha": 123,
          "FutureClickCount_4800-dev-os-cha": 339,
          "FutureClickCount_4800-ip-dev-os-cha": 120,
          "FutureClickCount_4800-app-dev-os-cha": 313,
          "FutureClickCount_4800-ip-app-dev-os-cha": 94,
          "NextClickTimeDelta-ip": 716,
          "NextClickTimeDelta-app": 112,
          "NextClickTimeDelta-ip-app": 1126,
          "NextClickTimeDelta-dev": 61,
          "NextClickTimeDelta-ip-dev": 611,
          "NextClickTimeDelta-app-dev": 96,
          "NextClickTimeDelta-ip-app-dev": 707,
          "NextClickTimeDelta-os": 133,
          "NextClickTimeDelta-ip-os": 649,
          "NextClickTimeDelta-app-os": 251,
          "NextClickTimeDelta-ip-app-os": 1614,
          "NextClickTimeDelta-dev-os": 101,
          "NextClickTimeDelta-ip-dev-os": 484,
          "NextClickTimeDelta-app-dev-os": 194,
          "NextClickTimeDelta-ip-app-dev-os": 2578,
          "NextClickTimeDelta-cha": 124,
          "NextClickTimeDelta-ip-cha": 616,
          "NextClickTimeDelta-app-cha": 192,
          "NextClickTimeDelta-ip-app-cha": 585,
          "NextClickTimeDelta-dev-cha": 118,
          "NextClickTimeDelta-ip-dev-cha": 459,
          "NextClickTimeDelta-app-dev-cha": 128,
          "NextClickTimeDelta-ip-app-dev-cha": 439,
          "NextClickTimeDelta-os-cha": 250,
          "NextClickTimeDelta-ip-os-cha": 464,
          "NextClickTimeDelta-app-os-cha": 292,
          "NextClickTimeDelta-ip-app-os-cha": 576,
          "NextClickTimeDelta-dev-os-cha": 202,
          "NextClickTimeDelta-ip-dev-os-cha": 388,
          "NextClickTimeDelta-app-dev-os-cha": 242,
          "NextClickTimeDelta-ip-app-dev-os-cha": 590,
          "PrevClickTimeDelta-ip": 694,
          "PrevClickTimeDelta-app": 116,
          "PrevClickTimeDelta-ip-app": 548,
          "PrevClickTimeDelta-dev": 76,
          "PrevClickTimeDelta-ip-dev": 501,
          "PrevClickTimeDelta-app-dev": 102,
          "PrevClickTimeDelta-ip-app-dev": 475,
          "PrevClickTimeDelta-os": 81,
          "PrevClickTimeDelta-ip-os": 582,
          "PrevClickTimeDelta-app-os": 211,
          "PrevClickTimeDelta-ip-app-os": 496,
          "PrevClickTimeDelta-dev-os": 91,
          "PrevClickTimeDelta-ip-dev-os": 343,
          "PrevClickTimeDelta-app-dev-os": 130,
          "PrevClickTimeDelta-ip-app-dev-os": 342,
          "PrevClickTimeDelta-cha": 114,
          "PrevClickTimeDelta-ip-cha": 459,
          "PrevClickTimeDelta-app-cha": 173,
          "PrevClickTimeDelta-ip-app-cha": 362,
          "PrevClickTimeDelta-dev-cha": 140,
          "PrevClickTimeDelta-ip-dev-cha": 349,
          "PrevClickTimeDelta-app-dev-cha": 137,
          "PrevClickTimeDelta-ip-app-dev-cha": 277,
          "PrevClickTimeDelta-os-cha": 244,
          "PrevClickTimeDelta-ip-os-cha": 354,
          "PrevClickTimeDelta-app-os-cha": 281,
          "PrevClickTimeDelta-ip-app-os-cha": 280,
          "PrevClickTimeDelta-dev-os-cha": 183,
          "PrevClickTimeDelta-ip-dev-os-cha": 217,
          "PrevClickTimeDelta-app-dev-os-cha": 206,
          "PrevClickTimeDelta-ip-app-dev-os-cha": 204,
          "AverageAttributedRatio-ip": 467,
          "AverageAttributedRatio-app": 480,
          "AverageAttributedRatio-ip-app": 375,
          "AverageAttributedRatio-dev": 634,
          "AverageAttributedRatio-ip-dev": 415,
          "AverageAttributedRatio-app-dev": 311,
          "AverageAttributedRatio-ip-app-dev": 395,
          "AverageAttributedRatio-os": 409,
          "AverageAttributedRatio-ip-os": 286,
          "AverageAttributedRatio-app-os": 485,
          "AverageAttributedRatio-ip-app-os": 110,
          "AverageAttributedRatio-dev-os": 358,
          "AverageAttributedRatio-ip-dev-os": 232,
          "AverageAttributedRatio-app-dev-os": 434,
          "AverageAttributedRatio-ip-app-dev-os": 128,
          "AverageAttributedRatio-cha": 378,
          "AverageAttributedRatio-ip-cha": 171,
          "AverageAttributedRatio-app-cha": 369,
          "AverageAttributedRatio-ip-app-cha": 119,
          "AverageAttributedRatio-dev-cha": 278,
          "AverageAttributedRatio-ip-dev-cha": 145,
          "AverageAttributedRatio-app-dev-cha": 315,
          "AverageAttributedRatio-ip-app-dev-cha": 114,
          "AverageAttributedRatio-os-cha": 388,
          "AverageAttributedRatio-ip-os-cha": 81,
          "AverageAttributedRatio-app-os-cha": 471,
          "AverageAttributedRatio-ip-app-os-cha": 60,
          "AverageAttributedRatio-dev-os-cha": 276,
          "AverageAttributedRatio-ip-dev-os-cha": 67,
          "AverageAttributedRatio-app-dev-os-cha": 459,
          "AverageAttributedRatio-ip-app-dev-os-cha": 53,
          "KomakiLDA5NoDevice-ip-app-0": 1435,
          "KomakiLDA5NoDevice-ip-app-1": 1078,
          "KomakiLDA5NoDevice-ip-app-2": 917,
          "KomakiLDA5NoDevice-ip-app-3": 686,
          "KomakiLDA5NoDevice-ip-app-4": 657,
          "KomakiLDA5NoDevice-ip-os-0": 737,
          "KomakiLDA5NoDevice-ip-os-1": 866,
          "KomakiLDA5NoDevice-ip-os-2": 828,
          "KomakiLDA5NoDevice-ip-os-3": 681,
          "KomakiLDA5NoDevice-ip-os-4": 692,
          "KomakiLDA5NoDevice-ip-channel-0": 809,
          "KomakiLDA5NoDevice-ip-channel-1": 909,
          "KomakiLDA5NoDevice-ip-channel-2": 859,
          "KomakiLDA5NoDevice-ip-channel-3": 902,
          "KomakiLDA5NoDevice-ip-channel-4": 1102,
          "KomakiLDA5NoDevice-app-ip-0": 506,
          "KomakiLDA5NoDevice-app-ip-1": 408,
          "KomakiLDA5NoDevice-app-ip-2": 378,
          "KomakiLDA5NoDevice-app-ip-3": 509,
          "KomakiLDA5NoDevice-app-ip-4": 375,
          "KomakiLDA5NoDevice-app-os-0": 305,
          "KomakiLDA5NoDevice-app-os-1": 414,
          "KomakiLDA5NoDevice-app-os-2": 306,
          "KomakiLDA5NoDevice-app-os-3": 268,
          "KomakiLDA5NoDevice-app-os-4": 432,
          "KomakiLDA5NoDevice-app-channel-0": 355,
          "KomakiLDA5NoDevice-app-channel-1": 381,
          "KomakiLDA5NoDevice-app-channel-2": 341,
          "KomakiLDA5NoDevice-app-channel-3": 356,
          "KomakiLDA5NoDevice-app-channel-4": 247,
          "KomakiLDA5NoDevice-os-ip-0": 373,
          "KomakiLDA5NoDevice-os-ip-1": 382,
          "KomakiLDA5NoDevice-os-ip-2": 297,
          "KomakiLDA5NoDevice-os-ip-3": 262,
          "KomakiLDA5NoDevice-os-ip-4": 252,
          "KomakiLDA5NoDevice-os-app-0": 306,
          "KomakiLDA5NoDevice-os-app-1": 395,
          "KomakiLDA5NoDevice-os-app-2": 263,
          "KomakiLDA5NoDevice-os-app-3": 349,
          "KomakiLDA5NoDevice-os-app-4": 294,
          "KomakiLDA5NoDevice-os-channel-0": 415,
          "KomakiLDA5NoDevice-os-channel-1": 263,
          "KomakiLDA5NoDevice-os-channel-2": 284,
          "KomakiLDA5NoDevice-os-channel-3": 308,
          "KomakiLDA5NoDevice-os-channel-4": 236,
          "KomakiLDA5NoDevice-channel-ip-0": 361,
          "KomakiLDA5NoDevice-channel-ip-1": 386,
          "KomakiLDA5NoDevice-channel-ip-2": 395,
          "KomakiLDA5NoDevice-channel-ip-3": 452,
          "KomakiLDA5NoDevice-channel-ip-4": 373,
          "KomakiLDA5NoDevice-channel-app-0": 430,
          "KomakiLDA5NoDevice-channel-app-1": 270,
          "KomakiLDA5NoDevice-channel-app-2": 368,
          "KomakiLDA5NoDevice-channel-app-3": 293,
          "KomakiLDA5NoDevice-channel-app-4": 302,
          "KomakiLDA5NoDevice-channel-os-0": 426,
          "KomakiLDA5NoDevice-channel-os-1": 375,
          "KomakiLDA5NoDevice-channel-os-2": 371,
          "KomakiLDA5NoDevice-channel-os-3": 343,
          "KomakiLDA5NoDevice-channel-os-4": 292
        }
      },
      {
        "train_auc": 0.9930934864993435,
        "valid_auc": 0.9838308740874077,
        "best_iteration": 582,
        "train_time": 346.26782727241516,
        "feature_importance": {
          "ip": 3340,
          "os": 1440,
          "app": 1435,
          "channel": 2728,
          "hour": 2044,
          "n_channels": 1429,
          "ip_app_count": 1311,
          "ip_app_os_count": 1019,
          "FutureClickCount_600-ip": 899,
          "FutureClickCount_600-app": 606,
          "FutureClickCount_600-ip-app": 318,
          "FutureClickCount_600-dev": 308,
          "FutureClickCount_600-ip-dev": 643,
          "FutureClickCount_600-app-dev": 512,
          "FutureClickCount_600-ip-app-dev": 230,
          "FutureClickCount_600-os": 351,
          "FutureClickCount_600-ip-os": 466,
          "FutureClickCount_600-app-os": 510,
          "FutureClickCount_600-ip-app-os": 283,
          "FutureClickCount_600-dev-os": 611,
          "FutureClickCount_600-ip-dev-os": 347,
          "FutureClickCount_600-app-dev-os": 667,
          "FutureClickCount_600-ip-app-dev-os": 330,
          "FutureClickCount_600-cha": 515,
          "FutureClickCount_600-ip-cha": 168,
          "FutureClickCount_600-app-cha": 626,
          "FutureClickCount_600-ip-app-cha": 130,
          "FutureClickCount_600-dev-cha": 413,
          "FutureClickCount_600-ip-dev-cha": 128,
          "FutureClickCount_600-app-dev-cha": 428,
          "FutureClickCount_600-ip-app-dev-cha": 113,
          "FutureClickCount_600-os-cha": 366,
          "FutureClickCount_600-ip-os-cha": 75,
          "FutureClickCount_600-app-os-cha": 331,
          "FutureClickCount_600-ip-app-os-cha": 76,
          "FutureClickCount_600-dev-os-cha": 381,
          "FutureClickCount_600-ip-dev-os-cha": 81,
          "FutureClickCount_600-app-dev-os-cha": 318,
          "FutureClickCount_600-ip-app-dev-os-cha": 74,
          "FutureClickCount_4800-ip": 1222,
          "FutureClickCount_4800-app": 337,
          "FutureClickCount_4800-ip-app": 441,
          "FutureClickCount_4800-dev": 113,
          "FutureClickCount_4800-ip-dev": 1012,
          "FutureClickCount_4800-app-dev": 198,
          "FutureClickCount_4800-ip-app-dev": 381,
          "FutureClickCount_4800-os": 201,
          "FutureClickCount_4800-ip-os": 632,
          "FutureClickCount_4800-app-os": 358,
          "FutureClickCount_4800-ip-app-os": 338,
          "FutureClickCount_4800-dev-os": 327,
          "FutureClickCount_4800-ip-dev-os": 690,
          "FutureClickCount_4800-app-dev-os": 526,
          "FutureClickCount_4800-ip-app-dev-os": 406,
          "FutureClickCount_4800-cha": 366,
          "FutureClickCount_4800-ip-cha": 300,
          "FutureClickCount_4800-app-cha": 568,
          "FutureClickCount_4800-ip-app-cha": 255,
          "FutureClickCount_4800-dev-cha": 257,
          "FutureClickCount_4800-ip-dev-cha": 254,
          "FutureClickCount_4800-app-dev-cha": 373,
          "FutureClickCount_4800-ip-app-dev-cha": 188,
          "FutureClickCount_4800-os-cha": 329,
          "FutureClickCount_4800-ip-os-cha": 154,
          "FutureClickCount_4800-app-os-cha": 350,
          "FutureClickCount_4800-ip-app-os-cha": 140,
          "FutureClickCount_4800-dev-os-cha": 344,
          "FutureClickCount_4800-ip-dev-os-cha": 113,
          "FutureClickCount_4800-app-dev-os-cha": 360,
          "FutureClickCount_4800-ip-app-dev-os-cha": 117,
          "NextClickTimeDelta-ip": 820,
          "NextClickTimeDelta-app": 136,
          "NextClickTimeDelta-ip-app": 1077,
          "NextClickTimeDelta-dev": 51,
          "NextClickTimeDelta-ip-dev": 599,
          "NextClickTimeDelta-app-dev": 100,
          "NextClickTimeDelta-ip-app-dev": 618,
          "NextClickTimeDelta-os": 98,
          "NextClickTimeDelta-ip-os": 695,
          "NextClickTimeDelta-app-os": 220,
          "NextClickTimeDelta-ip-app-os": 1692,
          "NextClickTimeDelta-dev-os": 82,
          "NextClickTimeDelta-ip-dev-os": 477,
          "NextClickTimeDelta-app-dev-os": 163,
          "NextClickTimeDelta-ip-app-dev-os": 2431,
          "NextClickTimeDelta-cha": 115,
          "NextClickTimeDelta-ip-cha": 734,
          "NextClickTimeDelta-app-cha": 191,
          "NextClickTimeDelta-ip-app-cha": 559,
          "NextClickTimeDelta-dev-cha": 119,
          "NextClickTimeDelta-ip-dev-cha": 433,
          "NextClickTimeDelta-app-dev-cha": 146,
          "NextClickTimeDelta-ip-app-dev-cha": 441,
          "NextClickTimeDelta-os-cha": 287,
          "NextClickTimeDelta-ip-os-cha": 446,
          "NextClickTimeDelta-app-os-cha": 289,
          "NextClickTimeDelta-ip-app-os-cha": 599,
          "NextClickTimeDelta-dev-os-cha": 204,
          "NextClickTimeDelta-ip-dev-os-cha": 386,
          "NextClickTimeDelta-app-dev-os-cha": 272,
          "NextClickTimeDelta-ip-app-dev-os-cha": 587,
          "PrevClickTimeDelta-ip": 616,
          "PrevClickTimeDelta-app": 108,
          "PrevClickTimeDelta-ip-app": 569,
          "PrevClickTimeDelta-dev": 80,
          "PrevClickTimeDelta-ip-dev": 459,
          "PrevClickTimeDelta-app-dev": 111,
          "PrevClickTimeDelta-ip-app-dev": 415,
          "PrevClickTimeDelta-os": 119,
          "PrevClickTimeDelta-ip-os": 538,
          "PrevClickTimeDelta-app-os": 206,
          "PrevClickTimeDelta-ip-app-os": 437,
          "PrevClickTimeDelta-dev-os": 74,
          "PrevClickTimeDelta-ip-dev-os": 386,
          "PrevClickTimeDelta-app-dev-os": 169,
          "PrevClickTimeDelta-ip-app-dev-os": 404,
          "PrevClickTimeDelta-cha": 124,
          "PrevClickTimeDelta-ip-cha": 464,
          "PrevClickTimeDelta-app-cha": 178,
          "PrevClickTimeDelta-ip-app-cha": 407,
          "PrevClickTimeDelta-dev-cha": 107,
          "PrevClickTimeDelta-ip-dev-cha": 371,
          "PrevClickTimeDelta-app-dev-cha": 132,
          "PrevClickTimeDelta-ip-app-dev-cha": 297,
          "PrevClickTimeDelta-os-cha": 256,
          "PrevClickTimeDelta-ip-os-cha": 353,
          "PrevClickTimeDelta-app-os-cha": 286,
          "PrevClickTimeDelta-ip-app-os-cha": 328,
          "PrevClickTimeDelta-dev-os-cha": 197,
          "PrevClickTimeDelta-ip-dev-os-cha": 208,
          "PrevClickTimeDelta-app-dev-os-cha": 217,
          "PrevClickTimeDelta-ip-app-dev-os-cha": 222,
          "AverageAttributedRatio-ip": 479,
          "AverageAttributedRatio-app": 521,
          "AverageAttributedRatio-ip-app": 353,
          "AverageAttributedRatio-dev": 621,
          "AverageAttributedRatio-ip-dev": 432,
          "AverageAttributedRatio-app-dev": 380,
          "AverageAttributedRatio-ip-app-dev": 386,
          "AverageAttributedRatio-os": 439,
          "AverageAttributedRatio-ip-os": 282,
          "AverageAttributedRatio-app-os": 518,
          "AverageAttributedRatio-ip-app-os": 107,
          "AverageAttributedRatio-dev-os": 344,
          "AverageAttributedRatio-ip-dev-os": 267,
          "AverageAttributedRatio-app-dev-os": 475,
          "AverageAttributedRatio-ip-app-dev-os": 90,
          "AverageAttributedRatio-cha": 390,
          "AverageAttributedRatio-ip-cha": 193,
          "AverageAttributedRatio-app-cha": 396,
          "AverageAttributedRatio-ip-app-cha": 126,
          "AverageAttributedRatio-dev-cha": 248,
          "AverageAttributedRatio-ip-dev-cha": 125,
          "AverageAttributedRatio-app-dev-cha": 315,
          "AverageAttributedRatio-ip-app-dev-cha": 130,
          "AverageAttributedRatio-os-cha": 396,
          "AverageAttributedRatio-ip-os-cha": 81,
          "AverageAttributedRatio-app-os-cha": 443,
          "AverageAttributedRatio-ip-app-os-cha": 78,
          "AverageAttributedRatio-dev-os-cha": 339,
          "AverageAttributedRatio-ip-dev-os-cha": 60,
          "AverageAttributedRatio-app-dev-os-cha": 424,
          "AverageAttributedRatio-ip-app-dev-os-cha": 44,
          "KomakiLDA5NoDevice-ip-app-0": 1302,
          "KomakiLDA5NoDevice-ip-app-1": 1159,
          "KomakiLDA5NoDevice-ip-app-2": 975,
          "KomakiLDA5NoDevice-ip-app-3": 722,
          "KomakiLDA5NoDevice-ip-app-4": 664,
          "KomakiLDA5NoDevice-ip-os-0": 750,
          "KomakiLDA5NoDevice-ip-os-1": 838,
          "KomakiLDA5NoDevice-ip-os-2": 805,
          "KomakiLDA5NoDevice-ip-os-3": 689,
          "KomakiLDA5NoDevice-ip-os-4": 637,
          "KomakiLDA5NoDevice-ip-channel-0": 812,
          "KomakiLDA5NoDevice-ip-channel-1": 904,
          "KomakiLDA5NoDevice-ip-channel-2": 823,
          "KomakiLDA5NoDevice-ip-channel-3": 899,
          "KomakiLDA5NoDevice-ip-channel-4": 1083,
          "KomakiLDA5NoDevice-app-ip-0": 506,
          "KomakiLDA5NoDevice-app-ip-1": 407,
          "KomakiLDA5NoDevice-app-ip-2": 338,
          "KomakiLDA5NoDevice-app-ip-3": 511,
          "KomakiLDA5NoDevice-app-ip-4": 301,
          "KomakiLDA5NoDevice-app-os-0": 290,
          "KomakiLDA5NoDevice-app-os-1": 446,
          "KomakiLDA5NoDevice-app-os-2": 324,
          "KomakiLDA5NoDevice-app-os-3": 269,
          "KomakiLDA5NoDevice-app-os-4": 443,
          "KomakiLDA5NoDevice-app-channel-0": 347,
          "KomakiLDA5NoDevice-app-channel-1": 339,
          "KomakiLDA5NoDevice-app-channel-2": 373,
          "KomakiLDA5NoDevice-app-channel-3": 360,
          "KomakiLDA5NoDevice-app-channel-4": 251,
          "KomakiLDA5NoDevice-os-ip-0": 391,
          "KomakiLDA5NoDevice-os-ip-1": 318,
          "KomakiLDA5NoDevice-os-ip-2": 311,
          "KomakiLDA5NoDevice-os-ip-3": 279,
          "KomakiLDA5NoDevice-os-ip-4": 263,
          "KomakiLDA5NoDevice-os-app-0": 308,
          "KomakiLDA5NoDevice-os-app-1": 398,
          "KomakiLDA5NoDevice-os-app-2": 216,
          "KomakiLDA5NoDevice-os-app-3": 327,
          "KomakiLDA5NoDevice-os-app-4": 258,
          "KomakiLDA5NoDevice-os-channel-0": 366,
          "KomakiLDA5NoDevice-os-channel-1": 234,
          "KomakiLDA5NoDevice-os-channel-2": 266,
          "KomakiLDA5NoDevice-os-channel-3": 307,
          "KomakiLDA5NoDevice-os-channel-4": 255,
          "KomakiLDA5NoDevice-channel-ip-0": 303,
          "KomakiLDA5NoDevice-channel-ip-1": 420,
          "KomakiLDA5NoDevice-channel-ip-2": 382,
          "KomakiLDA5NoDevice-channel-ip-3": 457,
          "KomakiLDA5NoDevice-channel-ip-4": 401,
          "KomakiLDA5NoDevice-channel-app-0": 442,
          "KomakiLDA5NoDevice-channel-app-1": 290,
          "KomakiLDA5NoDevice-channel-app-2": 365,
          "KomakiLDA5NoDevice-channel-app-3": 324,
          "KomakiLDA5NoDevice-channel-app-4": 337,
          "KomakiLDA5NoDevice-channel-os-0": 444,
          "KomakiLDA5NoDevice-channel-os-1": 395,
          "KomakiLDA5NoDevice-channel-os-2": 406,
          "KomakiLDA5NoDevice-channel-os-3": 339,
          "KomakiLDA5NoDevice-channel-os-4": 320
        }
      },
      {
        "train_auc": 0.9929572556189628,
        "valid_auc": 0.9836031403248586,
        "best_iteration": 582,
        "train_time": 346.18479323387146,
        "feature_importance": {
          "ip": 3347,
          "os": 1344,
          "app": 1479,
          "channel": 2721,
          "hour": 2008,
          "n_channels": 1493,
          "ip_app_count": 1265,
          "ip_app_os_count": 1084,
          "FutureClickCount_600-ip": 868,
          "FutureClickCount_600-app": 603,
          "FutureClickCount_600-ip-app": 287,
          "FutureClickCount_600-dev": 295,
          "FutureClickCount_600-ip-dev": 644,
          "FutureClickCount_600-app-dev": 513,
          "FutureClickCount_600-ip-app-dev": 260,
          "FutureClickCount_600-os": 417,
          "FutureClickCount_600-ip-os": 496,
          "FutureClickCount_600-app-os": 443,
          "FutureClickCount_600-ip-app-os": 296,
          "FutureClickCount_600-dev-os": 617,
          "FutureClickCount_600-ip-dev-os": 425,
          "FutureClickCount_600-app-dev-os": 608,
          "FutureClickCount_600-ip-app-dev-os": 336,
          "FutureClickCount_600-cha": 465,
          "FutureClickCount_600-ip-cha": 163,
          "FutureClickCount_600-app-cha": 697,
          "FutureClickCount_600-ip-app-cha": 156,
          "FutureClickCount_600-dev-cha": 413,
          "FutureClickCount_600-ip-dev-cha": 138,
          "FutureClickCount_600-app-dev-cha": 364,
          "FutureClickCount_600-ip-app-dev-cha": 113,
          "FutureClickCount_600-os-cha": 352,
          "FutureClickCount_600-ip-os-cha": 104,
          "FutureClickCount_600-app-os-cha": 378,
          "FutureClickCount_600-ip-app-os-cha": 85,
          "FutureClickCount_600-dev-os-cha": 350,
          "FutureClickCount_600-ip-dev-os-cha": 71,
          "FutureClickCount_600-app-dev-os-cha": 372,
          "FutureClickCount_600-ip-app-dev-os-cha": 82,
          "FutureClickCount_4800-ip": 1267,
          "FutureClickCount_4800-app": 337,
          "FutureClickCount_4800-ip-app": 474,
          "FutureClickCount_4800-dev": 79,
          "FutureClickCount_4800-ip-dev": 1040,
          "FutureClickCount_4800-app-dev": 253,
          "FutureClickCount_4800-ip-app-dev": 345,
          "FutureClickCount_4800-os": 246,
          "FutureClickCount_4800-ip-os": 638,
          "FutureClickCount_4800-app-os": 378,
          "FutureClickCount_4800-ip-app-os": 331,
          "FutureClickCount_4800-dev-os": 315,
          "FutureClickCount_4800-ip-dev-os": 649,
          "FutureClickCount_4800-app-dev-os": 527,
          "FutureClickCount_4800-ip-app-dev-os": 385,
          "FutureClickCount_4800-cha": 355,
          "FutureClickCount_4800-ip-cha": 301,
          "FutureClickCount_4800-app-cha": 561,
          "FutureClickCount_4800-ip-app-cha": 242,
          "FutureClickCount_4800-dev-cha": 251,
          "FutureClickCount_4800-ip-dev-cha": 244,
          "FutureClickCount_4800-app-dev-cha": 353,
          "FutureClickCount_4800-ip-app-dev-cha": 196,
          "FutureClickCount_4800-os-cha": 331,
          "FutureClickCount_4800-ip-os-cha": 165,
          "FutureClickCount_4800-app-os-cha": 373,
          "FutureClickCount_4800-ip-app-os-cha": 125,
          "FutureClickCount_4800-dev-os-cha": 346,
          "FutureClickCount_4800-ip-dev-os-cha": 105,
          "FutureClickCount_4800-app-dev-os-cha": 354,
          "FutureClickCount_4800-ip-app-dev-os-cha": 99,
          "NextClickTimeDelta-ip": 761,
          "NextClickTimeDelta-app": 116,
          "NextClickTimeDelta-ip-app": 1078,
          "NextClickTimeDelta-dev": 53,
          "NextClickTimeDelta-ip-dev": 644,
          "NextClickTimeDelta-app-dev": 91,
          "NextClickTimeDelta-ip-app-dev": 674,
          "NextClickTimeDelta-os": 100,
          "NextClickTimeDelta-ip-os": 668,
          "NextClickTimeDelta-app-os": 248,
          "NextClickTimeDelta-ip-app-os": 1666,
          "NextClickTimeDelta-dev-os": 127,
          "NextClickTimeDelta-ip-dev-os": 533,
          "NextClickTimeDelta-app-dev-os": 186,
          "NextClickTimeDelta-ip-app-dev-os": 2438,
          "NextClickTimeDelta-cha": 120,
          "NextClickTimeDelta-ip-cha": 647,
          "NextClickTimeDelta-app-cha": 194,
          "NextClickTimeDelta-ip-app-cha": 542,
          "NextClickTimeDelta-dev-cha": 120,
          "NextClickTimeDelta-ip-dev-cha": 466,
          "NextClickTimeDelta-app-dev-cha": 104,
          "NextClickTimeDelta-ip-app-dev-cha": 427,
          "NextClickTimeDelta-os-cha": 262,
          "NextClickTimeDelta-ip-os-cha": 497,
          "NextClickTimeDelta-app-os-cha": 287,
          "NextClickTimeDelta-ip-app-os-cha": 603,
          "NextClickTimeDelta-dev-os-cha": 222,
          "NextClickTimeDelta-ip-dev-os-cha": 380,
          "NextClickTimeDelta-app-dev-os-cha": 254,
          "NextClickTimeDelta-ip-app-dev-os-cha": 540,
          "PrevClickTimeDelta-ip": 650,
          "PrevClickTimeDelta-app": 124,
          "PrevClickTimeDelta-ip-app": 578,
          "PrevClickTimeDelta-dev": 65,
          "PrevClickTimeDelta-ip-dev": 470,
          "PrevClickTimeDelta-app-dev": 87,
          "PrevClickTimeDelta-ip-app-dev": 419,
          "PrevClickTimeDelta-os": 83,
          "PrevClickTimeDelta-ip-os": 580,
          "PrevClickTimeDelta-app-os": 206,
          "PrevClickTimeDelta-ip-app-os": 476,
          "PrevClickTimeDelta-dev-os": 87,
          "PrevClickTimeDelta-ip-dev-os": 355,
          "PrevClickTimeDelta-app-dev-os": 173,
          "PrevClickTimeDelta-ip-app-dev-os": 379,
          "PrevClickTimeDelta-cha": 97,
          "PrevClickTimeDelta-ip-cha": 477,
          "PrevClickTimeDelta-app-cha": 235,
          "PrevClickTimeDelta-ip-app-cha": 363,
          "PrevClickTimeDelta-dev-cha": 117,
          "PrevClickTimeDelta-ip-dev-cha": 341,
          "PrevClickTimeDelta-app-dev-cha": 127,
          "PrevClickTimeDelta-ip-app-dev-cha": 312,
          "PrevClickTimeDelta-os-cha": 246,
          "PrevClickTimeDelta-ip-os-cha": 345,
          "PrevClickTimeDelta-app-os-cha": 249,
          "PrevClickTimeDelta-ip-app-os-cha": 332,
          "PrevClickTimeDelta-dev-os-cha": 226,
          "PrevClickTimeDelta-ip-dev-os-cha": 221,
          "PrevClickTimeDelta-app-dev-os-cha": 218,
          "PrevClickTimeDelta-ip-app-dev-os-cha": 189,
          "AverageAttributedRatio-ip": 487,
          "AverageAttributedRatio-app": 470,
          "AverageAttributedRatio-ip-app": 335,
          "AverageAttributedRatio-dev": 638,
          "AverageAttributedRatio-ip-dev": 405,
          "AverageAttributedRatio-app-dev": 391,
          "AverageAttributedRatio-ip-app-dev": 381,
          "AverageAttributedRatio-os": 431,
          "AverageAttributedRatio-ip-os": 278,
          "AverageAttributedRatio-app-os": 511,
          "AverageAttributedRatio-ip-app-os": 108,
          "AverageAttributedRatio-dev-os": 346,
          "AverageAttributedRatio-ip-dev-os": 266,
          "AverageAttributedRatio-app-dev-os": 469,
          "AverageAttributedRatio-ip-app-dev-os": 92,
          "AverageAttributedRatio-cha": 421,
          "AverageAttributedRatio-ip-cha": 152,
          "AverageAttributedRatio-app-cha": 398,
          "AverageAttributedRatio-ip-app-cha": 121,
          "AverageAttributedRatio-dev-cha": 280,
          "AverageAttributedRatio-ip-dev-cha": 148,
          "AverageAttributedRatio-app-dev-cha": 348,
          "AverageAttributedRatio-ip-app-dev-cha": 134,
          "AverageAttributedRatio-os-cha": 346,
          "AverageAttributedRatio-ip-os-cha": 65,
          "AverageAttributedRatio-app-os-cha": 481,
          "AverageAttributedRatio-ip-app-os-cha": 60,
          "AverageAttributedRatio-dev-os-cha": 296,
          "AverageAttributedRatio-ip-dev-os-cha": 59,
          "AverageAttributedRatio-app-dev-os-cha": 436,
          "AverageAttributedRatio-ip-app-dev-os-cha": 44,
          "KomakiLDA5NoDevice-ip-app-0": 1334,
          "KomakiLDA5NoDevice-ip-app-1": 1127,
          "KomakiLDA5NoDevice-ip-app-2": 999,
          "KomakiLDA5NoDevice-ip-app-3": 619,
          "KomakiLDA5NoDevice-ip-app-4": 711,
          "KomakiLDA5NoDevice-ip-os-0": 784,
          "KomakiLDA5NoDevice-ip-os-1": 874,
          "KomakiLDA5NoDevice-ip-os-2": 863,
          "KomakiLDA5NoDevice-ip-os-3": 707,
          "KomakiLDA5NoDevice-ip-os-4": 612,
          "KomakiLDA5NoDevice-ip-channel-0": 812,
          "KomakiLDA5NoDevice-ip-channel-1": 936,
          "KomakiLDA5NoDevice-ip-channel-2": 876,
          "KomakiLDA5NoDevice-ip-channel-3": 1032,
          "KomakiLDA5NoDevice-ip-channel-4": 1049,
          "KomakiLDA5NoDevice-app-ip-0": 516,
          "KomakiLDA5NoDevice-app-ip-1": 401,
          "KomakiLDA5NoDevice-app-ip-2": 360,
          "KomakiLDA5NoDevice-app-ip-3": 487,
          "KomakiLDA5NoDevice-app-ip-4": 352,
          "KomakiLDA5NoDevice-app-os-0": 330,
          "KomakiLDA5NoDevice-app-os-1": 459,
          "KomakiLDA5NoDevice-app-os-2": 293,
          "KomakiLDA5NoDevice-app-os-3": 276,
          "KomakiLDA5NoDevice-app-os-4": 479,
          "KomakiLDA5NoDevice-app-channel-0": 351,
          "KomakiLDA5NoDevice-app-channel-1": 383,
          "KomakiLDA5NoDevice-app-channel-2": 329,
          "KomakiLDA5NoDevice-app-channel-3": 389,
          "KomakiLDA5NoDevice-app-channel-4": 265,
          "KomakiLDA5NoDevice-os-ip-0": 430,
          "KomakiLDA5NoDevice-os-ip-1": 323,
          "KomakiLDA5NoDevice-os-ip-2": 267,
          "KomakiLDA5NoDevice-os-ip-3": 265,
          "KomakiLDA5NoDevice-os-ip-4": 250,
          "KomakiLDA5NoDevice-os-app-0": 319,
          "KomakiLDA5NoDevice-os-app-1": 373,
          "KomakiLDA5NoDevice-os-app-2": 283,
          "KomakiLDA5NoDevice-os-app-3": 294,
          "KomakiLDA5NoDevice-os-app-4": 268,
          "KomakiLDA5NoDevice-os-channel-0": 361,
          "KomakiLDA5NoDevice-os-channel-1": 260,
          "KomakiLDA5NoDevice-os-channel-2": 259,
          "KomakiLDA5NoDevice-os-channel-3": 272,
          "KomakiLDA5NoDevice-os-channel-4": 281,
          "KomakiLDA5NoDevice-channel-ip-0": 294,
          "KomakiLDA5NoDevice-channel-ip-1": 398,
          "KomakiLDA5NoDevice-channel-ip-2": 377,
          "KomakiLDA5NoDevice-channel-ip-3": 429,
          "KomakiLDA5NoDevice-channel-ip-4": 373,
          "KomakiLDA5NoDevice-channel-app-0": 398,
          "KomakiLDA5NoDevice-channel-app-1": 323,
          "KomakiLDA5NoDevice-channel-app-2": 340,
          "KomakiLDA5NoDevice-channel-app-3": 304,
          "KomakiLDA5NoDevice-channel-app-4": 328,
          "KomakiLDA5NoDevice-channel-os-0": 406,
          "KomakiLDA5NoDevice-channel-os-1": 350,
          "KomakiLDA5NoDevice-channel-os-2": 396,
          "KomakiLDA5NoDevice-channel-os-3": 308,
          "KomakiLDA5NoDevice-channel-os-4": 306
        }
      },
      {
        "train_auc": 0.9909526796846703,
        "valid_auc": 0.98350610754341,
        "best_iteration": 334,
        "train_time": 195.4851257801056,
        "feature_importance": {
          "ip": 2051,
          "os": 774,
          "app": 1027,
          "channel": 1635,
          "hour": 1349,
          "n_channels": 958,
          "ip_app_count": 854,
          "ip_app_os_count": 730,
          "FutureClickCount_600-ip": 462,
          "FutureClickCount_600-app": 362,
          "FutureClickCount_600-ip-app": 154,
          "FutureClickCount_600-dev": 235,
          "FutureClickCount_600-ip-dev": 290,
          "FutureClickCount_600-app-dev": 318,
          "FutureClickCount_600-ip-app-dev": 125,
          "FutureClickCount_600-os": 198,
          "FutureClickCount_600-ip-os": 283,
          "FutureClickCount_600-app-os": 300,
          "FutureClickCount_600-ip-app-os": 220,
          "FutureClickCount_600-dev-os": 474,
          "FutureClickCount_600-ip-dev-os": 199,
          "FutureClickCount_600-app-dev-os": 444,
          "FutureClickCount_600-ip-app-dev-os": 273,
          "FutureClickCount_600-cha": 289,
          "FutureClickCount_600-ip-cha": 82,
          "FutureClickCount_600-app-cha": 448,
          "FutureClickCount_600-ip-app-cha": 76,
          "FutureClickCount_600-dev-cha": 206,
          "FutureClickCount_600-ip-dev-cha": 77,
          "FutureClickCount_600-app-dev-cha": 219,
          "FutureClickCount_600-ip-app-dev-cha": 62,
          "FutureClickCount_600-os-cha": 200,
          "FutureClickCount_600-ip-os-cha": 53,
          "FutureClickCount_600-app-os-cha": 192,
          "FutureClickCount_600-ip-app-os-cha": 30,
          "FutureClickCount_600-dev-os-cha": 220,
          "FutureClickCount_600-ip-dev-os-cha": 45,
          "FutureClickCount_600-app-dev-os-cha": 209,
          "FutureClickCount_600-ip-app-dev-os-cha": 66,
          "FutureClickCount_4800-ip": 816,
          "FutureClickCount_4800-app": 248,
          "FutureClickCount_4800-ip-app": 262,
          "FutureClickCount_4800-dev": 66,
          "FutureClickCount_4800-ip-dev": 790,
          "FutureClickCount_4800-app-dev": 125,
          "FutureClickCount_4800-ip-app-dev": 203,
          "FutureClickCount_4800-os": 120,
          "FutureClickCount_4800-ip-os": 372,
          "FutureClickCount_4800-app-os": 215,
          "FutureClickCount_4800-ip-app-os": 206,
          "FutureClickCount_4800-dev-os": 216,
          "FutureClickCount_4800-ip-dev-os": 523,
          "FutureClickCount_4800-app-dev-os": 418,
          "FutureClickCount_4800-ip-app-dev-os": 249,
          "FutureClickCount_4800-cha": 230,
          "FutureClickCount_4800-ip-cha": 180,
          "FutureClickCount_4800-app-cha": 424,
          "FutureClickCount_4800-ip-app-cha": 112,
          "FutureClickCount_4800-dev-cha": 162,
          "FutureClickCount_4800-ip-dev-cha": 138,
          "FutureClickCount_4800-app-dev-cha": 212,
          "FutureClickCount_4800-ip-app-dev-cha": 117,
          "FutureClickCount_4800-os-cha": 164,
          "FutureClickCount_4800-ip-os-cha": 66,
          "FutureClickCount_4800-app-os-cha": 211,
          "FutureClickCount_4800-ip-app-os-cha": 63,
          "FutureClickCount_4800-dev-os-cha": 186,
          "FutureClickCount_4800-ip-dev-os-cha": 59,
          "FutureClickCount_4800-app-dev-os-cha": 210,
          "FutureClickCount_4800-ip-app-dev-os-cha": 60,
          "NextClickTimeDelta-ip": 483,
          "NextClickTimeDelta-app": 72,
          "NextClickTimeDelta-ip-app": 688,
          "NextClickTimeDelta-dev": 50,
          "NextClickTimeDelta-ip-dev": 403,
          "NextClickTimeDelta-app-dev": 59,
          "NextClickTimeDelta-ip-app-dev": 420,
          "NextClickTimeDelta-os": 54,
          "NextClickTimeDelta-ip-os": 452,
          "NextClickTimeDelta-app-os": 143,
          "NextClickTimeDelta-ip-app-os": 1176,
          "NextClickTimeDelta-dev-os": 53,
          "NextClickTimeDelta-ip-dev-os": 274,
          "NextClickTimeDelta-app-dev-os": 100,
          "NextClickTimeDelta-ip-app-dev-os": 2060,
          "NextClickTimeDelta-cha": 74,
          "NextClickTimeDelta-ip-cha": 345,
          "NextClickTimeDelta-app-cha": 119,
          "NextClickTimeDelta-ip-app-cha": 301,
          "NextClickTimeDelta-dev-cha": 71,
          "NextClickTimeDelta-ip-dev-cha": 234,
          "NextClickTimeDelta-app-dev-cha": 77,
          "NextClickTimeDelta-ip-app-dev-cha": 220,
          "NextClickTimeDelta-os-cha": 130,
          "NextClickTimeDelta-ip-os-cha": 259,
          "NextClickTimeDelta-app-os-cha": 167,
          "NextClickTimeDelta-ip-app-os-cha": 356,
          "NextClickTimeDelta-dev-os-cha": 145,
          "NextClickTimeDelta-ip-dev-os-cha": 220,
          "NextClickTimeDelta-app-dev-os-cha": 138,
          "NextClickTimeDelta-ip-app-dev-os-cha": 370,
          "PrevClickTimeDelta-ip": 424,
          "PrevClickTimeDelta-app": 79,
          "PrevClickTimeDelta-ip-app": 288,
          "PrevClickTimeDelta-dev": 52,
          "PrevClickTimeDelta-ip-dev": 294,
          "PrevClickTimeDelta-app-dev": 57,
          "PrevClickTimeDelta-ip-app-dev": 230,
          "PrevClickTimeDelta-os": 74,
          "PrevClickTimeDelta-ip-os": 359,
          "PrevClickTimeDelta-app-os": 115,
          "PrevClickTimeDelta-ip-app-os": 226,
          "PrevClickTimeDelta-dev-os": 33,
          "PrevClickTimeDelta-ip-dev-os": 212,
          "PrevClickTimeDelta-app-dev-os": 85,
          "PrevClickTimeDelta-ip-app-dev-os": 177,
          "PrevClickTimeDelta-cha": 66,
          "PrevClickTimeDelta-ip-cha": 259,
          "PrevClickTimeDelta-app-cha": 104,
          "PrevClickTimeDelta-ip-app-cha": 196,
          "PrevClickTimeDelta-dev-cha": 98,
          "PrevClickTimeDelta-ip-dev-cha": 183,
          "PrevClickTimeDelta-app-dev-cha": 83,
          "PrevClickTimeDelta-ip-app-dev-cha": 147,
          "PrevClickTimeDelta-os-cha": 121,
          "PrevClickTimeDelta-ip-os-cha": 189,
          "PrevClickTimeDelta-app-os-cha": 143,
          "PrevClickTimeDelta-ip-app-os-cha": 132,
          "PrevClickTimeDelta-dev-os-cha": 115,
          "PrevClickTimeDelta-ip-dev-os-cha": 113,
          "PrevClickTimeDelta-app-dev-os-cha": 117,
          "PrevClickTimeDelta-ip-app-dev-os-cha": 103,
          "AverageAttributedRatio-ip": 220,
          "AverageAttributedRatio-app": 268,
          "AverageAttributedRatio-ip-app": 230,
          "AverageAttributedRatio-dev": 361,
          "AverageAttributedRatio-ip-dev": 232,
          "AverageAttributedRatio-app-dev": 182,
          "AverageAttributedRatio-ip-app-dev": 268,
          "AverageAttributedRatio-os": 212,
          "AverageAttributedRatio-ip-os": 151,
          "AverageAttributedRatio-app-os": 265,
          "AverageAttributedRatio-ip-app-os": 67,
          "AverageAttributedRatio-dev-os": 182,
          "AverageAttributedRatio-ip-dev-os": 125,
          "AverageAttributedRatio-app-dev-os": 292,
          "AverageAttributedRatio-ip-app-dev-os": 51,
          "AverageAttributedRatio-cha": 245,
          "AverageAttributedRatio-ip-cha": 90,
          "AverageAttributedRatio-app-cha": 231,
          "AverageAttributedRatio-ip-app-cha": 70,
          "AverageAttributedRatio-dev-cha": 158,
          "AverageAttributedRatio-ip-dev-cha": 65,
          "AverageAttributedRatio-app-dev-cha": 187,
          "AverageAttributedRatio-ip-app-dev-cha": 51,
          "AverageAttributedRatio-os-cha": 227,
          "AverageAttributedRatio-ip-os-cha": 32,
          "AverageAttributedRatio-app-os-cha": 253,
          "AverageAttributedRatio-ip-app-os-cha": 30,
          "AverageAttributedRatio-dev-os-cha": 199,
          "AverageAttributedRatio-ip-dev-os-cha": 26,
          "AverageAttributedRatio-app-dev-os-cha": 336,
          "AverageAttributedRatio-ip-app-dev-os-cha": 28,
          "KomakiLDA5NoDevice-ip-app-0": 887,
          "KomakiLDA5NoDevice-ip-app-1": 785,
          "KomakiLDA5NoDevice-ip-app-2": 591,
          "KomakiLDA5NoDevice-ip-app-3": 456,
          "KomakiLDA5NoDevice-ip-app-4": 418,
          "KomakiLDA5NoDevice-ip-os-0": 402,
          "KomakiLDA5NoDevice-ip-os-1": 508,
          "KomakiLDA5NoDevice-ip-os-2": 514,
          "KomakiLDA5NoDevice-ip-os-3": 395,
          "KomakiLDA5NoDevice-ip-os-4": 322,
          "KomakiLDA5NoDevice-ip-channel-0": 482,
          "KomakiLDA5NoDevice-ip-channel-1": 645,
          "KomakiLDA5NoDevice-ip-channel-2": 569,
          "KomakiLDA5NoDevice-ip-channel-3": 602,
          "KomakiLDA5NoDevice-ip-channel-4": 733,
          "KomakiLDA5NoDevice-app-ip-0": 347,
          "KomakiLDA5NoDevice-app-ip-1": 248,
          "KomakiLDA5NoDevice-app-ip-2": 237,
          "KomakiLDA5NoDevice-app-ip-3": 297,
          "KomakiLDA5NoDevice-app-ip-4": 230,
          "KomakiLDA5NoDevice-app-os-0": 207,
          "KomakiLDA5NoDevice-app-os-1": 294,
          "KomakiLDA5NoDevice-app-os-2": 236,
          "KomakiLDA5NoDevice-app-os-3": 162,
          "KomakiLDA5NoDevice-app-os-4": 308,
          "KomakiLDA5NoDevice-app-channel-0": 199,
          "KomakiLDA5NoDevice-app-channel-1": 190,
          "KomakiLDA5NoDevice-app-channel-2": 268,
          "KomakiLDA5NoDevice-app-channel-3": 227,
          "KomakiLDA5NoDevice-app-channel-4": 157,
          "KomakiLDA5NoDevice-os-ip-0": 276,
          "KomakiLDA5NoDevice-os-ip-1": 201,
          "KomakiLDA5NoDevice-os-ip-2": 190,
          "KomakiLDA5NoDevice-os-ip-3": 164,
          "KomakiLDA5NoDevice-os-ip-4": 178,
          "KomakiLDA5NoDevice-os-app-0": 234,
          "KomakiLDA5NoDevice-os-app-1": 226,
          "KomakiLDA5NoDevice-os-app-2": 132,
          "KomakiLDA5NoDevice-os-app-3": 231,
          "KomakiLDA5NoDevice-os-app-4": 176,
          "KomakiLDA5NoDevice-os-channel-0": 233,
          "KomakiLDA5NoDevice-os-channel-1": 140,
          "KomakiLDA5NoDevice-os-channel-2": 176,
          "KomakiLDA5NoDevice-os-channel-3": 229,
          "KomakiLDA5NoDevice-os-channel-4": 149,
          "KomakiLDA5NoDevice-channel-ip-0": 190,
          "KomakiLDA5NoDevice-channel-ip-1": 239,
          "KomakiLDA5NoDevice-channel-ip-2": 228,
          "KomakiLDA5NoDevice-channel-ip-3": 243,
          "KomakiLDA5NoDevice-channel-ip-4": 211,
          "KomakiLDA5NoDevice-channel-app-0": 219,
          "KomakiLDA5NoDevice-channel-app-1": 148,
          "KomakiLDA5NoDevice-channel-app-2": 224,
          "KomakiLDA5NoDevice-channel-app-3": 170,
          "KomakiLDA5NoDevice-channel-app-4": 193,
          "KomakiLDA5NoDevice-channel-os-0": 198,
          "KomakiLDA5NoDevice-channel-os-1": 245,
          "KomakiLDA5NoDevice-channel-os-2": 228,
          "KomakiLDA5NoDevice-channel-os-3": 198,
          "KomakiLDA5NoDevice-channel-os-4": 165
        }
      },
      {
        "train_auc": 0.9911229105192507,
        "valid_auc": 0.9836326449294465,
        "best_iteration": 344,
        "train_time": 196.96418070793152,
        "feature_importance": {
          "ip": 2091,
          "os": 809,
          "app": 1072,
          "channel": 1645,
          "hour": 1339,
          "n_channels": 980,
          "ip_app_count": 873,
          "ip_app_os_count": 769,
          "FutureClickCount_600-ip": 436,
          "FutureClickCount_600-app": 349,
          "FutureClickCount_600-ip-app": 172,
          "FutureClickCount_600-dev": 226,
          "FutureClickCount_600-ip-dev": 365,
          "FutureClickCount_600-app-dev": 297,
          "FutureClickCount_600-ip-app-dev": 119,
          "FutureClickCount_600-os": 222,
          "FutureClickCount_600-ip-os": 293,
          "FutureClickCount_600-app-os": 276,
          "FutureClickCount_600-ip-app-os": 181,
          "FutureClickCount_600-dev-os": 482,
          "FutureClickCount_600-ip-dev-os": 238,
          "FutureClickCount_600-app-dev-os": 453,
          "FutureClickCount_600-ip-app-dev-os": 259,
          "FutureClickCount_600-cha": 275,
          "FutureClickCount_600-ip-cha": 75,
          "FutureClickCount_600-app-cha": 448,
          "FutureClickCount_600-ip-app-cha": 73,
          "FutureClickCount_600-dev-cha": 225,
          "FutureClickCount_600-ip-dev-cha": 82,
          "FutureClickCount_600-app-dev-cha": 224,
          "FutureClickCount_600-ip-app-dev-cha": 45,
          "FutureClickCount_600-os-cha": 197,
          "FutureClickCount_600-ip-os-cha": 49,
          "FutureClickCount_600-app-os-cha": 220,
          "FutureClickCount_600-ip-app-os-cha": 59,
          "FutureClickCount_600-dev-os-cha": 223,
          "FutureClickCount_600-ip-dev-os-cha": 47,
          "FutureClickCount_600-app-dev-os-cha": 214,
          "FutureClickCount_600-ip-app-dev-os-cha": 55,
          "FutureClickCount_4800-ip": 818,
          "FutureClickCount_4800-app": 238,
          "FutureClickCount_4800-ip-app": 246,
          "FutureClickCount_4800-dev": 69,
          "FutureClickCount_4800-ip-dev": 805,
          "FutureClickCount_4800-app-dev": 172,
          "FutureClickCount_4800-ip-app-dev": 212,
          "FutureClickCount_4800-os": 102,
          "FutureClickCount_4800-ip-os": 418,
          "FutureClickCount_4800-app-os": 264,
          "FutureClickCount_4800-ip-app-os": 223,
          "FutureClickCount_4800-dev-os": 184,
          "FutureClickCount_4800-ip-dev-os": 521,
          "FutureClickCount_4800-app-dev-os": 393,
          "FutureClickCount_4800-ip-app-dev-os": 260,
          "FutureClickCount_4800-cha": 214,
          "FutureClickCount_4800-ip-cha": 152,
          "FutureClickCount_4800-app-cha": 414,
          "FutureClickCount_4800-ip-app-cha": 122,
          "FutureClickCount_4800-dev-cha": 142,
          "FutureClickCount_4800-ip-dev-cha": 138,
          "FutureClickCount_4800-app-dev-cha": 235,
          "FutureClickCount_4800-ip-app-dev-cha": 100,
          "FutureClickCount_4800-os-cha": 183,
          "FutureClickCount_4800-ip-os-cha": 87,
          "FutureClickCount_4800-app-os-cha": 247,
          "FutureClickCount_4800-ip-app-os-cha": 50,
          "FutureClickCount_4800-dev-os-cha": 181,
          "FutureClickCount_4800-ip-dev-os-cha": 52,
          "FutureClickCount_4800-app-dev-os-cha": 220,
          "FutureClickCount_4800-ip-app-dev-os-cha": 47,
          "NextClickTimeDelta-ip": 541,
          "NextClickTimeDelta-app": 81,
          "NextClickTimeDelta-ip-app": 652,
          "NextClickTimeDelta-dev": 54,
          "NextClickTimeDelta-ip-dev": 407,
          "NextClickTimeDelta-app-dev": 61,
          "NextClickTimeDelta-ip-app-dev": 395,
          "NextClickTimeDelta-os": 83,
          "NextClickTimeDelta-ip-os": 479,
          "NextClickTimeDelta-app-os": 119,
          "NextClickTimeDelta-ip-app-os": 1264,
          "NextClickTimeDelta-dev-os": 66,
          "NextClickTimeDelta-ip-dev-os": 326,
          "NextClickTimeDelta-app-dev-os": 87,
          "NextClickTimeDelta-ip-app-dev-os": 1980,
          "NextClickTimeDelta-cha": 77,
          "NextClickTimeDelta-ip-cha": 364,
          "NextClickTimeDelta-app-cha": 136,
          "NextClickTimeDelta-ip-app-cha": 327,
          "NextClickTimeDelta-dev-cha": 70,
          "NextClickTimeDelta-ip-dev-cha": 236,
          "NextClickTimeDelta-app-dev-cha": 90,
          "NextClickTimeDelta-ip-app-dev-cha": 229,
          "NextClickTimeDelta-os-cha": 130,
          "NextClickTimeDelta-ip-os-cha": 293,
          "NextClickTimeDelta-app-os-cha": 154,
          "NextClickTimeDelta-ip-app-os-cha": 377,
          "NextClickTimeDelta-dev-os-cha": 127,
          "NextClickTimeDelta-ip-dev-os-cha": 213,
          "NextClickTimeDelta-app-dev-os-cha": 145,
          "NextClickTimeDelta-ip-app-dev-os-cha": 400,
          "PrevClickTimeDelta-ip": 417,
          "PrevClickTimeDelta-app": 66,
          "PrevClickTimeDelta-ip-app": 293,
          "PrevClickTimeDelta-dev": 34,
          "PrevClickTimeDelta-ip-dev": 283,
          "PrevClickTimeDelta-app-dev": 55,
          "PrevClickTimeDelta-ip-app-dev": 198,
          "PrevClickTimeDelta-os": 77,
          "PrevClickTimeDelta-ip-os": 369,
          "PrevClickTimeDelta-app-os": 136,
          "PrevClickTimeDelta-ip-app-os": 287,
          "PrevClickTimeDelta-dev-os": 38,
          "PrevClickTimeDelta-ip-dev-os": 216,
          "PrevClickTimeDelta-app-dev-os": 87,
          "PrevClickTimeDelta-ip-app-dev-os": 184,
          "PrevClickTimeDelta-cha": 71,
          "PrevClickTimeDelta-ip-cha": 296,
          "PrevClickTimeDelta-app-cha": 106,
          "PrevClickTimeDelta-ip-app-cha": 180,
          "PrevClickTimeDelta-dev-cha": 75,
          "PrevClickTimeDelta-ip-dev-cha": 162,
          "PrevClickTimeDelta-app-dev-cha": 107,
          "PrevClickTimeDelta-ip-app-dev-cha": 117,
          "PrevClickTimeDelta-os-cha": 140,
          "PrevClickTimeDelta-ip-os-cha": 170,
          "PrevClickTimeDelta-app-os-cha": 142,
          "PrevClickTimeDelta-ip-app-os-cha": 139,
          "PrevClickTimeDelta-dev-os-cha": 110,
          "PrevClickTimeDelta-ip-dev-os-cha": 119,
          "PrevClickTimeDelta-app-dev-os-cha": 123,
          "PrevClickTimeDelta-ip-app-dev-os-cha": 122,
          "AverageAttributedRatio-ip": 240,
          "AverageAttributedRatio-app": 272,
          "AverageAttributedRatio-ip-app": 241,
          "AverageAttributedRatio-dev": 363,
          "AverageAttributedRatio-ip-dev": 231,
          "AverageAttributedRatio-app-dev": 183,
          "AverageAttributedRatio-ip-app-dev": 271,
          "AverageAttributedRatio-os": 217,
          "AverageAttributedRatio-ip-os": 137,
          "AverageAttributedRatio-app-os": 252,
          "AverageAttributedRatio-ip-app-os": 72,
          "AverageAttributedRatio-dev-os": 188,
          "AverageAttributedRatio-ip-dev-os": 136,
          "AverageAttributedRatio-app-dev-os": 279,
          "AverageAttributedRatio-ip-app-dev-os": 56,
          "AverageAttributedRatio-cha": 248,
          "AverageAttributedRatio-ip-cha": 101,
          "AverageAttributedRatio-app-cha": 254,
          "AverageAttributedRatio-ip-app-cha": 61,
          "AverageAttributedRatio-dev-cha": 142,
          "AverageAttributedRatio-ip-dev-cha": 79,
          "AverageAttributedRatio-app-dev-cha": 197,
          "AverageAttributedRatio-ip-app-dev-cha": 59,
          "AverageAttributedRatio-os-cha": 204,
          "AverageAttributedRatio-ip-os-cha": 34,
          "AverageAttributedRatio-app-os-cha": 286,
          "AverageAttributedRatio-ip-app-os-cha": 31,
          "AverageAttributedRatio-dev-os-cha": 171,
          "AverageAttributedRatio-ip-dev-os-cha": 48,
          "AverageAttributedRatio-app-dev-os-cha": 321,
          "AverageAttributedRatio-ip-app-dev-os-cha": 17,
          "KomakiLDA5NoDevice-ip-app-0": 869,
          "KomakiLDA5NoDevice-ip-app-1": 834,
          "KomakiLDA5NoDevice-ip-app-2": 665,
          "KomakiLDA5NoDevice-ip-app-3": 493,
          "KomakiLDA5NoDevice-ip-app-4": 430,
          "KomakiLDA5NoDevice-ip-os-0": 485,
          "KomakiLDA5NoDevice-ip-os-1": 584,
          "KomakiLDA5NoDevice-ip-os-2": 555,
          "KomakiLDA5NoDevice-ip-os-3": 387,
          "KomakiLDA5NoDevice-ip-os-4": 333,
          "KomakiLDA5NoDevice-ip-channel-0": 452,
          "KomakiLDA5NoDevice-ip-channel-1": 647,
          "KomakiLDA5NoDevice-ip-channel-2": 551,
          "KomakiLDA5NoDevice-ip-channel-3": 605,
          "KomakiLDA5NoDevice-ip-channel-4": 715,
          "KomakiLDA5NoDevice-app-ip-0": 347,
          "KomakiLDA5NoDevice-app-ip-1": 288,
          "KomakiLDA5NoDevice-app-ip-2": 253,
          "KomakiLDA5NoDevice-app-ip-3": 333,
          "KomakiLDA5NoDevice-app-ip-4": 211,
          "KomakiLDA5NoDevice-app-os-0": 199,
          "KomakiLDA5NoDevice-app-os-1": 301,
          "KomakiLDA5NoDevice-app-os-2": 219,
          "KomakiLDA5NoDevice-app-os-3": 184,
          "KomakiLDA5NoDevice-app-os-4": 345,
          "KomakiLDA5NoDevice-app-channel-0": 209,
          "KomakiLDA5NoDevice-app-channel-1": 236,
          "KomakiLDA5NoDevice-app-channel-2": 245,
          "KomakiLDA5NoDevice-app-channel-3": 242,
          "KomakiLDA5NoDevice-app-channel-4": 130,
          "KomakiLDA5NoDevice-os-ip-0": 238,
          "KomakiLDA5NoDevice-os-ip-1": 249,
          "KomakiLDA5NoDevice-os-ip-2": 186,
          "KomakiLDA5NoDevice-os-ip-3": 161,
          "KomakiLDA5NoDevice-os-ip-4": 189,
          "KomakiLDA5NoDevice-os-app-0": 251,
          "KomakiLDA5NoDevice-os-app-1": 265,
          "KomakiLDA5NoDevice-os-app-2": 191,
          "KomakiLDA5NoDevice-os-app-3": 212,
          "KomakiLDA5NoDevice-os-app-4": 181,
          "KomakiLDA5NoDevice-os-channel-0": 267,
          "KomakiLDA5NoDevice-os-channel-1": 180,
          "KomakiLDA5NoDevice-os-channel-2": 166,
          "KomakiLDA5NoDevice-os-channel-3": 200,
          "KomakiLDA5NoDevice-os-channel-4": 231,
          "KomakiLDA5NoDevice-channel-ip-0": 212,
          "KomakiLDA5NoDevice-channel-ip-1": 232,
          "KomakiLDA5NoDevice-channel-ip-2": 209,
          "KomakiLDA5NoDevice-channel-ip-3": 248,
          "KomakiLDA5NoDevice-channel-ip-4": 232,
          "KomakiLDA5NoDevice-channel-app-0": 230,
          "KomakiLDA5NoDevice-channel-app-1": 157,
          "KomakiLDA5NoDevice-channel-app-2": 224,
          "KomakiLDA5NoDevice-channel-app-3": 159,
          "KomakiLDA5NoDevice-channel-app-4": 204,
          "KomakiLDA5NoDevice-channel-os-0": 237,
          "KomakiLDA5NoDevice-channel-os-1": 229,
          "KomakiLDA5NoDevice-channel-os-2": 239,
          "KomakiLDA5NoDevice-channel-os-3": 200,
          "KomakiLDA5NoDevice-channel-os-4": 202
        }
      }
    ],
    "average_train_auc": 0.9922387693500292,
    "average_valid_auc": 0.9836794991085694,
    "train_auc_std": 0.0009831327362745013,
    "valid_auc_std": 0.00012813790928959065,
    "average_train_time": 275.9615885734558
  },
  "config": {
    "features": [
      "ip",
      "os",
      "app",
      "channel",
      "hour",
      "count",
      "future_click_count_10",
      "future_click_count_80",
      "next_click_time_delta",
      "prev_click_time_delta",
      "average_attributed_ratio",
      "komaki_lda_5_no_device"
    ],
    "model": {
      "name": "lightgbm",
      "model_params": {
        "boosting_type": "gbdt",
        "objective": "binary",
        "metric": "auc",
        "learning_rate": 0.03,
        "num_leaves": 255,
        "max_depth": 8,
        "min_child_samples": 10,
        "max_bin": 100,
        "subsample": 0.7,
        "subsample_freq": 1,
        "colsample_bytree": 0.7,
        "min_child_weight": 0,
        "subsample_for_bin": 200000,
        "min_split_gain": 0,
        "reg_alpha": 0,
        "reg_lambda": 0,
        "verbose": 0
      },
      "train_params": {
        "num_boost_round": 1000,
        "early_stopping_rounds": 30
      }
    },
    "dataset": {
      "input_directory": "data/input/",
      "cache_directory": "data/working/",
      "validation_ratio": 0.33333333333,
      "full_data_train": true,
      "files": {
        "train": "train.feather",
        "test": "old_test.feather"
      },
      "negative_down_sampling": {
        "enabled": true,
        "bagging_size": 5,
        "random_state": 114514
      }
    },
    "note": "copied from 24_2 and changed min_child_samples"
  }
}