{
  "training": {
    "trials": [
      {
        "train_auc": 0.9875318540118322,
        "valid_auc": 0.9859547289697537,
        "best_iteration": 123,
        "train_time": 484.69016218185425,
        "prediction_time": {
          "test": 392.01871633529663
        },
        "feature_importance": {
          "ip": 876,
          "os": 120,
          "app": 269,
          "channel": 265,
          "hour": 182,
          "n_channels": 64,
          "ip_app_count": 44,
          "ip_app_os_count": 47,
          "FutureClickCount_600-ip": 9,
          "FutureClickCount_600-app": 6,
          "FutureClickCount_600-ip-app": 0,
          "FutureClickCount_600-dev": 1,
          "FutureClickCount_600-ip-dev": 11,
          "FutureClickCount_600-app-dev": 2,
          "FutureClickCount_600-ip-app-dev": 2,
          "FutureClickCount_600-os": 5,
          "FutureClickCount_600-ip-os": 0,
          "FutureClickCount_600-app-os": 6,
          "FutureClickCount_600-ip-app-os": 16,
          "FutureClickCount_600-dev-os": 24,
          "FutureClickCount_600-ip-dev-os": 6,
          "FutureClickCount_600-app-dev-os": 17,
          "FutureClickCount_600-ip-app-dev-os": 30,
          "FutureClickCount_600-cha": 1,
          "FutureClickCount_600-ip-cha": 0,
          "FutureClickCount_600-app-cha": 21,
          "FutureClickCount_600-ip-app-cha": 1,
          "FutureClickCount_600-dev-cha": 0,
          "FutureClickCount_600-ip-dev-cha": 0,
          "FutureClickCount_600-app-dev-cha": 4,
          "FutureClickCount_600-ip-app-dev-cha": 0,
          "FutureClickCount_600-os-cha": 1,
          "FutureClickCount_600-ip-os-cha": 0,
          "FutureClickCount_600-app-os-cha": 1,
          "FutureClickCount_600-ip-app-os-cha": 1,
          "FutureClickCount_600-dev-os-cha": 1,
          "FutureClickCount_600-ip-dev-os-cha": 0,
          "FutureClickCount_600-app-dev-os-cha": 0,
          "FutureClickCount_600-ip-app-dev-os-cha": 9,
          "FutureClickCount_4800-ip": 46,
          "FutureClickCount_4800-app": 3,
          "FutureClickCount_4800-ip-app": 6,
          "FutureClickCount_4800-dev": 0,
          "FutureClickCount_4800-ip-dev": 48,
          "FutureClickCount_4800-app-dev": 1,
          "FutureClickCount_4800-ip-app-dev": 2,
          "FutureClickCount_4800-os": 1,
          "FutureClickCount_4800-ip-os": 7,
          "FutureClickCount_4800-app-os": 12,
          "FutureClickCount_4800-ip-app-os": 11,
          "FutureClickCount_4800-dev-os": 8,
          "FutureClickCount_4800-ip-dev-os": 23,
          "FutureClickCount_4800-app-dev-os": 25,
          "FutureClickCount_4800-ip-app-dev-os": 24,
          "FutureClickCount_4800-cha": 3,
          "FutureClickCount_4800-ip-cha": 1,
          "FutureClickCount_4800-app-cha": 23,
          "FutureClickCount_4800-ip-app-cha": 2,
          "FutureClickCount_4800-dev-cha": 1,
          "FutureClickCount_4800-ip-dev-cha": 0,
          "FutureClickCount_4800-app-dev-cha": 3,
          "FutureClickCount_4800-ip-app-dev-cha": 0,
          "FutureClickCount_4800-os-cha": 2,
          "FutureClickCount_4800-ip-os-cha": 1,
          "FutureClickCount_4800-app-os-cha": 3,
          "FutureClickCount_4800-ip-app-os-cha": 1,
          "FutureClickCount_4800-dev-os-cha": 3,
          "FutureClickCount_4800-ip-dev-os-cha": 0,
          "FutureClickCount_4800-app-dev-os-cha": 2,
          "FutureClickCount_4800-ip-app-dev-os-cha": 0,
          "NextClickTimeDelta-ip": 21,
          "NextClickTimeDelta-app": 0,
          "NextClickTimeDelta-ip-app": 26,
          "NextClickTimeDelta-dev": 0,
          "NextClickTimeDelta-ip-dev": 11,
          "NextClickTimeDelta-app-dev": 0,
          "NextClickTimeDelta-ip-app-dev": 8,
          "NextClickTimeDelta-os": 0,
          "NextClickTimeDelta-ip-os": 12,
          "NextClickTimeDelta-app-os": 0,
          "NextClickTimeDelta-ip-app-os": 109,
          "NextClickTimeDelta-dev-os": 0,
          "NextClickTimeDelta-ip-dev-os": 10,
          "NextClickTimeDelta-app-dev-os": 0,
          "NextClickTimeDelta-ip-app-dev-os": 184,
          "NextClickTimeDelta-cha": 3,
          "NextClickTimeDelta-ip-cha": 6,
          "NextClickTimeDelta-app-cha": 1,
          "NextClickTimeDelta-ip-app-cha": 9,
          "NextClickTimeDelta-dev-cha": 0,
          "NextClickTimeDelta-ip-dev-cha": 2,
          "NextClickTimeDelta-app-dev-cha": 1,
          "NextClickTimeDelta-ip-app-dev-cha": 3,
          "NextClickTimeDelta-os-cha": 1,
          "NextClickTimeDelta-ip-os-cha": 0,
          "NextClickTimeDelta-app-os-cha": 2,
          "NextClickTimeDelta-ip-app-os-cha": 21,
          "NextClickTimeDelta-dev-os-cha": 3,
          "NextClickTimeDelta-ip-dev-os-cha": 4,
          "NextClickTimeDelta-app-dev-os-cha": 0,
          "NextClickTimeDelta-ip-app-dev-os-cha": 32,
          "PrevClickTimeDelta-ip": 14,
          "PrevClickTimeDelta-app": 1,
          "PrevClickTimeDelta-ip-app": 1,
          "PrevClickTimeDelta-dev": 1,
          "PrevClickTimeDelta-ip-dev": 4,
          "PrevClickTimeDelta-app-dev": 0,
          "PrevClickTimeDelta-ip-app-dev": 3,
          "PrevClickTimeDelta-os": 1,
          "PrevClickTimeDelta-ip-os": 3,
          "PrevClickTimeDelta-app-os": 0,
          "PrevClickTimeDelta-ip-app-os": 11,
          "PrevClickTimeDelta-dev-os": 1,
          "PrevClickTimeDelta-ip-dev-os": 3,
          "PrevClickTimeDelta-app-dev-os": 0,
          "PrevClickTimeDelta-ip-app-dev-os": 11,
          "PrevClickTimeDelta-cha": 0,
          "PrevClickTimeDelta-ip-cha": 4,
          "PrevClickTimeDelta-app-cha": 1,
          "PrevClickTimeDelta-ip-app-cha": 0,
          "PrevClickTimeDelta-dev-cha": 1,
          "PrevClickTimeDelta-ip-dev-cha": 1,
          "PrevClickTimeDelta-app-dev-cha": 0,
          "PrevClickTimeDelta-ip-app-dev-cha": 0,
          "PrevClickTimeDelta-os-cha": 0,
          "PrevClickTimeDelta-ip-os-cha": 2,
          "PrevClickTimeDelta-app-os-cha": 0,
          "PrevClickTimeDelta-ip-app-os-cha": 1,
          "PrevClickTimeDelta-dev-os-cha": 1,
          "PrevClickTimeDelta-ip-dev-os-cha": 2,
          "PrevClickTimeDelta-app-dev-os-cha": 0,
          "PrevClickTimeDelta-ip-app-dev-os-cha": 2,
          "AverageAttributedRatio-ip": 4,
          "AverageAttributedRatio-app": 9,
          "AverageAttributedRatio-ip-app": 13,
          "AverageAttributedRatio-dev": 14,
          "AverageAttributedRatio-ip-dev": 3,
          "AverageAttributedRatio-app-dev": 9,
          "AverageAttributedRatio-ip-app-dev": 16,
          "AverageAttributedRatio-os": 9,
          "AverageAttributedRatio-ip-os": 4,
          "AverageAttributedRatio-app-os": 7,
          "AverageAttributedRatio-ip-app-os": 1,
          "AverageAttributedRatio-dev-os": 0,
          "AverageAttributedRatio-ip-dev-os": 2,
          "AverageAttributedRatio-app-dev-os": 22,
          "AverageAttributedRatio-ip-app-dev-os": 1,
          "AverageAttributedRatio-cha": 6,
          "AverageAttributedRatio-ip-cha": 2,
          "AverageAttributedRatio-app-cha": 7,
          "AverageAttributedRatio-ip-app-cha": 1,
          "AverageAttributedRatio-dev-cha": 4,
          "AverageAttributedRatio-ip-dev-cha": 1,
          "AverageAttributedRatio-app-dev-cha": 8,
          "AverageAttributedRatio-ip-app-dev-cha": 3,
          "AverageAttributedRatio-os-cha": 5,
          "AverageAttributedRatio-ip-os-cha": 0,
          "AverageAttributedRatio-app-os-cha": 33,
          "AverageAttributedRatio-ip-app-os-cha": 0,
          "AverageAttributedRatio-dev-os-cha": 3,
          "AverageAttributedRatio-ip-dev-os-cha": 0,
          "AverageAttributedRatio-app-dev-os-cha": 22,
          "AverageAttributedRatio-ip-app-dev-os-cha": 0,
          "KomakiLDA5-ip-app-0": 57,
          "KomakiLDA5-ip-app-1": 34,
          "KomakiLDA5-ip-app-2": 15,
          "KomakiLDA5-ip-app-3": 20,
          "KomakiLDA5-ip-app-4": 12,
          "KomakiLDA5-ip-os-0": 15,
          "KomakiLDA5-ip-os-1": 23,
          "KomakiLDA5-ip-os-2": 28,
          "KomakiLDA5-ip-os-3": 18,
          "KomakiLDA5-ip-os-4": 10,
          "KomakiLDA5-ip-device-0": 3,
          "KomakiLDA5-ip-device-1": 10,
          "KomakiLDA5-ip-device-2": 22,
          "KomakiLDA5-ip-device-3": 8,
          "KomakiLDA5-ip-device-4": 1,
          "KomakiLDA5-ip-channel-0": 20,
          "KomakiLDA5-ip-channel-1": 26,
          "KomakiLDA5-ip-channel-2": 39,
          "KomakiLDA5-ip-channel-3": 8,
          "KomakiLDA5-ip-channel-4": 22,
          "KomakiLDA5-app-ip-0": 23,
          "KomakiLDA5-app-ip-1": 3,
          "KomakiLDA5-app-ip-2": 12,
          "KomakiLDA5-app-ip-3": 7,
          "KomakiLDA5-app-ip-4": 16,
          "KomakiLDA5-app-os-0": 4,
          "KomakiLDA5-app-os-1": 18,
          "KomakiLDA5-app-os-2": 5,
          "KomakiLDA5-app-os-3": 7,
          "KomakiLDA5-app-os-4": 11,
          "KomakiLDA5-app-device-0": 4,
          "KomakiLDA5-app-device-1": 13,
          "KomakiLDA5-app-device-2": 8,
          "KomakiLDA5-app-device-3": 12,
          "KomakiLDA5-app-device-4": 4,
          "KomakiLDA5-app-channel-0": 8,
          "KomakiLDA5-app-channel-1": 2,
          "KomakiLDA5-app-channel-2": 6,
          "KomakiLDA5-app-channel-3": 11,
          "KomakiLDA5-app-channel-4": 7,
          "KomakiLDA5-os-ip-0": 6,
          "KomakiLDA5-os-ip-1": 0,
          "KomakiLDA5-os-ip-2": 1,
          "KomakiLDA5-os-ip-3": 0,
          "KomakiLDA5-os-ip-4": 4,
          "KomakiLDA5-os-app-0": 14,
          "KomakiLDA5-os-app-1": 1,
          "KomakiLDA5-os-app-2": 4,
          "KomakiLDA5-os-app-3": 4,
          "KomakiLDA5-os-app-4": 0,
          "KomakiLDA5-os-device-0": 6,
          "KomakiLDA5-os-device-1": 6,
          "KomakiLDA5-os-device-2": 0,
          "KomakiLDA5-os-device-3": 0,
          "KomakiLDA5-os-device-4": 1,
          "KomakiLDA5-os-channel-0": 12,
          "KomakiLDA5-os-channel-1": 2,
          "KomakiLDA5-os-channel-2": 13,
          "KomakiLDA5-os-channel-3": 13,
          "KomakiLDA5-os-channel-4": 2,
          "KomakiLDA5-device-ip-0": 1,
          "KomakiLDA5-device-ip-1": 3,
          "KomakiLDA5-device-ip-2": 0,
          "KomakiLDA5-device-ip-3": 10,
          "KomakiLDA5-device-ip-4": 2,
          "KomakiLDA5-device-app-0": 6,
          "KomakiLDA5-device-app-1": 9,
          "KomakiLDA5-device-app-2": 0,
          "KomakiLDA5-device-app-3": 2,
          "KomakiLDA5-device-app-4": 0,
          "KomakiLDA5-device-os-0": 1,
          "KomakiLDA5-device-os-1": 0,
          "KomakiLDA5-device-os-2": 1,
          "KomakiLDA5-device-os-3": 2,
          "KomakiLDA5-device-os-4": 1,
          "KomakiLDA5-device-channel-0": 7,
          "KomakiLDA5-device-channel-1": 0,
          "KomakiLDA5-device-channel-2": 1,
          "KomakiLDA5-device-channel-3": 0,
          "KomakiLDA5-device-channel-4": 0,
          "KomakiLDA5-channel-ip-0": 0,
          "KomakiLDA5-channel-ip-1": 0,
          "KomakiLDA5-channel-ip-2": 3,
          "KomakiLDA5-channel-ip-3": 2,
          "KomakiLDA5-channel-ip-4": 5,
          "KomakiLDA5-channel-app-0": 3,
          "KomakiLDA5-channel-app-1": 1,
          "KomakiLDA5-channel-app-2": 0,
          "KomakiLDA5-channel-app-3": 2,
          "KomakiLDA5-channel-app-4": 3,
          "KomakiLDA5-channel-os-0": 2,
          "KomakiLDA5-channel-os-1": 11,
          "KomakiLDA5-channel-os-2": 5,
          "KomakiLDA5-channel-os-3": 3,
          "KomakiLDA5-channel-os-4": 1,
          "KomakiLDA5-channel-device-0": 0,
          "KomakiLDA5-channel-device-1": 2,
          "KomakiLDA5-channel-device-2": 5,
          "KomakiLDA5-channel-device-3": 1,
          "KomakiLDA5-channel-device-4": 6
        }
      },
      {
        "train_auc": 0.9878291720392823,
        "valid_auc": 0.9859568659062776,
        "best_iteration": 139,
        "train_time": 376.0817322731018,
        "prediction_time": {
          "test": 263.80981731414795
        },
        "feature_importance": {
          "ip": 1076,
          "os": 162,
          "app": 266,
          "channel": 294,
          "hour": 188,
          "n_channels": 66,
          "ip_app_count": 50,
          "ip_app_os_count": 52,
          "FutureClickCount_600-ip": 9,
          "FutureClickCount_600-app": 8,
          "FutureClickCount_600-ip-app": 4,
          "FutureClickCount_600-dev": 1,
          "FutureClickCount_600-ip-dev": 7,
          "FutureClickCount_600-app-dev": 5,
          "FutureClickCount_600-ip-app-dev": 0,
          "FutureClickCount_600-os": 8,
          "FutureClickCount_600-ip-os": 2,
          "FutureClickCount_600-app-os": 5,
          "FutureClickCount_600-ip-app-os": 13,
          "FutureClickCount_600-dev-os": 24,
          "FutureClickCount_600-ip-dev-os": 5,
          "FutureClickCount_600-app-dev-os": 26,
          "FutureClickCount_600-ip-app-dev-os": 27,
          "FutureClickCount_600-cha": 4,
          "FutureClickCount_600-ip-cha": 2,
          "FutureClickCount_600-app-cha": 22,
          "FutureClickCount_600-ip-app-cha": 1,
          "FutureClickCount_600-dev-cha": 1,
          "FutureClickCount_600-ip-dev-cha": 0,
          "FutureClickCount_600-app-dev-cha": 2,
          "FutureClickCount_600-ip-app-dev-cha": 0,
          "FutureClickCount_600-os-cha": 0,
          "FutureClickCount_600-ip-os-cha": 2,
          "FutureClickCount_600-app-os-cha": 4,
          "FutureClickCount_600-ip-app-os-cha": 2,
          "FutureClickCount_600-dev-os-cha": 2,
          "FutureClickCount_600-ip-dev-os-cha": 1,
          "FutureClickCount_600-app-dev-os-cha": 5,
          "FutureClickCount_600-ip-app-dev-os-cha": 6,
          "FutureClickCount_4800-ip": 63,
          "FutureClickCount_4800-app": 1,
          "FutureClickCount_4800-ip-app": 5,
          "FutureClickCount_4800-dev": 0,
          "FutureClickCount_4800-ip-dev": 44,
          "FutureClickCount_4800-app-dev": 0,
          "FutureClickCount_4800-ip-app-dev": 3,
          "FutureClickCount_4800-os": 1,
          "FutureClickCount_4800-ip-os": 10,
          "FutureClickCount_4800-app-os": 9,
          "FutureClickCount_4800-ip-app-os": 14,
          "FutureClickCount_4800-dev-os": 8,
          "FutureClickCount_4800-ip-dev-os": 27,
          "FutureClickCount_4800-app-dev-os": 26,
          "FutureClickCount_4800-ip-app-dev-os": 29,
          "FutureClickCount_4800-cha": 1,
          "FutureClickCount_4800-ip-cha": 2,
          "FutureClickCount_4800-app-cha": 20,
          "FutureClickCount_4800-ip-app-cha": 2,
          "FutureClickCount_4800-dev-cha": 2,
          "FutureClickCount_4800-ip-dev-cha": 0,
          "FutureClickCount_4800-app-dev-cha": 6,
          "FutureClickCount_4800-ip-app-dev-cha": 1,
          "FutureClickCount_4800-os-cha": 2,
          "FutureClickCount_4800-ip-os-cha": 1,
          "FutureClickCount_4800-app-os-cha": 4,
          "FutureClickCount_4800-ip-app-os-cha": 0,
          "FutureClickCount_4800-dev-os-cha": 4,
          "FutureClickCount_4800-ip-dev-os-cha": 0,
          "FutureClickCount_4800-app-dev-os-cha": 3,
          "FutureClickCount_4800-ip-app-dev-os-cha": 6,
          "NextClickTimeDelta-ip": 28,
          "NextClickTimeDelta-app": 0,
          "NextClickTimeDelta-ip-app": 16,
          "NextClickTimeDelta-dev": 1,
          "NextClickTimeDelta-ip-dev": 14,
          "NextClickTimeDelta-app-dev": 0,
          "NextClickTimeDelta-ip-app-dev": 5,
          "NextClickTimeDelta-os": 0,
          "NextClickTimeDelta-ip-os": 17,
          "NextClickTimeDelta-app-os": 0,
          "NextClickTimeDelta-ip-app-os": 115,
          "NextClickTimeDelta-dev-os": 3,
          "NextClickTimeDelta-ip-dev-os": 13,
          "NextClickTimeDelta-app-dev-os": 1,
          "NextClickTimeDelta-ip-app-dev-os": 188,
          "NextClickTimeDelta-cha": 3,
          "NextClickTimeDelta-ip-cha": 11,
          "NextClickTimeDelta-app-cha": 3,
          "NextClickTimeDelta-ip-app-cha": 7,
          "NextClickTimeDelta-dev-cha": 0,
          "NextClickTimeDelta-ip-dev-cha": 6,
          "NextClickTimeDelta-app-dev-cha": 1,
          "NextClickTimeDelta-ip-app-dev-cha": 3,
          "NextClickTimeDelta-os-cha": 1,
          "NextClickTimeDelta-ip-os-cha": 4,
          "NextClickTimeDelta-app-os-cha": 0,
          "NextClickTimeDelta-ip-app-os-cha": 14,
          "NextClickTimeDelta-dev-os-cha": 0,
          "NextClickTimeDelta-ip-dev-os-cha": 3,
          "NextClickTimeDelta-app-dev-os-cha": 2,
          "NextClickTimeDelta-ip-app-dev-os-cha": 34,
          "PrevClickTimeDelta-ip": 15,
          "PrevClickTimeDelta-app": 1,
          "PrevClickTimeDelta-ip-app": 0,
          "PrevClickTimeDelta-dev": 2,
          "PrevClickTimeDelta-ip-dev": 10,
          "PrevClickTimeDelta-app-dev": 1,
          "PrevClickTimeDelta-ip-app-dev": 1,
          "PrevClickTimeDelta-os": 3,
          "PrevClickTimeDelta-ip-os": 3,
          "PrevClickTimeDelta-app-os": 1,
          "PrevClickTimeDelta-ip-app-os": 11,
          "PrevClickTimeDelta-dev-os": 1,
          "PrevClickTimeDelta-ip-dev-os": 7,
          "PrevClickTimeDelta-app-dev-os": 1,
          "PrevClickTimeDelta-ip-app-dev-os": 15,
          "PrevClickTimeDelta-cha": 1,
          "PrevClickTimeDelta-ip-cha": 2,
          "PrevClickTimeDelta-app-cha": 1,
          "PrevClickTimeDelta-ip-app-cha": 2,
          "PrevClickTimeDelta-dev-cha": 0,
          "PrevClickTimeDelta-ip-dev-cha": 5,
          "PrevClickTimeDelta-app-dev-cha": 1,
          "PrevClickTimeDelta-ip-app-dev-cha": 4,
          "PrevClickTimeDelta-os-cha": 0,
          "PrevClickTimeDelta-ip-os-cha": 1,
          "PrevClickTimeDelta-app-os-cha": 3,
          "PrevClickTimeDelta-ip-app-os-cha": 1,
          "PrevClickTimeDelta-dev-os-cha": 1,
          "PrevClickTimeDelta-ip-dev-os-cha": 1,
          "PrevClickTimeDelta-app-dev-os-cha": 1,
          "PrevClickTimeDelta-ip-app-dev-os-cha": 1,
          "AverageAttributedRatio-ip": 3,
          "AverageAttributedRatio-app": 7,
          "AverageAttributedRatio-ip-app": 11,
          "AverageAttributedRatio-dev": 14,
          "AverageAttributedRatio-ip-dev": 5,
          "AverageAttributedRatio-app-dev": 15,
          "AverageAttributedRatio-ip-app-dev": 22,
          "AverageAttributedRatio-os": 1,
          "AverageAttributedRatio-ip-os": 4,
          "AverageAttributedRatio-app-os": 12,
          "AverageAttributedRatio-ip-app-os": 1,
          "AverageAttributedRatio-dev-os": 2,
          "AverageAttributedRatio-ip-dev-os": 6,
          "AverageAttributedRatio-app-dev-os": 29,
          "AverageAttributedRatio-ip-app-dev-os": 1,
          "AverageAttributedRatio-cha": 4,
          "AverageAttributedRatio-ip-cha": 3,
          "AverageAttributedRatio-app-cha": 13,
          "AverageAttributedRatio-ip-app-cha": 4,
          "AverageAttributedRatio-dev-cha": 2,
          "AverageAttributedRatio-ip-dev-cha": 1,
          "AverageAttributedRatio-app-dev-cha": 8,
          "AverageAttributedRatio-ip-app-dev-cha": 5,
          "AverageAttributedRatio-os-cha": 4,
          "AverageAttributedRatio-ip-os-cha": 0,
          "AverageAttributedRatio-app-os-cha": 26,
          "AverageAttributedRatio-ip-app-os-cha": 0,
          "AverageAttributedRatio-dev-os-cha": 11,
          "AverageAttributedRatio-ip-dev-os-cha": 0,
          "AverageAttributedRatio-app-dev-os-cha": 24,
          "AverageAttributedRatio-ip-app-dev-os-cha": 1,
          "KomakiLDA5-ip-app-0": 69,
          "KomakiLDA5-ip-app-1": 39,
          "KomakiLDA5-ip-app-2": 17,
          "KomakiLDA5-ip-app-3": 14,
          "KomakiLDA5-ip-app-4": 13,
          "KomakiLDA5-ip-os-0": 18,
          "KomakiLDA5-ip-os-1": 25,
          "KomakiLDA5-ip-os-2": 32,
          "KomakiLDA5-ip-os-3": 23,
          "KomakiLDA5-ip-os-4": 8,
          "KomakiLDA5-ip-device-0": 8,
          "KomakiLDA5-ip-device-1": 11,
          "KomakiLDA5-ip-device-2": 20,
          "KomakiLDA5-ip-device-3": 8,
          "KomakiLDA5-ip-device-4": 3,
          "KomakiLDA5-ip-channel-0": 25,
          "KomakiLDA5-ip-channel-1": 22,
          "KomakiLDA5-ip-channel-2": 32,
          "KomakiLDA5-ip-channel-3": 13,
          "KomakiLDA5-ip-channel-4": 22,
          "KomakiLDA5-app-ip-0": 20,
          "KomakiLDA5-app-ip-1": 10,
          "KomakiLDA5-app-ip-2": 15,
          "KomakiLDA5-app-ip-3": 7,
          "KomakiLDA5-app-ip-4": 12,
          "KomakiLDA5-app-os-0": 4,
          "KomakiLDA5-app-os-1": 31,
          "KomakiLDA5-app-os-2": 6,
          "KomakiLDA5-app-os-3": 5,
          "KomakiLDA5-app-os-4": 13,
          "KomakiLDA5-app-device-0": 10,
          "KomakiLDA5-app-device-1": 9,
          "KomakiLDA5-app-device-2": 9,
          "KomakiLDA5-app-device-3": 14,
          "KomakiLDA5-app-device-4": 4,
          "KomakiLDA5-app-channel-0": 5,
          "KomakiLDA5-app-channel-1": 5,
          "KomakiLDA5-app-channel-2": 5,
          "KomakiLDA5-app-channel-3": 8,
          "KomakiLDA5-app-channel-4": 7,
          "KomakiLDA5-os-ip-0": 13,
          "KomakiLDA5-os-ip-1": 3,
          "KomakiLDA5-os-ip-2": 2,
          "KomakiLDA5-os-ip-3": 1,
          "KomakiLDA5-os-ip-4": 5,
          "KomakiLDA5-os-app-0": 13,
          "KomakiLDA5-os-app-1": 3,
          "KomakiLDA5-os-app-2": 6,
          "KomakiLDA5-os-app-3": 2,
          "KomakiLDA5-os-app-4": 1,
          "KomakiLDA5-os-device-0": 4,
          "KomakiLDA5-os-device-1": 5,
          "KomakiLDA5-os-device-2": 0,
          "KomakiLDA5-os-device-3": 0,
          "KomakiLDA5-os-device-4": 0,
          "KomakiLDA5-os-channel-0": 8,
          "KomakiLDA5-os-channel-1": 1,
          "KomakiLDA5-os-channel-2": 10,
          "KomakiLDA5-os-channel-3": 16,
          "KomakiLDA5-os-channel-4": 2,
          "KomakiLDA5-device-ip-0": 1,
          "KomakiLDA5-device-ip-1": 6,
          "KomakiLDA5-device-ip-2": 0,
          "KomakiLDA5-device-ip-3": 14,
          "KomakiLDA5-device-ip-4": 0,
          "KomakiLDA5-device-app-0": 7,
          "KomakiLDA5-device-app-1": 6,
          "KomakiLDA5-device-app-2": 0,
          "KomakiLDA5-device-app-3": 2,
          "KomakiLDA5-device-app-4": 0,
          "KomakiLDA5-device-os-0": 0,
          "KomakiLDA5-device-os-1": 0,
          "KomakiLDA5-device-os-2": 0,
          "KomakiLDA5-device-os-3": 9,
          "KomakiLDA5-device-os-4": 0,
          "KomakiLDA5-device-channel-0": 9,
          "KomakiLDA5-device-channel-1": 0,
          "KomakiLDA5-device-channel-2": 0,
          "KomakiLDA5-device-channel-3": 0,
          "KomakiLDA5-device-channel-4": 0,
          "KomakiLDA5-channel-ip-0": 1,
          "KomakiLDA5-channel-ip-1": 1,
          "KomakiLDA5-channel-ip-2": 1,
          "KomakiLDA5-channel-ip-3": 2,
          "KomakiLDA5-channel-ip-4": 1,
          "KomakiLDA5-channel-app-0": 5,
          "KomakiLDA5-channel-app-1": 1,
          "KomakiLDA5-channel-app-2": 1,
          "KomakiLDA5-channel-app-3": 4,
          "KomakiLDA5-channel-app-4": 4,
          "KomakiLDA5-channel-os-0": 1,
          "KomakiLDA5-channel-os-1": 15,
          "KomakiLDA5-channel-os-2": 6,
          "KomakiLDA5-channel-os-3": 4,
          "KomakiLDA5-channel-os-4": 4,
          "KomakiLDA5-channel-device-0": 1,
          "KomakiLDA5-channel-device-1": 0,
          "KomakiLDA5-channel-device-2": 6,
          "KomakiLDA5-channel-device-3": 1,
          "KomakiLDA5-channel-device-4": 5
        }
      },
      {
        "train_auc": 0.9875405274083991,
        "valid_auc": 0.985935088039272,
        "best_iteration": 123,
        "train_time": 350.3344056606293,
        "prediction_time": {
          "test": 249.1155149936676
        },
        "feature_importance": {
          "ip": 870,
          "os": 111,
          "app": 283,
          "channel": 246,
          "hour": 171,
          "n_channels": 48,
          "ip_app_count": 46,
          "ip_app_os_count": 42,
          "FutureClickCount_600-ip": 11,
          "FutureClickCount_600-app": 5,
          "FutureClickCount_600-ip-app": 1,
          "FutureClickCount_600-dev": 0,
          "FutureClickCount_600-ip-dev": 8,
          "FutureClickCount_600-app-dev": 5,
          "FutureClickCount_600-ip-app-dev": 2,
          "FutureClickCount_600-os": 8,
          "FutureClickCount_600-ip-os": 3,
          "FutureClickCount_600-app-os": 6,
          "FutureClickCount_600-ip-app-os": 17,
          "FutureClickCount_600-dev-os": 28,
          "FutureClickCount_600-ip-dev-os": 1,
          "FutureClickCount_600-app-dev-os": 21,
          "FutureClickCount_600-ip-app-dev-os": 28,
          "FutureClickCount_600-cha": 1,
          "FutureClickCount_600-ip-cha": 1,
          "FutureClickCount_600-app-cha": 22,
          "FutureClickCount_600-ip-app-cha": 1,
          "FutureClickCount_600-dev-cha": 1,
          "FutureClickCount_600-ip-dev-cha": 0,
          "FutureClickCount_600-app-dev-cha": 5,
          "FutureClickCount_600-ip-app-dev-cha": 2,
          "FutureClickCount_600-os-cha": 0,
          "FutureClickCount_600-ip-os-cha": 0,
          "FutureClickCount_600-app-os-cha": 4,
          "FutureClickCount_600-ip-app-os-cha": 1,
          "FutureClickCount_600-dev-os-cha": 1,
          "FutureClickCount_600-ip-dev-os-cha": 1,
          "FutureClickCount_600-app-dev-os-cha": 3,
          "FutureClickCount_600-ip-app-dev-os-cha": 7,
          "FutureClickCount_4800-ip": 57,
          "FutureClickCount_4800-app": 2,
          "FutureClickCount_4800-ip-app": 1,
          "FutureClickCount_4800-dev": 0,
          "FutureClickCount_4800-ip-dev": 43,
          "FutureClickCount_4800-app-dev": 1,
          "FutureClickCount_4800-ip-app-dev": 6,
          "FutureClickCount_4800-os": 0,
          "FutureClickCount_4800-ip-os": 7,
          "FutureClickCount_4800-app-os": 8,
          "FutureClickCount_4800-ip-app-os": 11,
          "FutureClickCount_4800-dev-os": 13,
          "FutureClickCount_4800-ip-dev-os": 26,
          "FutureClickCount_4800-app-dev-os": 26,
          "FutureClickCount_4800-ip-app-dev-os": 28,
          "FutureClickCount_4800-cha": 3,
          "FutureClickCount_4800-ip-cha": 0,
          "FutureClickCount_4800-app-cha": 25,
          "FutureClickCount_4800-ip-app-cha": 1,
          "FutureClickCount_4800-dev-cha": 2,
          "FutureClickCount_4800-ip-dev-cha": 0,
          "FutureClickCount_4800-app-dev-cha": 2,
          "FutureClickCount_4800-ip-app-dev-cha": 1,
          "FutureClickCount_4800-os-cha": 2,
          "FutureClickCount_4800-ip-os-cha": 0,
          "FutureClickCount_4800-app-os-cha": 4,
          "FutureClickCount_4800-ip-app-os-cha": 0,
          "FutureClickCount_4800-dev-os-cha": 5,
          "FutureClickCount_4800-ip-dev-os-cha": 0,
          "FutureClickCount_4800-app-dev-os-cha": 2,
          "FutureClickCount_4800-ip-app-dev-os-cha": 2,
          "NextClickTimeDelta-ip": 29,
          "NextClickTimeDelta-app": 2,
          "NextClickTimeDelta-ip-app": 22,
          "NextClickTimeDelta-dev": 0,
          "NextClickTimeDelta-ip-dev": 15,
          "NextClickTimeDelta-app-dev": 0,
          "NextClickTimeDelta-ip-app-dev": 9,
          "NextClickTimeDelta-os": 1,
          "NextClickTimeDelta-ip-os": 11,
          "NextClickTimeDelta-app-os": 0,
          "NextClickTimeDelta-ip-app-os": 105,
          "NextClickTimeDelta-dev-os": 2,
          "NextClickTimeDelta-ip-dev-os": 9,
          "NextClickTimeDelta-app-dev-os": 1,
          "NextClickTimeDelta-ip-app-dev-os": 185,
          "NextClickTimeDelta-cha": 1,
          "NextClickTimeDelta-ip-cha": 7,
          "NextClickTimeDelta-app-cha": 2,
          "NextClickTimeDelta-ip-app-cha": 7,
          "NextClickTimeDelta-dev-cha": 1,
          "NextClickTimeDelta-ip-dev-cha": 2,
          "NextClickTimeDelta-app-dev-cha": 3,
          "NextClickTimeDelta-ip-app-dev-cha": 8,
          "NextClickTimeDelta-os-cha": 0,
          "NextClickTimeDelta-ip-os-cha": 1,
          "NextClickTimeDelta-app-os-cha": 2,
          "NextClickTimeDelta-ip-app-os-cha": 14,
          "NextClickTimeDelta-dev-os-cha": 0,
          "NextClickTimeDelta-ip-dev-os-cha": 1,
          "NextClickTimeDelta-app-dev-os-cha": 1,
          "NextClickTimeDelta-ip-app-dev-os-cha": 33,
          "PrevClickTimeDelta-ip": 14,
          "PrevClickTimeDelta-app": 0,
          "PrevClickTimeDelta-ip-app": 2,
          "PrevClickTimeDelta-dev": 0,
          "PrevClickTimeDelta-ip-dev": 6,
          "PrevClickTimeDelta-app-dev": 0,
          "PrevClickTimeDelta-ip-app-dev": 3,
          "PrevClickTimeDelta-os": 1,
          "PrevClickTimeDelta-ip-os": 6,
          "PrevClickTimeDelta-app-os": 1,
          "PrevClickTimeDelta-ip-app-os": 7,
          "PrevClickTimeDelta-dev-os": 0,
          "PrevClickTimeDelta-ip-dev-os": 2,
          "PrevClickTimeDelta-app-dev-os": 2,
          "PrevClickTimeDelta-ip-app-dev-os": 15,
          "PrevClickTimeDelta-cha": 0,
          "PrevClickTimeDelta-ip-cha": 4,
          "PrevClickTimeDelta-app-cha": 0,
          "PrevClickTimeDelta-ip-app-cha": 1,
          "PrevClickTimeDelta-dev-cha": 1,
          "PrevClickTimeDelta-ip-dev-cha": 1,
          "PrevClickTimeDelta-app-dev-cha": 0,
          "PrevClickTimeDelta-ip-app-dev-cha": 1,
          "PrevClickTimeDelta-os-cha": 2,
          "PrevClickTimeDelta-ip-os-cha": 0,
          "PrevClickTimeDelta-app-os-cha": 0,
          "PrevClickTimeDelta-ip-app-os-cha": 4,
          "PrevClickTimeDelta-dev-os-cha": 1,
          "PrevClickTimeDelta-ip-dev-os-cha": 1,
          "PrevClickTimeDelta-app-dev-os-cha": 1,
          "PrevClickTimeDelta-ip-app-dev-os-cha": 3,
          "AverageAttributedRatio-ip": 6,
          "AverageAttributedRatio-app": 6,
          "AverageAttributedRatio-ip-app": 10,
          "AverageAttributedRatio-dev": 13,
          "AverageAttributedRatio-ip-dev": 4,
          "AverageAttributedRatio-app-dev": 8,
          "AverageAttributedRatio-ip-app-dev": 20,
          "AverageAttributedRatio-os": 4,
          "AverageAttributedRatio-ip-os": 1,
          "AverageAttributedRatio-app-os": 10,
          "AverageAttributedRatio-ip-app-os": 3,
          "AverageAttributedRatio-dev-os": 2,
          "AverageAttributedRatio-ip-dev-os": 5,
          "AverageAttributedRatio-app-dev-os": 23,
          "AverageAttributedRatio-ip-app-dev-os": 4,
          "AverageAttributedRatio-cha": 9,
          "AverageAttributedRatio-ip-cha": 2,
          "AverageAttributedRatio-app-cha": 16,
          "AverageAttributedRatio-ip-app-cha": 6,
          "AverageAttributedRatio-dev-cha": 3,
          "AverageAttributedRatio-ip-dev-cha": 0,
          "AverageAttributedRatio-app-dev-cha": 4,
          "AverageAttributedRatio-ip-app-dev-cha": 3,
          "AverageAttributedRatio-os-cha": 6,
          "AverageAttributedRatio-ip-os-cha": 0,
          "AverageAttributedRatio-app-os-cha": 33,
          "AverageAttributedRatio-ip-app-os-cha": 1,
          "AverageAttributedRatio-dev-os-cha": 4,
          "AverageAttributedRatio-ip-dev-os-cha": 0,
          "AverageAttributedRatio-app-dev-os-cha": 19,
          "AverageAttributedRatio-ip-app-dev-os-cha": 0,
          "KomakiLDA5-ip-app-0": 62,
          "KomakiLDA5-ip-app-1": 24,
          "KomakiLDA5-ip-app-2": 21,
          "KomakiLDA5-ip-app-3": 10,
          "KomakiLDA5-ip-app-4": 11,
          "KomakiLDA5-ip-os-0": 11,
          "KomakiLDA5-ip-os-1": 29,
          "KomakiLDA5-ip-os-2": 32,
          "KomakiLDA5-ip-os-3": 16,
          "KomakiLDA5-ip-os-4": 6,
          "KomakiLDA5-ip-device-0": 2,
          "KomakiLDA5-ip-device-1": 12,
          "KomakiLDA5-ip-device-2": 23,
          "KomakiLDA5-ip-device-3": 5,
          "KomakiLDA5-ip-device-4": 2,
          "KomakiLDA5-ip-channel-0": 29,
          "KomakiLDA5-ip-channel-1": 21,
          "KomakiLDA5-ip-channel-2": 27,
          "KomakiLDA5-ip-channel-3": 10,
          "KomakiLDA5-ip-channel-4": 17,
          "KomakiLDA5-app-ip-0": 21,
          "KomakiLDA5-app-ip-1": 4,
          "KomakiLDA5-app-ip-2": 9,
          "KomakiLDA5-app-ip-3": 7,
          "KomakiLDA5-app-ip-4": 12,
          "KomakiLDA5-app-os-0": 5,
          "KomakiLDA5-app-os-1": 15,
          "KomakiLDA5-app-os-2": 8,
          "KomakiLDA5-app-os-3": 9,
          "KomakiLDA5-app-os-4": 13,
          "KomakiLDA5-app-device-0": 0,
          "KomakiLDA5-app-device-1": 11,
          "KomakiLDA5-app-device-2": 8,
          "KomakiLDA5-app-device-3": 17,
          "KomakiLDA5-app-device-4": 4,
          "KomakiLDA5-app-channel-0": 5,
          "KomakiLDA5-app-channel-1": 1,
          "KomakiLDA5-app-channel-2": 5,
          "KomakiLDA5-app-channel-3": 11,
          "KomakiLDA5-app-channel-4": 6,
          "KomakiLDA5-os-ip-0": 7,
          "KomakiLDA5-os-ip-1": 1,
          "KomakiLDA5-os-ip-2": 1,
          "KomakiLDA5-os-ip-3": 0,
          "KomakiLDA5-os-ip-4": 5,
          "KomakiLDA5-os-app-0": 15,
          "KomakiLDA5-os-app-1": 1,
          "KomakiLDA5-os-app-2": 6,
          "KomakiLDA5-os-app-3": 1,
          "KomakiLDA5-os-app-4": 0,
          "KomakiLDA5-os-device-0": 10,
          "KomakiLDA5-os-device-1": 3,
          "KomakiLDA5-os-device-2": 1,
          "KomakiLDA5-os-device-3": 3,
          "KomakiLDA5-os-device-4": 0,
          "KomakiLDA5-os-channel-0": 7,
          "KomakiLDA5-os-channel-1": 0,
          "KomakiLDA5-os-channel-2": 9,
          "KomakiLDA5-os-channel-3": 15,
          "KomakiLDA5-os-channel-4": 1,
          "KomakiLDA5-device-ip-0": 2,
          "KomakiLDA5-device-ip-1": 1,
          "KomakiLDA5-device-ip-2": 1,
          "KomakiLDA5-device-ip-3": 21,
          "KomakiLDA5-device-ip-4": 1,
          "KomakiLDA5-device-app-0": 6,
          "KomakiLDA5-device-app-1": 7,
          "KomakiLDA5-device-app-2": 1,
          "KomakiLDA5-device-app-3": 2,
          "KomakiLDA5-device-app-4": 1,
          "KomakiLDA5-device-os-0": 0,
          "KomakiLDA5-device-os-1": 0,
          "KomakiLDA5-device-os-2": 1,
          "KomakiLDA5-device-os-3": 4,
          "KomakiLDA5-device-os-4": 0,
          "KomakiLDA5-device-channel-0": 9,
          "KomakiLDA5-device-channel-1": 0,
          "KomakiLDA5-device-channel-2": 0,
          "KomakiLDA5-device-channel-3": 0,
          "KomakiLDA5-device-channel-4": 0,
          "KomakiLDA5-channel-ip-0": 1,
          "KomakiLDA5-channel-ip-1": 3,
          "KomakiLDA5-channel-ip-2": 3,
          "KomakiLDA5-channel-ip-3": 2,
          "KomakiLDA5-channel-ip-4": 4,
          "KomakiLDA5-channel-app-0": 5,
          "KomakiLDA5-channel-app-1": 1,
          "KomakiLDA5-channel-app-2": 1,
          "KomakiLDA5-channel-app-3": 2,
          "KomakiLDA5-channel-app-4": 2,
          "KomakiLDA5-channel-os-0": 1,
          "KomakiLDA5-channel-os-1": 12,
          "KomakiLDA5-channel-os-2": 2,
          "KomakiLDA5-channel-os-3": 6,
          "KomakiLDA5-channel-os-4": 1,
          "KomakiLDA5-channel-device-0": 4,
          "KomakiLDA5-channel-device-1": 0,
          "KomakiLDA5-channel-device-2": 6,
          "KomakiLDA5-channel-device-3": 1,
          "KomakiLDA5-channel-device-4": 5
        }
      },
      {
        "train_auc": 0.9878056714409621,
        "valid_auc": 0.9855653646150966,
        "best_iteration": 140,
        "train_time": 367.62947058677673,
        "prediction_time": {
          "test": 266.13477635383606
        },
        "feature_importance": {
          "ip": 1093,
          "os": 140,
          "app": 273,
          "channel": 300,
          "hour": 204,
          "n_channels": 52,
          "ip_app_count": 43,
          "ip_app_os_count": 52,
          "FutureClickCount_600-ip": 15,
          "FutureClickCount_600-app": 2,
          "FutureClickCount_600-ip-app": 0,
          "FutureClickCount_600-dev": 0,
          "FutureClickCount_600-ip-dev": 11,
          "FutureClickCount_600-app-dev": 2,
          "FutureClickCount_600-ip-app-dev": 1,
          "FutureClickCount_600-os": 8,
          "FutureClickCount_600-ip-os": 1,
          "FutureClickCount_600-app-os": 9,
          "FutureClickCount_600-ip-app-os": 19,
          "FutureClickCount_600-dev-os": 24,
          "FutureClickCount_600-ip-dev-os": 1,
          "FutureClickCount_600-app-dev-os": 29,
          "FutureClickCount_600-ip-app-dev-os": 32,
          "FutureClickCount_600-cha": 6,
          "FutureClickCount_600-ip-cha": 1,
          "FutureClickCount_600-app-cha": 14,
          "FutureClickCount_600-ip-app-cha": 0,
          "FutureClickCount_600-dev-cha": 2,
          "FutureClickCount_600-ip-dev-cha": 0,
          "FutureClickCount_600-app-dev-cha": 5,
          "FutureClickCount_600-ip-app-dev-cha": 0,
          "FutureClickCount_600-os-cha": 2,
          "FutureClickCount_600-ip-os-cha": 0,
          "FutureClickCount_600-app-os-cha": 4,
          "FutureClickCount_600-ip-app-os-cha": 0,
          "FutureClickCount_600-dev-os-cha": 4,
          "FutureClickCount_600-ip-dev-os-cha": 0,
          "FutureClickCount_600-app-dev-os-cha": 0,
          "FutureClickCount_600-ip-app-dev-os-cha": 10,
          "FutureClickCount_4800-ip": 65,
          "FutureClickCount_4800-app": 6,
          "FutureClickCount_4800-ip-app": 2,
          "FutureClickCount_4800-dev": 1,
          "FutureClickCount_4800-ip-dev": 43,
          "FutureClickCount_4800-app-dev": 3,
          "FutureClickCount_4800-ip-app-dev": 3,
          "FutureClickCount_4800-os": 3,
          "FutureClickCount_4800-ip-os": 9,
          "FutureClickCount_4800-app-os": 7,
          "FutureClickCount_4800-ip-app-os": 10,
          "FutureClickCount_4800-dev-os": 5,
          "FutureClickCount_4800-ip-dev-os": 23,
          "FutureClickCount_4800-app-dev-os": 20,
          "FutureClickCount_4800-ip-app-dev-os": 28,
          "FutureClickCount_4800-cha": 1,
          "FutureClickCount_4800-ip-cha": 2,
          "FutureClickCount_4800-app-cha": 24,
          "FutureClickCount_4800-ip-app-cha": 2,
          "FutureClickCount_4800-dev-cha": 2,
          "FutureClickCount_4800-ip-dev-cha": 0,
          "FutureClickCount_4800-app-dev-cha": 1,
          "FutureClickCount_4800-ip-app-dev-cha": 2,
          "FutureClickCount_4800-os-cha": 2,
          "FutureClickCount_4800-ip-os-cha": 0,
          "FutureClickCount_4800-app-os-cha": 6,
          "FutureClickCount_4800-ip-app-os-cha": 0,
          "FutureClickCount_4800-dev-os-cha": 1,
          "FutureClickCount_4800-ip-dev-os-cha": 1,
          "FutureClickCount_4800-app-dev-os-cha": 10,
          "FutureClickCount_4800-ip-app-dev-os-cha": 2,
          "NextClickTimeDelta-ip": 17,
          "NextClickTimeDelta-app": 0,
          "NextClickTimeDelta-ip-app": 23,
          "NextClickTimeDelta-dev": 1,
          "NextClickTimeDelta-ip-dev": 13,
          "NextClickTimeDelta-app-dev": 0,
          "NextClickTimeDelta-ip-app-dev": 14,
          "NextClickTimeDelta-os": 0,
          "NextClickTimeDelta-ip-os": 13,
          "NextClickTimeDelta-app-os": 1,
          "NextClickTimeDelta-ip-app-os": 111,
          "NextClickTimeDelta-dev-os": 3,
          "NextClickTimeDelta-ip-dev-os": 17,
          "NextClickTimeDelta-app-dev-os": 3,
          "NextClickTimeDelta-ip-app-dev-os": 200,
          "NextClickTimeDelta-cha": 3,
          "NextClickTimeDelta-ip-cha": 6,
          "NextClickTimeDelta-app-cha": 3,
          "NextClickTimeDelta-ip-app-cha": 9,
          "NextClickTimeDelta-dev-cha": 1,
          "NextClickTimeDelta-ip-dev-cha": 2,
          "NextClickTimeDelta-app-dev-cha": 1,
          "NextClickTimeDelta-ip-app-dev-cha": 5,
          "NextClickTimeDelta-os-cha": 2,
          "NextClickTimeDelta-ip-os-cha": 5,
          "NextClickTimeDelta-app-os-cha": 1,
          "NextClickTimeDelta-ip-app-os-cha": 16,
          "NextClickTimeDelta-dev-os-cha": 1,
          "NextClickTimeDelta-ip-dev-os-cha": 7,
          "NextClickTimeDelta-app-dev-os-cha": 3,
          "NextClickTimeDelta-ip-app-dev-os-cha": 29,
          "PrevClickTimeDelta-ip": 16,
          "PrevClickTimeDelta-app": 0,
          "PrevClickTimeDelta-ip-app": 6,
          "PrevClickTimeDelta-dev": 0,
          "PrevClickTimeDelta-ip-dev": 5,
          "PrevClickTimeDelta-app-dev": 0,
          "PrevClickTimeDelta-ip-app-dev": 4,
          "PrevClickTimeDelta-os": 0,
          "PrevClickTimeDelta-ip-os": 7,
          "PrevClickTimeDelta-app-os": 2,
          "PrevClickTimeDelta-ip-app-os": 13,
          "PrevClickTimeDelta-dev-os": 1,
          "PrevClickTimeDelta-ip-dev-os": 5,
          "PrevClickTimeDelta-app-dev-os": 0,
          "PrevClickTimeDelta-ip-app-dev-os": 13,
          "PrevClickTimeDelta-cha": 1,
          "PrevClickTimeDelta-ip-cha": 5,
          "PrevClickTimeDelta-app-cha": 3,
          "PrevClickTimeDelta-ip-app-cha": 1,
          "PrevClickTimeDelta-dev-cha": 0,
          "PrevClickTimeDelta-ip-dev-cha": 5,
          "PrevClickTimeDelta-app-dev-cha": 1,
          "PrevClickTimeDelta-ip-app-dev-cha": 2,
          "PrevClickTimeDelta-os-cha": 0,
          "PrevClickTimeDelta-ip-os-cha": 0,
          "PrevClickTimeDelta-app-os-cha": 3,
          "PrevClickTimeDelta-ip-app-os-cha": 2,
          "PrevClickTimeDelta-dev-os-cha": 3,
          "PrevClickTimeDelta-ip-dev-os-cha": 2,
          "PrevClickTimeDelta-app-dev-os-cha": 1,
          "PrevClickTimeDelta-ip-app-dev-os-cha": 2,
          "AverageAttributedRatio-ip": 4,
          "AverageAttributedRatio-app": 16,
          "AverageAttributedRatio-ip-app": 12,
          "AverageAttributedRatio-dev": 13,
          "AverageAttributedRatio-ip-dev": 6,
          "AverageAttributedRatio-app-dev": 9,
          "AverageAttributedRatio-ip-app-dev": 24,
          "AverageAttributedRatio-os": 5,
          "AverageAttributedRatio-ip-os": 6,
          "AverageAttributedRatio-app-os": 12,
          "AverageAttributedRatio-ip-app-os": 1,
          "AverageAttributedRatio-dev-os": 3,
          "AverageAttributedRatio-ip-dev-os": 3,
          "AverageAttributedRatio-app-dev-os": 28,
          "AverageAttributedRatio-ip-app-dev-os": 2,
          "AverageAttributedRatio-cha": 10,
          "AverageAttributedRatio-ip-cha": 5,
          "AverageAttributedRatio-app-cha": 15,
          "AverageAttributedRatio-ip-app-cha": 3,
          "AverageAttributedRatio-dev-cha": 4,
          "AverageAttributedRatio-ip-dev-cha": 1,
          "AverageAttributedRatio-app-dev-cha": 8,
          "AverageAttributedRatio-ip-app-dev-cha": 2,
          "AverageAttributedRatio-os-cha": 8,
          "AverageAttributedRatio-ip-os-cha": 0,
          "AverageAttributedRatio-app-os-cha": 43,
          "AverageAttributedRatio-ip-app-os-cha": 0,
          "AverageAttributedRatio-dev-os-cha": 7,
          "AverageAttributedRatio-ip-dev-os-cha": 1,
          "AverageAttributedRatio-app-dev-os-cha": 22,
          "AverageAttributedRatio-ip-app-dev-os-cha": 1,
          "KomakiLDA5-ip-app-0": 57,
          "KomakiLDA5-ip-app-1": 28,
          "KomakiLDA5-ip-app-2": 24,
          "KomakiLDA5-ip-app-3": 7,
          "KomakiLDA5-ip-app-4": 18,
          "KomakiLDA5-ip-os-0": 15,
          "KomakiLDA5-ip-os-1": 32,
          "KomakiLDA5-ip-os-2": 35,
          "KomakiLDA5-ip-os-3": 17,
          "KomakiLDA5-ip-os-4": 8,
          "KomakiLDA5-ip-device-0": 6,
          "KomakiLDA5-ip-device-1": 9,
          "KomakiLDA5-ip-device-2": 21,
          "KomakiLDA5-ip-device-3": 8,
          "KomakiLDA5-ip-device-4": 1,
          "KomakiLDA5-ip-channel-0": 21,
          "KomakiLDA5-ip-channel-1": 32,
          "KomakiLDA5-ip-channel-2": 25,
          "KomakiLDA5-ip-channel-3": 10,
          "KomakiLDA5-ip-channel-4": 30,
          "KomakiLDA5-app-ip-0": 18,
          "KomakiLDA5-app-ip-1": 9,
          "KomakiLDA5-app-ip-2": 10,
          "KomakiLDA5-app-ip-3": 5,
          "KomakiLDA5-app-ip-4": 15,
          "KomakiLDA5-app-os-0": 6,
          "KomakiLDA5-app-os-1": 26,
          "KomakiLDA5-app-os-2": 11,
          "KomakiLDA5-app-os-3": 7,
          "KomakiLDA5-app-os-4": 15,
          "KomakiLDA5-app-device-0": 7,
          "KomakiLDA5-app-device-1": 11,
          "KomakiLDA5-app-device-2": 8,
          "KomakiLDA5-app-device-3": 16,
          "KomakiLDA5-app-device-4": 2,
          "KomakiLDA5-app-channel-0": 7,
          "KomakiLDA5-app-channel-1": 5,
          "KomakiLDA5-app-channel-2": 6,
          "KomakiLDA5-app-channel-3": 9,
          "KomakiLDA5-app-channel-4": 6,
          "KomakiLDA5-os-ip-0": 4,
          "KomakiLDA5-os-ip-1": 1,
          "KomakiLDA5-os-ip-2": 1,
          "KomakiLDA5-os-ip-3": 1,
          "KomakiLDA5-os-ip-4": 7,
          "KomakiLDA5-os-app-0": 12,
          "KomakiLDA5-os-app-1": 2,
          "KomakiLDA5-os-app-2": 6,
          "KomakiLDA5-os-app-3": 7,
          "KomakiLDA5-os-app-4": 2,
          "KomakiLDA5-os-device-0": 8,
          "KomakiLDA5-os-device-1": 3,
          "KomakiLDA5-os-device-2": 1,
          "KomakiLDA5-os-device-3": 0,
          "KomakiLDA5-os-device-4": 1,
          "KomakiLDA5-os-channel-0": 8,
          "KomakiLDA5-os-channel-1": 0,
          "KomakiLDA5-os-channel-2": 9,
          "KomakiLDA5-os-channel-3": 15,
          "KomakiLDA5-os-channel-4": 2,
          "KomakiLDA5-device-ip-0": 3,
          "KomakiLDA5-device-ip-1": 7,
          "KomakiLDA5-device-ip-2": 1,
          "KomakiLDA5-device-ip-3": 20,
          "KomakiLDA5-device-ip-4": 1,
          "KomakiLDA5-device-app-0": 6,
          "KomakiLDA5-device-app-1": 5,
          "KomakiLDA5-device-app-2": 1,
          "KomakiLDA5-device-app-3": 0,
          "KomakiLDA5-device-app-4": 0,
          "KomakiLDA5-device-os-0": 1,
          "KomakiLDA5-device-os-1": 1,
          "KomakiLDA5-device-os-2": 0,
          "KomakiLDA5-device-os-3": 4,
          "KomakiLDA5-device-os-4": 0,
          "KomakiLDA5-device-channel-0": 3,
          "KomakiLDA5-device-channel-1": 0,
          "KomakiLDA5-device-channel-2": 1,
          "KomakiLDA5-device-channel-3": 0,
          "KomakiLDA5-device-channel-4": 1,
          "KomakiLDA5-channel-ip-0": 0,
          "KomakiLDA5-channel-ip-1": 3,
          "KomakiLDA5-channel-ip-2": 2,
          "KomakiLDA5-channel-ip-3": 4,
          "KomakiLDA5-channel-ip-4": 3,
          "KomakiLDA5-channel-app-0": 2,
          "KomakiLDA5-channel-app-1": 1,
          "KomakiLDA5-channel-app-2": 3,
          "KomakiLDA5-channel-app-3": 3,
          "KomakiLDA5-channel-app-4": 5,
          "KomakiLDA5-channel-os-0": 0,
          "KomakiLDA5-channel-os-1": 13,
          "KomakiLDA5-channel-os-2": 3,
          "KomakiLDA5-channel-os-3": 4,
          "KomakiLDA5-channel-os-4": 3,
          "KomakiLDA5-channel-device-0": 3,
          "KomakiLDA5-channel-device-1": 0,
          "KomakiLDA5-channel-device-2": 3,
          "KomakiLDA5-channel-device-3": 3,
          "KomakiLDA5-channel-device-4": 4
        }
      },
      {
        "train_auc": 0.987162431473104,
        "valid_auc": 0.9849585273307601,
        "best_iteration": 101,
        "train_time": 316.8958170413971,
        "prediction_time": {
          "test": 230.93959259986877
        },
        "feature_importance": {
          "ip": 679,
          "os": 80,
          "app": 228,
          "channel": 205,
          "hour": 149,
          "n_channels": 47,
          "ip_app_count": 30,
          "ip_app_os_count": 48,
          "FutureClickCount_600-ip": 9,
          "FutureClickCount_600-app": 5,
          "FutureClickCount_600-ip-app": 0,
          "FutureClickCount_600-dev": 0,
          "FutureClickCount_600-ip-dev": 6,
          "FutureClickCount_600-app-dev": 5,
          "FutureClickCount_600-ip-app-dev": 0,
          "FutureClickCount_600-os": 11,
          "FutureClickCount_600-ip-os": 0,
          "FutureClickCount_600-app-os": 5,
          "FutureClickCount_600-ip-app-os": 14,
          "FutureClickCount_600-dev-os": 26,
          "FutureClickCount_600-ip-dev-os": 1,
          "FutureClickCount_600-app-dev-os": 19,
          "FutureClickCount_600-ip-app-dev-os": 26,
          "FutureClickCount_600-cha": 0,
          "FutureClickCount_600-ip-cha": 0,
          "FutureClickCount_600-app-cha": 24,
          "FutureClickCount_600-ip-app-cha": 0,
          "FutureClickCount_600-dev-cha": 0,
          "FutureClickCount_600-ip-dev-cha": 0,
          "FutureClickCount_600-app-dev-cha": 4,
          "FutureClickCount_600-ip-app-dev-cha": 0,
          "FutureClickCount_600-os-cha": 0,
          "FutureClickCount_600-ip-os-cha": 0,
          "FutureClickCount_600-app-os-cha": 3,
          "FutureClickCount_600-ip-app-os-cha": 2,
          "FutureClickCount_600-dev-os-cha": 2,
          "FutureClickCount_600-ip-dev-os-cha": 0,
          "FutureClickCount_600-app-dev-os-cha": 1,
          "FutureClickCount_600-ip-app-dev-os-cha": 5,
          "FutureClickCount_4800-ip": 46,
          "FutureClickCount_4800-app": 3,
          "FutureClickCount_4800-ip-app": 2,
          "FutureClickCount_4800-dev": 1,
          "FutureClickCount_4800-ip-dev": 45,
          "FutureClickCount_4800-app-dev": 0,
          "FutureClickCount_4800-ip-app-dev": 1,
          "FutureClickCount_4800-os": 1,
          "FutureClickCount_4800-ip-os": 7,
          "FutureClickCount_4800-app-os": 6,
          "FutureClickCount_4800-ip-app-os": 7,
          "FutureClickCount_4800-dev-os": 6,
          "FutureClickCount_4800-ip-dev-os": 26,
          "FutureClickCount_4800-app-dev-os": 20,
          "FutureClickCount_4800-ip-app-dev-os": 26,
          "FutureClickCount_4800-cha": 2,
          "FutureClickCount_4800-ip-cha": 0,
          "FutureClickCount_4800-app-cha": 18,
          "FutureClickCount_4800-ip-app-cha": 2,
          "FutureClickCount_4800-dev-cha": 1,
          "FutureClickCount_4800-ip-dev-cha": 0,
          "FutureClickCount_4800-app-dev-cha": 6,
          "FutureClickCount_4800-ip-app-dev-cha": 0,
          "FutureClickCount_4800-os-cha": 0,
          "FutureClickCount_4800-ip-os-cha": 0,
          "FutureClickCount_4800-app-os-cha": 0,
          "FutureClickCount_4800-ip-app-os-cha": 0,
          "FutureClickCount_4800-dev-os-cha": 2,
          "FutureClickCount_4800-ip-dev-os-cha": 1,
          "FutureClickCount_4800-app-dev-os-cha": 3,
          "FutureClickCount_4800-ip-app-dev-os-cha": 3,
          "NextClickTimeDelta-ip": 22,
          "NextClickTimeDelta-app": 0,
          "NextClickTimeDelta-ip-app": 17,
          "NextClickTimeDelta-dev": 1,
          "NextClickTimeDelta-ip-dev": 11,
          "NextClickTimeDelta-app-dev": 0,
          "NextClickTimeDelta-ip-app-dev": 8,
          "NextClickTimeDelta-os": 1,
          "NextClickTimeDelta-ip-os": 11,
          "NextClickTimeDelta-app-os": 2,
          "NextClickTimeDelta-ip-app-os": 90,
          "NextClickTimeDelta-dev-os": 2,
          "NextClickTimeDelta-ip-dev-os": 7,
          "NextClickTimeDelta-app-dev-os": 0,
          "NextClickTimeDelta-ip-app-dev-os": 178,
          "NextClickTimeDelta-cha": 0,
          "NextClickTimeDelta-ip-cha": 5,
          "NextClickTimeDelta-app-cha": 2,
          "NextClickTimeDelta-ip-app-cha": 3,
          "NextClickTimeDelta-dev-cha": 0,
          "NextClickTimeDelta-ip-dev-cha": 1,
          "NextClickTimeDelta-app-dev-cha": 1,
          "NextClickTimeDelta-ip-app-dev-cha": 4,
          "NextClickTimeDelta-os-cha": 0,
          "NextClickTimeDelta-ip-os-cha": 1,
          "NextClickTimeDelta-app-os-cha": 0,
          "NextClickTimeDelta-ip-app-os-cha": 10,
          "NextClickTimeDelta-dev-os-cha": 0,
          "NextClickTimeDelta-ip-dev-os-cha": 3,
          "NextClickTimeDelta-app-dev-os-cha": 0,
          "NextClickTimeDelta-ip-app-dev-os-cha": 30,
          "PrevClickTimeDelta-ip": 14,
          "PrevClickTimeDelta-app": 1,
          "PrevClickTimeDelta-ip-app": 1,
          "PrevClickTimeDelta-dev": 0,
          "PrevClickTimeDelta-ip-dev": 5,
          "PrevClickTimeDelta-app-dev": 3,
          "PrevClickTimeDelta-ip-app-dev": 3,
          "PrevClickTimeDelta-os": 0,
          "PrevClickTimeDelta-ip-os": 2,
          "PrevClickTimeDelta-app-os": 1,
          "PrevClickTimeDelta-ip-app-os": 9,
          "PrevClickTimeDelta-dev-os": 0,
          "PrevClickTimeDelta-ip-dev-os": 0,
          "PrevClickTimeDelta-app-dev-os": 0,
          "PrevClickTimeDelta-ip-app-dev-os": 13,
          "PrevClickTimeDelta-cha": 0,
          "PrevClickTimeDelta-ip-cha": 3,
          "PrevClickTimeDelta-app-cha": 3,
          "PrevClickTimeDelta-ip-app-cha": 0,
          "PrevClickTimeDelta-dev-cha": 0,
          "PrevClickTimeDelta-ip-dev-cha": 0,
          "PrevClickTimeDelta-app-dev-cha": 0,
          "PrevClickTimeDelta-ip-app-dev-cha": 0,
          "PrevClickTimeDelta-os-cha": 1,
          "PrevClickTimeDelta-ip-os-cha": 0,
          "PrevClickTimeDelta-app-os-cha": 0,
          "PrevClickTimeDelta-ip-app-os-cha": 0,
          "PrevClickTimeDelta-dev-os-cha": 1,
          "PrevClickTimeDelta-ip-dev-os-cha": 0,
          "PrevClickTimeDelta-app-dev-os-cha": 1,
          "PrevClickTimeDelta-ip-app-dev-os-cha": 0,
          "AverageAttributedRatio-ip": 1,
          "AverageAttributedRatio-app": 6,
          "AverageAttributedRatio-ip-app": 9,
          "AverageAttributedRatio-dev": 17,
          "AverageAttributedRatio-ip-dev": 4,
          "AverageAttributedRatio-app-dev": 5,
          "AverageAttributedRatio-ip-app-dev": 18,
          "AverageAttributedRatio-os": 2,
          "AverageAttributedRatio-ip-os": 1,
          "AverageAttributedRatio-app-os": 10,
          "AverageAttributedRatio-ip-app-os": 1,
          "AverageAttributedRatio-dev-os": 0,
          "AverageAttributedRatio-ip-dev-os": 2,
          "AverageAttributedRatio-app-dev-os": 23,
          "AverageAttributedRatio-ip-app-dev-os": 0,
          "AverageAttributedRatio-cha": 3,
          "AverageAttributedRatio-ip-cha": 2,
          "AverageAttributedRatio-app-cha": 12,
          "AverageAttributedRatio-ip-app-cha": 0,
          "AverageAttributedRatio-dev-cha": 0,
          "AverageAttributedRatio-ip-dev-cha": 0,
          "AverageAttributedRatio-app-dev-cha": 6,
          "AverageAttributedRatio-ip-app-dev-cha": 0,
          "AverageAttributedRatio-os-cha": 2,
          "AverageAttributedRatio-ip-os-cha": 0,
          "AverageAttributedRatio-app-os-cha": 29,
          "AverageAttributedRatio-ip-app-os-cha": 1,
          "AverageAttributedRatio-dev-os-cha": 6,
          "AverageAttributedRatio-ip-dev-os-cha": 0,
          "AverageAttributedRatio-app-dev-os-cha": 10,
          "AverageAttributedRatio-ip-app-dev-os-cha": 0,
          "KomakiLDA5-ip-app-0": 46,
          "KomakiLDA5-ip-app-1": 28,
          "KomakiLDA5-ip-app-2": 11,
          "KomakiLDA5-ip-app-3": 6,
          "KomakiLDA5-ip-app-4": 10,
          "KomakiLDA5-ip-os-0": 11,
          "KomakiLDA5-ip-os-1": 23,
          "KomakiLDA5-ip-os-2": 29,
          "KomakiLDA5-ip-os-3": 11,
          "KomakiLDA5-ip-os-4": 3,
          "KomakiLDA5-ip-device-0": 3,
          "KomakiLDA5-ip-device-1": 3,
          "KomakiLDA5-ip-device-2": 22,
          "KomakiLDA5-ip-device-3": 3,
          "KomakiLDA5-ip-device-4": 2,
          "KomakiLDA5-ip-channel-0": 14,
          "KomakiLDA5-ip-channel-1": 26,
          "KomakiLDA5-ip-channel-2": 19,
          "KomakiLDA5-ip-channel-3": 5,
          "KomakiLDA5-ip-channel-4": 22,
          "KomakiLDA5-app-ip-0": 17,
          "KomakiLDA5-app-ip-1": 6,
          "KomakiLDA5-app-ip-2": 8,
          "KomakiLDA5-app-ip-3": 5,
          "KomakiLDA5-app-ip-4": 10,
          "KomakiLDA5-app-os-0": 4,
          "KomakiLDA5-app-os-1": 19,
          "KomakiLDA5-app-os-2": 8,
          "KomakiLDA5-app-os-3": 4,
          "KomakiLDA5-app-os-4": 14,
          "KomakiLDA5-app-device-0": 2,
          "KomakiLDA5-app-device-1": 7,
          "KomakiLDA5-app-device-2": 5,
          "KomakiLDA5-app-device-3": 13,
          "KomakiLDA5-app-device-4": 2,
          "KomakiLDA5-app-channel-0": 4,
          "KomakiLDA5-app-channel-1": 2,
          "KomakiLDA5-app-channel-2": 6,
          "KomakiLDA5-app-channel-3": 11,
          "KomakiLDA5-app-channel-4": 2,
          "KomakiLDA5-os-ip-0": 7,
          "KomakiLDA5-os-ip-1": 1,
          "KomakiLDA5-os-ip-2": 0,
          "KomakiLDA5-os-ip-3": 1,
          "KomakiLDA5-os-ip-4": 6,
          "KomakiLDA5-os-app-0": 10,
          "KomakiLDA5-os-app-1": 0,
          "KomakiLDA5-os-app-2": 6,
          "KomakiLDA5-os-app-3": 7,
          "KomakiLDA5-os-app-4": 1,
          "KomakiLDA5-os-device-0": 2,
          "KomakiLDA5-os-device-1": 3,
          "KomakiLDA5-os-device-2": 0,
          "KomakiLDA5-os-device-3": 2,
          "KomakiLDA5-os-device-4": 0,
          "KomakiLDA5-os-channel-0": 7,
          "KomakiLDA5-os-channel-1": 3,
          "KomakiLDA5-os-channel-2": 9,
          "KomakiLDA5-os-channel-3": 16,
          "KomakiLDA5-os-channel-4": 0,
          "KomakiLDA5-device-ip-0": 3,
          "KomakiLDA5-device-ip-1": 5,
          "KomakiLDA5-device-ip-2": 0,
          "KomakiLDA5-device-ip-3": 12,
          "KomakiLDA5-device-ip-4": 2,
          "KomakiLDA5-device-app-0": 7,
          "KomakiLDA5-device-app-1": 5,
          "KomakiLDA5-device-app-2": 1,
          "KomakiLDA5-device-app-3": 1,
          "KomakiLDA5-device-app-4": 1,
          "KomakiLDA5-device-os-0": 0,
          "KomakiLDA5-device-os-1": 0,
          "KomakiLDA5-device-os-2": 0,
          "KomakiLDA5-device-os-3": 3,
          "KomakiLDA5-device-os-4": 0,
          "KomakiLDA5-device-channel-0": 2,
          "KomakiLDA5-device-channel-1": 0,
          "KomakiLDA5-device-channel-2": 1,
          "KomakiLDA5-device-channel-3": 2,
          "KomakiLDA5-device-channel-4": 0,
          "KomakiLDA5-channel-ip-0": 1,
          "KomakiLDA5-channel-ip-1": 5,
          "KomakiLDA5-channel-ip-2": 2,
          "KomakiLDA5-channel-ip-3": 1,
          "KomakiLDA5-channel-ip-4": 0,
          "KomakiLDA5-channel-app-0": 3,
          "KomakiLDA5-channel-app-1": 0,
          "KomakiLDA5-channel-app-2": 1,
          "KomakiLDA5-channel-app-3": 1,
          "KomakiLDA5-channel-app-4": 4,
          "KomakiLDA5-channel-os-0": 1,
          "KomakiLDA5-channel-os-1": 16,
          "KomakiLDA5-channel-os-2": 1,
          "KomakiLDA5-channel-os-3": 3,
          "KomakiLDA5-channel-os-4": 1,
          "KomakiLDA5-channel-device-0": 1,
          "KomakiLDA5-channel-device-1": 0,
          "KomakiLDA5-channel-device-2": 4,
          "KomakiLDA5-channel-device-3": 1,
          "KomakiLDA5-channel-device-4": 3
        }
      }
    ],
    "average_train_auc": 0.987573931274716,
    "average_valid_auc": 0.9856741149722319,
    "train_auc_std": 0.0002412756737060706,
    "valid_auc_std": 0.0003874768537173489,
    "average_train_time": 379.12631754875184
  },
  "config": {
    "features": [
      "ip",
      "os",
      "app",
      "channel",
      "hour",
      "count",
      "future_click_count_10",
      "future_click_count_80",
      "next_click_time_delta",
      "prev_click_time_delta",
      "average_attributed_ratio",
      "komaki_lda_5"
    ],
    "model": {
      "name": "lightgbm",
      "model_params": {
        "boosting_type": "gbdt",
        "objective": "binary",
        "metric": "auc",
        "learning_rate": 0.1,
        "num_leaves": 32,
        "min_data_in_leaf": 20,
        "max_bin": 100,
        "subsample": 0.7,
        "subsample_freq": 1,
        "colsample_bytree": 0.5,
        "min_child_weight": 0,
        "subsample_for_bin": 200000,
        "min_split_gain": 0,
        "reg_alpha": 0,
        "reg_lambda": 0,
        "verbose": 0
      },
      "train_params": {
        "num_boost_round": 350,
        "early_stopping_rounds": 30
      }
    },
    "dataset": {
      "input_directory": "data/input/",
      "cache_directory": "data/working/",
      "files": {
        "train": "train.feather",
        "test": "old_test.feather"
      },
      "negative_down_sampling": {
        "enabled": true,
        "bagging_size": 5,
        "random_state": 114514
      }
    }
  }
}