{
  "training": {
    "trials": [
      {
        "train_auc": 0.9919784378301205,
        "valid_auc": 0.9840777139905638,
        "best_iteration": 261,
        "train_time": 179.57556676864624,
        "feature_importance": {
          "ip": 1583,
          "os": 727,
          "app": 968,
          "channel": 1228,
          "hour": 960,
          "second": 1743,
          "minute": 1768,
          "n_channels": 676,
          "ip_app_count": 730,
          "ip_app_os_count": 500,
          "FutureClickCount_600-ip": 292,
          "FutureClickCount_600-app": 252,
          "FutureClickCount_600-ip-app": 86,
          "FutureClickCount_600-dev": 185,
          "FutureClickCount_600-ip-dev": 295,
          "FutureClickCount_600-app-dev": 248,
          "FutureClickCount_600-ip-app-dev": 76,
          "FutureClickCount_600-os": 158,
          "FutureClickCount_600-ip-os": 130,
          "FutureClickCount_600-app-os": 180,
          "FutureClickCount_600-ip-app-os": 140,
          "FutureClickCount_600-dev-os": 449,
          "FutureClickCount_600-ip-dev-os": 165,
          "FutureClickCount_600-app-dev-os": 364,
          "FutureClickCount_600-ip-app-dev-os": 232,
          "FutureClickCount_600-cha": 205,
          "FutureClickCount_600-ip-cha": 41,
          "FutureClickCount_600-app-cha": 357,
          "FutureClickCount_600-ip-app-cha": 33,
          "FutureClickCount_600-dev-cha": 153,
          "FutureClickCount_600-ip-dev-cha": 38,
          "FutureClickCount_600-app-dev-cha": 171,
          "FutureClickCount_600-ip-app-dev-cha": 32,
          "FutureClickCount_600-os-cha": 113,
          "FutureClickCount_600-ip-os-cha": 29,
          "FutureClickCount_600-app-os-cha": 177,
          "FutureClickCount_600-ip-app-os-cha": 32,
          "FutureClickCount_600-dev-os-cha": 141,
          "FutureClickCount_600-ip-dev-os-cha": 31,
          "FutureClickCount_600-app-dev-os-cha": 145,
          "FutureClickCount_600-ip-app-dev-os-cha": 64,
          "FutureClickCount_4800-ip": 699,
          "FutureClickCount_4800-app": 174,
          "FutureClickCount_4800-ip-app": 166,
          "FutureClickCount_4800-dev": 51,
          "FutureClickCount_4800-ip-dev": 676,
          "FutureClickCount_4800-app-dev": 109,
          "FutureClickCount_4800-ip-app-dev": 122,
          "FutureClickCount_4800-os": 90,
          "FutureClickCount_4800-ip-os": 277,
          "FutureClickCount_4800-app-os": 190,
          "FutureClickCount_4800-ip-app-os": 140,
          "FutureClickCount_4800-dev-os": 166,
          "FutureClickCount_4800-ip-dev-os": 415,
          "FutureClickCount_4800-app-dev-os": 320,
          "FutureClickCount_4800-ip-app-dev-os": 225,
          "FutureClickCount_4800-cha": 149,
          "FutureClickCount_4800-ip-cha": 121,
          "FutureClickCount_4800-app-cha": 306,
          "FutureClickCount_4800-ip-app-cha": 70,
          "FutureClickCount_4800-dev-cha": 117,
          "FutureClickCount_4800-ip-dev-cha": 62,
          "FutureClickCount_4800-app-dev-cha": 138,
          "FutureClickCount_4800-ip-app-dev-cha": 75,
          "FutureClickCount_4800-os-cha": 124,
          "FutureClickCount_4800-ip-os-cha": 44,
          "FutureClickCount_4800-app-os-cha": 137,
          "FutureClickCount_4800-ip-app-os-cha": 35,
          "FutureClickCount_4800-dev-os-cha": 154,
          "FutureClickCount_4800-ip-dev-os-cha": 39,
          "FutureClickCount_4800-app-dev-os-cha": 151,
          "FutureClickCount_4800-ip-app-dev-os-cha": 42,
          "NextClickTimeDelta-ip": 400,
          "NextClickTimeDelta-app": 44,
          "NextClickTimeDelta-ip-app": 545,
          "NextClickTimeDelta-dev": 31,
          "NextClickTimeDelta-ip-dev": 282,
          "NextClickTimeDelta-app-dev": 23,
          "NextClickTimeDelta-ip-app-dev": 341,
          "NextClickTimeDelta-os": 60,
          "NextClickTimeDelta-ip-os": 314,
          "NextClickTimeDelta-app-os": 102,
          "NextClickTimeDelta-ip-app-os": 1002,
          "NextClickTimeDelta-dev-os": 56,
          "NextClickTimeDelta-ip-dev-os": 229,
          "NextClickTimeDelta-app-dev-os": 79,
          "NextClickTimeDelta-ip-app-dev-os": 1665,
          "NextClickTimeDelta-cha": 42,
          "NextClickTimeDelta-ip-cha": 184,
          "NextClickTimeDelta-app-cha": 88,
          "NextClickTimeDelta-ip-app-cha": 222,
          "NextClickTimeDelta-dev-cha": 32,
          "NextClickTimeDelta-ip-dev-cha": 157,
          "NextClickTimeDelta-app-dev-cha": 53,
          "NextClickTimeDelta-ip-app-dev-cha": 152,
          "NextClickTimeDelta-os-cha": 101,
          "NextClickTimeDelta-ip-os-cha": 175,
          "NextClickTimeDelta-app-os-cha": 106,
          "NextClickTimeDelta-ip-app-os-cha": 283,
          "NextClickTimeDelta-dev-os-cha": 103,
          "NextClickTimeDelta-ip-dev-os-cha": 173,
          "NextClickTimeDelta-app-dev-os-cha": 103,
          "NextClickTimeDelta-ip-app-dev-os-cha": 335,
          "PrevClickTimeDelta-ip": 360,
          "PrevClickTimeDelta-app": 43,
          "PrevClickTimeDelta-ip-app": 151,
          "PrevClickTimeDelta-dev": 39,
          "PrevClickTimeDelta-ip-dev": 200,
          "PrevClickTimeDelta-app-dev": 28,
          "PrevClickTimeDelta-ip-app-dev": 144,
          "PrevClickTimeDelta-os": 52,
          "PrevClickTimeDelta-ip-os": 233,
          "PrevClickTimeDelta-app-os": 61,
          "PrevClickTimeDelta-ip-app-os": 153,
          "PrevClickTimeDelta-dev-os": 38,
          "PrevClickTimeDelta-ip-dev-os": 135,
          "PrevClickTimeDelta-app-dev-os": 69,
          "PrevClickTimeDelta-ip-app-dev-os": 124,
          "PrevClickTimeDelta-cha": 42,
          "PrevClickTimeDelta-ip-cha": 163,
          "PrevClickTimeDelta-app-cha": 81,
          "PrevClickTimeDelta-ip-app-cha": 123,
          "PrevClickTimeDelta-dev-cha": 48,
          "PrevClickTimeDelta-ip-dev-cha": 84,
          "PrevClickTimeDelta-app-dev-cha": 72,
          "PrevClickTimeDelta-ip-app-dev-cha": 77,
          "PrevClickTimeDelta-os-cha": 94,
          "PrevClickTimeDelta-ip-os-cha": 111,
          "PrevClickTimeDelta-app-os-cha": 78,
          "PrevClickTimeDelta-ip-app-os-cha": 85,
          "PrevClickTimeDelta-dev-os-cha": 61,
          "PrevClickTimeDelta-ip-dev-os-cha": 61,
          "PrevClickTimeDelta-app-dev-os-cha": 70,
          "PrevClickTimeDelta-ip-app-dev-os-cha": 55,
          "AverageAttributedRatio-ip": 134,
          "AverageAttributedRatio-app": 200,
          "AverageAttributedRatio-ip-app": 142,
          "AverageAttributedRatio-dev": 229,
          "AverageAttributedRatio-ip-dev": 125,
          "AverageAttributedRatio-app-dev": 139,
          "AverageAttributedRatio-ip-app-dev": 256,
          "AverageAttributedRatio-os": 171,
          "AverageAttributedRatio-ip-os": 90,
          "AverageAttributedRatio-app-os": 183,
          "AverageAttributedRatio-ip-app-os": 46,
          "AverageAttributedRatio-dev-os": 148,
          "AverageAttributedRatio-ip-dev-os": 89,
          "AverageAttributedRatio-app-dev-os": 255,
          "AverageAttributedRatio-ip-app-dev-os": 37,
          "AverageAttributedRatio-cha": 127,
          "AverageAttributedRatio-ip-cha": 54,
          "AverageAttributedRatio-app-cha": 173,
          "AverageAttributedRatio-ip-app-cha": 62,
          "AverageAttributedRatio-dev-cha": 94,
          "AverageAttributedRatio-ip-dev-cha": 49,
          "AverageAttributedRatio-app-dev-cha": 173,
          "AverageAttributedRatio-ip-app-dev-cha": 49,
          "AverageAttributedRatio-os-cha": 181,
          "AverageAttributedRatio-ip-os-cha": 25,
          "AverageAttributedRatio-app-os-cha": 238,
          "AverageAttributedRatio-ip-app-os-cha": 22,
          "AverageAttributedRatio-dev-os-cha": 115,
          "AverageAttributedRatio-ip-dev-os-cha": 30,
          "AverageAttributedRatio-app-dev-os-cha": 241,
          "AverageAttributedRatio-ip-app-dev-os-cha": 20,
          "KomakiLDA5NoDevice-ip-app-0": 706,
          "KomakiLDA5NoDevice-ip-app-1": 648,
          "KomakiLDA5NoDevice-ip-app-2": 419,
          "KomakiLDA5NoDevice-ip-app-3": 329,
          "KomakiLDA5NoDevice-ip-app-4": 331,
          "KomakiLDA5NoDevice-ip-os-0": 335,
          "KomakiLDA5NoDevice-ip-os-1": 431,
          "KomakiLDA5NoDevice-ip-os-2": 465,
          "KomakiLDA5NoDevice-ip-os-3": 312,
          "KomakiLDA5NoDevice-ip-os-4": 267,
          "KomakiLDA5NoDevice-ip-channel-0": 370,
          "KomakiLDA5NoDevice-ip-channel-1": 517,
          "KomakiLDA5NoDevice-ip-channel-2": 421,
          "KomakiLDA5NoDevice-ip-channel-3": 477,
          "KomakiLDA5NoDevice-ip-channel-4": 613,
          "KomakiLDA5NoDevice-app-ip-0": 286,
          "KomakiLDA5NoDevice-app-ip-1": 213,
          "KomakiLDA5NoDevice-app-ip-2": 202,
          "KomakiLDA5NoDevice-app-ip-3": 224,
          "KomakiLDA5NoDevice-app-ip-4": 135,
          "KomakiLDA5NoDevice-app-os-0": 151,
          "KomakiLDA5NoDevice-app-os-1": 253,
          "KomakiLDA5NoDevice-app-os-2": 188,
          "KomakiLDA5NoDevice-app-os-3": 151,
          "KomakiLDA5NoDevice-app-os-4": 256,
          "KomakiLDA5NoDevice-app-channel-0": 157,
          "KomakiLDA5NoDevice-app-channel-1": 161,
          "KomakiLDA5NoDevice-app-channel-2": 153,
          "KomakiLDA5NoDevice-app-channel-3": 200,
          "KomakiLDA5NoDevice-app-channel-4": 123,
          "KomakiLDA5NoDevice-os-ip-0": 221,
          "KomakiLDA5NoDevice-os-ip-1": 107,
          "KomakiLDA5NoDevice-os-ip-2": 111,
          "KomakiLDA5NoDevice-os-ip-3": 112,
          "KomakiLDA5NoDevice-os-ip-4": 148,
          "KomakiLDA5NoDevice-os-app-0": 223,
          "KomakiLDA5NoDevice-os-app-1": 171,
          "KomakiLDA5NoDevice-os-app-2": 116,
          "KomakiLDA5NoDevice-os-app-3": 187,
          "KomakiLDA5NoDevice-os-app-4": 110,
          "KomakiLDA5NoDevice-os-channel-0": 219,
          "KomakiLDA5NoDevice-os-channel-1": 141,
          "KomakiLDA5NoDevice-os-channel-2": 139,
          "KomakiLDA5NoDevice-os-channel-3": 174,
          "KomakiLDA5NoDevice-os-channel-4": 122,
          "KomakiLDA5NoDevice-channel-ip-0": 139,
          "KomakiLDA5NoDevice-channel-ip-1": 144,
          "KomakiLDA5NoDevice-channel-ip-2": 132,
          "KomakiLDA5NoDevice-channel-ip-3": 154,
          "KomakiLDA5NoDevice-channel-ip-4": 169,
          "KomakiLDA5NoDevice-channel-app-0": 192,
          "KomakiLDA5NoDevice-channel-app-1": 97,
          "KomakiLDA5NoDevice-channel-app-2": 127,
          "KomakiLDA5NoDevice-channel-app-3": 102,
          "KomakiLDA5NoDevice-channel-app-4": 135,
          "KomakiLDA5NoDevice-channel-os-0": 154,
          "KomakiLDA5NoDevice-channel-os-1": 175,
          "KomakiLDA5NoDevice-channel-os-2": 153,
          "KomakiLDA5NoDevice-channel-os-3": 149,
          "KomakiLDA5NoDevice-channel-os-4": 129
        }
      },
      {
        "train_auc": 0.992949082713886,
        "valid_auc": 0.9841684743245896,
        "best_iteration": 321,
        "train_time": 215.0852711200714,
        "feature_importance": {
          "ip": 1957,
          "os": 788,
          "app": 1090,
          "channel": 1453,
          "hour": 1064,
          "second": 2143,
          "minute": 1979,
          "n_channels": 762,
          "ip_app_count": 813,
          "ip_app_os_count": 607,
          "FutureClickCount_600-ip": 427,
          "FutureClickCount_600-app": 253,
          "FutureClickCount_600-ip-app": 128,
          "FutureClickCount_600-dev": 191,
          "FutureClickCount_600-ip-dev": 374,
          "FutureClickCount_600-app-dev": 246,
          "FutureClickCount_600-ip-app-dev": 102,
          "FutureClickCount_600-os": 202,
          "FutureClickCount_600-ip-os": 193,
          "FutureClickCount_600-app-os": 233,
          "FutureClickCount_600-ip-app-os": 161,
          "FutureClickCount_600-dev-os": 474,
          "FutureClickCount_600-ip-dev-os": 167,
          "FutureClickCount_600-app-dev-os": 431,
          "FutureClickCount_600-ip-app-dev-os": 241,
          "FutureClickCount_600-cha": 265,
          "FutureClickCount_600-ip-cha": 52,
          "FutureClickCount_600-app-cha": 407,
          "FutureClickCount_600-ip-app-cha": 45,
          "FutureClickCount_600-dev-cha": 156,
          "FutureClickCount_600-ip-dev-cha": 50,
          "FutureClickCount_600-app-dev-cha": 228,
          "FutureClickCount_600-ip-app-dev-cha": 45,
          "FutureClickCount_600-os-cha": 163,
          "FutureClickCount_600-ip-os-cha": 31,
          "FutureClickCount_600-app-os-cha": 169,
          "FutureClickCount_600-ip-app-os-cha": 43,
          "FutureClickCount_600-dev-os-cha": 187,
          "FutureClickCount_600-ip-dev-os-cha": 33,
          "FutureClickCount_600-app-dev-os-cha": 141,
          "FutureClickCount_600-ip-app-dev-os-cha": 41,
          "FutureClickCount_4800-ip": 787,
          "FutureClickCount_4800-app": 211,
          "FutureClickCount_4800-ip-app": 198,
          "FutureClickCount_4800-dev": 58,
          "FutureClickCount_4800-ip-dev": 695,
          "FutureClickCount_4800-app-dev": 115,
          "FutureClickCount_4800-ip-app-dev": 143,
          "FutureClickCount_4800-os": 88,
          "FutureClickCount_4800-ip-os": 324,
          "FutureClickCount_4800-app-os": 216,
          "FutureClickCount_4800-ip-app-os": 163,
          "FutureClickCount_4800-dev-os": 164,
          "FutureClickCount_4800-ip-dev-os": 480,
          "FutureClickCount_4800-app-dev-os": 364,
          "FutureClickCount_4800-ip-app-dev-os": 247,
          "FutureClickCount_4800-cha": 164,
          "FutureClickCount_4800-ip-cha": 127,
          "FutureClickCount_4800-app-cha": 352,
          "FutureClickCount_4800-ip-app-cha": 89,
          "FutureClickCount_4800-dev-cha": 142,
          "FutureClickCount_4800-ip-dev-cha": 99,
          "FutureClickCount_4800-app-dev-cha": 173,
          "FutureClickCount_4800-ip-app-dev-cha": 68,
          "FutureClickCount_4800-os-cha": 155,
          "FutureClickCount_4800-ip-os-cha": 48,
          "FutureClickCount_4800-app-os-cha": 177,
          "FutureClickCount_4800-ip-app-os-cha": 55,
          "FutureClickCount_4800-dev-os-cha": 233,
          "FutureClickCount_4800-ip-dev-os-cha": 47,
          "FutureClickCount_4800-app-dev-os-cha": 172,
          "FutureClickCount_4800-ip-app-dev-os-cha": 51,
          "NextClickTimeDelta-ip": 463,
          "NextClickTimeDelta-app": 62,
          "NextClickTimeDelta-ip-app": 597,
          "NextClickTimeDelta-dev": 41,
          "NextClickTimeDelta-ip-dev": 325,
          "NextClickTimeDelta-app-dev": 51,
          "NextClickTimeDelta-ip-app-dev": 338,
          "NextClickTimeDelta-os": 44,
          "NextClickTimeDelta-ip-os": 417,
          "NextClickTimeDelta-app-os": 83,
          "NextClickTimeDelta-ip-app-os": 1128,
          "NextClickTimeDelta-dev-os": 73,
          "NextClickTimeDelta-ip-dev-os": 235,
          "NextClickTimeDelta-app-dev-os": 97,
          "NextClickTimeDelta-ip-app-dev-os": 1674,
          "NextClickTimeDelta-cha": 64,
          "NextClickTimeDelta-ip-cha": 316,
          "NextClickTimeDelta-app-cha": 110,
          "NextClickTimeDelta-ip-app-cha": 262,
          "NextClickTimeDelta-dev-cha": 55,
          "NextClickTimeDelta-ip-dev-cha": 205,
          "NextClickTimeDelta-app-dev-cha": 85,
          "NextClickTimeDelta-ip-app-dev-cha": 196,
          "NextClickTimeDelta-os-cha": 99,
          "NextClickTimeDelta-ip-os-cha": 202,
          "NextClickTimeDelta-app-os-cha": 126,
          "NextClickTimeDelta-ip-app-os-cha": 314,
          "NextClickTimeDelta-dev-os-cha": 94,
          "NextClickTimeDelta-ip-dev-os-cha": 180,
          "NextClickTimeDelta-app-dev-os-cha": 132,
          "NextClickTimeDelta-ip-app-dev-os-cha": 320,
          "PrevClickTimeDelta-ip": 319,
          "PrevClickTimeDelta-app": 64,
          "PrevClickTimeDelta-ip-app": 221,
          "PrevClickTimeDelta-dev": 54,
          "PrevClickTimeDelta-ip-dev": 217,
          "PrevClickTimeDelta-app-dev": 40,
          "PrevClickTimeDelta-ip-app-dev": 164,
          "PrevClickTimeDelta-os": 73,
          "PrevClickTimeDelta-ip-os": 308,
          "PrevClickTimeDelta-app-os": 90,
          "PrevClickTimeDelta-ip-app-os": 238,
          "PrevClickTimeDelta-dev-os": 43,
          "PrevClickTimeDelta-ip-dev-os": 173,
          "PrevClickTimeDelta-app-dev-os": 84,
          "PrevClickTimeDelta-ip-app-dev-os": 156,
          "PrevClickTimeDelta-cha": 54,
          "PrevClickTimeDelta-ip-cha": 200,
          "PrevClickTimeDelta-app-cha": 87,
          "PrevClickTimeDelta-ip-app-cha": 165,
          "PrevClickTimeDelta-dev-cha": 52,
          "PrevClickTimeDelta-ip-dev-cha": 127,
          "PrevClickTimeDelta-app-dev-cha": 52,
          "PrevClickTimeDelta-ip-app-dev-cha": 97,
          "PrevClickTimeDelta-os-cha": 121,
          "PrevClickTimeDelta-ip-os-cha": 113,
          "PrevClickTimeDelta-app-os-cha": 121,
          "PrevClickTimeDelta-ip-app-os-cha": 124,
          "PrevClickTimeDelta-dev-os-cha": 71,
          "PrevClickTimeDelta-ip-dev-os-cha": 116,
          "PrevClickTimeDelta-app-dev-os-cha": 97,
          "PrevClickTimeDelta-ip-app-dev-os-cha": 92,
          "AverageAttributedRatio-ip": 189,
          "AverageAttributedRatio-app": 248,
          "AverageAttributedRatio-ip-app": 158,
          "AverageAttributedRatio-dev": 306,
          "AverageAttributedRatio-ip-dev": 171,
          "AverageAttributedRatio-app-dev": 223,
          "AverageAttributedRatio-ip-app-dev": 261,
          "AverageAttributedRatio-os": 183,
          "AverageAttributedRatio-ip-os": 117,
          "AverageAttributedRatio-app-os": 227,
          "AverageAttributedRatio-ip-app-os": 36,
          "AverageAttributedRatio-dev-os": 167,
          "AverageAttributedRatio-ip-dev-os": 89,
          "AverageAttributedRatio-app-dev-os": 272,
          "AverageAttributedRatio-ip-app-dev-os": 37,
          "AverageAttributedRatio-cha": 174,
          "AverageAttributedRatio-ip-cha": 73,
          "AverageAttributedRatio-app-cha": 192,
          "AverageAttributedRatio-ip-app-cha": 55,
          "AverageAttributedRatio-dev-cha": 126,
          "AverageAttributedRatio-ip-dev-cha": 73,
          "AverageAttributedRatio-app-dev-cha": 229,
          "AverageAttributedRatio-ip-app-dev-cha": 62,
          "AverageAttributedRatio-os-cha": 152,
          "AverageAttributedRatio-ip-os-cha": 23,
          "AverageAttributedRatio-app-os-cha": 256,
          "AverageAttributedRatio-ip-app-os-cha": 22,
          "AverageAttributedRatio-dev-os-cha": 151,
          "AverageAttributedRatio-ip-dev-os-cha": 20,
          "AverageAttributedRatio-app-dev-os-cha": 255,
          "AverageAttributedRatio-ip-app-dev-os-cha": 15,
          "KomakiLDA5NoDevice-ip-app-0": 721,
          "KomakiLDA5NoDevice-ip-app-1": 703,
          "KomakiLDA5NoDevice-ip-app-2": 432,
          "KomakiLDA5NoDevice-ip-app-3": 343,
          "KomakiLDA5NoDevice-ip-app-4": 377,
          "KomakiLDA5NoDevice-ip-os-0": 370,
          "KomakiLDA5NoDevice-ip-os-1": 516,
          "KomakiLDA5NoDevice-ip-os-2": 470,
          "KomakiLDA5NoDevice-ip-os-3": 397,
          "KomakiLDA5NoDevice-ip-os-4": 253,
          "KomakiLDA5NoDevice-ip-channel-0": 364,
          "KomakiLDA5NoDevice-ip-channel-1": 540,
          "KomakiLDA5NoDevice-ip-channel-2": 501,
          "KomakiLDA5NoDevice-ip-channel-3": 484,
          "KomakiLDA5NoDevice-ip-channel-4": 683,
          "KomakiLDA5NoDevice-app-ip-0": 298,
          "KomakiLDA5NoDevice-app-ip-1": 260,
          "KomakiLDA5NoDevice-app-ip-2": 203,
          "KomakiLDA5NoDevice-app-ip-3": 263,
          "KomakiLDA5NoDevice-app-ip-4": 173,
          "KomakiLDA5NoDevice-app-os-0": 181,
          "KomakiLDA5NoDevice-app-os-1": 278,
          "KomakiLDA5NoDevice-app-os-2": 171,
          "KomakiLDA5NoDevice-app-os-3": 172,
          "KomakiLDA5NoDevice-app-os-4": 290,
          "KomakiLDA5NoDevice-app-channel-0": 150,
          "KomakiLDA5NoDevice-app-channel-1": 223,
          "KomakiLDA5NoDevice-app-channel-2": 166,
          "KomakiLDA5NoDevice-app-channel-3": 194,
          "KomakiLDA5NoDevice-app-channel-4": 132,
          "KomakiLDA5NoDevice-os-ip-0": 226,
          "KomakiLDA5NoDevice-os-ip-1": 170,
          "KomakiLDA5NoDevice-os-ip-2": 125,
          "KomakiLDA5NoDevice-os-ip-3": 149,
          "KomakiLDA5NoDevice-os-ip-4": 177,
          "KomakiLDA5NoDevice-os-app-0": 269,
          "KomakiLDA5NoDevice-os-app-1": 167,
          "KomakiLDA5NoDevice-os-app-2": 137,
          "KomakiLDA5NoDevice-os-app-3": 204,
          "KomakiLDA5NoDevice-os-app-4": 114,
          "KomakiLDA5NoDevice-os-channel-0": 200,
          "KomakiLDA5NoDevice-os-channel-1": 100,
          "KomakiLDA5NoDevice-os-channel-2": 169,
          "KomakiLDA5NoDevice-os-channel-3": 186,
          "KomakiLDA5NoDevice-os-channel-4": 152,
          "KomakiLDA5NoDevice-channel-ip-0": 163,
          "KomakiLDA5NoDevice-channel-ip-1": 183,
          "KomakiLDA5NoDevice-channel-ip-2": 194,
          "KomakiLDA5NoDevice-channel-ip-3": 215,
          "KomakiLDA5NoDevice-channel-ip-4": 193,
          "KomakiLDA5NoDevice-channel-app-0": 207,
          "KomakiLDA5NoDevice-channel-app-1": 157,
          "KomakiLDA5NoDevice-channel-app-2": 177,
          "KomakiLDA5NoDevice-channel-app-3": 142,
          "KomakiLDA5NoDevice-channel-app-4": 221,
          "KomakiLDA5NoDevice-channel-os-0": 186,
          "KomakiLDA5NoDevice-channel-os-1": 212,
          "KomakiLDA5NoDevice-channel-os-2": 194,
          "KomakiLDA5NoDevice-channel-os-3": 199,
          "KomakiLDA5NoDevice-channel-os-4": 159
        }
      },
      {
        "train_auc": 0.993093842035133,
        "valid_auc": 0.9839509672227222,
        "best_iteration": 329,
        "train_time": 208.63436222076416,
        "feature_importance": {
          "ip": 2019,
          "os": 798,
          "app": 1038,
          "channel": 1485,
          "hour": 1094,
          "second": 2060,
          "minute": 1972,
          "n_channels": 793,
          "ip_app_count": 855,
          "ip_app_os_count": 604,
          "FutureClickCount_600-ip": 428,
          "FutureClickCount_600-app": 265,
          "FutureClickCount_600-ip-app": 108,
          "FutureClickCount_600-dev": 206,
          "FutureClickCount_600-ip-dev": 332,
          "FutureClickCount_600-app-dev": 322,
          "FutureClickCount_600-ip-app-dev": 108,
          "FutureClickCount_600-os": 179,
          "FutureClickCount_600-ip-os": 191,
          "FutureClickCount_600-app-os": 204,
          "FutureClickCount_600-ip-app-os": 154,
          "FutureClickCount_600-dev-os": 476,
          "FutureClickCount_600-ip-dev-os": 181,
          "FutureClickCount_600-app-dev-os": 426,
          "FutureClickCount_600-ip-app-dev-os": 232,
          "FutureClickCount_600-cha": 212,
          "FutureClickCount_600-ip-cha": 57,
          "FutureClickCount_600-app-cha": 436,
          "FutureClickCount_600-ip-app-cha": 71,
          "FutureClickCount_600-dev-cha": 185,
          "FutureClickCount_600-ip-dev-cha": 51,
          "FutureClickCount_600-app-dev-cha": 192,
          "FutureClickCount_600-ip-app-dev-cha": 46,
          "FutureClickCount_600-os-cha": 163,
          "FutureClickCount_600-ip-os-cha": 48,
          "FutureClickCount_600-app-os-cha": 178,
          "FutureClickCount_600-ip-app-os-cha": 33,
          "FutureClickCount_600-dev-os-cha": 145,
          "FutureClickCount_600-ip-dev-os-cha": 45,
          "FutureClickCount_600-app-dev-os-cha": 152,
          "FutureClickCount_600-ip-app-dev-os-cha": 46,
          "FutureClickCount_4800-ip": 774,
          "FutureClickCount_4800-app": 204,
          "FutureClickCount_4800-ip-app": 213,
          "FutureClickCount_4800-dev": 64,
          "FutureClickCount_4800-ip-dev": 720,
          "FutureClickCount_4800-app-dev": 130,
          "FutureClickCount_4800-ip-app-dev": 158,
          "FutureClickCount_4800-os": 134,
          "FutureClickCount_4800-ip-os": 311,
          "FutureClickCount_4800-app-os": 222,
          "FutureClickCount_4800-ip-app-os": 165,
          "FutureClickCount_4800-dev-os": 200,
          "FutureClickCount_4800-ip-dev-os": 449,
          "FutureClickCount_4800-app-dev-os": 331,
          "FutureClickCount_4800-ip-app-dev-os": 242,
          "FutureClickCount_4800-cha": 185,
          "FutureClickCount_4800-ip-cha": 142,
          "FutureClickCount_4800-app-cha": 375,
          "FutureClickCount_4800-ip-app-cha": 102,
          "FutureClickCount_4800-dev-cha": 162,
          "FutureClickCount_4800-ip-dev-cha": 87,
          "FutureClickCount_4800-app-dev-cha": 166,
          "FutureClickCount_4800-ip-app-dev-cha": 74,
          "FutureClickCount_4800-os-cha": 161,
          "FutureClickCount_4800-ip-os-cha": 61,
          "FutureClickCount_4800-app-os-cha": 151,
          "FutureClickCount_4800-ip-app-os-cha": 61,
          "FutureClickCount_4800-dev-os-cha": 198,
          "FutureClickCount_4800-ip-dev-os-cha": 51,
          "FutureClickCount_4800-app-dev-os-cha": 193,
          "FutureClickCount_4800-ip-app-dev-os-cha": 57,
          "NextClickTimeDelta-ip": 420,
          "NextClickTimeDelta-app": 61,
          "NextClickTimeDelta-ip-app": 663,
          "NextClickTimeDelta-dev": 27,
          "NextClickTimeDelta-ip-dev": 341,
          "NextClickTimeDelta-app-dev": 35,
          "NextClickTimeDelta-ip-app-dev": 347,
          "NextClickTimeDelta-os": 38,
          "NextClickTimeDelta-ip-os": 405,
          "NextClickTimeDelta-app-os": 83,
          "NextClickTimeDelta-ip-app-os": 1202,
          "NextClickTimeDelta-dev-os": 82,
          "NextClickTimeDelta-ip-dev-os": 284,
          "NextClickTimeDelta-app-dev-os": 94,
          "NextClickTimeDelta-ip-app-dev-os": 1701,
          "NextClickTimeDelta-cha": 54,
          "NextClickTimeDelta-ip-cha": 282,
          "NextClickTimeDelta-app-cha": 104,
          "NextClickTimeDelta-ip-app-cha": 277,
          "NextClickTimeDelta-dev-cha": 50,
          "NextClickTimeDelta-ip-dev-cha": 204,
          "NextClickTimeDelta-app-dev-cha": 65,
          "NextClickTimeDelta-ip-app-dev-cha": 184,
          "NextClickTimeDelta-os-cha": 115,
          "NextClickTimeDelta-ip-os-cha": 236,
          "NextClickTimeDelta-app-os-cha": 156,
          "NextClickTimeDelta-ip-app-os-cha": 329,
          "NextClickTimeDelta-dev-os-cha": 98,
          "NextClickTimeDelta-ip-dev-os-cha": 192,
          "NextClickTimeDelta-app-dev-os-cha": 140,
          "NextClickTimeDelta-ip-app-dev-os-cha": 359,
          "PrevClickTimeDelta-ip": 349,
          "PrevClickTimeDelta-app": 52,
          "PrevClickTimeDelta-ip-app": 215,
          "PrevClickTimeDelta-dev": 36,
          "PrevClickTimeDelta-ip-dev": 241,
          "PrevClickTimeDelta-app-dev": 53,
          "PrevClickTimeDelta-ip-app-dev": 156,
          "PrevClickTimeDelta-os": 46,
          "PrevClickTimeDelta-ip-os": 271,
          "PrevClickTimeDelta-app-os": 78,
          "PrevClickTimeDelta-ip-app-os": 225,
          "PrevClickTimeDelta-dev-os": 46,
          "PrevClickTimeDelta-ip-dev-os": 191,
          "PrevClickTimeDelta-app-dev-os": 67,
          "PrevClickTimeDelta-ip-app-dev-os": 165,
          "PrevClickTimeDelta-cha": 41,
          "PrevClickTimeDelta-ip-cha": 251,
          "PrevClickTimeDelta-app-cha": 104,
          "PrevClickTimeDelta-ip-app-cha": 175,
          "PrevClickTimeDelta-dev-cha": 52,
          "PrevClickTimeDelta-ip-dev-cha": 160,
          "PrevClickTimeDelta-app-dev-cha": 54,
          "PrevClickTimeDelta-ip-app-dev-cha": 127,
          "PrevClickTimeDelta-os-cha": 114,
          "PrevClickTimeDelta-ip-os-cha": 138,
          "PrevClickTimeDelta-app-os-cha": 124,
          "PrevClickTimeDelta-ip-app-os-cha": 141,
          "PrevClickTimeDelta-dev-os-cha": 113,
          "PrevClickTimeDelta-ip-dev-os-cha": 92,
          "PrevClickTimeDelta-app-dev-os-cha": 91,
          "PrevClickTimeDelta-ip-app-dev-os-cha": 91,
          "AverageAttributedRatio-ip": 179,
          "AverageAttributedRatio-app": 198,
          "AverageAttributedRatio-ip-app": 153,
          "AverageAttributedRatio-dev": 319,
          "AverageAttributedRatio-ip-dev": 173,
          "AverageAttributedRatio-app-dev": 207,
          "AverageAttributedRatio-ip-app-dev": 273,
          "AverageAttributedRatio-os": 190,
          "AverageAttributedRatio-ip-os": 107,
          "AverageAttributedRatio-app-os": 197,
          "AverageAttributedRatio-ip-app-os": 46,
          "AverageAttributedRatio-dev-os": 154,
          "AverageAttributedRatio-ip-dev-os": 113,
          "AverageAttributedRatio-app-dev-os": 235,
          "AverageAttributedRatio-ip-app-dev-os": 28,
          "AverageAttributedRatio-cha": 194,
          "AverageAttributedRatio-ip-cha": 76,
          "AverageAttributedRatio-app-cha": 190,
          "AverageAttributedRatio-ip-app-cha": 49,
          "AverageAttributedRatio-dev-cha": 157,
          "AverageAttributedRatio-ip-dev-cha": 62,
          "AverageAttributedRatio-app-dev-cha": 190,
          "AverageAttributedRatio-ip-app-dev-cha": 50,
          "AverageAttributedRatio-os-cha": 163,
          "AverageAttributedRatio-ip-os-cha": 18,
          "AverageAttributedRatio-app-os-cha": 253,
          "AverageAttributedRatio-ip-app-os-cha": 23,
          "AverageAttributedRatio-dev-os-cha": 148,
          "AverageAttributedRatio-ip-dev-os-cha": 25,
          "AverageAttributedRatio-app-dev-os-cha": 237,
          "AverageAttributedRatio-ip-app-dev-os-cha": 14,
          "KomakiLDA5NoDevice-ip-app-0": 818,
          "KomakiLDA5NoDevice-ip-app-1": 751,
          "KomakiLDA5NoDevice-ip-app-2": 553,
          "KomakiLDA5NoDevice-ip-app-3": 380,
          "KomakiLDA5NoDevice-ip-app-4": 445,
          "KomakiLDA5NoDevice-ip-os-0": 322,
          "KomakiLDA5NoDevice-ip-os-1": 519,
          "KomakiLDA5NoDevice-ip-os-2": 519,
          "KomakiLDA5NoDevice-ip-os-3": 417,
          "KomakiLDA5NoDevice-ip-os-4": 288,
          "KomakiLDA5NoDevice-ip-channel-0": 434,
          "KomakiLDA5NoDevice-ip-channel-1": 528,
          "KomakiLDA5NoDevice-ip-channel-2": 474,
          "KomakiLDA5NoDevice-ip-channel-3": 551,
          "KomakiLDA5NoDevice-ip-channel-4": 651,
          "KomakiLDA5NoDevice-app-ip-0": 314,
          "KomakiLDA5NoDevice-app-ip-1": 240,
          "KomakiLDA5NoDevice-app-ip-2": 206,
          "KomakiLDA5NoDevice-app-ip-3": 303,
          "KomakiLDA5NoDevice-app-ip-4": 192,
          "KomakiLDA5NoDevice-app-os-0": 159,
          "KomakiLDA5NoDevice-app-os-1": 252,
          "KomakiLDA5NoDevice-app-os-2": 202,
          "KomakiLDA5NoDevice-app-os-3": 164,
          "KomakiLDA5NoDevice-app-os-4": 298,
          "KomakiLDA5NoDevice-app-channel-0": 218,
          "KomakiLDA5NoDevice-app-channel-1": 205,
          "KomakiLDA5NoDevice-app-channel-2": 197,
          "KomakiLDA5NoDevice-app-channel-3": 236,
          "KomakiLDA5NoDevice-app-channel-4": 127,
          "KomakiLDA5NoDevice-os-ip-0": 226,
          "KomakiLDA5NoDevice-os-ip-1": 167,
          "KomakiLDA5NoDevice-os-ip-2": 140,
          "KomakiLDA5NoDevice-os-ip-3": 148,
          "KomakiLDA5NoDevice-os-ip-4": 172,
          "KomakiLDA5NoDevice-os-app-0": 240,
          "KomakiLDA5NoDevice-os-app-1": 178,
          "KomakiLDA5NoDevice-os-app-2": 107,
          "KomakiLDA5NoDevice-os-app-3": 202,
          "KomakiLDA5NoDevice-os-app-4": 158,
          "KomakiLDA5NoDevice-os-channel-0": 226,
          "KomakiLDA5NoDevice-os-channel-1": 147,
          "KomakiLDA5NoDevice-os-channel-2": 152,
          "KomakiLDA5NoDevice-os-channel-3": 174,
          "KomakiLDA5NoDevice-os-channel-4": 131,
          "KomakiLDA5NoDevice-channel-ip-0": 177,
          "KomakiLDA5NoDevice-channel-ip-1": 195,
          "KomakiLDA5NoDevice-channel-ip-2": 207,
          "KomakiLDA5NoDevice-channel-ip-3": 176,
          "KomakiLDA5NoDevice-channel-ip-4": 189,
          "KomakiLDA5NoDevice-channel-app-0": 206,
          "KomakiLDA5NoDevice-channel-app-1": 150,
          "KomakiLDA5NoDevice-channel-app-2": 196,
          "KomakiLDA5NoDevice-channel-app-3": 149,
          "KomakiLDA5NoDevice-channel-app-4": 191,
          "KomakiLDA5NoDevice-channel-os-0": 185,
          "KomakiLDA5NoDevice-channel-os-1": 215,
          "KomakiLDA5NoDevice-channel-os-2": 205,
          "KomakiLDA5NoDevice-channel-os-3": 192,
          "KomakiLDA5NoDevice-channel-os-4": 154
        }
      },
      {
        "train_auc": 0.9925506796860343,
        "valid_auc": 0.9839148627445252,
        "best_iteration": 291,
        "train_time": 194.1332974433899,
        "feature_importance": {
          "ip": 1798,
          "os": 727,
          "app": 969,
          "channel": 1260,
          "hour": 1007,
          "second": 1775,
          "minute": 1712,
          "n_channels": 711,
          "ip_app_count": 720,
          "ip_app_os_count": 610,
          "FutureClickCount_600-ip": 372,
          "FutureClickCount_600-app": 227,
          "FutureClickCount_600-ip-app": 111,
          "FutureClickCount_600-dev": 161,
          "FutureClickCount_600-ip-dev": 259,
          "FutureClickCount_600-app-dev": 256,
          "FutureClickCount_600-ip-app-dev": 97,
          "FutureClickCount_600-os": 169,
          "FutureClickCount_600-ip-os": 167,
          "FutureClickCount_600-app-os": 212,
          "FutureClickCount_600-ip-app-os": 162,
          "FutureClickCount_600-dev-os": 453,
          "FutureClickCount_600-ip-dev-os": 171,
          "FutureClickCount_600-app-dev-os": 389,
          "FutureClickCount_600-ip-app-dev-os": 255,
          "FutureClickCount_600-cha": 258,
          "FutureClickCount_600-ip-cha": 48,
          "FutureClickCount_600-app-cha": 332,
          "FutureClickCount_600-ip-app-cha": 38,
          "FutureClickCount_600-dev-cha": 160,
          "FutureClickCount_600-ip-dev-cha": 48,
          "FutureClickCount_600-app-dev-cha": 193,
          "FutureClickCount_600-ip-app-dev-cha": 31,
          "FutureClickCount_600-os-cha": 131,
          "FutureClickCount_600-ip-os-cha": 39,
          "FutureClickCount_600-app-os-cha": 170,
          "FutureClickCount_600-ip-app-os-cha": 26,
          "FutureClickCount_600-dev-os-cha": 128,
          "FutureClickCount_600-ip-dev-os-cha": 32,
          "FutureClickCount_600-app-dev-os-cha": 139,
          "FutureClickCount_600-ip-app-dev-os-cha": 48,
          "FutureClickCount_4800-ip": 783,
          "FutureClickCount_4800-app": 210,
          "FutureClickCount_4800-ip-app": 168,
          "FutureClickCount_4800-dev": 54,
          "FutureClickCount_4800-ip-dev": 732,
          "FutureClickCount_4800-app-dev": 115,
          "FutureClickCount_4800-ip-app-dev": 141,
          "FutureClickCount_4800-os": 103,
          "FutureClickCount_4800-ip-os": 269,
          "FutureClickCount_4800-app-os": 185,
          "FutureClickCount_4800-ip-app-os": 157,
          "FutureClickCount_4800-dev-os": 177,
          "FutureClickCount_4800-ip-dev-os": 460,
          "FutureClickCount_4800-app-dev-os": 331,
          "FutureClickCount_4800-ip-app-dev-os": 219,
          "FutureClickCount_4800-cha": 159,
          "FutureClickCount_4800-ip-cha": 128,
          "FutureClickCount_4800-app-cha": 355,
          "FutureClickCount_4800-ip-app-cha": 98,
          "FutureClickCount_4800-dev-cha": 135,
          "FutureClickCount_4800-ip-dev-cha": 72,
          "FutureClickCount_4800-app-dev-cha": 156,
          "FutureClickCount_4800-ip-app-dev-cha": 69,
          "FutureClickCount_4800-os-cha": 127,
          "FutureClickCount_4800-ip-os-cha": 47,
          "FutureClickCount_4800-app-os-cha": 143,
          "FutureClickCount_4800-ip-app-os-cha": 32,
          "FutureClickCount_4800-dev-os-cha": 172,
          "FutureClickCount_4800-ip-dev-os-cha": 43,
          "FutureClickCount_4800-app-dev-os-cha": 161,
          "FutureClickCount_4800-ip-app-dev-os-cha": 48,
          "NextClickTimeDelta-ip": 398,
          "NextClickTimeDelta-app": 44,
          "NextClickTimeDelta-ip-app": 515,
          "NextClickTimeDelta-dev": 36,
          "NextClickTimeDelta-ip-dev": 321,
          "NextClickTimeDelta-app-dev": 41,
          "NextClickTimeDelta-ip-app-dev": 344,
          "NextClickTimeDelta-os": 31,
          "NextClickTimeDelta-ip-os": 411,
          "NextClickTimeDelta-app-os": 86,
          "NextClickTimeDelta-ip-app-os": 1094,
          "NextClickTimeDelta-dev-os": 49,
          "NextClickTimeDelta-ip-dev-os": 228,
          "NextClickTimeDelta-app-dev-os": 73,
          "NextClickTimeDelta-ip-app-dev-os": 1676,
          "NextClickTimeDelta-cha": 67,
          "NextClickTimeDelta-ip-cha": 269,
          "NextClickTimeDelta-app-cha": 86,
          "NextClickTimeDelta-ip-app-cha": 239,
          "NextClickTimeDelta-dev-cha": 52,
          "NextClickTimeDelta-ip-dev-cha": 168,
          "NextClickTimeDelta-app-dev-cha": 48,
          "NextClickTimeDelta-ip-app-dev-cha": 165,
          "NextClickTimeDelta-os-cha": 93,
          "NextClickTimeDelta-ip-os-cha": 187,
          "NextClickTimeDelta-app-os-cha": 122,
          "NextClickTimeDelta-ip-app-os-cha": 287,
          "NextClickTimeDelta-dev-os-cha": 94,
          "NextClickTimeDelta-ip-dev-os-cha": 185,
          "NextClickTimeDelta-app-dev-os-cha": 109,
          "NextClickTimeDelta-ip-app-dev-os-cha": 279,
          "PrevClickTimeDelta-ip": 334,
          "PrevClickTimeDelta-app": 51,
          "PrevClickTimeDelta-ip-app": 211,
          "PrevClickTimeDelta-dev": 34,
          "PrevClickTimeDelta-ip-dev": 222,
          "PrevClickTimeDelta-app-dev": 42,
          "PrevClickTimeDelta-ip-app-dev": 123,
          "PrevClickTimeDelta-os": 46,
          "PrevClickTimeDelta-ip-os": 272,
          "PrevClickTimeDelta-app-os": 98,
          "PrevClickTimeDelta-ip-app-os": 177,
          "PrevClickTimeDelta-dev-os": 40,
          "PrevClickTimeDelta-ip-dev-os": 152,
          "PrevClickTimeDelta-app-dev-os": 86,
          "PrevClickTimeDelta-ip-app-dev-os": 143,
          "PrevClickTimeDelta-cha": 42,
          "PrevClickTimeDelta-ip-cha": 195,
          "PrevClickTimeDelta-app-cha": 82,
          "PrevClickTimeDelta-ip-app-cha": 162,
          "PrevClickTimeDelta-dev-cha": 64,
          "PrevClickTimeDelta-ip-dev-cha": 125,
          "PrevClickTimeDelta-app-dev-cha": 77,
          "PrevClickTimeDelta-ip-app-dev-cha": 86,
          "PrevClickTimeDelta-os-cha": 95,
          "PrevClickTimeDelta-ip-os-cha": 98,
          "PrevClickTimeDelta-app-os-cha": 116,
          "PrevClickTimeDelta-ip-app-os-cha": 89,
          "PrevClickTimeDelta-dev-os-cha": 92,
          "PrevClickTimeDelta-ip-dev-os-cha": 80,
          "PrevClickTimeDelta-app-dev-os-cha": 89,
          "PrevClickTimeDelta-ip-app-dev-os-cha": 71,
          "AverageAttributedRatio-ip": 159,
          "AverageAttributedRatio-app": 199,
          "AverageAttributedRatio-ip-app": 181,
          "AverageAttributedRatio-dev": 297,
          "AverageAttributedRatio-ip-dev": 154,
          "AverageAttributedRatio-app-dev": 179,
          "AverageAttributedRatio-ip-app-dev": 259,
          "AverageAttributedRatio-os": 175,
          "AverageAttributedRatio-ip-os": 110,
          "AverageAttributedRatio-app-os": 195,
          "AverageAttributedRatio-ip-app-os": 33,
          "AverageAttributedRatio-dev-os": 149,
          "AverageAttributedRatio-ip-dev-os": 106,
          "AverageAttributedRatio-app-dev-os": 244,
          "AverageAttributedRatio-ip-app-dev-os": 30,
          "AverageAttributedRatio-cha": 151,
          "AverageAttributedRatio-ip-cha": 84,
          "AverageAttributedRatio-app-cha": 177,
          "AverageAttributedRatio-ip-app-cha": 34,
          "AverageAttributedRatio-dev-cha": 113,
          "AverageAttributedRatio-ip-dev-cha": 51,
          "AverageAttributedRatio-app-dev-cha": 183,
          "AverageAttributedRatio-ip-app-dev-cha": 37,
          "AverageAttributedRatio-os-cha": 184,
          "AverageAttributedRatio-ip-os-cha": 19,
          "AverageAttributedRatio-app-os-cha": 243,
          "AverageAttributedRatio-ip-app-os-cha": 17,
          "AverageAttributedRatio-dev-os-cha": 150,
          "AverageAttributedRatio-ip-dev-os-cha": 24,
          "AverageAttributedRatio-app-dev-os-cha": 239,
          "AverageAttributedRatio-ip-app-dev-os-cha": 15,
          "KomakiLDA5NoDevice-ip-app-0": 711,
          "KomakiLDA5NoDevice-ip-app-1": 671,
          "KomakiLDA5NoDevice-ip-app-2": 463,
          "KomakiLDA5NoDevice-ip-app-3": 368,
          "KomakiLDA5NoDevice-ip-app-4": 341,
          "KomakiLDA5NoDevice-ip-os-0": 313,
          "KomakiLDA5NoDevice-ip-os-1": 455,
          "KomakiLDA5NoDevice-ip-os-2": 424,
          "KomakiLDA5NoDevice-ip-os-3": 342,
          "KomakiLDA5NoDevice-ip-os-4": 264,
          "KomakiLDA5NoDevice-ip-channel-0": 386,
          "KomakiLDA5NoDevice-ip-channel-1": 540,
          "KomakiLDA5NoDevice-ip-channel-2": 472,
          "KomakiLDA5NoDevice-ip-channel-3": 537,
          "KomakiLDA5NoDevice-ip-channel-4": 636,
          "KomakiLDA5NoDevice-app-ip-0": 329,
          "KomakiLDA5NoDevice-app-ip-1": 181,
          "KomakiLDA5NoDevice-app-ip-2": 186,
          "KomakiLDA5NoDevice-app-ip-3": 236,
          "KomakiLDA5NoDevice-app-ip-4": 155,
          "KomakiLDA5NoDevice-app-os-0": 146,
          "KomakiLDA5NoDevice-app-os-1": 243,
          "KomakiLDA5NoDevice-app-os-2": 199,
          "KomakiLDA5NoDevice-app-os-3": 133,
          "KomakiLDA5NoDevice-app-os-4": 276,
          "KomakiLDA5NoDevice-app-channel-0": 142,
          "KomakiLDA5NoDevice-app-channel-1": 197,
          "KomakiLDA5NoDevice-app-channel-2": 189,
          "KomakiLDA5NoDevice-app-channel-3": 190,
          "KomakiLDA5NoDevice-app-channel-4": 125,
          "KomakiLDA5NoDevice-os-ip-0": 219,
          "KomakiLDA5NoDevice-os-ip-1": 150,
          "KomakiLDA5NoDevice-os-ip-2": 116,
          "KomakiLDA5NoDevice-os-ip-3": 122,
          "KomakiLDA5NoDevice-os-ip-4": 181,
          "KomakiLDA5NoDevice-os-app-0": 232,
          "KomakiLDA5NoDevice-os-app-1": 190,
          "KomakiLDA5NoDevice-os-app-2": 116,
          "KomakiLDA5NoDevice-os-app-3": 167,
          "KomakiLDA5NoDevice-os-app-4": 133,
          "KomakiLDA5NoDevice-os-channel-0": 221,
          "KomakiLDA5NoDevice-os-channel-1": 102,
          "KomakiLDA5NoDevice-os-channel-2": 152,
          "KomakiLDA5NoDevice-os-channel-3": 179,
          "KomakiLDA5NoDevice-os-channel-4": 115,
          "KomakiLDA5NoDevice-channel-ip-0": 159,
          "KomakiLDA5NoDevice-channel-ip-1": 157,
          "KomakiLDA5NoDevice-channel-ip-2": 149,
          "KomakiLDA5NoDevice-channel-ip-3": 153,
          "KomakiLDA5NoDevice-channel-ip-4": 188,
          "KomakiLDA5NoDevice-channel-app-0": 209,
          "KomakiLDA5NoDevice-channel-app-1": 142,
          "KomakiLDA5NoDevice-channel-app-2": 153,
          "KomakiLDA5NoDevice-channel-app-3": 133,
          "KomakiLDA5NoDevice-channel-app-4": 217,
          "KomakiLDA5NoDevice-channel-os-0": 191,
          "KomakiLDA5NoDevice-channel-os-1": 193,
          "KomakiLDA5NoDevice-channel-os-2": 164,
          "KomakiLDA5NoDevice-channel-os-3": 192,
          "KomakiLDA5NoDevice-channel-os-4": 140
        }
      },
      {
        "train_auc": 0.9920507207721789,
        "valid_auc": 0.9841441272953119,
        "best_iteration": 255,
        "train_time": 188.43848085403442,
        "feature_importance": {
          "ip": 1587,
          "os": 676,
          "app": 947,
          "channel": 1178,
          "hour": 980,
          "second": 1643,
          "minute": 1603,
          "n_channels": 688,
          "ip_app_count": 711,
          "ip_app_os_count": 527,
          "FutureClickCount_600-ip": 331,
          "FutureClickCount_600-app": 221,
          "FutureClickCount_600-ip-app": 74,
          "FutureClickCount_600-dev": 168,
          "FutureClickCount_600-ip-dev": 267,
          "FutureClickCount_600-app-dev": 213,
          "FutureClickCount_600-ip-app-dev": 65,
          "FutureClickCount_600-os": 143,
          "FutureClickCount_600-ip-os": 154,
          "FutureClickCount_600-app-os": 180,
          "FutureClickCount_600-ip-app-os": 120,
          "FutureClickCount_600-dev-os": 436,
          "FutureClickCount_600-ip-dev-os": 138,
          "FutureClickCount_600-app-dev-os": 374,
          "FutureClickCount_600-ip-app-dev-os": 224,
          "FutureClickCount_600-cha": 198,
          "FutureClickCount_600-ip-cha": 37,
          "FutureClickCount_600-app-cha": 363,
          "FutureClickCount_600-ip-app-cha": 34,
          "FutureClickCount_600-dev-cha": 142,
          "FutureClickCount_600-ip-dev-cha": 42,
          "FutureClickCount_600-app-dev-cha": 171,
          "FutureClickCount_600-ip-app-dev-cha": 33,
          "FutureClickCount_600-os-cha": 104,
          "FutureClickCount_600-ip-os-cha": 41,
          "FutureClickCount_600-app-os-cha": 158,
          "FutureClickCount_600-ip-app-os-cha": 41,
          "FutureClickCount_600-dev-os-cha": 116,
          "FutureClickCount_600-ip-dev-os-cha": 30,
          "FutureClickCount_600-app-dev-os-cha": 157,
          "FutureClickCount_600-ip-app-dev-os-cha": 39,
          "FutureClickCount_4800-ip": 693,
          "FutureClickCount_4800-app": 164,
          "FutureClickCount_4800-ip-app": 198,
          "FutureClickCount_4800-dev": 48,
          "FutureClickCount_4800-ip-dev": 626,
          "FutureClickCount_4800-app-dev": 106,
          "FutureClickCount_4800-ip-app-dev": 118,
          "FutureClickCount_4800-os": 82,
          "FutureClickCount_4800-ip-os": 295,
          "FutureClickCount_4800-app-os": 179,
          "FutureClickCount_4800-ip-app-os": 159,
          "FutureClickCount_4800-dev-os": 155,
          "FutureClickCount_4800-ip-dev-os": 446,
          "FutureClickCount_4800-app-dev-os": 341,
          "FutureClickCount_4800-ip-app-dev-os": 201,
          "FutureClickCount_4800-cha": 125,
          "FutureClickCount_4800-ip-cha": 109,
          "FutureClickCount_4800-app-cha": 308,
          "FutureClickCount_4800-ip-app-cha": 73,
          "FutureClickCount_4800-dev-cha": 127,
          "FutureClickCount_4800-ip-dev-cha": 71,
          "FutureClickCount_4800-app-dev-cha": 137,
          "FutureClickCount_4800-ip-app-dev-cha": 61,
          "FutureClickCount_4800-os-cha": 130,
          "FutureClickCount_4800-ip-os-cha": 48,
          "FutureClickCount_4800-app-os-cha": 166,
          "FutureClickCount_4800-ip-app-os-cha": 38,
          "FutureClickCount_4800-dev-os-cha": 137,
          "FutureClickCount_4800-ip-dev-os-cha": 39,
          "FutureClickCount_4800-app-dev-os-cha": 167,
          "FutureClickCount_4800-ip-app-dev-os-cha": 35,
          "NextClickTimeDelta-ip": 366,
          "NextClickTimeDelta-app": 50,
          "NextClickTimeDelta-ip-app": 500,
          "NextClickTimeDelta-dev": 29,
          "NextClickTimeDelta-ip-dev": 283,
          "NextClickTimeDelta-app-dev": 44,
          "NextClickTimeDelta-ip-app-dev": 289,
          "NextClickTimeDelta-os": 64,
          "NextClickTimeDelta-ip-os": 362,
          "NextClickTimeDelta-app-os": 81,
          "NextClickTimeDelta-ip-app-os": 1079,
          "NextClickTimeDelta-dev-os": 56,
          "NextClickTimeDelta-ip-dev-os": 223,
          "NextClickTimeDelta-app-dev-os": 59,
          "NextClickTimeDelta-ip-app-dev-os": 1609,
          "NextClickTimeDelta-cha": 54,
          "NextClickTimeDelta-ip-cha": 240,
          "NextClickTimeDelta-app-cha": 90,
          "NextClickTimeDelta-ip-app-cha": 219,
          "NextClickTimeDelta-dev-cha": 32,
          "NextClickTimeDelta-ip-dev-cha": 190,
          "NextClickTimeDelta-app-dev-cha": 67,
          "NextClickTimeDelta-ip-app-dev-cha": 136,
          "NextClickTimeDelta-os-cha": 95,
          "NextClickTimeDelta-ip-os-cha": 181,
          "NextClickTimeDelta-app-os-cha": 109,
          "NextClickTimeDelta-ip-app-os-cha": 266,
          "NextClickTimeDelta-dev-os-cha": 80,
          "NextClickTimeDelta-ip-dev-os-cha": 173,
          "NextClickTimeDelta-app-dev-os-cha": 108,
          "NextClickTimeDelta-ip-app-dev-os-cha": 287,
          "PrevClickTimeDelta-ip": 323,
          "PrevClickTimeDelta-app": 34,
          "PrevClickTimeDelta-ip-app": 173,
          "PrevClickTimeDelta-dev": 31,
          "PrevClickTimeDelta-ip-dev": 168,
          "PrevClickTimeDelta-app-dev": 42,
          "PrevClickTimeDelta-ip-app-dev": 132,
          "PrevClickTimeDelta-os": 65,
          "PrevClickTimeDelta-ip-os": 244,
          "PrevClickTimeDelta-app-os": 69,
          "PrevClickTimeDelta-ip-app-os": 159,
          "PrevClickTimeDelta-dev-os": 33,
          "PrevClickTimeDelta-ip-dev-os": 145,
          "PrevClickTimeDelta-app-dev-os": 72,
          "PrevClickTimeDelta-ip-app-dev-os": 111,
          "PrevClickTimeDelta-cha": 38,
          "PrevClickTimeDelta-ip-cha": 132,
          "PrevClickTimeDelta-app-cha": 85,
          "PrevClickTimeDelta-ip-app-cha": 115,
          "PrevClickTimeDelta-dev-cha": 61,
          "PrevClickTimeDelta-ip-dev-cha": 112,
          "PrevClickTimeDelta-app-dev-cha": 58,
          "PrevClickTimeDelta-ip-app-dev-cha": 88,
          "PrevClickTimeDelta-os-cha": 90,
          "PrevClickTimeDelta-ip-os-cha": 107,
          "PrevClickTimeDelta-app-os-cha": 87,
          "PrevClickTimeDelta-ip-app-os-cha": 102,
          "PrevClickTimeDelta-dev-os-cha": 55,
          "PrevClickTimeDelta-ip-dev-os-cha": 61,
          "PrevClickTimeDelta-app-dev-os-cha": 72,
          "PrevClickTimeDelta-ip-app-dev-os-cha": 74,
          "AverageAttributedRatio-ip": 135,
          "AverageAttributedRatio-app": 169,
          "AverageAttributedRatio-ip-app": 145,
          "AverageAttributedRatio-dev": 245,
          "AverageAttributedRatio-ip-dev": 118,
          "AverageAttributedRatio-app-dev": 157,
          "AverageAttributedRatio-ip-app-dev": 247,
          "AverageAttributedRatio-os": 150,
          "AverageAttributedRatio-ip-os": 100,
          "AverageAttributedRatio-app-os": 204,
          "AverageAttributedRatio-ip-app-os": 48,
          "AverageAttributedRatio-dev-os": 125,
          "AverageAttributedRatio-ip-dev-os": 84,
          "AverageAttributedRatio-app-dev-os": 215,
          "AverageAttributedRatio-ip-app-dev-os": 33,
          "AverageAttributedRatio-cha": 124,
          "AverageAttributedRatio-ip-cha": 52,
          "AverageAttributedRatio-app-cha": 150,
          "AverageAttributedRatio-ip-app-cha": 45,
          "AverageAttributedRatio-dev-cha": 88,
          "AverageAttributedRatio-ip-dev-cha": 50,
          "AverageAttributedRatio-app-dev-cha": 147,
          "AverageAttributedRatio-ip-app-dev-cha": 45,
          "AverageAttributedRatio-os-cha": 141,
          "AverageAttributedRatio-ip-os-cha": 15,
          "AverageAttributedRatio-app-os-cha": 225,
          "AverageAttributedRatio-ip-app-os-cha": 17,
          "AverageAttributedRatio-dev-os-cha": 115,
          "AverageAttributedRatio-ip-dev-os-cha": 12,
          "AverageAttributedRatio-app-dev-os-cha": 207,
          "AverageAttributedRatio-ip-app-dev-os-cha": 18,
          "KomakiLDA5NoDevice-ip-app-0": 671,
          "KomakiLDA5NoDevice-ip-app-1": 647,
          "KomakiLDA5NoDevice-ip-app-2": 479,
          "KomakiLDA5NoDevice-ip-app-3": 329,
          "KomakiLDA5NoDevice-ip-app-4": 347,
          "KomakiLDA5NoDevice-ip-os-0": 301,
          "KomakiLDA5NoDevice-ip-os-1": 428,
          "KomakiLDA5NoDevice-ip-os-2": 447,
          "KomakiLDA5NoDevice-ip-os-3": 325,
          "KomakiLDA5NoDevice-ip-os-4": 232,
          "KomakiLDA5NoDevice-ip-channel-0": 318,
          "KomakiLDA5NoDevice-ip-channel-1": 540,
          "KomakiLDA5NoDevice-ip-channel-2": 430,
          "KomakiLDA5NoDevice-ip-channel-3": 473,
          "KomakiLDA5NoDevice-ip-channel-4": 576,
          "KomakiLDA5NoDevice-app-ip-0": 263,
          "KomakiLDA5NoDevice-app-ip-1": 199,
          "KomakiLDA5NoDevice-app-ip-2": 190,
          "KomakiLDA5NoDevice-app-ip-3": 233,
          "KomakiLDA5NoDevice-app-ip-4": 156,
          "KomakiLDA5NoDevice-app-os-0": 135,
          "KomakiLDA5NoDevice-app-os-1": 241,
          "KomakiLDA5NoDevice-app-os-2": 176,
          "KomakiLDA5NoDevice-app-os-3": 166,
          "KomakiLDA5NoDevice-app-os-4": 261,
          "KomakiLDA5NoDevice-app-channel-0": 134,
          "KomakiLDA5NoDevice-app-channel-1": 176,
          "KomakiLDA5NoDevice-app-channel-2": 177,
          "KomakiLDA5NoDevice-app-channel-3": 212,
          "KomakiLDA5NoDevice-app-channel-4": 90,
          "KomakiLDA5NoDevice-os-ip-0": 207,
          "KomakiLDA5NoDevice-os-ip-1": 143,
          "KomakiLDA5NoDevice-os-ip-2": 112,
          "KomakiLDA5NoDevice-os-ip-3": 124,
          "KomakiLDA5NoDevice-os-ip-4": 166,
          "KomakiLDA5NoDevice-os-app-0": 198,
          "KomakiLDA5NoDevice-os-app-1": 149,
          "KomakiLDA5NoDevice-os-app-2": 135,
          "KomakiLDA5NoDevice-os-app-3": 155,
          "KomakiLDA5NoDevice-os-app-4": 90,
          "KomakiLDA5NoDevice-os-channel-0": 208,
          "KomakiLDA5NoDevice-os-channel-1": 97,
          "KomakiLDA5NoDevice-os-channel-2": 117,
          "KomakiLDA5NoDevice-os-channel-3": 194,
          "KomakiLDA5NoDevice-os-channel-4": 155,
          "KomakiLDA5NoDevice-channel-ip-0": 123,
          "KomakiLDA5NoDevice-channel-ip-1": 140,
          "KomakiLDA5NoDevice-channel-ip-2": 143,
          "KomakiLDA5NoDevice-channel-ip-3": 151,
          "KomakiLDA5NoDevice-channel-ip-4": 163,
          "KomakiLDA5NoDevice-channel-app-0": 172,
          "KomakiLDA5NoDevice-channel-app-1": 104,
          "KomakiLDA5NoDevice-channel-app-2": 125,
          "KomakiLDA5NoDevice-channel-app-3": 131,
          "KomakiLDA5NoDevice-channel-app-4": 133,
          "KomakiLDA5NoDevice-channel-os-0": 183,
          "KomakiLDA5NoDevice-channel-os-1": 170,
          "KomakiLDA5NoDevice-channel-os-2": 146,
          "KomakiLDA5NoDevice-channel-os-3": 164,
          "KomakiLDA5NoDevice-channel-os-4": 132
        }
      }
    ],
    "average_train_auc": 0.9925245526074704,
    "average_valid_auc": 0.9840512291155425,
    "train_auc_std": 0.000453377733487545,
    "valid_auc_std": 0.00010171154678814654,
    "average_train_time": 197.17339568138124
  },
  "config": {
    "features": [
      "ip",
      "os",
      "app",
      "channel",
      "hour",
      "minute",
      "second",
      "count",
      "future_click_count_10",
      "future_click_count_80",
      "next_click_time_delta",
      "prev_click_time_delta",
      "average_attributed_ratio",
      "komaki_lda_5_no_device"
    ],
    "model": {
      "name": "lightgbm",
      "model_params": {
        "boosting_type": "gbdt",
        "objective": "binary",
        "metric": "auc",
        "learning_rate": 0.03,
        "num_leaves": 255,
        "max_depth": 8,
        "min_child_samples": 20,
        "max_bin": 100,
        "subsample": 0.7,
        "subsample_freq": 1,
        "colsample_bytree": 0.7,
        "min_child_weight": 0,
        "subsample_for_bin": 200000,
        "min_split_gain": 0,
        "reg_alpha": 0,
        "reg_lambda": 0,
        "verbose": 0
      },
      "train_params": {
        "num_boost_round": 1000,
        "early_stopping_rounds": 30
      }
    },
    "dataset": {
      "input_directory": "data/input/",
      "cache_directory": "data/working/",
      "validation_ratio": 0.33333333333,
      "full_data_train": true,
      "files": {
        "train": "train.feather",
        "test": "old_test.feather"
      },
      "negative_down_sampling": {
        "enabled": true,
        "bagging_size": 5,
        "random_state": 114514
      }
    },
    "note": "copied from 24_2 and changed min_child_samples"
  }
}