{
  "training": {
    "trials": [
      {
        "train_auc": 0.9897654093513574,
        "valid_auc": 0.984318129866655,
        "best_iteration": 72,
        "train_time": 87.80197954177856,
        "feature_importance": {
          "ip": 462,
          "os": 182,
          "app": 264,
          "channel": 380,
          "hour": 313,
          "n_channels": 109,
          "ip_app_count": 95,
          "ip_app_os_count": 125,
          "FutureClickCount_600-ip": 58,
          "FutureClickCount_600-app": 28,
          "FutureClickCount_600-ip-app": 13,
          "FutureClickCount_600-dev": 36,
          "FutureClickCount_600-ip-dev": 45,
          "FutureClickCount_600-app-dev": 31,
          "FutureClickCount_600-ip-app-dev": 10,
          "FutureClickCount_600-os": 24,
          "FutureClickCount_600-ip-os": 30,
          "FutureClickCount_600-app-os": 30,
          "FutureClickCount_600-ip-app-os": 31,
          "FutureClickCount_600-dev-os": 150,
          "FutureClickCount_600-ip-dev-os": 31,
          "FutureClickCount_600-app-dev-os": 83,
          "FutureClickCount_600-ip-app-dev-os": 60,
          "FutureClickCount_600-cha": 29,
          "FutureClickCount_600-ip-cha": 10,
          "FutureClickCount_600-app-cha": 64,
          "FutureClickCount_600-ip-app-cha": 5,
          "FutureClickCount_600-dev-cha": 19,
          "FutureClickCount_600-ip-dev-cha": 3,
          "FutureClickCount_600-app-dev-cha": 34,
          "FutureClickCount_600-ip-app-dev-cha": 5,
          "FutureClickCount_600-os-cha": 24,
          "FutureClickCount_600-ip-os-cha": 4,
          "FutureClickCount_600-app-os-cha": 15,
          "FutureClickCount_600-ip-app-os-cha": 9,
          "FutureClickCount_600-dev-os-cha": 22,
          "FutureClickCount_600-ip-dev-os-cha": 10,
          "FutureClickCount_600-app-dev-os-cha": 20,
          "FutureClickCount_600-ip-app-dev-os-cha": 13,
          "FutureClickCount_4800-ip": 173,
          "FutureClickCount_4800-app": 33,
          "FutureClickCount_4800-ip-app": 33,
          "FutureClickCount_4800-dev": 7,
          "FutureClickCount_4800-ip-dev": 180,
          "FutureClickCount_4800-app-dev": 14,
          "FutureClickCount_4800-ip-app-dev": 24,
          "FutureClickCount_4800-os": 10,
          "FutureClickCount_4800-ip-os": 57,
          "FutureClickCount_4800-app-os": 43,
          "FutureClickCount_4800-ip-app-os": 33,
          "FutureClickCount_4800-dev-os": 50,
          "FutureClickCount_4800-ip-dev-os": 113,
          "FutureClickCount_4800-app-dev-os": 96,
          "FutureClickCount_4800-ip-app-dev-os": 51,
          "FutureClickCount_4800-cha": 26,
          "FutureClickCount_4800-ip-cha": 19,
          "FutureClickCount_4800-app-cha": 62,
          "FutureClickCount_4800-ip-app-cha": 7,
          "FutureClickCount_4800-dev-cha": 15,
          "FutureClickCount_4800-ip-dev-cha": 7,
          "FutureClickCount_4800-app-dev-cha": 31,
          "FutureClickCount_4800-ip-app-dev-cha": 6,
          "FutureClickCount_4800-os-cha": 16,
          "FutureClickCount_4800-ip-os-cha": 5,
          "FutureClickCount_4800-app-os-cha": 31,
          "FutureClickCount_4800-ip-app-os-cha": 10,
          "FutureClickCount_4800-dev-os-cha": 24,
          "FutureClickCount_4800-ip-dev-os-cha": 8,
          "FutureClickCount_4800-app-dev-os-cha": 28,
          "FutureClickCount_4800-ip-app-dev-os-cha": 7,
          "NextClickTimeDelta-ip": 70,
          "NextClickTimeDelta-app": 7,
          "NextClickTimeDelta-ip-app": 137,
          "NextClickTimeDelta-dev": 6,
          "NextClickTimeDelta-ip-dev": 47,
          "NextClickTimeDelta-app-dev": 2,
          "NextClickTimeDelta-ip-app-dev": 68,
          "NextClickTimeDelta-os": 5,
          "NextClickTimeDelta-ip-os": 60,
          "NextClickTimeDelta-app-os": 13,
          "NextClickTimeDelta-ip-app-os": 212,
          "NextClickTimeDelta-dev-os": 6,
          "NextClickTimeDelta-ip-dev-os": 49,
          "NextClickTimeDelta-app-dev-os": 14,
          "NextClickTimeDelta-ip-app-dev-os": 480,
          "NextClickTimeDelta-cha": 3,
          "NextClickTimeDelta-ip-cha": 38,
          "NextClickTimeDelta-app-cha": 15,
          "NextClickTimeDelta-ip-app-cha": 36,
          "NextClickTimeDelta-dev-cha": 9,
          "NextClickTimeDelta-ip-dev-cha": 30,
          "NextClickTimeDelta-app-dev-cha": 9,
          "NextClickTimeDelta-ip-app-dev-cha": 28,
          "NextClickTimeDelta-os-cha": 11,
          "NextClickTimeDelta-ip-os-cha": 35,
          "NextClickTimeDelta-app-os-cha": 14,
          "NextClickTimeDelta-ip-app-os-cha": 49,
          "NextClickTimeDelta-dev-os-cha": 13,
          "NextClickTimeDelta-ip-dev-os-cha": 30,
          "NextClickTimeDelta-app-dev-os-cha": 22,
          "NextClickTimeDelta-ip-app-dev-os-cha": 84,
          "PrevClickTimeDelta-ip": 45,
          "PrevClickTimeDelta-app": 6,
          "PrevClickTimeDelta-ip-app": 17,
          "PrevClickTimeDelta-dev": 2,
          "PrevClickTimeDelta-ip-dev": 27,
          "PrevClickTimeDelta-app-dev": 3,
          "PrevClickTimeDelta-ip-app-dev": 27,
          "PrevClickTimeDelta-os": 11,
          "PrevClickTimeDelta-ip-os": 33,
          "PrevClickTimeDelta-app-os": 7,
          "PrevClickTimeDelta-ip-app-os": 18,
          "PrevClickTimeDelta-dev-os": 6,
          "PrevClickTimeDelta-ip-dev-os": 32,
          "PrevClickTimeDelta-app-dev-os": 8,
          "PrevClickTimeDelta-ip-app-dev-os": 23,
          "PrevClickTimeDelta-cha": 4,
          "PrevClickTimeDelta-ip-cha": 20,
          "PrevClickTimeDelta-app-cha": 7,
          "PrevClickTimeDelta-ip-app-cha": 21,
          "PrevClickTimeDelta-dev-cha": 4,
          "PrevClickTimeDelta-ip-dev-cha": 14,
          "PrevClickTimeDelta-app-dev-cha": 6,
          "PrevClickTimeDelta-ip-app-dev-cha": 12,
          "PrevClickTimeDelta-os-cha": 20,
          "PrevClickTimeDelta-ip-os-cha": 15,
          "PrevClickTimeDelta-app-os-cha": 8,
          "PrevClickTimeDelta-ip-app-os-cha": 12,
          "PrevClickTimeDelta-dev-os-cha": 13,
          "PrevClickTimeDelta-ip-dev-os-cha": 3,
          "PrevClickTimeDelta-app-dev-os-cha": 18,
          "PrevClickTimeDelta-ip-app-dev-os-cha": 10,
          "AverageAttributedRatio-ip": 17,
          "AverageAttributedRatio-app": 20,
          "AverageAttributedRatio-ip-app": 20,
          "AverageAttributedRatio-dev": 33,
          "AverageAttributedRatio-ip-dev": 19,
          "AverageAttributedRatio-app-dev": 39,
          "AverageAttributedRatio-ip-app-dev": 55,
          "AverageAttributedRatio-os": 25,
          "AverageAttributedRatio-ip-os": 12,
          "AverageAttributedRatio-app-os": 29,
          "AverageAttributedRatio-ip-app-os": 9,
          "AverageAttributedRatio-dev-os": 19,
          "AverageAttributedRatio-ip-dev-os": 15,
          "AverageAttributedRatio-app-dev-os": 48,
          "AverageAttributedRatio-ip-app-dev-os": 4,
          "AverageAttributedRatio-cha": 13,
          "AverageAttributedRatio-ip-cha": 7,
          "AverageAttributedRatio-app-cha": 28,
          "AverageAttributedRatio-ip-app-cha": 5,
          "AverageAttributedRatio-dev-cha": 18,
          "AverageAttributedRatio-ip-dev-cha": 4,
          "AverageAttributedRatio-app-dev-cha": 20,
          "AverageAttributedRatio-ip-app-dev-cha": 6,
          "AverageAttributedRatio-os-cha": 15,
          "AverageAttributedRatio-ip-os-cha": 5,
          "AverageAttributedRatio-app-os-cha": 44,
          "AverageAttributedRatio-ip-app-os-cha": 2,
          "AverageAttributedRatio-dev-os-cha": 28,
          "AverageAttributedRatio-ip-dev-os-cha": 6,
          "AverageAttributedRatio-app-dev-os-cha": 36,
          "AverageAttributedRatio-ip-app-dev-os-cha": 1,
          "KomakiLDA5NoDevice-ip-app-0": 74,
          "KomakiLDA5NoDevice-ip-app-1": 81,
          "KomakiLDA5NoDevice-ip-app-2": 43,
          "KomakiLDA5NoDevice-ip-app-3": 58,
          "KomakiLDA5NoDevice-ip-app-4": 29,
          "KomakiLDA5NoDevice-ip-os-0": 41,
          "KomakiLDA5NoDevice-ip-os-1": 47,
          "KomakiLDA5NoDevice-ip-os-2": 21,
          "KomakiLDA5NoDevice-ip-os-3": 29,
          "KomakiLDA5NoDevice-ip-os-4": 36,
          "KomakiLDA5NoDevice-ip-channel-0": 63,
          "KomakiLDA5NoDevice-ip-channel-1": 51,
          "KomakiLDA5NoDevice-ip-channel-2": 89,
          "KomakiLDA5NoDevice-ip-channel-3": 76,
          "KomakiLDA5NoDevice-ip-channel-4": 72,
          "KomakiLDA5NoDevice-app-ip-0": 37,
          "KomakiLDA5NoDevice-app-ip-1": 19,
          "KomakiLDA5NoDevice-app-ip-2": 15,
          "KomakiLDA5NoDevice-app-ip-3": 31,
          "KomakiLDA5NoDevice-app-ip-4": 16,
          "KomakiLDA5NoDevice-app-os-0": 13,
          "KomakiLDA5NoDevice-app-os-1": 49,
          "KomakiLDA5NoDevice-app-os-2": 6,
          "KomakiLDA5NoDevice-app-os-3": 16,
          "KomakiLDA5NoDevice-app-os-4": 17,
          "KomakiLDA5NoDevice-app-channel-0": 21,
          "KomakiLDA5NoDevice-app-channel-1": 23,
          "KomakiLDA5NoDevice-app-channel-2": 35,
          "KomakiLDA5NoDevice-app-channel-3": 38,
          "KomakiLDA5NoDevice-app-channel-4": 16,
          "KomakiLDA5NoDevice-os-ip-0": 24,
          "KomakiLDA5NoDevice-os-ip-1": 9,
          "KomakiLDA5NoDevice-os-ip-2": 7,
          "KomakiLDA5NoDevice-os-ip-3": 11,
          "KomakiLDA5NoDevice-os-ip-4": 19,
          "KomakiLDA5NoDevice-os-app-0": 51,
          "KomakiLDA5NoDevice-os-app-1": 16,
          "KomakiLDA5NoDevice-os-app-2": 13,
          "KomakiLDA5NoDevice-os-app-3": 33,
          "KomakiLDA5NoDevice-os-app-4": 6,
          "KomakiLDA5NoDevice-os-channel-0": 30,
          "KomakiLDA5NoDevice-os-channel-1": 17,
          "KomakiLDA5NoDevice-os-channel-2": 32,
          "KomakiLDA5NoDevice-os-channel-3": 50,
          "KomakiLDA5NoDevice-os-channel-4": 14,
          "KomakiLDA5NoDevice-channel-ip-0": 15,
          "KomakiLDA5NoDevice-channel-ip-1": 16,
          "KomakiLDA5NoDevice-channel-ip-2": 15,
          "KomakiLDA5NoDevice-channel-ip-3": 13,
          "KomakiLDA5NoDevice-channel-ip-4": 15,
          "KomakiLDA5NoDevice-channel-app-0": 17,
          "KomakiLDA5NoDevice-channel-app-1": 18,
          "KomakiLDA5NoDevice-channel-app-2": 12,
          "KomakiLDA5NoDevice-channel-app-3": 15,
          "KomakiLDA5NoDevice-channel-app-4": 9,
          "KomakiLDA5NoDevice-channel-os-0": 18,
          "KomakiLDA5NoDevice-channel-os-1": 12,
          "KomakiLDA5NoDevice-channel-os-2": 13,
          "KomakiLDA5NoDevice-channel-os-3": 16,
          "KomakiLDA5NoDevice-channel-os-4": 15,
          "KomakiPCA5NoDevice-ip-app-0": 43,
          "KomakiPCA5NoDevice-ip-app-1": 45,
          "KomakiPCA5NoDevice-ip-app-2": 34,
          "KomakiPCA5NoDevice-ip-app-3": 18,
          "KomakiPCA5NoDevice-ip-app-4": 48,
          "KomakiPCA5NoDevice-ip-os-0": 72,
          "KomakiPCA5NoDevice-ip-os-1": 29,
          "KomakiPCA5NoDevice-ip-os-2": 32,
          "KomakiPCA5NoDevice-ip-os-3": 18,
          "KomakiPCA5NoDevice-ip-os-4": 22,
          "KomakiPCA5NoDevice-ip-channel-0": 107,
          "KomakiPCA5NoDevice-ip-channel-1": 54,
          "KomakiPCA5NoDevice-ip-channel-2": 56,
          "KomakiPCA5NoDevice-ip-channel-3": 38,
          "KomakiPCA5NoDevice-ip-channel-4": 28,
          "KomakiPCA5NoDevice-app-ip-0": 16,
          "KomakiPCA5NoDevice-app-ip-1": 18,
          "KomakiPCA5NoDevice-app-ip-2": 10,
          "KomakiPCA5NoDevice-app-ip-3": 20,
          "KomakiPCA5NoDevice-app-ip-4": 17,
          "KomakiPCA5NoDevice-app-os-0": 25,
          "KomakiPCA5NoDevice-app-os-1": 4,
          "KomakiPCA5NoDevice-app-os-2": 17,
          "KomakiPCA5NoDevice-app-os-3": 23,
          "KomakiPCA5NoDevice-app-os-4": 18,
          "KomakiPCA5NoDevice-app-channel-0": 19,
          "KomakiPCA5NoDevice-app-channel-1": 20,
          "KomakiPCA5NoDevice-app-channel-2": 12,
          "KomakiPCA5NoDevice-app-channel-3": 13,
          "KomakiPCA5NoDevice-app-channel-4": 19,
          "KomakiPCA5NoDevice-os-ip-0": 6,
          "KomakiPCA5NoDevice-os-ip-1": 10,
          "KomakiPCA5NoDevice-os-ip-2": 6,
          "KomakiPCA5NoDevice-os-ip-3": 7,
          "KomakiPCA5NoDevice-os-ip-4": 11,
          "KomakiPCA5NoDevice-os-app-0": 12,
          "KomakiPCA5NoDevice-os-app-1": 7,
          "KomakiPCA5NoDevice-os-app-2": 4,
          "KomakiPCA5NoDevice-os-app-3": 16,
          "KomakiPCA5NoDevice-os-app-4": 16,
          "KomakiPCA5NoDevice-os-channel-0": 7,
          "KomakiPCA5NoDevice-os-channel-1": 16,
          "KomakiPCA5NoDevice-os-channel-2": 11,
          "KomakiPCA5NoDevice-os-channel-3": 10,
          "KomakiPCA5NoDevice-os-channel-4": 16,
          "KomakiPCA5NoDevice-channel-ip-0": 13,
          "KomakiPCA5NoDevice-channel-ip-1": 15,
          "KomakiPCA5NoDevice-channel-ip-2": 19,
          "KomakiPCA5NoDevice-channel-ip-3": 8,
          "KomakiPCA5NoDevice-channel-ip-4": 11,
          "KomakiPCA5NoDevice-channel-app-0": 20,
          "KomakiPCA5NoDevice-channel-app-1": 12,
          "KomakiPCA5NoDevice-channel-app-2": 14,
          "KomakiPCA5NoDevice-channel-app-3": 10,
          "KomakiPCA5NoDevice-channel-app-4": 12,
          "KomakiPCA5NoDevice-channel-os-0": 19,
          "KomakiPCA5NoDevice-channel-os-1": 11,
          "KomakiPCA5NoDevice-channel-os-2": 16,
          "KomakiPCA5NoDevice-channel-os-3": 15,
          "KomakiPCA5NoDevice-channel-os-4": 19,
          "KomakiNMF5NoDevice-ip-app-0": 26,
          "KomakiNMF5NoDevice-ip-app-1": 99,
          "KomakiNMF5NoDevice-ip-app-2": 41,
          "KomakiNMF5NoDevice-ip-app-3": 22,
          "KomakiNMF5NoDevice-ip-app-4": 31,
          "KomakiNMF5NoDevice-ip-os-0": 71,
          "KomakiNMF5NoDevice-ip-os-1": 62,
          "KomakiNMF5NoDevice-ip-os-2": 51,
          "KomakiNMF5NoDevice-ip-os-3": 34,
          "KomakiNMF5NoDevice-ip-os-4": 18,
          "KomakiNMF5NoDevice-ip-channel-0": 41,
          "KomakiNMF5NoDevice-ip-channel-1": 98,
          "KomakiNMF5NoDevice-ip-channel-2": 30,
          "KomakiNMF5NoDevice-ip-channel-3": 42,
          "KomakiNMF5NoDevice-ip-channel-4": 31,
          "KomakiNMF5NoDevice-app-ip-0": 8,
          "KomakiNMF5NoDevice-app-ip-1": 12,
          "KomakiNMF5NoDevice-app-ip-2": 10,
          "KomakiNMF5NoDevice-app-ip-3": 13,
          "KomakiNMF5NoDevice-app-ip-4": 8,
          "KomakiNMF5NoDevice-app-os-0": 6,
          "KomakiNMF5NoDevice-app-os-1": 11,
          "KomakiNMF5NoDevice-app-os-2": 19,
          "KomakiNMF5NoDevice-app-os-3": 1,
          "KomakiNMF5NoDevice-app-os-4": 9,
          "KomakiNMF5NoDevice-app-channel-0": 6,
          "KomakiNMF5NoDevice-app-channel-1": 8,
          "KomakiNMF5NoDevice-app-channel-2": 8,
          "KomakiNMF5NoDevice-app-channel-3": 13,
          "KomakiNMF5NoDevice-app-channel-4": 13,
          "KomakiNMF5NoDevice-os-ip-0": 5,
          "KomakiNMF5NoDevice-os-ip-1": 11,
          "KomakiNMF5NoDevice-os-ip-2": 8,
          "KomakiNMF5NoDevice-os-ip-3": 10,
          "KomakiNMF5NoDevice-os-ip-4": 4,
          "KomakiNMF5NoDevice-os-app-0": 4,
          "KomakiNMF5NoDevice-os-app-1": 0,
          "KomakiNMF5NoDevice-os-app-2": 5,
          "KomakiNMF5NoDevice-os-app-3": 11,
          "KomakiNMF5NoDevice-os-app-4": 9,
          "KomakiNMF5NoDevice-os-channel-0": 19,
          "KomakiNMF5NoDevice-os-channel-1": 8,
          "KomakiNMF5NoDevice-os-channel-2": 20,
          "KomakiNMF5NoDevice-os-channel-3": 16,
          "KomakiNMF5NoDevice-os-channel-4": 5,
          "KomakiNMF5NoDevice-channel-ip-0": 9,
          "KomakiNMF5NoDevice-channel-ip-1": 4,
          "KomakiNMF5NoDevice-channel-ip-2": 13,
          "KomakiNMF5NoDevice-channel-ip-3": 23,
          "KomakiNMF5NoDevice-channel-ip-4": 12,
          "KomakiNMF5NoDevice-channel-app-0": 7,
          "KomakiNMF5NoDevice-channel-app-1": 4,
          "KomakiNMF5NoDevice-channel-app-2": 6,
          "KomakiNMF5NoDevice-channel-app-3": 5,
          "KomakiNMF5NoDevice-channel-app-4": 10,
          "KomakiNMF5NoDevice-channel-os-0": 10,
          "KomakiNMF5NoDevice-channel-os-1": 6,
          "KomakiNMF5NoDevice-channel-os-2": 18,
          "KomakiNMF5NoDevice-channel-os-3": 8,
          "KomakiNMF5NoDevice-channel-os-4": 13
        }
      }
    ],
    "average_train_auc": 0.9897654093513574,
    "average_valid_auc": 0.984318129866655,
    "train_auc_std": 0.0,
    "valid_auc_std": 0.0,
    "average_train_time": 87.80197954177856
  },
  "config": {
    "features": [
      "ip",
      "os",
      "app",
      "channel",
      "hour",
      "count",
      "future_click_count_10",
      "future_click_count_80",
      "next_click_time_delta",
      "prev_click_time_delta",
      "average_attributed_ratio",
      "komaki_lda_5_no_device",
      "komaki_pca_5_no_device",
      "komaki_nmf_5_no_device"
    ],
    "model": {
      "name": "lightgbm",
      "model_params": {
        "boosting_type": "gbdt",
        "objective": "binary",
        "metric": "auc",
        "learning_rate": 0.1,
        "num_leaves": 255,
        "max_depth": 8,
        "min_child_samples": 100,
        "max_bin": 100,
        "subsample": 0.7,
        "subsample_freq": 1,
        "colsample_bytree": 0.7,
        "min_child_weight": 0,
        "subsample_for_bin": 200000,
        "min_split_gain": 0,
        "reg_alpha": 0,
        "reg_lambda": 0,
        "verbose": 0
      },
      "train_params": {
        "num_boost_round": 350,
        "early_stopping_rounds": 30
      }
    },
    "dataset": {
      "input_directory": "data/input/",
      "cache_directory": "data/working/",
      "validation_ratio": 0.33333333333,
      "full_data_train": true,
      "files": {
        "train": "train.feather",
        "test": "old_test.feather"
      },
      "negative_down_sampling": {
        "enabled": true,
        "bagging_size": 1,
        "random_state": 114514
      }
    }
  }
}