{
  "training": {
    "trials": [
      {
        "train_auc": 0.9938119189576317,
        "valid_auc": 0.9848453449573117,
        "best_iteration": 587,
        "train_time": 428.43962240219116,
        "feature_importance": {
          "app": 3139,
          "hour": 3576,
          "n_channels": 1145,
          "ip_app_count": 1006,
          "ip_app_os_count": 1144,
          "FutureClickCount_600-ip": 607,
          "FutureClickCount_600-app": 495,
          "FutureClickCount_600-ip-app": 192,
          "FutureClickCount_600-dev": 304,
          "FutureClickCount_600-ip-dev": 566,
          "FutureClickCount_600-app-dev": 434,
          "FutureClickCount_600-ip-app-dev": 176,
          "FutureClickCount_600-os": 320,
          "FutureClickCount_600-ip-os": 434,
          "FutureClickCount_600-app-os": 457,
          "FutureClickCount_600-ip-app-os": 216,
          "FutureClickCount_600-dev-os": 662,
          "FutureClickCount_600-ip-dev-os": 452,
          "FutureClickCount_600-app-dev-os": 557,
          "FutureClickCount_600-ip-app-dev-os": 355,
          "FutureClickCount_600-cha": 524,
          "FutureClickCount_600-ip-cha": 125,
          "FutureClickCount_600-app-cha": 687,
          "FutureClickCount_600-ip-app-cha": 107,
          "FutureClickCount_600-dev-cha": 347,
          "FutureClickCount_600-ip-dev-cha": 133,
          "FutureClickCount_600-app-dev-cha": 415,
          "FutureClickCount_600-ip-app-dev-cha": 97,
          "FutureClickCount_600-os-cha": 374,
          "FutureClickCount_600-ip-os-cha": 81,
          "FutureClickCount_600-app-os-cha": 390,
          "FutureClickCount_600-ip-app-os-cha": 70,
          "FutureClickCount_600-dev-os-cha": 346,
          "FutureClickCount_600-ip-dev-os-cha": 71,
          "FutureClickCount_600-app-dev-os-cha": 369,
          "FutureClickCount_600-ip-app-dev-os-cha": 98,
          "FutureClickCount_4800-ip": 853,
          "FutureClickCount_4800-app": 364,
          "FutureClickCount_4800-ip-app": 343,
          "FutureClickCount_4800-dev": 106,
          "FutureClickCount_4800-ip-dev": 1092,
          "FutureClickCount_4800-app-dev": 214,
          "FutureClickCount_4800-ip-app-dev": 281,
          "FutureClickCount_4800-os": 157,
          "FutureClickCount_4800-ip-os": 637,
          "FutureClickCount_4800-app-os": 378,
          "FutureClickCount_4800-ip-app-os": 311,
          "FutureClickCount_4800-dev-os": 287,
          "FutureClickCount_4800-ip-dev-os": 766,
          "FutureClickCount_4800-app-dev-os": 454,
          "FutureClickCount_4800-ip-app-dev-os": 366,
          "FutureClickCount_4800-cha": 328,
          "FutureClickCount_4800-ip-cha": 233,
          "FutureClickCount_4800-app-cha": 556,
          "FutureClickCount_4800-ip-app-cha": 189,
          "FutureClickCount_4800-dev-cha": 254,
          "FutureClickCount_4800-ip-dev-cha": 191,
          "FutureClickCount_4800-app-dev-cha": 363,
          "FutureClickCount_4800-ip-app-dev-cha": 139,
          "FutureClickCount_4800-os-cha": 340,
          "FutureClickCount_4800-ip-os-cha": 123,
          "FutureClickCount_4800-app-os-cha": 369,
          "FutureClickCount_4800-ip-app-os-cha": 129,
          "FutureClickCount_4800-dev-os-cha": 308,
          "FutureClickCount_4800-ip-dev-os-cha": 116,
          "FutureClickCount_4800-app-dev-os-cha": 353,
          "FutureClickCount_4800-ip-app-dev-os-cha": 91,
          "NextClickTimeDelta-ip": 786,
          "NextClickTimeDelta-app": 154,
          "NextClickTimeDelta-ip-app": 1002,
          "NextClickTimeDelta-dev": 80,
          "NextClickTimeDelta-ip-dev": 507,
          "NextClickTimeDelta-app-dev": 130,
          "NextClickTimeDelta-ip-app-dev": 576,
          "NextClickTimeDelta-os": 128,
          "NextClickTimeDelta-ip-os": 648,
          "NextClickTimeDelta-app-os": 293,
          "NextClickTimeDelta-ip-app-os": 1620,
          "NextClickTimeDelta-dev-os": 102,
          "NextClickTimeDelta-ip-dev-os": 478,
          "NextClickTimeDelta-app-dev-os": 193,
          "NextClickTimeDelta-ip-app-dev-os": 2439,
          "NextClickTimeDelta-cha": 161,
          "NextClickTimeDelta-ip-cha": 540,
          "NextClickTimeDelta-app-cha": 231,
          "NextClickTimeDelta-ip-app-cha": 502,
          "NextClickTimeDelta-dev-cha": 155,
          "NextClickTimeDelta-ip-dev-cha": 348,
          "NextClickTimeDelta-app-dev-cha": 167,
          "NextClickTimeDelta-ip-app-dev-cha": 342,
          "NextClickTimeDelta-os-cha": 300,
          "NextClickTimeDelta-ip-os-cha": 437,
          "NextClickTimeDelta-app-os-cha": 368,
          "NextClickTimeDelta-ip-app-os-cha": 508,
          "NextClickTimeDelta-dev-os-cha": 206,
          "NextClickTimeDelta-ip-dev-os-cha": 307,
          "NextClickTimeDelta-app-dev-os-cha": 221,
          "NextClickTimeDelta-ip-app-dev-os-cha": 523,
          "AverageAttributedRatio-ip": 467,
          "AverageAttributedRatio-app": 450,
          "AverageAttributedRatio-ip-app": 327,
          "AverageAttributedRatio-dev": 682,
          "AverageAttributedRatio-ip-dev": 464,
          "AverageAttributedRatio-app-dev": 276,
          "AverageAttributedRatio-ip-app-dev": 376,
          "AverageAttributedRatio-os": 446,
          "AverageAttributedRatio-ip-os": 314,
          "AverageAttributedRatio-app-os": 399,
          "AverageAttributedRatio-ip-app-os": 129,
          "AverageAttributedRatio-dev-os": 345,
          "AverageAttributedRatio-ip-dev-os": 313,
          "AverageAttributedRatio-app-dev-os": 392,
          "AverageAttributedRatio-ip-app-dev-os": 103,
          "AverageAttributedRatio-cha": 338,
          "AverageAttributedRatio-ip-cha": 164,
          "AverageAttributedRatio-app-cha": 309,
          "AverageAttributedRatio-ip-app-cha": 118,
          "AverageAttributedRatio-dev-cha": 260,
          "AverageAttributedRatio-ip-dev-cha": 124,
          "AverageAttributedRatio-app-dev-cha": 318,
          "AverageAttributedRatio-ip-app-dev-cha": 123,
          "AverageAttributedRatio-os-cha": 299,
          "AverageAttributedRatio-ip-os-cha": 111,
          "AverageAttributedRatio-app-os-cha": 461,
          "AverageAttributedRatio-ip-app-os-cha": 67,
          "AverageAttributedRatio-dev-os-cha": 313,
          "AverageAttributedRatio-ip-dev-os-cha": 75,
          "AverageAttributedRatio-app-dev-os-cha": 431,
          "AverageAttributedRatio-ip-app-dev-os-cha": 56,
          "KomakiLDA5NoDevice-ip-app-0": 1057,
          "KomakiLDA5NoDevice-ip-app-1": 1038,
          "KomakiLDA5NoDevice-ip-app-2": 1074,
          "KomakiLDA5NoDevice-ip-app-3": 702,
          "KomakiLDA5NoDevice-ip-app-4": 579,
          "KomakiLDA5NoDevice-ip-os-0": 991,
          "KomakiLDA5NoDevice-ip-os-1": 974,
          "KomakiLDA5NoDevice-ip-os-2": 642,
          "KomakiLDA5NoDevice-ip-os-3": 789,
          "KomakiLDA5NoDevice-ip-os-4": 927,
          "KomakiLDA5NoDevice-ip-channel-0": 994,
          "KomakiLDA5NoDevice-ip-channel-1": 727,
          "KomakiLDA5NoDevice-ip-channel-2": 1077,
          "KomakiLDA5NoDevice-ip-channel-3": 1001,
          "KomakiLDA5NoDevice-ip-channel-4": 1207,
          "KomakiLDA5NoDevice-app-ip-0": 286,
          "KomakiLDA5NoDevice-app-ip-1": 207,
          "KomakiLDA5NoDevice-app-ip-2": 220,
          "KomakiLDA5NoDevice-app-ip-3": 209,
          "KomakiLDA5NoDevice-app-ip-4": 164,
          "KomakiLDA5NoDevice-app-os-0": 111,
          "KomakiLDA5NoDevice-app-os-1": 231,
          "KomakiLDA5NoDevice-app-os-2": 145,
          "KomakiLDA5NoDevice-app-os-3": 148,
          "KomakiLDA5NoDevice-app-os-4": 163,
          "KomakiLDA5NoDevice-app-channel-0": 146,
          "KomakiLDA5NoDevice-app-channel-1": 166,
          "KomakiLDA5NoDevice-app-channel-2": 226,
          "KomakiLDA5NoDevice-app-channel-3": 171,
          "KomakiLDA5NoDevice-app-channel-4": 107,
          "KomakiLDA5NoDevice-os-ip-0": 344,
          "KomakiLDA5NoDevice-os-ip-1": 229,
          "KomakiLDA5NoDevice-os-ip-2": 231,
          "KomakiLDA5NoDevice-os-ip-3": 193,
          "KomakiLDA5NoDevice-os-ip-4": 228,
          "KomakiLDA5NoDevice-os-app-0": 285,
          "KomakiLDA5NoDevice-os-app-1": 332,
          "KomakiLDA5NoDevice-os-app-2": 125,
          "KomakiLDA5NoDevice-os-app-3": 236,
          "KomakiLDA5NoDevice-os-app-4": 98,
          "KomakiLDA5NoDevice-os-channel-0": 269,
          "KomakiLDA5NoDevice-os-channel-1": 139,
          "KomakiLDA5NoDevice-os-channel-2": 224,
          "KomakiLDA5NoDevice-os-channel-3": 285,
          "KomakiLDA5NoDevice-os-channel-4": 133,
          "KomakiLDA5NoDevice-channel-ip-0": 237,
          "KomakiLDA5NoDevice-channel-ip-1": 305,
          "KomakiLDA5NoDevice-channel-ip-2": 228,
          "KomakiLDA5NoDevice-channel-ip-3": 321,
          "KomakiLDA5NoDevice-channel-ip-4": 228,
          "KomakiLDA5NoDevice-channel-app-0": 273,
          "KomakiLDA5NoDevice-channel-app-1": 206,
          "KomakiLDA5NoDevice-channel-app-2": 279,
          "KomakiLDA5NoDevice-channel-app-3": 201,
          "KomakiLDA5NoDevice-channel-app-4": 202,
          "KomakiLDA5NoDevice-channel-os-0": 232,
          "KomakiLDA5NoDevice-channel-os-1": 278,
          "KomakiLDA5NoDevice-channel-os-2": 270,
          "KomakiLDA5NoDevice-channel-os-3": 223,
          "KomakiLDA5NoDevice-channel-os-4": 243,
          "KomakiNMF5NoDevice-ip-app-0": 584,
          "KomakiNMF5NoDevice-ip-app-1": 995,
          "KomakiNMF5NoDevice-ip-app-2": 801,
          "KomakiNMF5NoDevice-ip-app-3": 524,
          "KomakiNMF5NoDevice-ip-app-4": 679,
          "KomakiNMF5NoDevice-ip-os-0": 846,
          "KomakiNMF5NoDevice-ip-os-1": 809,
          "KomakiNMF5NoDevice-ip-os-2": 671,
          "KomakiNMF5NoDevice-ip-os-3": 727,
          "KomakiNMF5NoDevice-ip-os-4": 668,
          "KomakiNMF5NoDevice-ip-channel-0": 647,
          "KomakiNMF5NoDevice-ip-channel-1": 1050,
          "KomakiNMF5NoDevice-ip-channel-2": 673,
          "KomakiNMF5NoDevice-ip-channel-3": 835,
          "KomakiNMF5NoDevice-ip-channel-4": 689,
          "KomakiNMF5NoDevice-app-ip-0": 128,
          "KomakiNMF5NoDevice-app-ip-1": 148,
          "KomakiNMF5NoDevice-app-ip-2": 117,
          "KomakiNMF5NoDevice-app-ip-3": 118,
          "KomakiNMF5NoDevice-app-ip-4": 78,
          "KomakiNMF5NoDevice-app-os-0": 53,
          "KomakiNMF5NoDevice-app-os-1": 96,
          "KomakiNMF5NoDevice-app-os-2": 90,
          "KomakiNMF5NoDevice-app-os-3": 26,
          "KomakiNMF5NoDevice-app-os-4": 61,
          "KomakiNMF5NoDevice-app-channel-0": 76,
          "KomakiNMF5NoDevice-app-channel-1": 113,
          "KomakiNMF5NoDevice-app-channel-2": 106,
          "KomakiNMF5NoDevice-app-channel-3": 127,
          "KomakiNMF5NoDevice-app-channel-4": 72,
          "KomakiNMF5NoDevice-os-ip-0": 145,
          "KomakiNMF5NoDevice-os-ip-1": 150,
          "KomakiNMF5NoDevice-os-ip-2": 143,
          "KomakiNMF5NoDevice-os-ip-3": 144,
          "KomakiNMF5NoDevice-os-ip-4": 128,
          "KomakiNMF5NoDevice-os-app-0": 57,
          "KomakiNMF5NoDevice-os-app-1": 22,
          "KomakiNMF5NoDevice-os-app-2": 101,
          "KomakiNMF5NoDevice-os-app-3": 185,
          "KomakiNMF5NoDevice-os-app-4": 137,
          "KomakiNMF5NoDevice-os-channel-0": 254,
          "KomakiNMF5NoDevice-os-channel-1": 122,
          "KomakiNMF5NoDevice-os-channel-2": 255,
          "KomakiNMF5NoDevice-os-channel-3": 188,
          "KomakiNMF5NoDevice-os-channel-4": 167,
          "KomakiNMF5NoDevice-channel-ip-0": 270,
          "KomakiNMF5NoDevice-channel-ip-1": 149,
          "KomakiNMF5NoDevice-channel-ip-2": 177,
          "KomakiNMF5NoDevice-channel-ip-3": 217,
          "KomakiNMF5NoDevice-channel-ip-4": 211,
          "KomakiNMF5NoDevice-channel-app-0": 142,
          "KomakiNMF5NoDevice-channel-app-1": 80,
          "KomakiNMF5NoDevice-channel-app-2": 116,
          "KomakiNMF5NoDevice-channel-app-3": 94,
          "KomakiNMF5NoDevice-channel-app-4": 119,
          "KomakiNMF5NoDevice-channel-os-0": 222,
          "KomakiNMF5NoDevice-channel-os-1": 90,
          "KomakiNMF5NoDevice-channel-os-2": 208,
          "KomakiNMF5NoDevice-channel-os-3": 121,
          "KomakiNMF5NoDevice-channel-os-4": 231,
          "KomakiPCA5NoDevice-ip-app-0": 1055,
          "KomakiPCA5NoDevice-ip-app-1": 800,
          "KomakiPCA5NoDevice-ip-app-2": 708,
          "KomakiPCA5NoDevice-ip-app-3": 498,
          "KomakiPCA5NoDevice-ip-app-4": 833,
          "KomakiPCA5NoDevice-ip-os-0": 965,
          "KomakiPCA5NoDevice-ip-os-1": 728,
          "KomakiPCA5NoDevice-ip-os-2": 625,
          "KomakiPCA5NoDevice-ip-os-3": 635,
          "KomakiPCA5NoDevice-ip-os-4": 781,
          "KomakiPCA5NoDevice-ip-channel-0": 1080,
          "KomakiPCA5NoDevice-ip-channel-1": 766,
          "KomakiPCA5NoDevice-ip-channel-2": 711,
          "KomakiPCA5NoDevice-ip-channel-3": 748,
          "KomakiPCA5NoDevice-ip-channel-4": 777,
          "KomakiPCA5NoDevice-app-ip-0": 83,
          "KomakiPCA5NoDevice-app-ip-1": 113,
          "KomakiPCA5NoDevice-app-ip-2": 102,
          "KomakiPCA5NoDevice-app-ip-3": 131,
          "KomakiPCA5NoDevice-app-ip-4": 92,
          "KomakiPCA5NoDevice-app-os-0": 144,
          "KomakiPCA5NoDevice-app-os-1": 85,
          "KomakiPCA5NoDevice-app-os-2": 112,
          "KomakiPCA5NoDevice-app-os-3": 126,
          "KomakiPCA5NoDevice-app-os-4": 109,
          "KomakiPCA5NoDevice-app-channel-0": 87,
          "KomakiPCA5NoDevice-app-channel-1": 157,
          "KomakiPCA5NoDevice-app-channel-2": 114,
          "KomakiPCA5NoDevice-app-channel-3": 95,
          "KomakiPCA5NoDevice-app-channel-4": 160,
          "KomakiPCA5NoDevice-os-ip-0": 72,
          "KomakiPCA5NoDevice-os-ip-1": 136,
          "KomakiPCA5NoDevice-os-ip-2": 119,
          "KomakiPCA5NoDevice-os-ip-3": 153,
          "KomakiPCA5NoDevice-os-ip-4": 148,
          "KomakiPCA5NoDevice-os-app-0": 151,
          "KomakiPCA5NoDevice-os-app-1": 123,
          "KomakiPCA5NoDevice-os-app-2": 86,
          "KomakiPCA5NoDevice-os-app-3": 191,
          "KomakiPCA5NoDevice-os-app-4": 182,
          "KomakiPCA5NoDevice-os-channel-0": 128,
          "KomakiPCA5NoDevice-os-channel-1": 210,
          "KomakiPCA5NoDevice-os-channel-2": 134,
          "KomakiPCA5NoDevice-os-channel-3": 149,
          "KomakiPCA5NoDevice-os-channel-4": 135,
          "KomakiPCA5NoDevice-channel-ip-0": 236,
          "KomakiPCA5NoDevice-channel-ip-1": 235,
          "KomakiPCA5NoDevice-channel-ip-2": 245,
          "KomakiPCA5NoDevice-channel-ip-3": 204,
          "KomakiPCA5NoDevice-channel-ip-4": 268,
          "KomakiPCA5NoDevice-channel-app-0": 238,
          "KomakiPCA5NoDevice-channel-app-1": 141,
          "KomakiPCA5NoDevice-channel-app-2": 123,
          "KomakiPCA5NoDevice-channel-app-3": 157,
          "KomakiPCA5NoDevice-channel-app-4": 189,
          "KomakiPCA5NoDevice-channel-os-0": 209,
          "KomakiPCA5NoDevice-channel-os-1": 173,
          "KomakiPCA5NoDevice-channel-os-2": 158,
          "KomakiPCA5NoDevice-channel-os-3": 176,
          "KomakiPCA5NoDevice-channel-os-4": 228
        }
      },
      {
        "train_auc": 0.9946359870497709,
        "valid_auc": 0.9847905674693737,
        "best_iteration": 671,
        "train_time": 473.30468368530273,
        "feature_importance": {
          "app": 3606,
          "hour": 4266,
          "n_channels": 1257,
          "ip_app_count": 1225,
          "ip_app_os_count": 1303,
          "FutureClickCount_600-ip": 678,
          "FutureClickCount_600-app": 630,
          "FutureClickCount_600-ip-app": 282,
          "FutureClickCount_600-dev": 327,
          "FutureClickCount_600-ip-dev": 684,
          "FutureClickCount_600-app-dev": 486,
          "FutureClickCount_600-ip-app-dev": 212,
          "FutureClickCount_600-os": 391,
          "FutureClickCount_600-ip-os": 493,
          "FutureClickCount_600-app-os": 602,
          "FutureClickCount_600-ip-app-os": 288,
          "FutureClickCount_600-dev-os": 656,
          "FutureClickCount_600-ip-dev-os": 439,
          "FutureClickCount_600-app-dev-os": 648,
          "FutureClickCount_600-ip-app-dev-os": 364,
          "FutureClickCount_600-cha": 562,
          "FutureClickCount_600-ip-cha": 174,
          "FutureClickCount_600-app-cha": 766,
          "FutureClickCount_600-ip-app-cha": 131,
          "FutureClickCount_600-dev-cha": 464,
          "FutureClickCount_600-ip-dev-cha": 160,
          "FutureClickCount_600-app-dev-cha": 478,
          "FutureClickCount_600-ip-app-dev-cha": 129,
          "FutureClickCount_600-os-cha": 442,
          "FutureClickCount_600-ip-os-cha": 96,
          "FutureClickCount_600-app-os-cha": 443,
          "FutureClickCount_600-ip-app-os-cha": 94,
          "FutureClickCount_600-dev-os-cha": 482,
          "FutureClickCount_600-ip-dev-os-cha": 91,
          "FutureClickCount_600-app-dev-os-cha": 377,
          "FutureClickCount_600-ip-app-dev-os-cha": 92,
          "FutureClickCount_4800-ip": 915,
          "FutureClickCount_4800-app": 352,
          "FutureClickCount_4800-ip-app": 410,
          "FutureClickCount_4800-dev": 98,
          "FutureClickCount_4800-ip-dev": 1134,
          "FutureClickCount_4800-app-dev": 252,
          "FutureClickCount_4800-ip-app-dev": 387,
          "FutureClickCount_4800-os": 195,
          "FutureClickCount_4800-ip-os": 670,
          "FutureClickCount_4800-app-os": 413,
          "FutureClickCount_4800-ip-app-os": 330,
          "FutureClickCount_4800-dev-os": 297,
          "FutureClickCount_4800-ip-dev-os": 837,
          "FutureClickCount_4800-app-dev-os": 510,
          "FutureClickCount_4800-ip-app-dev-os": 434,
          "FutureClickCount_4800-cha": 431,
          "FutureClickCount_4800-ip-cha": 315,
          "FutureClickCount_4800-app-cha": 665,
          "FutureClickCount_4800-ip-app-cha": 219,
          "FutureClickCount_4800-dev-cha": 273,
          "FutureClickCount_4800-ip-dev-cha": 271,
          "FutureClickCount_4800-app-dev-cha": 368,
          "FutureClickCount_4800-ip-app-dev-cha": 196,
          "FutureClickCount_4800-os-cha": 419,
          "FutureClickCount_4800-ip-os-cha": 149,
          "FutureClickCount_4800-app-os-cha": 403,
          "FutureClickCount_4800-ip-app-os-cha": 184,
          "FutureClickCount_4800-dev-os-cha": 361,
          "FutureClickCount_4800-ip-dev-os-cha": 160,
          "FutureClickCount_4800-app-dev-os-cha": 402,
          "FutureClickCount_4800-ip-app-dev-os-cha": 141,
          "NextClickTimeDelta-ip": 868,
          "NextClickTimeDelta-app": 154,
          "NextClickTimeDelta-ip-app": 1070,
          "NextClickTimeDelta-dev": 78,
          "NextClickTimeDelta-ip-dev": 624,
          "NextClickTimeDelta-app-dev": 150,
          "NextClickTimeDelta-ip-app-dev": 664,
          "NextClickTimeDelta-os": 134,
          "NextClickTimeDelta-ip-os": 776,
          "NextClickTimeDelta-app-os": 288,
          "NextClickTimeDelta-ip-app-os": 1670,
          "NextClickTimeDelta-dev-os": 133,
          "NextClickTimeDelta-ip-dev-os": 600,
          "NextClickTimeDelta-app-dev-os": 209,
          "NextClickTimeDelta-ip-app-dev-os": 2482,
          "NextClickTimeDelta-cha": 179,
          "NextClickTimeDelta-ip-cha": 779,
          "NextClickTimeDelta-app-cha": 278,
          "NextClickTimeDelta-ip-app-cha": 640,
          "NextClickTimeDelta-dev-cha": 168,
          "NextClickTimeDelta-ip-dev-cha": 501,
          "NextClickTimeDelta-app-dev-cha": 190,
          "NextClickTimeDelta-ip-app-dev-cha": 423,
          "NextClickTimeDelta-os-cha": 398,
          "NextClickTimeDelta-ip-os-cha": 499,
          "NextClickTimeDelta-app-os-cha": 425,
          "NextClickTimeDelta-ip-app-os-cha": 551,
          "NextClickTimeDelta-dev-os-cha": 257,
          "NextClickTimeDelta-ip-dev-os-cha": 386,
          "NextClickTimeDelta-app-dev-os-cha": 305,
          "NextClickTimeDelta-ip-app-dev-os-cha": 652,
          "AverageAttributedRatio-ip": 523,
          "AverageAttributedRatio-app": 520,
          "AverageAttributedRatio-ip-app": 414,
          "AverageAttributedRatio-dev": 852,
          "AverageAttributedRatio-ip-dev": 527,
          "AverageAttributedRatio-app-dev": 346,
          "AverageAttributedRatio-ip-app-dev": 452,
          "AverageAttributedRatio-os": 532,
          "AverageAttributedRatio-ip-os": 376,
          "AverageAttributedRatio-app-os": 467,
          "AverageAttributedRatio-ip-app-os": 137,
          "AverageAttributedRatio-dev-os": 462,
          "AverageAttributedRatio-ip-dev-os": 390,
          "AverageAttributedRatio-app-dev-os": 437,
          "AverageAttributedRatio-ip-app-dev-os": 151,
          "AverageAttributedRatio-cha": 400,
          "AverageAttributedRatio-ip-cha": 214,
          "AverageAttributedRatio-app-cha": 414,
          "AverageAttributedRatio-ip-app-cha": 180,
          "AverageAttributedRatio-dev-cha": 278,
          "AverageAttributedRatio-ip-dev-cha": 179,
          "AverageAttributedRatio-app-dev-cha": 350,
          "AverageAttributedRatio-ip-app-dev-cha": 179,
          "AverageAttributedRatio-os-cha": 349,
          "AverageAttributedRatio-ip-os-cha": 120,
          "AverageAttributedRatio-app-os-cha": 484,
          "AverageAttributedRatio-ip-app-os-cha": 70,
          "AverageAttributedRatio-dev-os-cha": 416,
          "AverageAttributedRatio-ip-dev-os-cha": 95,
          "AverageAttributedRatio-app-dev-os-cha": 496,
          "AverageAttributedRatio-ip-app-dev-os-cha": 61,
          "KomakiLDA5NoDevice-ip-app-0": 1183,
          "KomakiLDA5NoDevice-ip-app-1": 1228,
          "KomakiLDA5NoDevice-ip-app-2": 1293,
          "KomakiLDA5NoDevice-ip-app-3": 848,
          "KomakiLDA5NoDevice-ip-app-4": 717,
          "KomakiLDA5NoDevice-ip-os-0": 1118,
          "KomakiLDA5NoDevice-ip-os-1": 1142,
          "KomakiLDA5NoDevice-ip-os-2": 727,
          "KomakiLDA5NoDevice-ip-os-3": 971,
          "KomakiLDA5NoDevice-ip-os-4": 1088,
          "KomakiLDA5NoDevice-ip-channel-0": 1185,
          "KomakiLDA5NoDevice-ip-channel-1": 896,
          "KomakiLDA5NoDevice-ip-channel-2": 1205,
          "KomakiLDA5NoDevice-ip-channel-3": 1205,
          "KomakiLDA5NoDevice-ip-channel-4": 1329,
          "KomakiLDA5NoDevice-app-ip-0": 274,
          "KomakiLDA5NoDevice-app-ip-1": 234,
          "KomakiLDA5NoDevice-app-ip-2": 209,
          "KomakiLDA5NoDevice-app-ip-3": 263,
          "KomakiLDA5NoDevice-app-ip-4": 167,
          "KomakiLDA5NoDevice-app-os-0": 155,
          "KomakiLDA5NoDevice-app-os-1": 248,
          "KomakiLDA5NoDevice-app-os-2": 166,
          "KomakiLDA5NoDevice-app-os-3": 138,
          "KomakiLDA5NoDevice-app-os-4": 212,
          "KomakiLDA5NoDevice-app-channel-0": 144,
          "KomakiLDA5NoDevice-app-channel-1": 199,
          "KomakiLDA5NoDevice-app-channel-2": 265,
          "KomakiLDA5NoDevice-app-channel-3": 215,
          "KomakiLDA5NoDevice-app-channel-4": 107,
          "KomakiLDA5NoDevice-os-ip-0": 326,
          "KomakiLDA5NoDevice-os-ip-1": 243,
          "KomakiLDA5NoDevice-os-ip-2": 258,
          "KomakiLDA5NoDevice-os-ip-3": 231,
          "KomakiLDA5NoDevice-os-ip-4": 261,
          "KomakiLDA5NoDevice-os-app-0": 286,
          "KomakiLDA5NoDevice-os-app-1": 329,
          "KomakiLDA5NoDevice-os-app-2": 139,
          "KomakiLDA5NoDevice-os-app-3": 231,
          "KomakiLDA5NoDevice-os-app-4": 145,
          "KomakiLDA5NoDevice-os-channel-0": 302,
          "KomakiLDA5NoDevice-os-channel-1": 142,
          "KomakiLDA5NoDevice-os-channel-2": 257,
          "KomakiLDA5NoDevice-os-channel-3": 327,
          "KomakiLDA5NoDevice-os-channel-4": 201,
          "KomakiLDA5NoDevice-channel-ip-0": 302,
          "KomakiLDA5NoDevice-channel-ip-1": 347,
          "KomakiLDA5NoDevice-channel-ip-2": 247,
          "KomakiLDA5NoDevice-channel-ip-3": 383,
          "KomakiLDA5NoDevice-channel-ip-4": 247,
          "KomakiLDA5NoDevice-channel-app-0": 333,
          "KomakiLDA5NoDevice-channel-app-1": 269,
          "KomakiLDA5NoDevice-channel-app-2": 290,
          "KomakiLDA5NoDevice-channel-app-3": 285,
          "KomakiLDA5NoDevice-channel-app-4": 221,
          "KomakiLDA5NoDevice-channel-os-0": 299,
          "KomakiLDA5NoDevice-channel-os-1": 283,
          "KomakiLDA5NoDevice-channel-os-2": 335,
          "KomakiLDA5NoDevice-channel-os-3": 294,
          "KomakiLDA5NoDevice-channel-os-4": 289,
          "KomakiNMF5NoDevice-ip-app-0": 624,
          "KomakiNMF5NoDevice-ip-app-1": 1162,
          "KomakiNMF5NoDevice-ip-app-2": 942,
          "KomakiNMF5NoDevice-ip-app-3": 663,
          "KomakiNMF5NoDevice-ip-app-4": 869,
          "KomakiNMF5NoDevice-ip-os-0": 1007,
          "KomakiNMF5NoDevice-ip-os-1": 992,
          "KomakiNMF5NoDevice-ip-os-2": 867,
          "KomakiNMF5NoDevice-ip-os-3": 904,
          "KomakiNMF5NoDevice-ip-os-4": 848,
          "KomakiNMF5NoDevice-ip-channel-0": 836,
          "KomakiNMF5NoDevice-ip-channel-1": 1182,
          "KomakiNMF5NoDevice-ip-channel-2": 787,
          "KomakiNMF5NoDevice-ip-channel-3": 1008,
          "KomakiNMF5NoDevice-ip-channel-4": 790,
          "KomakiNMF5NoDevice-app-ip-0": 140,
          "KomakiNMF5NoDevice-app-ip-1": 173,
          "KomakiNMF5NoDevice-app-ip-2": 137,
          "KomakiNMF5NoDevice-app-ip-3": 123,
          "KomakiNMF5NoDevice-app-ip-4": 94,
          "KomakiNMF5NoDevice-app-os-0": 45,
          "KomakiNMF5NoDevice-app-os-1": 108,
          "KomakiNMF5NoDevice-app-os-2": 112,
          "KomakiNMF5NoDevice-app-os-3": 45,
          "KomakiNMF5NoDevice-app-os-4": 64,
          "KomakiNMF5NoDevice-app-channel-0": 103,
          "KomakiNMF5NoDevice-app-channel-1": 127,
          "KomakiNMF5NoDevice-app-channel-2": 132,
          "KomakiNMF5NoDevice-app-channel-3": 130,
          "KomakiNMF5NoDevice-app-channel-4": 115,
          "KomakiNMF5NoDevice-os-ip-0": 155,
          "KomakiNMF5NoDevice-os-ip-1": 182,
          "KomakiNMF5NoDevice-os-ip-2": 160,
          "KomakiNMF5NoDevice-os-ip-3": 158,
          "KomakiNMF5NoDevice-os-ip-4": 127,
          "KomakiNMF5NoDevice-os-app-0": 64,
          "KomakiNMF5NoDevice-os-app-1": 23,
          "KomakiNMF5NoDevice-os-app-2": 125,
          "KomakiNMF5NoDevice-os-app-3": 245,
          "KomakiNMF5NoDevice-os-app-4": 136,
          "KomakiNMF5NoDevice-os-channel-0": 289,
          "KomakiNMF5NoDevice-os-channel-1": 148,
          "KomakiNMF5NoDevice-os-channel-2": 258,
          "KomakiNMF5NoDevice-os-channel-3": 225,
          "KomakiNMF5NoDevice-os-channel-4": 184,
          "KomakiNMF5NoDevice-channel-ip-0": 311,
          "KomakiNMF5NoDevice-channel-ip-1": 224,
          "KomakiNMF5NoDevice-channel-ip-2": 210,
          "KomakiNMF5NoDevice-channel-ip-3": 279,
          "KomakiNMF5NoDevice-channel-ip-4": 270,
          "KomakiNMF5NoDevice-channel-app-0": 128,
          "KomakiNMF5NoDevice-channel-app-1": 66,
          "KomakiNMF5NoDevice-channel-app-2": 131,
          "KomakiNMF5NoDevice-channel-app-3": 128,
          "KomakiNMF5NoDevice-channel-app-4": 141,
          "KomakiNMF5NoDevice-channel-os-0": 259,
          "KomakiNMF5NoDevice-channel-os-1": 75,
          "KomakiNMF5NoDevice-channel-os-2": 244,
          "KomakiNMF5NoDevice-channel-os-3": 134,
          "KomakiNMF5NoDevice-channel-os-4": 285,
          "KomakiPCA5NoDevice-ip-app-0": 1127,
          "KomakiPCA5NoDevice-ip-app-1": 883,
          "KomakiPCA5NoDevice-ip-app-2": 879,
          "KomakiPCA5NoDevice-ip-app-3": 684,
          "KomakiPCA5NoDevice-ip-app-4": 1001,
          "KomakiPCA5NoDevice-ip-os-0": 1162,
          "KomakiPCA5NoDevice-ip-os-1": 839,
          "KomakiPCA5NoDevice-ip-os-2": 768,
          "KomakiPCA5NoDevice-ip-os-3": 795,
          "KomakiPCA5NoDevice-ip-os-4": 1070,
          "KomakiPCA5NoDevice-ip-channel-0": 1141,
          "KomakiPCA5NoDevice-ip-channel-1": 880,
          "KomakiPCA5NoDevice-ip-channel-2": 856,
          "KomakiPCA5NoDevice-ip-channel-3": 926,
          "KomakiPCA5NoDevice-ip-channel-4": 887,
          "KomakiPCA5NoDevice-app-ip-0": 120,
          "KomakiPCA5NoDevice-app-ip-1": 89,
          "KomakiPCA5NoDevice-app-ip-2": 107,
          "KomakiPCA5NoDevice-app-ip-3": 144,
          "KomakiPCA5NoDevice-app-ip-4": 102,
          "KomakiPCA5NoDevice-app-os-0": 159,
          "KomakiPCA5NoDevice-app-os-1": 81,
          "KomakiPCA5NoDevice-app-os-2": 134,
          "KomakiPCA5NoDevice-app-os-3": 145,
          "KomakiPCA5NoDevice-app-os-4": 146,
          "KomakiPCA5NoDevice-app-channel-0": 101,
          "KomakiPCA5NoDevice-app-channel-1": 165,
          "KomakiPCA5NoDevice-app-channel-2": 120,
          "KomakiPCA5NoDevice-app-channel-3": 134,
          "KomakiPCA5NoDevice-app-channel-4": 162,
          "KomakiPCA5NoDevice-os-ip-0": 75,
          "KomakiPCA5NoDevice-os-ip-1": 150,
          "KomakiPCA5NoDevice-os-ip-2": 168,
          "KomakiPCA5NoDevice-os-ip-3": 212,
          "KomakiPCA5NoDevice-os-ip-4": 154,
          "KomakiPCA5NoDevice-os-app-0": 150,
          "KomakiPCA5NoDevice-os-app-1": 143,
          "KomakiPCA5NoDevice-os-app-2": 105,
          "KomakiPCA5NoDevice-os-app-3": 202,
          "KomakiPCA5NoDevice-os-app-4": 222,
          "KomakiPCA5NoDevice-os-channel-0": 175,
          "KomakiPCA5NoDevice-os-channel-1": 221,
          "KomakiPCA5NoDevice-os-channel-2": 156,
          "KomakiPCA5NoDevice-os-channel-3": 142,
          "KomakiPCA5NoDevice-os-channel-4": 156,
          "KomakiPCA5NoDevice-channel-ip-0": 263,
          "KomakiPCA5NoDevice-channel-ip-1": 266,
          "KomakiPCA5NoDevice-channel-ip-2": 247,
          "KomakiPCA5NoDevice-channel-ip-3": 230,
          "KomakiPCA5NoDevice-channel-ip-4": 343,
          "KomakiPCA5NoDevice-channel-app-0": 244,
          "KomakiPCA5NoDevice-channel-app-1": 152,
          "KomakiPCA5NoDevice-channel-app-2": 203,
          "KomakiPCA5NoDevice-channel-app-3": 194,
          "KomakiPCA5NoDevice-channel-app-4": 184,
          "KomakiPCA5NoDevice-channel-os-0": 258,
          "KomakiPCA5NoDevice-channel-os-1": 220,
          "KomakiPCA5NoDevice-channel-os-2": 175,
          "KomakiPCA5NoDevice-channel-os-3": 215,
          "KomakiPCA5NoDevice-channel-os-4": 230
        }
      },
      {
        "train_auc": 0.9955003215024579,
        "valid_auc": 0.9846661108469223,
        "best_iteration": 776,
        "train_time": 536.6747417449951,
        "feature_importance": {
          "app": 4097,
          "hour": 4747,
          "n_channels": 1392,
          "ip_app_count": 1381,
          "ip_app_os_count": 1440,
          "FutureClickCount_600-ip": 757,
          "FutureClickCount_600-app": 727,
          "FutureClickCount_600-ip-app": 333,
          "FutureClickCount_600-dev": 364,
          "FutureClickCount_600-ip-dev": 710,
          "FutureClickCount_600-app-dev": 581,
          "FutureClickCount_600-ip-app-dev": 293,
          "FutureClickCount_600-os": 436,
          "FutureClickCount_600-ip-os": 587,
          "FutureClickCount_600-app-os": 624,
          "FutureClickCount_600-ip-app-os": 308,
          "FutureClickCount_600-dev-os": 722,
          "FutureClickCount_600-ip-dev-os": 510,
          "FutureClickCount_600-app-dev-os": 747,
          "FutureClickCount_600-ip-app-dev-os": 387,
          "FutureClickCount_600-cha": 661,
          "FutureClickCount_600-ip-cha": 212,
          "FutureClickCount_600-app-cha": 846,
          "FutureClickCount_600-ip-app-cha": 170,
          "FutureClickCount_600-dev-cha": 524,
          "FutureClickCount_600-ip-dev-cha": 193,
          "FutureClickCount_600-app-dev-cha": 620,
          "FutureClickCount_600-ip-app-dev-cha": 126,
          "FutureClickCount_600-os-cha": 547,
          "FutureClickCount_600-ip-os-cha": 121,
          "FutureClickCount_600-app-os-cha": 541,
          "FutureClickCount_600-ip-app-os-cha": 118,
          "FutureClickCount_600-dev-os-cha": 518,
          "FutureClickCount_600-ip-dev-os-cha": 126,
          "FutureClickCount_600-app-dev-os-cha": 422,
          "FutureClickCount_600-ip-app-dev-os-cha": 135,
          "FutureClickCount_4800-ip": 1075,
          "FutureClickCount_4800-app": 443,
          "FutureClickCount_4800-ip-app": 481,
          "FutureClickCount_4800-dev": 125,
          "FutureClickCount_4800-ip-dev": 1222,
          "FutureClickCount_4800-app-dev": 306,
          "FutureClickCount_4800-ip-app-dev": 405,
          "FutureClickCount_4800-os": 217,
          "FutureClickCount_4800-ip-os": 833,
          "FutureClickCount_4800-app-os": 475,
          "FutureClickCount_4800-ip-app-os": 399,
          "FutureClickCount_4800-dev-os": 386,
          "FutureClickCount_4800-ip-dev-os": 950,
          "FutureClickCount_4800-app-dev-os": 589,
          "FutureClickCount_4800-ip-app-dev-os": 463,
          "FutureClickCount_4800-cha": 442,
          "FutureClickCount_4800-ip-cha": 355,
          "FutureClickCount_4800-app-cha": 763,
          "FutureClickCount_4800-ip-app-cha": 322,
          "FutureClickCount_4800-dev-cha": 359,
          "FutureClickCount_4800-ip-dev-cha": 319,
          "FutureClickCount_4800-app-dev-cha": 475,
          "FutureClickCount_4800-ip-app-dev-cha": 235,
          "FutureClickCount_4800-os-cha": 550,
          "FutureClickCount_4800-ip-os-cha": 215,
          "FutureClickCount_4800-app-os-cha": 544,
          "FutureClickCount_4800-ip-app-os-cha": 162,
          "FutureClickCount_4800-dev-os-cha": 473,
          "FutureClickCount_4800-ip-dev-os-cha": 202,
          "FutureClickCount_4800-app-dev-os-cha": 527,
          "FutureClickCount_4800-ip-app-dev-os-cha": 148,
          "NextClickTimeDelta-ip": 992,
          "NextClickTimeDelta-app": 181,
          "NextClickTimeDelta-ip-app": 1296,
          "NextClickTimeDelta-dev": 108,
          "NextClickTimeDelta-ip-dev": 689,
          "NextClickTimeDelta-app-dev": 161,
          "NextClickTimeDelta-ip-app-dev": 791,
          "NextClickTimeDelta-os": 119,
          "NextClickTimeDelta-ip-os": 916,
          "NextClickTimeDelta-app-os": 334,
          "NextClickTimeDelta-ip-app-os": 1871,
          "NextClickTimeDelta-dev-os": 163,
          "NextClickTimeDelta-ip-dev-os": 595,
          "NextClickTimeDelta-app-dev-os": 305,
          "NextClickTimeDelta-ip-app-dev-os": 2619,
          "NextClickTimeDelta-cha": 206,
          "NextClickTimeDelta-ip-cha": 775,
          "NextClickTimeDelta-app-cha": 263,
          "NextClickTimeDelta-ip-app-cha": 645,
          "NextClickTimeDelta-dev-cha": 219,
          "NextClickTimeDelta-ip-dev-cha": 564,
          "NextClickTimeDelta-app-dev-cha": 215,
          "NextClickTimeDelta-ip-app-dev-cha": 457,
          "NextClickTimeDelta-os-cha": 392,
          "NextClickTimeDelta-ip-os-cha": 625,
          "NextClickTimeDelta-app-os-cha": 506,
          "NextClickTimeDelta-ip-app-os-cha": 626,
          "NextClickTimeDelta-dev-os-cha": 297,
          "NextClickTimeDelta-ip-dev-os-cha": 409,
          "NextClickTimeDelta-app-dev-os-cha": 330,
          "NextClickTimeDelta-ip-app-dev-os-cha": 658,
          "AverageAttributedRatio-ip": 678,
          "AverageAttributedRatio-app": 545,
          "AverageAttributedRatio-ip-app": 452,
          "AverageAttributedRatio-dev": 967,
          "AverageAttributedRatio-ip-dev": 624,
          "AverageAttributedRatio-app-dev": 425,
          "AverageAttributedRatio-ip-app-dev": 471,
          "AverageAttributedRatio-os": 574,
          "AverageAttributedRatio-ip-os": 453,
          "AverageAttributedRatio-app-os": 520,
          "AverageAttributedRatio-ip-app-os": 199,
          "AverageAttributedRatio-dev-os": 528,
          "AverageAttributedRatio-ip-dev-os": 411,
          "AverageAttributedRatio-app-dev-os": 522,
          "AverageAttributedRatio-ip-app-dev-os": 168,
          "AverageAttributedRatio-cha": 482,
          "AverageAttributedRatio-ip-cha": 305,
          "AverageAttributedRatio-app-cha": 463,
          "AverageAttributedRatio-ip-app-cha": 201,
          "AverageAttributedRatio-dev-cha": 355,
          "AverageAttributedRatio-ip-dev-cha": 201,
          "AverageAttributedRatio-app-dev-cha": 363,
          "AverageAttributedRatio-ip-app-dev-cha": 176,
          "AverageAttributedRatio-os-cha": 463,
          "AverageAttributedRatio-ip-os-cha": 108,
          "AverageAttributedRatio-app-os-cha": 557,
          "AverageAttributedRatio-ip-app-os-cha": 82,
          "AverageAttributedRatio-dev-os-cha": 406,
          "AverageAttributedRatio-ip-dev-os-cha": 98,
          "AverageAttributedRatio-app-dev-os-cha": 513,
          "AverageAttributedRatio-ip-app-dev-os-cha": 71,
          "KomakiLDA5NoDevice-ip-app-0": 1387,
          "KomakiLDA5NoDevice-ip-app-1": 1421,
          "KomakiLDA5NoDevice-ip-app-2": 1549,
          "KomakiLDA5NoDevice-ip-app-3": 962,
          "KomakiLDA5NoDevice-ip-app-4": 861,
          "KomakiLDA5NoDevice-ip-os-0": 1387,
          "KomakiLDA5NoDevice-ip-os-1": 1344,
          "KomakiLDA5NoDevice-ip-os-2": 943,
          "KomakiLDA5NoDevice-ip-os-3": 1254,
          "KomakiLDA5NoDevice-ip-os-4": 1335,
          "KomakiLDA5NoDevice-ip-channel-0": 1466,
          "KomakiLDA5NoDevice-ip-channel-1": 1049,
          "KomakiLDA5NoDevice-ip-channel-2": 1444,
          "KomakiLDA5NoDevice-ip-channel-3": 1369,
          "KomakiLDA5NoDevice-ip-channel-4": 1479,
          "KomakiLDA5NoDevice-app-ip-0": 319,
          "KomakiLDA5NoDevice-app-ip-1": 264,
          "KomakiLDA5NoDevice-app-ip-2": 256,
          "KomakiLDA5NoDevice-app-ip-3": 244,
          "KomakiLDA5NoDevice-app-ip-4": 204,
          "KomakiLDA5NoDevice-app-os-0": 195,
          "KomakiLDA5NoDevice-app-os-1": 254,
          "KomakiLDA5NoDevice-app-os-2": 153,
          "KomakiLDA5NoDevice-app-os-3": 182,
          "KomakiLDA5NoDevice-app-os-4": 202,
          "KomakiLDA5NoDevice-app-channel-0": 176,
          "KomakiLDA5NoDevice-app-channel-1": 202,
          "KomakiLDA5NoDevice-app-channel-2": 256,
          "KomakiLDA5NoDevice-app-channel-3": 204,
          "KomakiLDA5NoDevice-app-channel-4": 120,
          "KomakiLDA5NoDevice-os-ip-0": 398,
          "KomakiLDA5NoDevice-os-ip-1": 318,
          "KomakiLDA5NoDevice-os-ip-2": 326,
          "KomakiLDA5NoDevice-os-ip-3": 254,
          "KomakiLDA5NoDevice-os-ip-4": 292,
          "KomakiLDA5NoDevice-os-app-0": 327,
          "KomakiLDA5NoDevice-os-app-1": 370,
          "KomakiLDA5NoDevice-os-app-2": 144,
          "KomakiLDA5NoDevice-os-app-3": 297,
          "KomakiLDA5NoDevice-os-app-4": 150,
          "KomakiLDA5NoDevice-os-channel-0": 332,
          "KomakiLDA5NoDevice-os-channel-1": 177,
          "KomakiLDA5NoDevice-os-channel-2": 250,
          "KomakiLDA5NoDevice-os-channel-3": 308,
          "KomakiLDA5NoDevice-os-channel-4": 248,
          "KomakiLDA5NoDevice-channel-ip-0": 316,
          "KomakiLDA5NoDevice-channel-ip-1": 387,
          "KomakiLDA5NoDevice-channel-ip-2": 282,
          "KomakiLDA5NoDevice-channel-ip-3": 438,
          "KomakiLDA5NoDevice-channel-ip-4": 342,
          "KomakiLDA5NoDevice-channel-app-0": 388,
          "KomakiLDA5NoDevice-channel-app-1": 306,
          "KomakiLDA5NoDevice-channel-app-2": 358,
          "KomakiLDA5NoDevice-channel-app-3": 317,
          "KomakiLDA5NoDevice-channel-app-4": 309,
          "KomakiLDA5NoDevice-channel-os-0": 323,
          "KomakiLDA5NoDevice-channel-os-1": 322,
          "KomakiLDA5NoDevice-channel-os-2": 412,
          "KomakiLDA5NoDevice-channel-os-3": 299,
          "KomakiLDA5NoDevice-channel-os-4": 329,
          "KomakiNMF5NoDevice-ip-app-0": 824,
          "KomakiNMF5NoDevice-ip-app-1": 1223,
          "KomakiNMF5NoDevice-ip-app-2": 1078,
          "KomakiNMF5NoDevice-ip-app-3": 821,
          "KomakiNMF5NoDevice-ip-app-4": 1026,
          "KomakiNMF5NoDevice-ip-os-0": 1182,
          "KomakiNMF5NoDevice-ip-os-1": 1089,
          "KomakiNMF5NoDevice-ip-os-2": 994,
          "KomakiNMF5NoDevice-ip-os-3": 1065,
          "KomakiNMF5NoDevice-ip-os-4": 1025,
          "KomakiNMF5NoDevice-ip-channel-0": 1000,
          "KomakiNMF5NoDevice-ip-channel-1": 1373,
          "KomakiNMF5NoDevice-ip-channel-2": 981,
          "KomakiNMF5NoDevice-ip-channel-3": 1176,
          "KomakiNMF5NoDevice-ip-channel-4": 934,
          "KomakiNMF5NoDevice-app-ip-0": 159,
          "KomakiNMF5NoDevice-app-ip-1": 165,
          "KomakiNMF5NoDevice-app-ip-2": 155,
          "KomakiNMF5NoDevice-app-ip-3": 146,
          "KomakiNMF5NoDevice-app-ip-4": 90,
          "KomakiNMF5NoDevice-app-os-0": 48,
          "KomakiNMF5NoDevice-app-os-1": 135,
          "KomakiNMF5NoDevice-app-os-2": 111,
          "KomakiNMF5NoDevice-app-os-3": 36,
          "KomakiNMF5NoDevice-app-os-4": 52,
          "KomakiNMF5NoDevice-app-channel-0": 107,
          "KomakiNMF5NoDevice-app-channel-1": 155,
          "KomakiNMF5NoDevice-app-channel-2": 131,
          "KomakiNMF5NoDevice-app-channel-3": 142,
          "KomakiNMF5NoDevice-app-channel-4": 131,
          "KomakiNMF5NoDevice-os-ip-0": 190,
          "KomakiNMF5NoDevice-os-ip-1": 231,
          "KomakiNMF5NoDevice-os-ip-2": 197,
          "KomakiNMF5NoDevice-os-ip-3": 195,
          "KomakiNMF5NoDevice-os-ip-4": 143,
          "KomakiNMF5NoDevice-os-app-0": 78,
          "KomakiNMF5NoDevice-os-app-1": 20,
          "KomakiNMF5NoDevice-os-app-2": 178,
          "KomakiNMF5NoDevice-os-app-3": 253,
          "KomakiNMF5NoDevice-os-app-4": 172,
          "KomakiNMF5NoDevice-os-channel-0": 331,
          "KomakiNMF5NoDevice-os-channel-1": 179,
          "KomakiNMF5NoDevice-os-channel-2": 333,
          "KomakiNMF5NoDevice-os-channel-3": 204,
          "KomakiNMF5NoDevice-os-channel-4": 223,
          "KomakiNMF5NoDevice-channel-ip-0": 365,
          "KomakiNMF5NoDevice-channel-ip-1": 236,
          "KomakiNMF5NoDevice-channel-ip-2": 277,
          "KomakiNMF5NoDevice-channel-ip-3": 355,
          "KomakiNMF5NoDevice-channel-ip-4": 310,
          "KomakiNMF5NoDevice-channel-app-0": 168,
          "KomakiNMF5NoDevice-channel-app-1": 76,
          "KomakiNMF5NoDevice-channel-app-2": 195,
          "KomakiNMF5NoDevice-channel-app-3": 155,
          "KomakiNMF5NoDevice-channel-app-4": 214,
          "KomakiNMF5NoDevice-channel-os-0": 286,
          "KomakiNMF5NoDevice-channel-os-1": 85,
          "KomakiNMF5NoDevice-channel-os-2": 294,
          "KomakiNMF5NoDevice-channel-os-3": 173,
          "KomakiNMF5NoDevice-channel-os-4": 296,
          "KomakiPCA5NoDevice-ip-app-0": 1327,
          "KomakiPCA5NoDevice-ip-app-1": 1057,
          "KomakiPCA5NoDevice-ip-app-2": 1089,
          "KomakiPCA5NoDevice-ip-app-3": 736,
          "KomakiPCA5NoDevice-ip-app-4": 1163,
          "KomakiPCA5NoDevice-ip-os-0": 1239,
          "KomakiPCA5NoDevice-ip-os-1": 1011,
          "KomakiPCA5NoDevice-ip-os-2": 1010,
          "KomakiPCA5NoDevice-ip-os-3": 956,
          "KomakiPCA5NoDevice-ip-os-4": 1245,
          "KomakiPCA5NoDevice-ip-channel-0": 1458,
          "KomakiPCA5NoDevice-ip-channel-1": 1155,
          "KomakiPCA5NoDevice-ip-channel-2": 1051,
          "KomakiPCA5NoDevice-ip-channel-3": 1157,
          "KomakiPCA5NoDevice-ip-channel-4": 1130,
          "KomakiPCA5NoDevice-app-ip-0": 122,
          "KomakiPCA5NoDevice-app-ip-1": 125,
          "KomakiPCA5NoDevice-app-ip-2": 130,
          "KomakiPCA5NoDevice-app-ip-3": 178,
          "KomakiPCA5NoDevice-app-ip-4": 111,
          "KomakiPCA5NoDevice-app-os-0": 166,
          "KomakiPCA5NoDevice-app-os-1": 116,
          "KomakiPCA5NoDevice-app-os-2": 173,
          "KomakiPCA5NoDevice-app-os-3": 154,
          "KomakiPCA5NoDevice-app-os-4": 140,
          "KomakiPCA5NoDevice-app-channel-0": 133,
          "KomakiPCA5NoDevice-app-channel-1": 166,
          "KomakiPCA5NoDevice-app-channel-2": 137,
          "KomakiPCA5NoDevice-app-channel-3": 138,
          "KomakiPCA5NoDevice-app-channel-4": 150,
          "KomakiPCA5NoDevice-os-ip-0": 90,
          "KomakiPCA5NoDevice-os-ip-1": 172,
          "KomakiPCA5NoDevice-os-ip-2": 200,
          "KomakiPCA5NoDevice-os-ip-3": 247,
          "KomakiPCA5NoDevice-os-ip-4": 201,
          "KomakiPCA5NoDevice-os-app-0": 172,
          "KomakiPCA5NoDevice-os-app-1": 174,
          "KomakiPCA5NoDevice-os-app-2": 130,
          "KomakiPCA5NoDevice-os-app-3": 270,
          "KomakiPCA5NoDevice-os-app-4": 253,
          "KomakiPCA5NoDevice-os-channel-0": 223,
          "KomakiPCA5NoDevice-os-channel-1": 272,
          "KomakiPCA5NoDevice-os-channel-2": 159,
          "KomakiPCA5NoDevice-os-channel-3": 166,
          "KomakiPCA5NoDevice-os-channel-4": 147,
          "KomakiPCA5NoDevice-channel-ip-0": 361,
          "KomakiPCA5NoDevice-channel-ip-1": 272,
          "KomakiPCA5NoDevice-channel-ip-2": 310,
          "KomakiPCA5NoDevice-channel-ip-3": 288,
          "KomakiPCA5NoDevice-channel-ip-4": 378,
          "KomakiPCA5NoDevice-channel-app-0": 321,
          "KomakiPCA5NoDevice-channel-app-1": 212,
          "KomakiPCA5NoDevice-channel-app-2": 210,
          "KomakiPCA5NoDevice-channel-app-3": 235,
          "KomakiPCA5NoDevice-channel-app-4": 237,
          "KomakiPCA5NoDevice-channel-os-0": 315,
          "KomakiPCA5NoDevice-channel-os-1": 286,
          "KomakiPCA5NoDevice-channel-os-2": 229,
          "KomakiPCA5NoDevice-channel-os-3": 308,
          "KomakiPCA5NoDevice-channel-os-4": 278
        }
      },
      {
        "train_auc": 0.9946210356368171,
        "valid_auc": 0.9846300951920632,
        "best_iteration": 669,
        "train_time": 492.2421956062317,
        "feature_importance": {
          "app": 3624,
          "hour": 4116,
          "n_channels": 1262,
          "ip_app_count": 1266,
          "ip_app_os_count": 1241,
          "FutureClickCount_600-ip": 662,
          "FutureClickCount_600-app": 624,
          "FutureClickCount_600-ip-app": 231,
          "FutureClickCount_600-dev": 314,
          "FutureClickCount_600-ip-dev": 624,
          "FutureClickCount_600-app-dev": 472,
          "FutureClickCount_600-ip-app-dev": 249,
          "FutureClickCount_600-os": 350,
          "FutureClickCount_600-ip-os": 511,
          "FutureClickCount_600-app-os": 572,
          "FutureClickCount_600-ip-app-os": 284,
          "FutureClickCount_600-dev-os": 650,
          "FutureClickCount_600-ip-dev-os": 496,
          "FutureClickCount_600-app-dev-os": 644,
          "FutureClickCount_600-ip-app-dev-os": 396,
          "FutureClickCount_600-cha": 611,
          "FutureClickCount_600-ip-cha": 178,
          "FutureClickCount_600-app-cha": 679,
          "FutureClickCount_600-ip-app-cha": 140,
          "FutureClickCount_600-dev-cha": 414,
          "FutureClickCount_600-ip-dev-cha": 173,
          "FutureClickCount_600-app-dev-cha": 481,
          "FutureClickCount_600-ip-app-dev-cha": 129,
          "FutureClickCount_600-os-cha": 427,
          "FutureClickCount_600-ip-os-cha": 118,
          "FutureClickCount_600-app-os-cha": 457,
          "FutureClickCount_600-ip-app-os-cha": 95,
          "FutureClickCount_600-dev-os-cha": 431,
          "FutureClickCount_600-ip-dev-os-cha": 100,
          "FutureClickCount_600-app-dev-os-cha": 391,
          "FutureClickCount_600-ip-app-dev-os-cha": 86,
          "FutureClickCount_4800-ip": 996,
          "FutureClickCount_4800-app": 386,
          "FutureClickCount_4800-ip-app": 391,
          "FutureClickCount_4800-dev": 120,
          "FutureClickCount_4800-ip-dev": 1159,
          "FutureClickCount_4800-app-dev": 240,
          "FutureClickCount_4800-ip-app-dev": 336,
          "FutureClickCount_4800-os": 204,
          "FutureClickCount_4800-ip-os": 720,
          "FutureClickCount_4800-app-os": 404,
          "FutureClickCount_4800-ip-app-os": 353,
          "FutureClickCount_4800-dev-os": 274,
          "FutureClickCount_4800-ip-dev-os": 860,
          "FutureClickCount_4800-app-dev-os": 511,
          "FutureClickCount_4800-ip-app-dev-os": 434,
          "FutureClickCount_4800-cha": 424,
          "FutureClickCount_4800-ip-cha": 275,
          "FutureClickCount_4800-app-cha": 681,
          "FutureClickCount_4800-ip-app-cha": 223,
          "FutureClickCount_4800-dev-cha": 273,
          "FutureClickCount_4800-ip-dev-cha": 221,
          "FutureClickCount_4800-app-dev-cha": 355,
          "FutureClickCount_4800-ip-app-dev-cha": 213,
          "FutureClickCount_4800-os-cha": 408,
          "FutureClickCount_4800-ip-os-cha": 164,
          "FutureClickCount_4800-app-os-cha": 457,
          "FutureClickCount_4800-ip-app-os-cha": 151,
          "FutureClickCount_4800-dev-os-cha": 394,
          "FutureClickCount_4800-ip-dev-os-cha": 128,
          "FutureClickCount_4800-app-dev-os-cha": 425,
          "FutureClickCount_4800-ip-app-dev-os-cha": 136,
          "NextClickTimeDelta-ip": 866,
          "NextClickTimeDelta-app": 170,
          "NextClickTimeDelta-ip-app": 1043,
          "NextClickTimeDelta-dev": 96,
          "NextClickTimeDelta-ip-dev": 583,
          "NextClickTimeDelta-app-dev": 154,
          "NextClickTimeDelta-ip-app-dev": 677,
          "NextClickTimeDelta-os": 132,
          "NextClickTimeDelta-ip-os": 811,
          "NextClickTimeDelta-app-os": 330,
          "NextClickTimeDelta-ip-app-os": 1735,
          "NextClickTimeDelta-dev-os": 111,
          "NextClickTimeDelta-ip-dev-os": 576,
          "NextClickTimeDelta-app-dev-os": 224,
          "NextClickTimeDelta-ip-app-dev-os": 2587,
          "NextClickTimeDelta-cha": 221,
          "NextClickTimeDelta-ip-cha": 723,
          "NextClickTimeDelta-app-cha": 277,
          "NextClickTimeDelta-ip-app-cha": 542,
          "NextClickTimeDelta-dev-cha": 193,
          "NextClickTimeDelta-ip-dev-cha": 478,
          "NextClickTimeDelta-app-dev-cha": 206,
          "NextClickTimeDelta-ip-app-dev-cha": 401,
          "NextClickTimeDelta-os-cha": 384,
          "NextClickTimeDelta-ip-os-cha": 515,
          "NextClickTimeDelta-app-os-cha": 402,
          "NextClickTimeDelta-ip-app-os-cha": 532,
          "NextClickTimeDelta-dev-os-cha": 245,
          "NextClickTimeDelta-ip-dev-os-cha": 362,
          "NextClickTimeDelta-app-dev-os-cha": 296,
          "NextClickTimeDelta-ip-app-dev-os-cha": 583,
          "AverageAttributedRatio-ip": 595,
          "AverageAttributedRatio-app": 476,
          "AverageAttributedRatio-ip-app": 397,
          "AverageAttributedRatio-dev": 825,
          "AverageAttributedRatio-ip-dev": 515,
          "AverageAttributedRatio-app-dev": 383,
          "AverageAttributedRatio-ip-app-dev": 463,
          "AverageAttributedRatio-os": 519,
          "AverageAttributedRatio-ip-os": 391,
          "AverageAttributedRatio-app-os": 448,
          "AverageAttributedRatio-ip-app-os": 138,
          "AverageAttributedRatio-dev-os": 417,
          "AverageAttributedRatio-ip-dev-os": 403,
          "AverageAttributedRatio-app-dev-os": 446,
          "AverageAttributedRatio-ip-app-dev-os": 158,
          "AverageAttributedRatio-cha": 426,
          "AverageAttributedRatio-ip-cha": 231,
          "AverageAttributedRatio-app-cha": 392,
          "AverageAttributedRatio-ip-app-cha": 151,
          "AverageAttributedRatio-dev-cha": 280,
          "AverageAttributedRatio-ip-dev-cha": 145,
          "AverageAttributedRatio-app-dev-cha": 362,
          "AverageAttributedRatio-ip-app-dev-cha": 132,
          "AverageAttributedRatio-os-cha": 435,
          "AverageAttributedRatio-ip-os-cha": 98,
          "AverageAttributedRatio-app-os-cha": 498,
          "AverageAttributedRatio-ip-app-os-cha": 91,
          "AverageAttributedRatio-dev-os-cha": 359,
          "AverageAttributedRatio-ip-dev-os-cha": 76,
          "AverageAttributedRatio-app-dev-os-cha": 468,
          "AverageAttributedRatio-ip-app-dev-os-cha": 66,
          "KomakiLDA5NoDevice-ip-app-0": 1170,
          "KomakiLDA5NoDevice-ip-app-1": 1167,
          "KomakiLDA5NoDevice-ip-app-2": 1271,
          "KomakiLDA5NoDevice-ip-app-3": 824,
          "KomakiLDA5NoDevice-ip-app-4": 679,
          "KomakiLDA5NoDevice-ip-os-0": 1127,
          "KomakiLDA5NoDevice-ip-os-1": 1177,
          "KomakiLDA5NoDevice-ip-os-2": 727,
          "KomakiLDA5NoDevice-ip-os-3": 971,
          "KomakiLDA5NoDevice-ip-os-4": 1119,
          "KomakiLDA5NoDevice-ip-channel-0": 1211,
          "KomakiLDA5NoDevice-ip-channel-1": 915,
          "KomakiLDA5NoDevice-ip-channel-2": 1165,
          "KomakiLDA5NoDevice-ip-channel-3": 1190,
          "KomakiLDA5NoDevice-ip-channel-4": 1366,
          "KomakiLDA5NoDevice-app-ip-0": 323,
          "KomakiLDA5NoDevice-app-ip-1": 221,
          "KomakiLDA5NoDevice-app-ip-2": 220,
          "KomakiLDA5NoDevice-app-ip-3": 235,
          "KomakiLDA5NoDevice-app-ip-4": 182,
          "KomakiLDA5NoDevice-app-os-0": 156,
          "KomakiLDA5NoDevice-app-os-1": 251,
          "KomakiLDA5NoDevice-app-os-2": 168,
          "KomakiLDA5NoDevice-app-os-3": 117,
          "KomakiLDA5NoDevice-app-os-4": 187,
          "KomakiLDA5NoDevice-app-channel-0": 166,
          "KomakiLDA5NoDevice-app-channel-1": 165,
          "KomakiLDA5NoDevice-app-channel-2": 245,
          "KomakiLDA5NoDevice-app-channel-3": 199,
          "KomakiLDA5NoDevice-app-channel-4": 114,
          "KomakiLDA5NoDevice-os-ip-0": 340,
          "KomakiLDA5NoDevice-os-ip-1": 252,
          "KomakiLDA5NoDevice-os-ip-2": 324,
          "KomakiLDA5NoDevice-os-ip-3": 227,
          "KomakiLDA5NoDevice-os-ip-4": 262,
          "KomakiLDA5NoDevice-os-app-0": 293,
          "KomakiLDA5NoDevice-os-app-1": 329,
          "KomakiLDA5NoDevice-os-app-2": 131,
          "KomakiLDA5NoDevice-os-app-3": 246,
          "KomakiLDA5NoDevice-os-app-4": 143,
          "KomakiLDA5NoDevice-os-channel-0": 322,
          "KomakiLDA5NoDevice-os-channel-1": 140,
          "KomakiLDA5NoDevice-os-channel-2": 250,
          "KomakiLDA5NoDevice-os-channel-3": 314,
          "KomakiLDA5NoDevice-os-channel-4": 184,
          "KomakiLDA5NoDevice-channel-ip-0": 272,
          "KomakiLDA5NoDevice-channel-ip-1": 336,
          "KomakiLDA5NoDevice-channel-ip-2": 250,
          "KomakiLDA5NoDevice-channel-ip-3": 395,
          "KomakiLDA5NoDevice-channel-ip-4": 273,
          "KomakiLDA5NoDevice-channel-app-0": 332,
          "KomakiLDA5NoDevice-channel-app-1": 245,
          "KomakiLDA5NoDevice-channel-app-2": 329,
          "KomakiLDA5NoDevice-channel-app-3": 259,
          "KomakiLDA5NoDevice-channel-app-4": 260,
          "KomakiLDA5NoDevice-channel-os-0": 285,
          "KomakiLDA5NoDevice-channel-os-1": 303,
          "KomakiLDA5NoDevice-channel-os-2": 324,
          "KomakiLDA5NoDevice-channel-os-3": 255,
          "KomakiLDA5NoDevice-channel-os-4": 300,
          "KomakiNMF5NoDevice-ip-app-0": 650,
          "KomakiNMF5NoDevice-ip-app-1": 1024,
          "KomakiNMF5NoDevice-ip-app-2": 916,
          "KomakiNMF5NoDevice-ip-app-3": 693,
          "KomakiNMF5NoDevice-ip-app-4": 819,
          "KomakiNMF5NoDevice-ip-os-0": 898,
          "KomakiNMF5NoDevice-ip-os-1": 863,
          "KomakiNMF5NoDevice-ip-os-2": 831,
          "KomakiNMF5NoDevice-ip-os-3": 877,
          "KomakiNMF5NoDevice-ip-os-4": 875,
          "KomakiNMF5NoDevice-ip-channel-0": 887,
          "KomakiNMF5NoDevice-ip-channel-1": 1187,
          "KomakiNMF5NoDevice-ip-channel-2": 781,
          "KomakiNMF5NoDevice-ip-channel-3": 962,
          "KomakiNMF5NoDevice-ip-channel-4": 829,
          "KomakiNMF5NoDevice-app-ip-0": 123,
          "KomakiNMF5NoDevice-app-ip-1": 186,
          "KomakiNMF5NoDevice-app-ip-2": 134,
          "KomakiNMF5NoDevice-app-ip-3": 125,
          "KomakiNMF5NoDevice-app-ip-4": 90,
          "KomakiNMF5NoDevice-app-os-0": 58,
          "KomakiNMF5NoDevice-app-os-1": 122,
          "KomakiNMF5NoDevice-app-os-2": 105,
          "KomakiNMF5NoDevice-app-os-3": 46,
          "KomakiNMF5NoDevice-app-os-4": 34,
          "KomakiNMF5NoDevice-app-channel-0": 115,
          "KomakiNMF5NoDevice-app-channel-1": 110,
          "KomakiNMF5NoDevice-app-channel-2": 107,
          "KomakiNMF5NoDevice-app-channel-3": 160,
          "KomakiNMF5NoDevice-app-channel-4": 95,
          "KomakiNMF5NoDevice-os-ip-0": 168,
          "KomakiNMF5NoDevice-os-ip-1": 171,
          "KomakiNMF5NoDevice-os-ip-2": 165,
          "KomakiNMF5NoDevice-os-ip-3": 152,
          "KomakiNMF5NoDevice-os-ip-4": 123,
          "KomakiNMF5NoDevice-os-app-0": 88,
          "KomakiNMF5NoDevice-os-app-1": 12,
          "KomakiNMF5NoDevice-os-app-2": 132,
          "KomakiNMF5NoDevice-os-app-3": 223,
          "KomakiNMF5NoDevice-os-app-4": 129,
          "KomakiNMF5NoDevice-os-channel-0": 282,
          "KomakiNMF5NoDevice-os-channel-1": 131,
          "KomakiNMF5NoDevice-os-channel-2": 288,
          "KomakiNMF5NoDevice-os-channel-3": 204,
          "KomakiNMF5NoDevice-os-channel-4": 176,
          "KomakiNMF5NoDevice-channel-ip-0": 353,
          "KomakiNMF5NoDevice-channel-ip-1": 200,
          "KomakiNMF5NoDevice-channel-ip-2": 226,
          "KomakiNMF5NoDevice-channel-ip-3": 289,
          "KomakiNMF5NoDevice-channel-ip-4": 268,
          "KomakiNMF5NoDevice-channel-app-0": 146,
          "KomakiNMF5NoDevice-channel-app-1": 88,
          "KomakiNMF5NoDevice-channel-app-2": 155,
          "KomakiNMF5NoDevice-channel-app-3": 123,
          "KomakiNMF5NoDevice-channel-app-4": 169,
          "KomakiNMF5NoDevice-channel-os-0": 289,
          "KomakiNMF5NoDevice-channel-os-1": 82,
          "KomakiNMF5NoDevice-channel-os-2": 229,
          "KomakiNMF5NoDevice-channel-os-3": 145,
          "KomakiNMF5NoDevice-channel-os-4": 300,
          "KomakiPCA5NoDevice-ip-app-0": 1099,
          "KomakiPCA5NoDevice-ip-app-1": 842,
          "KomakiPCA5NoDevice-ip-app-2": 898,
          "KomakiPCA5NoDevice-ip-app-3": 634,
          "KomakiPCA5NoDevice-ip-app-4": 950,
          "KomakiPCA5NoDevice-ip-os-0": 1079,
          "KomakiPCA5NoDevice-ip-os-1": 752,
          "KomakiPCA5NoDevice-ip-os-2": 815,
          "KomakiPCA5NoDevice-ip-os-3": 815,
          "KomakiPCA5NoDevice-ip-os-4": 927,
          "KomakiPCA5NoDevice-ip-channel-0": 1207,
          "KomakiPCA5NoDevice-ip-channel-1": 918,
          "KomakiPCA5NoDevice-ip-channel-2": 919,
          "KomakiPCA5NoDevice-ip-channel-3": 930,
          "KomakiPCA5NoDevice-ip-channel-4": 888,
          "KomakiPCA5NoDevice-app-ip-0": 120,
          "KomakiPCA5NoDevice-app-ip-1": 111,
          "KomakiPCA5NoDevice-app-ip-2": 114,
          "KomakiPCA5NoDevice-app-ip-3": 135,
          "KomakiPCA5NoDevice-app-ip-4": 128,
          "KomakiPCA5NoDevice-app-os-0": 160,
          "KomakiPCA5NoDevice-app-os-1": 121,
          "KomakiPCA5NoDevice-app-os-2": 134,
          "KomakiPCA5NoDevice-app-os-3": 126,
          "KomakiPCA5NoDevice-app-os-4": 155,
          "KomakiPCA5NoDevice-app-channel-0": 96,
          "KomakiPCA5NoDevice-app-channel-1": 132,
          "KomakiPCA5NoDevice-app-channel-2": 131,
          "KomakiPCA5NoDevice-app-channel-3": 111,
          "KomakiPCA5NoDevice-app-channel-4": 124,
          "KomakiPCA5NoDevice-os-ip-0": 68,
          "KomakiPCA5NoDevice-os-ip-1": 149,
          "KomakiPCA5NoDevice-os-ip-2": 218,
          "KomakiPCA5NoDevice-os-ip-3": 210,
          "KomakiPCA5NoDevice-os-ip-4": 159,
          "KomakiPCA5NoDevice-os-app-0": 164,
          "KomakiPCA5NoDevice-os-app-1": 138,
          "KomakiPCA5NoDevice-os-app-2": 88,
          "KomakiPCA5NoDevice-os-app-3": 231,
          "KomakiPCA5NoDevice-os-app-4": 194,
          "KomakiPCA5NoDevice-os-channel-0": 186,
          "KomakiPCA5NoDevice-os-channel-1": 243,
          "KomakiPCA5NoDevice-os-channel-2": 170,
          "KomakiPCA5NoDevice-os-channel-3": 130,
          "KomakiPCA5NoDevice-os-channel-4": 158,
          "KomakiPCA5NoDevice-channel-ip-0": 303,
          "KomakiPCA5NoDevice-channel-ip-1": 271,
          "KomakiPCA5NoDevice-channel-ip-2": 262,
          "KomakiPCA5NoDevice-channel-ip-3": 256,
          "KomakiPCA5NoDevice-channel-ip-4": 328,
          "KomakiPCA5NoDevice-channel-app-0": 287,
          "KomakiPCA5NoDevice-channel-app-1": 167,
          "KomakiPCA5NoDevice-channel-app-2": 206,
          "KomakiPCA5NoDevice-channel-app-3": 199,
          "KomakiPCA5NoDevice-channel-app-4": 203,
          "KomakiPCA5NoDevice-channel-os-0": 251,
          "KomakiPCA5NoDevice-channel-os-1": 209,
          "KomakiPCA5NoDevice-channel-os-2": 215,
          "KomakiPCA5NoDevice-channel-os-3": 223,
          "KomakiPCA5NoDevice-channel-os-4": 226
        }
      },
      {
        "train_auc": 0.9949211938365451,
        "valid_auc": 0.9848400810526048,
        "best_iteration": 691,
        "train_time": 485.3225347995758,
        "feature_importance": {
          "app": 3622,
          "hour": 4152,
          "n_channels": 1357,
          "ip_app_count": 1167,
          "ip_app_os_count": 1331,
          "FutureClickCount_600-ip": 644,
          "FutureClickCount_600-app": 602,
          "FutureClickCount_600-ip-app": 265,
          "FutureClickCount_600-dev": 370,
          "FutureClickCount_600-ip-dev": 648,
          "FutureClickCount_600-app-dev": 503,
          "FutureClickCount_600-ip-app-dev": 241,
          "FutureClickCount_600-os": 405,
          "FutureClickCount_600-ip-os": 587,
          "FutureClickCount_600-app-os": 604,
          "FutureClickCount_600-ip-app-os": 279,
          "FutureClickCount_600-dev-os": 674,
          "FutureClickCount_600-ip-dev-os": 510,
          "FutureClickCount_600-app-dev-os": 651,
          "FutureClickCount_600-ip-app-dev-os": 350,
          "FutureClickCount_600-cha": 670,
          "FutureClickCount_600-ip-cha": 180,
          "FutureClickCount_600-app-cha": 716,
          "FutureClickCount_600-ip-app-cha": 126,
          "FutureClickCount_600-dev-cha": 465,
          "FutureClickCount_600-ip-dev-cha": 156,
          "FutureClickCount_600-app-dev-cha": 537,
          "FutureClickCount_600-ip-app-dev-cha": 125,
          "FutureClickCount_600-os-cha": 426,
          "FutureClickCount_600-ip-os-cha": 133,
          "FutureClickCount_600-app-os-cha": 468,
          "FutureClickCount_600-ip-app-os-cha": 99,
          "FutureClickCount_600-dev-os-cha": 453,
          "FutureClickCount_600-ip-dev-os-cha": 99,
          "FutureClickCount_600-app-dev-os-cha": 394,
          "FutureClickCount_600-ip-app-dev-os-cha": 113,
          "FutureClickCount_4800-ip": 960,
          "FutureClickCount_4800-app": 416,
          "FutureClickCount_4800-ip-app": 448,
          "FutureClickCount_4800-dev": 114,
          "FutureClickCount_4800-ip-dev": 1131,
          "FutureClickCount_4800-app-dev": 266,
          "FutureClickCount_4800-ip-app-dev": 346,
          "FutureClickCount_4800-os": 189,
          "FutureClickCount_4800-ip-os": 725,
          "FutureClickCount_4800-app-os": 443,
          "FutureClickCount_4800-ip-app-os": 354,
          "FutureClickCount_4800-dev-os": 285,
          "FutureClickCount_4800-ip-dev-os": 877,
          "FutureClickCount_4800-app-dev-os": 613,
          "FutureClickCount_4800-ip-app-dev-os": 388,
          "FutureClickCount_4800-cha": 448,
          "FutureClickCount_4800-ip-cha": 281,
          "FutureClickCount_4800-app-cha": 676,
          "FutureClickCount_4800-ip-app-cha": 226,
          "FutureClickCount_4800-dev-cha": 297,
          "FutureClickCount_4800-ip-dev-cha": 260,
          "FutureClickCount_4800-app-dev-cha": 399,
          "FutureClickCount_4800-ip-app-dev-cha": 193,
          "FutureClickCount_4800-os-cha": 427,
          "FutureClickCount_4800-ip-os-cha": 177,
          "FutureClickCount_4800-app-os-cha": 441,
          "FutureClickCount_4800-ip-app-os-cha": 152,
          "FutureClickCount_4800-dev-os-cha": 436,
          "FutureClickCount_4800-ip-dev-os-cha": 142,
          "FutureClickCount_4800-app-dev-os-cha": 379,
          "FutureClickCount_4800-ip-app-dev-os-cha": 122,
          "NextClickTimeDelta-ip": 887,
          "NextClickTimeDelta-app": 191,
          "NextClickTimeDelta-ip-app": 1015,
          "NextClickTimeDelta-dev": 98,
          "NextClickTimeDelta-ip-dev": 617,
          "NextClickTimeDelta-app-dev": 165,
          "NextClickTimeDelta-ip-app-dev": 705,
          "NextClickTimeDelta-os": 151,
          "NextClickTimeDelta-ip-os": 833,
          "NextClickTimeDelta-app-os": 319,
          "NextClickTimeDelta-ip-app-os": 1772,
          "NextClickTimeDelta-dev-os": 133,
          "NextClickTimeDelta-ip-dev-os": 533,
          "NextClickTimeDelta-app-dev-os": 229,
          "NextClickTimeDelta-ip-app-dev-os": 2519,
          "NextClickTimeDelta-cha": 203,
          "NextClickTimeDelta-ip-cha": 730,
          "NextClickTimeDelta-app-cha": 284,
          "NextClickTimeDelta-ip-app-cha": 535,
          "NextClickTimeDelta-dev-cha": 166,
          "NextClickTimeDelta-ip-dev-cha": 512,
          "NextClickTimeDelta-app-dev-cha": 189,
          "NextClickTimeDelta-ip-app-dev-cha": 387,
          "NextClickTimeDelta-os-cha": 352,
          "NextClickTimeDelta-ip-os-cha": 522,
          "NextClickTimeDelta-app-os-cha": 397,
          "NextClickTimeDelta-ip-app-os-cha": 562,
          "NextClickTimeDelta-dev-os-cha": 232,
          "NextClickTimeDelta-ip-dev-os-cha": 401,
          "NextClickTimeDelta-app-dev-os-cha": 299,
          "NextClickTimeDelta-ip-app-dev-os-cha": 606,
          "AverageAttributedRatio-ip": 531,
          "AverageAttributedRatio-app": 514,
          "AverageAttributedRatio-ip-app": 439,
          "AverageAttributedRatio-dev": 845,
          "AverageAttributedRatio-ip-dev": 538,
          "AverageAttributedRatio-app-dev": 315,
          "AverageAttributedRatio-ip-app-dev": 462,
          "AverageAttributedRatio-os": 505,
          "AverageAttributedRatio-ip-os": 374,
          "AverageAttributedRatio-app-os": 434,
          "AverageAttributedRatio-ip-app-os": 164,
          "AverageAttributedRatio-dev-os": 428,
          "AverageAttributedRatio-ip-dev-os": 354,
          "AverageAttributedRatio-app-dev-os": 456,
          "AverageAttributedRatio-ip-app-dev-os": 135,
          "AverageAttributedRatio-cha": 412,
          "AverageAttributedRatio-ip-cha": 233,
          "AverageAttributedRatio-app-cha": 408,
          "AverageAttributedRatio-ip-app-cha": 153,
          "AverageAttributedRatio-dev-cha": 299,
          "AverageAttributedRatio-ip-dev-cha": 172,
          "AverageAttributedRatio-app-dev-cha": 343,
          "AverageAttributedRatio-ip-app-dev-cha": 181,
          "AverageAttributedRatio-os-cha": 410,
          "AverageAttributedRatio-ip-os-cha": 113,
          "AverageAttributedRatio-app-os-cha": 506,
          "AverageAttributedRatio-ip-app-os-cha": 79,
          "AverageAttributedRatio-dev-os-cha": 367,
          "AverageAttributedRatio-ip-dev-os-cha": 80,
          "AverageAttributedRatio-app-dev-os-cha": 481,
          "AverageAttributedRatio-ip-app-dev-os-cha": 83,
          "KomakiLDA5NoDevice-ip-app-0": 1158,
          "KomakiLDA5NoDevice-ip-app-1": 1196,
          "KomakiLDA5NoDevice-ip-app-2": 1353,
          "KomakiLDA5NoDevice-ip-app-3": 912,
          "KomakiLDA5NoDevice-ip-app-4": 653,
          "KomakiLDA5NoDevice-ip-os-0": 1196,
          "KomakiLDA5NoDevice-ip-os-1": 1165,
          "KomakiLDA5NoDevice-ip-os-2": 734,
          "KomakiLDA5NoDevice-ip-os-3": 1012,
          "KomakiLDA5NoDevice-ip-os-4": 1091,
          "KomakiLDA5NoDevice-ip-channel-0": 1168,
          "KomakiLDA5NoDevice-ip-channel-1": 902,
          "KomakiLDA5NoDevice-ip-channel-2": 1192,
          "KomakiLDA5NoDevice-ip-channel-3": 1154,
          "KomakiLDA5NoDevice-ip-channel-4": 1356,
          "KomakiLDA5NoDevice-app-ip-0": 316,
          "KomakiLDA5NoDevice-app-ip-1": 229,
          "KomakiLDA5NoDevice-app-ip-2": 218,
          "KomakiLDA5NoDevice-app-ip-3": 241,
          "KomakiLDA5NoDevice-app-ip-4": 188,
          "KomakiLDA5NoDevice-app-os-0": 174,
          "KomakiLDA5NoDevice-app-os-1": 244,
          "KomakiLDA5NoDevice-app-os-2": 174,
          "KomakiLDA5NoDevice-app-os-3": 154,
          "KomakiLDA5NoDevice-app-os-4": 224,
          "KomakiLDA5NoDevice-app-channel-0": 169,
          "KomakiLDA5NoDevice-app-channel-1": 190,
          "KomakiLDA5NoDevice-app-channel-2": 266,
          "KomakiLDA5NoDevice-app-channel-3": 200,
          "KomakiLDA5NoDevice-app-channel-4": 117,
          "KomakiLDA5NoDevice-os-ip-0": 371,
          "KomakiLDA5NoDevice-os-ip-1": 247,
          "KomakiLDA5NoDevice-os-ip-2": 310,
          "KomakiLDA5NoDevice-os-ip-3": 219,
          "KomakiLDA5NoDevice-os-ip-4": 247,
          "KomakiLDA5NoDevice-os-app-0": 298,
          "KomakiLDA5NoDevice-os-app-1": 331,
          "KomakiLDA5NoDevice-os-app-2": 154,
          "KomakiLDA5NoDevice-os-app-3": 235,
          "KomakiLDA5NoDevice-os-app-4": 144,
          "KomakiLDA5NoDevice-os-channel-0": 353,
          "KomakiLDA5NoDevice-os-channel-1": 167,
          "KomakiLDA5NoDevice-os-channel-2": 241,
          "KomakiLDA5NoDevice-os-channel-3": 281,
          "KomakiLDA5NoDevice-os-channel-4": 222,
          "KomakiLDA5NoDevice-channel-ip-0": 258,
          "KomakiLDA5NoDevice-channel-ip-1": 370,
          "KomakiLDA5NoDevice-channel-ip-2": 243,
          "KomakiLDA5NoDevice-channel-ip-3": 359,
          "KomakiLDA5NoDevice-channel-ip-4": 276,
          "KomakiLDA5NoDevice-channel-app-0": 310,
          "KomakiLDA5NoDevice-channel-app-1": 280,
          "KomakiLDA5NoDevice-channel-app-2": 353,
          "KomakiLDA5NoDevice-channel-app-3": 290,
          "KomakiLDA5NoDevice-channel-app-4": 251,
          "KomakiLDA5NoDevice-channel-os-0": 300,
          "KomakiLDA5NoDevice-channel-os-1": 307,
          "KomakiLDA5NoDevice-channel-os-2": 331,
          "KomakiLDA5NoDevice-channel-os-3": 297,
          "KomakiLDA5NoDevice-channel-os-4": 292,
          "KomakiNMF5NoDevice-ip-app-0": 659,
          "KomakiNMF5NoDevice-ip-app-1": 1069,
          "KomakiNMF5NoDevice-ip-app-2": 881,
          "KomakiNMF5NoDevice-ip-app-3": 683,
          "KomakiNMF5NoDevice-ip-app-4": 780,
          "KomakiNMF5NoDevice-ip-os-0": 1005,
          "KomakiNMF5NoDevice-ip-os-1": 992,
          "KomakiNMF5NoDevice-ip-os-2": 863,
          "KomakiNMF5NoDevice-ip-os-3": 962,
          "KomakiNMF5NoDevice-ip-os-4": 904,
          "KomakiNMF5NoDevice-ip-channel-0": 846,
          "KomakiNMF5NoDevice-ip-channel-1": 1220,
          "KomakiNMF5NoDevice-ip-channel-2": 792,
          "KomakiNMF5NoDevice-ip-channel-3": 947,
          "KomakiNMF5NoDevice-ip-channel-4": 836,
          "KomakiNMF5NoDevice-app-ip-0": 148,
          "KomakiNMF5NoDevice-app-ip-1": 206,
          "KomakiNMF5NoDevice-app-ip-2": 157,
          "KomakiNMF5NoDevice-app-ip-3": 144,
          "KomakiNMF5NoDevice-app-ip-4": 83,
          "KomakiNMF5NoDevice-app-os-0": 62,
          "KomakiNMF5NoDevice-app-os-1": 155,
          "KomakiNMF5NoDevice-app-os-2": 101,
          "KomakiNMF5NoDevice-app-os-3": 57,
          "KomakiNMF5NoDevice-app-os-4": 43,
          "KomakiNMF5NoDevice-app-channel-0": 101,
          "KomakiNMF5NoDevice-app-channel-1": 123,
          "KomakiNMF5NoDevice-app-channel-2": 142,
          "KomakiNMF5NoDevice-app-channel-3": 135,
          "KomakiNMF5NoDevice-app-channel-4": 97,
          "KomakiNMF5NoDevice-os-ip-0": 129,
          "KomakiNMF5NoDevice-os-ip-1": 206,
          "KomakiNMF5NoDevice-os-ip-2": 129,
          "KomakiNMF5NoDevice-os-ip-3": 174,
          "KomakiNMF5NoDevice-os-ip-4": 111,
          "KomakiNMF5NoDevice-os-app-0": 96,
          "KomakiNMF5NoDevice-os-app-1": 13,
          "KomakiNMF5NoDevice-os-app-2": 129,
          "KomakiNMF5NoDevice-os-app-3": 227,
          "KomakiNMF5NoDevice-os-app-4": 158,
          "KomakiNMF5NoDevice-os-channel-0": 295,
          "KomakiNMF5NoDevice-os-channel-1": 142,
          "KomakiNMF5NoDevice-os-channel-2": 322,
          "KomakiNMF5NoDevice-os-channel-3": 244,
          "KomakiNMF5NoDevice-os-channel-4": 189,
          "KomakiNMF5NoDevice-channel-ip-0": 330,
          "KomakiNMF5NoDevice-channel-ip-1": 199,
          "KomakiNMF5NoDevice-channel-ip-2": 223,
          "KomakiNMF5NoDevice-channel-ip-3": 282,
          "KomakiNMF5NoDevice-channel-ip-4": 299,
          "KomakiNMF5NoDevice-channel-app-0": 146,
          "KomakiNMF5NoDevice-channel-app-1": 82,
          "KomakiNMF5NoDevice-channel-app-2": 140,
          "KomakiNMF5NoDevice-channel-app-3": 121,
          "KomakiNMF5NoDevice-channel-app-4": 188,
          "KomakiNMF5NoDevice-channel-os-0": 290,
          "KomakiNMF5NoDevice-channel-os-1": 85,
          "KomakiNMF5NoDevice-channel-os-2": 258,
          "KomakiNMF5NoDevice-channel-os-3": 132,
          "KomakiNMF5NoDevice-channel-os-4": 246,
          "KomakiPCA5NoDevice-ip-app-0": 1103,
          "KomakiPCA5NoDevice-ip-app-1": 904,
          "KomakiPCA5NoDevice-ip-app-2": 817,
          "KomakiPCA5NoDevice-ip-app-3": 577,
          "KomakiPCA5NoDevice-ip-app-4": 987,
          "KomakiPCA5NoDevice-ip-os-0": 1089,
          "KomakiPCA5NoDevice-ip-os-1": 821,
          "KomakiPCA5NoDevice-ip-os-2": 795,
          "KomakiPCA5NoDevice-ip-os-3": 788,
          "KomakiPCA5NoDevice-ip-os-4": 1010,
          "KomakiPCA5NoDevice-ip-channel-0": 1176,
          "KomakiPCA5NoDevice-ip-channel-1": 889,
          "KomakiPCA5NoDevice-ip-channel-2": 840,
          "KomakiPCA5NoDevice-ip-channel-3": 950,
          "KomakiPCA5NoDevice-ip-channel-4": 981,
          "KomakiPCA5NoDevice-app-ip-0": 127,
          "KomakiPCA5NoDevice-app-ip-1": 119,
          "KomakiPCA5NoDevice-app-ip-2": 132,
          "KomakiPCA5NoDevice-app-ip-3": 148,
          "KomakiPCA5NoDevice-app-ip-4": 129,
          "KomakiPCA5NoDevice-app-os-0": 159,
          "KomakiPCA5NoDevice-app-os-1": 99,
          "KomakiPCA5NoDevice-app-os-2": 139,
          "KomakiPCA5NoDevice-app-os-3": 143,
          "KomakiPCA5NoDevice-app-os-4": 103,
          "KomakiPCA5NoDevice-app-channel-0": 119,
          "KomakiPCA5NoDevice-app-channel-1": 155,
          "KomakiPCA5NoDevice-app-channel-2": 119,
          "KomakiPCA5NoDevice-app-channel-3": 137,
          "KomakiPCA5NoDevice-app-channel-4": 154,
          "KomakiPCA5NoDevice-os-ip-0": 88,
          "KomakiPCA5NoDevice-os-ip-1": 133,
          "KomakiPCA5NoDevice-os-ip-2": 178,
          "KomakiPCA5NoDevice-os-ip-3": 202,
          "KomakiPCA5NoDevice-os-ip-4": 209,
          "KomakiPCA5NoDevice-os-app-0": 186,
          "KomakiPCA5NoDevice-os-app-1": 143,
          "KomakiPCA5NoDevice-os-app-2": 95,
          "KomakiPCA5NoDevice-os-app-3": 199,
          "KomakiPCA5NoDevice-os-app-4": 220,
          "KomakiPCA5NoDevice-os-channel-0": 174,
          "KomakiPCA5NoDevice-os-channel-1": 246,
          "KomakiPCA5NoDevice-os-channel-2": 150,
          "KomakiPCA5NoDevice-os-channel-3": 129,
          "KomakiPCA5NoDevice-os-channel-4": 158,
          "KomakiPCA5NoDevice-channel-ip-0": 301,
          "KomakiPCA5NoDevice-channel-ip-1": 224,
          "KomakiPCA5NoDevice-channel-ip-2": 251,
          "KomakiPCA5NoDevice-channel-ip-3": 267,
          "KomakiPCA5NoDevice-channel-ip-4": 325,
          "KomakiPCA5NoDevice-channel-app-0": 249,
          "KomakiPCA5NoDevice-channel-app-1": 160,
          "KomakiPCA5NoDevice-channel-app-2": 168,
          "KomakiPCA5NoDevice-channel-app-3": 204,
          "KomakiPCA5NoDevice-channel-app-4": 227,
          "KomakiPCA5NoDevice-channel-os-0": 243,
          "KomakiPCA5NoDevice-channel-os-1": 213,
          "KomakiPCA5NoDevice-channel-os-2": 161,
          "KomakiPCA5NoDevice-channel-os-3": 255,
          "KomakiPCA5NoDevice-channel-os-4": 243
        }
      }
    ],
    "average_train_auc": 0.9946980913966446,
    "average_valid_auc": 0.9847544399036551,
    "train_auc_std": 0.0005456086460187685,
    "valid_auc_std": 8.96291980803567e-05,
    "average_train_time": 483.1967556476593
  },
  "config": {
    "features": [
      "app",
      "hour",
      "count",
      "future_click_count_10",
      "future_click_count_80",
      "next_click_time_delta",
      "average_attributed_ratio",
      "komaki_lda_5_no_device",
      "komaki_nmf_5_no_device",
      "komaki_pca_5_no_device"
    ],
    "model": {
      "name": "lightgbm",
      "model_params": {
        "boosting_type": "gbdt",
        "objective": "binary",
        "metric": "auc",
        "learning_rate": 0.03,
        "num_leaves": 255,
        "max_depth": 8,
        "min_child_samples": 10,
        "max_bin": 100,
        "subsample": 0.7,
        "subsample_freq": 1,
        "colsample_bytree": 0.7,
        "min_child_weight": 0,
        "subsample_for_bin": 200000,
        "min_split_gain": 0,
        "reg_alpha": 0,
        "reg_lambda": 0,
        "verbose": 0
      },
      "train_params": {
        "num_boost_round": 1000,
        "early_stopping_rounds": 30
      }
    },
    "dataset": {
      "input_directory": "data/input/",
      "cache_directory": "data/working/",
      "validation_ratio": 0.33333333333,
      "full_data_train": true,
      "files": {
        "train": "train.feather",
        "test": "old_test.feather"
      },
      "negative_down_sampling": {
        "enabled": true,
        "bagging_size": 5,
        "random_state": 114514
      }
    },
    "note": "48 - prev_click_time_delta"
  }
}