{
  "training": {
    "trials": [
      {
        "train_auc": 0.9943805385382504,
        "valid_auc": 0.9846139288750941,
        "best_iteration": 695,
        "train_time": 360.100590467453,
        "feature_importance": {
          "app": 4054,
          "hour": 4279,
          "n_channels": 1503,
          "ip_app_count": 1540,
          "ip_app_os_count": 1490,
          "FutureClickCount_600-ip": 967,
          "FutureClickCount_600-app": 751,
          "FutureClickCount_600-ip-app": 291,
          "FutureClickCount_600-dev": 371,
          "FutureClickCount_600-ip-dev": 737,
          "FutureClickCount_600-app-dev": 712,
          "FutureClickCount_600-ip-app-dev": 227,
          "FutureClickCount_600-os": 505,
          "FutureClickCount_600-ip-os": 625,
          "FutureClickCount_600-app-os": 700,
          "FutureClickCount_600-ip-app-os": 288,
          "FutureClickCount_600-dev-os": 757,
          "FutureClickCount_600-ip-dev-os": 599,
          "FutureClickCount_600-app-dev-os": 776,
          "FutureClickCount_600-ip-app-dev-os": 405,
          "FutureClickCount_600-cha": 692,
          "FutureClickCount_600-ip-cha": 210,
          "FutureClickCount_600-app-cha": 1018,
          "FutureClickCount_600-ip-app-cha": 149,
          "FutureClickCount_600-dev-cha": 616,
          "FutureClickCount_600-ip-dev-cha": 187,
          "FutureClickCount_600-app-dev-cha": 629,
          "FutureClickCount_600-ip-app-dev-cha": 164,
          "FutureClickCount_600-os-cha": 565,
          "FutureClickCount_600-ip-os-cha": 128,
          "FutureClickCount_600-app-os-cha": 555,
          "FutureClickCount_600-ip-app-os-cha": 114,
          "FutureClickCount_600-dev-os-cha": 536,
          "FutureClickCount_600-ip-dev-os-cha": 115,
          "FutureClickCount_600-app-dev-os-cha": 511,
          "FutureClickCount_600-ip-app-dev-os-cha": 129,
          "FutureClickCount_4800-ip": 1450,
          "FutureClickCount_4800-app": 468,
          "FutureClickCount_4800-ip-app": 515,
          "FutureClickCount_4800-dev": 132,
          "FutureClickCount_4800-ip-dev": 1405,
          "FutureClickCount_4800-app-dev": 312,
          "FutureClickCount_4800-ip-app-dev": 426,
          "FutureClickCount_4800-os": 266,
          "FutureClickCount_4800-ip-os": 887,
          "FutureClickCount_4800-app-os": 542,
          "FutureClickCount_4800-ip-app-os": 451,
          "FutureClickCount_4800-dev-os": 362,
          "FutureClickCount_4800-ip-dev-os": 997,
          "FutureClickCount_4800-app-dev-os": 664,
          "FutureClickCount_4800-ip-app-dev-os": 490,
          "FutureClickCount_4800-cha": 559,
          "FutureClickCount_4800-ip-cha": 367,
          "FutureClickCount_4800-app-cha": 832,
          "FutureClickCount_4800-ip-app-cha": 271,
          "FutureClickCount_4800-dev-cha": 410,
          "FutureClickCount_4800-ip-dev-cha": 284,
          "FutureClickCount_4800-app-dev-cha": 464,
          "FutureClickCount_4800-ip-app-dev-cha": 252,
          "FutureClickCount_4800-os-cha": 526,
          "FutureClickCount_4800-ip-os-cha": 211,
          "FutureClickCount_4800-app-os-cha": 541,
          "FutureClickCount_4800-ip-app-os-cha": 171,
          "FutureClickCount_4800-dev-os-cha": 505,
          "FutureClickCount_4800-ip-dev-os-cha": 174,
          "FutureClickCount_4800-app-dev-os-cha": 527,
          "FutureClickCount_4800-ip-app-dev-os-cha": 151,
          "NextClickTimeDelta-ip": 1168,
          "NextClickTimeDelta-app": 202,
          "NextClickTimeDelta-ip-app": 1332,
          "NextClickTimeDelta-dev": 94,
          "NextClickTimeDelta-ip-dev": 741,
          "NextClickTimeDelta-app-dev": 142,
          "NextClickTimeDelta-ip-app-dev": 870,
          "NextClickTimeDelta-os": 181,
          "NextClickTimeDelta-ip-os": 937,
          "NextClickTimeDelta-app-os": 378,
          "NextClickTimeDelta-ip-app-os": 1733,
          "NextClickTimeDelta-dev-os": 143,
          "NextClickTimeDelta-ip-dev-os": 790,
          "NextClickTimeDelta-app-dev-os": 254,
          "NextClickTimeDelta-ip-app-dev-os": 2907,
          "NextClickTimeDelta-cha": 186,
          "NextClickTimeDelta-ip-cha": 852,
          "NextClickTimeDelta-app-cha": 335,
          "NextClickTimeDelta-ip-app-cha": 735,
          "NextClickTimeDelta-dev-cha": 186,
          "NextClickTimeDelta-ip-dev-cha": 548,
          "NextClickTimeDelta-app-dev-cha": 212,
          "NextClickTimeDelta-ip-app-dev-cha": 508,
          "NextClickTimeDelta-os-cha": 457,
          "NextClickTimeDelta-ip-os-cha": 622,
          "NextClickTimeDelta-app-os-cha": 528,
          "NextClickTimeDelta-ip-app-os-cha": 664,
          "NextClickTimeDelta-dev-os-cha": 351,
          "NextClickTimeDelta-ip-dev-os-cha": 468,
          "NextClickTimeDelta-app-dev-os-cha": 377,
          "NextClickTimeDelta-ip-app-dev-os-cha": 729,
          "PrevClickTimeDelta-ip": 1020,
          "PrevClickTimeDelta-app": 199,
          "PrevClickTimeDelta-ip-app": 696,
          "PrevClickTimeDelta-dev": 94,
          "PrevClickTimeDelta-ip-dev": 678,
          "PrevClickTimeDelta-app-dev": 147,
          "PrevClickTimeDelta-ip-app-dev": 549,
          "PrevClickTimeDelta-os": 187,
          "PrevClickTimeDelta-ip-os": 827,
          "PrevClickTimeDelta-app-os": 334,
          "PrevClickTimeDelta-ip-app-os": 599,
          "PrevClickTimeDelta-dev-os": 145,
          "PrevClickTimeDelta-ip-dev-os": 521,
          "PrevClickTimeDelta-app-dev-os": 302,
          "PrevClickTimeDelta-ip-app-dev-os": 469,
          "PrevClickTimeDelta-cha": 223,
          "PrevClickTimeDelta-ip-cha": 705,
          "PrevClickTimeDelta-app-cha": 312,
          "PrevClickTimeDelta-ip-app-cha": 474,
          "PrevClickTimeDelta-dev-cha": 213,
          "PrevClickTimeDelta-ip-dev-cha": 458,
          "PrevClickTimeDelta-app-dev-cha": 190,
          "PrevClickTimeDelta-ip-app-dev-cha": 367,
          "PrevClickTimeDelta-os-cha": 461,
          "PrevClickTimeDelta-ip-os-cha": 462,
          "PrevClickTimeDelta-app-os-cha": 464,
          "PrevClickTimeDelta-ip-app-os-cha": 378,
          "PrevClickTimeDelta-dev-os-cha": 338,
          "PrevClickTimeDelta-ip-dev-os-cha": 333,
          "PrevClickTimeDelta-app-dev-os-cha": 408,
          "PrevClickTimeDelta-ip-app-dev-os-cha": 316,
          "AverageAttributedRatio-ip": 800,
          "AverageAttributedRatio-app": 666,
          "AverageAttributedRatio-ip-app": 440,
          "AverageAttributedRatio-dev": 1118,
          "AverageAttributedRatio-ip-dev": 742,
          "AverageAttributedRatio-app-dev": 398,
          "AverageAttributedRatio-ip-app-dev": 582,
          "AverageAttributedRatio-os": 731,
          "AverageAttributedRatio-ip-os": 489,
          "AverageAttributedRatio-app-os": 556,
          "AverageAttributedRatio-ip-app-os": 186,
          "AverageAttributedRatio-dev-os": 584,
          "AverageAttributedRatio-ip-dev-os": 419,
          "AverageAttributedRatio-app-dev-os": 497,
          "AverageAttributedRatio-ip-app-dev-os": 170,
          "AverageAttributedRatio-cha": 527,
          "AverageAttributedRatio-ip-cha": 257,
          "AverageAttributedRatio-app-cha": 501,
          "AverageAttributedRatio-ip-app-cha": 182,
          "AverageAttributedRatio-dev-cha": 373,
          "AverageAttributedRatio-ip-dev-cha": 195,
          "AverageAttributedRatio-app-dev-cha": 473,
          "AverageAttributedRatio-ip-app-dev-cha": 179,
          "AverageAttributedRatio-os-cha": 551,
          "AverageAttributedRatio-ip-os-cha": 159,
          "AverageAttributedRatio-app-os-cha": 650,
          "AverageAttributedRatio-ip-app-os-cha": 115,
          "AverageAttributedRatio-dev-os-cha": 488,
          "AverageAttributedRatio-ip-dev-os-cha": 115,
          "AverageAttributedRatio-app-dev-os-cha": 550,
          "AverageAttributedRatio-ip-app-dev-os-cha": 105,
          "KomakiLDA5NoDevice-ip-app-0": 2588,
          "KomakiLDA5NoDevice-ip-app-1": 2173,
          "KomakiLDA5NoDevice-ip-app-2": 1879,
          "KomakiLDA5NoDevice-ip-app-3": 1442,
          "KomakiLDA5NoDevice-ip-app-4": 1485,
          "KomakiLDA5NoDevice-ip-os-0": 1879,
          "KomakiLDA5NoDevice-ip-os-1": 1772,
          "KomakiLDA5NoDevice-ip-os-2": 1803,
          "KomakiLDA5NoDevice-ip-os-3": 1601,
          "KomakiLDA5NoDevice-ip-os-4": 1639,
          "KomakiLDA5NoDevice-ip-channel-0": 1680,
          "KomakiLDA5NoDevice-ip-channel-1": 1736,
          "KomakiLDA5NoDevice-ip-channel-2": 1861,
          "KomakiLDA5NoDevice-ip-channel-3": 1861,
          "KomakiLDA5NoDevice-ip-channel-4": 2130,
          "KomakiLDA5NoDevice-app-ip-0": 506,
          "KomakiLDA5NoDevice-app-ip-1": 404,
          "KomakiLDA5NoDevice-app-ip-2": 364,
          "KomakiLDA5NoDevice-app-ip-3": 396,
          "KomakiLDA5NoDevice-app-ip-4": 349,
          "KomakiLDA5NoDevice-app-os-0": 347,
          "KomakiLDA5NoDevice-app-os-1": 432,
          "KomakiLDA5NoDevice-app-os-2": 355,
          "KomakiLDA5NoDevice-app-os-3": 263,
          "KomakiLDA5NoDevice-app-os-4": 502,
          "KomakiLDA5NoDevice-app-channel-0": 317,
          "KomakiLDA5NoDevice-app-channel-1": 308,
          "KomakiLDA5NoDevice-app-channel-2": 330,
          "KomakiLDA5NoDevice-app-channel-3": 317,
          "KomakiLDA5NoDevice-app-channel-4": 213,
          "KomakiLDA5NoDevice-os-ip-0": 760,
          "KomakiLDA5NoDevice-os-ip-1": 486,
          "KomakiLDA5NoDevice-os-ip-2": 477,
          "KomakiLDA5NoDevice-os-ip-3": 393,
          "KomakiLDA5NoDevice-os-ip-4": 390,
          "KomakiLDA5NoDevice-os-app-0": 495,
          "KomakiLDA5NoDevice-os-app-1": 678,
          "KomakiLDA5NoDevice-os-app-2": 379,
          "KomakiLDA5NoDevice-os-app-3": 442,
          "KomakiLDA5NoDevice-os-app-4": 392,
          "KomakiLDA5NoDevice-os-channel-0": 614,
          "KomakiLDA5NoDevice-os-channel-1": 410,
          "KomakiLDA5NoDevice-os-channel-2": 437,
          "KomakiLDA5NoDevice-os-channel-3": 382,
          "KomakiLDA5NoDevice-os-channel-4": 384,
          "KomakiLDA5NoDevice-channel-ip-0": 620,
          "KomakiLDA5NoDevice-channel-ip-1": 699,
          "KomakiLDA5NoDevice-channel-ip-2": 544,
          "KomakiLDA5NoDevice-channel-ip-3": 681,
          "KomakiLDA5NoDevice-channel-ip-4": 483,
          "KomakiLDA5NoDevice-channel-app-0": 611,
          "KomakiLDA5NoDevice-channel-app-1": 481,
          "KomakiLDA5NoDevice-channel-app-2": 543,
          "KomakiLDA5NoDevice-channel-app-3": 552,
          "KomakiLDA5NoDevice-channel-app-4": 486,
          "KomakiLDA5NoDevice-channel-os-0": 589,
          "KomakiLDA5NoDevice-channel-os-1": 596,
          "KomakiLDA5NoDevice-channel-os-2": 619,
          "KomakiLDA5NoDevice-channel-os-3": 638,
          "KomakiLDA5NoDevice-channel-os-4": 563
        }
      },
      {
        "train_auc": 0.9939073082337477,
        "valid_auc": 0.9846597515140432,
        "best_iteration": 632,
        "train_time": 329.2413852214813,
        "feature_importance": {
          "app": 3833,
          "hour": 3910,
          "n_channels": 1334,
          "ip_app_count": 1497,
          "ip_app_os_count": 1417,
          "FutureClickCount_600-ip": 831,
          "FutureClickCount_600-app": 670,
          "FutureClickCount_600-ip-app": 275,
          "FutureClickCount_600-dev": 381,
          "FutureClickCount_600-ip-dev": 769,
          "FutureClickCount_600-app-dev": 571,
          "FutureClickCount_600-ip-app-dev": 223,
          "FutureClickCount_600-os": 473,
          "FutureClickCount_600-ip-os": 590,
          "FutureClickCount_600-app-os": 581,
          "FutureClickCount_600-ip-app-os": 267,
          "FutureClickCount_600-dev-os": 777,
          "FutureClickCount_600-ip-dev-os": 518,
          "FutureClickCount_600-app-dev-os": 772,
          "FutureClickCount_600-ip-app-dev-os": 366,
          "FutureClickCount_600-cha": 699,
          "FutureClickCount_600-ip-cha": 205,
          "FutureClickCount_600-app-cha": 883,
          "FutureClickCount_600-ip-app-cha": 149,
          "FutureClickCount_600-dev-cha": 554,
          "FutureClickCount_600-ip-dev-cha": 179,
          "FutureClickCount_600-app-dev-cha": 507,
          "FutureClickCount_600-ip-app-dev-cha": 145,
          "FutureClickCount_600-os-cha": 539,
          "FutureClickCount_600-ip-os-cha": 124,
          "FutureClickCount_600-app-os-cha": 445,
          "FutureClickCount_600-ip-app-os-cha": 97,
          "FutureClickCount_600-dev-os-cha": 494,
          "FutureClickCount_600-ip-dev-os-cha": 104,
          "FutureClickCount_600-app-dev-os-cha": 454,
          "FutureClickCount_600-ip-app-dev-os-cha": 90,
          "FutureClickCount_4800-ip": 1303,
          "FutureClickCount_4800-app": 440,
          "FutureClickCount_4800-ip-app": 523,
          "FutureClickCount_4800-dev": 113,
          "FutureClickCount_4800-ip-dev": 1246,
          "FutureClickCount_4800-app-dev": 296,
          "FutureClickCount_4800-ip-app-dev": 387,
          "FutureClickCount_4800-os": 239,
          "FutureClickCount_4800-ip-os": 734,
          "FutureClickCount_4800-app-os": 480,
          "FutureClickCount_4800-ip-app-os": 367,
          "FutureClickCount_4800-dev-os": 313,
          "FutureClickCount_4800-ip-dev-os": 892,
          "FutureClickCount_4800-app-dev-os": 607,
          "FutureClickCount_4800-ip-app-dev-os": 484,
          "FutureClickCount_4800-cha": 474,
          "FutureClickCount_4800-ip-cha": 308,
          "FutureClickCount_4800-app-cha": 824,
          "FutureClickCount_4800-ip-app-cha": 242,
          "FutureClickCount_4800-dev-cha": 359,
          "FutureClickCount_4800-ip-dev-cha": 270,
          "FutureClickCount_4800-app-dev-cha": 441,
          "FutureClickCount_4800-ip-app-dev-cha": 221,
          "FutureClickCount_4800-os-cha": 482,
          "FutureClickCount_4800-ip-os-cha": 163,
          "FutureClickCount_4800-app-os-cha": 483,
          "FutureClickCount_4800-ip-app-os-cha": 169,
          "FutureClickCount_4800-dev-os-cha": 446,
          "FutureClickCount_4800-ip-dev-os-cha": 113,
          "FutureClickCount_4800-app-dev-os-cha": 526,
          "FutureClickCount_4800-ip-app-dev-os-cha": 137,
          "NextClickTimeDelta-ip": 1062,
          "NextClickTimeDelta-app": 187,
          "NextClickTimeDelta-ip-app": 1174,
          "NextClickTimeDelta-dev": 87,
          "NextClickTimeDelta-ip-dev": 671,
          "NextClickTimeDelta-app-dev": 158,
          "NextClickTimeDelta-ip-app-dev": 771,
          "NextClickTimeDelta-os": 145,
          "NextClickTimeDelta-ip-os": 854,
          "NextClickTimeDelta-app-os": 329,
          "NextClickTimeDelta-ip-app-os": 1607,
          "NextClickTimeDelta-dev-os": 122,
          "NextClickTimeDelta-ip-dev-os": 593,
          "NextClickTimeDelta-app-dev-os": 288,
          "NextClickTimeDelta-ip-app-dev-os": 2697,
          "NextClickTimeDelta-cha": 204,
          "NextClickTimeDelta-ip-cha": 802,
          "NextClickTimeDelta-app-cha": 302,
          "NextClickTimeDelta-ip-app-cha": 619,
          "NextClickTimeDelta-dev-cha": 186,
          "NextClickTimeDelta-ip-dev-cha": 489,
          "NextClickTimeDelta-app-dev-cha": 222,
          "NextClickTimeDelta-ip-app-dev-cha": 493,
          "NextClickTimeDelta-os-cha": 430,
          "NextClickTimeDelta-ip-os-cha": 486,
          "NextClickTimeDelta-app-os-cha": 426,
          "NextClickTimeDelta-ip-app-os-cha": 579,
          "NextClickTimeDelta-dev-os-cha": 293,
          "NextClickTimeDelta-ip-dev-os-cha": 454,
          "NextClickTimeDelta-app-dev-os-cha": 373,
          "NextClickTimeDelta-ip-app-dev-os-cha": 672,
          "PrevClickTimeDelta-ip": 901,
          "PrevClickTimeDelta-app": 202,
          "PrevClickTimeDelta-ip-app": 663,
          "PrevClickTimeDelta-dev": 92,
          "PrevClickTimeDelta-ip-dev": 525,
          "PrevClickTimeDelta-app-dev": 142,
          "PrevClickTimeDelta-ip-app-dev": 444,
          "PrevClickTimeDelta-os": 185,
          "PrevClickTimeDelta-ip-os": 787,
          "PrevClickTimeDelta-app-os": 302,
          "PrevClickTimeDelta-ip-app-os": 557,
          "PrevClickTimeDelta-dev-os": 122,
          "PrevClickTimeDelta-ip-dev-os": 521,
          "PrevClickTimeDelta-app-dev-os": 253,
          "PrevClickTimeDelta-ip-app-dev-os": 451,
          "PrevClickTimeDelta-cha": 205,
          "PrevClickTimeDelta-ip-cha": 620,
          "PrevClickTimeDelta-app-cha": 273,
          "PrevClickTimeDelta-ip-app-cha": 424,
          "PrevClickTimeDelta-dev-cha": 190,
          "PrevClickTimeDelta-ip-dev-cha": 393,
          "PrevClickTimeDelta-app-dev-cha": 176,
          "PrevClickTimeDelta-ip-app-dev-cha": 295,
          "PrevClickTimeDelta-os-cha": 432,
          "PrevClickTimeDelta-ip-os-cha": 400,
          "PrevClickTimeDelta-app-os-cha": 410,
          "PrevClickTimeDelta-ip-app-os-cha": 332,
          "PrevClickTimeDelta-dev-os-cha": 293,
          "PrevClickTimeDelta-ip-dev-os-cha": 272,
          "PrevClickTimeDelta-app-dev-os-cha": 324,
          "PrevClickTimeDelta-ip-app-dev-os-cha": 243,
          "AverageAttributedRatio-ip": 719,
          "AverageAttributedRatio-app": 642,
          "AverageAttributedRatio-ip-app": 457,
          "AverageAttributedRatio-dev": 937,
          "AverageAttributedRatio-ip-dev": 679,
          "AverageAttributedRatio-app-dev": 368,
          "AverageAttributedRatio-ip-app-dev": 534,
          "AverageAttributedRatio-os": 672,
          "AverageAttributedRatio-ip-os": 396,
          "AverageAttributedRatio-app-os": 491,
          "AverageAttributedRatio-ip-app-os": 165,
          "AverageAttributedRatio-dev-os": 488,
          "AverageAttributedRatio-ip-dev-os": 392,
          "AverageAttributedRatio-app-dev-os": 555,
          "AverageAttributedRatio-ip-app-dev-os": 148,
          "AverageAttributedRatio-cha": 496,
          "AverageAttributedRatio-ip-cha": 264,
          "AverageAttributedRatio-app-cha": 458,
          "AverageAttributedRatio-ip-app-cha": 206,
          "AverageAttributedRatio-dev-cha": 354,
          "AverageAttributedRatio-ip-dev-cha": 206,
          "AverageAttributedRatio-app-dev-cha": 386,
          "AverageAttributedRatio-ip-app-dev-cha": 179,
          "AverageAttributedRatio-os-cha": 500,
          "AverageAttributedRatio-ip-os-cha": 121,
          "AverageAttributedRatio-app-os-cha": 548,
          "AverageAttributedRatio-ip-app-os-cha": 73,
          "AverageAttributedRatio-dev-os-cha": 495,
          "AverageAttributedRatio-ip-dev-os-cha": 88,
          "AverageAttributedRatio-app-dev-os-cha": 538,
          "AverageAttributedRatio-ip-app-dev-os-cha": 66,
          "KomakiLDA5NoDevice-ip-app-0": 2420,
          "KomakiLDA5NoDevice-ip-app-1": 2089,
          "KomakiLDA5NoDevice-ip-app-2": 1771,
          "KomakiLDA5NoDevice-ip-app-3": 1291,
          "KomakiLDA5NoDevice-ip-app-4": 1321,
          "KomakiLDA5NoDevice-ip-os-0": 1764,
          "KomakiLDA5NoDevice-ip-os-1": 1690,
          "KomakiLDA5NoDevice-ip-os-2": 1658,
          "KomakiLDA5NoDevice-ip-os-3": 1417,
          "KomakiLDA5NoDevice-ip-os-4": 1485,
          "KomakiLDA5NoDevice-ip-channel-0": 1572,
          "KomakiLDA5NoDevice-ip-channel-1": 1675,
          "KomakiLDA5NoDevice-ip-channel-2": 1696,
          "KomakiLDA5NoDevice-ip-channel-3": 1758,
          "KomakiLDA5NoDevice-ip-channel-4": 1908,
          "KomakiLDA5NoDevice-app-ip-0": 462,
          "KomakiLDA5NoDevice-app-ip-1": 393,
          "KomakiLDA5NoDevice-app-ip-2": 386,
          "KomakiLDA5NoDevice-app-ip-3": 404,
          "KomakiLDA5NoDevice-app-ip-4": 339,
          "KomakiLDA5NoDevice-app-os-0": 332,
          "KomakiLDA5NoDevice-app-os-1": 369,
          "KomakiLDA5NoDevice-app-os-2": 329,
          "KomakiLDA5NoDevice-app-os-3": 257,
          "KomakiLDA5NoDevice-app-os-4": 430,
          "KomakiLDA5NoDevice-app-channel-0": 273,
          "KomakiLDA5NoDevice-app-channel-1": 312,
          "KomakiLDA5NoDevice-app-channel-2": 326,
          "KomakiLDA5NoDevice-app-channel-3": 272,
          "KomakiLDA5NoDevice-app-channel-4": 212,
          "KomakiLDA5NoDevice-os-ip-0": 712,
          "KomakiLDA5NoDevice-os-ip-1": 382,
          "KomakiLDA5NoDevice-os-ip-2": 419,
          "KomakiLDA5NoDevice-os-ip-3": 371,
          "KomakiLDA5NoDevice-os-ip-4": 422,
          "KomakiLDA5NoDevice-os-app-0": 441,
          "KomakiLDA5NoDevice-os-app-1": 621,
          "KomakiLDA5NoDevice-os-app-2": 387,
          "KomakiLDA5NoDevice-os-app-3": 425,
          "KomakiLDA5NoDevice-os-app-4": 371,
          "KomakiLDA5NoDevice-os-channel-0": 580,
          "KomakiLDA5NoDevice-os-channel-1": 332,
          "KomakiLDA5NoDevice-os-channel-2": 356,
          "KomakiLDA5NoDevice-os-channel-3": 410,
          "KomakiLDA5NoDevice-os-channel-4": 351,
          "KomakiLDA5NoDevice-channel-ip-0": 530,
          "KomakiLDA5NoDevice-channel-ip-1": 612,
          "KomakiLDA5NoDevice-channel-ip-2": 456,
          "KomakiLDA5NoDevice-channel-ip-3": 574,
          "KomakiLDA5NoDevice-channel-ip-4": 452,
          "KomakiLDA5NoDevice-channel-app-0": 582,
          "KomakiLDA5NoDevice-channel-app-1": 467,
          "KomakiLDA5NoDevice-channel-app-2": 524,
          "KomakiLDA5NoDevice-channel-app-3": 472,
          "KomakiLDA5NoDevice-channel-app-4": 420,
          "KomakiLDA5NoDevice-channel-os-0": 590,
          "KomakiLDA5NoDevice-channel-os-1": 493,
          "KomakiLDA5NoDevice-channel-os-2": 595,
          "KomakiLDA5NoDevice-channel-os-3": 579,
          "KomakiLDA5NoDevice-channel-os-4": 432
        }
      },
      {
        "train_auc": 0.9940450031124828,
        "valid_auc": 0.9844564247675845,
        "best_iteration": 658,
        "train_time": 342.3159148693085,
        "feature_importance": {
          "app": 4040,
          "hour": 4076,
          "n_channels": 1380,
          "ip_app_count": 1609,
          "ip_app_os_count": 1525,
          "FutureClickCount_600-ip": 817,
          "FutureClickCount_600-app": 716,
          "FutureClickCount_600-ip-app": 323,
          "FutureClickCount_600-dev": 364,
          "FutureClickCount_600-ip-dev": 741,
          "FutureClickCount_600-app-dev": 703,
          "FutureClickCount_600-ip-app-dev": 275,
          "FutureClickCount_600-os": 463,
          "FutureClickCount_600-ip-os": 639,
          "FutureClickCount_600-app-os": 686,
          "FutureClickCount_600-ip-app-os": 275,
          "FutureClickCount_600-dev-os": 740,
          "FutureClickCount_600-ip-dev-os": 556,
          "FutureClickCount_600-app-dev-os": 818,
          "FutureClickCount_600-ip-app-dev-os": 383,
          "FutureClickCount_600-cha": 663,
          "FutureClickCount_600-ip-cha": 203,
          "FutureClickCount_600-app-cha": 966,
          "FutureClickCount_600-ip-app-cha": 162,
          "FutureClickCount_600-dev-cha": 596,
          "FutureClickCount_600-ip-dev-cha": 180,
          "FutureClickCount_600-app-dev-cha": 612,
          "FutureClickCount_600-ip-app-dev-cha": 118,
          "FutureClickCount_600-os-cha": 543,
          "FutureClickCount_600-ip-os-cha": 117,
          "FutureClickCount_600-app-os-cha": 536,
          "FutureClickCount_600-ip-app-os-cha": 134,
          "FutureClickCount_600-dev-os-cha": 475,
          "FutureClickCount_600-ip-dev-os-cha": 115,
          "FutureClickCount_600-app-dev-os-cha": 493,
          "FutureClickCount_600-ip-app-dev-os-cha": 117,
          "FutureClickCount_4800-ip": 1319,
          "FutureClickCount_4800-app": 466,
          "FutureClickCount_4800-ip-app": 523,
          "FutureClickCount_4800-dev": 134,
          "FutureClickCount_4800-ip-dev": 1335,
          "FutureClickCount_4800-app-dev": 294,
          "FutureClickCount_4800-ip-app-dev": 401,
          "FutureClickCount_4800-os": 264,
          "FutureClickCount_4800-ip-os": 821,
          "FutureClickCount_4800-app-os": 545,
          "FutureClickCount_4800-ip-app-os": 356,
          "FutureClickCount_4800-dev-os": 347,
          "FutureClickCount_4800-ip-dev-os": 919,
          "FutureClickCount_4800-app-dev-os": 647,
          "FutureClickCount_4800-ip-app-dev-os": 471,
          "FutureClickCount_4800-cha": 467,
          "FutureClickCount_4800-ip-cha": 313,
          "FutureClickCount_4800-app-cha": 789,
          "FutureClickCount_4800-ip-app-cha": 281,
          "FutureClickCount_4800-dev-cha": 348,
          "FutureClickCount_4800-ip-dev-cha": 258,
          "FutureClickCount_4800-app-dev-cha": 446,
          "FutureClickCount_4800-ip-app-dev-cha": 235,
          "FutureClickCount_4800-os-cha": 502,
          "FutureClickCount_4800-ip-os-cha": 170,
          "FutureClickCount_4800-app-os-cha": 556,
          "FutureClickCount_4800-ip-app-os-cha": 145,
          "FutureClickCount_4800-dev-os-cha": 511,
          "FutureClickCount_4800-ip-dev-os-cha": 173,
          "FutureClickCount_4800-app-dev-os-cha": 495,
          "FutureClickCount_4800-ip-app-dev-os-cha": 135,
          "NextClickTimeDelta-ip": 1119,
          "NextClickTimeDelta-app": 183,
          "NextClickTimeDelta-ip-app": 1225,
          "NextClickTimeDelta-dev": 69,
          "NextClickTimeDelta-ip-dev": 760,
          "NextClickTimeDelta-app-dev": 147,
          "NextClickTimeDelta-ip-app-dev": 815,
          "NextClickTimeDelta-os": 158,
          "NextClickTimeDelta-ip-os": 876,
          "NextClickTimeDelta-app-os": 372,
          "NextClickTimeDelta-ip-app-os": 1693,
          "NextClickTimeDelta-dev-os": 183,
          "NextClickTimeDelta-ip-dev-os": 658,
          "NextClickTimeDelta-app-dev-os": 264,
          "NextClickTimeDelta-ip-app-dev-os": 2752,
          "NextClickTimeDelta-cha": 188,
          "NextClickTimeDelta-ip-cha": 813,
          "NextClickTimeDelta-app-cha": 326,
          "NextClickTimeDelta-ip-app-cha": 659,
          "NextClickTimeDelta-dev-cha": 192,
          "NextClickTimeDelta-ip-dev-cha": 569,
          "NextClickTimeDelta-app-dev-cha": 226,
          "NextClickTimeDelta-ip-app-dev-cha": 505,
          "NextClickTimeDelta-os-cha": 426,
          "NextClickTimeDelta-ip-os-cha": 544,
          "NextClickTimeDelta-app-os-cha": 489,
          "NextClickTimeDelta-ip-app-os-cha": 591,
          "NextClickTimeDelta-dev-os-cha": 312,
          "NextClickTimeDelta-ip-dev-os-cha": 435,
          "NextClickTimeDelta-app-dev-os-cha": 371,
          "NextClickTimeDelta-ip-app-dev-os-cha": 637,
          "PrevClickTimeDelta-ip": 870,
          "PrevClickTimeDelta-app": 193,
          "PrevClickTimeDelta-ip-app": 702,
          "PrevClickTimeDelta-dev": 79,
          "PrevClickTimeDelta-ip-dev": 507,
          "PrevClickTimeDelta-app-dev": 145,
          "PrevClickTimeDelta-ip-app-dev": 484,
          "PrevClickTimeDelta-os": 166,
          "PrevClickTimeDelta-ip-os": 753,
          "PrevClickTimeDelta-app-os": 321,
          "PrevClickTimeDelta-ip-app-os": 634,
          "PrevClickTimeDelta-dev-os": 156,
          "PrevClickTimeDelta-ip-dev-os": 500,
          "PrevClickTimeDelta-app-dev-os": 317,
          "PrevClickTimeDelta-ip-app-dev-os": 448,
          "PrevClickTimeDelta-cha": 186,
          "PrevClickTimeDelta-ip-cha": 672,
          "PrevClickTimeDelta-app-cha": 305,
          "PrevClickTimeDelta-ip-app-cha": 458,
          "PrevClickTimeDelta-dev-cha": 206,
          "PrevClickTimeDelta-ip-dev-cha": 413,
          "PrevClickTimeDelta-app-dev-cha": 188,
          "PrevClickTimeDelta-ip-app-dev-cha": 383,
          "PrevClickTimeDelta-os-cha": 439,
          "PrevClickTimeDelta-ip-os-cha": 418,
          "PrevClickTimeDelta-app-os-cha": 432,
          "PrevClickTimeDelta-ip-app-os-cha": 369,
          "PrevClickTimeDelta-dev-os-cha": 348,
          "PrevClickTimeDelta-ip-dev-os-cha": 251,
          "PrevClickTimeDelta-app-dev-os-cha": 355,
          "PrevClickTimeDelta-ip-app-dev-os-cha": 258,
          "AverageAttributedRatio-ip": 764,
          "AverageAttributedRatio-app": 603,
          "AverageAttributedRatio-ip-app": 388,
          "AverageAttributedRatio-dev": 1058,
          "AverageAttributedRatio-ip-dev": 719,
          "AverageAttributedRatio-app-dev": 433,
          "AverageAttributedRatio-ip-app-dev": 532,
          "AverageAttributedRatio-os": 716,
          "AverageAttributedRatio-ip-os": 471,
          "AverageAttributedRatio-app-os": 537,
          "AverageAttributedRatio-ip-app-os": 187,
          "AverageAttributedRatio-dev-os": 532,
          "AverageAttributedRatio-ip-dev-os": 444,
          "AverageAttributedRatio-app-dev-os": 528,
          "AverageAttributedRatio-ip-app-dev-os": 157,
          "AverageAttributedRatio-cha": 524,
          "AverageAttributedRatio-ip-cha": 275,
          "AverageAttributedRatio-app-cha": 463,
          "AverageAttributedRatio-ip-app-cha": 180,
          "AverageAttributedRatio-dev-cha": 401,
          "AverageAttributedRatio-ip-dev-cha": 213,
          "AverageAttributedRatio-app-dev-cha": 424,
          "AverageAttributedRatio-ip-app-dev-cha": 195,
          "AverageAttributedRatio-os-cha": 509,
          "AverageAttributedRatio-ip-os-cha": 114,
          "AverageAttributedRatio-app-os-cha": 611,
          "AverageAttributedRatio-ip-app-os-cha": 89,
          "AverageAttributedRatio-dev-os-cha": 482,
          "AverageAttributedRatio-ip-dev-os-cha": 98,
          "AverageAttributedRatio-app-dev-os-cha": 527,
          "AverageAttributedRatio-ip-app-dev-os-cha": 78,
          "KomakiLDA5NoDevice-ip-app-0": 2497,
          "KomakiLDA5NoDevice-ip-app-1": 2114,
          "KomakiLDA5NoDevice-ip-app-2": 1860,
          "KomakiLDA5NoDevice-ip-app-3": 1356,
          "KomakiLDA5NoDevice-ip-app-4": 1424,
          "KomakiLDA5NoDevice-ip-os-0": 1879,
          "KomakiLDA5NoDevice-ip-os-1": 1763,
          "KomakiLDA5NoDevice-ip-os-2": 1640,
          "KomakiLDA5NoDevice-ip-os-3": 1504,
          "KomakiLDA5NoDevice-ip-os-4": 1481,
          "KomakiLDA5NoDevice-ip-channel-0": 1691,
          "KomakiLDA5NoDevice-ip-channel-1": 1692,
          "KomakiLDA5NoDevice-ip-channel-2": 1828,
          "KomakiLDA5NoDevice-ip-channel-3": 1849,
          "KomakiLDA5NoDevice-ip-channel-4": 1917,
          "KomakiLDA5NoDevice-app-ip-0": 490,
          "KomakiLDA5NoDevice-app-ip-1": 407,
          "KomakiLDA5NoDevice-app-ip-2": 395,
          "KomakiLDA5NoDevice-app-ip-3": 395,
          "KomakiLDA5NoDevice-app-ip-4": 356,
          "KomakiLDA5NoDevice-app-os-0": 355,
          "KomakiLDA5NoDevice-app-os-1": 387,
          "KomakiLDA5NoDevice-app-os-2": 296,
          "KomakiLDA5NoDevice-app-os-3": 243,
          "KomakiLDA5NoDevice-app-os-4": 449,
          "KomakiLDA5NoDevice-app-channel-0": 294,
          "KomakiLDA5NoDevice-app-channel-1": 352,
          "KomakiLDA5NoDevice-app-channel-2": 312,
          "KomakiLDA5NoDevice-app-channel-3": 317,
          "KomakiLDA5NoDevice-app-channel-4": 198,
          "KomakiLDA5NoDevice-os-ip-0": 735,
          "KomakiLDA5NoDevice-os-ip-1": 457,
          "KomakiLDA5NoDevice-os-ip-2": 433,
          "KomakiLDA5NoDevice-os-ip-3": 360,
          "KomakiLDA5NoDevice-os-ip-4": 374,
          "KomakiLDA5NoDevice-os-app-0": 443,
          "KomakiLDA5NoDevice-os-app-1": 641,
          "KomakiLDA5NoDevice-os-app-2": 321,
          "KomakiLDA5NoDevice-os-app-3": 462,
          "KomakiLDA5NoDevice-os-app-4": 397,
          "KomakiLDA5NoDevice-os-channel-0": 511,
          "KomakiLDA5NoDevice-os-channel-1": 403,
          "KomakiLDA5NoDevice-os-channel-2": 395,
          "KomakiLDA5NoDevice-os-channel-3": 379,
          "KomakiLDA5NoDevice-os-channel-4": 418,
          "KomakiLDA5NoDevice-channel-ip-0": 537,
          "KomakiLDA5NoDevice-channel-ip-1": 702,
          "KomakiLDA5NoDevice-channel-ip-2": 567,
          "KomakiLDA5NoDevice-channel-ip-3": 593,
          "KomakiLDA5NoDevice-channel-ip-4": 539,
          "KomakiLDA5NoDevice-channel-app-0": 538,
          "KomakiLDA5NoDevice-channel-app-1": 427,
          "KomakiLDA5NoDevice-channel-app-2": 510,
          "KomakiLDA5NoDevice-channel-app-3": 462,
          "KomakiLDA5NoDevice-channel-app-4": 509,
          "KomakiLDA5NoDevice-channel-os-0": 599,
          "KomakiLDA5NoDevice-channel-os-1": 569,
          "KomakiLDA5NoDevice-channel-os-2": 590,
          "KomakiLDA5NoDevice-channel-os-3": 544,
          "KomakiLDA5NoDevice-channel-os-4": 485
        }
      },
      {
        "train_auc": 0.9944360619318915,
        "valid_auc": 0.9845056539018632,
        "best_iteration": 699,
        "train_time": 360.3963499069214,
        "feature_importance": {
          "app": 4196,
          "hour": 4295,
          "n_channels": 1523,
          "ip_app_count": 1734,
          "ip_app_os_count": 1531,
          "FutureClickCount_600-ip": 879,
          "FutureClickCount_600-app": 734,
          "FutureClickCount_600-ip-app": 311,
          "FutureClickCount_600-dev": 378,
          "FutureClickCount_600-ip-dev": 791,
          "FutureClickCount_600-app-dev": 622,
          "FutureClickCount_600-ip-app-dev": 273,
          "FutureClickCount_600-os": 496,
          "FutureClickCount_600-ip-os": 638,
          "FutureClickCount_600-app-os": 702,
          "FutureClickCount_600-ip-app-os": 294,
          "FutureClickCount_600-dev-os": 778,
          "FutureClickCount_600-ip-dev-os": 563,
          "FutureClickCount_600-app-dev-os": 885,
          "FutureClickCount_600-ip-app-dev-os": 433,
          "FutureClickCount_600-cha": 701,
          "FutureClickCount_600-ip-cha": 217,
          "FutureClickCount_600-app-cha": 941,
          "FutureClickCount_600-ip-app-cha": 148,
          "FutureClickCount_600-dev-cha": 596,
          "FutureClickCount_600-ip-dev-cha": 191,
          "FutureClickCount_600-app-dev-cha": 630,
          "FutureClickCount_600-ip-app-dev-cha": 152,
          "FutureClickCount_600-os-cha": 599,
          "FutureClickCount_600-ip-os-cha": 143,
          "FutureClickCount_600-app-os-cha": 562,
          "FutureClickCount_600-ip-app-os-cha": 111,
          "FutureClickCount_600-dev-os-cha": 520,
          "FutureClickCount_600-ip-dev-os-cha": 117,
          "FutureClickCount_600-app-dev-os-cha": 526,
          "FutureClickCount_600-ip-app-dev-os-cha": 107,
          "FutureClickCount_4800-ip": 1491,
          "FutureClickCount_4800-app": 505,
          "FutureClickCount_4800-ip-app": 514,
          "FutureClickCount_4800-dev": 105,
          "FutureClickCount_4800-ip-dev": 1423,
          "FutureClickCount_4800-app-dev": 301,
          "FutureClickCount_4800-ip-app-dev": 422,
          "FutureClickCount_4800-os": 228,
          "FutureClickCount_4800-ip-os": 821,
          "FutureClickCount_4800-app-os": 548,
          "FutureClickCount_4800-ip-app-os": 424,
          "FutureClickCount_4800-dev-os": 294,
          "FutureClickCount_4800-ip-dev-os": 983,
          "FutureClickCount_4800-app-dev-os": 631,
          "FutureClickCount_4800-ip-app-dev-os": 451,
          "FutureClickCount_4800-cha": 535,
          "FutureClickCount_4800-ip-cha": 278,
          "FutureClickCount_4800-app-cha": 854,
          "FutureClickCount_4800-ip-app-cha": 283,
          "FutureClickCount_4800-dev-cha": 381,
          "FutureClickCount_4800-ip-dev-cha": 298,
          "FutureClickCount_4800-app-dev-cha": 492,
          "FutureClickCount_4800-ip-app-dev-cha": 240,
          "FutureClickCount_4800-os-cha": 488,
          "FutureClickCount_4800-ip-os-cha": 199,
          "FutureClickCount_4800-app-os-cha": 572,
          "FutureClickCount_4800-ip-app-os-cha": 162,
          "FutureClickCount_4800-dev-os-cha": 536,
          "FutureClickCount_4800-ip-dev-os-cha": 173,
          "FutureClickCount_4800-app-dev-os-cha": 555,
          "FutureClickCount_4800-ip-app-dev-os-cha": 125,
          "NextClickTimeDelta-ip": 1126,
          "NextClickTimeDelta-app": 204,
          "NextClickTimeDelta-ip-app": 1240,
          "NextClickTimeDelta-dev": 96,
          "NextClickTimeDelta-ip-dev": 775,
          "NextClickTimeDelta-app-dev": 155,
          "NextClickTimeDelta-ip-app-dev": 852,
          "NextClickTimeDelta-os": 131,
          "NextClickTimeDelta-ip-os": 938,
          "NextClickTimeDelta-app-os": 368,
          "NextClickTimeDelta-ip-app-os": 1818,
          "NextClickTimeDelta-dev-os": 141,
          "NextClickTimeDelta-ip-dev-os": 639,
          "NextClickTimeDelta-app-dev-os": 278,
          "NextClickTimeDelta-ip-app-dev-os": 2775,
          "NextClickTimeDelta-cha": 261,
          "NextClickTimeDelta-ip-cha": 825,
          "NextClickTimeDelta-app-cha": 308,
          "NextClickTimeDelta-ip-app-cha": 641,
          "NextClickTimeDelta-dev-cha": 235,
          "NextClickTimeDelta-ip-dev-cha": 648,
          "NextClickTimeDelta-app-dev-cha": 214,
          "NextClickTimeDelta-ip-app-dev-cha": 534,
          "NextClickTimeDelta-os-cha": 456,
          "NextClickTimeDelta-ip-os-cha": 604,
          "NextClickTimeDelta-app-os-cha": 492,
          "NextClickTimeDelta-ip-app-os-cha": 655,
          "NextClickTimeDelta-dev-os-cha": 361,
          "NextClickTimeDelta-ip-dev-os-cha": 473,
          "NextClickTimeDelta-app-dev-os-cha": 386,
          "NextClickTimeDelta-ip-app-dev-os-cha": 699,
          "PrevClickTimeDelta-ip": 1021,
          "PrevClickTimeDelta-app": 207,
          "PrevClickTimeDelta-ip-app": 749,
          "PrevClickTimeDelta-dev": 129,
          "PrevClickTimeDelta-ip-dev": 563,
          "PrevClickTimeDelta-app-dev": 149,
          "PrevClickTimeDelta-ip-app-dev": 515,
          "PrevClickTimeDelta-os": 168,
          "PrevClickTimeDelta-ip-os": 831,
          "PrevClickTimeDelta-app-os": 366,
          "PrevClickTimeDelta-ip-app-os": 617,
          "PrevClickTimeDelta-dev-os": 139,
          "PrevClickTimeDelta-ip-dev-os": 523,
          "PrevClickTimeDelta-app-dev-os": 278,
          "PrevClickTimeDelta-ip-app-dev-os": 461,
          "PrevClickTimeDelta-cha": 262,
          "PrevClickTimeDelta-ip-cha": 756,
          "PrevClickTimeDelta-app-cha": 286,
          "PrevClickTimeDelta-ip-app-cha": 474,
          "PrevClickTimeDelta-dev-cha": 227,
          "PrevClickTimeDelta-ip-dev-cha": 463,
          "PrevClickTimeDelta-app-dev-cha": 232,
          "PrevClickTimeDelta-ip-app-dev-cha": 424,
          "PrevClickTimeDelta-os-cha": 452,
          "PrevClickTimeDelta-ip-os-cha": 443,
          "PrevClickTimeDelta-app-os-cha": 433,
          "PrevClickTimeDelta-ip-app-os-cha": 357,
          "PrevClickTimeDelta-dev-os-cha": 366,
          "PrevClickTimeDelta-ip-dev-os-cha": 316,
          "PrevClickTimeDelta-app-dev-os-cha": 356,
          "PrevClickTimeDelta-ip-app-dev-os-cha": 308,
          "AverageAttributedRatio-ip": 874,
          "AverageAttributedRatio-app": 588,
          "AverageAttributedRatio-ip-app": 439,
          "AverageAttributedRatio-dev": 1177,
          "AverageAttributedRatio-ip-dev": 762,
          "AverageAttributedRatio-app-dev": 463,
          "AverageAttributedRatio-ip-app-dev": 554,
          "AverageAttributedRatio-os": 775,
          "AverageAttributedRatio-ip-os": 485,
          "AverageAttributedRatio-app-os": 580,
          "AverageAttributedRatio-ip-app-os": 206,
          "AverageAttributedRatio-dev-os": 582,
          "AverageAttributedRatio-ip-dev-os": 427,
          "AverageAttributedRatio-app-dev-os": 548,
          "AverageAttributedRatio-ip-app-dev-os": 163,
          "AverageAttributedRatio-cha": 553,
          "AverageAttributedRatio-ip-cha": 279,
          "AverageAttributedRatio-app-cha": 507,
          "AverageAttributedRatio-ip-app-cha": 201,
          "AverageAttributedRatio-dev-cha": 412,
          "AverageAttributedRatio-ip-dev-cha": 227,
          "AverageAttributedRatio-app-dev-cha": 472,
          "AverageAttributedRatio-ip-app-dev-cha": 141,
          "AverageAttributedRatio-os-cha": 575,
          "AverageAttributedRatio-ip-os-cha": 126,
          "AverageAttributedRatio-app-os-cha": 624,
          "AverageAttributedRatio-ip-app-os-cha": 108,
          "AverageAttributedRatio-dev-os-cha": 494,
          "AverageAttributedRatio-ip-dev-os-cha": 86,
          "AverageAttributedRatio-app-dev-os-cha": 544,
          "AverageAttributedRatio-ip-app-dev-os-cha": 69,
          "KomakiLDA5NoDevice-ip-app-0": 2528,
          "KomakiLDA5NoDevice-ip-app-1": 2097,
          "KomakiLDA5NoDevice-ip-app-2": 1916,
          "KomakiLDA5NoDevice-ip-app-3": 1373,
          "KomakiLDA5NoDevice-ip-app-4": 1439,
          "KomakiLDA5NoDevice-ip-os-0": 1916,
          "KomakiLDA5NoDevice-ip-os-1": 1791,
          "KomakiLDA5NoDevice-ip-os-2": 1796,
          "KomakiLDA5NoDevice-ip-os-3": 1672,
          "KomakiLDA5NoDevice-ip-os-4": 1603,
          "KomakiLDA5NoDevice-ip-channel-0": 1838,
          "KomakiLDA5NoDevice-ip-channel-1": 1755,
          "KomakiLDA5NoDevice-ip-channel-2": 1956,
          "KomakiLDA5NoDevice-ip-channel-3": 1991,
          "KomakiLDA5NoDevice-ip-channel-4": 2010,
          "KomakiLDA5NoDevice-app-ip-0": 553,
          "KomakiLDA5NoDevice-app-ip-1": 407,
          "KomakiLDA5NoDevice-app-ip-2": 405,
          "KomakiLDA5NoDevice-app-ip-3": 415,
          "KomakiLDA5NoDevice-app-ip-4": 320,
          "KomakiLDA5NoDevice-app-os-0": 348,
          "KomakiLDA5NoDevice-app-os-1": 415,
          "KomakiLDA5NoDevice-app-os-2": 318,
          "KomakiLDA5NoDevice-app-os-3": 270,
          "KomakiLDA5NoDevice-app-os-4": 438,
          "KomakiLDA5NoDevice-app-channel-0": 316,
          "KomakiLDA5NoDevice-app-channel-1": 325,
          "KomakiLDA5NoDevice-app-channel-2": 385,
          "KomakiLDA5NoDevice-app-channel-3": 326,
          "KomakiLDA5NoDevice-app-channel-4": 221,
          "KomakiLDA5NoDevice-os-ip-0": 782,
          "KomakiLDA5NoDevice-os-ip-1": 435,
          "KomakiLDA5NoDevice-os-ip-2": 422,
          "KomakiLDA5NoDevice-os-ip-3": 430,
          "KomakiLDA5NoDevice-os-ip-4": 462,
          "KomakiLDA5NoDevice-os-app-0": 459,
          "KomakiLDA5NoDevice-os-app-1": 683,
          "KomakiLDA5NoDevice-os-app-2": 392,
          "KomakiLDA5NoDevice-os-app-3": 472,
          "KomakiLDA5NoDevice-os-app-4": 387,
          "KomakiLDA5NoDevice-os-channel-0": 607,
          "KomakiLDA5NoDevice-os-channel-1": 343,
          "KomakiLDA5NoDevice-os-channel-2": 444,
          "KomakiLDA5NoDevice-os-channel-3": 427,
          "KomakiLDA5NoDevice-os-channel-4": 365,
          "KomakiLDA5NoDevice-channel-ip-0": 607,
          "KomakiLDA5NoDevice-channel-ip-1": 706,
          "KomakiLDA5NoDevice-channel-ip-2": 579,
          "KomakiLDA5NoDevice-channel-ip-3": 676,
          "KomakiLDA5NoDevice-channel-ip-4": 524,
          "KomakiLDA5NoDevice-channel-app-0": 680,
          "KomakiLDA5NoDevice-channel-app-1": 476,
          "KomakiLDA5NoDevice-channel-app-2": 533,
          "KomakiLDA5NoDevice-channel-app-3": 503,
          "KomakiLDA5NoDevice-channel-app-4": 535,
          "KomakiLDA5NoDevice-channel-os-0": 665,
          "KomakiLDA5NoDevice-channel-os-1": 641,
          "KomakiLDA5NoDevice-channel-os-2": 624,
          "KomakiLDA5NoDevice-channel-os-3": 614,
          "KomakiLDA5NoDevice-channel-os-4": 511
        }
      },
      {
        "train_auc": 0.9937190950002578,
        "valid_auc": 0.9847174613912463,
        "best_iteration": 601,
        "train_time": 315.67172741889954,
        "feature_importance": {
          "app": 3683,
          "hour": 3749,
          "n_channels": 1327,
          "ip_app_count": 1446,
          "ip_app_os_count": 1403,
          "FutureClickCount_600-ip": 795,
          "FutureClickCount_600-app": 612,
          "FutureClickCount_600-ip-app": 253,
          "FutureClickCount_600-dev": 306,
          "FutureClickCount_600-ip-dev": 669,
          "FutureClickCount_600-app-dev": 546,
          "FutureClickCount_600-ip-app-dev": 223,
          "FutureClickCount_600-os": 426,
          "FutureClickCount_600-ip-os": 602,
          "FutureClickCount_600-app-os": 627,
          "FutureClickCount_600-ip-app-os": 263,
          "FutureClickCount_600-dev-os": 718,
          "FutureClickCount_600-ip-dev-os": 492,
          "FutureClickCount_600-app-dev-os": 782,
          "FutureClickCount_600-ip-app-dev-os": 357,
          "FutureClickCount_600-cha": 633,
          "FutureClickCount_600-ip-cha": 156,
          "FutureClickCount_600-app-cha": 835,
          "FutureClickCount_600-ip-app-cha": 147,
          "FutureClickCount_600-dev-cha": 533,
          "FutureClickCount_600-ip-dev-cha": 157,
          "FutureClickCount_600-app-dev-cha": 524,
          "FutureClickCount_600-ip-app-dev-cha": 122,
          "FutureClickCount_600-os-cha": 474,
          "FutureClickCount_600-ip-os-cha": 127,
          "FutureClickCount_600-app-os-cha": 491,
          "FutureClickCount_600-ip-app-os-cha": 131,
          "FutureClickCount_600-dev-os-cha": 404,
          "FutureClickCount_600-ip-dev-os-cha": 100,
          "FutureClickCount_600-app-dev-os-cha": 435,
          "FutureClickCount_600-ip-app-dev-os-cha": 107,
          "FutureClickCount_4800-ip": 1303,
          "FutureClickCount_4800-app": 415,
          "FutureClickCount_4800-ip-app": 451,
          "FutureClickCount_4800-dev": 95,
          "FutureClickCount_4800-ip-dev": 1140,
          "FutureClickCount_4800-app-dev": 307,
          "FutureClickCount_4800-ip-app-dev": 370,
          "FutureClickCount_4800-os": 206,
          "FutureClickCount_4800-ip-os": 741,
          "FutureClickCount_4800-app-os": 501,
          "FutureClickCount_4800-ip-app-os": 365,
          "FutureClickCount_4800-dev-os": 280,
          "FutureClickCount_4800-ip-dev-os": 852,
          "FutureClickCount_4800-app-dev-os": 590,
          "FutureClickCount_4800-ip-app-dev-os": 433,
          "FutureClickCount_4800-cha": 460,
          "FutureClickCount_4800-ip-cha": 261,
          "FutureClickCount_4800-app-cha": 767,
          "FutureClickCount_4800-ip-app-cha": 228,
          "FutureClickCount_4800-dev-cha": 322,
          "FutureClickCount_4800-ip-dev-cha": 215,
          "FutureClickCount_4800-app-dev-cha": 399,
          "FutureClickCount_4800-ip-app-dev-cha": 209,
          "FutureClickCount_4800-os-cha": 444,
          "FutureClickCount_4800-ip-os-cha": 155,
          "FutureClickCount_4800-app-os-cha": 480,
          "FutureClickCount_4800-ip-app-os-cha": 144,
          "FutureClickCount_4800-dev-os-cha": 426,
          "FutureClickCount_4800-ip-dev-os-cha": 123,
          "FutureClickCount_4800-app-dev-os-cha": 433,
          "FutureClickCount_4800-ip-app-dev-os-cha": 109,
          "NextClickTimeDelta-ip": 1016,
          "NextClickTimeDelta-app": 196,
          "NextClickTimeDelta-ip-app": 1054,
          "NextClickTimeDelta-dev": 95,
          "NextClickTimeDelta-ip-dev": 642,
          "NextClickTimeDelta-app-dev": 159,
          "NextClickTimeDelta-ip-app-dev": 730,
          "NextClickTimeDelta-os": 152,
          "NextClickTimeDelta-ip-os": 864,
          "NextClickTimeDelta-app-os": 320,
          "NextClickTimeDelta-ip-app-os": 1564,
          "NextClickTimeDelta-dev-os": 129,
          "NextClickTimeDelta-ip-dev-os": 617,
          "NextClickTimeDelta-app-dev-os": 217,
          "NextClickTimeDelta-ip-app-dev-os": 2686,
          "NextClickTimeDelta-cha": 191,
          "NextClickTimeDelta-ip-cha": 719,
          "NextClickTimeDelta-app-cha": 285,
          "NextClickTimeDelta-ip-app-cha": 600,
          "NextClickTimeDelta-dev-cha": 188,
          "NextClickTimeDelta-ip-dev-cha": 498,
          "NextClickTimeDelta-app-dev-cha": 222,
          "NextClickTimeDelta-ip-app-dev-cha": 441,
          "NextClickTimeDelta-os-cha": 370,
          "NextClickTimeDelta-ip-os-cha": 487,
          "NextClickTimeDelta-app-os-cha": 403,
          "NextClickTimeDelta-ip-app-os-cha": 577,
          "NextClickTimeDelta-dev-os-cha": 279,
          "NextClickTimeDelta-ip-dev-os-cha": 415,
          "NextClickTimeDelta-app-dev-os-cha": 308,
          "NextClickTimeDelta-ip-app-dev-os-cha": 597,
          "PrevClickTimeDelta-ip": 808,
          "PrevClickTimeDelta-app": 159,
          "PrevClickTimeDelta-ip-app": 600,
          "PrevClickTimeDelta-dev": 84,
          "PrevClickTimeDelta-ip-dev": 511,
          "PrevClickTimeDelta-app-dev": 139,
          "PrevClickTimeDelta-ip-app-dev": 416,
          "PrevClickTimeDelta-os": 182,
          "PrevClickTimeDelta-ip-os": 709,
          "PrevClickTimeDelta-app-os": 266,
          "PrevClickTimeDelta-ip-app-os": 554,
          "PrevClickTimeDelta-dev-os": 128,
          "PrevClickTimeDelta-ip-dev-os": 458,
          "PrevClickTimeDelta-app-dev-os": 231,
          "PrevClickTimeDelta-ip-app-dev-os": 441,
          "PrevClickTimeDelta-cha": 184,
          "PrevClickTimeDelta-ip-cha": 594,
          "PrevClickTimeDelta-app-cha": 309,
          "PrevClickTimeDelta-ip-app-cha": 386,
          "PrevClickTimeDelta-dev-cha": 173,
          "PrevClickTimeDelta-ip-dev-cha": 348,
          "PrevClickTimeDelta-app-dev-cha": 192,
          "PrevClickTimeDelta-ip-app-dev-cha": 337,
          "PrevClickTimeDelta-os-cha": 354,
          "PrevClickTimeDelta-ip-os-cha": 409,
          "PrevClickTimeDelta-app-os-cha": 315,
          "PrevClickTimeDelta-ip-app-os-cha": 336,
          "PrevClickTimeDelta-dev-os-cha": 292,
          "PrevClickTimeDelta-ip-dev-os-cha": 245,
          "PrevClickTimeDelta-app-dev-os-cha": 299,
          "PrevClickTimeDelta-ip-app-dev-os-cha": 225,
          "AverageAttributedRatio-ip": 675,
          "AverageAttributedRatio-app": 586,
          "AverageAttributedRatio-ip-app": 439,
          "AverageAttributedRatio-dev": 919,
          "AverageAttributedRatio-ip-dev": 641,
          "AverageAttributedRatio-app-dev": 390,
          "AverageAttributedRatio-ip-app-dev": 493,
          "AverageAttributedRatio-os": 647,
          "AverageAttributedRatio-ip-os": 396,
          "AverageAttributedRatio-app-os": 504,
          "AverageAttributedRatio-ip-app-os": 167,
          "AverageAttributedRatio-dev-os": 489,
          "AverageAttributedRatio-ip-dev-os": 385,
          "AverageAttributedRatio-app-dev-os": 524,
          "AverageAttributedRatio-ip-app-dev-os": 158,
          "AverageAttributedRatio-cha": 461,
          "AverageAttributedRatio-ip-cha": 218,
          "AverageAttributedRatio-app-cha": 451,
          "AverageAttributedRatio-ip-app-cha": 172,
          "AverageAttributedRatio-dev-cha": 324,
          "AverageAttributedRatio-ip-dev-cha": 164,
          "AverageAttributedRatio-app-dev-cha": 357,
          "AverageAttributedRatio-ip-app-dev-cha": 144,
          "AverageAttributedRatio-os-cha": 480,
          "AverageAttributedRatio-ip-os-cha": 105,
          "AverageAttributedRatio-app-os-cha": 560,
          "AverageAttributedRatio-ip-app-os-cha": 97,
          "AverageAttributedRatio-dev-os-cha": 453,
          "AverageAttributedRatio-ip-dev-os-cha": 88,
          "AverageAttributedRatio-app-dev-os-cha": 491,
          "AverageAttributedRatio-ip-app-dev-os-cha": 60,
          "KomakiLDA5NoDevice-ip-app-0": 2237,
          "KomakiLDA5NoDevice-ip-app-1": 1820,
          "KomakiLDA5NoDevice-ip-app-2": 1699,
          "KomakiLDA5NoDevice-ip-app-3": 1158,
          "KomakiLDA5NoDevice-ip-app-4": 1236,
          "KomakiLDA5NoDevice-ip-os-0": 1647,
          "KomakiLDA5NoDevice-ip-os-1": 1571,
          "KomakiLDA5NoDevice-ip-os-2": 1566,
          "KomakiLDA5NoDevice-ip-os-3": 1301,
          "KomakiLDA5NoDevice-ip-os-4": 1304,
          "KomakiLDA5NoDevice-ip-channel-0": 1452,
          "KomakiLDA5NoDevice-ip-channel-1": 1504,
          "KomakiLDA5NoDevice-ip-channel-2": 1628,
          "KomakiLDA5NoDevice-ip-channel-3": 1629,
          "KomakiLDA5NoDevice-ip-channel-4": 1802,
          "KomakiLDA5NoDevice-app-ip-0": 468,
          "KomakiLDA5NoDevice-app-ip-1": 362,
          "KomakiLDA5NoDevice-app-ip-2": 339,
          "KomakiLDA5NoDevice-app-ip-3": 367,
          "KomakiLDA5NoDevice-app-ip-4": 324,
          "KomakiLDA5NoDevice-app-os-0": 302,
          "KomakiLDA5NoDevice-app-os-1": 360,
          "KomakiLDA5NoDevice-app-os-2": 306,
          "KomakiLDA5NoDevice-app-os-3": 259,
          "KomakiLDA5NoDevice-app-os-4": 453,
          "KomakiLDA5NoDevice-app-channel-0": 305,
          "KomakiLDA5NoDevice-app-channel-1": 282,
          "KomakiLDA5NoDevice-app-channel-2": 340,
          "KomakiLDA5NoDevice-app-channel-3": 256,
          "KomakiLDA5NoDevice-app-channel-4": 188,
          "KomakiLDA5NoDevice-os-ip-0": 639,
          "KomakiLDA5NoDevice-os-ip-1": 444,
          "KomakiLDA5NoDevice-os-ip-2": 432,
          "KomakiLDA5NoDevice-os-ip-3": 371,
          "KomakiLDA5NoDevice-os-ip-4": 393,
          "KomakiLDA5NoDevice-os-app-0": 402,
          "KomakiLDA5NoDevice-os-app-1": 644,
          "KomakiLDA5NoDevice-os-app-2": 344,
          "KomakiLDA5NoDevice-os-app-3": 393,
          "KomakiLDA5NoDevice-os-app-4": 364,
          "KomakiLDA5NoDevice-os-channel-0": 546,
          "KomakiLDA5NoDevice-os-channel-1": 333,
          "KomakiLDA5NoDevice-os-channel-2": 383,
          "KomakiLDA5NoDevice-os-channel-3": 393,
          "KomakiLDA5NoDevice-os-channel-4": 396,
          "KomakiLDA5NoDevice-channel-ip-0": 546,
          "KomakiLDA5NoDevice-channel-ip-1": 599,
          "KomakiLDA5NoDevice-channel-ip-2": 505,
          "KomakiLDA5NoDevice-channel-ip-3": 617,
          "KomakiLDA5NoDevice-channel-ip-4": 485,
          "KomakiLDA5NoDevice-channel-app-0": 479,
          "KomakiLDA5NoDevice-channel-app-1": 373,
          "KomakiLDA5NoDevice-channel-app-2": 489,
          "KomakiLDA5NoDevice-channel-app-3": 446,
          "KomakiLDA5NoDevice-channel-app-4": 426,
          "KomakiLDA5NoDevice-channel-os-0": 578,
          "KomakiLDA5NoDevice-channel-os-1": 553,
          "KomakiLDA5NoDevice-channel-os-2": 542,
          "KomakiLDA5NoDevice-channel-os-3": 517,
          "KomakiLDA5NoDevice-channel-os-4": 449
        }
      }
    ],
    "average_train_auc": 0.9940976013633259,
    "average_valid_auc": 0.9845906440899663,
    "train_auc_std": 0.00027453747265808313,
    "valid_auc_std": 9.658033315261071e-05,
    "average_train_time": 341.5451935768127
  },
  "config": {
    "features": [
      "app",
      "hour",
      "count",
      "future_click_count_10",
      "future_click_count_80",
      "next_click_time_delta",
      "prev_click_time_delta",
      "average_attributed_ratio",
      "komaki_lda_5_no_device"
    ],
    "model": {
      "name": "lightgbm",
      "model_params": {
        "boosting_type": "gbdt",
        "objective": "binary",
        "metric": "auc",
        "learning_rate": 0.03,
        "num_leaves": 255,
        "max_depth": 8,
        "min_child_samples": 10,
        "max_bin": 100,
        "subsample": 0.7,
        "subsample_freq": 1,
        "colsample_bytree": 0.7,
        "min_child_weight": 0,
        "subsample_for_bin": 200000,
        "min_split_gain": 0,
        "reg_alpha": 0,
        "reg_lambda": 0,
        "verbose": 0
      },
      "train_params": {
        "num_boost_round": 1000,
        "early_stopping_rounds": 30
      }
    },
    "dataset": {
      "input_directory": "data/input/",
      "cache_directory": "data/working/",
      "validation_ratio": 0.33333333333,
      "full_data_train": true,
      "files": {
        "train": "train.feather",
        "test": "old_test.feather"
      },
      "negative_down_sampling": {
        "enabled": true,
        "bagging_size": 5,
        "random_state": 114514
      }
    },
    "note": "29 - ip - os - channel"
  }
}