{
  "training": {
    "trials": [
      {
        "train_auc": 0.9974777180384657,
        "valid_auc": 0.9596153846153846,
        "best_iteration": 68,
        "train_time": 2.1952168941497803,
        "feature_importance": {
          "app": 0,
          "hour": 2,
          "n_channels": 1,
          "ip_app_count": 2,
          "ip_app_os_count": 0,
          "FutureClickCount_600-ip": 0,
          "FutureClickCount_600-app": 7,
          "FutureClickCount_600-ip-app": 0,
          "FutureClickCount_600-dev": 10,
          "FutureClickCount_600-ip-dev": 0,
          "FutureClickCount_600-app-dev": 5,
          "FutureClickCount_600-ip-app-dev": 0,
          "FutureClickCount_600-os": 16,
          "FutureClickCount_600-ip-os": 0,
          "FutureClickCount_600-app-os": 3,
          "FutureClickCount_600-ip-app-os": 0,
          "FutureClickCount_600-dev-os": 16,
          "FutureClickCount_600-ip-dev-os": 0,
          "FutureClickCount_600-app-dev-os": 7,
          "FutureClickCount_600-ip-app-dev-os": 0,
          "FutureClickCount_600-cha": 3,
          "FutureClickCount_600-ip-cha": 0,
          "FutureClickCount_600-app-cha": 3,
          "FutureClickCount_600-ip-app-cha": 0,
          "FutureClickCount_600-dev-cha": 0,
          "FutureClickCount_600-ip-dev-cha": 0,
          "FutureClickCount_600-app-dev-cha": 0,
          "FutureClickCount_600-ip-app-dev-cha": 0,
          "FutureClickCount_600-os-cha": 1,
          "FutureClickCount_600-ip-os-cha": 0,
          "FutureClickCount_600-app-os-cha": 1,
          "FutureClickCount_600-ip-app-os-cha": 0,
          "FutureClickCount_600-dev-os-cha": 0,
          "FutureClickCount_600-ip-dev-os-cha": 0,
          "FutureClickCount_600-app-dev-os-cha": 3,
          "FutureClickCount_600-ip-app-dev-os-cha": 0,
          "FutureClickCount_4800-ip": 1,
          "FutureClickCount_4800-app": 6,
          "FutureClickCount_4800-ip-app": 0,
          "FutureClickCount_4800-dev": 7,
          "FutureClickCount_4800-ip-dev": 0,
          "FutureClickCount_4800-app-dev": 10,
          "FutureClickCount_4800-ip-app-dev": 0,
          "FutureClickCount_4800-os": 19,
          "FutureClickCount_4800-ip-os": 0,
          "FutureClickCount_4800-app-os": 6,
          "FutureClickCount_4800-ip-app-os": 0,
          "FutureClickCount_4800-dev-os": 25,
          "FutureClickCount_4800-ip-dev-os": 0,
          "FutureClickCount_4800-app-dev-os": 7,
          "FutureClickCount_4800-ip-app-dev-os": 0,
          "FutureClickCount_4800-cha": 9,
          "FutureClickCount_4800-ip-cha": 0,
          "FutureClickCount_4800-app-cha": 12,
          "FutureClickCount_4800-ip-app-cha": 0,
          "FutureClickCount_4800-dev-cha": 9,
          "FutureClickCount_4800-ip-dev-cha": 0,
          "FutureClickCount_4800-app-dev-cha": 5,
          "FutureClickCount_4800-ip-app-dev-cha": 0,
          "FutureClickCount_4800-os-cha": 12,
          "FutureClickCount_4800-ip-os-cha": 0,
          "FutureClickCount_4800-app-os-cha": 5,
          "FutureClickCount_4800-ip-app-os-cha": 0,
          "FutureClickCount_4800-dev-os-cha": 11,
          "FutureClickCount_4800-ip-dev-os-cha": 0,
          "FutureClickCount_4800-app-dev-os-cha": 8,
          "FutureClickCount_4800-ip-app-dev-os-cha": 0,
          "NextClickTimeDelta-ip": 8,
          "NextClickTimeDelta-app": 18,
          "NextClickTimeDelta-ip-app": 1,
          "NextClickTimeDelta-dev": 10,
          "NextClickTimeDelta-ip-dev": 6,
          "NextClickTimeDelta-app-dev": 8,
          "NextClickTimeDelta-ip-app-dev": 0,
          "NextClickTimeDelta-os": 5,
          "NextClickTimeDelta-ip-os": 4,
          "NextClickTimeDelta-app-os": 7,
          "NextClickTimeDelta-ip-app-os": 0,
          "NextClickTimeDelta-dev-os": 5,
          "NextClickTimeDelta-ip-dev-os": 8,
          "NextClickTimeDelta-app-dev-os": 5,
          "NextClickTimeDelta-ip-app-dev-os": 0,
          "NextClickTimeDelta-cha": 14,
          "NextClickTimeDelta-ip-cha": 0,
          "NextClickTimeDelta-app-cha": 8,
          "NextClickTimeDelta-ip-app-cha": 0,
          "NextClickTimeDelta-dev-cha": 6,
          "NextClickTimeDelta-ip-dev-cha": 1,
          "NextClickTimeDelta-app-dev-cha": 6,
          "NextClickTimeDelta-ip-app-dev-cha": 0,
          "NextClickTimeDelta-os-cha": 4,
          "NextClickTimeDelta-ip-os-cha": 0,
          "NextClickTimeDelta-app-os-cha": 3,
          "NextClickTimeDelta-ip-app-os-cha": 0,
          "NextClickTimeDelta-dev-os-cha": 4,
          "NextClickTimeDelta-ip-dev-os-cha": 0,
          "NextClickTimeDelta-app-dev-os-cha": 3,
          "NextClickTimeDelta-ip-app-dev-os-cha": 0,
          "PrevClickTimeDelta-ip": 6,
          "PrevClickTimeDelta-app": 10,
          "PrevClickTimeDelta-ip-app": 0,
          "PrevClickTimeDelta-dev": 5,
          "PrevClickTimeDelta-ip-dev": 12,
          "PrevClickTimeDelta-app-dev": 5,
          "PrevClickTimeDelta-ip-app-dev": 1,
          "PrevClickTimeDelta-os": 9,
          "PrevClickTimeDelta-ip-os": 1,
          "PrevClickTimeDelta-app-os": 11,
          "PrevClickTimeDelta-ip-app-os": 0,
          "PrevClickTimeDelta-dev-os": 8,
          "PrevClickTimeDelta-ip-dev-os": 3,
          "PrevClickTimeDelta-app-dev-os": 2,
          "PrevClickTimeDelta-ip-app-dev-os": 0,
          "PrevClickTimeDelta-cha": 11,
          "PrevClickTimeDelta-ip-cha": 0,
          "PrevClickTimeDelta-app-cha": 15,
          "PrevClickTimeDelta-ip-app-cha": 0,
          "PrevClickTimeDelta-dev-cha": 7,
          "PrevClickTimeDelta-ip-dev-cha": 0,
          "PrevClickTimeDelta-app-dev-cha": 10,
          "PrevClickTimeDelta-ip-app-dev-cha": 0,
          "PrevClickTimeDelta-os-cha": 5,
          "PrevClickTimeDelta-ip-os-cha": 0,
          "PrevClickTimeDelta-app-os-cha": 4,
          "PrevClickTimeDelta-ip-app-os-cha": 0,
          "PrevClickTimeDelta-dev-os-cha": 6,
          "PrevClickTimeDelta-ip-dev-os-cha": 0,
          "PrevClickTimeDelta-app-dev-os-cha": 5,
          "PrevClickTimeDelta-ip-app-dev-os-cha": 0,
          "AverageAttributedRatio-ip": 0,
          "AverageAttributedRatio-app": 27,
          "AverageAttributedRatio-ip-app": 0,
          "AverageAttributedRatio-dev": 17,
          "AverageAttributedRatio-ip-dev": 0,
          "AverageAttributedRatio-app-dev": 34,
          "AverageAttributedRatio-ip-app-dev": 0,
          "AverageAttributedRatio-os": 3,
          "AverageAttributedRatio-ip-os": 0,
          "AverageAttributedRatio-app-os": 1,
          "AverageAttributedRatio-ip-app-os": 0,
          "AverageAttributedRatio-dev-os": 3,
          "AverageAttributedRatio-ip-dev-os": 0,
          "AverageAttributedRatio-app-dev-os": 2,
          "AverageAttributedRatio-ip-app-dev-os": 0,
          "AverageAttributedRatio-cha": 5,
          "AverageAttributedRatio-ip-cha": 0,
          "AverageAttributedRatio-app-cha": 2,
          "AverageAttributedRatio-ip-app-cha": 0,
          "AverageAttributedRatio-dev-cha": 7,
          "AverageAttributedRatio-ip-dev-cha": 0,
          "AverageAttributedRatio-app-dev-cha": 0,
          "AverageAttributedRatio-ip-app-dev-cha": 0,
          "AverageAttributedRatio-os-cha": 1,
          "AverageAttributedRatio-ip-os-cha": 0,
          "AverageAttributedRatio-app-os-cha": 0,
          "AverageAttributedRatio-ip-app-os-cha": 0,
          "AverageAttributedRatio-dev-os-cha": 0,
          "AverageAttributedRatio-ip-dev-os-cha": 0,
          "AverageAttributedRatio-app-dev-os-cha": 0,
          "AverageAttributedRatio-ip-app-dev-os-cha": 0,
          "KomakiLDA5NoDevice-ip-app-0": 10,
          "KomakiLDA5NoDevice-ip-app-1": 15,
          "KomakiLDA5NoDevice-ip-app-2": 18,
          "KomakiLDA5NoDevice-ip-app-3": 36,
          "KomakiLDA5NoDevice-ip-app-4": 6,
          "KomakiLDA5NoDevice-ip-os-0": 9,
          "KomakiLDA5NoDevice-ip-os-1": 6,
          "KomakiLDA5NoDevice-ip-os-2": 11,
          "KomakiLDA5NoDevice-ip-os-3": 19,
          "KomakiLDA5NoDevice-ip-os-4": 8,
          "KomakiLDA5NoDevice-ip-channel-0": 15,
          "KomakiLDA5NoDevice-ip-channel-1": 30,
          "KomakiLDA5NoDevice-ip-channel-2": 17,
          "KomakiLDA5NoDevice-ip-channel-3": 30,
          "KomakiLDA5NoDevice-ip-channel-4": 9,
          "KomakiLDA5NoDevice-app-ip-0": 10,
          "KomakiLDA5NoDevice-app-ip-1": 7,
          "KomakiLDA5NoDevice-app-ip-2": 3,
          "KomakiLDA5NoDevice-app-ip-3": 0,
          "KomakiLDA5NoDevice-app-ip-4": 1,
          "KomakiLDA5NoDevice-app-os-0": 1,
          "KomakiLDA5NoDevice-app-os-1": 0,
          "KomakiLDA5NoDevice-app-os-2": 10,
          "KomakiLDA5NoDevice-app-os-3": 2,
          "KomakiLDA5NoDevice-app-os-4": 0,
          "KomakiLDA5NoDevice-app-channel-0": 5,
          "KomakiLDA5NoDevice-app-channel-1": 6,
          "KomakiLDA5NoDevice-app-channel-2": 1,
          "KomakiLDA5NoDevice-app-channel-3": 3,
          "KomakiLDA5NoDevice-app-channel-4": 2,
          "KomakiLDA5NoDevice-os-ip-0": 7,
          "KomakiLDA5NoDevice-os-ip-1": 1,
          "KomakiLDA5NoDevice-os-ip-2": 5,
          "KomakiLDA5NoDevice-os-ip-3": 0,
          "KomakiLDA5NoDevice-os-ip-4": 1,
          "KomakiLDA5NoDevice-os-app-0": 1,
          "KomakiLDA5NoDevice-os-app-1": 1,
          "KomakiLDA5NoDevice-os-app-2": 3,
          "KomakiLDA5NoDevice-os-app-3": 0,
          "KomakiLDA5NoDevice-os-app-4": 1,
          "KomakiLDA5NoDevice-os-channel-0": 3,
          "KomakiLDA5NoDevice-os-channel-1": 0,
          "KomakiLDA5NoDevice-os-channel-2": 4,
          "KomakiLDA5NoDevice-os-channel-3": 3,
          "KomakiLDA5NoDevice-os-channel-4": 5,
          "KomakiLDA5NoDevice-channel-ip-0": 7,
          "KomakiLDA5NoDevice-channel-ip-1": 0,
          "KomakiLDA5NoDevice-channel-ip-2": 1,
          "KomakiLDA5NoDevice-channel-ip-3": 3,
          "KomakiLDA5NoDevice-channel-ip-4": 0,
          "KomakiLDA5NoDevice-channel-app-0": 6,
          "KomakiLDA5NoDevice-channel-app-1": 12,
          "KomakiLDA5NoDevice-channel-app-2": 1,
          "KomakiLDA5NoDevice-channel-app-3": 14,
          "KomakiLDA5NoDevice-channel-app-4": 5,
          "KomakiLDA5NoDevice-channel-os-0": 16,
          "KomakiLDA5NoDevice-channel-os-1": 20,
          "KomakiLDA5NoDevice-channel-os-2": 15,
          "KomakiLDA5NoDevice-channel-os-3": 8,
          "KomakiLDA5NoDevice-channel-os-4": 0,
          "KomakiNMF5NoDevice-ip-app-0": 15,
          "KomakiNMF5NoDevice-ip-app-1": 25,
          "KomakiNMF5NoDevice-ip-app-2": 15,
          "KomakiNMF5NoDevice-ip-app-3": 18,
          "KomakiNMF5NoDevice-ip-app-4": 22,
          "KomakiNMF5NoDevice-ip-os-0": 14,
          "KomakiNMF5NoDevice-ip-os-1": 16,
          "KomakiNMF5NoDevice-ip-os-2": 7,
          "KomakiNMF5NoDevice-ip-os-3": 5,
          "KomakiNMF5NoDevice-ip-os-4": 7,
          "KomakiNMF5NoDevice-ip-channel-0": 41,
          "KomakiNMF5NoDevice-ip-channel-1": 18,
          "KomakiNMF5NoDevice-ip-channel-2": 25,
          "KomakiNMF5NoDevice-ip-channel-3": 15,
          "KomakiNMF5NoDevice-ip-channel-4": 11,
          "KomakiNMF5NoDevice-app-ip-0": 47,
          "KomakiNMF5NoDevice-app-ip-1": 3,
          "KomakiNMF5NoDevice-app-ip-2": 1,
          "KomakiNMF5NoDevice-app-ip-3": 2,
          "KomakiNMF5NoDevice-app-ip-4": 26,
          "KomakiNMF5NoDevice-app-os-0": 5,
          "KomakiNMF5NoDevice-app-os-1": 2,
          "KomakiNMF5NoDevice-app-os-2": 3,
          "KomakiNMF5NoDevice-app-os-3": 4,
          "KomakiNMF5NoDevice-app-os-4": 1,
          "KomakiNMF5NoDevice-app-channel-0": 2,
          "KomakiNMF5NoDevice-app-channel-1": 1,
          "KomakiNMF5NoDevice-app-channel-2": 6,
          "KomakiNMF5NoDevice-app-channel-3": 0,
          "KomakiNMF5NoDevice-app-channel-4": 1,
          "KomakiNMF5NoDevice-os-ip-0": 1,
          "KomakiNMF5NoDevice-os-ip-1": 12,
          "KomakiNMF5NoDevice-os-ip-2": 2,
          "KomakiNMF5NoDevice-os-ip-3": 6,
          "KomakiNMF5NoDevice-os-ip-4": 4,
          "KomakiNMF5NoDevice-os-app-0": 0,
          "KomakiNMF5NoDevice-os-app-1": 4,
          "KomakiNMF5NoDevice-os-app-2": 1,
          "KomakiNMF5NoDevice-os-app-3": 0,
          "KomakiNMF5NoDevice-os-app-4": 0,
          "KomakiNMF5NoDevice-os-channel-0": 7,
          "KomakiNMF5NoDevice-os-channel-1": 0,
          "KomakiNMF5NoDevice-os-channel-2": 2,
          "KomakiNMF5NoDevice-os-channel-3": 5,
          "KomakiNMF5NoDevice-os-channel-4": 1,
          "KomakiNMF5NoDevice-channel-ip-0": 9,
          "KomakiNMF5NoDevice-channel-ip-1": 6,
          "KomakiNMF5NoDevice-channel-ip-2": 7,
          "KomakiNMF5NoDevice-channel-ip-3": 4,
          "KomakiNMF5NoDevice-channel-ip-4": 7,
          "KomakiNMF5NoDevice-channel-app-0": 2,
          "KomakiNMF5NoDevice-channel-app-1": 1,
          "KomakiNMF5NoDevice-channel-app-2": 9,
          "KomakiNMF5NoDevice-channel-app-3": 15,
          "KomakiNMF5NoDevice-channel-app-4": 4,
          "KomakiNMF5NoDevice-channel-os-0": 3,
          "KomakiNMF5NoDevice-channel-os-1": 0,
          "KomakiNMF5NoDevice-channel-os-2": 2,
          "KomakiNMF5NoDevice-channel-os-3": 5,
          "KomakiNMF5NoDevice-channel-os-4": 11,
          "KomakiPCA5NoDevice-ip-app-0": 42,
          "KomakiPCA5NoDevice-ip-app-1": 45,
          "KomakiPCA5NoDevice-ip-app-2": 25,
          "KomakiPCA5NoDevice-ip-app-3": 30,
          "KomakiPCA5NoDevice-ip-app-4": 30,
          "KomakiPCA5NoDevice-ip-os-0": 20,
          "KomakiPCA5NoDevice-ip-os-1": 10,
          "KomakiPCA5NoDevice-ip-os-2": 16,
          "KomakiPCA5NoDevice-ip-os-3": 12,
          "KomakiPCA5NoDevice-ip-os-4": 4,
          "KomakiPCA5NoDevice-ip-channel-0": 25,
          "KomakiPCA5NoDevice-ip-channel-1": 37,
          "KomakiPCA5NoDevice-ip-channel-2": 30,
          "KomakiPCA5NoDevice-ip-channel-3": 29,
          "KomakiPCA5NoDevice-ip-channel-4": 23,
          "KomakiPCA5NoDevice-app-ip-0": 8,
          "KomakiPCA5NoDevice-app-ip-1": 2,
          "KomakiPCA5NoDevice-app-ip-2": 0,
          "KomakiPCA5NoDevice-app-ip-3": 6,
          "KomakiPCA5NoDevice-app-ip-4": 4,
          "KomakiPCA5NoDevice-app-os-0": 3,
          "KomakiPCA5NoDevice-app-os-1": 2,
          "KomakiPCA5NoDevice-app-os-2": 5,
          "KomakiPCA5NoDevice-app-os-3": 9,
          "KomakiPCA5NoDevice-app-os-4": 1,
          "KomakiPCA5NoDevice-app-channel-0": 14,
          "KomakiPCA5NoDevice-app-channel-1": 15,
          "KomakiPCA5NoDevice-app-channel-2": 5,
          "KomakiPCA5NoDevice-app-channel-3": 2,
          "KomakiPCA5NoDevice-app-channel-4": 6,
          "KomakiPCA5NoDevice-os-ip-0": 3,
          "KomakiPCA5NoDevice-os-ip-1": 2,
          "KomakiPCA5NoDevice-os-ip-2": 4,
          "KomakiPCA5NoDevice-os-ip-3": 2,
          "KomakiPCA5NoDevice-os-ip-4": 5,
          "KomakiPCA5NoDevice-os-app-0": 2,
          "KomakiPCA5NoDevice-os-app-1": 1,
          "KomakiPCA5NoDevice-os-app-2": 0,
          "KomakiPCA5NoDevice-os-app-3": 1,
          "KomakiPCA5NoDevice-os-app-4": 3,
          "KomakiPCA5NoDevice-os-channel-0": 3,
          "KomakiPCA5NoDevice-os-channel-1": 3,
          "KomakiPCA5NoDevice-os-channel-2": 3,
          "KomakiPCA5NoDevice-os-channel-3": 4,
          "KomakiPCA5NoDevice-os-channel-4": 0,
          "KomakiPCA5NoDevice-channel-ip-0": 3,
          "KomakiPCA5NoDevice-channel-ip-1": 6,
          "KomakiPCA5NoDevice-channel-ip-2": 5,
          "KomakiPCA5NoDevice-channel-ip-3": 8,
          "KomakiPCA5NoDevice-channel-ip-4": 4,
          "KomakiPCA5NoDevice-channel-app-0": 21,
          "KomakiPCA5NoDevice-channel-app-1": 1,
          "KomakiPCA5NoDevice-channel-app-2": 3,
          "KomakiPCA5NoDevice-channel-app-3": 4,
          "KomakiPCA5NoDevice-channel-app-4": 6,
          "KomakiPCA5NoDevice-channel-os-0": 9,
          "KomakiPCA5NoDevice-channel-os-1": 4,
          "KomakiPCA5NoDevice-channel-os-2": 2,
          "KomakiPCA5NoDevice-channel-os-3": 6,
          "KomakiPCA5NoDevice-channel-os-4": 5
        }
      },
      {
        "train_auc": 0.9944412750481352,
        "valid_auc": 0.9599358974358975,
        "best_iteration": 37,
        "train_time": 1.422713279724121,
        "feature_importance": {
          "app": 0,
          "hour": 0,
          "n_channels": 4,
          "ip_app_count": 3,
          "ip_app_os_count": 0,
          "FutureClickCount_600-ip": 0,
          "FutureClickCount_600-app": 5,
          "FutureClickCount_600-ip-app": 0,
          "FutureClickCount_600-dev": 12,
          "FutureClickCount_600-ip-dev": 0,
          "FutureClickCount_600-app-dev": 2,
          "FutureClickCount_600-ip-app-dev": 0,
          "FutureClickCount_600-os": 8,
          "FutureClickCount_600-ip-os": 0,
          "FutureClickCount_600-app-os": 2,
          "FutureClickCount_600-ip-app-os": 0,
          "FutureClickCount_600-dev-os": 4,
          "FutureClickCount_600-ip-dev-os": 0,
          "FutureClickCount_600-app-dev-os": 1,
          "FutureClickCount_600-ip-app-dev-os": 0,
          "FutureClickCount_600-cha": 4,
          "FutureClickCount_600-ip-cha": 0,
          "FutureClickCount_600-app-cha": 3,
          "FutureClickCount_600-ip-app-cha": 0,
          "FutureClickCount_600-dev-cha": 5,
          "FutureClickCount_600-ip-dev-cha": 0,
          "FutureClickCount_600-app-dev-cha": 2,
          "FutureClickCount_600-ip-app-dev-cha": 0,
          "FutureClickCount_600-os-cha": 1,
          "FutureClickCount_600-ip-os-cha": 0,
          "FutureClickCount_600-app-os-cha": 0,
          "FutureClickCount_600-ip-app-os-cha": 0,
          "FutureClickCount_600-dev-os-cha": 2,
          "FutureClickCount_600-ip-dev-os-cha": 0,
          "FutureClickCount_600-app-dev-os-cha": 0,
          "FutureClickCount_600-ip-app-dev-os-cha": 0,
          "FutureClickCount_4800-ip": 0,
          "FutureClickCount_4800-app": 4,
          "FutureClickCount_4800-ip-app": 0,
          "FutureClickCount_4800-dev": 8,
          "FutureClickCount_4800-ip-dev": 0,
          "FutureClickCount_4800-app-dev": 2,
          "FutureClickCount_4800-ip-app-dev": 0,
          "FutureClickCount_4800-os": 9,
          "FutureClickCount_4800-ip-os": 0,
          "FutureClickCount_4800-app-os": 4,
          "FutureClickCount_4800-ip-app-os": 0,
          "FutureClickCount_4800-dev-os": 8,
          "FutureClickCount_4800-ip-dev-os": 0,
          "FutureClickCount_4800-app-dev-os": 2,
          "FutureClickCount_4800-ip-app-dev-os": 0,
          "FutureClickCount_4800-cha": 9,
          "FutureClickCount_4800-ip-cha": 0,
          "FutureClickCount_4800-app-cha": 6,
          "FutureClickCount_4800-ip-app-cha": 0,
          "FutureClickCount_4800-dev-cha": 11,
          "FutureClickCount_4800-ip-dev-cha": 0,
          "FutureClickCount_4800-app-dev-cha": 6,
          "FutureClickCount_4800-ip-app-dev-cha": 0,
          "FutureClickCount_4800-os-cha": 5,
          "FutureClickCount_4800-ip-os-cha": 0,
          "FutureClickCount_4800-app-os-cha": 2,
          "FutureClickCount_4800-ip-app-os-cha": 0,
          "FutureClickCount_4800-dev-os-cha": 1,
          "FutureClickCount_4800-ip-dev-os-cha": 0,
          "FutureClickCount_4800-app-dev-os-cha": 1,
          "FutureClickCount_4800-ip-app-dev-os-cha": 0,
          "NextClickTimeDelta-ip": 11,
          "NextClickTimeDelta-app": 5,
          "NextClickTimeDelta-ip-app": 0,
          "NextClickTimeDelta-dev": 2,
          "NextClickTimeDelta-ip-dev": 4,
          "NextClickTimeDelta-app-dev": 2,
          "NextClickTimeDelta-ip-app-dev": 1,
          "NextClickTimeDelta-os": 4,
          "NextClickTimeDelta-ip-os": 6,
          "NextClickTimeDelta-app-os": 9,
          "NextClickTimeDelta-ip-app-os": 0,
          "NextClickTimeDelta-dev-os": 1,
          "NextClickTimeDelta-ip-dev-os": 6,
          "NextClickTimeDelta-app-dev-os": 4,
          "NextClickTimeDelta-ip-app-dev-os": 0,
          "NextClickTimeDelta-cha": 4,
          "NextClickTimeDelta-ip-cha": 0,
          "NextClickTimeDelta-app-cha": 11,
          "NextClickTimeDelta-ip-app-cha": 0,
          "NextClickTimeDelta-dev-cha": 4,
          "NextClickTimeDelta-ip-dev-cha": 0,
          "NextClickTimeDelta-app-dev-cha": 2,
          "NextClickTimeDelta-ip-app-dev-cha": 0,
          "NextClickTimeDelta-os-cha": 3,
          "NextClickTimeDelta-ip-os-cha": 1,
          "NextClickTimeDelta-app-os-cha": 3,
          "NextClickTimeDelta-ip-app-os-cha": 0,
          "NextClickTimeDelta-dev-os-cha": 5,
          "NextClickTimeDelta-ip-dev-os-cha": 0,
          "NextClickTimeDelta-app-dev-os-cha": 3,
          "NextClickTimeDelta-ip-app-dev-os-cha": 0,
          "PrevClickTimeDelta-ip": 19,
          "PrevClickTimeDelta-app": 15,
          "PrevClickTimeDelta-ip-app": 0,
          "PrevClickTimeDelta-dev": 1,
          "PrevClickTimeDelta-ip-dev": 4,
          "PrevClickTimeDelta-app-dev": 3,
          "PrevClickTimeDelta-ip-app-dev": 0,
          "PrevClickTimeDelta-os": 5,
          "PrevClickTimeDelta-ip-os": 7,
          "PrevClickTimeDelta-app-os": 4,
          "PrevClickTimeDelta-ip-app-os": 0,
          "PrevClickTimeDelta-dev-os": 6,
          "PrevClickTimeDelta-ip-dev-os": 1,
          "PrevClickTimeDelta-app-dev-os": 4,
          "PrevClickTimeDelta-ip-app-dev-os": 0,
          "PrevClickTimeDelta-cha": 9,
          "PrevClickTimeDelta-ip-cha": 2,
          "PrevClickTimeDelta-app-cha": 21,
          "PrevClickTimeDelta-ip-app-cha": 0,
          "PrevClickTimeDelta-dev-cha": 6,
          "PrevClickTimeDelta-ip-dev-cha": 1,
          "PrevClickTimeDelta-app-dev-cha": 1,
          "PrevClickTimeDelta-ip-app-dev-cha": 0,
          "PrevClickTimeDelta-os-cha": 6,
          "PrevClickTimeDelta-ip-os-cha": 0,
          "PrevClickTimeDelta-app-os-cha": 5,
          "PrevClickTimeDelta-ip-app-os-cha": 0,
          "PrevClickTimeDelta-dev-os-cha": 3,
          "PrevClickTimeDelta-ip-dev-os-cha": 0,
          "PrevClickTimeDelta-app-dev-os-cha": 5,
          "PrevClickTimeDelta-ip-app-dev-os-cha": 0,
          "AverageAttributedRatio-ip": 0,
          "AverageAttributedRatio-app": 7,
          "AverageAttributedRatio-ip-app": 0,
          "AverageAttributedRatio-dev": 1,
          "AverageAttributedRatio-ip-dev": 0,
          "AverageAttributedRatio-app-dev": 19,
          "AverageAttributedRatio-ip-app-dev": 0,
          "AverageAttributedRatio-os": 6,
          "AverageAttributedRatio-ip-os": 1,
          "AverageAttributedRatio-app-os": 11,
          "AverageAttributedRatio-ip-app-os": 0,
          "AverageAttributedRatio-dev-os": 1,
          "AverageAttributedRatio-ip-dev-os": 0,
          "AverageAttributedRatio-app-dev-os": 2,
          "AverageAttributedRatio-ip-app-dev-os": 0,
          "AverageAttributedRatio-cha": 4,
          "AverageAttributedRatio-ip-cha": 0,
          "AverageAttributedRatio-app-cha": 1,
          "AverageAttributedRatio-ip-app-cha": 0,
          "AverageAttributedRatio-dev-cha": 3,
          "AverageAttributedRatio-ip-dev-cha": 0,
          "AverageAttributedRatio-app-dev-cha": 0,
          "AverageAttributedRatio-ip-app-dev-cha": 0,
          "AverageAttributedRatio-os-cha": 2,
          "AverageAttributedRatio-ip-os-cha": 0,
          "AverageAttributedRatio-app-os-cha": 0,
          "AverageAttributedRatio-ip-app-os-cha": 0,
          "AverageAttributedRatio-dev-os-cha": 1,
          "AverageAttributedRatio-ip-dev-os-cha": 0,
          "AverageAttributedRatio-app-dev-os-cha": 0,
          "AverageAttributedRatio-ip-app-dev-os-cha": 0,
          "KomakiLDA5NoDevice-ip-app-0": 7,
          "KomakiLDA5NoDevice-ip-app-1": 6,
          "KomakiLDA5NoDevice-ip-app-2": 5,
          "KomakiLDA5NoDevice-ip-app-3": 5,
          "KomakiLDA5NoDevice-ip-app-4": 2,
          "KomakiLDA5NoDevice-ip-os-0": 4,
          "KomakiLDA5NoDevice-ip-os-1": 4,
          "KomakiLDA5NoDevice-ip-os-2": 8,
          "KomakiLDA5NoDevice-ip-os-3": 9,
          "KomakiLDA5NoDevice-ip-os-4": 2,
          "KomakiLDA5NoDevice-ip-channel-0": 8,
          "KomakiLDA5NoDevice-ip-channel-1": 9,
          "KomakiLDA5NoDevice-ip-channel-2": 5,
          "KomakiLDA5NoDevice-ip-channel-3": 8,
          "KomakiLDA5NoDevice-ip-channel-4": 5,
          "KomakiLDA5NoDevice-app-ip-0": 15,
          "KomakiLDA5NoDevice-app-ip-1": 12,
          "KomakiLDA5NoDevice-app-ip-2": 1,
          "KomakiLDA5NoDevice-app-ip-3": 3,
          "KomakiLDA5NoDevice-app-ip-4": 0,
          "KomakiLDA5NoDevice-app-os-0": 1,
          "KomakiLDA5NoDevice-app-os-1": 0,
          "KomakiLDA5NoDevice-app-os-2": 6,
          "KomakiLDA5NoDevice-app-os-3": 3,
          "KomakiLDA5NoDevice-app-os-4": 1,
          "KomakiLDA5NoDevice-app-channel-0": 1,
          "KomakiLDA5NoDevice-app-channel-1": 3,
          "KomakiLDA5NoDevice-app-channel-2": 0,
          "KomakiLDA5NoDevice-app-channel-3": 5,
          "KomakiLDA5NoDevice-app-channel-4": 2,
          "KomakiLDA5NoDevice-os-ip-0": 3,
          "KomakiLDA5NoDevice-os-ip-1": 1,
          "KomakiLDA5NoDevice-os-ip-2": 0,
          "KomakiLDA5NoDevice-os-ip-3": 0,
          "KomakiLDA5NoDevice-os-ip-4": 0,
          "KomakiLDA5NoDevice-os-app-0": 0,
          "KomakiLDA5NoDevice-os-app-1": 0,
          "KomakiLDA5NoDevice-os-app-2": 0,
          "KomakiLDA5NoDevice-os-app-3": 0,
          "KomakiLDA5NoDevice-os-app-4": 1,
          "KomakiLDA5NoDevice-os-channel-0": 2,
          "KomakiLDA5NoDevice-os-channel-1": 4,
          "KomakiLDA5NoDevice-os-channel-2": 0,
          "KomakiLDA5NoDevice-os-channel-3": 5,
          "KomakiLDA5NoDevice-os-channel-4": 4,
          "KomakiLDA5NoDevice-channel-ip-0": 3,
          "KomakiLDA5NoDevice-channel-ip-1": 3,
          "KomakiLDA5NoDevice-channel-ip-2": 0,
          "KomakiLDA5NoDevice-channel-ip-3": 1,
          "KomakiLDA5NoDevice-channel-ip-4": 0,
          "KomakiLDA5NoDevice-channel-app-0": 4,
          "KomakiLDA5NoDevice-channel-app-1": 1,
          "KomakiLDA5NoDevice-channel-app-2": 0,
          "KomakiLDA5NoDevice-channel-app-3": 8,
          "KomakiLDA5NoDevice-channel-app-4": 3,
          "KomakiLDA5NoDevice-channel-os-0": 4,
          "KomakiLDA5NoDevice-channel-os-1": 3,
          "KomakiLDA5NoDevice-channel-os-2": 2,
          "KomakiLDA5NoDevice-channel-os-3": 1,
          "KomakiLDA5NoDevice-channel-os-4": 0,
          "KomakiNMF5NoDevice-ip-app-0": 4,
          "KomakiNMF5NoDevice-ip-app-1": 2,
          "KomakiNMF5NoDevice-ip-app-2": 0,
          "KomakiNMF5NoDevice-ip-app-3": 13,
          "KomakiNMF5NoDevice-ip-app-4": 5,
          "KomakiNMF5NoDevice-ip-os-0": 7,
          "KomakiNMF5NoDevice-ip-os-1": 4,
          "KomakiNMF5NoDevice-ip-os-2": 6,
          "KomakiNMF5NoDevice-ip-os-3": 1,
          "KomakiNMF5NoDevice-ip-os-4": 4,
          "KomakiNMF5NoDevice-ip-channel-0": 23,
          "KomakiNMF5NoDevice-ip-channel-1": 2,
          "KomakiNMF5NoDevice-ip-channel-2": 29,
          "KomakiNMF5NoDevice-ip-channel-3": 3,
          "KomakiNMF5NoDevice-ip-channel-4": 6,
          "KomakiNMF5NoDevice-app-ip-0": 15,
          "KomakiNMF5NoDevice-app-ip-1": 1,
          "KomakiNMF5NoDevice-app-ip-2": 1,
          "KomakiNMF5NoDevice-app-ip-3": 0,
          "KomakiNMF5NoDevice-app-ip-4": 6,
          "KomakiNMF5NoDevice-app-os-0": 2,
          "KomakiNMF5NoDevice-app-os-1": 0,
          "KomakiNMF5NoDevice-app-os-2": 9,
          "KomakiNMF5NoDevice-app-os-3": 0,
          "KomakiNMF5NoDevice-app-os-4": 0,
          "KomakiNMF5NoDevice-app-channel-0": 3,
          "KomakiNMF5NoDevice-app-channel-1": 8,
          "KomakiNMF5NoDevice-app-channel-2": 0,
          "KomakiNMF5NoDevice-app-channel-3": 0,
          "KomakiNMF5NoDevice-app-channel-4": 0,
          "KomakiNMF5NoDevice-os-ip-0": 0,
          "KomakiNMF5NoDevice-os-ip-1": 2,
          "KomakiNMF5NoDevice-os-ip-2": 1,
          "KomakiNMF5NoDevice-os-ip-3": 1,
          "KomakiNMF5NoDevice-os-ip-4": 0,
          "KomakiNMF5NoDevice-os-app-0": 0,
          "KomakiNMF5NoDevice-os-app-1": 0,
          "KomakiNMF5NoDevice-os-app-2": 0,
          "KomakiNMF5NoDevice-os-app-3": 0,
          "KomakiNMF5NoDevice-os-app-4": 1,
          "KomakiNMF5NoDevice-os-channel-0": 1,
          "KomakiNMF5NoDevice-os-channel-1": 0,
          "KomakiNMF5NoDevice-os-channel-2": 3,
          "KomakiNMF5NoDevice-os-channel-3": 4,
          "KomakiNMF5NoDevice-os-channel-4": 0,
          "KomakiNMF5NoDevice-channel-ip-0": 4,
          "KomakiNMF5NoDevice-channel-ip-1": 2,
          "KomakiNMF5NoDevice-channel-ip-2": 5,
          "KomakiNMF5NoDevice-channel-ip-3": 1,
          "KomakiNMF5NoDevice-channel-ip-4": 4,
          "KomakiNMF5NoDevice-channel-app-0": 1,
          "KomakiNMF5NoDevice-channel-app-1": 0,
          "KomakiNMF5NoDevice-channel-app-2": 1,
          "KomakiNMF5NoDevice-channel-app-3": 12,
          "KomakiNMF5NoDevice-channel-app-4": 3,
          "KomakiNMF5NoDevice-channel-os-0": 7,
          "KomakiNMF5NoDevice-channel-os-1": 0,
          "KomakiNMF5NoDevice-channel-os-2": 1,
          "KomakiNMF5NoDevice-channel-os-3": 2,
          "KomakiNMF5NoDevice-channel-os-4": 2,
          "KomakiPCA5NoDevice-ip-app-0": 21,
          "KomakiPCA5NoDevice-ip-app-1": 3,
          "KomakiPCA5NoDevice-ip-app-2": 5,
          "KomakiPCA5NoDevice-ip-app-3": 18,
          "KomakiPCA5NoDevice-ip-app-4": 4,
          "KomakiPCA5NoDevice-ip-os-0": 2,
          "KomakiPCA5NoDevice-ip-os-1": 6,
          "KomakiPCA5NoDevice-ip-os-2": 2,
          "KomakiPCA5NoDevice-ip-os-3": 8,
          "KomakiPCA5NoDevice-ip-os-4": 1,
          "KomakiPCA5NoDevice-ip-channel-0": 8,
          "KomakiPCA5NoDevice-ip-channel-1": 10,
          "KomakiPCA5NoDevice-ip-channel-2": 17,
          "KomakiPCA5NoDevice-ip-channel-3": 10,
          "KomakiPCA5NoDevice-ip-channel-4": 8,
          "KomakiPCA5NoDevice-app-ip-0": 0,
          "KomakiPCA5NoDevice-app-ip-1": 0,
          "KomakiPCA5NoDevice-app-ip-2": 0,
          "KomakiPCA5NoDevice-app-ip-3": 4,
          "KomakiPCA5NoDevice-app-ip-4": 4,
          "KomakiPCA5NoDevice-app-os-0": 2,
          "KomakiPCA5NoDevice-app-os-1": 3,
          "KomakiPCA5NoDevice-app-os-2": 2,
          "KomakiPCA5NoDevice-app-os-3": 3,
          "KomakiPCA5NoDevice-app-os-4": 0,
          "KomakiPCA5NoDevice-app-channel-0": 7,
          "KomakiPCA5NoDevice-app-channel-1": 0,
          "KomakiPCA5NoDevice-app-channel-2": 0,
          "KomakiPCA5NoDevice-app-channel-3": 0,
          "KomakiPCA5NoDevice-app-channel-4": 1,
          "KomakiPCA5NoDevice-os-ip-0": 0,
          "KomakiPCA5NoDevice-os-ip-1": 0,
          "KomakiPCA5NoDevice-os-ip-2": 2,
          "KomakiPCA5NoDevice-os-ip-3": 1,
          "KomakiPCA5NoDevice-os-ip-4": 0,
          "KomakiPCA5NoDevice-os-app-0": 5,
          "KomakiPCA5NoDevice-os-app-1": 4,
          "KomakiPCA5NoDevice-os-app-2": 4,
          "KomakiPCA5NoDevice-os-app-3": 0,
          "KomakiPCA5NoDevice-os-app-4": 3,
          "KomakiPCA5NoDevice-os-channel-0": 0,
          "KomakiPCA5NoDevice-os-channel-1": 0,
          "KomakiPCA5NoDevice-os-channel-2": 0,
          "KomakiPCA5NoDevice-os-channel-3": 1,
          "KomakiPCA5NoDevice-os-channel-4": 1,
          "KomakiPCA5NoDevice-channel-ip-0": 2,
          "KomakiPCA5NoDevice-channel-ip-1": 0,
          "KomakiPCA5NoDevice-channel-ip-2": 1,
          "KomakiPCA5NoDevice-channel-ip-3": 1,
          "KomakiPCA5NoDevice-channel-ip-4": 2,
          "KomakiPCA5NoDevice-channel-app-0": 3,
          "KomakiPCA5NoDevice-channel-app-1": 1,
          "KomakiPCA5NoDevice-channel-app-2": 2,
          "KomakiPCA5NoDevice-channel-app-3": 4,
          "KomakiPCA5NoDevice-channel-app-4": 2,
          "KomakiPCA5NoDevice-channel-os-0": 5,
          "KomakiPCA5NoDevice-channel-os-1": 4,
          "KomakiPCA5NoDevice-channel-os-2": 3,
          "KomakiPCA5NoDevice-channel-os-3": 2,
          "KomakiPCA5NoDevice-channel-os-4": 1
        }
      },
      {
        "train_auc": 0.9993051237976813,
        "valid_auc": 0.9616161616161616,
        "best_iteration": 94,
        "train_time": 2.3241050243377686,
        "feature_importance": {
          "app": 1,
          "hour": 2,
          "n_channels": 0,
          "ip_app_count": 15,
          "ip_app_os_count": 0,
          "FutureClickCount_600-ip": 0,
          "FutureClickCount_600-app": 12,
          "FutureClickCount_600-ip-app": 0,
          "FutureClickCount_600-dev": 20,
          "FutureClickCount_600-ip-dev": 0,
          "FutureClickCount_600-app-dev": 5,
          "FutureClickCount_600-ip-app-dev": 0,
          "FutureClickCount_600-os": 19,
          "FutureClickCount_600-ip-os": 0,
          "FutureClickCount_600-app-os": 4,
          "FutureClickCount_600-ip-app-os": 0,
          "FutureClickCount_600-dev-os": 14,
          "FutureClickCount_600-ip-dev-os": 0,
          "FutureClickCount_600-app-dev-os": 2,
          "FutureClickCount_600-ip-app-dev-os": 0,
          "FutureClickCount_600-cha": 16,
          "FutureClickCount_600-ip-cha": 0,
          "FutureClickCount_600-app-cha": 4,
          "FutureClickCount_600-ip-app-cha": 0,
          "FutureClickCount_600-dev-cha": 9,
          "FutureClickCount_600-ip-dev-cha": 0,
          "FutureClickCount_600-app-dev-cha": 3,
          "FutureClickCount_600-ip-app-dev-cha": 0,
          "FutureClickCount_600-os-cha": 1,
          "FutureClickCount_600-ip-os-cha": 0,
          "FutureClickCount_600-app-os-cha": 1,
          "FutureClickCount_600-ip-app-os-cha": 0,
          "FutureClickCount_600-dev-os-cha": 0,
          "FutureClickCount_600-ip-dev-os-cha": 0,
          "FutureClickCount_600-app-dev-os-cha": 1,
          "FutureClickCount_600-ip-app-dev-os-cha": 0,
          "FutureClickCount_4800-ip": 2,
          "FutureClickCount_4800-app": 19,
          "FutureClickCount_4800-ip-app": 0,
          "FutureClickCount_4800-dev": 16,
          "FutureClickCount_4800-ip-dev": 1,
          "FutureClickCount_4800-app-dev": 18,
          "FutureClickCount_4800-ip-app-dev": 0,
          "FutureClickCount_4800-os": 10,
          "FutureClickCount_4800-ip-os": 0,
          "FutureClickCount_4800-app-os": 9,
          "FutureClickCount_4800-ip-app-os": 0,
          "FutureClickCount_4800-dev-os": 21,
          "FutureClickCount_4800-ip-dev-os": 0,
          "FutureClickCount_4800-app-dev-os": 5,
          "FutureClickCount_4800-ip-app-dev-os": 0,
          "FutureClickCount_4800-cha": 30,
          "FutureClickCount_4800-ip-cha": 0,
          "FutureClickCount_4800-app-cha": 23,
          "FutureClickCount_4800-ip-app-cha": 0,
          "FutureClickCount_4800-dev-cha": 20,
          "FutureClickCount_4800-ip-dev-cha": 0,
          "FutureClickCount_4800-app-dev-cha": 11,
          "FutureClickCount_4800-ip-app-dev-cha": 0,
          "FutureClickCount_4800-os-cha": 8,
          "FutureClickCount_4800-ip-os-cha": 0,
          "FutureClickCount_4800-app-os-cha": 5,
          "FutureClickCount_4800-ip-app-os-cha": 0,
          "FutureClickCount_4800-dev-os-cha": 10,
          "FutureClickCount_4800-ip-dev-os-cha": 0,
          "FutureClickCount_4800-app-dev-os-cha": 4,
          "FutureClickCount_4800-ip-app-dev-os-cha": 0,
          "NextClickTimeDelta-ip": 16,
          "NextClickTimeDelta-app": 19,
          "NextClickTimeDelta-ip-app": 4,
          "NextClickTimeDelta-dev": 4,
          "NextClickTimeDelta-ip-dev": 15,
          "NextClickTimeDelta-app-dev": 20,
          "NextClickTimeDelta-ip-app-dev": 0,
          "NextClickTimeDelta-os": 18,
          "NextClickTimeDelta-ip-os": 3,
          "NextClickTimeDelta-app-os": 16,
          "NextClickTimeDelta-ip-app-os": 1,
          "NextClickTimeDelta-dev-os": 11,
          "NextClickTimeDelta-ip-dev-os": 2,
          "NextClickTimeDelta-app-dev-os": 8,
          "NextClickTimeDelta-ip-app-dev-os": 0,
          "NextClickTimeDelta-cha": 19,
          "NextClickTimeDelta-ip-cha": 1,
          "NextClickTimeDelta-app-cha": 30,
          "NextClickTimeDelta-ip-app-cha": 0,
          "NextClickTimeDelta-dev-cha": 18,
          "NextClickTimeDelta-ip-dev-cha": 0,
          "NextClickTimeDelta-app-dev-cha": 12,
          "NextClickTimeDelta-ip-app-dev-cha": 0,
          "NextClickTimeDelta-os-cha": 8,
          "NextClickTimeDelta-ip-os-cha": 0,
          "NextClickTimeDelta-app-os-cha": 4,
          "NextClickTimeDelta-ip-app-os-cha": 0,
          "NextClickTimeDelta-dev-os-cha": 10,
          "NextClickTimeDelta-ip-dev-os-cha": 0,
          "NextClickTimeDelta-app-dev-os-cha": 7,
          "NextClickTimeDelta-ip-app-dev-os-cha": 0,
          "PrevClickTimeDelta-ip": 13,
          "PrevClickTimeDelta-app": 28,
          "PrevClickTimeDelta-ip-app": 3,
          "PrevClickTimeDelta-dev": 3,
          "PrevClickTimeDelta-ip-dev": 7,
          "PrevClickTimeDelta-app-dev": 10,
          "PrevClickTimeDelta-ip-app-dev": 1,
          "PrevClickTimeDelta-os": 39,
          "PrevClickTimeDelta-ip-os": 3,
          "PrevClickTimeDelta-app-os": 18,
          "PrevClickTimeDelta-ip-app-os": 0,
          "PrevClickTimeDelta-dev-os": 6,
          "PrevClickTimeDelta-ip-dev-os": 5,
          "PrevClickTimeDelta-app-dev-os": 8,
          "PrevClickTimeDelta-ip-app-dev-os": 0,
          "PrevClickTimeDelta-cha": 18,
          "PrevClickTimeDelta-ip-cha": 6,
          "PrevClickTimeDelta-app-cha": 6,
          "PrevClickTimeDelta-ip-app-cha": 0,
          "PrevClickTimeDelta-dev-cha": 35,
          "PrevClickTimeDelta-ip-dev-cha": 2,
          "PrevClickTimeDelta-app-dev-cha": 11,
          "PrevClickTimeDelta-ip-app-dev-cha": 0,
          "PrevClickTimeDelta-os-cha": 11,
          "PrevClickTimeDelta-ip-os-cha": 0,
          "PrevClickTimeDelta-app-os-cha": 20,
          "PrevClickTimeDelta-ip-app-os-cha": 0,
          "PrevClickTimeDelta-dev-os-cha": 10,
          "PrevClickTimeDelta-ip-dev-os-cha": 0,
          "PrevClickTimeDelta-app-dev-os-cha": 11,
          "PrevClickTimeDelta-ip-app-dev-os-cha": 0,
          "AverageAttributedRatio-ip": 1,
          "AverageAttributedRatio-app": 45,
          "AverageAttributedRatio-ip-app": 0,
          "AverageAttributedRatio-dev": 11,
          "AverageAttributedRatio-ip-dev": 1,
          "AverageAttributedRatio-app-dev": 33,
          "AverageAttributedRatio-ip-app-dev": 0,
          "AverageAttributedRatio-os": 3,
          "AverageAttributedRatio-ip-os": 0,
          "AverageAttributedRatio-app-os": 7,
          "AverageAttributedRatio-ip-app-os": 0,
          "AverageAttributedRatio-dev-os": 6,
          "AverageAttributedRatio-ip-dev-os": 1,
          "AverageAttributedRatio-app-dev-os": 8,
          "AverageAttributedRatio-ip-app-dev-os": 0,
          "AverageAttributedRatio-cha": 6,
          "AverageAttributedRatio-ip-cha": 0,
          "AverageAttributedRatio-app-cha": 6,
          "AverageAttributedRatio-ip-app-cha": 0,
          "AverageAttributedRatio-dev-cha": 4,
          "AverageAttributedRatio-ip-dev-cha": 0,
          "AverageAttributedRatio-app-dev-cha": 2,
          "AverageAttributedRatio-ip-app-dev-cha": 0,
          "AverageAttributedRatio-os-cha": 1,
          "AverageAttributedRatio-ip-os-cha": 0,
          "AverageAttributedRatio-app-os-cha": 3,
          "AverageAttributedRatio-ip-app-os-cha": 0,
          "AverageAttributedRatio-dev-os-cha": 0,
          "AverageAttributedRatio-ip-dev-os-cha": 0,
          "AverageAttributedRatio-app-dev-os-cha": 1,
          "AverageAttributedRatio-ip-app-dev-os-cha": 0,
          "KomakiLDA5NoDevice-ip-app-0": 24,
          "KomakiLDA5NoDevice-ip-app-1": 17,
          "KomakiLDA5NoDevice-ip-app-2": 10,
          "KomakiLDA5NoDevice-ip-app-3": 37,
          "KomakiLDA5NoDevice-ip-app-4": 19,
          "KomakiLDA5NoDevice-ip-os-0": 26,
          "KomakiLDA5NoDevice-ip-os-1": 65,
          "KomakiLDA5NoDevice-ip-os-2": 30,
          "KomakiLDA5NoDevice-ip-os-3": 11,
          "KomakiLDA5NoDevice-ip-os-4": 24,
          "KomakiLDA5NoDevice-ip-channel-0": 15,
          "KomakiLDA5NoDevice-ip-channel-1": 22,
          "KomakiLDA5NoDevice-ip-channel-2": 28,
          "KomakiLDA5NoDevice-ip-channel-3": 27,
          "KomakiLDA5NoDevice-ip-channel-4": 30,
          "KomakiLDA5NoDevice-app-ip-0": 12,
          "KomakiLDA5NoDevice-app-ip-1": 6,
          "KomakiLDA5NoDevice-app-ip-2": 2,
          "KomakiLDA5NoDevice-app-ip-3": 0,
          "KomakiLDA5NoDevice-app-ip-4": 0,
          "KomakiLDA5NoDevice-app-os-0": 10,
          "KomakiLDA5NoDevice-app-os-1": 0,
          "KomakiLDA5NoDevice-app-os-2": 5,
          "KomakiLDA5NoDevice-app-os-3": 3,
          "KomakiLDA5NoDevice-app-os-4": 48,
          "KomakiLDA5NoDevice-app-channel-0": 11,
          "KomakiLDA5NoDevice-app-channel-1": 7,
          "KomakiLDA5NoDevice-app-channel-2": 7,
          "KomakiLDA5NoDevice-app-channel-3": 8,
          "KomakiLDA5NoDevice-app-channel-4": 3,
          "KomakiLDA5NoDevice-os-ip-0": 8,
          "KomakiLDA5NoDevice-os-ip-1": 1,
          "KomakiLDA5NoDevice-os-ip-2": 2,
          "KomakiLDA5NoDevice-os-ip-3": 1,
          "KomakiLDA5NoDevice-os-ip-4": 0,
          "KomakiLDA5NoDevice-os-app-0": 2,
          "KomakiLDA5NoDevice-os-app-1": 0,
          "KomakiLDA5NoDevice-os-app-2": 0,
          "KomakiLDA5NoDevice-os-app-3": 0,
          "KomakiLDA5NoDevice-os-app-4": 2,
          "KomakiLDA5NoDevice-os-channel-0": 1,
          "KomakiLDA5NoDevice-os-channel-1": 7,
          "KomakiLDA5NoDevice-os-channel-2": 3,
          "KomakiLDA5NoDevice-os-channel-3": 1,
          "KomakiLDA5NoDevice-os-channel-4": 4,
          "KomakiLDA5NoDevice-channel-ip-0": 7,
          "KomakiLDA5NoDevice-channel-ip-1": 4,
          "KomakiLDA5NoDevice-channel-ip-2": 1,
          "KomakiLDA5NoDevice-channel-ip-3": 0,
          "KomakiLDA5NoDevice-channel-ip-4": 0,
          "KomakiLDA5NoDevice-channel-app-0": 7,
          "KomakiLDA5NoDevice-channel-app-1": 8,
          "KomakiLDA5NoDevice-channel-app-2": 11,
          "KomakiLDA5NoDevice-channel-app-3": 11,
          "KomakiLDA5NoDevice-channel-app-4": 18,
          "KomakiLDA5NoDevice-channel-os-0": 18,
          "KomakiLDA5NoDevice-channel-os-1": 14,
          "KomakiLDA5NoDevice-channel-os-2": 7,
          "KomakiLDA5NoDevice-channel-os-3": 6,
          "KomakiLDA5NoDevice-channel-os-4": 0,
          "KomakiNMF5NoDevice-ip-app-0": 17,
          "KomakiNMF5NoDevice-ip-app-1": 12,
          "KomakiNMF5NoDevice-ip-app-2": 10,
          "KomakiNMF5NoDevice-ip-app-3": 6,
          "KomakiNMF5NoDevice-ip-app-4": 12,
          "KomakiNMF5NoDevice-ip-os-0": 28,
          "KomakiNMF5NoDevice-ip-os-1": 15,
          "KomakiNMF5NoDevice-ip-os-2": 25,
          "KomakiNMF5NoDevice-ip-os-3": 14,
          "KomakiNMF5NoDevice-ip-os-4": 16,
          "KomakiNMF5NoDevice-ip-channel-0": 69,
          "KomakiNMF5NoDevice-ip-channel-1": 28,
          "KomakiNMF5NoDevice-ip-channel-2": 21,
          "KomakiNMF5NoDevice-ip-channel-3": 17,
          "KomakiNMF5NoDevice-ip-channel-4": 23,
          "KomakiNMF5NoDevice-app-ip-0": 31,
          "KomakiNMF5NoDevice-app-ip-1": 2,
          "KomakiNMF5NoDevice-app-ip-2": 3,
          "KomakiNMF5NoDevice-app-ip-3": 3,
          "KomakiNMF5NoDevice-app-ip-4": 13,
          "KomakiNMF5NoDevice-app-os-0": 6,
          "KomakiNMF5NoDevice-app-os-1": 1,
          "KomakiNMF5NoDevice-app-os-2": 5,
          "KomakiNMF5NoDevice-app-os-3": 1,
          "KomakiNMF5NoDevice-app-os-4": 9,
          "KomakiNMF5NoDevice-app-channel-0": 1,
          "KomakiNMF5NoDevice-app-channel-1": 9,
          "KomakiNMF5NoDevice-app-channel-2": 4,
          "KomakiNMF5NoDevice-app-channel-3": 3,
          "KomakiNMF5NoDevice-app-channel-4": 1,
          "KomakiNMF5NoDevice-os-ip-0": 1,
          "KomakiNMF5NoDevice-os-ip-1": 13,
          "KomakiNMF5NoDevice-os-ip-2": 1,
          "KomakiNMF5NoDevice-os-ip-3": 6,
          "KomakiNMF5NoDevice-os-ip-4": 5,
          "KomakiNMF5NoDevice-os-app-0": 6,
          "KomakiNMF5NoDevice-os-app-1": 2,
          "KomakiNMF5NoDevice-os-app-2": 2,
          "KomakiNMF5NoDevice-os-app-3": 0,
          "KomakiNMF5NoDevice-os-app-4": 1,
          "KomakiNMF5NoDevice-os-channel-0": 7,
          "KomakiNMF5NoDevice-os-channel-1": 4,
          "KomakiNMF5NoDevice-os-channel-2": 11,
          "KomakiNMF5NoDevice-os-channel-3": 19,
          "KomakiNMF5NoDevice-os-channel-4": 2,
          "KomakiNMF5NoDevice-channel-ip-0": 8,
          "KomakiNMF5NoDevice-channel-ip-1": 11,
          "KomakiNMF5NoDevice-channel-ip-2": 7,
          "KomakiNMF5NoDevice-channel-ip-3": 6,
          "KomakiNMF5NoDevice-channel-ip-4": 9,
          "KomakiNMF5NoDevice-channel-app-0": 3,
          "KomakiNMF5NoDevice-channel-app-1": 2,
          "KomakiNMF5NoDevice-channel-app-2": 1,
          "KomakiNMF5NoDevice-channel-app-3": 9,
          "KomakiNMF5NoDevice-channel-app-4": 5,
          "KomakiNMF5NoDevice-channel-os-0": 7,
          "KomakiNMF5NoDevice-channel-os-1": 1,
          "KomakiNMF5NoDevice-channel-os-2": 4,
          "KomakiNMF5NoDevice-channel-os-3": 9,
          "KomakiNMF5NoDevice-channel-os-4": 11,
          "KomakiPCA5NoDevice-ip-app-0": 42,
          "KomakiPCA5NoDevice-ip-app-1": 25,
          "KomakiPCA5NoDevice-ip-app-2": 19,
          "KomakiPCA5NoDevice-ip-app-3": 17,
          "KomakiPCA5NoDevice-ip-app-4": 24,
          "KomakiPCA5NoDevice-ip-os-0": 16,
          "KomakiPCA5NoDevice-ip-os-1": 17,
          "KomakiPCA5NoDevice-ip-os-2": 14,
          "KomakiPCA5NoDevice-ip-os-3": 18,
          "KomakiPCA5NoDevice-ip-os-4": 21,
          "KomakiPCA5NoDevice-ip-channel-0": 23,
          "KomakiPCA5NoDevice-ip-channel-1": 37,
          "KomakiPCA5NoDevice-ip-channel-2": 39,
          "KomakiPCA5NoDevice-ip-channel-3": 64,
          "KomakiPCA5NoDevice-ip-channel-4": 36,
          "KomakiPCA5NoDevice-app-ip-0": 4,
          "KomakiPCA5NoDevice-app-ip-1": 3,
          "KomakiPCA5NoDevice-app-ip-2": 13,
          "KomakiPCA5NoDevice-app-ip-3": 15,
          "KomakiPCA5NoDevice-app-ip-4": 25,
          "KomakiPCA5NoDevice-app-os-0": 1,
          "KomakiPCA5NoDevice-app-os-1": 4,
          "KomakiPCA5NoDevice-app-os-2": 2,
          "KomakiPCA5NoDevice-app-os-3": 11,
          "KomakiPCA5NoDevice-app-os-4": 2,
          "KomakiPCA5NoDevice-app-channel-0": 10,
          "KomakiPCA5NoDevice-app-channel-1": 10,
          "KomakiPCA5NoDevice-app-channel-2": 4,
          "KomakiPCA5NoDevice-app-channel-3": 2,
          "KomakiPCA5NoDevice-app-channel-4": 12,
          "KomakiPCA5NoDevice-os-ip-0": 0,
          "KomakiPCA5NoDevice-os-ip-1": 7,
          "KomakiPCA5NoDevice-os-ip-2": 4,
          "KomakiPCA5NoDevice-os-ip-3": 11,
          "KomakiPCA5NoDevice-os-ip-4": 5,
          "KomakiPCA5NoDevice-os-app-0": 5,
          "KomakiPCA5NoDevice-os-app-1": 5,
          "KomakiPCA5NoDevice-os-app-2": 3,
          "KomakiPCA5NoDevice-os-app-3": 4,
          "KomakiPCA5NoDevice-os-app-4": 4,
          "KomakiPCA5NoDevice-os-channel-0": 16,
          "KomakiPCA5NoDevice-os-channel-1": 3,
          "KomakiPCA5NoDevice-os-channel-2": 4,
          "KomakiPCA5NoDevice-os-channel-3": 3,
          "KomakiPCA5NoDevice-os-channel-4": 3,
          "KomakiPCA5NoDevice-channel-ip-0": 2,
          "KomakiPCA5NoDevice-channel-ip-1": 15,
          "KomakiPCA5NoDevice-channel-ip-2": 8,
          "KomakiPCA5NoDevice-channel-ip-3": 9,
          "KomakiPCA5NoDevice-channel-ip-4": 11,
          "KomakiPCA5NoDevice-channel-app-0": 9,
          "KomakiPCA5NoDevice-channel-app-1": 8,
          "KomakiPCA5NoDevice-channel-app-2": 2,
          "KomakiPCA5NoDevice-channel-app-3": 7,
          "KomakiPCA5NoDevice-channel-app-4": 11,
          "KomakiPCA5NoDevice-channel-os-0": 4,
          "KomakiPCA5NoDevice-channel-os-1": 9,
          "KomakiPCA5NoDevice-channel-os-2": 4,
          "KomakiPCA5NoDevice-channel-os-3": 15,
          "KomakiPCA5NoDevice-channel-os-4": 14
        }
      },
      {
        "train_auc": 0.9933715132244544,
        "valid_auc": 0.9477987421383648,
        "best_iteration": 20,
        "train_time": 1.337834358215332,
        "feature_importance": {
          "app": 0,
          "hour": 0,
          "n_channels": 0,
          "ip_app_count": 1,
          "ip_app_os_count": 0,
          "FutureClickCount_600-ip": 0,
          "FutureClickCount_600-app": 2,
          "FutureClickCount_600-ip-app": 0,
          "FutureClickCount_600-dev": 2,
          "FutureClickCount_600-ip-dev": 0,
          "FutureClickCount_600-app-dev": 1,
          "FutureClickCount_600-ip-app-dev": 0,
          "FutureClickCount_600-os": 1,
          "FutureClickCount_600-ip-os": 0,
          "FutureClickCount_600-app-os": 0,
          "FutureClickCount_600-ip-app-os": 0,
          "FutureClickCount_600-dev-os": 6,
          "FutureClickCount_600-ip-dev-os": 0,
          "FutureClickCount_600-app-dev-os": 1,
          "FutureClickCount_600-ip-app-dev-os": 0,
          "FutureClickCount_600-cha": 0,
          "FutureClickCount_600-ip-cha": 0,
          "FutureClickCount_600-app-cha": 0,
          "FutureClickCount_600-ip-app-cha": 0,
          "FutureClickCount_600-dev-cha": 1,
          "FutureClickCount_600-ip-dev-cha": 0,
          "FutureClickCount_600-app-dev-cha": 0,
          "FutureClickCount_600-ip-app-dev-cha": 0,
          "FutureClickCount_600-os-cha": 0,
          "FutureClickCount_600-ip-os-cha": 0,
          "FutureClickCount_600-app-os-cha": 0,
          "FutureClickCount_600-ip-app-os-cha": 0,
          "FutureClickCount_600-dev-os-cha": 0,
          "FutureClickCount_600-ip-dev-os-cha": 0,
          "FutureClickCount_600-app-dev-os-cha": 1,
          "FutureClickCount_600-ip-app-dev-os-cha": 0,
          "FutureClickCount_4800-ip": 0,
          "FutureClickCount_4800-app": 4,
          "FutureClickCount_4800-ip-app": 0,
          "FutureClickCount_4800-dev": 3,
          "FutureClickCount_4800-ip-dev": 0,
          "FutureClickCount_4800-app-dev": 1,
          "FutureClickCount_4800-ip-app-dev": 0,
          "FutureClickCount_4800-os": 7,
          "FutureClickCount_4800-ip-os": 0,
          "FutureClickCount_4800-app-os": 2,
          "FutureClickCount_4800-ip-app-os": 0,
          "FutureClickCount_4800-dev-os": 11,
          "FutureClickCount_4800-ip-dev-os": 0,
          "FutureClickCount_4800-app-dev-os": 4,
          "FutureClickCount_4800-ip-app-dev-os": 0,
          "FutureClickCount_4800-cha": 4,
          "FutureClickCount_4800-ip-cha": 0,
          "FutureClickCount_4800-app-cha": 3,
          "FutureClickCount_4800-ip-app-cha": 0,
          "FutureClickCount_4800-dev-cha": 4,
          "FutureClickCount_4800-ip-dev-cha": 0,
          "FutureClickCount_4800-app-dev-cha": 0,
          "FutureClickCount_4800-ip-app-dev-cha": 0,
          "FutureClickCount_4800-os-cha": 2,
          "FutureClickCount_4800-ip-os-cha": 0,
          "FutureClickCount_4800-app-os-cha": 0,
          "FutureClickCount_4800-ip-app-os-cha": 0,
          "FutureClickCount_4800-dev-os-cha": 1,
          "FutureClickCount_4800-ip-dev-os-cha": 0,
          "FutureClickCount_4800-app-dev-os-cha": 0,
          "FutureClickCount_4800-ip-app-dev-os-cha": 0,
          "NextClickTimeDelta-ip": 0,
          "NextClickTimeDelta-app": 4,
          "NextClickTimeDelta-ip-app": 0,
          "NextClickTimeDelta-dev": 0,
          "NextClickTimeDelta-ip-dev": 2,
          "NextClickTimeDelta-app-dev": 1,
          "NextClickTimeDelta-ip-app-dev": 1,
          "NextClickTimeDelta-os": 0,
          "NextClickTimeDelta-ip-os": 2,
          "NextClickTimeDelta-app-os": 1,
          "NextClickTimeDelta-ip-app-os": 0,
          "NextClickTimeDelta-dev-os": 4,
          "NextClickTimeDelta-ip-dev-os": 0,
          "NextClickTimeDelta-app-dev-os": 2,
          "NextClickTimeDelta-ip-app-dev-os": 0,
          "NextClickTimeDelta-cha": 2,
          "NextClickTimeDelta-ip-cha": 1,
          "NextClickTimeDelta-app-cha": 2,
          "NextClickTimeDelta-ip-app-cha": 1,
          "NextClickTimeDelta-dev-cha": 1,
          "NextClickTimeDelta-ip-dev-cha": 0,
          "NextClickTimeDelta-app-dev-cha": 3,
          "NextClickTimeDelta-ip-app-dev-cha": 0,
          "NextClickTimeDelta-os-cha": 2,
          "NextClickTimeDelta-ip-os-cha": 0,
          "NextClickTimeDelta-app-os-cha": 1,
          "NextClickTimeDelta-ip-app-os-cha": 0,
          "NextClickTimeDelta-dev-os-cha": 0,
          "NextClickTimeDelta-ip-dev-os-cha": 0,
          "NextClickTimeDelta-app-dev-os-cha": 2,
          "NextClickTimeDelta-ip-app-dev-os-cha": 0,
          "PrevClickTimeDelta-ip": 1,
          "PrevClickTimeDelta-app": 2,
          "PrevClickTimeDelta-ip-app": 0,
          "PrevClickTimeDelta-dev": 1,
          "PrevClickTimeDelta-ip-dev": 2,
          "PrevClickTimeDelta-app-dev": 1,
          "PrevClickTimeDelta-ip-app-dev": 0,
          "PrevClickTimeDelta-os": 6,
          "PrevClickTimeDelta-ip-os": 0,
          "PrevClickTimeDelta-app-os": 1,
          "PrevClickTimeDelta-ip-app-os": 0,
          "PrevClickTimeDelta-dev-os": 2,
          "PrevClickTimeDelta-ip-dev-os": 1,
          "PrevClickTimeDelta-app-dev-os": 1,
          "PrevClickTimeDelta-ip-app-dev-os": 0,
          "PrevClickTimeDelta-cha": 3,
          "PrevClickTimeDelta-ip-cha": 0,
          "PrevClickTimeDelta-app-cha": 1,
          "PrevClickTimeDelta-ip-app-cha": 0,
          "PrevClickTimeDelta-dev-cha": 1,
          "PrevClickTimeDelta-ip-dev-cha": 0,
          "PrevClickTimeDelta-app-dev-cha": 0,
          "PrevClickTimeDelta-ip-app-dev-cha": 0,
          "PrevClickTimeDelta-os-cha": 2,
          "PrevClickTimeDelta-ip-os-cha": 0,
          "PrevClickTimeDelta-app-os-cha": 0,
          "PrevClickTimeDelta-ip-app-os-cha": 0,
          "PrevClickTimeDelta-dev-os-cha": 1,
          "PrevClickTimeDelta-ip-dev-os-cha": 0,
          "PrevClickTimeDelta-app-dev-os-cha": 0,
          "PrevClickTimeDelta-ip-app-dev-os-cha": 0,
          "AverageAttributedRatio-ip": 1,
          "AverageAttributedRatio-app": 3,
          "AverageAttributedRatio-ip-app": 0,
          "AverageAttributedRatio-dev": 0,
          "AverageAttributedRatio-ip-dev": 0,
          "AverageAttributedRatio-app-dev": 9,
          "AverageAttributedRatio-ip-app-dev": 0,
          "AverageAttributedRatio-os": 2,
          "AverageAttributedRatio-ip-os": 0,
          "AverageAttributedRatio-app-os": 1,
          "AverageAttributedRatio-ip-app-os": 0,
          "AverageAttributedRatio-dev-os": 0,
          "AverageAttributedRatio-ip-dev-os": 0,
          "AverageAttributedRatio-app-dev-os": 1,
          "AverageAttributedRatio-ip-app-dev-os": 0,
          "AverageAttributedRatio-cha": 1,
          "AverageAttributedRatio-ip-cha": 0,
          "AverageAttributedRatio-app-cha": 0,
          "AverageAttributedRatio-ip-app-cha": 0,
          "AverageAttributedRatio-dev-cha": 1,
          "AverageAttributedRatio-ip-dev-cha": 0,
          "AverageAttributedRatio-app-dev-cha": 0,
          "AverageAttributedRatio-ip-app-dev-cha": 0,
          "AverageAttributedRatio-os-cha": 1,
          "AverageAttributedRatio-ip-os-cha": 0,
          "AverageAttributedRatio-app-os-cha": 0,
          "AverageAttributedRatio-ip-app-os-cha": 0,
          "AverageAttributedRatio-dev-os-cha": 0,
          "AverageAttributedRatio-ip-dev-os-cha": 0,
          "AverageAttributedRatio-app-dev-os-cha": 0,
          "AverageAttributedRatio-ip-app-dev-os-cha": 0,
          "KomakiLDA5NoDevice-ip-app-0": 2,
          "KomakiLDA5NoDevice-ip-app-1": 8,
          "KomakiLDA5NoDevice-ip-app-2": 2,
          "KomakiLDA5NoDevice-ip-app-3": 1,
          "KomakiLDA5NoDevice-ip-app-4": 3,
          "KomakiLDA5NoDevice-ip-os-0": 10,
          "KomakiLDA5NoDevice-ip-os-1": 4,
          "KomakiLDA5NoDevice-ip-os-2": 3,
          "KomakiLDA5NoDevice-ip-os-3": 3,
          "KomakiLDA5NoDevice-ip-os-4": 1,
          "KomakiLDA5NoDevice-ip-channel-0": 4,
          "KomakiLDA5NoDevice-ip-channel-1": 9,
          "KomakiLDA5NoDevice-ip-channel-2": 5,
          "KomakiLDA5NoDevice-ip-channel-3": 8,
          "KomakiLDA5NoDevice-ip-channel-4": 0,
          "KomakiLDA5NoDevice-app-ip-0": 2,
          "KomakiLDA5NoDevice-app-ip-1": 2,
          "KomakiLDA5NoDevice-app-ip-2": 1,
          "KomakiLDA5NoDevice-app-ip-3": 1,
          "KomakiLDA5NoDevice-app-ip-4": 1,
          "KomakiLDA5NoDevice-app-os-0": 1,
          "KomakiLDA5NoDevice-app-os-1": 0,
          "KomakiLDA5NoDevice-app-os-2": 2,
          "KomakiLDA5NoDevice-app-os-3": 1,
          "KomakiLDA5NoDevice-app-os-4": 12,
          "KomakiLDA5NoDevice-app-channel-0": 0,
          "KomakiLDA5NoDevice-app-channel-1": 2,
          "KomakiLDA5NoDevice-app-channel-2": 1,
          "KomakiLDA5NoDevice-app-channel-3": 1,
          "KomakiLDA5NoDevice-app-channel-4": 1,
          "KomakiLDA5NoDevice-os-ip-0": 8,
          "KomakiLDA5NoDevice-os-ip-1": 1,
          "KomakiLDA5NoDevice-os-ip-2": 0,
          "KomakiLDA5NoDevice-os-ip-3": 0,
          "KomakiLDA5NoDevice-os-ip-4": 0,
          "KomakiLDA5NoDevice-os-app-0": 0,
          "KomakiLDA5NoDevice-os-app-1": 0,
          "KomakiLDA5NoDevice-os-app-2": 0,
          "KomakiLDA5NoDevice-os-app-3": 0,
          "KomakiLDA5NoDevice-os-app-4": 0,
          "KomakiLDA5NoDevice-os-channel-0": 0,
          "KomakiLDA5NoDevice-os-channel-1": 1,
          "KomakiLDA5NoDevice-os-channel-2": 0,
          "KomakiLDA5NoDevice-os-channel-3": 1,
          "KomakiLDA5NoDevice-os-channel-4": 2,
          "KomakiLDA5NoDevice-channel-ip-0": 1,
          "KomakiLDA5NoDevice-channel-ip-1": 0,
          "KomakiLDA5NoDevice-channel-ip-2": 0,
          "KomakiLDA5NoDevice-channel-ip-3": 0,
          "KomakiLDA5NoDevice-channel-ip-4": 0,
          "KomakiLDA5NoDevice-channel-app-0": 3,
          "KomakiLDA5NoDevice-channel-app-1": 2,
          "KomakiLDA5NoDevice-channel-app-2": 1,
          "KomakiLDA5NoDevice-channel-app-3": 2,
          "KomakiLDA5NoDevice-channel-app-4": 1,
          "KomakiLDA5NoDevice-channel-os-0": 4,
          "KomakiLDA5NoDevice-channel-os-1": 1,
          "KomakiLDA5NoDevice-channel-os-2": 5,
          "KomakiLDA5NoDevice-channel-os-3": 1,
          "KomakiLDA5NoDevice-channel-os-4": 0,
          "KomakiNMF5NoDevice-ip-app-0": 3,
          "KomakiNMF5NoDevice-ip-app-1": 0,
          "KomakiNMF5NoDevice-ip-app-2": 3,
          "KomakiNMF5NoDevice-ip-app-3": 3,
          "KomakiNMF5NoDevice-ip-app-4": 6,
          "KomakiNMF5NoDevice-ip-os-0": 12,
          "KomakiNMF5NoDevice-ip-os-1": 1,
          "KomakiNMF5NoDevice-ip-os-2": 2,
          "KomakiNMF5NoDevice-ip-os-3": 4,
          "KomakiNMF5NoDevice-ip-os-4": 2,
          "KomakiNMF5NoDevice-ip-channel-0": 7,
          "KomakiNMF5NoDevice-ip-channel-1": 4,
          "KomakiNMF5NoDevice-ip-channel-2": 9,
          "KomakiNMF5NoDevice-ip-channel-3": 7,
          "KomakiNMF5NoDevice-ip-channel-4": 3,
          "KomakiNMF5NoDevice-app-ip-0": 9,
          "KomakiNMF5NoDevice-app-ip-1": 0,
          "KomakiNMF5NoDevice-app-ip-2": 0,
          "KomakiNMF5NoDevice-app-ip-3": 2,
          "KomakiNMF5NoDevice-app-ip-4": 6,
          "KomakiNMF5NoDevice-app-os-0": 1,
          "KomakiNMF5NoDevice-app-os-1": 1,
          "KomakiNMF5NoDevice-app-os-2": 0,
          "KomakiNMF5NoDevice-app-os-3": 0,
          "KomakiNMF5NoDevice-app-os-4": 1,
          "KomakiNMF5NoDevice-app-channel-0": 0,
          "KomakiNMF5NoDevice-app-channel-1": 3,
          "KomakiNMF5NoDevice-app-channel-2": 1,
          "KomakiNMF5NoDevice-app-channel-3": 0,
          "KomakiNMF5NoDevice-app-channel-4": 1,
          "KomakiNMF5NoDevice-os-ip-0": 0,
          "KomakiNMF5NoDevice-os-ip-1": 2,
          "KomakiNMF5NoDevice-os-ip-2": 1,
          "KomakiNMF5NoDevice-os-ip-3": 2,
          "KomakiNMF5NoDevice-os-ip-4": 0,
          "KomakiNMF5NoDevice-os-app-0": 0,
          "KomakiNMF5NoDevice-os-app-1": 0,
          "KomakiNMF5NoDevice-os-app-2": 1,
          "KomakiNMF5NoDevice-os-app-3": 0,
          "KomakiNMF5NoDevice-os-app-4": 0,
          "KomakiNMF5NoDevice-os-channel-0": 1,
          "KomakiNMF5NoDevice-os-channel-1": 0,
          "KomakiNMF5NoDevice-os-channel-2": 0,
          "KomakiNMF5NoDevice-os-channel-3": 0,
          "KomakiNMF5NoDevice-os-channel-4": 0,
          "KomakiNMF5NoDevice-channel-ip-0": 1,
          "KomakiNMF5NoDevice-channel-ip-1": 1,
          "KomakiNMF5NoDevice-channel-ip-2": 2,
          "KomakiNMF5NoDevice-channel-ip-3": 0,
          "KomakiNMF5NoDevice-channel-ip-4": 2,
          "KomakiNMF5NoDevice-channel-app-0": 0,
          "KomakiNMF5NoDevice-channel-app-1": 1,
          "KomakiNMF5NoDevice-channel-app-2": 0,
          "KomakiNMF5NoDevice-channel-app-3": 4,
          "KomakiNMF5NoDevice-channel-app-4": 0,
          "KomakiNMF5NoDevice-channel-os-0": 3,
          "KomakiNMF5NoDevice-channel-os-1": 0,
          "KomakiNMF5NoDevice-channel-os-2": 1,
          "KomakiNMF5NoDevice-channel-os-3": 1,
          "KomakiNMF5NoDevice-channel-os-4": 1,
          "KomakiPCA5NoDevice-ip-app-0": 22,
          "KomakiPCA5NoDevice-ip-app-1": 6,
          "KomakiPCA5NoDevice-ip-app-2": 2,
          "KomakiPCA5NoDevice-ip-app-3": 8,
          "KomakiPCA5NoDevice-ip-app-4": 8,
          "KomakiPCA5NoDevice-ip-os-0": 3,
          "KomakiPCA5NoDevice-ip-os-1": 3,
          "KomakiPCA5NoDevice-ip-os-2": 1,
          "KomakiPCA5NoDevice-ip-os-3": 10,
          "KomakiPCA5NoDevice-ip-os-4": 6,
          "KomakiPCA5NoDevice-ip-channel-0": 7,
          "KomakiPCA5NoDevice-ip-channel-1": 12,
          "KomakiPCA5NoDevice-ip-channel-2": 6,
          "KomakiPCA5NoDevice-ip-channel-3": 4,
          "KomakiPCA5NoDevice-ip-channel-4": 5,
          "KomakiPCA5NoDevice-app-ip-0": 5,
          "KomakiPCA5NoDevice-app-ip-1": 0,
          "KomakiPCA5NoDevice-app-ip-2": 2,
          "KomakiPCA5NoDevice-app-ip-3": 2,
          "KomakiPCA5NoDevice-app-ip-4": 1,
          "KomakiPCA5NoDevice-app-os-0": 1,
          "KomakiPCA5NoDevice-app-os-1": 2,
          "KomakiPCA5NoDevice-app-os-2": 1,
          "KomakiPCA5NoDevice-app-os-3": 3,
          "KomakiPCA5NoDevice-app-os-4": 0,
          "KomakiPCA5NoDevice-app-channel-0": 1,
          "KomakiPCA5NoDevice-app-channel-1": 11,
          "KomakiPCA5NoDevice-app-channel-2": 1,
          "KomakiPCA5NoDevice-app-channel-3": 0,
          "KomakiPCA5NoDevice-app-channel-4": 5,
          "KomakiPCA5NoDevice-os-ip-0": 2,
          "KomakiPCA5NoDevice-os-ip-1": 2,
          "KomakiPCA5NoDevice-os-ip-2": 2,
          "KomakiPCA5NoDevice-os-ip-3": 0,
          "KomakiPCA5NoDevice-os-ip-4": 0,
          "KomakiPCA5NoDevice-os-app-0": 0,
          "KomakiPCA5NoDevice-os-app-1": 1,
          "KomakiPCA5NoDevice-os-app-2": 0,
          "KomakiPCA5NoDevice-os-app-3": 1,
          "KomakiPCA5NoDevice-os-app-4": 1,
          "KomakiPCA5NoDevice-os-channel-0": 0,
          "KomakiPCA5NoDevice-os-channel-1": 0,
          "KomakiPCA5NoDevice-os-channel-2": 0,
          "KomakiPCA5NoDevice-os-channel-3": 2,
          "KomakiPCA5NoDevice-os-channel-4": 0,
          "KomakiPCA5NoDevice-channel-ip-0": 0,
          "KomakiPCA5NoDevice-channel-ip-1": 1,
          "KomakiPCA5NoDevice-channel-ip-2": 1,
          "KomakiPCA5NoDevice-channel-ip-3": 1,
          "KomakiPCA5NoDevice-channel-ip-4": 4,
          "KomakiPCA5NoDevice-channel-app-0": 2,
          "KomakiPCA5NoDevice-channel-app-1": 0,
          "KomakiPCA5NoDevice-channel-app-2": 1,
          "KomakiPCA5NoDevice-channel-app-3": 6,
          "KomakiPCA5NoDevice-channel-app-4": 3,
          "KomakiPCA5NoDevice-channel-os-0": 3,
          "KomakiPCA5NoDevice-channel-os-1": 1,
          "KomakiPCA5NoDevice-channel-os-2": 1,
          "KomakiPCA5NoDevice-channel-os-3": 7,
          "KomakiPCA5NoDevice-channel-os-4": 1
        }
      },
      {
        "train_auc": 0.9896485418224549,
        "valid_auc": 0.9326666666666666,
        "best_iteration": 11,
        "train_time": 1.3701801300048828,
        "feature_importance": {
          "app": 0,
          "hour": 0,
          "n_channels": 1,
          "ip_app_count": 0,
          "ip_app_os_count": 0,
          "FutureClickCount_600-ip": 0,
          "FutureClickCount_600-app": 2,
          "FutureClickCount_600-ip-app": 0,
          "FutureClickCount_600-dev": 3,
          "FutureClickCount_600-ip-dev": 0,
          "FutureClickCount_600-app-dev": 0,
          "FutureClickCount_600-ip-app-dev": 0,
          "FutureClickCount_600-os": 5,
          "FutureClickCount_600-ip-os": 0,
          "FutureClickCount_600-app-os": 1,
          "FutureClickCount_600-ip-app-os": 0,
          "FutureClickCount_600-dev-os": 3,
          "FutureClickCount_600-ip-dev-os": 0,
          "FutureClickCount_600-app-dev-os": 1,
          "FutureClickCount_600-ip-app-dev-os": 0,
          "FutureClickCount_600-cha": 1,
          "FutureClickCount_600-ip-cha": 0,
          "FutureClickCount_600-app-cha": 0,
          "FutureClickCount_600-ip-app-cha": 0,
          "FutureClickCount_600-dev-cha": 0,
          "FutureClickCount_600-ip-dev-cha": 0,
          "FutureClickCount_600-app-dev-cha": 0,
          "FutureClickCount_600-ip-app-dev-cha": 0,
          "FutureClickCount_600-os-cha": 0,
          "FutureClickCount_600-ip-os-cha": 0,
          "FutureClickCount_600-app-os-cha": 1,
          "FutureClickCount_600-ip-app-os-cha": 0,
          "FutureClickCount_600-dev-os-cha": 0,
          "FutureClickCount_600-ip-dev-os-cha": 0,
          "FutureClickCount_600-app-dev-os-cha": 0,
          "FutureClickCount_600-ip-app-dev-os-cha": 0,
          "FutureClickCount_4800-ip": 0,
          "FutureClickCount_4800-app": 0,
          "FutureClickCount_4800-ip-app": 0,
          "FutureClickCount_4800-dev": 0,
          "FutureClickCount_4800-ip-dev": 0,
          "FutureClickCount_4800-app-dev": 2,
          "FutureClickCount_4800-ip-app-dev": 0,
          "FutureClickCount_4800-os": 0,
          "FutureClickCount_4800-ip-os": 0,
          "FutureClickCount_4800-app-os": 0,
          "FutureClickCount_4800-ip-app-os": 0,
          "FutureClickCount_4800-dev-os": 0,
          "FutureClickCount_4800-ip-dev-os": 0,
          "FutureClickCount_4800-app-dev-os": 2,
          "FutureClickCount_4800-ip-app-dev-os": 0,
          "FutureClickCount_4800-cha": 0,
          "FutureClickCount_4800-ip-cha": 0,
          "FutureClickCount_4800-app-cha": 1,
          "FutureClickCount_4800-ip-app-cha": 0,
          "FutureClickCount_4800-dev-cha": 1,
          "FutureClickCount_4800-ip-dev-cha": 0,
          "FutureClickCount_4800-app-dev-cha": 1,
          "FutureClickCount_4800-ip-app-dev-cha": 0,
          "FutureClickCount_4800-os-cha": 1,
          "FutureClickCount_4800-ip-os-cha": 0,
          "FutureClickCount_4800-app-os-cha": 0,
          "FutureClickCount_4800-ip-app-os-cha": 0,
          "FutureClickCount_4800-dev-os-cha": 0,
          "FutureClickCount_4800-ip-dev-os-cha": 0,
          "FutureClickCount_4800-app-dev-os-cha": 1,
          "FutureClickCount_4800-ip-app-dev-os-cha": 0,
          "NextClickTimeDelta-ip": 1,
          "NextClickTimeDelta-app": 4,
          "NextClickTimeDelta-ip-app": 0,
          "NextClickTimeDelta-dev": 0,
          "NextClickTimeDelta-ip-dev": 1,
          "NextClickTimeDelta-app-dev": 1,
          "NextClickTimeDelta-ip-app-dev": 0,
          "NextClickTimeDelta-os": 1,
          "NextClickTimeDelta-ip-os": 1,
          "NextClickTimeDelta-app-os": 0,
          "NextClickTimeDelta-ip-app-os": 0,
          "NextClickTimeDelta-dev-os": 1,
          "NextClickTimeDelta-ip-dev-os": 4,
          "NextClickTimeDelta-app-dev-os": 1,
          "NextClickTimeDelta-ip-app-dev-os": 0,
          "NextClickTimeDelta-cha": 1,
          "NextClickTimeDelta-ip-cha": 0,
          "NextClickTimeDelta-app-cha": 2,
          "NextClickTimeDelta-ip-app-cha": 0,
          "NextClickTimeDelta-dev-cha": 2,
          "NextClickTimeDelta-ip-dev-cha": 0,
          "NextClickTimeDelta-app-dev-cha": 0,
          "NextClickTimeDelta-ip-app-dev-cha": 0,
          "NextClickTimeDelta-os-cha": 0,
          "NextClickTimeDelta-ip-os-cha": 0,
          "NextClickTimeDelta-app-os-cha": 1,
          "NextClickTimeDelta-ip-app-os-cha": 0,
          "NextClickTimeDelta-dev-os-cha": 0,
          "NextClickTimeDelta-ip-dev-os-cha": 0,
          "NextClickTimeDelta-app-dev-os-cha": 0,
          "NextClickTimeDelta-ip-app-dev-os-cha": 0,
          "PrevClickTimeDelta-ip": 0,
          "PrevClickTimeDelta-app": 3,
          "PrevClickTimeDelta-ip-app": 0,
          "PrevClickTimeDelta-dev": 1,
          "PrevClickTimeDelta-ip-dev": 0,
          "PrevClickTimeDelta-app-dev": 2,
          "PrevClickTimeDelta-ip-app-dev": 0,
          "PrevClickTimeDelta-os": 2,
          "PrevClickTimeDelta-ip-os": 0,
          "PrevClickTimeDelta-app-os": 1,
          "PrevClickTimeDelta-ip-app-os": 0,
          "PrevClickTimeDelta-dev-os": 2,
          "PrevClickTimeDelta-ip-dev-os": 0,
          "PrevClickTimeDelta-app-dev-os": 2,
          "PrevClickTimeDelta-ip-app-dev-os": 0,
          "PrevClickTimeDelta-cha": 2,
          "PrevClickTimeDelta-ip-cha": 0,
          "PrevClickTimeDelta-app-cha": 5,
          "PrevClickTimeDelta-ip-app-cha": 0,
          "PrevClickTimeDelta-dev-cha": 1,
          "PrevClickTimeDelta-ip-dev-cha": 0,
          "PrevClickTimeDelta-app-dev-cha": 2,
          "PrevClickTimeDelta-ip-app-dev-cha": 0,
          "PrevClickTimeDelta-os-cha": 3,
          "PrevClickTimeDelta-ip-os-cha": 0,
          "PrevClickTimeDelta-app-os-cha": 3,
          "PrevClickTimeDelta-ip-app-os-cha": 0,
          "PrevClickTimeDelta-dev-os-cha": 3,
          "PrevClickTimeDelta-ip-dev-os-cha": 0,
          "PrevClickTimeDelta-app-dev-os-cha": 1,
          "PrevClickTimeDelta-ip-app-dev-os-cha": 0,
          "AverageAttributedRatio-ip": 0,
          "AverageAttributedRatio-app": 5,
          "AverageAttributedRatio-ip-app": 0,
          "AverageAttributedRatio-dev": 2,
          "AverageAttributedRatio-ip-dev": 0,
          "AverageAttributedRatio-app-dev": 4,
          "AverageAttributedRatio-ip-app-dev": 0,
          "AverageAttributedRatio-os": 1,
          "AverageAttributedRatio-ip-os": 0,
          "AverageAttributedRatio-app-os": 1,
          "AverageAttributedRatio-ip-app-os": 0,
          "AverageAttributedRatio-dev-os": 1,
          "AverageAttributedRatio-ip-dev-os": 0,
          "AverageAttributedRatio-app-dev-os": 0,
          "AverageAttributedRatio-ip-app-dev-os": 0,
          "AverageAttributedRatio-cha": 0,
          "AverageAttributedRatio-ip-cha": 0,
          "AverageAttributedRatio-app-cha": 1,
          "AverageAttributedRatio-ip-app-cha": 0,
          "AverageAttributedRatio-dev-cha": 0,
          "AverageAttributedRatio-ip-dev-cha": 0,
          "AverageAttributedRatio-app-dev-cha": 0,
          "AverageAttributedRatio-ip-app-dev-cha": 0,
          "AverageAttributedRatio-os-cha": 0,
          "AverageAttributedRatio-ip-os-cha": 0,
          "AverageAttributedRatio-app-os-cha": 0,
          "AverageAttributedRatio-ip-app-os-cha": 0,
          "AverageAttributedRatio-dev-os-cha": 0,
          "AverageAttributedRatio-ip-dev-os-cha": 0,
          "AverageAttributedRatio-app-dev-os-cha": 0,
          "AverageAttributedRatio-ip-app-dev-os-cha": 0,
          "KomakiLDA5NoDevice-ip-app-0": 3,
          "KomakiLDA5NoDevice-ip-app-1": 10,
          "KomakiLDA5NoDevice-ip-app-2": 1,
          "KomakiLDA5NoDevice-ip-app-3": 0,
          "KomakiLDA5NoDevice-ip-app-4": 5,
          "KomakiLDA5NoDevice-ip-os-0": 0,
          "KomakiLDA5NoDevice-ip-os-1": 2,
          "KomakiLDA5NoDevice-ip-os-2": 0,
          "KomakiLDA5NoDevice-ip-os-3": 1,
          "KomakiLDA5NoDevice-ip-os-4": 1,
          "KomakiLDA5NoDevice-ip-channel-0": 0,
          "KomakiLDA5NoDevice-ip-channel-1": 2,
          "KomakiLDA5NoDevice-ip-channel-2": 1,
          "KomakiLDA5NoDevice-ip-channel-3": 3,
          "KomakiLDA5NoDevice-ip-channel-4": 0,
          "KomakiLDA5NoDevice-app-ip-0": 4,
          "KomakiLDA5NoDevice-app-ip-1": 1,
          "KomakiLDA5NoDevice-app-ip-2": 2,
          "KomakiLDA5NoDevice-app-ip-3": 1,
          "KomakiLDA5NoDevice-app-ip-4": 0,
          "KomakiLDA5NoDevice-app-os-0": 0,
          "KomakiLDA5NoDevice-app-os-1": 0,
          "KomakiLDA5NoDevice-app-os-2": 0,
          "KomakiLDA5NoDevice-app-os-3": 0,
          "KomakiLDA5NoDevice-app-os-4": 0,
          "KomakiLDA5NoDevice-app-channel-0": 0,
          "KomakiLDA5NoDevice-app-channel-1": 0,
          "KomakiLDA5NoDevice-app-channel-2": 0,
          "KomakiLDA5NoDevice-app-channel-3": 0,
          "KomakiLDA5NoDevice-app-channel-4": 0,
          "KomakiLDA5NoDevice-os-ip-0": 0,
          "KomakiLDA5NoDevice-os-ip-1": 0,
          "KomakiLDA5NoDevice-os-ip-2": 1,
          "KomakiLDA5NoDevice-os-ip-3": 0,
          "KomakiLDA5NoDevice-os-ip-4": 0,
          "KomakiLDA5NoDevice-os-app-0": 0,
          "KomakiLDA5NoDevice-os-app-1": 0,
          "KomakiLDA5NoDevice-os-app-2": 0,
          "KomakiLDA5NoDevice-os-app-3": 0,
          "KomakiLDA5NoDevice-os-app-4": 1,
          "KomakiLDA5NoDevice-os-channel-0": 0,
          "KomakiLDA5NoDevice-os-channel-1": 1,
          "KomakiLDA5NoDevice-os-channel-2": 0,
          "KomakiLDA5NoDevice-os-channel-3": 0,
          "KomakiLDA5NoDevice-os-channel-4": 1,
          "KomakiLDA5NoDevice-channel-ip-0": 1,
          "KomakiLDA5NoDevice-channel-ip-1": 0,
          "KomakiLDA5NoDevice-channel-ip-2": 0,
          "KomakiLDA5NoDevice-channel-ip-3": 0,
          "KomakiLDA5NoDevice-channel-ip-4": 0,
          "KomakiLDA5NoDevice-channel-app-0": 0,
          "KomakiLDA5NoDevice-channel-app-1": 1,
          "KomakiLDA5NoDevice-channel-app-2": 1,
          "KomakiLDA5NoDevice-channel-app-3": 1,
          "KomakiLDA5NoDevice-channel-app-4": 4,
          "KomakiLDA5NoDevice-channel-os-0": 0,
          "KomakiLDA5NoDevice-channel-os-1": 2,
          "KomakiLDA5NoDevice-channel-os-2": 1,
          "KomakiLDA5NoDevice-channel-os-3": 0,
          "KomakiLDA5NoDevice-channel-os-4": 0,
          "KomakiNMF5NoDevice-ip-app-0": 0,
          "KomakiNMF5NoDevice-ip-app-1": 0,
          "KomakiNMF5NoDevice-ip-app-2": 1,
          "KomakiNMF5NoDevice-ip-app-3": 2,
          "KomakiNMF5NoDevice-ip-app-4": 2,
          "KomakiNMF5NoDevice-ip-os-0": 3,
          "KomakiNMF5NoDevice-ip-os-1": 0,
          "KomakiNMF5NoDevice-ip-os-2": 3,
          "KomakiNMF5NoDevice-ip-os-3": 2,
          "KomakiNMF5NoDevice-ip-os-4": 3,
          "KomakiNMF5NoDevice-ip-channel-0": 3,
          "KomakiNMF5NoDevice-ip-channel-1": 2,
          "KomakiNMF5NoDevice-ip-channel-2": 2,
          "KomakiNMF5NoDevice-ip-channel-3": 2,
          "KomakiNMF5NoDevice-ip-channel-4": 4,
          "KomakiNMF5NoDevice-app-ip-0": 5,
          "KomakiNMF5NoDevice-app-ip-1": 1,
          "KomakiNMF5NoDevice-app-ip-2": 0,
          "KomakiNMF5NoDevice-app-ip-3": 0,
          "KomakiNMF5NoDevice-app-ip-4": 3,
          "KomakiNMF5NoDevice-app-os-0": 0,
          "KomakiNMF5NoDevice-app-os-1": 0,
          "KomakiNMF5NoDevice-app-os-2": 1,
          "KomakiNMF5NoDevice-app-os-3": 2,
          "KomakiNMF5NoDevice-app-os-4": 2,
          "KomakiNMF5NoDevice-app-channel-0": 0,
          "KomakiNMF5NoDevice-app-channel-1": 3,
          "KomakiNMF5NoDevice-app-channel-2": 0,
          "KomakiNMF5NoDevice-app-channel-3": 0,
          "KomakiNMF5NoDevice-app-channel-4": 0,
          "KomakiNMF5NoDevice-os-ip-0": 0,
          "KomakiNMF5NoDevice-os-ip-1": 0,
          "KomakiNMF5NoDevice-os-ip-2": 3,
          "KomakiNMF5NoDevice-os-ip-3": 1,
          "KomakiNMF5NoDevice-os-ip-4": 0,
          "KomakiNMF5NoDevice-os-app-0": 0,
          "KomakiNMF5NoDevice-os-app-1": 0,
          "KomakiNMF5NoDevice-os-app-2": 0,
          "KomakiNMF5NoDevice-os-app-3": 0,
          "KomakiNMF5NoDevice-os-app-4": 0,
          "KomakiNMF5NoDevice-os-channel-0": 0,
          "KomakiNMF5NoDevice-os-channel-1": 0,
          "KomakiNMF5NoDevice-os-channel-2": 0,
          "KomakiNMF5NoDevice-os-channel-3": 0,
          "KomakiNMF5NoDevice-os-channel-4": 1,
          "KomakiNMF5NoDevice-channel-ip-0": 2,
          "KomakiNMF5NoDevice-channel-ip-1": 1,
          "KomakiNMF5NoDevice-channel-ip-2": 5,
          "KomakiNMF5NoDevice-channel-ip-3": 0,
          "KomakiNMF5NoDevice-channel-ip-4": 1,
          "KomakiNMF5NoDevice-channel-app-0": 0,
          "KomakiNMF5NoDevice-channel-app-1": 1,
          "KomakiNMF5NoDevice-channel-app-2": 0,
          "KomakiNMF5NoDevice-channel-app-3": 0,
          "KomakiNMF5NoDevice-channel-app-4": 1,
          "KomakiNMF5NoDevice-channel-os-0": 1,
          "KomakiNMF5NoDevice-channel-os-1": 0,
          "KomakiNMF5NoDevice-channel-os-2": 2,
          "KomakiNMF5NoDevice-channel-os-3": 0,
          "KomakiNMF5NoDevice-channel-os-4": 1,
          "KomakiPCA5NoDevice-ip-app-0": 5,
          "KomakiPCA5NoDevice-ip-app-1": 2,
          "KomakiPCA5NoDevice-ip-app-2": 2,
          "KomakiPCA5NoDevice-ip-app-3": 1,
          "KomakiPCA5NoDevice-ip-app-4": 2,
          "KomakiPCA5NoDevice-ip-os-0": 2,
          "KomakiPCA5NoDevice-ip-os-1": 5,
          "KomakiPCA5NoDevice-ip-os-2": 2,
          "KomakiPCA5NoDevice-ip-os-3": 3,
          "KomakiPCA5NoDevice-ip-os-4": 4,
          "KomakiPCA5NoDevice-ip-channel-0": 5,
          "KomakiPCA5NoDevice-ip-channel-1": 5,
          "KomakiPCA5NoDevice-ip-channel-2": 11,
          "KomakiPCA5NoDevice-ip-channel-3": 1,
          "KomakiPCA5NoDevice-ip-channel-4": 1,
          "KomakiPCA5NoDevice-app-ip-0": 0,
          "KomakiPCA5NoDevice-app-ip-1": 0,
          "KomakiPCA5NoDevice-app-ip-2": 0,
          "KomakiPCA5NoDevice-app-ip-3": 5,
          "KomakiPCA5NoDevice-app-ip-4": 2,
          "KomakiPCA5NoDevice-app-os-0": 0,
          "KomakiPCA5NoDevice-app-os-1": 4,
          "KomakiPCA5NoDevice-app-os-2": 0,
          "KomakiPCA5NoDevice-app-os-3": 0,
          "KomakiPCA5NoDevice-app-os-4": 0,
          "KomakiPCA5NoDevice-app-channel-0": 0,
          "KomakiPCA5NoDevice-app-channel-1": 1,
          "KomakiPCA5NoDevice-app-channel-2": 0,
          "KomakiPCA5NoDevice-app-channel-3": 0,
          "KomakiPCA5NoDevice-app-channel-4": 1,
          "KomakiPCA5NoDevice-os-ip-0": 0,
          "KomakiPCA5NoDevice-os-ip-1": 6,
          "KomakiPCA5NoDevice-os-ip-2": 1,
          "KomakiPCA5NoDevice-os-ip-3": 0,
          "KomakiPCA5NoDevice-os-ip-4": 0,
          "KomakiPCA5NoDevice-os-app-0": 0,
          "KomakiPCA5NoDevice-os-app-1": 0,
          "KomakiPCA5NoDevice-os-app-2": 0,
          "KomakiPCA5NoDevice-os-app-3": 0,
          "KomakiPCA5NoDevice-os-app-4": 0,
          "KomakiPCA5NoDevice-os-channel-0": 0,
          "KomakiPCA5NoDevice-os-channel-1": 0,
          "KomakiPCA5NoDevice-os-channel-2": 0,
          "KomakiPCA5NoDevice-os-channel-3": 0,
          "KomakiPCA5NoDevice-os-channel-4": 0,
          "KomakiPCA5NoDevice-channel-ip-0": 0,
          "KomakiPCA5NoDevice-channel-ip-1": 1,
          "KomakiPCA5NoDevice-channel-ip-2": 0,
          "KomakiPCA5NoDevice-channel-ip-3": 0,
          "KomakiPCA5NoDevice-channel-ip-4": 0,
          "KomakiPCA5NoDevice-channel-app-0": 3,
          "KomakiPCA5NoDevice-channel-app-1": 0,
          "KomakiPCA5NoDevice-channel-app-2": 0,
          "KomakiPCA5NoDevice-channel-app-3": 0,
          "KomakiPCA5NoDevice-channel-app-4": 1,
          "KomakiPCA5NoDevice-channel-os-0": 1,
          "KomakiPCA5NoDevice-channel-os-1": 0,
          "KomakiPCA5NoDevice-channel-os-2": 0,
          "KomakiPCA5NoDevice-channel-os-3": 1,
          "KomakiPCA5NoDevice-channel-os-4": 0
        }
      }
    ],
    "average_train_auc": 0.9948488343862383,
    "average_valid_auc": 0.9523265704944951,
    "train_auc_std": 0.0033514525135695653,
    "valid_auc_std": 0.010993982164255291,
    "average_train_time": 1.7300099372863769
  },
  "config": {
    "features": [
      "app",
      "hour",
      "count",
      "future_click_count_10",
      "future_click_count_80",
      "next_click_time_delta",
      "prev_click_time_delta",
      "average_attributed_ratio",
      "komaki_lda_5_no_device",
      "komaki_nmf_5_no_device",
      "komaki_pca_5_no_device"
    ],
    "model": {
      "name": "lightgbm",
      "model_params": {
        "boosting_type": "gbdt",
        "objective": "binary",
        "metric": "auc",
        "learning_rate": 0.03,
        "num_leaves": 255,
        "max_depth": 8,
        "min_child_samples": 10,
        "max_bin": 100,
        "subsample": 0.7,
        "subsample_freq": 1,
        "colsample_bytree": 0.7,
        "min_child_weight": 0,
        "subsample_for_bin": 200000,
        "min_split_gain": 0,
        "reg_alpha": 0,
        "reg_lambda": 0,
        "verbose": 0
      },
      "train_params": {
        "num_boost_round": 1000,
        "early_stopping_rounds": 30
      }
    },
    "dataset": {
      "input_directory": "data/input/",
      "cache_directory": "data/working/",
      "files": {
        "train": "train.feather.small",
        "test": "old_test.feather.small"
      },
      "negative_down_sampling": {
        "enabled": true,
        "bagging_size": 5,
        "random_state": 114514
      }
    },
    "test_hours": {
      "filter_validation": true,
      "train_weight": 1.5
    },
    "note": "53 + higher train weight for hours in test dataset"
  }
}