{
  "training": {
    "trials": [
      {
        "train_auc": 0.9822666869874866,
        "valid_auc": 0.976859834184639,
        "valid_auc_original": 0.9768568137731001,
        "best_iteration": 274,
        "time": 371.0654435157776,
        "feature_importance": {
          "ip": 1499,
          "os": 2055,
          "app": 1646,
          "channel": 2817,
          "hour": 2330,
          "n_channels": 6954,
          "ip_app_count": 7377,
          "ip_app_os_count": 5855
        }
      }
    ],
    "average_train_auc": 0.9822666869874866,
    "average_valid_auc": 0.976859834184639,
    "train_auc_std": 0.0,
    "valid_auc_std": 0.0,
    "average_time": 371.0654435157776
  },
  "config": {
    "features": [
      "ip",
      "os",
      "app",
      "channel",
      "hour",
      "count"
    ],
    "model": {
      "name": "lightgbm",
      "model_params": {
        "boosting_type": "gbdt",
        "objective": "binary",
        "metric": "auc",
        "learning_rate": 0.1,
        "num_leaves": 255,
        "max_depth": 8,
        "min_child_samples": 100,
        "max_bin": 100,
        "subsample": 0.7,
        "subsample_freq": 1,
        "colsample_bytree": 0.7,
        "min_child_weight": 0,
        "subsample_for_bin": 200000,
        "min_split_gain": 0,
        "reg_alpha": 0,
        "reg_lambda": 0,
        "verbose": 0
      },
      "train_params": {
        "num_boost_round": 350,
        "early_stopping_rounds": 30
      }
    },
    "dataset": {
      "input_directory": "data/input/",
      "cache_directory": "data/working/",
      "files": {
        "train": "train_0.feather",
        "valid": "valid_0.feather",
        "test_full": "old_test.feather",
        "test_submission": "test.feather"
      },
      "negative_down_sampling": {
        "enabled": true,
        "bagging_size": 1,
        "random_state": 114514
      }
    }
  }
}