{
  "training": {
    "trials": [
      {
        "train_auc": 0.9940919724919732,
        "valid_auc": 0.9849499374704785,
        "best_iteration": 581,
        "train_time": 233.02869248390198,
        "feature_importance": {
          "app": 2703,
          "hour": 2800,
          "n_channels": 760,
          "ip_app_count": 693,
          "ip_app_os_count": 871,
          "FutureClickCount_600-ip": 451,
          "FutureClickCount_600-app": 464,
          "FutureClickCount_600-ip-app": 168,
          "FutureClickCount_600-dev": 251,
          "FutureClickCount_600-ip-dev": 502,
          "FutureClickCount_600-app-dev": 357,
          "FutureClickCount_600-ip-app-dev": 156,
          "FutureClickCount_600-os": 248,
          "FutureClickCount_600-ip-os": 306,
          "FutureClickCount_600-app-os": 436,
          "FutureClickCount_600-ip-app-os": 203,
          "FutureClickCount_600-dev-os": 535,
          "FutureClickCount_600-ip-dev-os": 320,
          "FutureClickCount_600-app-dev-os": 505,
          "FutureClickCount_600-ip-app-dev-os": 276,
          "FutureClickCount_600-cha": 465,
          "FutureClickCount_600-ip-cha": 104,
          "FutureClickCount_600-app-cha": 614,
          "FutureClickCount_600-ip-app-cha": 90,
          "FutureClickCount_600-dev-cha": 351,
          "FutureClickCount_600-ip-dev-cha": 103,
          "FutureClickCount_600-app-dev-cha": 387,
          "FutureClickCount_600-ip-app-dev-cha": 69,
          "FutureClickCount_600-os-cha": 313,
          "FutureClickCount_600-ip-os-cha": 66,
          "FutureClickCount_600-app-os-cha": 332,
          "FutureClickCount_600-ip-app-os-cha": 69,
          "FutureClickCount_600-dev-os-cha": 286,
          "FutureClickCount_600-ip-dev-os-cha": 47,
          "FutureClickCount_600-app-dev-os-cha": 291,
          "FutureClickCount_600-ip-app-dev-os-cha": 56,
          "FutureClickCount_4800-ip": 769,
          "FutureClickCount_4800-app": 287,
          "FutureClickCount_4800-ip-app": 259,
          "FutureClickCount_4800-dev": 60,
          "FutureClickCount_4800-ip-dev": 967,
          "FutureClickCount_4800-app-dev": 194,
          "FutureClickCount_4800-ip-app-dev": 209,
          "FutureClickCount_4800-os": 117,
          "FutureClickCount_4800-ip-os": 529,
          "FutureClickCount_4800-app-os": 286,
          "FutureClickCount_4800-ip-app-os": 252,
          "FutureClickCount_4800-dev-os": 182,
          "FutureClickCount_4800-ip-dev-os": 655,
          "FutureClickCount_4800-app-dev-os": 430,
          "FutureClickCount_4800-ip-app-dev-os": 295,
          "FutureClickCount_4800-cha": 273,
          "FutureClickCount_4800-ip-cha": 200,
          "FutureClickCount_4800-app-cha": 489,
          "FutureClickCount_4800-ip-app-cha": 119,
          "FutureClickCount_4800-dev-cha": 243,
          "FutureClickCount_4800-ip-dev-cha": 150,
          "FutureClickCount_4800-app-dev-cha": 291,
          "FutureClickCount_4800-ip-app-dev-cha": 108,
          "FutureClickCount_4800-os-cha": 268,
          "FutureClickCount_4800-ip-os-cha": 79,
          "FutureClickCount_4800-app-os-cha": 288,
          "FutureClickCount_4800-ip-app-os-cha": 94,
          "FutureClickCount_4800-dev-os-cha": 294,
          "FutureClickCount_4800-ip-dev-os-cha": 69,
          "FutureClickCount_4800-app-dev-os-cha": 306,
          "FutureClickCount_4800-ip-app-dev-os-cha": 68,
          "NextClickTimeDelta-ip": 693,
          "NextClickTimeDelta-app": 111,
          "NextClickTimeDelta-ip-app": 772,
          "NextClickTimeDelta-dev": 55,
          "NextClickTimeDelta-ip-dev": 429,
          "NextClickTimeDelta-app-dev": 61,
          "NextClickTimeDelta-ip-app-dev": 551,
          "NextClickTimeDelta-os": 68,
          "NextClickTimeDelta-ip-os": 516,
          "NextClickTimeDelta-app-os": 164,
          "NextClickTimeDelta-ip-app-os": 1163,
          "NextClickTimeDelta-dev-os": 78,
          "NextClickTimeDelta-ip-dev-os": 377,
          "NextClickTimeDelta-app-dev-os": 113,
          "NextClickTimeDelta-ip-app-dev-os": 2086,
          "NextClickTimeDelta-cha": 85,
          "NextClickTimeDelta-ip-cha": 457,
          "NextClickTimeDelta-app-cha": 172,
          "NextClickTimeDelta-ip-app-cha": 374,
          "NextClickTimeDelta-dev-cha": 78,
          "NextClickTimeDelta-ip-dev-cha": 286,
          "NextClickTimeDelta-app-dev-cha": 110,
          "NextClickTimeDelta-ip-app-dev-cha": 304,
          "NextClickTimeDelta-os-cha": 175,
          "NextClickTimeDelta-ip-os-cha": 336,
          "NextClickTimeDelta-app-os-cha": 230,
          "NextClickTimeDelta-ip-app-os-cha": 431,
          "NextClickTimeDelta-dev-os-cha": 138,
          "NextClickTimeDelta-ip-dev-os-cha": 243,
          "NextClickTimeDelta-app-dev-os-cha": 168,
          "NextClickTimeDelta-ip-app-dev-os-cha": 467,
          "PrevClickTimeDelta-ip": 510,
          "PrevClickTimeDelta-app": 100,
          "PrevClickTimeDelta-ip-app": 371,
          "PrevClickTimeDelta-dev": 46,
          "PrevClickTimeDelta-ip-dev": 355,
          "PrevClickTimeDelta-app-dev": 71,
          "PrevClickTimeDelta-ip-app-dev": 249,
          "PrevClickTimeDelta-os": 74,
          "PrevClickTimeDelta-ip-os": 445,
          "PrevClickTimeDelta-app-os": 184,
          "PrevClickTimeDelta-ip-app-os": 324,
          "PrevClickTimeDelta-dev-os": 53,
          "PrevClickTimeDelta-ip-dev-os": 235,
          "PrevClickTimeDelta-app-dev-os": 134,
          "PrevClickTimeDelta-ip-app-dev-os": 242,
          "PrevClickTimeDelta-cha": 81,
          "PrevClickTimeDelta-ip-cha": 326,
          "PrevClickTimeDelta-app-cha": 115,
          "PrevClickTimeDelta-ip-app-cha": 237,
          "PrevClickTimeDelta-dev-cha": 99,
          "PrevClickTimeDelta-ip-dev-cha": 214,
          "PrevClickTimeDelta-app-dev-cha": 91,
          "PrevClickTimeDelta-ip-app-dev-cha": 187,
          "PrevClickTimeDelta-os-cha": 189,
          "PrevClickTimeDelta-ip-os-cha": 252,
          "PrevClickTimeDelta-app-os-cha": 177,
          "PrevClickTimeDelta-ip-app-os-cha": 190,
          "PrevClickTimeDelta-dev-os-cha": 138,
          "PrevClickTimeDelta-ip-dev-os-cha": 159,
          "PrevClickTimeDelta-app-dev-os-cha": 150,
          "PrevClickTimeDelta-ip-app-dev-os-cha": 167,
          "AverageAttributedRatio-ip": 327,
          "AverageAttributedRatio-app": 275,
          "AverageAttributedRatio-ip-app": 168,
          "AverageAttributedRatio-dev": 467,
          "AverageAttributedRatio-ip-dev": 256,
          "AverageAttributedRatio-app-dev": 203,
          "AverageAttributedRatio-ip-app-dev": 242,
          "AverageAttributedRatio-os": 256,
          "AverageAttributedRatio-ip-os": 198,
          "AverageAttributedRatio-app-os": 245,
          "AverageAttributedRatio-ip-app-os": 72,
          "AverageAttributedRatio-dev-os": 254,
          "AverageAttributedRatio-ip-dev-os": 173,
          "AverageAttributedRatio-app-dev-os": 231,
          "AverageAttributedRatio-ip-app-dev-os": 41,
          "AverageAttributedRatio-cha": 222,
          "AverageAttributedRatio-ip-cha": 74,
          "AverageAttributedRatio-app-cha": 220,
          "AverageAttributedRatio-ip-app-cha": 48,
          "AverageAttributedRatio-dev-cha": 152,
          "AverageAttributedRatio-ip-dev-cha": 64,
          "AverageAttributedRatio-app-dev-cha": 196,
          "AverageAttributedRatio-ip-app-dev-cha": 46,
          "AverageAttributedRatio-os-cha": 201,
          "AverageAttributedRatio-ip-os-cha": 61,
          "AverageAttributedRatio-app-os-cha": 272,
          "AverageAttributedRatio-ip-app-os-cha": 23,
          "AverageAttributedRatio-dev-os-cha": 189,
          "AverageAttributedRatio-ip-dev-os-cha": 32,
          "AverageAttributedRatio-app-dev-os-cha": 226,
          "AverageAttributedRatio-ip-app-dev-os-cha": 20,
          "KomakiLDA10NoDevice_1-ip-os-0": 648,
          "KomakiLDA10NoDevice_1-ip-os-1": 536,
          "KomakiLDA10NoDevice_1-ip-os-2": 774,
          "KomakiLDA10NoDevice_1-ip-os-3": 639,
          "KomakiLDA10NoDevice_1-ip-os-4": 595,
          "KomakiLDA10NoDevice_1-ip-os-5": 831,
          "KomakiLDA10NoDevice_1-ip-os-6": 668,
          "KomakiLDA10NoDevice_1-ip-os-7": 622,
          "KomakiLDA10NoDevice_1-ip-os-8": 550,
          "KomakiLDA10NoDevice_1-ip-os-9": 768,
          "KomakiLDA10NoDevice_1-app-ip-0": 192,
          "KomakiLDA10NoDevice_1-app-ip-1": 182,
          "KomakiLDA10NoDevice_1-app-ip-2": 125,
          "KomakiLDA10NoDevice_1-app-ip-3": 151,
          "KomakiLDA10NoDevice_1-app-ip-4": 74,
          "KomakiLDA10NoDevice_1-app-ip-5": 89,
          "KomakiLDA10NoDevice_1-app-ip-6": 182,
          "KomakiLDA10NoDevice_1-app-ip-7": 113,
          "KomakiLDA10NoDevice_1-app-ip-8": 124,
          "KomakiLDA10NoDevice_1-app-ip-9": 85,
          "KomakiLDA10NoDevice_1-app-os-0": 165,
          "KomakiLDA10NoDevice_1-app-os-1": 75,
          "KomakiLDA10NoDevice_1-app-os-2": 97,
          "KomakiLDA10NoDevice_1-app-os-3": 155,
          "KomakiLDA10NoDevice_1-app-os-4": 142,
          "KomakiLDA10NoDevice_1-app-os-5": 133,
          "KomakiLDA10NoDevice_1-app-os-6": 76,
          "KomakiLDA10NoDevice_1-app-os-7": 97,
          "KomakiLDA10NoDevice_1-app-os-8": 82,
          "KomakiLDA10NoDevice_1-app-os-9": 83,
          "KomakiLDA10NoDevice_1-app-channel-0": 69,
          "KomakiLDA10NoDevice_1-app-channel-1": 109,
          "KomakiLDA10NoDevice_1-app-channel-2": 108,
          "KomakiLDA10NoDevice_1-app-channel-3": 38,
          "KomakiLDA10NoDevice_1-app-channel-4": 51,
          "KomakiLDA10NoDevice_1-app-channel-5": 46,
          "KomakiLDA10NoDevice_1-app-channel-6": 105,
          "KomakiLDA10NoDevice_1-app-channel-7": 80,
          "KomakiLDA10NoDevice_1-app-channel-8": 56,
          "KomakiLDA10NoDevice_1-app-channel-9": 66,
          "KomakiLDA10NoDevice_1-channel-ip-0": 262,
          "KomakiLDA10NoDevice_1-channel-ip-1": 216,
          "KomakiLDA10NoDevice_1-channel-ip-2": 175,
          "KomakiLDA10NoDevice_1-channel-ip-3": 208,
          "KomakiLDA10NoDevice_1-channel-ip-4": 173,
          "KomakiLDA10NoDevice_1-channel-ip-5": 99,
          "KomakiLDA10NoDevice_1-channel-ip-6": 184,
          "KomakiLDA10NoDevice_1-channel-ip-7": 162,
          "KomakiLDA10NoDevice_1-channel-ip-8": 164,
          "KomakiLDA10NoDevice_1-channel-ip-9": 31,
          "KomakiLDA10NoDevice_1-channel-os-0": 142,
          "KomakiLDA10NoDevice_1-channel-os-1": 151,
          "KomakiLDA10NoDevice_1-channel-os-2": 31,
          "KomakiLDA10NoDevice_1-channel-os-3": 192,
          "KomakiLDA10NoDevice_1-channel-os-4": 167,
          "KomakiLDA10NoDevice_1-channel-os-5": 250,
          "KomakiLDA10NoDevice_1-channel-os-6": 157,
          "KomakiLDA10NoDevice_1-channel-os-7": 142,
          "KomakiLDA10NoDevice_1-channel-os-8": 54,
          "KomakiLDA10NoDevice_1-channel-os-9": 28,
          "KomakiLDA10NoDevice_2-ip-app-0": 833,
          "KomakiLDA10NoDevice_2-ip-app-1": 729,
          "KomakiLDA10NoDevice_2-ip-app-2": 815,
          "KomakiLDA10NoDevice_2-ip-app-3": 984,
          "KomakiLDA10NoDevice_2-ip-app-4": 928,
          "KomakiLDA10NoDevice_2-ip-app-5": 534,
          "KomakiLDA10NoDevice_2-ip-app-6": 755,
          "KomakiLDA10NoDevice_2-ip-app-7": 785,
          "KomakiLDA10NoDevice_2-ip-app-8": 568,
          "KomakiLDA10NoDevice_2-ip-app-9": 732,
          "KomakiLDA10NoDevice_2-ip-channel-0": 776,
          "KomakiLDA10NoDevice_2-ip-channel-1": 759,
          "KomakiLDA10NoDevice_2-ip-channel-2": 766,
          "KomakiLDA10NoDevice_2-ip-channel-3": 677,
          "KomakiLDA10NoDevice_2-ip-channel-4": 691,
          "KomakiLDA10NoDevice_2-ip-channel-5": 743,
          "KomakiLDA10NoDevice_2-ip-channel-6": 771,
          "KomakiLDA10NoDevice_2-ip-channel-7": 690,
          "KomakiLDA10NoDevice_2-ip-channel-8": 756,
          "KomakiLDA10NoDevice_2-ip-channel-9": 731,
          "KomakiLDA10NoDevice_2-os-ip-0": 160,
          "KomakiLDA10NoDevice_2-os-ip-1": 152,
          "KomakiLDA10NoDevice_2-os-ip-2": 168,
          "KomakiLDA10NoDevice_2-os-ip-3": 157,
          "KomakiLDA10NoDevice_2-os-ip-4": 94,
          "KomakiLDA10NoDevice_2-os-ip-5": 113,
          "KomakiLDA10NoDevice_2-os-ip-6": 121,
          "KomakiLDA10NoDevice_2-os-ip-7": 130,
          "KomakiLDA10NoDevice_2-os-ip-8": 145,
          "KomakiLDA10NoDevice_2-os-ip-9": 107,
          "KomakiLDA10NoDevice_2-os-app-0": 192,
          "KomakiLDA10NoDevice_2-os-app-1": 56,
          "KomakiLDA10NoDevice_2-os-app-2": 49,
          "KomakiLDA10NoDevice_2-os-app-3": 173,
          "KomakiLDA10NoDevice_2-os-app-4": 4,
          "KomakiLDA10NoDevice_2-os-app-5": 146,
          "KomakiLDA10NoDevice_2-os-app-6": 62,
          "KomakiLDA10NoDevice_2-os-app-7": 112,
          "KomakiLDA10NoDevice_2-os-app-8": 96,
          "KomakiLDA10NoDevice_2-os-app-9": 116,
          "KomakiLDA10NoDevice_2-os-channel-0": 208,
          "KomakiLDA10NoDevice_2-os-channel-1": 198,
          "KomakiLDA10NoDevice_2-os-channel-2": 92,
          "KomakiLDA10NoDevice_2-os-channel-3": 99,
          "KomakiLDA10NoDevice_2-os-channel-4": 180,
          "KomakiLDA10NoDevice_2-os-channel-5": 196,
          "KomakiLDA10NoDevice_2-os-channel-6": 210,
          "KomakiLDA10NoDevice_2-os-channel-7": 184,
          "KomakiLDA10NoDevice_2-os-channel-8": 134,
          "KomakiLDA10NoDevice_2-os-channel-9": 111,
          "KomakiLDA10NoDevice_2-channel-app-0": 300,
          "KomakiLDA10NoDevice_2-channel-app-1": 84,
          "KomakiLDA10NoDevice_2-channel-app-2": 93,
          "KomakiLDA10NoDevice_2-channel-app-3": 150,
          "KomakiLDA10NoDevice_2-channel-app-4": 119,
          "KomakiLDA10NoDevice_2-channel-app-5": 101,
          "KomakiLDA10NoDevice_2-channel-app-6": 109,
          "KomakiLDA10NoDevice_2-channel-app-7": 119,
          "KomakiLDA10NoDevice_2-channel-app-8": 198,
          "KomakiLDA10NoDevice_2-channel-app-9": 161,
          "KomakiNMF5NoDevice-ip-app-0": 398,
          "KomakiNMF5NoDevice-ip-app-1": 742,
          "KomakiNMF5NoDevice-ip-app-2": 469,
          "KomakiNMF5NoDevice-ip-app-3": 429,
          "KomakiNMF5NoDevice-ip-app-4": 451,
          "KomakiNMF5NoDevice-ip-os-0": 571,
          "KomakiNMF5NoDevice-ip-os-1": 635,
          "KomakiNMF5NoDevice-ip-os-2": 558,
          "KomakiNMF5NoDevice-ip-os-3": 459,
          "KomakiNMF5NoDevice-ip-os-4": 583,
          "KomakiNMF5NoDevice-ip-channel-0": 569,
          "KomakiNMF5NoDevice-ip-channel-1": 779,
          "KomakiNMF5NoDevice-ip-channel-2": 489,
          "KomakiNMF5NoDevice-ip-channel-3": 608,
          "KomakiNMF5NoDevice-ip-channel-4": 510,
          "KomakiNMF5NoDevice-app-ip-0": 98,
          "KomakiNMF5NoDevice-app-ip-1": 88,
          "KomakiNMF5NoDevice-app-ip-2": 79,
          "KomakiNMF5NoDevice-app-ip-3": 81,
          "KomakiNMF5NoDevice-app-ip-4": 38,
          "KomakiNMF5NoDevice-app-os-0": 27,
          "KomakiNMF5NoDevice-app-os-1": 52,
          "KomakiNMF5NoDevice-app-os-2": 49,
          "KomakiNMF5NoDevice-app-os-3": 29,
          "KomakiNMF5NoDevice-app-os-4": 23,
          "KomakiNMF5NoDevice-app-channel-0": 57,
          "KomakiNMF5NoDevice-app-channel-1": 74,
          "KomakiNMF5NoDevice-app-channel-2": 94,
          "KomakiNMF5NoDevice-app-channel-3": 76,
          "KomakiNMF5NoDevice-app-channel-4": 76,
          "KomakiNMF5NoDevice-os-ip-0": 85,
          "KomakiNMF5NoDevice-os-ip-1": 85,
          "KomakiNMF5NoDevice-os-ip-2": 81,
          "KomakiNMF5NoDevice-os-ip-3": 89,
          "KomakiNMF5NoDevice-os-ip-4": 72,
          "KomakiNMF5NoDevice-os-app-0": 60,
          "KomakiNMF5NoDevice-os-app-1": 3,
          "KomakiNMF5NoDevice-os-app-2": 64,
          "KomakiNMF5NoDevice-os-app-3": 98,
          "KomakiNMF5NoDevice-os-app-4": 57,
          "KomakiNMF5NoDevice-os-channel-0": 160,
          "KomakiNMF5NoDevice-os-channel-1": 93,
          "KomakiNMF5NoDevice-os-channel-2": 188,
          "KomakiNMF5NoDevice-os-channel-3": 110,
          "KomakiNMF5NoDevice-os-channel-4": 108,
          "KomakiNMF5NoDevice-channel-ip-0": 209,
          "KomakiNMF5NoDevice-channel-ip-1": 139,
          "KomakiNMF5NoDevice-channel-ip-2": 149,
          "KomakiNMF5NoDevice-channel-ip-3": 165,
          "KomakiNMF5NoDevice-channel-ip-4": 172,
          "KomakiNMF5NoDevice-channel-app-0": 80,
          "KomakiNMF5NoDevice-channel-app-1": 33,
          "KomakiNMF5NoDevice-channel-app-2": 81,
          "KomakiNMF5NoDevice-channel-app-3": 67,
          "KomakiNMF5NoDevice-channel-app-4": 89,
          "KomakiNMF5NoDevice-channel-os-0": 186,
          "KomakiNMF5NoDevice-channel-os-1": 42,
          "KomakiNMF5NoDevice-channel-os-2": 162,
          "KomakiNMF5NoDevice-channel-os-3": 61,
          "KomakiNMF5NoDevice-channel-os-4": 203,
          "KomakiPCA5NoDevice-ip-app-0": 749,
          "KomakiPCA5NoDevice-ip-app-1": 614,
          "KomakiPCA5NoDevice-ip-app-2": 504,
          "KomakiPCA5NoDevice-ip-app-3": 370,
          "KomakiPCA5NoDevice-ip-app-4": 604,
          "KomakiPCA5NoDevice-ip-os-0": 778,
          "KomakiPCA5NoDevice-ip-os-1": 478,
          "KomakiPCA5NoDevice-ip-os-2": 505,
          "KomakiPCA5NoDevice-ip-os-3": 545,
          "KomakiPCA5NoDevice-ip-os-4": 615,
          "KomakiPCA5NoDevice-ip-channel-0": 822,
          "KomakiPCA5NoDevice-ip-channel-1": 592,
          "KomakiPCA5NoDevice-ip-channel-2": 534,
          "KomakiPCA5NoDevice-ip-channel-3": 628,
          "KomakiPCA5NoDevice-ip-channel-4": 512,
          "KomakiPCA5NoDevice-app-ip-0": 66,
          "KomakiPCA5NoDevice-app-ip-1": 62,
          "KomakiPCA5NoDevice-app-ip-2": 50,
          "KomakiPCA5NoDevice-app-ip-3": 112,
          "KomakiPCA5NoDevice-app-ip-4": 63,
          "KomakiPCA5NoDevice-app-os-0": 100,
          "KomakiPCA5NoDevice-app-os-1": 53,
          "KomakiPCA5NoDevice-app-os-2": 91,
          "KomakiPCA5NoDevice-app-os-3": 67,
          "KomakiPCA5NoDevice-app-os-4": 77,
          "KomakiPCA5NoDevice-app-channel-0": 74,
          "KomakiPCA5NoDevice-app-channel-1": 125,
          "KomakiPCA5NoDevice-app-channel-2": 77,
          "KomakiPCA5NoDevice-app-channel-3": 93,
          "KomakiPCA5NoDevice-app-channel-4": 88,
          "KomakiPCA5NoDevice-os-ip-0": 38,
          "KomakiPCA5NoDevice-os-ip-1": 87,
          "KomakiPCA5NoDevice-os-ip-2": 112,
          "KomakiPCA5NoDevice-os-ip-3": 112,
          "KomakiPCA5NoDevice-os-ip-4": 90,
          "KomakiPCA5NoDevice-os-app-0": 83,
          "KomakiPCA5NoDevice-os-app-1": 86,
          "KomakiPCA5NoDevice-os-app-2": 69,
          "KomakiPCA5NoDevice-os-app-3": 76,
          "KomakiPCA5NoDevice-os-app-4": 134,
          "KomakiPCA5NoDevice-os-channel-0": 99,
          "KomakiPCA5NoDevice-os-channel-1": 139,
          "KomakiPCA5NoDevice-os-channel-2": 90,
          "KomakiPCA5NoDevice-os-channel-3": 78,
          "KomakiPCA5NoDevice-os-channel-4": 73,
          "KomakiPCA5NoDevice-channel-ip-0": 189,
          "KomakiPCA5NoDevice-channel-ip-1": 173,
          "KomakiPCA5NoDevice-channel-ip-2": 144,
          "KomakiPCA5NoDevice-channel-ip-3": 142,
          "KomakiPCA5NoDevice-channel-ip-4": 179,
          "KomakiPCA5NoDevice-channel-app-0": 157,
          "KomakiPCA5NoDevice-channel-app-1": 131,
          "KomakiPCA5NoDevice-channel-app-2": 116,
          "KomakiPCA5NoDevice-channel-app-3": 105,
          "KomakiPCA5NoDevice-channel-app-4": 143,
          "KomakiPCA5NoDevice-channel-os-0": 146,
          "KomakiPCA5NoDevice-channel-os-1": 134,
          "KomakiPCA5NoDevice-channel-os-2": 110,
          "KomakiPCA5NoDevice-channel-os-3": 147,
          "KomakiPCA5NoDevice-channel-os-4": 131
        }
      },
      {
        "train_auc": 0.9939242976465947,
        "valid_auc": 0.9849529342095393,
        "best_iteration": 561,
        "train_time": 237.68325448036194,
        "feature_importance": {
          "app": 2639,
          "hour": 2622,
          "n_channels": 703,
          "ip_app_count": 789,
          "ip_app_os_count": 846,
          "FutureClickCount_600-ip": 437,
          "FutureClickCount_600-app": 446,
          "FutureClickCount_600-ip-app": 165,
          "FutureClickCount_600-dev": 231,
          "FutureClickCount_600-ip-dev": 459,
          "FutureClickCount_600-app-dev": 329,
          "FutureClickCount_600-ip-app-dev": 149,
          "FutureClickCount_600-os": 251,
          "FutureClickCount_600-ip-os": 303,
          "FutureClickCount_600-app-os": 410,
          "FutureClickCount_600-ip-app-os": 209,
          "FutureClickCount_600-dev-os": 555,
          "FutureClickCount_600-ip-dev-os": 271,
          "FutureClickCount_600-app-dev-os": 517,
          "FutureClickCount_600-ip-app-dev-os": 237,
          "FutureClickCount_600-cha": 444,
          "FutureClickCount_600-ip-cha": 99,
          "FutureClickCount_600-app-cha": 631,
          "FutureClickCount_600-ip-app-cha": 72,
          "FutureClickCount_600-dev-cha": 318,
          "FutureClickCount_600-ip-dev-cha": 97,
          "FutureClickCount_600-app-dev-cha": 386,
          "FutureClickCount_600-ip-app-dev-cha": 62,
          "FutureClickCount_600-os-cha": 280,
          "FutureClickCount_600-ip-os-cha": 56,
          "FutureClickCount_600-app-os-cha": 335,
          "FutureClickCount_600-ip-app-os-cha": 50,
          "FutureClickCount_600-dev-os-cha": 283,
          "FutureClickCount_600-ip-dev-os-cha": 50,
          "FutureClickCount_600-app-dev-os-cha": 304,
          "FutureClickCount_600-ip-app-dev-os-cha": 73,
          "FutureClickCount_4800-ip": 645,
          "FutureClickCount_4800-app": 262,
          "FutureClickCount_4800-ip-app": 261,
          "FutureClickCount_4800-dev": 72,
          "FutureClickCount_4800-ip-dev": 908,
          "FutureClickCount_4800-app-dev": 198,
          "FutureClickCount_4800-ip-app-dev": 230,
          "FutureClickCount_4800-os": 138,
          "FutureClickCount_4800-ip-os": 501,
          "FutureClickCount_4800-app-os": 279,
          "FutureClickCount_4800-ip-app-os": 233,
          "FutureClickCount_4800-dev-os": 191,
          "FutureClickCount_4800-ip-dev-os": 617,
          "FutureClickCount_4800-app-dev-os": 418,
          "FutureClickCount_4800-ip-app-dev-os": 287,
          "FutureClickCount_4800-cha": 277,
          "FutureClickCount_4800-ip-cha": 176,
          "FutureClickCount_4800-app-cha": 397,
          "FutureClickCount_4800-ip-app-cha": 120,
          "FutureClickCount_4800-dev-cha": 220,
          "FutureClickCount_4800-ip-dev-cha": 157,
          "FutureClickCount_4800-app-dev-cha": 279,
          "FutureClickCount_4800-ip-app-dev-cha": 115,
          "FutureClickCount_4800-os-cha": 253,
          "FutureClickCount_4800-ip-os-cha": 94,
          "FutureClickCount_4800-app-os-cha": 313,
          "FutureClickCount_4800-ip-app-os-cha": 96,
          "FutureClickCount_4800-dev-os-cha": 259,
          "FutureClickCount_4800-ip-dev-os-cha": 62,
          "FutureClickCount_4800-app-dev-os-cha": 278,
          "FutureClickCount_4800-ip-app-dev-os-cha": 72,
          "NextClickTimeDelta-ip": 627,
          "NextClickTimeDelta-app": 86,
          "NextClickTimeDelta-ip-app": 710,
          "NextClickTimeDelta-dev": 52,
          "NextClickTimeDelta-ip-dev": 439,
          "NextClickTimeDelta-app-dev": 67,
          "NextClickTimeDelta-ip-app-dev": 532,
          "NextClickTimeDelta-os": 59,
          "NextClickTimeDelta-ip-os": 550,
          "NextClickTimeDelta-app-os": 195,
          "NextClickTimeDelta-ip-app-os": 1175,
          "NextClickTimeDelta-dev-os": 76,
          "NextClickTimeDelta-ip-dev-os": 369,
          "NextClickTimeDelta-app-dev-os": 123,
          "NextClickTimeDelta-ip-app-dev-os": 2114,
          "NextClickTimeDelta-cha": 105,
          "NextClickTimeDelta-ip-cha": 487,
          "NextClickTimeDelta-app-cha": 188,
          "NextClickTimeDelta-ip-app-cha": 415,
          "NextClickTimeDelta-dev-cha": 95,
          "NextClickTimeDelta-ip-dev-cha": 274,
          "NextClickTimeDelta-app-dev-cha": 106,
          "NextClickTimeDelta-ip-app-dev-cha": 266,
          "NextClickTimeDelta-os-cha": 212,
          "NextClickTimeDelta-ip-os-cha": 301,
          "NextClickTimeDelta-app-os-cha": 220,
          "NextClickTimeDelta-ip-app-os-cha": 420,
          "NextClickTimeDelta-dev-os-cha": 154,
          "NextClickTimeDelta-ip-dev-os-cha": 273,
          "NextClickTimeDelta-app-dev-os-cha": 190,
          "NextClickTimeDelta-ip-app-dev-os-cha": 408,
          "PrevClickTimeDelta-ip": 443,
          "PrevClickTimeDelta-app": 88,
          "PrevClickTimeDelta-ip-app": 332,
          "PrevClickTimeDelta-dev": 60,
          "PrevClickTimeDelta-ip-dev": 280,
          "PrevClickTimeDelta-app-dev": 73,
          "PrevClickTimeDelta-ip-app-dev": 236,
          "PrevClickTimeDelta-os": 62,
          "PrevClickTimeDelta-ip-os": 395,
          "PrevClickTimeDelta-app-os": 158,
          "PrevClickTimeDelta-ip-app-os": 348,
          "PrevClickTimeDelta-dev-os": 53,
          "PrevClickTimeDelta-ip-dev-os": 231,
          "PrevClickTimeDelta-app-dev-os": 141,
          "PrevClickTimeDelta-ip-app-dev-os": 247,
          "PrevClickTimeDelta-cha": 79,
          "PrevClickTimeDelta-ip-cha": 303,
          "PrevClickTimeDelta-app-cha": 132,
          "PrevClickTimeDelta-ip-app-cha": 219,
          "PrevClickTimeDelta-dev-cha": 99,
          "PrevClickTimeDelta-ip-dev-cha": 204,
          "PrevClickTimeDelta-app-dev-cha": 89,
          "PrevClickTimeDelta-ip-app-dev-cha": 186,
          "PrevClickTimeDelta-os-cha": 216,
          "PrevClickTimeDelta-ip-os-cha": 225,
          "PrevClickTimeDelta-app-os-cha": 180,
          "PrevClickTimeDelta-ip-app-os-cha": 210,
          "PrevClickTimeDelta-dev-os-cha": 130,
          "PrevClickTimeDelta-ip-dev-os-cha": 145,
          "PrevClickTimeDelta-app-dev-os-cha": 164,
          "PrevClickTimeDelta-ip-app-dev-os-cha": 149,
          "AverageAttributedRatio-ip": 321,
          "AverageAttributedRatio-app": 289,
          "AverageAttributedRatio-ip-app": 190,
          "AverageAttributedRatio-dev": 437,
          "AverageAttributedRatio-ip-dev": 272,
          "AverageAttributedRatio-app-dev": 206,
          "AverageAttributedRatio-ip-app-dev": 203,
          "AverageAttributedRatio-os": 260,
          "AverageAttributedRatio-ip-os": 180,
          "AverageAttributedRatio-app-os": 250,
          "AverageAttributedRatio-ip-app-os": 85,
          "AverageAttributedRatio-dev-os": 219,
          "AverageAttributedRatio-ip-dev-os": 180,
          "AverageAttributedRatio-app-dev-os": 218,
          "AverageAttributedRatio-ip-app-dev-os": 42,
          "AverageAttributedRatio-cha": 260,
          "AverageAttributedRatio-ip-cha": 75,
          "AverageAttributedRatio-app-cha": 217,
          "AverageAttributedRatio-ip-app-cha": 67,
          "AverageAttributedRatio-dev-cha": 145,
          "AverageAttributedRatio-ip-dev-cha": 73,
          "AverageAttributedRatio-app-dev-cha": 200,
          "AverageAttributedRatio-ip-app-dev-cha": 60,
          "AverageAttributedRatio-os-cha": 213,
          "AverageAttributedRatio-ip-os-cha": 39,
          "AverageAttributedRatio-app-os-cha": 237,
          "AverageAttributedRatio-ip-app-os-cha": 33,
          "AverageAttributedRatio-dev-os-cha": 194,
          "AverageAttributedRatio-ip-dev-os-cha": 25,
          "AverageAttributedRatio-app-dev-os-cha": 201,
          "AverageAttributedRatio-ip-app-dev-os-cha": 25,
          "KomakiLDA10NoDevice_1-ip-os-0": 662,
          "KomakiLDA10NoDevice_1-ip-os-1": 493,
          "KomakiLDA10NoDevice_1-ip-os-2": 688,
          "KomakiLDA10NoDevice_1-ip-os-3": 675,
          "KomakiLDA10NoDevice_1-ip-os-4": 566,
          "KomakiLDA10NoDevice_1-ip-os-5": 785,
          "KomakiLDA10NoDevice_1-ip-os-6": 656,
          "KomakiLDA10NoDevice_1-ip-os-7": 581,
          "KomakiLDA10NoDevice_1-ip-os-8": 566,
          "KomakiLDA10NoDevice_1-ip-os-9": 707,
          "KomakiLDA10NoDevice_1-app-ip-0": 168,
          "KomakiLDA10NoDevice_1-app-ip-1": 165,
          "KomakiLDA10NoDevice_1-app-ip-2": 139,
          "KomakiLDA10NoDevice_1-app-ip-3": 146,
          "KomakiLDA10NoDevice_1-app-ip-4": 98,
          "KomakiLDA10NoDevice_1-app-ip-5": 75,
          "KomakiLDA10NoDevice_1-app-ip-6": 212,
          "KomakiLDA10NoDevice_1-app-ip-7": 94,
          "KomakiLDA10NoDevice_1-app-ip-8": 140,
          "KomakiLDA10NoDevice_1-app-ip-9": 94,
          "KomakiLDA10NoDevice_1-app-os-0": 149,
          "KomakiLDA10NoDevice_1-app-os-1": 127,
          "KomakiLDA10NoDevice_1-app-os-2": 95,
          "KomakiLDA10NoDevice_1-app-os-3": 134,
          "KomakiLDA10NoDevice_1-app-os-4": 138,
          "KomakiLDA10NoDevice_1-app-os-5": 150,
          "KomakiLDA10NoDevice_1-app-os-6": 101,
          "KomakiLDA10NoDevice_1-app-os-7": 70,
          "KomakiLDA10NoDevice_1-app-os-8": 73,
          "KomakiLDA10NoDevice_1-app-os-9": 89,
          "KomakiLDA10NoDevice_1-app-channel-0": 64,
          "KomakiLDA10NoDevice_1-app-channel-1": 105,
          "KomakiLDA10NoDevice_1-app-channel-2": 123,
          "KomakiLDA10NoDevice_1-app-channel-3": 44,
          "KomakiLDA10NoDevice_1-app-channel-4": 56,
          "KomakiLDA10NoDevice_1-app-channel-5": 54,
          "KomakiLDA10NoDevice_1-app-channel-6": 101,
          "KomakiLDA10NoDevice_1-app-channel-7": 70,
          "KomakiLDA10NoDevice_1-app-channel-8": 63,
          "KomakiLDA10NoDevice_1-app-channel-9": 66,
          "KomakiLDA10NoDevice_1-channel-ip-0": 216,
          "KomakiLDA10NoDevice_1-channel-ip-1": 204,
          "KomakiLDA10NoDevice_1-channel-ip-2": 202,
          "KomakiLDA10NoDevice_1-channel-ip-3": 180,
          "KomakiLDA10NoDevice_1-channel-ip-4": 156,
          "KomakiLDA10NoDevice_1-channel-ip-5": 97,
          "KomakiLDA10NoDevice_1-channel-ip-6": 126,
          "KomakiLDA10NoDevice_1-channel-ip-7": 147,
          "KomakiLDA10NoDevice_1-channel-ip-8": 177,
          "KomakiLDA10NoDevice_1-channel-ip-9": 35,
          "KomakiLDA10NoDevice_1-channel-os-0": 130,
          "KomakiLDA10NoDevice_1-channel-os-1": 143,
          "KomakiLDA10NoDevice_1-channel-os-2": 31,
          "KomakiLDA10NoDevice_1-channel-os-3": 175,
          "KomakiLDA10NoDevice_1-channel-os-4": 158,
          "KomakiLDA10NoDevice_1-channel-os-5": 260,
          "KomakiLDA10NoDevice_1-channel-os-6": 144,
          "KomakiLDA10NoDevice_1-channel-os-7": 134,
          "KomakiLDA10NoDevice_1-channel-os-8": 45,
          "KomakiLDA10NoDevice_1-channel-os-9": 39,
          "KomakiLDA10NoDevice_2-ip-app-0": 800,
          "KomakiLDA10NoDevice_2-ip-app-1": 630,
          "KomakiLDA10NoDevice_2-ip-app-2": 881,
          "KomakiLDA10NoDevice_2-ip-app-3": 959,
          "KomakiLDA10NoDevice_2-ip-app-4": 932,
          "KomakiLDA10NoDevice_2-ip-app-5": 573,
          "KomakiLDA10NoDevice_2-ip-app-6": 714,
          "KomakiLDA10NoDevice_2-ip-app-7": 778,
          "KomakiLDA10NoDevice_2-ip-app-8": 606,
          "KomakiLDA10NoDevice_2-ip-app-9": 685,
          "KomakiLDA10NoDevice_2-ip-channel-0": 802,
          "KomakiLDA10NoDevice_2-ip-channel-1": 773,
          "KomakiLDA10NoDevice_2-ip-channel-2": 769,
          "KomakiLDA10NoDevice_2-ip-channel-3": 704,
          "KomakiLDA10NoDevice_2-ip-channel-4": 685,
          "KomakiLDA10NoDevice_2-ip-channel-5": 799,
          "KomakiLDA10NoDevice_2-ip-channel-6": 705,
          "KomakiLDA10NoDevice_2-ip-channel-7": 657,
          "KomakiLDA10NoDevice_2-ip-channel-8": 769,
          "KomakiLDA10NoDevice_2-ip-channel-9": 775,
          "KomakiLDA10NoDevice_2-os-ip-0": 156,
          "KomakiLDA10NoDevice_2-os-ip-1": 140,
          "KomakiLDA10NoDevice_2-os-ip-2": 140,
          "KomakiLDA10NoDevice_2-os-ip-3": 171,
          "KomakiLDA10NoDevice_2-os-ip-4": 100,
          "KomakiLDA10NoDevice_2-os-ip-5": 109,
          "KomakiLDA10NoDevice_2-os-ip-6": 115,
          "KomakiLDA10NoDevice_2-os-ip-7": 110,
          "KomakiLDA10NoDevice_2-os-ip-8": 128,
          "KomakiLDA10NoDevice_2-os-ip-9": 92,
          "KomakiLDA10NoDevice_2-os-app-0": 200,
          "KomakiLDA10NoDevice_2-os-app-1": 47,
          "KomakiLDA10NoDevice_2-os-app-2": 66,
          "KomakiLDA10NoDevice_2-os-app-3": 163,
          "KomakiLDA10NoDevice_2-os-app-4": 4,
          "KomakiLDA10NoDevice_2-os-app-5": 120,
          "KomakiLDA10NoDevice_2-os-app-6": 41,
          "KomakiLDA10NoDevice_2-os-app-7": 132,
          "KomakiLDA10NoDevice_2-os-app-8": 118,
          "KomakiLDA10NoDevice_2-os-app-9": 122,
          "KomakiLDA10NoDevice_2-os-channel-0": 185,
          "KomakiLDA10NoDevice_2-os-channel-1": 163,
          "KomakiLDA10NoDevice_2-os-channel-2": 71,
          "KomakiLDA10NoDevice_2-os-channel-3": 90,
          "KomakiLDA10NoDevice_2-os-channel-4": 170,
          "KomakiLDA10NoDevice_2-os-channel-5": 214,
          "KomakiLDA10NoDevice_2-os-channel-6": 191,
          "KomakiLDA10NoDevice_2-os-channel-7": 169,
          "KomakiLDA10NoDevice_2-os-channel-8": 126,
          "KomakiLDA10NoDevice_2-os-channel-9": 97,
          "KomakiLDA10NoDevice_2-channel-app-0": 315,
          "KomakiLDA10NoDevice_2-channel-app-1": 97,
          "KomakiLDA10NoDevice_2-channel-app-2": 78,
          "KomakiLDA10NoDevice_2-channel-app-3": 150,
          "KomakiLDA10NoDevice_2-channel-app-4": 116,
          "KomakiLDA10NoDevice_2-channel-app-5": 84,
          "KomakiLDA10NoDevice_2-channel-app-6": 136,
          "KomakiLDA10NoDevice_2-channel-app-7": 142,
          "KomakiLDA10NoDevice_2-channel-app-8": 187,
          "KomakiLDA10NoDevice_2-channel-app-9": 152,
          "KomakiNMF5NoDevice-ip-app-0": 421,
          "KomakiNMF5NoDevice-ip-app-1": 707,
          "KomakiNMF5NoDevice-ip-app-2": 492,
          "KomakiNMF5NoDevice-ip-app-3": 439,
          "KomakiNMF5NoDevice-ip-app-4": 421,
          "KomakiNMF5NoDevice-ip-os-0": 573,
          "KomakiNMF5NoDevice-ip-os-1": 511,
          "KomakiNMF5NoDevice-ip-os-2": 550,
          "KomakiNMF5NoDevice-ip-os-3": 530,
          "KomakiNMF5NoDevice-ip-os-4": 509,
          "KomakiNMF5NoDevice-ip-channel-0": 479,
          "KomakiNMF5NoDevice-ip-channel-1": 795,
          "KomakiNMF5NoDevice-ip-channel-2": 442,
          "KomakiNMF5NoDevice-ip-channel-3": 585,
          "KomakiNMF5NoDevice-ip-channel-4": 514,
          "KomakiNMF5NoDevice-app-ip-0": 83,
          "KomakiNMF5NoDevice-app-ip-1": 86,
          "KomakiNMF5NoDevice-app-ip-2": 79,
          "KomakiNMF5NoDevice-app-ip-3": 78,
          "KomakiNMF5NoDevice-app-ip-4": 44,
          "KomakiNMF5NoDevice-app-os-0": 31,
          "KomakiNMF5NoDevice-app-os-1": 66,
          "KomakiNMF5NoDevice-app-os-2": 62,
          "KomakiNMF5NoDevice-app-os-3": 25,
          "KomakiNMF5NoDevice-app-os-4": 26,
          "KomakiNMF5NoDevice-app-channel-0": 72,
          "KomakiNMF5NoDevice-app-channel-1": 71,
          "KomakiNMF5NoDevice-app-channel-2": 94,
          "KomakiNMF5NoDevice-app-channel-3": 76,
          "KomakiNMF5NoDevice-app-channel-4": 55,
          "KomakiNMF5NoDevice-os-ip-0": 102,
          "KomakiNMF5NoDevice-os-ip-1": 84,
          "KomakiNMF5NoDevice-os-ip-2": 85,
          "KomakiNMF5NoDevice-os-ip-3": 98,
          "KomakiNMF5NoDevice-os-ip-4": 74,
          "KomakiNMF5NoDevice-os-app-0": 52,
          "KomakiNMF5NoDevice-os-app-1": 0,
          "KomakiNMF5NoDevice-os-app-2": 58,
          "KomakiNMF5NoDevice-os-app-3": 101,
          "KomakiNMF5NoDevice-os-app-4": 59,
          "KomakiNMF5NoDevice-os-channel-0": 151,
          "KomakiNMF5NoDevice-os-channel-1": 95,
          "KomakiNMF5NoDevice-os-channel-2": 151,
          "KomakiNMF5NoDevice-os-channel-3": 144,
          "KomakiNMF5NoDevice-os-channel-4": 118,
          "KomakiNMF5NoDevice-channel-ip-0": 172,
          "KomakiNMF5NoDevice-channel-ip-1": 143,
          "KomakiNMF5NoDevice-channel-ip-2": 124,
          "KomakiNMF5NoDevice-channel-ip-3": 179,
          "KomakiNMF5NoDevice-channel-ip-4": 150,
          "KomakiNMF5NoDevice-channel-app-0": 78,
          "KomakiNMF5NoDevice-channel-app-1": 24,
          "KomakiNMF5NoDevice-channel-app-2": 80,
          "KomakiNMF5NoDevice-channel-app-3": 56,
          "KomakiNMF5NoDevice-channel-app-4": 100,
          "KomakiNMF5NoDevice-channel-os-0": 153,
          "KomakiNMF5NoDevice-channel-os-1": 38,
          "KomakiNMF5NoDevice-channel-os-2": 189,
          "KomakiNMF5NoDevice-channel-os-3": 77,
          "KomakiNMF5NoDevice-channel-os-4": 198,
          "KomakiPCA5NoDevice-ip-app-0": 590,
          "KomakiPCA5NoDevice-ip-app-1": 541,
          "KomakiPCA5NoDevice-ip-app-2": 521,
          "KomakiPCA5NoDevice-ip-app-3": 402,
          "KomakiPCA5NoDevice-ip-app-4": 567,
          "KomakiPCA5NoDevice-ip-os-0": 787,
          "KomakiPCA5NoDevice-ip-os-1": 452,
          "KomakiPCA5NoDevice-ip-os-2": 524,
          "KomakiPCA5NoDevice-ip-os-3": 492,
          "KomakiPCA5NoDevice-ip-os-4": 572,
          "KomakiPCA5NoDevice-ip-channel-0": 752,
          "KomakiPCA5NoDevice-ip-channel-1": 591,
          "KomakiPCA5NoDevice-ip-channel-2": 551,
          "KomakiPCA5NoDevice-ip-channel-3": 595,
          "KomakiPCA5NoDevice-ip-channel-4": 476,
          "KomakiPCA5NoDevice-app-ip-0": 80,
          "KomakiPCA5NoDevice-app-ip-1": 63,
          "KomakiPCA5NoDevice-app-ip-2": 82,
          "KomakiPCA5NoDevice-app-ip-3": 66,
          "KomakiPCA5NoDevice-app-ip-4": 47,
          "KomakiPCA5NoDevice-app-os-0": 91,
          "KomakiPCA5NoDevice-app-os-1": 56,
          "KomakiPCA5NoDevice-app-os-2": 73,
          "KomakiPCA5NoDevice-app-os-3": 61,
          "KomakiPCA5NoDevice-app-os-4": 66,
          "KomakiPCA5NoDevice-app-channel-0": 91,
          "KomakiPCA5NoDevice-app-channel-1": 88,
          "KomakiPCA5NoDevice-app-channel-2": 82,
          "KomakiPCA5NoDevice-app-channel-3": 80,
          "KomakiPCA5NoDevice-app-channel-4": 85,
          "KomakiPCA5NoDevice-os-ip-0": 33,
          "KomakiPCA5NoDevice-os-ip-1": 75,
          "KomakiPCA5NoDevice-os-ip-2": 132,
          "KomakiPCA5NoDevice-os-ip-3": 130,
          "KomakiPCA5NoDevice-os-ip-4": 104,
          "KomakiPCA5NoDevice-os-app-0": 64,
          "KomakiPCA5NoDevice-os-app-1": 79,
          "KomakiPCA5NoDevice-os-app-2": 85,
          "KomakiPCA5NoDevice-os-app-3": 84,
          "KomakiPCA5NoDevice-os-app-4": 98,
          "KomakiPCA5NoDevice-os-channel-0": 111,
          "KomakiPCA5NoDevice-os-channel-1": 137,
          "KomakiPCA5NoDevice-os-channel-2": 62,
          "KomakiPCA5NoDevice-os-channel-3": 73,
          "KomakiPCA5NoDevice-os-channel-4": 84,
          "KomakiPCA5NoDevice-channel-ip-0": 193,
          "KomakiPCA5NoDevice-channel-ip-1": 192,
          "KomakiPCA5NoDevice-channel-ip-2": 131,
          "KomakiPCA5NoDevice-channel-ip-3": 147,
          "KomakiPCA5NoDevice-channel-ip-4": 198,
          "KomakiPCA5NoDevice-channel-app-0": 159,
          "KomakiPCA5NoDevice-channel-app-1": 90,
          "KomakiPCA5NoDevice-channel-app-2": 107,
          "KomakiPCA5NoDevice-channel-app-3": 111,
          "KomakiPCA5NoDevice-channel-app-4": 118,
          "KomakiPCA5NoDevice-channel-os-0": 168,
          "KomakiPCA5NoDevice-channel-os-1": 147,
          "KomakiPCA5NoDevice-channel-os-2": 109,
          "KomakiPCA5NoDevice-channel-os-3": 142,
          "KomakiPCA5NoDevice-channel-os-4": 123
        }
      },
      {
        "train_auc": 0.995208863740142,
        "valid_auc": 0.9847953229734445,
        "best_iteration": 703,
        "train_time": 286.52714109420776,
        "feature_importance": {
          "app": 3225,
          "hour": 3407,
          "n_channels": 825,
          "ip_app_count": 879,
          "ip_app_os_count": 1021,
          "FutureClickCount_600-ip": 584,
          "FutureClickCount_600-app": 578,
          "FutureClickCount_600-ip-app": 202,
          "FutureClickCount_600-dev": 264,
          "FutureClickCount_600-ip-dev": 553,
          "FutureClickCount_600-app-dev": 436,
          "FutureClickCount_600-ip-app-dev": 178,
          "FutureClickCount_600-os": 304,
          "FutureClickCount_600-ip-os": 427,
          "FutureClickCount_600-app-os": 543,
          "FutureClickCount_600-ip-app-os": 215,
          "FutureClickCount_600-dev-os": 626,
          "FutureClickCount_600-ip-dev-os": 333,
          "FutureClickCount_600-app-dev-os": 631,
          "FutureClickCount_600-ip-app-dev-os": 282,
          "FutureClickCount_600-cha": 495,
          "FutureClickCount_600-ip-cha": 109,
          "FutureClickCount_600-app-cha": 747,
          "FutureClickCount_600-ip-app-cha": 119,
          "FutureClickCount_600-dev-cha": 418,
          "FutureClickCount_600-ip-dev-cha": 115,
          "FutureClickCount_600-app-dev-cha": 461,
          "FutureClickCount_600-ip-app-dev-cha": 90,
          "FutureClickCount_600-os-cha": 366,
          "FutureClickCount_600-ip-os-cha": 73,
          "FutureClickCount_600-app-os-cha": 436,
          "FutureClickCount_600-ip-app-os-cha": 89,
          "FutureClickCount_600-dev-os-cha": 353,
          "FutureClickCount_600-ip-dev-os-cha": 64,
          "FutureClickCount_600-app-dev-os-cha": 393,
          "FutureClickCount_600-ip-app-dev-os-cha": 85,
          "FutureClickCount_4800-ip": 770,
          "FutureClickCount_4800-app": 388,
          "FutureClickCount_4800-ip-app": 334,
          "FutureClickCount_4800-dev": 77,
          "FutureClickCount_4800-ip-dev": 1027,
          "FutureClickCount_4800-app-dev": 234,
          "FutureClickCount_4800-ip-app-dev": 276,
          "FutureClickCount_4800-os": 158,
          "FutureClickCount_4800-ip-os": 601,
          "FutureClickCount_4800-app-os": 413,
          "FutureClickCount_4800-ip-app-os": 268,
          "FutureClickCount_4800-dev-os": 251,
          "FutureClickCount_4800-ip-dev-os": 678,
          "FutureClickCount_4800-app-dev-os": 478,
          "FutureClickCount_4800-ip-app-dev-os": 314,
          "FutureClickCount_4800-cha": 350,
          "FutureClickCount_4800-ip-cha": 229,
          "FutureClickCount_4800-app-cha": 494,
          "FutureClickCount_4800-ip-app-cha": 164,
          "FutureClickCount_4800-dev-cha": 264,
          "FutureClickCount_4800-ip-dev-cha": 196,
          "FutureClickCount_4800-app-dev-cha": 390,
          "FutureClickCount_4800-ip-app-dev-cha": 149,
          "FutureClickCount_4800-os-cha": 345,
          "FutureClickCount_4800-ip-os-cha": 107,
          "FutureClickCount_4800-app-os-cha": 374,
          "FutureClickCount_4800-ip-app-os-cha": 105,
          "FutureClickCount_4800-dev-os-cha": 335,
          "FutureClickCount_4800-ip-dev-os-cha": 92,
          "FutureClickCount_4800-app-dev-os-cha": 412,
          "FutureClickCount_4800-ip-app-dev-os-cha": 112,
          "NextClickTimeDelta-ip": 787,
          "NextClickTimeDelta-app": 106,
          "NextClickTimeDelta-ip-app": 935,
          "NextClickTimeDelta-dev": 56,
          "NextClickTimeDelta-ip-dev": 542,
          "NextClickTimeDelta-app-dev": 76,
          "NextClickTimeDelta-ip-app-dev": 727,
          "NextClickTimeDelta-os": 73,
          "NextClickTimeDelta-ip-os": 629,
          "NextClickTimeDelta-app-os": 212,
          "NextClickTimeDelta-ip-app-os": 1344,
          "NextClickTimeDelta-dev-os": 142,
          "NextClickTimeDelta-ip-dev-os": 426,
          "NextClickTimeDelta-app-dev-os": 158,
          "NextClickTimeDelta-ip-app-dev-os": 2227,
          "NextClickTimeDelta-cha": 117,
          "NextClickTimeDelta-ip-cha": 516,
          "NextClickTimeDelta-app-cha": 161,
          "NextClickTimeDelta-ip-app-cha": 486,
          "NextClickTimeDelta-dev-cha": 100,
          "NextClickTimeDelta-ip-dev-cha": 385,
          "NextClickTimeDelta-app-dev-cha": 136,
          "NextClickTimeDelta-ip-app-dev-cha": 380,
          "NextClickTimeDelta-os-cha": 226,
          "NextClickTimeDelta-ip-os-cha": 423,
          "NextClickTimeDelta-app-os-cha": 306,
          "NextClickTimeDelta-ip-app-os-cha": 532,
          "NextClickTimeDelta-dev-os-cha": 183,
          "NextClickTimeDelta-ip-dev-os-cha": 370,
          "NextClickTimeDelta-app-dev-os-cha": 224,
          "NextClickTimeDelta-ip-app-dev-os-cha": 546,
          "PrevClickTimeDelta-ip": 590,
          "PrevClickTimeDelta-app": 96,
          "PrevClickTimeDelta-ip-app": 560,
          "PrevClickTimeDelta-dev": 61,
          "PrevClickTimeDelta-ip-dev": 389,
          "PrevClickTimeDelta-app-dev": 89,
          "PrevClickTimeDelta-ip-app-dev": 330,
          "PrevClickTimeDelta-os": 58,
          "PrevClickTimeDelta-ip-os": 513,
          "PrevClickTimeDelta-app-os": 180,
          "PrevClickTimeDelta-ip-app-os": 403,
          "PrevClickTimeDelta-dev-os": 62,
          "PrevClickTimeDelta-ip-dev-os": 332,
          "PrevClickTimeDelta-app-dev-os": 173,
          "PrevClickTimeDelta-ip-app-dev-os": 367,
          "PrevClickTimeDelta-cha": 116,
          "PrevClickTimeDelta-ip-cha": 437,
          "PrevClickTimeDelta-app-cha": 158,
          "PrevClickTimeDelta-ip-app-cha": 321,
          "PrevClickTimeDelta-dev-cha": 145,
          "PrevClickTimeDelta-ip-dev-cha": 268,
          "PrevClickTimeDelta-app-dev-cha": 118,
          "PrevClickTimeDelta-ip-app-dev-cha": 260,
          "PrevClickTimeDelta-os-cha": 274,
          "PrevClickTimeDelta-ip-os-cha": 269,
          "PrevClickTimeDelta-app-os-cha": 236,
          "PrevClickTimeDelta-ip-app-os-cha": 248,
          "PrevClickTimeDelta-dev-os-cha": 204,
          "PrevClickTimeDelta-ip-dev-os-cha": 208,
          "PrevClickTimeDelta-app-dev-os-cha": 218,
          "PrevClickTimeDelta-ip-app-dev-os-cha": 165,
          "AverageAttributedRatio-ip": 397,
          "AverageAttributedRatio-app": 360,
          "AverageAttributedRatio-ip-app": 213,
          "AverageAttributedRatio-dev": 543,
          "AverageAttributedRatio-ip-dev": 339,
          "AverageAttributedRatio-app-dev": 216,
          "AverageAttributedRatio-ip-app-dev": 219,
          "AverageAttributedRatio-os": 325,
          "AverageAttributedRatio-ip-os": 223,
          "AverageAttributedRatio-app-os": 279,
          "AverageAttributedRatio-ip-app-os": 72,
          "AverageAttributedRatio-dev-os": 293,
          "AverageAttributedRatio-ip-dev-os": 238,
          "AverageAttributedRatio-app-dev-os": 262,
          "AverageAttributedRatio-ip-app-dev-os": 53,
          "AverageAttributedRatio-cha": 292,
          "AverageAttributedRatio-ip-cha": 94,
          "AverageAttributedRatio-app-cha": 253,
          "AverageAttributedRatio-ip-app-cha": 71,
          "AverageAttributedRatio-dev-cha": 228,
          "AverageAttributedRatio-ip-dev-cha": 82,
          "AverageAttributedRatio-app-dev-cha": 217,
          "AverageAttributedRatio-ip-app-dev-cha": 67,
          "AverageAttributedRatio-os-cha": 290,
          "AverageAttributedRatio-ip-os-cha": 47,
          "AverageAttributedRatio-app-os-cha": 305,
          "AverageAttributedRatio-ip-app-os-cha": 57,
          "AverageAttributedRatio-dev-os-cha": 234,
          "AverageAttributedRatio-ip-dev-os-cha": 37,
          "AverageAttributedRatio-app-dev-os-cha": 246,
          "AverageAttributedRatio-ip-app-dev-os-cha": 32,
          "KomakiLDA10NoDevice_1-ip-os-0": 877,
          "KomakiLDA10NoDevice_1-ip-os-1": 664,
          "KomakiLDA10NoDevice_1-ip-os-2": 893,
          "KomakiLDA10NoDevice_1-ip-os-3": 892,
          "KomakiLDA10NoDevice_1-ip-os-4": 833,
          "KomakiLDA10NoDevice_1-ip-os-5": 952,
          "KomakiLDA10NoDevice_1-ip-os-6": 880,
          "KomakiLDA10NoDevice_1-ip-os-7": 731,
          "KomakiLDA10NoDevice_1-ip-os-8": 732,
          "KomakiLDA10NoDevice_1-ip-os-9": 922,
          "KomakiLDA10NoDevice_1-app-ip-0": 209,
          "KomakiLDA10NoDevice_1-app-ip-1": 207,
          "KomakiLDA10NoDevice_1-app-ip-2": 138,
          "KomakiLDA10NoDevice_1-app-ip-3": 168,
          "KomakiLDA10NoDevice_1-app-ip-4": 92,
          "KomakiLDA10NoDevice_1-app-ip-5": 85,
          "KomakiLDA10NoDevice_1-app-ip-6": 202,
          "KomakiLDA10NoDevice_1-app-ip-7": 144,
          "KomakiLDA10NoDevice_1-app-ip-8": 162,
          "KomakiLDA10NoDevice_1-app-ip-9": 118,
          "KomakiLDA10NoDevice_1-app-os-0": 190,
          "KomakiLDA10NoDevice_1-app-os-1": 120,
          "KomakiLDA10NoDevice_1-app-os-2": 117,
          "KomakiLDA10NoDevice_1-app-os-3": 173,
          "KomakiLDA10NoDevice_1-app-os-4": 136,
          "KomakiLDA10NoDevice_1-app-os-5": 124,
          "KomakiLDA10NoDevice_1-app-os-6": 90,
          "KomakiLDA10NoDevice_1-app-os-7": 89,
          "KomakiLDA10NoDevice_1-app-os-8": 113,
          "KomakiLDA10NoDevice_1-app-os-9": 91,
          "KomakiLDA10NoDevice_1-app-channel-0": 73,
          "KomakiLDA10NoDevice_1-app-channel-1": 123,
          "KomakiLDA10NoDevice_1-app-channel-2": 157,
          "KomakiLDA10NoDevice_1-app-channel-3": 64,
          "KomakiLDA10NoDevice_1-app-channel-4": 55,
          "KomakiLDA10NoDevice_1-app-channel-5": 63,
          "KomakiLDA10NoDevice_1-app-channel-6": 126,
          "KomakiLDA10NoDevice_1-app-channel-7": 94,
          "KomakiLDA10NoDevice_1-app-channel-8": 64,
          "KomakiLDA10NoDevice_1-app-channel-9": 86,
          "KomakiLDA10NoDevice_1-channel-ip-0": 285,
          "KomakiLDA10NoDevice_1-channel-ip-1": 262,
          "KomakiLDA10NoDevice_1-channel-ip-2": 257,
          "KomakiLDA10NoDevice_1-channel-ip-3": 258,
          "KomakiLDA10NoDevice_1-channel-ip-4": 234,
          "KomakiLDA10NoDevice_1-channel-ip-5": 146,
          "KomakiLDA10NoDevice_1-channel-ip-6": 228,
          "KomakiLDA10NoDevice_1-channel-ip-7": 212,
          "KomakiLDA10NoDevice_1-channel-ip-8": 218,
          "KomakiLDA10NoDevice_1-channel-ip-9": 44,
          "KomakiLDA10NoDevice_1-channel-os-0": 216,
          "KomakiLDA10NoDevice_1-channel-os-1": 159,
          "KomakiLDA10NoDevice_1-channel-os-2": 38,
          "KomakiLDA10NoDevice_1-channel-os-3": 229,
          "KomakiLDA10NoDevice_1-channel-os-4": 221,
          "KomakiLDA10NoDevice_1-channel-os-5": 292,
          "KomakiLDA10NoDevice_1-channel-os-6": 204,
          "KomakiLDA10NoDevice_1-channel-os-7": 175,
          "KomakiLDA10NoDevice_1-channel-os-8": 72,
          "KomakiLDA10NoDevice_1-channel-os-9": 56,
          "KomakiLDA10NoDevice_2-ip-app-0": 1099,
          "KomakiLDA10NoDevice_2-ip-app-1": 792,
          "KomakiLDA10NoDevice_2-ip-app-2": 1009,
          "KomakiLDA10NoDevice_2-ip-app-3": 1143,
          "KomakiLDA10NoDevice_2-ip-app-4": 1049,
          "KomakiLDA10NoDevice_2-ip-app-5": 641,
          "KomakiLDA10NoDevice_2-ip-app-6": 888,
          "KomakiLDA10NoDevice_2-ip-app-7": 999,
          "KomakiLDA10NoDevice_2-ip-app-8": 844,
          "KomakiLDA10NoDevice_2-ip-app-9": 845,
          "KomakiLDA10NoDevice_2-ip-channel-0": 914,
          "KomakiLDA10NoDevice_2-ip-channel-1": 992,
          "KomakiLDA10NoDevice_2-ip-channel-2": 944,
          "KomakiLDA10NoDevice_2-ip-channel-3": 922,
          "KomakiLDA10NoDevice_2-ip-channel-4": 831,
          "KomakiLDA10NoDevice_2-ip-channel-5": 980,
          "KomakiLDA10NoDevice_2-ip-channel-6": 900,
          "KomakiLDA10NoDevice_2-ip-channel-7": 907,
          "KomakiLDA10NoDevice_2-ip-channel-8": 922,
          "KomakiLDA10NoDevice_2-ip-channel-9": 949,
          "KomakiLDA10NoDevice_2-os-ip-0": 217,
          "KomakiLDA10NoDevice_2-os-ip-1": 188,
          "KomakiLDA10NoDevice_2-os-ip-2": 212,
          "KomakiLDA10NoDevice_2-os-ip-3": 183,
          "KomakiLDA10NoDevice_2-os-ip-4": 148,
          "KomakiLDA10NoDevice_2-os-ip-5": 128,
          "KomakiLDA10NoDevice_2-os-ip-6": 158,
          "KomakiLDA10NoDevice_2-os-ip-7": 146,
          "KomakiLDA10NoDevice_2-os-ip-8": 172,
          "KomakiLDA10NoDevice_2-os-ip-9": 128,
          "KomakiLDA10NoDevice_2-os-app-0": 251,
          "KomakiLDA10NoDevice_2-os-app-1": 56,
          "KomakiLDA10NoDevice_2-os-app-2": 69,
          "KomakiLDA10NoDevice_2-os-app-3": 187,
          "KomakiLDA10NoDevice_2-os-app-4": 12,
          "KomakiLDA10NoDevice_2-os-app-5": 155,
          "KomakiLDA10NoDevice_2-os-app-6": 52,
          "KomakiLDA10NoDevice_2-os-app-7": 158,
          "KomakiLDA10NoDevice_2-os-app-8": 93,
          "KomakiLDA10NoDevice_2-os-app-9": 147,
          "KomakiLDA10NoDevice_2-os-channel-0": 225,
          "KomakiLDA10NoDevice_2-os-channel-1": 186,
          "KomakiLDA10NoDevice_2-os-channel-2": 82,
          "KomakiLDA10NoDevice_2-os-channel-3": 106,
          "KomakiLDA10NoDevice_2-os-channel-4": 170,
          "KomakiLDA10NoDevice_2-os-channel-5": 187,
          "KomakiLDA10NoDevice_2-os-channel-6": 223,
          "KomakiLDA10NoDevice_2-os-channel-7": 222,
          "KomakiLDA10NoDevice_2-os-channel-8": 128,
          "KomakiLDA10NoDevice_2-os-channel-9": 112,
          "KomakiLDA10NoDevice_2-channel-app-0": 330,
          "KomakiLDA10NoDevice_2-channel-app-1": 109,
          "KomakiLDA10NoDevice_2-channel-app-2": 113,
          "KomakiLDA10NoDevice_2-channel-app-3": 199,
          "KomakiLDA10NoDevice_2-channel-app-4": 150,
          "KomakiLDA10NoDevice_2-channel-app-5": 116,
          "KomakiLDA10NoDevice_2-channel-app-6": 142,
          "KomakiLDA10NoDevice_2-channel-app-7": 142,
          "KomakiLDA10NoDevice_2-channel-app-8": 218,
          "KomakiLDA10NoDevice_2-channel-app-9": 185,
          "KomakiNMF5NoDevice-ip-app-0": 623,
          "KomakiNMF5NoDevice-ip-app-1": 889,
          "KomakiNMF5NoDevice-ip-app-2": 670,
          "KomakiNMF5NoDevice-ip-app-3": 578,
          "KomakiNMF5NoDevice-ip-app-4": 539,
          "KomakiNMF5NoDevice-ip-os-0": 669,
          "KomakiNMF5NoDevice-ip-os-1": 675,
          "KomakiNMF5NoDevice-ip-os-2": 671,
          "KomakiNMF5NoDevice-ip-os-3": 660,
          "KomakiNMF5NoDevice-ip-os-4": 688,
          "KomakiNMF5NoDevice-ip-channel-0": 631,
          "KomakiNMF5NoDevice-ip-channel-1": 958,
          "KomakiNMF5NoDevice-ip-channel-2": 635,
          "KomakiNMF5NoDevice-ip-channel-3": 729,
          "KomakiNMF5NoDevice-ip-channel-4": 644,
          "KomakiNMF5NoDevice-app-ip-0": 106,
          "KomakiNMF5NoDevice-app-ip-1": 123,
          "KomakiNMF5NoDevice-app-ip-2": 82,
          "KomakiNMF5NoDevice-app-ip-3": 92,
          "KomakiNMF5NoDevice-app-ip-4": 46,
          "KomakiNMF5NoDevice-app-os-0": 25,
          "KomakiNMF5NoDevice-app-os-1": 67,
          "KomakiNMF5NoDevice-app-os-2": 61,
          "KomakiNMF5NoDevice-app-os-3": 22,
          "KomakiNMF5NoDevice-app-os-4": 31,
          "KomakiNMF5NoDevice-app-channel-0": 74,
          "KomakiNMF5NoDevice-app-channel-1": 89,
          "KomakiNMF5NoDevice-app-channel-2": 123,
          "KomakiNMF5NoDevice-app-channel-3": 87,
          "KomakiNMF5NoDevice-app-channel-4": 72,
          "KomakiNMF5NoDevice-os-ip-0": 91,
          "KomakiNMF5NoDevice-os-ip-1": 147,
          "KomakiNMF5NoDevice-os-ip-2": 96,
          "KomakiNMF5NoDevice-os-ip-3": 130,
          "KomakiNMF5NoDevice-os-ip-4": 109,
          "KomakiNMF5NoDevice-os-app-0": 59,
          "KomakiNMF5NoDevice-os-app-1": 3,
          "KomakiNMF5NoDevice-os-app-2": 89,
          "KomakiNMF5NoDevice-os-app-3": 133,
          "KomakiNMF5NoDevice-os-app-4": 75,
          "KomakiNMF5NoDevice-os-channel-0": 199,
          "KomakiNMF5NoDevice-os-channel-1": 116,
          "KomakiNMF5NoDevice-os-channel-2": 206,
          "KomakiNMF5NoDevice-os-channel-3": 131,
          "KomakiNMF5NoDevice-os-channel-4": 157,
          "KomakiNMF5NoDevice-channel-ip-0": 236,
          "KomakiNMF5NoDevice-channel-ip-1": 175,
          "KomakiNMF5NoDevice-channel-ip-2": 188,
          "KomakiNMF5NoDevice-channel-ip-3": 229,
          "KomakiNMF5NoDevice-channel-ip-4": 196,
          "KomakiNMF5NoDevice-channel-app-0": 102,
          "KomakiNMF5NoDevice-channel-app-1": 32,
          "KomakiNMF5NoDevice-channel-app-2": 114,
          "KomakiNMF5NoDevice-channel-app-3": 76,
          "KomakiNMF5NoDevice-channel-app-4": 119,
          "KomakiNMF5NoDevice-channel-os-0": 227,
          "KomakiNMF5NoDevice-channel-os-1": 36,
          "KomakiNMF5NoDevice-channel-os-2": 226,
          "KomakiNMF5NoDevice-channel-os-3": 103,
          "KomakiNMF5NoDevice-channel-os-4": 235,
          "KomakiPCA5NoDevice-ip-app-0": 802,
          "KomakiPCA5NoDevice-ip-app-1": 750,
          "KomakiPCA5NoDevice-ip-app-2": 650,
          "KomakiPCA5NoDevice-ip-app-3": 513,
          "KomakiPCA5NoDevice-ip-app-4": 758,
          "KomakiPCA5NoDevice-ip-os-0": 923,
          "KomakiPCA5NoDevice-ip-os-1": 576,
          "KomakiPCA5NoDevice-ip-os-2": 745,
          "KomakiPCA5NoDevice-ip-os-3": 705,
          "KomakiPCA5NoDevice-ip-os-4": 852,
          "KomakiPCA5NoDevice-ip-channel-0": 1045,
          "KomakiPCA5NoDevice-ip-channel-1": 902,
          "KomakiPCA5NoDevice-ip-channel-2": 697,
          "KomakiPCA5NoDevice-ip-channel-3": 830,
          "KomakiPCA5NoDevice-ip-channel-4": 684,
          "KomakiPCA5NoDevice-app-ip-0": 79,
          "KomakiPCA5NoDevice-app-ip-1": 81,
          "KomakiPCA5NoDevice-app-ip-2": 76,
          "KomakiPCA5NoDevice-app-ip-3": 100,
          "KomakiPCA5NoDevice-app-ip-4": 62,
          "KomakiPCA5NoDevice-app-os-0": 91,
          "KomakiPCA5NoDevice-app-os-1": 77,
          "KomakiPCA5NoDevice-app-os-2": 86,
          "KomakiPCA5NoDevice-app-os-3": 89,
          "KomakiPCA5NoDevice-app-os-4": 72,
          "KomakiPCA5NoDevice-app-channel-0": 93,
          "KomakiPCA5NoDevice-app-channel-1": 89,
          "KomakiPCA5NoDevice-app-channel-2": 72,
          "KomakiPCA5NoDevice-app-channel-3": 93,
          "KomakiPCA5NoDevice-app-channel-4": 101,
          "KomakiPCA5NoDevice-os-ip-0": 63,
          "KomakiPCA5NoDevice-os-ip-1": 115,
          "KomakiPCA5NoDevice-os-ip-2": 116,
          "KomakiPCA5NoDevice-os-ip-3": 166,
          "KomakiPCA5NoDevice-os-ip-4": 133,
          "KomakiPCA5NoDevice-os-app-0": 98,
          "KomakiPCA5NoDevice-os-app-1": 118,
          "KomakiPCA5NoDevice-os-app-2": 91,
          "KomakiPCA5NoDevice-os-app-3": 121,
          "KomakiPCA5NoDevice-os-app-4": 186,
          "KomakiPCA5NoDevice-os-channel-0": 125,
          "KomakiPCA5NoDevice-os-channel-1": 169,
          "KomakiPCA5NoDevice-os-channel-2": 95,
          "KomakiPCA5NoDevice-os-channel-3": 104,
          "KomakiPCA5NoDevice-os-channel-4": 102,
          "KomakiPCA5NoDevice-channel-ip-0": 224,
          "KomakiPCA5NoDevice-channel-ip-1": 216,
          "KomakiPCA5NoDevice-channel-ip-2": 193,
          "KomakiPCA5NoDevice-channel-ip-3": 186,
          "KomakiPCA5NoDevice-channel-ip-4": 247,
          "KomakiPCA5NoDevice-channel-app-0": 208,
          "KomakiPCA5NoDevice-channel-app-1": 145,
          "KomakiPCA5NoDevice-channel-app-2": 177,
          "KomakiPCA5NoDevice-channel-app-3": 140,
          "KomakiPCA5NoDevice-channel-app-4": 146,
          "KomakiPCA5NoDevice-channel-os-0": 223,
          "KomakiPCA5NoDevice-channel-os-1": 209,
          "KomakiPCA5NoDevice-channel-os-2": 149,
          "KomakiPCA5NoDevice-channel-os-3": 150,
          "KomakiPCA5NoDevice-channel-os-4": 174
        }
      },
      {
        "train_auc": 0.9937920588918143,
        "valid_auc": 0.9848292912824973,
        "best_iteration": 548,
        "train_time": 237.23828148841858,
        "feature_importance": {
          "app": 2578,
          "hour": 2648,
          "n_channels": 698,
          "ip_app_count": 734,
          "ip_app_os_count": 886,
          "FutureClickCount_600-ip": 434,
          "FutureClickCount_600-app": 437,
          "FutureClickCount_600-ip-app": 143,
          "FutureClickCount_600-dev": 234,
          "FutureClickCount_600-ip-dev": 444,
          "FutureClickCount_600-app-dev": 316,
          "FutureClickCount_600-ip-app-dev": 141,
          "FutureClickCount_600-os": 245,
          "FutureClickCount_600-ip-os": 329,
          "FutureClickCount_600-app-os": 375,
          "FutureClickCount_600-ip-app-os": 213,
          "FutureClickCount_600-dev-os": 524,
          "FutureClickCount_600-ip-dev-os": 295,
          "FutureClickCount_600-app-dev-os": 526,
          "FutureClickCount_600-ip-app-dev-os": 246,
          "FutureClickCount_600-cha": 460,
          "FutureClickCount_600-ip-cha": 113,
          "FutureClickCount_600-app-cha": 575,
          "FutureClickCount_600-ip-app-cha": 63,
          "FutureClickCount_600-dev-cha": 314,
          "FutureClickCount_600-ip-dev-cha": 90,
          "FutureClickCount_600-app-dev-cha": 326,
          "FutureClickCount_600-ip-app-dev-cha": 72,
          "FutureClickCount_600-os-cha": 302,
          "FutureClickCount_600-ip-os-cha": 67,
          "FutureClickCount_600-app-os-cha": 300,
          "FutureClickCount_600-ip-app-os-cha": 53,
          "FutureClickCount_600-dev-os-cha": 283,
          "FutureClickCount_600-ip-dev-os-cha": 43,
          "FutureClickCount_600-app-dev-os-cha": 260,
          "FutureClickCount_600-ip-app-dev-os-cha": 48,
          "FutureClickCount_4800-ip": 672,
          "FutureClickCount_4800-app": 226,
          "FutureClickCount_4800-ip-app": 253,
          "FutureClickCount_4800-dev": 56,
          "FutureClickCount_4800-ip-dev": 935,
          "FutureClickCount_4800-app-dev": 153,
          "FutureClickCount_4800-ip-app-dev": 204,
          "FutureClickCount_4800-os": 123,
          "FutureClickCount_4800-ip-os": 503,
          "FutureClickCount_4800-app-os": 320,
          "FutureClickCount_4800-ip-app-os": 190,
          "FutureClickCount_4800-dev-os": 191,
          "FutureClickCount_4800-ip-dev-os": 627,
          "FutureClickCount_4800-app-dev-os": 405,
          "FutureClickCount_4800-ip-app-dev-os": 263,
          "FutureClickCount_4800-cha": 259,
          "FutureClickCount_4800-ip-cha": 157,
          "FutureClickCount_4800-app-cha": 458,
          "FutureClickCount_4800-ip-app-cha": 133,
          "FutureClickCount_4800-dev-cha": 200,
          "FutureClickCount_4800-ip-dev-cha": 117,
          "FutureClickCount_4800-app-dev-cha": 273,
          "FutureClickCount_4800-ip-app-dev-cha": 137,
          "FutureClickCount_4800-os-cha": 235,
          "FutureClickCount_4800-ip-os-cha": 90,
          "FutureClickCount_4800-app-os-cha": 289,
          "FutureClickCount_4800-ip-app-os-cha": 91,
          "FutureClickCount_4800-dev-os-cha": 250,
          "FutureClickCount_4800-ip-dev-os-cha": 72,
          "FutureClickCount_4800-app-dev-os-cha": 313,
          "FutureClickCount_4800-ip-app-dev-os-cha": 62,
          "NextClickTimeDelta-ip": 601,
          "NextClickTimeDelta-app": 77,
          "NextClickTimeDelta-ip-app": 656,
          "NextClickTimeDelta-dev": 45,
          "NextClickTimeDelta-ip-dev": 441,
          "NextClickTimeDelta-app-dev": 64,
          "NextClickTimeDelta-ip-app-dev": 507,
          "NextClickTimeDelta-os": 59,
          "NextClickTimeDelta-ip-os": 538,
          "NextClickTimeDelta-app-os": 191,
          "NextClickTimeDelta-ip-app-os": 1128,
          "NextClickTimeDelta-dev-os": 77,
          "NextClickTimeDelta-ip-dev-os": 368,
          "NextClickTimeDelta-app-dev-os": 130,
          "NextClickTimeDelta-ip-app-dev-os": 2053,
          "NextClickTimeDelta-cha": 106,
          "NextClickTimeDelta-ip-cha": 412,
          "NextClickTimeDelta-app-cha": 140,
          "NextClickTimeDelta-ip-app-cha": 333,
          "NextClickTimeDelta-dev-cha": 82,
          "NextClickTimeDelta-ip-dev-cha": 270,
          "NextClickTimeDelta-app-dev-cha": 111,
          "NextClickTimeDelta-ip-app-dev-cha": 256,
          "NextClickTimeDelta-os-cha": 207,
          "NextClickTimeDelta-ip-os-cha": 317,
          "NextClickTimeDelta-app-os-cha": 228,
          "NextClickTimeDelta-ip-app-os-cha": 402,
          "NextClickTimeDelta-dev-os-cha": 132,
          "NextClickTimeDelta-ip-dev-os-cha": 273,
          "NextClickTimeDelta-app-dev-os-cha": 164,
          "NextClickTimeDelta-ip-app-dev-os-cha": 446,
          "PrevClickTimeDelta-ip": 480,
          "PrevClickTimeDelta-app": 79,
          "PrevClickTimeDelta-ip-app": 335,
          "PrevClickTimeDelta-dev": 59,
          "PrevClickTimeDelta-ip-dev": 291,
          "PrevClickTimeDelta-app-dev": 80,
          "PrevClickTimeDelta-ip-app-dev": 235,
          "PrevClickTimeDelta-os": 89,
          "PrevClickTimeDelta-ip-os": 413,
          "PrevClickTimeDelta-app-os": 155,
          "PrevClickTimeDelta-ip-app-os": 284,
          "PrevClickTimeDelta-dev-os": 63,
          "PrevClickTimeDelta-ip-dev-os": 242,
          "PrevClickTimeDelta-app-dev-os": 127,
          "PrevClickTimeDelta-ip-app-dev-os": 256,
          "PrevClickTimeDelta-cha": 116,
          "PrevClickTimeDelta-ip-cha": 281,
          "PrevClickTimeDelta-app-cha": 164,
          "PrevClickTimeDelta-ip-app-cha": 227,
          "PrevClickTimeDelta-dev-cha": 82,
          "PrevClickTimeDelta-ip-dev-cha": 217,
          "PrevClickTimeDelta-app-dev-cha": 103,
          "PrevClickTimeDelta-ip-app-dev-cha": 164,
          "PrevClickTimeDelta-os-cha": 195,
          "PrevClickTimeDelta-ip-os-cha": 202,
          "PrevClickTimeDelta-app-os-cha": 190,
          "PrevClickTimeDelta-ip-app-os-cha": 179,
          "PrevClickTimeDelta-dev-os-cha": 130,
          "PrevClickTimeDelta-ip-dev-os-cha": 117,
          "PrevClickTimeDelta-app-dev-os-cha": 155,
          "PrevClickTimeDelta-ip-app-dev-os-cha": 126,
          "AverageAttributedRatio-ip": 321,
          "AverageAttributedRatio-app": 251,
          "AverageAttributedRatio-ip-app": 191,
          "AverageAttributedRatio-dev": 414,
          "AverageAttributedRatio-ip-dev": 271,
          "AverageAttributedRatio-app-dev": 183,
          "AverageAttributedRatio-ip-app-dev": 220,
          "AverageAttributedRatio-os": 290,
          "AverageAttributedRatio-ip-os": 192,
          "AverageAttributedRatio-app-os": 237,
          "AverageAttributedRatio-ip-app-os": 53,
          "AverageAttributedRatio-dev-os": 267,
          "AverageAttributedRatio-ip-dev-os": 174,
          "AverageAttributedRatio-app-dev-os": 235,
          "AverageAttributedRatio-ip-app-dev-os": 55,
          "AverageAttributedRatio-cha": 238,
          "AverageAttributedRatio-ip-cha": 72,
          "AverageAttributedRatio-app-cha": 185,
          "AverageAttributedRatio-ip-app-cha": 59,
          "AverageAttributedRatio-dev-cha": 163,
          "AverageAttributedRatio-ip-dev-cha": 78,
          "AverageAttributedRatio-app-dev-cha": 166,
          "AverageAttributedRatio-ip-app-dev-cha": 39,
          "AverageAttributedRatio-os-cha": 233,
          "AverageAttributedRatio-ip-os-cha": 34,
          "AverageAttributedRatio-app-os-cha": 225,
          "AverageAttributedRatio-ip-app-os-cha": 35,
          "AverageAttributedRatio-dev-os-cha": 218,
          "AverageAttributedRatio-ip-dev-os-cha": 24,
          "AverageAttributedRatio-app-dev-os-cha": 240,
          "AverageAttributedRatio-ip-app-dev-os-cha": 26,
          "KomakiLDA10NoDevice_1-ip-os-0": 587,
          "KomakiLDA10NoDevice_1-ip-os-1": 451,
          "KomakiLDA10NoDevice_1-ip-os-2": 703,
          "KomakiLDA10NoDevice_1-ip-os-3": 682,
          "KomakiLDA10NoDevice_1-ip-os-4": 586,
          "KomakiLDA10NoDevice_1-ip-os-5": 693,
          "KomakiLDA10NoDevice_1-ip-os-6": 707,
          "KomakiLDA10NoDevice_1-ip-os-7": 595,
          "KomakiLDA10NoDevice_1-ip-os-8": 467,
          "KomakiLDA10NoDevice_1-ip-os-9": 769,
          "KomakiLDA10NoDevice_1-app-ip-0": 167,
          "KomakiLDA10NoDevice_1-app-ip-1": 179,
          "KomakiLDA10NoDevice_1-app-ip-2": 150,
          "KomakiLDA10NoDevice_1-app-ip-3": 142,
          "KomakiLDA10NoDevice_1-app-ip-4": 88,
          "KomakiLDA10NoDevice_1-app-ip-5": 83,
          "KomakiLDA10NoDevice_1-app-ip-6": 181,
          "KomakiLDA10NoDevice_1-app-ip-7": 108,
          "KomakiLDA10NoDevice_1-app-ip-8": 106,
          "KomakiLDA10NoDevice_1-app-ip-9": 86,
          "KomakiLDA10NoDevice_1-app-os-0": 157,
          "KomakiLDA10NoDevice_1-app-os-1": 104,
          "KomakiLDA10NoDevice_1-app-os-2": 103,
          "KomakiLDA10NoDevice_1-app-os-3": 144,
          "KomakiLDA10NoDevice_1-app-os-4": 141,
          "KomakiLDA10NoDevice_1-app-os-5": 126,
          "KomakiLDA10NoDevice_1-app-os-6": 90,
          "KomakiLDA10NoDevice_1-app-os-7": 71,
          "KomakiLDA10NoDevice_1-app-os-8": 94,
          "KomakiLDA10NoDevice_1-app-os-9": 94,
          "KomakiLDA10NoDevice_1-app-channel-0": 53,
          "KomakiLDA10NoDevice_1-app-channel-1": 104,
          "KomakiLDA10NoDevice_1-app-channel-2": 118,
          "KomakiLDA10NoDevice_1-app-channel-3": 47,
          "KomakiLDA10NoDevice_1-app-channel-4": 54,
          "KomakiLDA10NoDevice_1-app-channel-5": 64,
          "KomakiLDA10NoDevice_1-app-channel-6": 87,
          "KomakiLDA10NoDevice_1-app-channel-7": 89,
          "KomakiLDA10NoDevice_1-app-channel-8": 94,
          "KomakiLDA10NoDevice_1-app-channel-9": 77,
          "KomakiLDA10NoDevice_1-channel-ip-0": 228,
          "KomakiLDA10NoDevice_1-channel-ip-1": 202,
          "KomakiLDA10NoDevice_1-channel-ip-2": 189,
          "KomakiLDA10NoDevice_1-channel-ip-3": 206,
          "KomakiLDA10NoDevice_1-channel-ip-4": 172,
          "KomakiLDA10NoDevice_1-channel-ip-5": 112,
          "KomakiLDA10NoDevice_1-channel-ip-6": 152,
          "KomakiLDA10NoDevice_1-channel-ip-7": 158,
          "KomakiLDA10NoDevice_1-channel-ip-8": 160,
          "KomakiLDA10NoDevice_1-channel-ip-9": 27,
          "KomakiLDA10NoDevice_1-channel-os-0": 141,
          "KomakiLDA10NoDevice_1-channel-os-1": 149,
          "KomakiLDA10NoDevice_1-channel-os-2": 27,
          "KomakiLDA10NoDevice_1-channel-os-3": 161,
          "KomakiLDA10NoDevice_1-channel-os-4": 168,
          "KomakiLDA10NoDevice_1-channel-os-5": 250,
          "KomakiLDA10NoDevice_1-channel-os-6": 144,
          "KomakiLDA10NoDevice_1-channel-os-7": 141,
          "KomakiLDA10NoDevice_1-channel-os-8": 39,
          "KomakiLDA10NoDevice_1-channel-os-9": 28,
          "KomakiLDA10NoDevice_2-ip-app-0": 782,
          "KomakiLDA10NoDevice_2-ip-app-1": 631,
          "KomakiLDA10NoDevice_2-ip-app-2": 773,
          "KomakiLDA10NoDevice_2-ip-app-3": 897,
          "KomakiLDA10NoDevice_2-ip-app-4": 893,
          "KomakiLDA10NoDevice_2-ip-app-5": 525,
          "KomakiLDA10NoDevice_2-ip-app-6": 681,
          "KomakiLDA10NoDevice_2-ip-app-7": 762,
          "KomakiLDA10NoDevice_2-ip-app-8": 625,
          "KomakiLDA10NoDevice_2-ip-app-9": 733,
          "KomakiLDA10NoDevice_2-ip-channel-0": 756,
          "KomakiLDA10NoDevice_2-ip-channel-1": 739,
          "KomakiLDA10NoDevice_2-ip-channel-2": 727,
          "KomakiLDA10NoDevice_2-ip-channel-3": 711,
          "KomakiLDA10NoDevice_2-ip-channel-4": 624,
          "KomakiLDA10NoDevice_2-ip-channel-5": 698,
          "KomakiLDA10NoDevice_2-ip-channel-6": 734,
          "KomakiLDA10NoDevice_2-ip-channel-7": 591,
          "KomakiLDA10NoDevice_2-ip-channel-8": 775,
          "KomakiLDA10NoDevice_2-ip-channel-9": 708,
          "KomakiLDA10NoDevice_2-os-ip-0": 156,
          "KomakiLDA10NoDevice_2-os-ip-1": 152,
          "KomakiLDA10NoDevice_2-os-ip-2": 166,
          "KomakiLDA10NoDevice_2-os-ip-3": 133,
          "KomakiLDA10NoDevice_2-os-ip-4": 107,
          "KomakiLDA10NoDevice_2-os-ip-5": 122,
          "KomakiLDA10NoDevice_2-os-ip-6": 112,
          "KomakiLDA10NoDevice_2-os-ip-7": 107,
          "KomakiLDA10NoDevice_2-os-ip-8": 118,
          "KomakiLDA10NoDevice_2-os-ip-9": 109,
          "KomakiLDA10NoDevice_2-os-app-0": 188,
          "KomakiLDA10NoDevice_2-os-app-1": 48,
          "KomakiLDA10NoDevice_2-os-app-2": 38,
          "KomakiLDA10NoDevice_2-os-app-3": 167,
          "KomakiLDA10NoDevice_2-os-app-4": 5,
          "KomakiLDA10NoDevice_2-os-app-5": 136,
          "KomakiLDA10NoDevice_2-os-app-6": 42,
          "KomakiLDA10NoDevice_2-os-app-7": 149,
          "KomakiLDA10NoDevice_2-os-app-8": 112,
          "KomakiLDA10NoDevice_2-os-app-9": 137,
          "KomakiLDA10NoDevice_2-os-channel-0": 179,
          "KomakiLDA10NoDevice_2-os-channel-1": 153,
          "KomakiLDA10NoDevice_2-os-channel-2": 72,
          "KomakiLDA10NoDevice_2-os-channel-3": 100,
          "KomakiLDA10NoDevice_2-os-channel-4": 159,
          "KomakiLDA10NoDevice_2-os-channel-5": 159,
          "KomakiLDA10NoDevice_2-os-channel-6": 215,
          "KomakiLDA10NoDevice_2-os-channel-7": 170,
          "KomakiLDA10NoDevice_2-os-channel-8": 107,
          "KomakiLDA10NoDevice_2-os-channel-9": 84,
          "KomakiLDA10NoDevice_2-channel-app-0": 304,
          "KomakiLDA10NoDevice_2-channel-app-1": 94,
          "KomakiLDA10NoDevice_2-channel-app-2": 62,
          "KomakiLDA10NoDevice_2-channel-app-3": 148,
          "KomakiLDA10NoDevice_2-channel-app-4": 127,
          "KomakiLDA10NoDevice_2-channel-app-5": 65,
          "KomakiLDA10NoDevice_2-channel-app-6": 135,
          "KomakiLDA10NoDevice_2-channel-app-7": 130,
          "KomakiLDA10NoDevice_2-channel-app-8": 205,
          "KomakiLDA10NoDevice_2-channel-app-9": 168,
          "KomakiNMF5NoDevice-ip-app-0": 386,
          "KomakiNMF5NoDevice-ip-app-1": 665,
          "KomakiNMF5NoDevice-ip-app-2": 470,
          "KomakiNMF5NoDevice-ip-app-3": 462,
          "KomakiNMF5NoDevice-ip-app-4": 368,
          "KomakiNMF5NoDevice-ip-os-0": 554,
          "KomakiNMF5NoDevice-ip-os-1": 541,
          "KomakiNMF5NoDevice-ip-os-2": 511,
          "KomakiNMF5NoDevice-ip-os-3": 484,
          "KomakiNMF5NoDevice-ip-os-4": 533,
          "KomakiNMF5NoDevice-ip-channel-0": 448,
          "KomakiNMF5NoDevice-ip-channel-1": 731,
          "KomakiNMF5NoDevice-ip-channel-2": 475,
          "KomakiNMF5NoDevice-ip-channel-3": 502,
          "KomakiNMF5NoDevice-ip-channel-4": 508,
          "KomakiNMF5NoDevice-app-ip-0": 90,
          "KomakiNMF5NoDevice-app-ip-1": 97,
          "KomakiNMF5NoDevice-app-ip-2": 72,
          "KomakiNMF5NoDevice-app-ip-3": 85,
          "KomakiNMF5NoDevice-app-ip-4": 47,
          "KomakiNMF5NoDevice-app-os-0": 33,
          "KomakiNMF5NoDevice-app-os-1": 68,
          "KomakiNMF5NoDevice-app-os-2": 60,
          "KomakiNMF5NoDevice-app-os-3": 42,
          "KomakiNMF5NoDevice-app-os-4": 18,
          "KomakiNMF5NoDevice-app-channel-0": 52,
          "KomakiNMF5NoDevice-app-channel-1": 61,
          "KomakiNMF5NoDevice-app-channel-2": 80,
          "KomakiNMF5NoDevice-app-channel-3": 77,
          "KomakiNMF5NoDevice-app-channel-4": 61,
          "KomakiNMF5NoDevice-os-ip-0": 67,
          "KomakiNMF5NoDevice-os-ip-1": 111,
          "KomakiNMF5NoDevice-os-ip-2": 86,
          "KomakiNMF5NoDevice-os-ip-3": 104,
          "KomakiNMF5NoDevice-os-ip-4": 84,
          "KomakiNMF5NoDevice-os-app-0": 60,
          "KomakiNMF5NoDevice-os-app-1": 1,
          "KomakiNMF5NoDevice-os-app-2": 69,
          "KomakiNMF5NoDevice-os-app-3": 98,
          "KomakiNMF5NoDevice-os-app-4": 70,
          "KomakiNMF5NoDevice-os-channel-0": 141,
          "KomakiNMF5NoDevice-os-channel-1": 76,
          "KomakiNMF5NoDevice-os-channel-2": 171,
          "KomakiNMF5NoDevice-os-channel-3": 118,
          "KomakiNMF5NoDevice-os-channel-4": 94,
          "KomakiNMF5NoDevice-channel-ip-0": 182,
          "KomakiNMF5NoDevice-channel-ip-1": 107,
          "KomakiNMF5NoDevice-channel-ip-2": 113,
          "KomakiNMF5NoDevice-channel-ip-3": 177,
          "KomakiNMF5NoDevice-channel-ip-4": 177,
          "KomakiNMF5NoDevice-channel-app-0": 70,
          "KomakiNMF5NoDevice-channel-app-1": 29,
          "KomakiNMF5NoDevice-channel-app-2": 84,
          "KomakiNMF5NoDevice-channel-app-3": 77,
          "KomakiNMF5NoDevice-channel-app-4": 105,
          "KomakiNMF5NoDevice-channel-os-0": 177,
          "KomakiNMF5NoDevice-channel-os-1": 30,
          "KomakiNMF5NoDevice-channel-os-2": 183,
          "KomakiNMF5NoDevice-channel-os-3": 92,
          "KomakiNMF5NoDevice-channel-os-4": 182,
          "KomakiPCA5NoDevice-ip-app-0": 637,
          "KomakiPCA5NoDevice-ip-app-1": 525,
          "KomakiPCA5NoDevice-ip-app-2": 531,
          "KomakiPCA5NoDevice-ip-app-3": 381,
          "KomakiPCA5NoDevice-ip-app-4": 527,
          "KomakiPCA5NoDevice-ip-os-0": 746,
          "KomakiPCA5NoDevice-ip-os-1": 421,
          "KomakiPCA5NoDevice-ip-os-2": 478,
          "KomakiPCA5NoDevice-ip-os-3": 476,
          "KomakiPCA5NoDevice-ip-os-4": 566,
          "KomakiPCA5NoDevice-ip-channel-0": 742,
          "KomakiPCA5NoDevice-ip-channel-1": 608,
          "KomakiPCA5NoDevice-ip-channel-2": 548,
          "KomakiPCA5NoDevice-ip-channel-3": 556,
          "KomakiPCA5NoDevice-ip-channel-4": 488,
          "KomakiPCA5NoDevice-app-ip-0": 71,
          "KomakiPCA5NoDevice-app-ip-1": 69,
          "KomakiPCA5NoDevice-app-ip-2": 80,
          "KomakiPCA5NoDevice-app-ip-3": 78,
          "KomakiPCA5NoDevice-app-ip-4": 54,
          "KomakiPCA5NoDevice-app-os-0": 74,
          "KomakiPCA5NoDevice-app-os-1": 57,
          "KomakiPCA5NoDevice-app-os-2": 64,
          "KomakiPCA5NoDevice-app-os-3": 69,
          "KomakiPCA5NoDevice-app-os-4": 75,
          "KomakiPCA5NoDevice-app-channel-0": 69,
          "KomakiPCA5NoDevice-app-channel-1": 69,
          "KomakiPCA5NoDevice-app-channel-2": 69,
          "KomakiPCA5NoDevice-app-channel-3": 69,
          "KomakiPCA5NoDevice-app-channel-4": 78,
          "KomakiPCA5NoDevice-os-ip-0": 27,
          "KomakiPCA5NoDevice-os-ip-1": 74,
          "KomakiPCA5NoDevice-os-ip-2": 95,
          "KomakiPCA5NoDevice-os-ip-3": 103,
          "KomakiPCA5NoDevice-os-ip-4": 102,
          "KomakiPCA5NoDevice-os-app-0": 70,
          "KomakiPCA5NoDevice-os-app-1": 70,
          "KomakiPCA5NoDevice-os-app-2": 70,
          "KomakiPCA5NoDevice-os-app-3": 99,
          "KomakiPCA5NoDevice-os-app-4": 111,
          "KomakiPCA5NoDevice-os-channel-0": 111,
          "KomakiPCA5NoDevice-os-channel-1": 135,
          "KomakiPCA5NoDevice-os-channel-2": 84,
          "KomakiPCA5NoDevice-os-channel-3": 75,
          "KomakiPCA5NoDevice-os-channel-4": 70,
          "KomakiPCA5NoDevice-channel-ip-0": 197,
          "KomakiPCA5NoDevice-channel-ip-1": 168,
          "KomakiPCA5NoDevice-channel-ip-2": 147,
          "KomakiPCA5NoDevice-channel-ip-3": 143,
          "KomakiPCA5NoDevice-channel-ip-4": 187,
          "KomakiPCA5NoDevice-channel-app-0": 152,
          "KomakiPCA5NoDevice-channel-app-1": 128,
          "KomakiPCA5NoDevice-channel-app-2": 119,
          "KomakiPCA5NoDevice-channel-app-3": 97,
          "KomakiPCA5NoDevice-channel-app-4": 136,
          "KomakiPCA5NoDevice-channel-os-0": 156,
          "KomakiPCA5NoDevice-channel-os-1": 178,
          "KomakiPCA5NoDevice-channel-os-2": 108,
          "KomakiPCA5NoDevice-channel-os-3": 138,
          "KomakiPCA5NoDevice-channel-os-4": 128
        }
      },
      {
        "train_auc": 0.9947781917441669,
        "valid_auc": 0.9849759290140817,
        "best_iteration": 636,
        "train_time": 261.88040256500244,
        "feature_importance": {
          "app": 2893,
          "hour": 3065,
          "n_channels": 823,
          "ip_app_count": 856,
          "ip_app_os_count": 958,
          "FutureClickCount_600-ip": 472,
          "FutureClickCount_600-app": 486,
          "FutureClickCount_600-ip-app": 182,
          "FutureClickCount_600-dev": 247,
          "FutureClickCount_600-ip-dev": 516,
          "FutureClickCount_600-app-dev": 428,
          "FutureClickCount_600-ip-app-dev": 161,
          "FutureClickCount_600-os": 281,
          "FutureClickCount_600-ip-os": 418,
          "FutureClickCount_600-app-os": 526,
          "FutureClickCount_600-ip-app-os": 191,
          "FutureClickCount_600-dev-os": 590,
          "FutureClickCount_600-ip-dev-os": 347,
          "FutureClickCount_600-app-dev-os": 627,
          "FutureClickCount_600-ip-app-dev-os": 281,
          "FutureClickCount_600-cha": 494,
          "FutureClickCount_600-ip-cha": 104,
          "FutureClickCount_600-app-cha": 619,
          "FutureClickCount_600-ip-app-cha": 71,
          "FutureClickCount_600-dev-cha": 391,
          "FutureClickCount_600-ip-dev-cha": 92,
          "FutureClickCount_600-app-dev-cha": 404,
          "FutureClickCount_600-ip-app-dev-cha": 93,
          "FutureClickCount_600-os-cha": 358,
          "FutureClickCount_600-ip-os-cha": 77,
          "FutureClickCount_600-app-os-cha": 343,
          "FutureClickCount_600-ip-app-os-cha": 54,
          "FutureClickCount_600-dev-os-cha": 282,
          "FutureClickCount_600-ip-dev-os-cha": 52,
          "FutureClickCount_600-app-dev-os-cha": 332,
          "FutureClickCount_600-ip-app-dev-os-cha": 65,
          "FutureClickCount_4800-ip": 725,
          "FutureClickCount_4800-app": 305,
          "FutureClickCount_4800-ip-app": 314,
          "FutureClickCount_4800-dev": 82,
          "FutureClickCount_4800-ip-dev": 939,
          "FutureClickCount_4800-app-dev": 218,
          "FutureClickCount_4800-ip-app-dev": 254,
          "FutureClickCount_4800-os": 125,
          "FutureClickCount_4800-ip-os": 564,
          "FutureClickCount_4800-app-os": 373,
          "FutureClickCount_4800-ip-app-os": 264,
          "FutureClickCount_4800-dev-os": 193,
          "FutureClickCount_4800-ip-dev-os": 657,
          "FutureClickCount_4800-app-dev-os": 455,
          "FutureClickCount_4800-ip-app-dev-os": 308,
          "FutureClickCount_4800-cha": 352,
          "FutureClickCount_4800-ip-cha": 182,
          "FutureClickCount_4800-app-cha": 540,
          "FutureClickCount_4800-ip-app-cha": 148,
          "FutureClickCount_4800-dev-cha": 266,
          "FutureClickCount_4800-ip-dev-cha": 175,
          "FutureClickCount_4800-app-dev-cha": 360,
          "FutureClickCount_4800-ip-app-dev-cha": 151,
          "FutureClickCount_4800-os-cha": 315,
          "FutureClickCount_4800-ip-os-cha": 104,
          "FutureClickCount_4800-app-os-cha": 349,
          "FutureClickCount_4800-ip-app-os-cha": 88,
          "FutureClickCount_4800-dev-os-cha": 277,
          "FutureClickCount_4800-ip-dev-os-cha": 93,
          "FutureClickCount_4800-app-dev-os-cha": 327,
          "FutureClickCount_4800-ip-app-dev-os-cha": 96,
          "NextClickTimeDelta-ip": 698,
          "NextClickTimeDelta-app": 94,
          "NextClickTimeDelta-ip-app": 791,
          "NextClickTimeDelta-dev": 49,
          "NextClickTimeDelta-ip-dev": 465,
          "NextClickTimeDelta-app-dev": 77,
          "NextClickTimeDelta-ip-app-dev": 598,
          "NextClickTimeDelta-os": 75,
          "NextClickTimeDelta-ip-os": 636,
          "NextClickTimeDelta-app-os": 197,
          "NextClickTimeDelta-ip-app-os": 1311,
          "NextClickTimeDelta-dev-os": 91,
          "NextClickTimeDelta-ip-dev-os": 401,
          "NextClickTimeDelta-app-dev-os": 169,
          "NextClickTimeDelta-ip-app-dev-os": 2157,
          "NextClickTimeDelta-cha": 118,
          "NextClickTimeDelta-ip-cha": 526,
          "NextClickTimeDelta-app-cha": 162,
          "NextClickTimeDelta-ip-app-cha": 408,
          "NextClickTimeDelta-dev-cha": 79,
          "NextClickTimeDelta-ip-dev-cha": 329,
          "NextClickTimeDelta-app-dev-cha": 124,
          "NextClickTimeDelta-ip-app-dev-cha": 329,
          "NextClickTimeDelta-os-cha": 235,
          "NextClickTimeDelta-ip-os-cha": 388,
          "NextClickTimeDelta-app-os-cha": 273,
          "NextClickTimeDelta-ip-app-os-cha": 486,
          "NextClickTimeDelta-dev-os-cha": 180,
          "NextClickTimeDelta-ip-dev-os-cha": 344,
          "NextClickTimeDelta-app-dev-os-cha": 215,
          "NextClickTimeDelta-ip-app-dev-os-cha": 545,
          "PrevClickTimeDelta-ip": 553,
          "PrevClickTimeDelta-app": 107,
          "PrevClickTimeDelta-ip-app": 398,
          "PrevClickTimeDelta-dev": 50,
          "PrevClickTimeDelta-ip-dev": 340,
          "PrevClickTimeDelta-app-dev": 58,
          "PrevClickTimeDelta-ip-app-dev": 271,
          "PrevClickTimeDelta-os": 131,
          "PrevClickTimeDelta-ip-os": 493,
          "PrevClickTimeDelta-app-os": 188,
          "PrevClickTimeDelta-ip-app-os": 382,
          "PrevClickTimeDelta-dev-os": 71,
          "PrevClickTimeDelta-ip-dev-os": 271,
          "PrevClickTimeDelta-app-dev-os": 134,
          "PrevClickTimeDelta-ip-app-dev-os": 328,
          "PrevClickTimeDelta-cha": 88,
          "PrevClickTimeDelta-ip-cha": 391,
          "PrevClickTimeDelta-app-cha": 163,
          "PrevClickTimeDelta-ip-app-cha": 284,
          "PrevClickTimeDelta-dev-cha": 113,
          "PrevClickTimeDelta-ip-dev-cha": 271,
          "PrevClickTimeDelta-app-dev-cha": 119,
          "PrevClickTimeDelta-ip-app-dev-cha": 220,
          "PrevClickTimeDelta-os-cha": 212,
          "PrevClickTimeDelta-ip-os-cha": 260,
          "PrevClickTimeDelta-app-os-cha": 224,
          "PrevClickTimeDelta-ip-app-os-cha": 225,
          "PrevClickTimeDelta-dev-os-cha": 157,
          "PrevClickTimeDelta-ip-dev-os-cha": 173,
          "PrevClickTimeDelta-app-dev-os-cha": 191,
          "PrevClickTimeDelta-ip-app-dev-os-cha": 160,
          "AverageAttributedRatio-ip": 357,
          "AverageAttributedRatio-app": 296,
          "AverageAttributedRatio-ip-app": 211,
          "AverageAttributedRatio-dev": 511,
          "AverageAttributedRatio-ip-dev": 292,
          "AverageAttributedRatio-app-dev": 192,
          "AverageAttributedRatio-ip-app-dev": 216,
          "AverageAttributedRatio-os": 276,
          "AverageAttributedRatio-ip-os": 229,
          "AverageAttributedRatio-app-os": 280,
          "AverageAttributedRatio-ip-app-os": 69,
          "AverageAttributedRatio-dev-os": 307,
          "AverageAttributedRatio-ip-dev-os": 191,
          "AverageAttributedRatio-app-dev-os": 226,
          "AverageAttributedRatio-ip-app-dev-os": 69,
          "AverageAttributedRatio-cha": 275,
          "AverageAttributedRatio-ip-cha": 85,
          "AverageAttributedRatio-app-cha": 208,
          "AverageAttributedRatio-ip-app-cha": 81,
          "AverageAttributedRatio-dev-cha": 157,
          "AverageAttributedRatio-ip-dev-cha": 62,
          "AverageAttributedRatio-app-dev-cha": 203,
          "AverageAttributedRatio-ip-app-dev-cha": 54,
          "AverageAttributedRatio-os-cha": 239,
          "AverageAttributedRatio-ip-os-cha": 39,
          "AverageAttributedRatio-app-os-cha": 288,
          "AverageAttributedRatio-ip-app-os-cha": 28,
          "AverageAttributedRatio-dev-os-cha": 220,
          "AverageAttributedRatio-ip-dev-os-cha": 27,
          "AverageAttributedRatio-app-dev-os-cha": 211,
          "AverageAttributedRatio-ip-app-dev-os-cha": 35,
          "KomakiLDA10NoDevice_1-ip-os-0": 810,
          "KomakiLDA10NoDevice_1-ip-os-1": 586,
          "KomakiLDA10NoDevice_1-ip-os-2": 819,
          "KomakiLDA10NoDevice_1-ip-os-3": 883,
          "KomakiLDA10NoDevice_1-ip-os-4": 718,
          "KomakiLDA10NoDevice_1-ip-os-5": 945,
          "KomakiLDA10NoDevice_1-ip-os-6": 829,
          "KomakiLDA10NoDevice_1-ip-os-7": 668,
          "KomakiLDA10NoDevice_1-ip-os-8": 622,
          "KomakiLDA10NoDevice_1-ip-os-9": 852,
          "KomakiLDA10NoDevice_1-app-ip-0": 198,
          "KomakiLDA10NoDevice_1-app-ip-1": 194,
          "KomakiLDA10NoDevice_1-app-ip-2": 146,
          "KomakiLDA10NoDevice_1-app-ip-3": 163,
          "KomakiLDA10NoDevice_1-app-ip-4": 113,
          "KomakiLDA10NoDevice_1-app-ip-5": 88,
          "KomakiLDA10NoDevice_1-app-ip-6": 194,
          "KomakiLDA10NoDevice_1-app-ip-7": 123,
          "KomakiLDA10NoDevice_1-app-ip-8": 142,
          "KomakiLDA10NoDevice_1-app-ip-9": 120,
          "KomakiLDA10NoDevice_1-app-os-0": 155,
          "KomakiLDA10NoDevice_1-app-os-1": 121,
          "KomakiLDA10NoDevice_1-app-os-2": 122,
          "KomakiLDA10NoDevice_1-app-os-3": 102,
          "KomakiLDA10NoDevice_1-app-os-4": 121,
          "KomakiLDA10NoDevice_1-app-os-5": 148,
          "KomakiLDA10NoDevice_1-app-os-6": 105,
          "KomakiLDA10NoDevice_1-app-os-7": 89,
          "KomakiLDA10NoDevice_1-app-os-8": 97,
          "KomakiLDA10NoDevice_1-app-os-9": 104,
          "KomakiLDA10NoDevice_1-app-channel-0": 71,
          "KomakiLDA10NoDevice_1-app-channel-1": 137,
          "KomakiLDA10NoDevice_1-app-channel-2": 130,
          "KomakiLDA10NoDevice_1-app-channel-3": 62,
          "KomakiLDA10NoDevice_1-app-channel-4": 71,
          "KomakiLDA10NoDevice_1-app-channel-5": 60,
          "KomakiLDA10NoDevice_1-app-channel-6": 113,
          "KomakiLDA10NoDevice_1-app-channel-7": 94,
          "KomakiLDA10NoDevice_1-app-channel-8": 68,
          "KomakiLDA10NoDevice_1-app-channel-9": 57,
          "KomakiLDA10NoDevice_1-channel-ip-0": 306,
          "KomakiLDA10NoDevice_1-channel-ip-1": 200,
          "KomakiLDA10NoDevice_1-channel-ip-2": 206,
          "KomakiLDA10NoDevice_1-channel-ip-3": 224,
          "KomakiLDA10NoDevice_1-channel-ip-4": 216,
          "KomakiLDA10NoDevice_1-channel-ip-5": 119,
          "KomakiLDA10NoDevice_1-channel-ip-6": 157,
          "KomakiLDA10NoDevice_1-channel-ip-7": 213,
          "KomakiLDA10NoDevice_1-channel-ip-8": 174,
          "KomakiLDA10NoDevice_1-channel-ip-9": 38,
          "KomakiLDA10NoDevice_1-channel-os-0": 165,
          "KomakiLDA10NoDevice_1-channel-os-1": 154,
          "KomakiLDA10NoDevice_1-channel-os-2": 32,
          "KomakiLDA10NoDevice_1-channel-os-3": 177,
          "KomakiLDA10NoDevice_1-channel-os-4": 201,
          "KomakiLDA10NoDevice_1-channel-os-5": 290,
          "KomakiLDA10NoDevice_1-channel-os-6": 181,
          "KomakiLDA10NoDevice_1-channel-os-7": 159,
          "KomakiLDA10NoDevice_1-channel-os-8": 62,
          "KomakiLDA10NoDevice_1-channel-os-9": 41,
          "KomakiLDA10NoDevice_2-ip-app-0": 887,
          "KomakiLDA10NoDevice_2-ip-app-1": 704,
          "KomakiLDA10NoDevice_2-ip-app-2": 892,
          "KomakiLDA10NoDevice_2-ip-app-3": 973,
          "KomakiLDA10NoDevice_2-ip-app-4": 1036,
          "KomakiLDA10NoDevice_2-ip-app-5": 646,
          "KomakiLDA10NoDevice_2-ip-app-6": 833,
          "KomakiLDA10NoDevice_2-ip-app-7": 938,
          "KomakiLDA10NoDevice_2-ip-app-8": 631,
          "KomakiLDA10NoDevice_2-ip-app-9": 892,
          "KomakiLDA10NoDevice_2-ip-channel-0": 912,
          "KomakiLDA10NoDevice_2-ip-channel-1": 927,
          "KomakiLDA10NoDevice_2-ip-channel-2": 886,
          "KomakiLDA10NoDevice_2-ip-channel-3": 791,
          "KomakiLDA10NoDevice_2-ip-channel-4": 793,
          "KomakiLDA10NoDevice_2-ip-channel-5": 857,
          "KomakiLDA10NoDevice_2-ip-channel-6": 841,
          "KomakiLDA10NoDevice_2-ip-channel-7": 780,
          "KomakiLDA10NoDevice_2-ip-channel-8": 926,
          "KomakiLDA10NoDevice_2-ip-channel-9": 817,
          "KomakiLDA10NoDevice_2-os-ip-0": 178,
          "KomakiLDA10NoDevice_2-os-ip-1": 172,
          "KomakiLDA10NoDevice_2-os-ip-2": 198,
          "KomakiLDA10NoDevice_2-os-ip-3": 143,
          "KomakiLDA10NoDevice_2-os-ip-4": 112,
          "KomakiLDA10NoDevice_2-os-ip-5": 140,
          "KomakiLDA10NoDevice_2-os-ip-6": 158,
          "KomakiLDA10NoDevice_2-os-ip-7": 119,
          "KomakiLDA10NoDevice_2-os-ip-8": 164,
          "KomakiLDA10NoDevice_2-os-ip-9": 142,
          "KomakiLDA10NoDevice_2-os-app-0": 199,
          "KomakiLDA10NoDevice_2-os-app-1": 63,
          "KomakiLDA10NoDevice_2-os-app-2": 49,
          "KomakiLDA10NoDevice_2-os-app-3": 190,
          "KomakiLDA10NoDevice_2-os-app-4": 11,
          "KomakiLDA10NoDevice_2-os-app-5": 141,
          "KomakiLDA10NoDevice_2-os-app-6": 45,
          "KomakiLDA10NoDevice_2-os-app-7": 158,
          "KomakiLDA10NoDevice_2-os-app-8": 127,
          "KomakiLDA10NoDevice_2-os-app-9": 151,
          "KomakiLDA10NoDevice_2-os-channel-0": 216,
          "KomakiLDA10NoDevice_2-os-channel-1": 224,
          "KomakiLDA10NoDevice_2-os-channel-2": 85,
          "KomakiLDA10NoDevice_2-os-channel-3": 99,
          "KomakiLDA10NoDevice_2-os-channel-4": 163,
          "KomakiLDA10NoDevice_2-os-channel-5": 209,
          "KomakiLDA10NoDevice_2-os-channel-6": 228,
          "KomakiLDA10NoDevice_2-os-channel-7": 163,
          "KomakiLDA10NoDevice_2-os-channel-8": 133,
          "KomakiLDA10NoDevice_2-os-channel-9": 108,
          "KomakiLDA10NoDevice_2-channel-app-0": 351,
          "KomakiLDA10NoDevice_2-channel-app-1": 132,
          "KomakiLDA10NoDevice_2-channel-app-2": 94,
          "KomakiLDA10NoDevice_2-channel-app-3": 181,
          "KomakiLDA10NoDevice_2-channel-app-4": 130,
          "KomakiLDA10NoDevice_2-channel-app-5": 97,
          "KomakiLDA10NoDevice_2-channel-app-6": 117,
          "KomakiLDA10NoDevice_2-channel-app-7": 160,
          "KomakiLDA10NoDevice_2-channel-app-8": 205,
          "KomakiLDA10NoDevice_2-channel-app-9": 149,
          "KomakiNMF5NoDevice-ip-app-0": 476,
          "KomakiNMF5NoDevice-ip-app-1": 786,
          "KomakiNMF5NoDevice-ip-app-2": 529,
          "KomakiNMF5NoDevice-ip-app-3": 492,
          "KomakiNMF5NoDevice-ip-app-4": 508,
          "KomakiNMF5NoDevice-ip-os-0": 612,
          "KomakiNMF5NoDevice-ip-os-1": 654,
          "KomakiNMF5NoDevice-ip-os-2": 556,
          "KomakiNMF5NoDevice-ip-os-3": 628,
          "KomakiNMF5NoDevice-ip-os-4": 628,
          "KomakiNMF5NoDevice-ip-channel-0": 612,
          "KomakiNMF5NoDevice-ip-channel-1": 902,
          "KomakiNMF5NoDevice-ip-channel-2": 561,
          "KomakiNMF5NoDevice-ip-channel-3": 599,
          "KomakiNMF5NoDevice-ip-channel-4": 586,
          "KomakiNMF5NoDevice-app-ip-0": 103,
          "KomakiNMF5NoDevice-app-ip-1": 102,
          "KomakiNMF5NoDevice-app-ip-2": 93,
          "KomakiNMF5NoDevice-app-ip-3": 89,
          "KomakiNMF5NoDevice-app-ip-4": 45,
          "KomakiNMF5NoDevice-app-os-0": 33,
          "KomakiNMF5NoDevice-app-os-1": 79,
          "KomakiNMF5NoDevice-app-os-2": 57,
          "KomakiNMF5NoDevice-app-os-3": 25,
          "KomakiNMF5NoDevice-app-os-4": 13,
          "KomakiNMF5NoDevice-app-channel-0": 75,
          "KomakiNMF5NoDevice-app-channel-1": 67,
          "KomakiNMF5NoDevice-app-channel-2": 98,
          "KomakiNMF5NoDevice-app-channel-3": 83,
          "KomakiNMF5NoDevice-app-channel-4": 55,
          "KomakiNMF5NoDevice-os-ip-0": 78,
          "KomakiNMF5NoDevice-os-ip-1": 142,
          "KomakiNMF5NoDevice-os-ip-2": 88,
          "KomakiNMF5NoDevice-os-ip-3": 111,
          "KomakiNMF5NoDevice-os-ip-4": 103,
          "KomakiNMF5NoDevice-os-app-0": 78,
          "KomakiNMF5NoDevice-os-app-1": 6,
          "KomakiNMF5NoDevice-os-app-2": 70,
          "KomakiNMF5NoDevice-os-app-3": 108,
          "KomakiNMF5NoDevice-os-app-4": 71,
          "KomakiNMF5NoDevice-os-channel-0": 177,
          "KomakiNMF5NoDevice-os-channel-1": 83,
          "KomakiNMF5NoDevice-os-channel-2": 172,
          "KomakiNMF5NoDevice-os-channel-3": 163,
          "KomakiNMF5NoDevice-os-channel-4": 120,
          "KomakiNMF5NoDevice-channel-ip-0": 207,
          "KomakiNMF5NoDevice-channel-ip-1": 144,
          "KomakiNMF5NoDevice-channel-ip-2": 144,
          "KomakiNMF5NoDevice-channel-ip-3": 224,
          "KomakiNMF5NoDevice-channel-ip-4": 192,
          "KomakiNMF5NoDevice-channel-app-0": 130,
          "KomakiNMF5NoDevice-channel-app-1": 26,
          "KomakiNMF5NoDevice-channel-app-2": 101,
          "KomakiNMF5NoDevice-channel-app-3": 69,
          "KomakiNMF5NoDevice-channel-app-4": 113,
          "KomakiNMF5NoDevice-channel-os-0": 196,
          "KomakiNMF5NoDevice-channel-os-1": 34,
          "KomakiNMF5NoDevice-channel-os-2": 213,
          "KomakiNMF5NoDevice-channel-os-3": 102,
          "KomakiNMF5NoDevice-channel-os-4": 181,
          "KomakiPCA5NoDevice-ip-app-0": 744,
          "KomakiPCA5NoDevice-ip-app-1": 670,
          "KomakiPCA5NoDevice-ip-app-2": 594,
          "KomakiPCA5NoDevice-ip-app-3": 453,
          "KomakiPCA5NoDevice-ip-app-4": 644,
          "KomakiPCA5NoDevice-ip-os-0": 853,
          "KomakiPCA5NoDevice-ip-os-1": 548,
          "KomakiPCA5NoDevice-ip-os-2": 614,
          "KomakiPCA5NoDevice-ip-os-3": 566,
          "KomakiPCA5NoDevice-ip-os-4": 695,
          "KomakiPCA5NoDevice-ip-channel-0": 921,
          "KomakiPCA5NoDevice-ip-channel-1": 667,
          "KomakiPCA5NoDevice-ip-channel-2": 644,
          "KomakiPCA5NoDevice-ip-channel-3": 686,
          "KomakiPCA5NoDevice-ip-channel-4": 598,
          "KomakiPCA5NoDevice-app-ip-0": 79,
          "KomakiPCA5NoDevice-app-ip-1": 57,
          "KomakiPCA5NoDevice-app-ip-2": 86,
          "KomakiPCA5NoDevice-app-ip-3": 90,
          "KomakiPCA5NoDevice-app-ip-4": 59,
          "KomakiPCA5NoDevice-app-os-0": 102,
          "KomakiPCA5NoDevice-app-os-1": 61,
          "KomakiPCA5NoDevice-app-os-2": 77,
          "KomakiPCA5NoDevice-app-os-3": 89,
          "KomakiPCA5NoDevice-app-os-4": 67,
          "KomakiPCA5NoDevice-app-channel-0": 80,
          "KomakiPCA5NoDevice-app-channel-1": 90,
          "KomakiPCA5NoDevice-app-channel-2": 73,
          "KomakiPCA5NoDevice-app-channel-3": 68,
          "KomakiPCA5NoDevice-app-channel-4": 94,
          "KomakiPCA5NoDevice-os-ip-0": 41,
          "KomakiPCA5NoDevice-os-ip-1": 103,
          "KomakiPCA5NoDevice-os-ip-2": 104,
          "KomakiPCA5NoDevice-os-ip-3": 147,
          "KomakiPCA5NoDevice-os-ip-4": 113,
          "KomakiPCA5NoDevice-os-app-0": 103,
          "KomakiPCA5NoDevice-os-app-1": 69,
          "KomakiPCA5NoDevice-os-app-2": 71,
          "KomakiPCA5NoDevice-os-app-3": 120,
          "KomakiPCA5NoDevice-os-app-4": 143,
          "KomakiPCA5NoDevice-os-channel-0": 137,
          "KomakiPCA5NoDevice-os-channel-1": 170,
          "KomakiPCA5NoDevice-os-channel-2": 96,
          "KomakiPCA5NoDevice-os-channel-3": 79,
          "KomakiPCA5NoDevice-os-channel-4": 83,
          "KomakiPCA5NoDevice-channel-ip-0": 200,
          "KomakiPCA5NoDevice-channel-ip-1": 195,
          "KomakiPCA5NoDevice-channel-ip-2": 156,
          "KomakiPCA5NoDevice-channel-ip-3": 189,
          "KomakiPCA5NoDevice-channel-ip-4": 223,
          "KomakiPCA5NoDevice-channel-app-0": 191,
          "KomakiPCA5NoDevice-channel-app-1": 125,
          "KomakiPCA5NoDevice-channel-app-2": 168,
          "KomakiPCA5NoDevice-channel-app-3": 130,
          "KomakiPCA5NoDevice-channel-app-4": 141,
          "KomakiPCA5NoDevice-channel-os-0": 183,
          "KomakiPCA5NoDevice-channel-os-1": 195,
          "KomakiPCA5NoDevice-channel-os-2": 146,
          "KomakiPCA5NoDevice-channel-os-3": 132,
          "KomakiPCA5NoDevice-channel-os-4": 170
        }
      }
    ],
    "average_train_auc": 0.9943590769029381,
    "average_valid_auc": 0.9849006829900082,
    "train_auc_std": 0.0005440003882103997,
    "valid_auc_std": 7.350600916848343e-05,
    "average_train_time": 251.27155442237853
  },
  "config": {
    "features": [
      "app",
      "hour",
      "count",
      "future_click_count_10",
      "future_click_count_80",
      "next_click_time_delta",
      "prev_click_time_delta",
      "average_attributed_ratio",
      "komaki_lda_10_no_device_1",
      "komaki_lda_10_no_device_2",
      "komaki_nmf_5_no_device",
      "komaki_pca_5_no_device"
    ],
    "model": {
      "name": "lightgbm",
      "model_params": {
        "boosting_type": "gbdt",
        "objective": "binary",
        "metric": "auc",
        "learning_rate": 0.03,
        "num_leaves": 255,
        "max_depth": 8,
        "min_child_samples": 10,
        "subsample": 0.7,
        "subsample_freq": 1,
        "colsample_bytree": 0.7,
        "min_child_weight": 0,
        "subsample_for_bin": 200000,
        "min_split_gain": 0,
        "reg_alpha": 0,
        "reg_lambda": 0,
        "verbose": 0
      },
      "train_params": {
        "num_boost_round": 1000,
        "early_stopping_rounds": 30
      }
    },
    "dataset": {
      "input_directory": "data/input/",
      "cache_directory": "data/working/",
      "files": {
        "train": "train.feather",
        "test": "old_test.feather"
      },
      "negative_down_sampling": {
        "enabled": true,
        "bagging_size": 5
      }
    },
    "rank_average": true,
    "note": "62 with max_bin = 255"
  }
}