{
  "training": {
    "trials": [
      {
        "train_auc": 0.9947462686334422,
        "valid_auc": 0.9850510946886255,
        "best_iteration": 699,
        "train_time": 284.0391311645508,
        "feature_importance": {
          "app": 2945,
          "hour": 3325,
          "n_channels": 848,
          "ip_app_count": 772,
          "ip_app_os_count": 934,
          "DuplicateRowIndexDiff": 57,
          "FutureClickCount_600-ip": 475,
          "FutureClickCount_600-app": 482,
          "FutureClickCount_600-ip-app": 159,
          "FutureClickCount_600-dev": 249,
          "FutureClickCount_600-ip-dev": 582,
          "FutureClickCount_600-app-dev": 399,
          "FutureClickCount_600-ip-app-dev": 145,
          "FutureClickCount_600-os": 297,
          "FutureClickCount_600-ip-os": 379,
          "FutureClickCount_600-app-os": 426,
          "FutureClickCount_600-ip-app-os": 160,
          "FutureClickCount_600-dev-os": 521,
          "FutureClickCount_600-ip-dev-os": 293,
          "FutureClickCount_600-app-dev-os": 556,
          "FutureClickCount_600-ip-app-dev-os": 276,
          "FutureClickCount_600-cha": 461,
          "FutureClickCount_600-ip-cha": 86,
          "FutureClickCount_600-app-cha": 677,
          "FutureClickCount_600-ip-app-cha": 82,
          "FutureClickCount_600-dev-cha": 373,
          "FutureClickCount_600-ip-dev-cha": 89,
          "FutureClickCount_600-app-dev-cha": 405,
          "FutureClickCount_600-ip-app-dev-cha": 86,
          "FutureClickCount_600-os-cha": 357,
          "FutureClickCount_600-ip-os-cha": 76,
          "FutureClickCount_600-app-os-cha": 373,
          "FutureClickCount_600-ip-app-os-cha": 70,
          "FutureClickCount_600-dev-os-cha": 345,
          "FutureClickCount_600-ip-dev-os-cha": 54,
          "FutureClickCount_600-app-dev-os-cha": 333,
          "FutureClickCount_600-ip-app-dev-os-cha": 74,
          "FutureClickCount_4800-ip": 733,
          "FutureClickCount_4800-app": 267,
          "FutureClickCount_4800-ip-app": 284,
          "FutureClickCount_4800-dev": 77,
          "FutureClickCount_4800-ip-dev": 987,
          "FutureClickCount_4800-app-dev": 213,
          "FutureClickCount_4800-ip-app-dev": 238,
          "FutureClickCount_4800-os": 134,
          "FutureClickCount_4800-ip-os": 518,
          "FutureClickCount_4800-app-os": 354,
          "FutureClickCount_4800-ip-app-os": 283,
          "FutureClickCount_4800-dev-os": 258,
          "FutureClickCount_4800-ip-dev-os": 677,
          "FutureClickCount_4800-app-dev-os": 480,
          "FutureClickCount_4800-ip-app-dev-os": 284,
          "FutureClickCount_4800-cha": 337,
          "FutureClickCount_4800-ip-cha": 200,
          "FutureClickCount_4800-app-cha": 558,
          "FutureClickCount_4800-ip-app-cha": 140,
          "FutureClickCount_4800-dev-cha": 257,
          "FutureClickCount_4800-ip-dev-cha": 156,
          "FutureClickCount_4800-app-dev-cha": 309,
          "FutureClickCount_4800-ip-app-dev-cha": 143,
          "FutureClickCount_4800-os-cha": 292,
          "FutureClickCount_4800-ip-os-cha": 91,
          "FutureClickCount_4800-app-os-cha": 327,
          "FutureClickCount_4800-ip-app-os-cha": 95,
          "FutureClickCount_4800-dev-os-cha": 327,
          "FutureClickCount_4800-ip-dev-os-cha": 98,
          "FutureClickCount_4800-app-dev-os-cha": 307,
          "FutureClickCount_4800-ip-app-dev-os-cha": 85,
          "NextClickTimeDelta-ip": 677,
          "NextClickTimeDelta-app": 104,
          "NextClickTimeDelta-ip-app": 807,
          "NextClickTimeDelta-dev": 41,
          "NextClickTimeDelta-ip-dev": 459,
          "NextClickTimeDelta-app-dev": 90,
          "NextClickTimeDelta-ip-app-dev": 580,
          "NextClickTimeDelta-os": 55,
          "NextClickTimeDelta-ip-os": 608,
          "NextClickTimeDelta-app-os": 172,
          "NextClickTimeDelta-ip-app-os": 1373,
          "NextClickTimeDelta-dev-os": 85,
          "NextClickTimeDelta-ip-dev-os": 382,
          "NextClickTimeDelta-app-dev-os": 139,
          "NextClickTimeDelta-ip-app-dev-os": 2200,
          "NextClickTimeDelta-cha": 84,
          "NextClickTimeDelta-ip-cha": 520,
          "NextClickTimeDelta-app-cha": 153,
          "NextClickTimeDelta-ip-app-cha": 459,
          "NextClickTimeDelta-dev-cha": 92,
          "NextClickTimeDelta-ip-dev-cha": 341,
          "NextClickTimeDelta-app-dev-cha": 115,
          "NextClickTimeDelta-ip-app-dev-cha": 352,
          "NextClickTimeDelta-os-cha": 206,
          "NextClickTimeDelta-ip-os-cha": 370,
          "NextClickTimeDelta-app-os-cha": 256,
          "NextClickTimeDelta-ip-app-os-cha": 455,
          "NextClickTimeDelta-dev-os-cha": 186,
          "NextClickTimeDelta-ip-dev-os-cha": 318,
          "NextClickTimeDelta-app-dev-os-cha": 208,
          "NextClickTimeDelta-ip-app-dev-os-cha": 508,
          "PrevClickTimeDelta-ip": 580,
          "PrevClickTimeDelta-app": 106,
          "PrevClickTimeDelta-ip-app": 442,
          "PrevClickTimeDelta-dev": 45,
          "PrevClickTimeDelta-ip-dev": 400,
          "PrevClickTimeDelta-app-dev": 71,
          "PrevClickTimeDelta-ip-app-dev": 330,
          "PrevClickTimeDelta-os": 59,
          "PrevClickTimeDelta-ip-os": 481,
          "PrevClickTimeDelta-app-os": 170,
          "PrevClickTimeDelta-ip-app-os": 421,
          "PrevClickTimeDelta-dev-os": 58,
          "PrevClickTimeDelta-ip-dev-os": 294,
          "PrevClickTimeDelta-app-dev-os": 146,
          "PrevClickTimeDelta-ip-app-dev-os": 287,
          "PrevClickTimeDelta-cha": 83,
          "PrevClickTimeDelta-ip-cha": 382,
          "PrevClickTimeDelta-app-cha": 136,
          "PrevClickTimeDelta-ip-app-cha": 311,
          "PrevClickTimeDelta-dev-cha": 71,
          "PrevClickTimeDelta-ip-dev-cha": 293,
          "PrevClickTimeDelta-app-dev-cha": 123,
          "PrevClickTimeDelta-ip-app-dev-cha": 243,
          "PrevClickTimeDelta-os-cha": 210,
          "PrevClickTimeDelta-ip-os-cha": 292,
          "PrevClickTimeDelta-app-os-cha": 245,
          "PrevClickTimeDelta-ip-app-os-cha": 222,
          "PrevClickTimeDelta-dev-os-cha": 190,
          "PrevClickTimeDelta-ip-dev-os-cha": 206,
          "PrevClickTimeDelta-app-dev-os-cha": 217,
          "PrevClickTimeDelta-ip-app-dev-os-cha": 196,
          "AverageAttributedRatio-ip": 313,
          "AverageAttributedRatio-app": 283,
          "AverageAttributedRatio-ip-app": 181,
          "AverageAttributedRatio-dev": 492,
          "AverageAttributedRatio-ip-dev": 292,
          "AverageAttributedRatio-app-dev": 224,
          "AverageAttributedRatio-ip-app-dev": 211,
          "AverageAttributedRatio-os": 342,
          "AverageAttributedRatio-ip-os": 183,
          "AverageAttributedRatio-app-os": 271,
          "AverageAttributedRatio-ip-app-os": 52,
          "AverageAttributedRatio-dev-os": 273,
          "AverageAttributedRatio-ip-dev-os": 190,
          "AverageAttributedRatio-app-dev-os": 252,
          "AverageAttributedRatio-ip-app-dev-os": 52,
          "AverageAttributedRatio-cha": 245,
          "AverageAttributedRatio-ip-cha": 70,
          "AverageAttributedRatio-app-cha": 232,
          "AverageAttributedRatio-ip-app-cha": 52,
          "AverageAttributedRatio-dev-cha": 182,
          "AverageAttributedRatio-ip-dev-cha": 61,
          "AverageAttributedRatio-app-dev-cha": 211,
          "AverageAttributedRatio-ip-app-dev-cha": 63,
          "AverageAttributedRatio-os-cha": 287,
          "AverageAttributedRatio-ip-os-cha": 58,
          "AverageAttributedRatio-app-os-cha": 233,
          "AverageAttributedRatio-ip-app-os-cha": 42,
          "AverageAttributedRatio-dev-os-cha": 208,
          "AverageAttributedRatio-ip-dev-os-cha": 37,
          "AverageAttributedRatio-app-dev-os-cha": 273,
          "AverageAttributedRatio-ip-app-dev-os-cha": 27,
          "KomakiLDA10NoDevice_1-ip-os-0": 811,
          "KomakiLDA10NoDevice_1-ip-os-1": 595,
          "KomakiLDA10NoDevice_1-ip-os-2": 879,
          "KomakiLDA10NoDevice_1-ip-os-3": 801,
          "KomakiLDA10NoDevice_1-ip-os-4": 712,
          "KomakiLDA10NoDevice_1-ip-os-5": 971,
          "KomakiLDA10NoDevice_1-ip-os-6": 897,
          "KomakiLDA10NoDevice_1-ip-os-7": 687,
          "KomakiLDA10NoDevice_1-ip-os-8": 676,
          "KomakiLDA10NoDevice_1-ip-os-9": 934,
          "KomakiLDA10NoDevice_1-app-ip-0": 189,
          "KomakiLDA10NoDevice_1-app-ip-1": 175,
          "KomakiLDA10NoDevice_1-app-ip-2": 138,
          "KomakiLDA10NoDevice_1-app-ip-3": 161,
          "KomakiLDA10NoDevice_1-app-ip-4": 93,
          "KomakiLDA10NoDevice_1-app-ip-5": 106,
          "KomakiLDA10NoDevice_1-app-ip-6": 180,
          "KomakiLDA10NoDevice_1-app-ip-7": 130,
          "KomakiLDA10NoDevice_1-app-ip-8": 150,
          "KomakiLDA10NoDevice_1-app-ip-9": 107,
          "KomakiLDA10NoDevice_1-app-os-0": 174,
          "KomakiLDA10NoDevice_1-app-os-1": 107,
          "KomakiLDA10NoDevice_1-app-os-2": 111,
          "KomakiLDA10NoDevice_1-app-os-3": 127,
          "KomakiLDA10NoDevice_1-app-os-4": 135,
          "KomakiLDA10NoDevice_1-app-os-5": 127,
          "KomakiLDA10NoDevice_1-app-os-6": 112,
          "KomakiLDA10NoDevice_1-app-os-7": 89,
          "KomakiLDA10NoDevice_1-app-os-8": 81,
          "KomakiLDA10NoDevice_1-app-os-9": 81,
          "KomakiLDA10NoDevice_1-app-channel-0": 81,
          "KomakiLDA10NoDevice_1-app-channel-1": 121,
          "KomakiLDA10NoDevice_1-app-channel-2": 123,
          "KomakiLDA10NoDevice_1-app-channel-3": 58,
          "KomakiLDA10NoDevice_1-app-channel-4": 59,
          "KomakiLDA10NoDevice_1-app-channel-5": 55,
          "KomakiLDA10NoDevice_1-app-channel-6": 114,
          "KomakiLDA10NoDevice_1-app-channel-7": 83,
          "KomakiLDA10NoDevice_1-app-channel-8": 89,
          "KomakiLDA10NoDevice_1-app-channel-9": 60,
          "KomakiLDA10NoDevice_1-channel-ip-0": 261,
          "KomakiLDA10NoDevice_1-channel-ip-1": 246,
          "KomakiLDA10NoDevice_1-channel-ip-2": 225,
          "KomakiLDA10NoDevice_1-channel-ip-3": 219,
          "KomakiLDA10NoDevice_1-channel-ip-4": 200,
          "KomakiLDA10NoDevice_1-channel-ip-5": 127,
          "KomakiLDA10NoDevice_1-channel-ip-6": 183,
          "KomakiLDA10NoDevice_1-channel-ip-7": 207,
          "KomakiLDA10NoDevice_1-channel-ip-8": 207,
          "KomakiLDA10NoDevice_1-channel-ip-9": 35,
          "KomakiLDA10NoDevice_1-channel-os-0": 215,
          "KomakiLDA10NoDevice_1-channel-os-1": 137,
          "KomakiLDA10NoDevice_1-channel-os-2": 32,
          "KomakiLDA10NoDevice_1-channel-os-3": 224,
          "KomakiLDA10NoDevice_1-channel-os-4": 206,
          "KomakiLDA10NoDevice_1-channel-os-5": 278,
          "KomakiLDA10NoDevice_1-channel-os-6": 170,
          "KomakiLDA10NoDevice_1-channel-os-7": 171,
          "KomakiLDA10NoDevice_1-channel-os-8": 74,
          "KomakiLDA10NoDevice_1-channel-os-9": 43,
          "KomakiLDA10NoDevice_2-ip-app-0": 897,
          "KomakiLDA10NoDevice_2-ip-app-1": 749,
          "KomakiLDA10NoDevice_2-ip-app-2": 900,
          "KomakiLDA10NoDevice_2-ip-app-3": 1118,
          "KomakiLDA10NoDevice_2-ip-app-4": 977,
          "KomakiLDA10NoDevice_2-ip-app-5": 600,
          "KomakiLDA10NoDevice_2-ip-app-6": 755,
          "KomakiLDA10NoDevice_2-ip-app-7": 931,
          "KomakiLDA10NoDevice_2-ip-app-8": 641,
          "KomakiLDA10NoDevice_2-ip-app-9": 779,
          "KomakiLDA10NoDevice_2-ip-channel-0": 885,
          "KomakiLDA10NoDevice_2-ip-channel-1": 891,
          "KomakiLDA10NoDevice_2-ip-channel-2": 866,
          "KomakiLDA10NoDevice_2-ip-channel-3": 827,
          "KomakiLDA10NoDevice_2-ip-channel-4": 756,
          "KomakiLDA10NoDevice_2-ip-channel-5": 908,
          "KomakiLDA10NoDevice_2-ip-channel-6": 885,
          "KomakiLDA10NoDevice_2-ip-channel-7": 842,
          "KomakiLDA10NoDevice_2-ip-channel-8": 849,
          "KomakiLDA10NoDevice_2-ip-channel-9": 822,
          "KomakiLDA10NoDevice_2-os-ip-0": 147,
          "KomakiLDA10NoDevice_2-os-ip-1": 197,
          "KomakiLDA10NoDevice_2-os-ip-2": 191,
          "KomakiLDA10NoDevice_2-os-ip-3": 140,
          "KomakiLDA10NoDevice_2-os-ip-4": 111,
          "KomakiLDA10NoDevice_2-os-ip-5": 172,
          "KomakiLDA10NoDevice_2-os-ip-6": 158,
          "KomakiLDA10NoDevice_2-os-ip-7": 138,
          "KomakiLDA10NoDevice_2-os-ip-8": 133,
          "KomakiLDA10NoDevice_2-os-ip-9": 101,
          "KomakiLDA10NoDevice_2-os-app-0": 252,
          "KomakiLDA10NoDevice_2-os-app-1": 58,
          "KomakiLDA10NoDevice_2-os-app-2": 52,
          "KomakiLDA10NoDevice_2-os-app-3": 204,
          "KomakiLDA10NoDevice_2-os-app-4": 13,
          "KomakiLDA10NoDevice_2-os-app-5": 135,
          "KomakiLDA10NoDevice_2-os-app-6": 42,
          "KomakiLDA10NoDevice_2-os-app-7": 129,
          "KomakiLDA10NoDevice_2-os-app-8": 136,
          "KomakiLDA10NoDevice_2-os-app-9": 149,
          "KomakiLDA10NoDevice_2-os-channel-0": 206,
          "KomakiLDA10NoDevice_2-os-channel-1": 197,
          "KomakiLDA10NoDevice_2-os-channel-2": 85,
          "KomakiLDA10NoDevice_2-os-channel-3": 101,
          "KomakiLDA10NoDevice_2-os-channel-4": 177,
          "KomakiLDA10NoDevice_2-os-channel-5": 196,
          "KomakiLDA10NoDevice_2-os-channel-6": 208,
          "KomakiLDA10NoDevice_2-os-channel-7": 178,
          "KomakiLDA10NoDevice_2-os-channel-8": 125,
          "KomakiLDA10NoDevice_2-os-channel-9": 113,
          "KomakiLDA10NoDevice_2-channel-app-0": 325,
          "KomakiLDA10NoDevice_2-channel-app-1": 117,
          "KomakiLDA10NoDevice_2-channel-app-2": 100,
          "KomakiLDA10NoDevice_2-channel-app-3": 170,
          "KomakiLDA10NoDevice_2-channel-app-4": 128,
          "KomakiLDA10NoDevice_2-channel-app-5": 110,
          "KomakiLDA10NoDevice_2-channel-app-6": 118,
          "KomakiLDA10NoDevice_2-channel-app-7": 172,
          "KomakiLDA10NoDevice_2-channel-app-8": 188,
          "KomakiLDA10NoDevice_2-channel-app-9": 173,
          "KomakiNMF5NoDevice-ip-app-0": 499,
          "KomakiNMF5NoDevice-ip-app-1": 809,
          "KomakiNMF5NoDevice-ip-app-2": 638,
          "KomakiNMF5NoDevice-ip-app-3": 500,
          "KomakiNMF5NoDevice-ip-app-4": 514,
          "KomakiNMF5NoDevice-ip-os-0": 665,
          "KomakiNMF5NoDevice-ip-os-1": 707,
          "KomakiNMF5NoDevice-ip-os-2": 641,
          "KomakiNMF5NoDevice-ip-os-3": 647,
          "KomakiNMF5NoDevice-ip-os-4": 685,
          "KomakiNMF5NoDevice-ip-channel-0": 617,
          "KomakiNMF5NoDevice-ip-channel-1": 879,
          "KomakiNMF5NoDevice-ip-channel-2": 573,
          "KomakiNMF5NoDevice-ip-channel-3": 700,
          "KomakiNMF5NoDevice-ip-channel-4": 635,
          "KomakiNMF5NoDevice-app-ip-0": 113,
          "KomakiNMF5NoDevice-app-ip-1": 105,
          "KomakiNMF5NoDevice-app-ip-2": 91,
          "KomakiNMF5NoDevice-app-ip-3": 94,
          "KomakiNMF5NoDevice-app-ip-4": 56,
          "KomakiNMF5NoDevice-app-os-0": 29,
          "KomakiNMF5NoDevice-app-os-1": 77,
          "KomakiNMF5NoDevice-app-os-2": 61,
          "KomakiNMF5NoDevice-app-os-3": 11,
          "KomakiNMF5NoDevice-app-os-4": 23,
          "KomakiNMF5NoDevice-app-channel-0": 66,
          "KomakiNMF5NoDevice-app-channel-1": 93,
          "KomakiNMF5NoDevice-app-channel-2": 106,
          "KomakiNMF5NoDevice-app-channel-3": 108,
          "KomakiNMF5NoDevice-app-channel-4": 81,
          "KomakiNMF5NoDevice-os-ip-0": 94,
          "KomakiNMF5NoDevice-os-ip-1": 136,
          "KomakiNMF5NoDevice-os-ip-2": 86,
          "KomakiNMF5NoDevice-os-ip-3": 105,
          "KomakiNMF5NoDevice-os-ip-4": 90,
          "KomakiNMF5NoDevice-os-app-0": 75,
          "KomakiNMF5NoDevice-os-app-1": 0,
          "KomakiNMF5NoDevice-os-app-2": 90,
          "KomakiNMF5NoDevice-os-app-3": 113,
          "KomakiNMF5NoDevice-os-app-4": 86,
          "KomakiNMF5NoDevice-os-channel-0": 176,
          "KomakiNMF5NoDevice-os-channel-1": 87,
          "KomakiNMF5NoDevice-os-channel-2": 203,
          "KomakiNMF5NoDevice-os-channel-3": 117,
          "KomakiNMF5NoDevice-os-channel-4": 119,
          "KomakiNMF5NoDevice-channel-ip-0": 267,
          "KomakiNMF5NoDevice-channel-ip-1": 187,
          "KomakiNMF5NoDevice-channel-ip-2": 186,
          "KomakiNMF5NoDevice-channel-ip-3": 189,
          "KomakiNMF5NoDevice-channel-ip-4": 204,
          "KomakiNMF5NoDevice-channel-app-0": 88,
          "KomakiNMF5NoDevice-channel-app-1": 34,
          "KomakiNMF5NoDevice-channel-app-2": 112,
          "KomakiNMF5NoDevice-channel-app-3": 66,
          "KomakiNMF5NoDevice-channel-app-4": 104,
          "KomakiNMF5NoDevice-channel-os-0": 191,
          "KomakiNMF5NoDevice-channel-os-1": 40,
          "KomakiNMF5NoDevice-channel-os-2": 195,
          "KomakiNMF5NoDevice-channel-os-3": 95,
          "KomakiNMF5NoDevice-channel-os-4": 213,
          "KomakiPCA5NoDevice-ip-app-0": 804,
          "KomakiPCA5NoDevice-ip-app-1": 698,
          "KomakiPCA5NoDevice-ip-app-2": 649,
          "KomakiPCA5NoDevice-ip-app-3": 428,
          "KomakiPCA5NoDevice-ip-app-4": 639,
          "KomakiPCA5NoDevice-ip-os-0": 843,
          "KomakiPCA5NoDevice-ip-os-1": 592,
          "KomakiPCA5NoDevice-ip-os-2": 646,
          "KomakiPCA5NoDevice-ip-os-3": 659,
          "KomakiPCA5NoDevice-ip-os-4": 741,
          "KomakiPCA5NoDevice-ip-channel-0": 892,
          "KomakiPCA5NoDevice-ip-channel-1": 723,
          "KomakiPCA5NoDevice-ip-channel-2": 694,
          "KomakiPCA5NoDevice-ip-channel-3": 729,
          "KomakiPCA5NoDevice-ip-channel-4": 606,
          "KomakiPCA5NoDevice-app-ip-0": 73,
          "KomakiPCA5NoDevice-app-ip-1": 79,
          "KomakiPCA5NoDevice-app-ip-2": 63,
          "KomakiPCA5NoDevice-app-ip-3": 105,
          "KomakiPCA5NoDevice-app-ip-4": 57,
          "KomakiPCA5NoDevice-app-os-0": 127,
          "KomakiPCA5NoDevice-app-os-1": 59,
          "KomakiPCA5NoDevice-app-os-2": 100,
          "KomakiPCA5NoDevice-app-os-3": 78,
          "KomakiPCA5NoDevice-app-os-4": 100,
          "KomakiPCA5NoDevice-app-channel-0": 75,
          "KomakiPCA5NoDevice-app-channel-1": 151,
          "KomakiPCA5NoDevice-app-channel-2": 90,
          "KomakiPCA5NoDevice-app-channel-3": 89,
          "KomakiPCA5NoDevice-app-channel-4": 99,
          "KomakiPCA5NoDevice-os-ip-0": 66,
          "KomakiPCA5NoDevice-os-ip-1": 102,
          "KomakiPCA5NoDevice-os-ip-2": 120,
          "KomakiPCA5NoDevice-os-ip-3": 138,
          "KomakiPCA5NoDevice-os-ip-4": 120,
          "KomakiPCA5NoDevice-os-app-0": 98,
          "KomakiPCA5NoDevice-os-app-1": 88,
          "KomakiPCA5NoDevice-os-app-2": 102,
          "KomakiPCA5NoDevice-os-app-3": 115,
          "KomakiPCA5NoDevice-os-app-4": 135,
          "KomakiPCA5NoDevice-os-channel-0": 137,
          "KomakiPCA5NoDevice-os-channel-1": 165,
          "KomakiPCA5NoDevice-os-channel-2": 72,
          "KomakiPCA5NoDevice-os-channel-3": 72,
          "KomakiPCA5NoDevice-os-channel-4": 115,
          "KomakiPCA5NoDevice-channel-ip-0": 221,
          "KomakiPCA5NoDevice-channel-ip-1": 218,
          "KomakiPCA5NoDevice-channel-ip-2": 185,
          "KomakiPCA5NoDevice-channel-ip-3": 179,
          "KomakiPCA5NoDevice-channel-ip-4": 232,
          "KomakiPCA5NoDevice-channel-app-0": 197,
          "KomakiPCA5NoDevice-channel-app-1": 121,
          "KomakiPCA5NoDevice-channel-app-2": 149,
          "KomakiPCA5NoDevice-channel-app-3": 149,
          "KomakiPCA5NoDevice-channel-app-4": 145,
          "KomakiPCA5NoDevice-channel-os-0": 210,
          "KomakiPCA5NoDevice-channel-os-1": 153,
          "KomakiPCA5NoDevice-channel-os-2": 139,
          "KomakiPCA5NoDevice-channel-os-3": 191,
          "KomakiPCA5NoDevice-channel-os-4": 192
        }
      },
      {
        "train_auc": 0.9946338424785591,
        "valid_auc": 0.9849984168472296,
        "best_iteration": 667,
        "train_time": 273.51992297172546,
        "feature_importance": {
          "app": 2828,
          "hour": 3302,
          "n_channels": 830,
          "ip_app_count": 768,
          "ip_app_os_count": 883,
          "DuplicateRowIndexDiff": 80,
          "FutureClickCount_600-ip": 466,
          "FutureClickCount_600-app": 426,
          "FutureClickCount_600-ip-app": 164,
          "FutureClickCount_600-dev": 237,
          "FutureClickCount_600-ip-dev": 537,
          "FutureClickCount_600-app-dev": 396,
          "FutureClickCount_600-ip-app-dev": 131,
          "FutureClickCount_600-os": 264,
          "FutureClickCount_600-ip-os": 350,
          "FutureClickCount_600-app-os": 419,
          "FutureClickCount_600-ip-app-os": 188,
          "FutureClickCount_600-dev-os": 525,
          "FutureClickCount_600-ip-dev-os": 300,
          "FutureClickCount_600-app-dev-os": 579,
          "FutureClickCount_600-ip-app-dev-os": 274,
          "FutureClickCount_600-cha": 442,
          "FutureClickCount_600-ip-cha": 106,
          "FutureClickCount_600-app-cha": 677,
          "FutureClickCount_600-ip-app-cha": 91,
          "FutureClickCount_600-dev-cha": 324,
          "FutureClickCount_600-ip-dev-cha": 102,
          "FutureClickCount_600-app-dev-cha": 434,
          "FutureClickCount_600-ip-app-dev-cha": 83,
          "FutureClickCount_600-os-cha": 309,
          "FutureClickCount_600-ip-os-cha": 65,
          "FutureClickCount_600-app-os-cha": 362,
          "FutureClickCount_600-ip-app-os-cha": 59,
          "FutureClickCount_600-dev-os-cha": 347,
          "FutureClickCount_600-ip-dev-os-cha": 65,
          "FutureClickCount_600-app-dev-os-cha": 372,
          "FutureClickCount_600-ip-app-dev-os-cha": 77,
          "FutureClickCount_4800-ip": 718,
          "FutureClickCount_4800-app": 285,
          "FutureClickCount_4800-ip-app": 273,
          "FutureClickCount_4800-dev": 78,
          "FutureClickCount_4800-ip-dev": 993,
          "FutureClickCount_4800-app-dev": 202,
          "FutureClickCount_4800-ip-app-dev": 257,
          "FutureClickCount_4800-os": 131,
          "FutureClickCount_4800-ip-os": 554,
          "FutureClickCount_4800-app-os": 325,
          "FutureClickCount_4800-ip-app-os": 237,
          "FutureClickCount_4800-dev-os": 215,
          "FutureClickCount_4800-ip-dev-os": 690,
          "FutureClickCount_4800-app-dev-os": 472,
          "FutureClickCount_4800-ip-app-dev-os": 275,
          "FutureClickCount_4800-cha": 324,
          "FutureClickCount_4800-ip-cha": 181,
          "FutureClickCount_4800-app-cha": 510,
          "FutureClickCount_4800-ip-app-cha": 124,
          "FutureClickCount_4800-dev-cha": 231,
          "FutureClickCount_4800-ip-dev-cha": 169,
          "FutureClickCount_4800-app-dev-cha": 319,
          "FutureClickCount_4800-ip-app-dev-cha": 149,
          "FutureClickCount_4800-os-cha": 282,
          "FutureClickCount_4800-ip-os-cha": 96,
          "FutureClickCount_4800-app-os-cha": 314,
          "FutureClickCount_4800-ip-app-os-cha": 106,
          "FutureClickCount_4800-dev-os-cha": 320,
          "FutureClickCount_4800-ip-dev-os-cha": 83,
          "FutureClickCount_4800-app-dev-os-cha": 307,
          "FutureClickCount_4800-ip-app-dev-os-cha": 100,
          "NextClickTimeDelta-ip": 633,
          "NextClickTimeDelta-app": 87,
          "NextClickTimeDelta-ip-app": 765,
          "NextClickTimeDelta-dev": 39,
          "NextClickTimeDelta-ip-dev": 439,
          "NextClickTimeDelta-app-dev": 79,
          "NextClickTimeDelta-ip-app-dev": 542,
          "NextClickTimeDelta-os": 68,
          "NextClickTimeDelta-ip-os": 606,
          "NextClickTimeDelta-app-os": 162,
          "NextClickTimeDelta-ip-app-os": 1336,
          "NextClickTimeDelta-dev-os": 74,
          "NextClickTimeDelta-ip-dev-os": 422,
          "NextClickTimeDelta-app-dev-os": 161,
          "NextClickTimeDelta-ip-app-dev-os": 2250,
          "NextClickTimeDelta-cha": 86,
          "NextClickTimeDelta-ip-cha": 544,
          "NextClickTimeDelta-app-cha": 172,
          "NextClickTimeDelta-ip-app-cha": 508,
          "NextClickTimeDelta-dev-cha": 91,
          "NextClickTimeDelta-ip-dev-cha": 336,
          "NextClickTimeDelta-app-dev-cha": 117,
          "NextClickTimeDelta-ip-app-dev-cha": 338,
          "NextClickTimeDelta-os-cha": 224,
          "NextClickTimeDelta-ip-os-cha": 350,
          "NextClickTimeDelta-app-os-cha": 248,
          "NextClickTimeDelta-ip-app-os-cha": 440,
          "NextClickTimeDelta-dev-os-cha": 192,
          "NextClickTimeDelta-ip-dev-os-cha": 289,
          "NextClickTimeDelta-app-dev-os-cha": 244,
          "NextClickTimeDelta-ip-app-dev-os-cha": 494,
          "PrevClickTimeDelta-ip": 463,
          "PrevClickTimeDelta-app": 85,
          "PrevClickTimeDelta-ip-app": 430,
          "PrevClickTimeDelta-dev": 60,
          "PrevClickTimeDelta-ip-dev": 312,
          "PrevClickTimeDelta-app-dev": 71,
          "PrevClickTimeDelta-ip-app-dev": 303,
          "PrevClickTimeDelta-os": 72,
          "PrevClickTimeDelta-ip-os": 435,
          "PrevClickTimeDelta-app-os": 169,
          "PrevClickTimeDelta-ip-app-os": 374,
          "PrevClickTimeDelta-dev-os": 57,
          "PrevClickTimeDelta-ip-dev-os": 310,
          "PrevClickTimeDelta-app-dev-os": 110,
          "PrevClickTimeDelta-ip-app-dev-os": 279,
          "PrevClickTimeDelta-cha": 86,
          "PrevClickTimeDelta-ip-cha": 364,
          "PrevClickTimeDelta-app-cha": 112,
          "PrevClickTimeDelta-ip-app-cha": 303,
          "PrevClickTimeDelta-dev-cha": 92,
          "PrevClickTimeDelta-ip-dev-cha": 272,
          "PrevClickTimeDelta-app-dev-cha": 91,
          "PrevClickTimeDelta-ip-app-dev-cha": 234,
          "PrevClickTimeDelta-os-cha": 225,
          "PrevClickTimeDelta-ip-os-cha": 248,
          "PrevClickTimeDelta-app-os-cha": 187,
          "PrevClickTimeDelta-ip-app-os-cha": 247,
          "PrevClickTimeDelta-dev-os-cha": 157,
          "PrevClickTimeDelta-ip-dev-os-cha": 179,
          "PrevClickTimeDelta-app-dev-os-cha": 192,
          "PrevClickTimeDelta-ip-app-dev-os-cha": 202,
          "AverageAttributedRatio-ip": 350,
          "AverageAttributedRatio-app": 291,
          "AverageAttributedRatio-ip-app": 176,
          "AverageAttributedRatio-dev": 489,
          "AverageAttributedRatio-ip-dev": 282,
          "AverageAttributedRatio-app-dev": 214,
          "AverageAttributedRatio-ip-app-dev": 195,
          "AverageAttributedRatio-os": 288,
          "AverageAttributedRatio-ip-os": 211,
          "AverageAttributedRatio-app-os": 272,
          "AverageAttributedRatio-ip-app-os": 58,
          "AverageAttributedRatio-dev-os": 248,
          "AverageAttributedRatio-ip-dev-os": 204,
          "AverageAttributedRatio-app-dev-os": 276,
          "AverageAttributedRatio-ip-app-dev-os": 63,
          "AverageAttributedRatio-cha": 300,
          "AverageAttributedRatio-ip-cha": 88,
          "AverageAttributedRatio-app-cha": 223,
          "AverageAttributedRatio-ip-app-cha": 66,
          "AverageAttributedRatio-dev-cha": 185,
          "AverageAttributedRatio-ip-dev-cha": 66,
          "AverageAttributedRatio-app-dev-cha": 216,
          "AverageAttributedRatio-ip-app-dev-cha": 78,
          "AverageAttributedRatio-os-cha": 243,
          "AverageAttributedRatio-ip-os-cha": 31,
          "AverageAttributedRatio-app-os-cha": 240,
          "AverageAttributedRatio-ip-app-os-cha": 30,
          "AverageAttributedRatio-dev-os-cha": 203,
          "AverageAttributedRatio-ip-dev-os-cha": 21,
          "AverageAttributedRatio-app-dev-os-cha": 221,
          "AverageAttributedRatio-ip-app-dev-os-cha": 32,
          "KomakiLDA10NoDevice_1-ip-os-0": 807,
          "KomakiLDA10NoDevice_1-ip-os-1": 552,
          "KomakiLDA10NoDevice_1-ip-os-2": 804,
          "KomakiLDA10NoDevice_1-ip-os-3": 807,
          "KomakiLDA10NoDevice_1-ip-os-4": 684,
          "KomakiLDA10NoDevice_1-ip-os-5": 875,
          "KomakiLDA10NoDevice_1-ip-os-6": 784,
          "KomakiLDA10NoDevice_1-ip-os-7": 670,
          "KomakiLDA10NoDevice_1-ip-os-8": 619,
          "KomakiLDA10NoDevice_1-ip-os-9": 798,
          "KomakiLDA10NoDevice_1-app-ip-0": 181,
          "KomakiLDA10NoDevice_1-app-ip-1": 175,
          "KomakiLDA10NoDevice_1-app-ip-2": 133,
          "KomakiLDA10NoDevice_1-app-ip-3": 140,
          "KomakiLDA10NoDevice_1-app-ip-4": 96,
          "KomakiLDA10NoDevice_1-app-ip-5": 91,
          "KomakiLDA10NoDevice_1-app-ip-6": 187,
          "KomakiLDA10NoDevice_1-app-ip-7": 116,
          "KomakiLDA10NoDevice_1-app-ip-8": 143,
          "KomakiLDA10NoDevice_1-app-ip-9": 91,
          "KomakiLDA10NoDevice_1-app-os-0": 136,
          "KomakiLDA10NoDevice_1-app-os-1": 97,
          "KomakiLDA10NoDevice_1-app-os-2": 115,
          "KomakiLDA10NoDevice_1-app-os-3": 152,
          "KomakiLDA10NoDevice_1-app-os-4": 135,
          "KomakiLDA10NoDevice_1-app-os-5": 137,
          "KomakiLDA10NoDevice_1-app-os-6": 99,
          "KomakiLDA10NoDevice_1-app-os-7": 80,
          "KomakiLDA10NoDevice_1-app-os-8": 90,
          "KomakiLDA10NoDevice_1-app-os-9": 81,
          "KomakiLDA10NoDevice_1-app-channel-0": 67,
          "KomakiLDA10NoDevice_1-app-channel-1": 112,
          "KomakiLDA10NoDevice_1-app-channel-2": 112,
          "KomakiLDA10NoDevice_1-app-channel-3": 76,
          "KomakiLDA10NoDevice_1-app-channel-4": 60,
          "KomakiLDA10NoDevice_1-app-channel-5": 45,
          "KomakiLDA10NoDevice_1-app-channel-6": 106,
          "KomakiLDA10NoDevice_1-app-channel-7": 111,
          "KomakiLDA10NoDevice_1-app-channel-8": 63,
          "KomakiLDA10NoDevice_1-app-channel-9": 61,
          "KomakiLDA10NoDevice_1-channel-ip-0": 308,
          "KomakiLDA10NoDevice_1-channel-ip-1": 237,
          "KomakiLDA10NoDevice_1-channel-ip-2": 216,
          "KomakiLDA10NoDevice_1-channel-ip-3": 207,
          "KomakiLDA10NoDevice_1-channel-ip-4": 181,
          "KomakiLDA10NoDevice_1-channel-ip-5": 121,
          "KomakiLDA10NoDevice_1-channel-ip-6": 178,
          "KomakiLDA10NoDevice_1-channel-ip-7": 183,
          "KomakiLDA10NoDevice_1-channel-ip-8": 155,
          "KomakiLDA10NoDevice_1-channel-ip-9": 32,
          "KomakiLDA10NoDevice_1-channel-os-0": 235,
          "KomakiLDA10NoDevice_1-channel-os-1": 157,
          "KomakiLDA10NoDevice_1-channel-os-2": 37,
          "KomakiLDA10NoDevice_1-channel-os-3": 209,
          "KomakiLDA10NoDevice_1-channel-os-4": 215,
          "KomakiLDA10NoDevice_1-channel-os-5": 285,
          "KomakiLDA10NoDevice_1-channel-os-6": 179,
          "KomakiLDA10NoDevice_1-channel-os-7": 157,
          "KomakiLDA10NoDevice_1-channel-os-8": 62,
          "KomakiLDA10NoDevice_1-channel-os-9": 34,
          "KomakiLDA10NoDevice_2-ip-app-0": 927,
          "KomakiLDA10NoDevice_2-ip-app-1": 686,
          "KomakiLDA10NoDevice_2-ip-app-2": 984,
          "KomakiLDA10NoDevice_2-ip-app-3": 1099,
          "KomakiLDA10NoDevice_2-ip-app-4": 970,
          "KomakiLDA10NoDevice_2-ip-app-5": 587,
          "KomakiLDA10NoDevice_2-ip-app-6": 765,
          "KomakiLDA10NoDevice_2-ip-app-7": 945,
          "KomakiLDA10NoDevice_2-ip-app-8": 602,
          "KomakiLDA10NoDevice_2-ip-app-9": 814,
          "KomakiLDA10NoDevice_2-ip-channel-0": 898,
          "KomakiLDA10NoDevice_2-ip-channel-1": 956,
          "KomakiLDA10NoDevice_2-ip-channel-2": 774,
          "KomakiLDA10NoDevice_2-ip-channel-3": 857,
          "KomakiLDA10NoDevice_2-ip-channel-4": 777,
          "KomakiLDA10NoDevice_2-ip-channel-5": 961,
          "KomakiLDA10NoDevice_2-ip-channel-6": 834,
          "KomakiLDA10NoDevice_2-ip-channel-7": 748,
          "KomakiLDA10NoDevice_2-ip-channel-8": 876,
          "KomakiLDA10NoDevice_2-ip-channel-9": 804,
          "KomakiLDA10NoDevice_2-os-ip-0": 154,
          "KomakiLDA10NoDevice_2-os-ip-1": 150,
          "KomakiLDA10NoDevice_2-os-ip-2": 179,
          "KomakiLDA10NoDevice_2-os-ip-3": 158,
          "KomakiLDA10NoDevice_2-os-ip-4": 111,
          "KomakiLDA10NoDevice_2-os-ip-5": 116,
          "KomakiLDA10NoDevice_2-os-ip-6": 109,
          "KomakiLDA10NoDevice_2-os-ip-7": 114,
          "KomakiLDA10NoDevice_2-os-ip-8": 136,
          "KomakiLDA10NoDevice_2-os-ip-9": 108,
          "KomakiLDA10NoDevice_2-os-app-0": 233,
          "KomakiLDA10NoDevice_2-os-app-1": 81,
          "KomakiLDA10NoDevice_2-os-app-2": 59,
          "KomakiLDA10NoDevice_2-os-app-3": 204,
          "KomakiLDA10NoDevice_2-os-app-4": 5,
          "KomakiLDA10NoDevice_2-os-app-5": 153,
          "KomakiLDA10NoDevice_2-os-app-6": 43,
          "KomakiLDA10NoDevice_2-os-app-7": 149,
          "KomakiLDA10NoDevice_2-os-app-8": 160,
          "KomakiLDA10NoDevice_2-os-app-9": 129,
          "KomakiLDA10NoDevice_2-os-channel-0": 201,
          "KomakiLDA10NoDevice_2-os-channel-1": 191,
          "KomakiLDA10NoDevice_2-os-channel-2": 78,
          "KomakiLDA10NoDevice_2-os-channel-3": 69,
          "KomakiLDA10NoDevice_2-os-channel-4": 190,
          "KomakiLDA10NoDevice_2-os-channel-5": 229,
          "KomakiLDA10NoDevice_2-os-channel-6": 227,
          "KomakiLDA10NoDevice_2-os-channel-7": 204,
          "KomakiLDA10NoDevice_2-os-channel-8": 114,
          "KomakiLDA10NoDevice_2-os-channel-9": 95,
          "KomakiLDA10NoDevice_2-channel-app-0": 319,
          "KomakiLDA10NoDevice_2-channel-app-1": 108,
          "KomakiLDA10NoDevice_2-channel-app-2": 108,
          "KomakiLDA10NoDevice_2-channel-app-3": 166,
          "KomakiLDA10NoDevice_2-channel-app-4": 151,
          "KomakiLDA10NoDevice_2-channel-app-5": 102,
          "KomakiLDA10NoDevice_2-channel-app-6": 129,
          "KomakiLDA10NoDevice_2-channel-app-7": 136,
          "KomakiLDA10NoDevice_2-channel-app-8": 194,
          "KomakiLDA10NoDevice_2-channel-app-9": 193,
          "KomakiNMF5NoDevice-ip-app-0": 444,
          "KomakiNMF5NoDevice-ip-app-1": 720,
          "KomakiNMF5NoDevice-ip-app-2": 559,
          "KomakiNMF5NoDevice-ip-app-3": 533,
          "KomakiNMF5NoDevice-ip-app-4": 512,
          "KomakiNMF5NoDevice-ip-os-0": 653,
          "KomakiNMF5NoDevice-ip-os-1": 624,
          "KomakiNMF5NoDevice-ip-os-2": 561,
          "KomakiNMF5NoDevice-ip-os-3": 633,
          "KomakiNMF5NoDevice-ip-os-4": 677,
          "KomakiNMF5NoDevice-ip-channel-0": 527,
          "KomakiNMF5NoDevice-ip-channel-1": 937,
          "KomakiNMF5NoDevice-ip-channel-2": 498,
          "KomakiNMF5NoDevice-ip-channel-3": 697,
          "KomakiNMF5NoDevice-ip-channel-4": 589,
          "KomakiNMF5NoDevice-app-ip-0": 108,
          "KomakiNMF5NoDevice-app-ip-1": 97,
          "KomakiNMF5NoDevice-app-ip-2": 84,
          "KomakiNMF5NoDevice-app-ip-3": 86,
          "KomakiNMF5NoDevice-app-ip-4": 41,
          "KomakiNMF5NoDevice-app-os-0": 39,
          "KomakiNMF5NoDevice-app-os-1": 51,
          "KomakiNMF5NoDevice-app-os-2": 80,
          "KomakiNMF5NoDevice-app-os-3": 21,
          "KomakiNMF5NoDevice-app-os-4": 16,
          "KomakiNMF5NoDevice-app-channel-0": 63,
          "KomakiNMF5NoDevice-app-channel-1": 65,
          "KomakiNMF5NoDevice-app-channel-2": 99,
          "KomakiNMF5NoDevice-app-channel-3": 109,
          "KomakiNMF5NoDevice-app-channel-4": 44,
          "KomakiNMF5NoDevice-os-ip-0": 92,
          "KomakiNMF5NoDevice-os-ip-1": 126,
          "KomakiNMF5NoDevice-os-ip-2": 100,
          "KomakiNMF5NoDevice-os-ip-3": 125,
          "KomakiNMF5NoDevice-os-ip-4": 85,
          "KomakiNMF5NoDevice-os-app-0": 76,
          "KomakiNMF5NoDevice-os-app-1": 1,
          "KomakiNMF5NoDevice-os-app-2": 77,
          "KomakiNMF5NoDevice-os-app-3": 133,
          "KomakiNMF5NoDevice-os-app-4": 72,
          "KomakiNMF5NoDevice-os-channel-0": 183,
          "KomakiNMF5NoDevice-os-channel-1": 103,
          "KomakiNMF5NoDevice-os-channel-2": 184,
          "KomakiNMF5NoDevice-os-channel-3": 149,
          "KomakiNMF5NoDevice-os-channel-4": 132,
          "KomakiNMF5NoDevice-channel-ip-0": 227,
          "KomakiNMF5NoDevice-channel-ip-1": 156,
          "KomakiNMF5NoDevice-channel-ip-2": 159,
          "KomakiNMF5NoDevice-channel-ip-3": 200,
          "KomakiNMF5NoDevice-channel-ip-4": 212,
          "KomakiNMF5NoDevice-channel-app-0": 89,
          "KomakiNMF5NoDevice-channel-app-1": 36,
          "KomakiNMF5NoDevice-channel-app-2": 125,
          "KomakiNMF5NoDevice-channel-app-3": 67,
          "KomakiNMF5NoDevice-channel-app-4": 102,
          "KomakiNMF5NoDevice-channel-os-0": 187,
          "KomakiNMF5NoDevice-channel-os-1": 37,
          "KomakiNMF5NoDevice-channel-os-2": 199,
          "KomakiNMF5NoDevice-channel-os-3": 97,
          "KomakiNMF5NoDevice-channel-os-4": 198,
          "KomakiPCA5NoDevice-ip-app-0": 743,
          "KomakiPCA5NoDevice-ip-app-1": 616,
          "KomakiPCA5NoDevice-ip-app-2": 624,
          "KomakiPCA5NoDevice-ip-app-3": 477,
          "KomakiPCA5NoDevice-ip-app-4": 629,
          "KomakiPCA5NoDevice-ip-os-0": 808,
          "KomakiPCA5NoDevice-ip-os-1": 539,
          "KomakiPCA5NoDevice-ip-os-2": 638,
          "KomakiPCA5NoDevice-ip-os-3": 580,
          "KomakiPCA5NoDevice-ip-os-4": 744,
          "KomakiPCA5NoDevice-ip-channel-0": 814,
          "KomakiPCA5NoDevice-ip-channel-1": 670,
          "KomakiPCA5NoDevice-ip-channel-2": 674,
          "KomakiPCA5NoDevice-ip-channel-3": 756,
          "KomakiPCA5NoDevice-ip-channel-4": 608,
          "KomakiPCA5NoDevice-app-ip-0": 77,
          "KomakiPCA5NoDevice-app-ip-1": 58,
          "KomakiPCA5NoDevice-app-ip-2": 79,
          "KomakiPCA5NoDevice-app-ip-3": 93,
          "KomakiPCA5NoDevice-app-ip-4": 53,
          "KomakiPCA5NoDevice-app-os-0": 122,
          "KomakiPCA5NoDevice-app-os-1": 59,
          "KomakiPCA5NoDevice-app-os-2": 76,
          "KomakiPCA5NoDevice-app-os-3": 84,
          "KomakiPCA5NoDevice-app-os-4": 93,
          "KomakiPCA5NoDevice-app-channel-0": 60,
          "KomakiPCA5NoDevice-app-channel-1": 98,
          "KomakiPCA5NoDevice-app-channel-2": 94,
          "KomakiPCA5NoDevice-app-channel-3": 86,
          "KomakiPCA5NoDevice-app-channel-4": 98,
          "KomakiPCA5NoDevice-os-ip-0": 47,
          "KomakiPCA5NoDevice-os-ip-1": 91,
          "KomakiPCA5NoDevice-os-ip-2": 125,
          "KomakiPCA5NoDevice-os-ip-3": 121,
          "KomakiPCA5NoDevice-os-ip-4": 130,
          "KomakiPCA5NoDevice-os-app-0": 88,
          "KomakiPCA5NoDevice-os-app-1": 99,
          "KomakiPCA5NoDevice-os-app-2": 92,
          "KomakiPCA5NoDevice-os-app-3": 108,
          "KomakiPCA5NoDevice-os-app-4": 118,
          "KomakiPCA5NoDevice-os-channel-0": 114,
          "KomakiPCA5NoDevice-os-channel-1": 170,
          "KomakiPCA5NoDevice-os-channel-2": 77,
          "KomakiPCA5NoDevice-os-channel-3": 67,
          "KomakiPCA5NoDevice-os-channel-4": 88,
          "KomakiPCA5NoDevice-channel-ip-0": 189,
          "KomakiPCA5NoDevice-channel-ip-1": 210,
          "KomakiPCA5NoDevice-channel-ip-2": 161,
          "KomakiPCA5NoDevice-channel-ip-3": 176,
          "KomakiPCA5NoDevice-channel-ip-4": 226,
          "KomakiPCA5NoDevice-channel-app-0": 193,
          "KomakiPCA5NoDevice-channel-app-1": 95,
          "KomakiPCA5NoDevice-channel-app-2": 140,
          "KomakiPCA5NoDevice-channel-app-3": 129,
          "KomakiPCA5NoDevice-channel-app-4": 143,
          "KomakiPCA5NoDevice-channel-os-0": 186,
          "KomakiPCA5NoDevice-channel-os-1": 172,
          "KomakiPCA5NoDevice-channel-os-2": 129,
          "KomakiPCA5NoDevice-channel-os-3": 169,
          "KomakiPCA5NoDevice-channel-os-4": 148
        }
      },
      {
        "train_auc": 0.9948751244712987,
        "valid_auc": 0.9848349416004045,
        "best_iteration": 700,
        "train_time": 291.77845764160156,
        "feature_importance": {
          "app": 2967,
          "hour": 3438,
          "n_channels": 888,
          "ip_app_count": 776,
          "ip_app_os_count": 882,
          "DuplicateRowIndexDiff": 57,
          "FutureClickCount_600-ip": 511,
          "FutureClickCount_600-app": 523,
          "FutureClickCount_600-ip-app": 193,
          "FutureClickCount_600-dev": 259,
          "FutureClickCount_600-ip-dev": 532,
          "FutureClickCount_600-app-dev": 436,
          "FutureClickCount_600-ip-app-dev": 167,
          "FutureClickCount_600-os": 240,
          "FutureClickCount_600-ip-os": 376,
          "FutureClickCount_600-app-os": 429,
          "FutureClickCount_600-ip-app-os": 165,
          "FutureClickCount_600-dev-os": 516,
          "FutureClickCount_600-ip-dev-os": 314,
          "FutureClickCount_600-app-dev-os": 564,
          "FutureClickCount_600-ip-app-dev-os": 283,
          "FutureClickCount_600-cha": 459,
          "FutureClickCount_600-ip-cha": 126,
          "FutureClickCount_600-app-cha": 727,
          "FutureClickCount_600-ip-app-cha": 71,
          "FutureClickCount_600-dev-cha": 359,
          "FutureClickCount_600-ip-dev-cha": 98,
          "FutureClickCount_600-app-dev-cha": 421,
          "FutureClickCount_600-ip-app-dev-cha": 76,
          "FutureClickCount_600-os-cha": 303,
          "FutureClickCount_600-ip-os-cha": 73,
          "FutureClickCount_600-app-os-cha": 413,
          "FutureClickCount_600-ip-app-os-cha": 64,
          "FutureClickCount_600-dev-os-cha": 361,
          "FutureClickCount_600-ip-dev-os-cha": 81,
          "FutureClickCount_600-app-dev-os-cha": 354,
          "FutureClickCount_600-ip-app-dev-os-cha": 70,
          "FutureClickCount_4800-ip": 714,
          "FutureClickCount_4800-app": 337,
          "FutureClickCount_4800-ip-app": 292,
          "FutureClickCount_4800-dev": 58,
          "FutureClickCount_4800-ip-dev": 922,
          "FutureClickCount_4800-app-dev": 233,
          "FutureClickCount_4800-ip-app-dev": 239,
          "FutureClickCount_4800-os": 141,
          "FutureClickCount_4800-ip-os": 586,
          "FutureClickCount_4800-app-os": 384,
          "FutureClickCount_4800-ip-app-os": 256,
          "FutureClickCount_4800-dev-os": 269,
          "FutureClickCount_4800-ip-dev-os": 692,
          "FutureClickCount_4800-app-dev-os": 474,
          "FutureClickCount_4800-ip-app-dev-os": 271,
          "FutureClickCount_4800-cha": 313,
          "FutureClickCount_4800-ip-cha": 196,
          "FutureClickCount_4800-app-cha": 539,
          "FutureClickCount_4800-ip-app-cha": 146,
          "FutureClickCount_4800-dev-cha": 237,
          "FutureClickCount_4800-ip-dev-cha": 172,
          "FutureClickCount_4800-app-dev-cha": 352,
          "FutureClickCount_4800-ip-app-dev-cha": 142,
          "FutureClickCount_4800-os-cha": 314,
          "FutureClickCount_4800-ip-os-cha": 98,
          "FutureClickCount_4800-app-os-cha": 357,
          "FutureClickCount_4800-ip-app-os-cha": 107,
          "FutureClickCount_4800-dev-os-cha": 311,
          "FutureClickCount_4800-ip-dev-os-cha": 82,
          "FutureClickCount_4800-app-dev-os-cha": 277,
          "FutureClickCount_4800-ip-app-dev-os-cha": 110,
          "NextClickTimeDelta-ip": 679,
          "NextClickTimeDelta-app": 93,
          "NextClickTimeDelta-ip-app": 797,
          "NextClickTimeDelta-dev": 61,
          "NextClickTimeDelta-ip-dev": 481,
          "NextClickTimeDelta-app-dev": 84,
          "NextClickTimeDelta-ip-app-dev": 582,
          "NextClickTimeDelta-os": 47,
          "NextClickTimeDelta-ip-os": 636,
          "NextClickTimeDelta-app-os": 213,
          "NextClickTimeDelta-ip-app-os": 1343,
          "NextClickTimeDelta-dev-os": 91,
          "NextClickTimeDelta-ip-dev-os": 451,
          "NextClickTimeDelta-app-dev-os": 145,
          "NextClickTimeDelta-ip-app-dev-os": 2215,
          "NextClickTimeDelta-cha": 92,
          "NextClickTimeDelta-ip-cha": 525,
          "NextClickTimeDelta-app-cha": 181,
          "NextClickTimeDelta-ip-app-cha": 443,
          "NextClickTimeDelta-dev-cha": 84,
          "NextClickTimeDelta-ip-dev-cha": 353,
          "NextClickTimeDelta-app-dev-cha": 105,
          "NextClickTimeDelta-ip-app-dev-cha": 380,
          "NextClickTimeDelta-os-cha": 216,
          "NextClickTimeDelta-ip-os-cha": 339,
          "NextClickTimeDelta-app-os-cha": 280,
          "NextClickTimeDelta-ip-app-os-cha": 461,
          "NextClickTimeDelta-dev-os-cha": 176,
          "NextClickTimeDelta-ip-dev-os-cha": 329,
          "NextClickTimeDelta-app-dev-os-cha": 205,
          "NextClickTimeDelta-ip-app-dev-os-cha": 519,
          "PrevClickTimeDelta-ip": 534,
          "PrevClickTimeDelta-app": 89,
          "PrevClickTimeDelta-ip-app": 420,
          "PrevClickTimeDelta-dev": 56,
          "PrevClickTimeDelta-ip-dev": 377,
          "PrevClickTimeDelta-app-dev": 69,
          "PrevClickTimeDelta-ip-app-dev": 334,
          "PrevClickTimeDelta-os": 55,
          "PrevClickTimeDelta-ip-os": 487,
          "PrevClickTimeDelta-app-os": 156,
          "PrevClickTimeDelta-ip-app-os": 394,
          "PrevClickTimeDelta-dev-os": 60,
          "PrevClickTimeDelta-ip-dev-os": 286,
          "PrevClickTimeDelta-app-dev-os": 179,
          "PrevClickTimeDelta-ip-app-dev-os": 331,
          "PrevClickTimeDelta-cha": 106,
          "PrevClickTimeDelta-ip-cha": 393,
          "PrevClickTimeDelta-app-cha": 161,
          "PrevClickTimeDelta-ip-app-cha": 303,
          "PrevClickTimeDelta-dev-cha": 110,
          "PrevClickTimeDelta-ip-dev-cha": 298,
          "PrevClickTimeDelta-app-dev-cha": 111,
          "PrevClickTimeDelta-ip-app-dev-cha": 237,
          "PrevClickTimeDelta-os-cha": 195,
          "PrevClickTimeDelta-ip-os-cha": 294,
          "PrevClickTimeDelta-app-os-cha": 235,
          "PrevClickTimeDelta-ip-app-os-cha": 249,
          "PrevClickTimeDelta-dev-os-cha": 190,
          "PrevClickTimeDelta-ip-dev-os-cha": 197,
          "PrevClickTimeDelta-app-dev-os-cha": 209,
          "PrevClickTimeDelta-ip-app-dev-os-cha": 190,
          "AverageAttributedRatio-ip": 347,
          "AverageAttributedRatio-app": 259,
          "AverageAttributedRatio-ip-app": 194,
          "AverageAttributedRatio-dev": 510,
          "AverageAttributedRatio-ip-dev": 329,
          "AverageAttributedRatio-app-dev": 261,
          "AverageAttributedRatio-ip-app-dev": 199,
          "AverageAttributedRatio-os": 313,
          "AverageAttributedRatio-ip-os": 216,
          "AverageAttributedRatio-app-os": 275,
          "AverageAttributedRatio-ip-app-os": 38,
          "AverageAttributedRatio-dev-os": 267,
          "AverageAttributedRatio-ip-dev-os": 200,
          "AverageAttributedRatio-app-dev-os": 262,
          "AverageAttributedRatio-ip-app-dev-os": 39,
          "AverageAttributedRatio-cha": 223,
          "AverageAttributedRatio-ip-cha": 90,
          "AverageAttributedRatio-app-cha": 255,
          "AverageAttributedRatio-ip-app-cha": 56,
          "AverageAttributedRatio-dev-cha": 200,
          "AverageAttributedRatio-ip-dev-cha": 72,
          "AverageAttributedRatio-app-dev-cha": 195,
          "AverageAttributedRatio-ip-app-dev-cha": 62,
          "AverageAttributedRatio-os-cha": 246,
          "AverageAttributedRatio-ip-os-cha": 35,
          "AverageAttributedRatio-app-os-cha": 316,
          "AverageAttributedRatio-ip-app-os-cha": 36,
          "AverageAttributedRatio-dev-os-cha": 241,
          "AverageAttributedRatio-ip-dev-os-cha": 27,
          "AverageAttributedRatio-app-dev-os-cha": 226,
          "AverageAttributedRatio-ip-app-dev-os-cha": 32,
          "KomakiLDA10NoDevice_1-ip-os-0": 823,
          "KomakiLDA10NoDevice_1-ip-os-1": 598,
          "KomakiLDA10NoDevice_1-ip-os-2": 865,
          "KomakiLDA10NoDevice_1-ip-os-3": 800,
          "KomakiLDA10NoDevice_1-ip-os-4": 756,
          "KomakiLDA10NoDevice_1-ip-os-5": 967,
          "KomakiLDA10NoDevice_1-ip-os-6": 869,
          "KomakiLDA10NoDevice_1-ip-os-7": 706,
          "KomakiLDA10NoDevice_1-ip-os-8": 702,
          "KomakiLDA10NoDevice_1-ip-os-9": 906,
          "KomakiLDA10NoDevice_1-app-ip-0": 183,
          "KomakiLDA10NoDevice_1-app-ip-1": 178,
          "KomakiLDA10NoDevice_1-app-ip-2": 129,
          "KomakiLDA10NoDevice_1-app-ip-3": 152,
          "KomakiLDA10NoDevice_1-app-ip-4": 96,
          "KomakiLDA10NoDevice_1-app-ip-5": 89,
          "KomakiLDA10NoDevice_1-app-ip-6": 205,
          "KomakiLDA10NoDevice_1-app-ip-7": 142,
          "KomakiLDA10NoDevice_1-app-ip-8": 150,
          "KomakiLDA10NoDevice_1-app-ip-9": 104,
          "KomakiLDA10NoDevice_1-app-os-0": 151,
          "KomakiLDA10NoDevice_1-app-os-1": 99,
          "KomakiLDA10NoDevice_1-app-os-2": 105,
          "KomakiLDA10NoDevice_1-app-os-3": 157,
          "KomakiLDA10NoDevice_1-app-os-4": 121,
          "KomakiLDA10NoDevice_1-app-os-5": 130,
          "KomakiLDA10NoDevice_1-app-os-6": 110,
          "KomakiLDA10NoDevice_1-app-os-7": 101,
          "KomakiLDA10NoDevice_1-app-os-8": 93,
          "KomakiLDA10NoDevice_1-app-os-9": 109,
          "KomakiLDA10NoDevice_1-app-channel-0": 72,
          "KomakiLDA10NoDevice_1-app-channel-1": 131,
          "KomakiLDA10NoDevice_1-app-channel-2": 139,
          "KomakiLDA10NoDevice_1-app-channel-3": 51,
          "KomakiLDA10NoDevice_1-app-channel-4": 54,
          "KomakiLDA10NoDevice_1-app-channel-5": 65,
          "KomakiLDA10NoDevice_1-app-channel-6": 110,
          "KomakiLDA10NoDevice_1-app-channel-7": 92,
          "KomakiLDA10NoDevice_1-app-channel-8": 69,
          "KomakiLDA10NoDevice_1-app-channel-9": 65,
          "KomakiLDA10NoDevice_1-channel-ip-0": 263,
          "KomakiLDA10NoDevice_1-channel-ip-1": 250,
          "KomakiLDA10NoDevice_1-channel-ip-2": 232,
          "KomakiLDA10NoDevice_1-channel-ip-3": 239,
          "KomakiLDA10NoDevice_1-channel-ip-4": 203,
          "KomakiLDA10NoDevice_1-channel-ip-5": 132,
          "KomakiLDA10NoDevice_1-channel-ip-6": 214,
          "KomakiLDA10NoDevice_1-channel-ip-7": 218,
          "KomakiLDA10NoDevice_1-channel-ip-8": 186,
          "KomakiLDA10NoDevice_1-channel-ip-9": 42,
          "KomakiLDA10NoDevice_1-channel-os-0": 220,
          "KomakiLDA10NoDevice_1-channel-os-1": 170,
          "KomakiLDA10NoDevice_1-channel-os-2": 41,
          "KomakiLDA10NoDevice_1-channel-os-3": 237,
          "KomakiLDA10NoDevice_1-channel-os-4": 178,
          "KomakiLDA10NoDevice_1-channel-os-5": 280,
          "KomakiLDA10NoDevice_1-channel-os-6": 191,
          "KomakiLDA10NoDevice_1-channel-os-7": 174,
          "KomakiLDA10NoDevice_1-channel-os-8": 65,
          "KomakiLDA10NoDevice_1-channel-os-9": 32,
          "KomakiLDA10NoDevice_2-ip-app-0": 932,
          "KomakiLDA10NoDevice_2-ip-app-1": 667,
          "KomakiLDA10NoDevice_2-ip-app-2": 923,
          "KomakiLDA10NoDevice_2-ip-app-3": 1092,
          "KomakiLDA10NoDevice_2-ip-app-4": 1040,
          "KomakiLDA10NoDevice_2-ip-app-5": 583,
          "KomakiLDA10NoDevice_2-ip-app-6": 858,
          "KomakiLDA10NoDevice_2-ip-app-7": 993,
          "KomakiLDA10NoDevice_2-ip-app-8": 713,
          "KomakiLDA10NoDevice_2-ip-app-9": 761,
          "KomakiLDA10NoDevice_2-ip-channel-0": 840,
          "KomakiLDA10NoDevice_2-ip-channel-1": 914,
          "KomakiLDA10NoDevice_2-ip-channel-2": 829,
          "KomakiLDA10NoDevice_2-ip-channel-3": 857,
          "KomakiLDA10NoDevice_2-ip-channel-4": 764,
          "KomakiLDA10NoDevice_2-ip-channel-5": 1012,
          "KomakiLDA10NoDevice_2-ip-channel-6": 801,
          "KomakiLDA10NoDevice_2-ip-channel-7": 863,
          "KomakiLDA10NoDevice_2-ip-channel-8": 902,
          "KomakiLDA10NoDevice_2-ip-channel-9": 977,
          "KomakiLDA10NoDevice_2-os-ip-0": 188,
          "KomakiLDA10NoDevice_2-os-ip-1": 176,
          "KomakiLDA10NoDevice_2-os-ip-2": 191,
          "KomakiLDA10NoDevice_2-os-ip-3": 189,
          "KomakiLDA10NoDevice_2-os-ip-4": 97,
          "KomakiLDA10NoDevice_2-os-ip-5": 135,
          "KomakiLDA10NoDevice_2-os-ip-6": 162,
          "KomakiLDA10NoDevice_2-os-ip-7": 108,
          "KomakiLDA10NoDevice_2-os-ip-8": 163,
          "KomakiLDA10NoDevice_2-os-ip-9": 125,
          "KomakiLDA10NoDevice_2-os-app-0": 249,
          "KomakiLDA10NoDevice_2-os-app-1": 74,
          "KomakiLDA10NoDevice_2-os-app-2": 48,
          "KomakiLDA10NoDevice_2-os-app-3": 176,
          "KomakiLDA10NoDevice_2-os-app-4": 13,
          "KomakiLDA10NoDevice_2-os-app-5": 133,
          "KomakiLDA10NoDevice_2-os-app-6": 37,
          "KomakiLDA10NoDevice_2-os-app-7": 127,
          "KomakiLDA10NoDevice_2-os-app-8": 121,
          "KomakiLDA10NoDevice_2-os-app-9": 146,
          "KomakiLDA10NoDevice_2-os-channel-0": 185,
          "KomakiLDA10NoDevice_2-os-channel-1": 176,
          "KomakiLDA10NoDevice_2-os-channel-2": 74,
          "KomakiLDA10NoDevice_2-os-channel-3": 79,
          "KomakiLDA10NoDevice_2-os-channel-4": 184,
          "KomakiLDA10NoDevice_2-os-channel-5": 225,
          "KomakiLDA10NoDevice_2-os-channel-6": 216,
          "KomakiLDA10NoDevice_2-os-channel-7": 189,
          "KomakiLDA10NoDevice_2-os-channel-8": 114,
          "KomakiLDA10NoDevice_2-os-channel-9": 105,
          "KomakiLDA10NoDevice_2-channel-app-0": 365,
          "KomakiLDA10NoDevice_2-channel-app-1": 131,
          "KomakiLDA10NoDevice_2-channel-app-2": 112,
          "KomakiLDA10NoDevice_2-channel-app-3": 195,
          "KomakiLDA10NoDevice_2-channel-app-4": 135,
          "KomakiLDA10NoDevice_2-channel-app-5": 106,
          "KomakiLDA10NoDevice_2-channel-app-6": 127,
          "KomakiLDA10NoDevice_2-channel-app-7": 161,
          "KomakiLDA10NoDevice_2-channel-app-8": 205,
          "KomakiLDA10NoDevice_2-channel-app-9": 180,
          "KomakiNMF5NoDevice-ip-app-0": 532,
          "KomakiNMF5NoDevice-ip-app-1": 789,
          "KomakiNMF5NoDevice-ip-app-2": 609,
          "KomakiNMF5NoDevice-ip-app-3": 531,
          "KomakiNMF5NoDevice-ip-app-4": 597,
          "KomakiNMF5NoDevice-ip-os-0": 630,
          "KomakiNMF5NoDevice-ip-os-1": 662,
          "KomakiNMF5NoDevice-ip-os-2": 606,
          "KomakiNMF5NoDevice-ip-os-3": 612,
          "KomakiNMF5NoDevice-ip-os-4": 697,
          "KomakiNMF5NoDevice-ip-channel-0": 628,
          "KomakiNMF5NoDevice-ip-channel-1": 986,
          "KomakiNMF5NoDevice-ip-channel-2": 569,
          "KomakiNMF5NoDevice-ip-channel-3": 679,
          "KomakiNMF5NoDevice-ip-channel-4": 633,
          "KomakiNMF5NoDevice-app-ip-0": 110,
          "KomakiNMF5NoDevice-app-ip-1": 115,
          "KomakiNMF5NoDevice-app-ip-2": 87,
          "KomakiNMF5NoDevice-app-ip-3": 85,
          "KomakiNMF5NoDevice-app-ip-4": 46,
          "KomakiNMF5NoDevice-app-os-0": 29,
          "KomakiNMF5NoDevice-app-os-1": 72,
          "KomakiNMF5NoDevice-app-os-2": 77,
          "KomakiNMF5NoDevice-app-os-3": 21,
          "KomakiNMF5NoDevice-app-os-4": 22,
          "KomakiNMF5NoDevice-app-channel-0": 74,
          "KomakiNMF5NoDevice-app-channel-1": 86,
          "KomakiNMF5NoDevice-app-channel-2": 110,
          "KomakiNMF5NoDevice-app-channel-3": 110,
          "KomakiNMF5NoDevice-app-channel-4": 87,
          "KomakiNMF5NoDevice-os-ip-0": 95,
          "KomakiNMF5NoDevice-os-ip-1": 126,
          "KomakiNMF5NoDevice-os-ip-2": 94,
          "KomakiNMF5NoDevice-os-ip-3": 130,
          "KomakiNMF5NoDevice-os-ip-4": 104,
          "KomakiNMF5NoDevice-os-app-0": 66,
          "KomakiNMF5NoDevice-os-app-1": 2,
          "KomakiNMF5NoDevice-os-app-2": 79,
          "KomakiNMF5NoDevice-os-app-3": 135,
          "KomakiNMF5NoDevice-os-app-4": 59,
          "KomakiNMF5NoDevice-os-channel-0": 222,
          "KomakiNMF5NoDevice-os-channel-1": 105,
          "KomakiNMF5NoDevice-os-channel-2": 192,
          "KomakiNMF5NoDevice-os-channel-3": 143,
          "KomakiNMF5NoDevice-os-channel-4": 144,
          "KomakiNMF5NoDevice-channel-ip-0": 238,
          "KomakiNMF5NoDevice-channel-ip-1": 183,
          "KomakiNMF5NoDevice-channel-ip-2": 169,
          "KomakiNMF5NoDevice-channel-ip-3": 195,
          "KomakiNMF5NoDevice-channel-ip-4": 188,
          "KomakiNMF5NoDevice-channel-app-0": 107,
          "KomakiNMF5NoDevice-channel-app-1": 39,
          "KomakiNMF5NoDevice-channel-app-2": 108,
          "KomakiNMF5NoDevice-channel-app-3": 80,
          "KomakiNMF5NoDevice-channel-app-4": 103,
          "KomakiNMF5NoDevice-channel-os-0": 221,
          "KomakiNMF5NoDevice-channel-os-1": 39,
          "KomakiNMF5NoDevice-channel-os-2": 223,
          "KomakiNMF5NoDevice-channel-os-3": 86,
          "KomakiNMF5NoDevice-channel-os-4": 211,
          "KomakiPCA5NoDevice-ip-app-0": 835,
          "KomakiPCA5NoDevice-ip-app-1": 688,
          "KomakiPCA5NoDevice-ip-app-2": 637,
          "KomakiPCA5NoDevice-ip-app-3": 515,
          "KomakiPCA5NoDevice-ip-app-4": 655,
          "KomakiPCA5NoDevice-ip-os-0": 906,
          "KomakiPCA5NoDevice-ip-os-1": 588,
          "KomakiPCA5NoDevice-ip-os-2": 648,
          "KomakiPCA5NoDevice-ip-os-3": 617,
          "KomakiPCA5NoDevice-ip-os-4": 759,
          "KomakiPCA5NoDevice-ip-channel-0": 983,
          "KomakiPCA5NoDevice-ip-channel-1": 773,
          "KomakiPCA5NoDevice-ip-channel-2": 695,
          "KomakiPCA5NoDevice-ip-channel-3": 823,
          "KomakiPCA5NoDevice-ip-channel-4": 653,
          "KomakiPCA5NoDevice-app-ip-0": 59,
          "KomakiPCA5NoDevice-app-ip-1": 83,
          "KomakiPCA5NoDevice-app-ip-2": 69,
          "KomakiPCA5NoDevice-app-ip-3": 111,
          "KomakiPCA5NoDevice-app-ip-4": 65,
          "KomakiPCA5NoDevice-app-os-0": 118,
          "KomakiPCA5NoDevice-app-os-1": 73,
          "KomakiPCA5NoDevice-app-os-2": 82,
          "KomakiPCA5NoDevice-app-os-3": 85,
          "KomakiPCA5NoDevice-app-os-4": 90,
          "KomakiPCA5NoDevice-app-channel-0": 75,
          "KomakiPCA5NoDevice-app-channel-1": 129,
          "KomakiPCA5NoDevice-app-channel-2": 93,
          "KomakiPCA5NoDevice-app-channel-3": 76,
          "KomakiPCA5NoDevice-app-channel-4": 127,
          "KomakiPCA5NoDevice-os-ip-0": 50,
          "KomakiPCA5NoDevice-os-ip-1": 110,
          "KomakiPCA5NoDevice-os-ip-2": 116,
          "KomakiPCA5NoDevice-os-ip-3": 134,
          "KomakiPCA5NoDevice-os-ip-4": 138,
          "KomakiPCA5NoDevice-os-app-0": 88,
          "KomakiPCA5NoDevice-os-app-1": 90,
          "KomakiPCA5NoDevice-os-app-2": 82,
          "KomakiPCA5NoDevice-os-app-3": 121,
          "KomakiPCA5NoDevice-os-app-4": 140,
          "KomakiPCA5NoDevice-os-channel-0": 119,
          "KomakiPCA5NoDevice-os-channel-1": 156,
          "KomakiPCA5NoDevice-os-channel-2": 90,
          "KomakiPCA5NoDevice-os-channel-3": 76,
          "KomakiPCA5NoDevice-os-channel-4": 100,
          "KomakiPCA5NoDevice-channel-ip-0": 205,
          "KomakiPCA5NoDevice-channel-ip-1": 190,
          "KomakiPCA5NoDevice-channel-ip-2": 178,
          "KomakiPCA5NoDevice-channel-ip-3": 172,
          "KomakiPCA5NoDevice-channel-ip-4": 208,
          "KomakiPCA5NoDevice-channel-app-0": 209,
          "KomakiPCA5NoDevice-channel-app-1": 157,
          "KomakiPCA5NoDevice-channel-app-2": 158,
          "KomakiPCA5NoDevice-channel-app-3": 147,
          "KomakiPCA5NoDevice-channel-app-4": 167,
          "KomakiPCA5NoDevice-channel-os-0": 175,
          "KomakiPCA5NoDevice-channel-os-1": 198,
          "KomakiPCA5NoDevice-channel-os-2": 139,
          "KomakiPCA5NoDevice-channel-os-3": 171,
          "KomakiPCA5NoDevice-channel-os-4": 161
        }
      },
      {
        "train_auc": 0.9940711835279987,
        "valid_auc": 0.9849088306331467,
        "best_iteration": 616,
        "train_time": 291.0167498588562,
        "feature_importance": {
          "app": 2524,
          "hour": 2964,
          "n_channels": 737,
          "ip_app_count": 733,
          "ip_app_os_count": 852,
          "DuplicateRowIndexDiff": 92,
          "FutureClickCount_600-ip": 456,
          "FutureClickCount_600-app": 466,
          "FutureClickCount_600-ip-app": 127,
          "FutureClickCount_600-dev": 234,
          "FutureClickCount_600-ip-dev": 466,
          "FutureClickCount_600-app-dev": 356,
          "FutureClickCount_600-ip-app-dev": 130,
          "FutureClickCount_600-os": 258,
          "FutureClickCount_600-ip-os": 309,
          "FutureClickCount_600-app-os": 402,
          "FutureClickCount_600-ip-app-os": 180,
          "FutureClickCount_600-dev-os": 539,
          "FutureClickCount_600-ip-dev-os": 294,
          "FutureClickCount_600-app-dev-os": 529,
          "FutureClickCount_600-ip-app-dev-os": 247,
          "FutureClickCount_600-cha": 426,
          "FutureClickCount_600-ip-cha": 96,
          "FutureClickCount_600-app-cha": 601,
          "FutureClickCount_600-ip-app-cha": 70,
          "FutureClickCount_600-dev-cha": 309,
          "FutureClickCount_600-ip-dev-cha": 76,
          "FutureClickCount_600-app-dev-cha": 363,
          "FutureClickCount_600-ip-app-dev-cha": 51,
          "FutureClickCount_600-os-cha": 290,
          "FutureClickCount_600-ip-os-cha": 55,
          "FutureClickCount_600-app-os-cha": 275,
          "FutureClickCount_600-ip-app-os-cha": 53,
          "FutureClickCount_600-dev-os-cha": 318,
          "FutureClickCount_600-ip-dev-os-cha": 54,
          "FutureClickCount_600-app-dev-os-cha": 326,
          "FutureClickCount_600-ip-app-dev-os-cha": 58,
          "FutureClickCount_4800-ip": 638,
          "FutureClickCount_4800-app": 265,
          "FutureClickCount_4800-ip-app": 241,
          "FutureClickCount_4800-dev": 54,
          "FutureClickCount_4800-ip-dev": 949,
          "FutureClickCount_4800-app-dev": 171,
          "FutureClickCount_4800-ip-app-dev": 197,
          "FutureClickCount_4800-os": 132,
          "FutureClickCount_4800-ip-os": 512,
          "FutureClickCount_4800-app-os": 304,
          "FutureClickCount_4800-ip-app-os": 186,
          "FutureClickCount_4800-dev-os": 198,
          "FutureClickCount_4800-ip-dev-os": 632,
          "FutureClickCount_4800-app-dev-os": 428,
          "FutureClickCount_4800-ip-app-dev-os": 276,
          "FutureClickCount_4800-cha": 316,
          "FutureClickCount_4800-ip-cha": 175,
          "FutureClickCount_4800-app-cha": 456,
          "FutureClickCount_4800-ip-app-cha": 140,
          "FutureClickCount_4800-dev-cha": 224,
          "FutureClickCount_4800-ip-dev-cha": 143,
          "FutureClickCount_4800-app-dev-cha": 304,
          "FutureClickCount_4800-ip-app-dev-cha": 128,
          "FutureClickCount_4800-os-cha": 265,
          "FutureClickCount_4800-ip-os-cha": 74,
          "FutureClickCount_4800-app-os-cha": 337,
          "FutureClickCount_4800-ip-app-os-cha": 86,
          "FutureClickCount_4800-dev-os-cha": 259,
          "FutureClickCount_4800-ip-dev-os-cha": 76,
          "FutureClickCount_4800-app-dev-os-cha": 311,
          "FutureClickCount_4800-ip-app-dev-os-cha": 59,
          "NextClickTimeDelta-ip": 559,
          "NextClickTimeDelta-app": 80,
          "NextClickTimeDelta-ip-app": 737,
          "NextClickTimeDelta-dev": 53,
          "NextClickTimeDelta-ip-dev": 410,
          "NextClickTimeDelta-app-dev": 58,
          "NextClickTimeDelta-ip-app-dev": 530,
          "NextClickTimeDelta-os": 60,
          "NextClickTimeDelta-ip-os": 576,
          "NextClickTimeDelta-app-os": 184,
          "NextClickTimeDelta-ip-app-os": 1272,
          "NextClickTimeDelta-dev-os": 57,
          "NextClickTimeDelta-ip-dev-os": 359,
          "NextClickTimeDelta-app-dev-os": 140,
          "NextClickTimeDelta-ip-app-dev-os": 2106,
          "NextClickTimeDelta-cha": 112,
          "NextClickTimeDelta-ip-cha": 442,
          "NextClickTimeDelta-app-cha": 146,
          "NextClickTimeDelta-ip-app-cha": 367,
          "NextClickTimeDelta-dev-cha": 99,
          "NextClickTimeDelta-ip-dev-cha": 335,
          "NextClickTimeDelta-app-dev-cha": 87,
          "NextClickTimeDelta-ip-app-dev-cha": 291,
          "NextClickTimeDelta-os-cha": 199,
          "NextClickTimeDelta-ip-os-cha": 371,
          "NextClickTimeDelta-app-os-cha": 207,
          "NextClickTimeDelta-ip-app-os-cha": 411,
          "NextClickTimeDelta-dev-os-cha": 181,
          "NextClickTimeDelta-ip-dev-os-cha": 291,
          "NextClickTimeDelta-app-dev-os-cha": 194,
          "NextClickTimeDelta-ip-app-dev-os-cha": 455,
          "PrevClickTimeDelta-ip": 534,
          "PrevClickTimeDelta-app": 85,
          "PrevClickTimeDelta-ip-app": 370,
          "PrevClickTimeDelta-dev": 48,
          "PrevClickTimeDelta-ip-dev": 315,
          "PrevClickTimeDelta-app-dev": 61,
          "PrevClickTimeDelta-ip-app-dev": 298,
          "PrevClickTimeDelta-os": 95,
          "PrevClickTimeDelta-ip-os": 439,
          "PrevClickTimeDelta-app-os": 155,
          "PrevClickTimeDelta-ip-app-os": 300,
          "PrevClickTimeDelta-dev-os": 68,
          "PrevClickTimeDelta-ip-dev-os": 269,
          "PrevClickTimeDelta-app-dev-os": 125,
          "PrevClickTimeDelta-ip-app-dev-os": 274,
          "PrevClickTimeDelta-cha": 89,
          "PrevClickTimeDelta-ip-cha": 323,
          "PrevClickTimeDelta-app-cha": 133,
          "PrevClickTimeDelta-ip-app-cha": 264,
          "PrevClickTimeDelta-dev-cha": 92,
          "PrevClickTimeDelta-ip-dev-cha": 247,
          "PrevClickTimeDelta-app-dev-cha": 135,
          "PrevClickTimeDelta-ip-app-dev-cha": 235,
          "PrevClickTimeDelta-os-cha": 176,
          "PrevClickTimeDelta-ip-os-cha": 198,
          "PrevClickTimeDelta-app-os-cha": 214,
          "PrevClickTimeDelta-ip-app-os-cha": 182,
          "PrevClickTimeDelta-dev-os-cha": 148,
          "PrevClickTimeDelta-ip-dev-os-cha": 158,
          "PrevClickTimeDelta-app-dev-os-cha": 188,
          "PrevClickTimeDelta-ip-app-dev-os-cha": 131,
          "AverageAttributedRatio-ip": 331,
          "AverageAttributedRatio-app": 230,
          "AverageAttributedRatio-ip-app": 158,
          "AverageAttributedRatio-dev": 437,
          "AverageAttributedRatio-ip-dev": 266,
          "AverageAttributedRatio-app-dev": 222,
          "AverageAttributedRatio-ip-app-dev": 208,
          "AverageAttributedRatio-os": 289,
          "AverageAttributedRatio-ip-os": 196,
          "AverageAttributedRatio-app-os": 266,
          "AverageAttributedRatio-ip-app-os": 53,
          "AverageAttributedRatio-dev-os": 255,
          "AverageAttributedRatio-ip-dev-os": 167,
          "AverageAttributedRatio-app-dev-os": 217,
          "AverageAttributedRatio-ip-app-dev-os": 43,
          "AverageAttributedRatio-cha": 238,
          "AverageAttributedRatio-ip-cha": 86,
          "AverageAttributedRatio-app-cha": 231,
          "AverageAttributedRatio-ip-app-cha": 50,
          "AverageAttributedRatio-dev-cha": 190,
          "AverageAttributedRatio-ip-dev-cha": 50,
          "AverageAttributedRatio-app-dev-cha": 176,
          "AverageAttributedRatio-ip-app-dev-cha": 52,
          "AverageAttributedRatio-os-cha": 239,
          "AverageAttributedRatio-ip-os-cha": 26,
          "AverageAttributedRatio-app-os-cha": 227,
          "AverageAttributedRatio-ip-app-os-cha": 24,
          "AverageAttributedRatio-dev-os-cha": 197,
          "AverageAttributedRatio-ip-dev-os-cha": 22,
          "AverageAttributedRatio-app-dev-os-cha": 231,
          "AverageAttributedRatio-ip-app-dev-os-cha": 27,
          "KomakiLDA10NoDevice_1-ip-os-0": 693,
          "KomakiLDA10NoDevice_1-ip-os-1": 502,
          "KomakiLDA10NoDevice_1-ip-os-2": 773,
          "KomakiLDA10NoDevice_1-ip-os-3": 682,
          "KomakiLDA10NoDevice_1-ip-os-4": 676,
          "KomakiLDA10NoDevice_1-ip-os-5": 780,
          "KomakiLDA10NoDevice_1-ip-os-6": 676,
          "KomakiLDA10NoDevice_1-ip-os-7": 598,
          "KomakiLDA10NoDevice_1-ip-os-8": 531,
          "KomakiLDA10NoDevice_1-ip-os-9": 781,
          "KomakiLDA10NoDevice_1-app-ip-0": 173,
          "KomakiLDA10NoDevice_1-app-ip-1": 144,
          "KomakiLDA10NoDevice_1-app-ip-2": 131,
          "KomakiLDA10NoDevice_1-app-ip-3": 135,
          "KomakiLDA10NoDevice_1-app-ip-4": 91,
          "KomakiLDA10NoDevice_1-app-ip-5": 77,
          "KomakiLDA10NoDevice_1-app-ip-6": 195,
          "KomakiLDA10NoDevice_1-app-ip-7": 115,
          "KomakiLDA10NoDevice_1-app-ip-8": 139,
          "KomakiLDA10NoDevice_1-app-ip-9": 111,
          "KomakiLDA10NoDevice_1-app-os-0": 164,
          "KomakiLDA10NoDevice_1-app-os-1": 89,
          "KomakiLDA10NoDevice_1-app-os-2": 105,
          "KomakiLDA10NoDevice_1-app-os-3": 156,
          "KomakiLDA10NoDevice_1-app-os-4": 135,
          "KomakiLDA10NoDevice_1-app-os-5": 130,
          "KomakiLDA10NoDevice_1-app-os-6": 101,
          "KomakiLDA10NoDevice_1-app-os-7": 85,
          "KomakiLDA10NoDevice_1-app-os-8": 67,
          "KomakiLDA10NoDevice_1-app-os-9": 84,
          "KomakiLDA10NoDevice_1-app-channel-0": 63,
          "KomakiLDA10NoDevice_1-app-channel-1": 106,
          "KomakiLDA10NoDevice_1-app-channel-2": 113,
          "KomakiLDA10NoDevice_1-app-channel-3": 49,
          "KomakiLDA10NoDevice_1-app-channel-4": 64,
          "KomakiLDA10NoDevice_1-app-channel-5": 62,
          "KomakiLDA10NoDevice_1-app-channel-6": 116,
          "KomakiLDA10NoDevice_1-app-channel-7": 93,
          "KomakiLDA10NoDevice_1-app-channel-8": 104,
          "KomakiLDA10NoDevice_1-app-channel-9": 67,
          "KomakiLDA10NoDevice_1-channel-ip-0": 262,
          "KomakiLDA10NoDevice_1-channel-ip-1": 193,
          "KomakiLDA10NoDevice_1-channel-ip-2": 185,
          "KomakiLDA10NoDevice_1-channel-ip-3": 220,
          "KomakiLDA10NoDevice_1-channel-ip-4": 169,
          "KomakiLDA10NoDevice_1-channel-ip-5": 102,
          "KomakiLDA10NoDevice_1-channel-ip-6": 166,
          "KomakiLDA10NoDevice_1-channel-ip-7": 179,
          "KomakiLDA10NoDevice_1-channel-ip-8": 169,
          "KomakiLDA10NoDevice_1-channel-ip-9": 29,
          "KomakiLDA10NoDevice_1-channel-os-0": 179,
          "KomakiLDA10NoDevice_1-channel-os-1": 144,
          "KomakiLDA10NoDevice_1-channel-os-2": 25,
          "KomakiLDA10NoDevice_1-channel-os-3": 195,
          "KomakiLDA10NoDevice_1-channel-os-4": 212,
          "KomakiLDA10NoDevice_1-channel-os-5": 244,
          "KomakiLDA10NoDevice_1-channel-os-6": 149,
          "KomakiLDA10NoDevice_1-channel-os-7": 147,
          "KomakiLDA10NoDevice_1-channel-os-8": 62,
          "KomakiLDA10NoDevice_1-channel-os-9": 31,
          "KomakiLDA10NoDevice_2-ip-app-0": 790,
          "KomakiLDA10NoDevice_2-ip-app-1": 619,
          "KomakiLDA10NoDevice_2-ip-app-2": 815,
          "KomakiLDA10NoDevice_2-ip-app-3": 944,
          "KomakiLDA10NoDevice_2-ip-app-4": 934,
          "KomakiLDA10NoDevice_2-ip-app-5": 495,
          "KomakiLDA10NoDevice_2-ip-app-6": 759,
          "KomakiLDA10NoDevice_2-ip-app-7": 807,
          "KomakiLDA10NoDevice_2-ip-app-8": 590,
          "KomakiLDA10NoDevice_2-ip-app-9": 698,
          "KomakiLDA10NoDevice_2-ip-channel-0": 831,
          "KomakiLDA10NoDevice_2-ip-channel-1": 806,
          "KomakiLDA10NoDevice_2-ip-channel-2": 735,
          "KomakiLDA10NoDevice_2-ip-channel-3": 771,
          "KomakiLDA10NoDevice_2-ip-channel-4": 679,
          "KomakiLDA10NoDevice_2-ip-channel-5": 801,
          "KomakiLDA10NoDevice_2-ip-channel-6": 753,
          "KomakiLDA10NoDevice_2-ip-channel-7": 660,
          "KomakiLDA10NoDevice_2-ip-channel-8": 785,
          "KomakiLDA10NoDevice_2-ip-channel-9": 727,
          "KomakiLDA10NoDevice_2-os-ip-0": 138,
          "KomakiLDA10NoDevice_2-os-ip-1": 172,
          "KomakiLDA10NoDevice_2-os-ip-2": 173,
          "KomakiLDA10NoDevice_2-os-ip-3": 146,
          "KomakiLDA10NoDevice_2-os-ip-4": 97,
          "KomakiLDA10NoDevice_2-os-ip-5": 115,
          "KomakiLDA10NoDevice_2-os-ip-6": 132,
          "KomakiLDA10NoDevice_2-os-ip-7": 110,
          "KomakiLDA10NoDevice_2-os-ip-8": 126,
          "KomakiLDA10NoDevice_2-os-ip-9": 78,
          "KomakiLDA10NoDevice_2-os-app-0": 210,
          "KomakiLDA10NoDevice_2-os-app-1": 58,
          "KomakiLDA10NoDevice_2-os-app-2": 42,
          "KomakiLDA10NoDevice_2-os-app-3": 179,
          "KomakiLDA10NoDevice_2-os-app-4": 6,
          "KomakiLDA10NoDevice_2-os-app-5": 118,
          "KomakiLDA10NoDevice_2-os-app-6": 38,
          "KomakiLDA10NoDevice_2-os-app-7": 153,
          "KomakiLDA10NoDevice_2-os-app-8": 129,
          "KomakiLDA10NoDevice_2-os-app-9": 137,
          "KomakiLDA10NoDevice_2-os-channel-0": 197,
          "KomakiLDA10NoDevice_2-os-channel-1": 147,
          "KomakiLDA10NoDevice_2-os-channel-2": 80,
          "KomakiLDA10NoDevice_2-os-channel-3": 107,
          "KomakiLDA10NoDevice_2-os-channel-4": 170,
          "KomakiLDA10NoDevice_2-os-channel-5": 188,
          "KomakiLDA10NoDevice_2-os-channel-6": 218,
          "KomakiLDA10NoDevice_2-os-channel-7": 186,
          "KomakiLDA10NoDevice_2-os-channel-8": 145,
          "KomakiLDA10NoDevice_2-os-channel-9": 94,
          "KomakiLDA10NoDevice_2-channel-app-0": 309,
          "KomakiLDA10NoDevice_2-channel-app-1": 93,
          "KomakiLDA10NoDevice_2-channel-app-2": 110,
          "KomakiLDA10NoDevice_2-channel-app-3": 160,
          "KomakiLDA10NoDevice_2-channel-app-4": 128,
          "KomakiLDA10NoDevice_2-channel-app-5": 80,
          "KomakiLDA10NoDevice_2-channel-app-6": 116,
          "KomakiLDA10NoDevice_2-channel-app-7": 169,
          "KomakiLDA10NoDevice_2-channel-app-8": 191,
          "KomakiLDA10NoDevice_2-channel-app-9": 163,
          "KomakiNMF5NoDevice-ip-app-0": 416,
          "KomakiNMF5NoDevice-ip-app-1": 731,
          "KomakiNMF5NoDevice-ip-app-2": 498,
          "KomakiNMF5NoDevice-ip-app-3": 449,
          "KomakiNMF5NoDevice-ip-app-4": 436,
          "KomakiNMF5NoDevice-ip-os-0": 589,
          "KomakiNMF5NoDevice-ip-os-1": 555,
          "KomakiNMF5NoDevice-ip-os-2": 537,
          "KomakiNMF5NoDevice-ip-os-3": 558,
          "KomakiNMF5NoDevice-ip-os-4": 592,
          "KomakiNMF5NoDevice-ip-channel-0": 518,
          "KomakiNMF5NoDevice-ip-channel-1": 829,
          "KomakiNMF5NoDevice-ip-channel-2": 506,
          "KomakiNMF5NoDevice-ip-channel-3": 598,
          "KomakiNMF5NoDevice-ip-channel-4": 600,
          "KomakiNMF5NoDevice-app-ip-0": 107,
          "KomakiNMF5NoDevice-app-ip-1": 115,
          "KomakiNMF5NoDevice-app-ip-2": 88,
          "KomakiNMF5NoDevice-app-ip-3": 74,
          "KomakiNMF5NoDevice-app-ip-4": 39,
          "KomakiNMF5NoDevice-app-os-0": 30,
          "KomakiNMF5NoDevice-app-os-1": 87,
          "KomakiNMF5NoDevice-app-os-2": 72,
          "KomakiNMF5NoDevice-app-os-3": 28,
          "KomakiNMF5NoDevice-app-os-4": 23,
          "KomakiNMF5NoDevice-app-channel-0": 70,
          "KomakiNMF5NoDevice-app-channel-1": 71,
          "KomakiNMF5NoDevice-app-channel-2": 92,
          "KomakiNMF5NoDevice-app-channel-3": 71,
          "KomakiNMF5NoDevice-app-channel-4": 73,
          "KomakiNMF5NoDevice-os-ip-0": 66,
          "KomakiNMF5NoDevice-os-ip-1": 107,
          "KomakiNMF5NoDevice-os-ip-2": 83,
          "KomakiNMF5NoDevice-os-ip-3": 99,
          "KomakiNMF5NoDevice-os-ip-4": 80,
          "KomakiNMF5NoDevice-os-app-0": 58,
          "KomakiNMF5NoDevice-os-app-1": 5,
          "KomakiNMF5NoDevice-os-app-2": 70,
          "KomakiNMF5NoDevice-os-app-3": 93,
          "KomakiNMF5NoDevice-os-app-4": 61,
          "KomakiNMF5NoDevice-os-channel-0": 189,
          "KomakiNMF5NoDevice-os-channel-1": 99,
          "KomakiNMF5NoDevice-os-channel-2": 184,
          "KomakiNMF5NoDevice-os-channel-3": 139,
          "KomakiNMF5NoDevice-os-channel-4": 97,
          "KomakiNMF5NoDevice-channel-ip-0": 221,
          "KomakiNMF5NoDevice-channel-ip-1": 120,
          "KomakiNMF5NoDevice-channel-ip-2": 111,
          "KomakiNMF5NoDevice-channel-ip-3": 162,
          "KomakiNMF5NoDevice-channel-ip-4": 214,
          "KomakiNMF5NoDevice-channel-app-0": 100,
          "KomakiNMF5NoDevice-channel-app-1": 39,
          "KomakiNMF5NoDevice-channel-app-2": 83,
          "KomakiNMF5NoDevice-channel-app-3": 88,
          "KomakiNMF5NoDevice-channel-app-4": 95,
          "KomakiNMF5NoDevice-channel-os-0": 179,
          "KomakiNMF5NoDevice-channel-os-1": 40,
          "KomakiNMF5NoDevice-channel-os-2": 175,
          "KomakiNMF5NoDevice-channel-os-3": 92,
          "KomakiNMF5NoDevice-channel-os-4": 184,
          "KomakiPCA5NoDevice-ip-app-0": 673,
          "KomakiPCA5NoDevice-ip-app-1": 608,
          "KomakiPCA5NoDevice-ip-app-2": 560,
          "KomakiPCA5NoDevice-ip-app-3": 410,
          "KomakiPCA5NoDevice-ip-app-4": 564,
          "KomakiPCA5NoDevice-ip-os-0": 796,
          "KomakiPCA5NoDevice-ip-os-1": 470,
          "KomakiPCA5NoDevice-ip-os-2": 494,
          "KomakiPCA5NoDevice-ip-os-3": 511,
          "KomakiPCA5NoDevice-ip-os-4": 648,
          "KomakiPCA5NoDevice-ip-channel-0": 757,
          "KomakiPCA5NoDevice-ip-channel-1": 635,
          "KomakiPCA5NoDevice-ip-channel-2": 610,
          "KomakiPCA5NoDevice-ip-channel-3": 661,
          "KomakiPCA5NoDevice-ip-channel-4": 531,
          "KomakiPCA5NoDevice-app-ip-0": 60,
          "KomakiPCA5NoDevice-app-ip-1": 54,
          "KomakiPCA5NoDevice-app-ip-2": 69,
          "KomakiPCA5NoDevice-app-ip-3": 111,
          "KomakiPCA5NoDevice-app-ip-4": 62,
          "KomakiPCA5NoDevice-app-os-0": 121,
          "KomakiPCA5NoDevice-app-os-1": 63,
          "KomakiPCA5NoDevice-app-os-2": 86,
          "KomakiPCA5NoDevice-app-os-3": 75,
          "KomakiPCA5NoDevice-app-os-4": 91,
          "KomakiPCA5NoDevice-app-channel-0": 59,
          "KomakiPCA5NoDevice-app-channel-1": 110,
          "KomakiPCA5NoDevice-app-channel-2": 80,
          "KomakiPCA5NoDevice-app-channel-3": 83,
          "KomakiPCA5NoDevice-app-channel-4": 81,
          "KomakiPCA5NoDevice-os-ip-0": 44,
          "KomakiPCA5NoDevice-os-ip-1": 77,
          "KomakiPCA5NoDevice-os-ip-2": 108,
          "KomakiPCA5NoDevice-os-ip-3": 130,
          "KomakiPCA5NoDevice-os-ip-4": 97,
          "KomakiPCA5NoDevice-os-app-0": 68,
          "KomakiPCA5NoDevice-os-app-1": 68,
          "KomakiPCA5NoDevice-os-app-2": 70,
          "KomakiPCA5NoDevice-os-app-3": 95,
          "KomakiPCA5NoDevice-os-app-4": 124,
          "KomakiPCA5NoDevice-os-channel-0": 116,
          "KomakiPCA5NoDevice-os-channel-1": 133,
          "KomakiPCA5NoDevice-os-channel-2": 84,
          "KomakiPCA5NoDevice-os-channel-3": 89,
          "KomakiPCA5NoDevice-os-channel-4": 99,
          "KomakiPCA5NoDevice-channel-ip-0": 179,
          "KomakiPCA5NoDevice-channel-ip-1": 197,
          "KomakiPCA5NoDevice-channel-ip-2": 147,
          "KomakiPCA5NoDevice-channel-ip-3": 157,
          "KomakiPCA5NoDevice-channel-ip-4": 216,
          "KomakiPCA5NoDevice-channel-app-0": 168,
          "KomakiPCA5NoDevice-channel-app-1": 122,
          "KomakiPCA5NoDevice-channel-app-2": 115,
          "KomakiPCA5NoDevice-channel-app-3": 127,
          "KomakiPCA5NoDevice-channel-app-4": 146,
          "KomakiPCA5NoDevice-channel-os-0": 181,
          "KomakiPCA5NoDevice-channel-os-1": 159,
          "KomakiPCA5NoDevice-channel-os-2": 142,
          "KomakiPCA5NoDevice-channel-os-3": 154,
          "KomakiPCA5NoDevice-channel-os-4": 149
        }
      },
      {
        "train_auc": 0.9948920777904582,
        "valid_auc": 0.9850609928392831,
        "best_iteration": 704,
        "train_time": 402.2105202674866,
        "feature_importance": {
          "app": 2886,
          "hour": 3426,
          "n_channels": 859,
          "ip_app_count": 758,
          "ip_app_os_count": 939,
          "DuplicateRowIndexDiff": 77,
          "FutureClickCount_600-ip": 517,
          "FutureClickCount_600-app": 434,
          "FutureClickCount_600-ip-app": 181,
          "FutureClickCount_600-dev": 239,
          "FutureClickCount_600-ip-dev": 537,
          "FutureClickCount_600-app-dev": 449,
          "FutureClickCount_600-ip-app-dev": 159,
          "FutureClickCount_600-os": 318,
          "FutureClickCount_600-ip-os": 367,
          "FutureClickCount_600-app-os": 435,
          "FutureClickCount_600-ip-app-os": 161,
          "FutureClickCount_600-dev-os": 496,
          "FutureClickCount_600-ip-dev-os": 373,
          "FutureClickCount_600-app-dev-os": 640,
          "FutureClickCount_600-ip-app-dev-os": 270,
          "FutureClickCount_600-cha": 486,
          "FutureClickCount_600-ip-cha": 109,
          "FutureClickCount_600-app-cha": 630,
          "FutureClickCount_600-ip-app-cha": 91,
          "FutureClickCount_600-dev-cha": 378,
          "FutureClickCount_600-ip-dev-cha": 94,
          "FutureClickCount_600-app-dev-cha": 381,
          "FutureClickCount_600-ip-app-dev-cha": 73,
          "FutureClickCount_600-os-cha": 337,
          "FutureClickCount_600-ip-os-cha": 74,
          "FutureClickCount_600-app-os-cha": 341,
          "FutureClickCount_600-ip-app-os-cha": 84,
          "FutureClickCount_600-dev-os-cha": 318,
          "FutureClickCount_600-ip-dev-os-cha": 56,
          "FutureClickCount_600-app-dev-os-cha": 327,
          "FutureClickCount_600-ip-app-dev-os-cha": 70,
          "FutureClickCount_4800-ip": 732,
          "FutureClickCount_4800-app": 317,
          "FutureClickCount_4800-ip-app": 310,
          "FutureClickCount_4800-dev": 69,
          "FutureClickCount_4800-ip-dev": 971,
          "FutureClickCount_4800-app-dev": 240,
          "FutureClickCount_4800-ip-app-dev": 242,
          "FutureClickCount_4800-os": 130,
          "FutureClickCount_4800-ip-os": 601,
          "FutureClickCount_4800-app-os": 401,
          "FutureClickCount_4800-ip-app-os": 264,
          "FutureClickCount_4800-dev-os": 212,
          "FutureClickCount_4800-ip-dev-os": 719,
          "FutureClickCount_4800-app-dev-os": 506,
          "FutureClickCount_4800-ip-app-dev-os": 273,
          "FutureClickCount_4800-cha": 319,
          "FutureClickCount_4800-ip-cha": 191,
          "FutureClickCount_4800-app-cha": 530,
          "FutureClickCount_4800-ip-app-cha": 160,
          "FutureClickCount_4800-dev-cha": 266,
          "FutureClickCount_4800-ip-dev-cha": 178,
          "FutureClickCount_4800-app-dev-cha": 338,
          "FutureClickCount_4800-ip-app-dev-cha": 148,
          "FutureClickCount_4800-os-cha": 324,
          "FutureClickCount_4800-ip-os-cha": 93,
          "FutureClickCount_4800-app-os-cha": 326,
          "FutureClickCount_4800-ip-app-os-cha": 104,
          "FutureClickCount_4800-dev-os-cha": 301,
          "FutureClickCount_4800-ip-dev-os-cha": 80,
          "FutureClickCount_4800-app-dev-os-cha": 328,
          "FutureClickCount_4800-ip-app-dev-os-cha": 97,
          "NextClickTimeDelta-ip": 619,
          "NextClickTimeDelta-app": 90,
          "NextClickTimeDelta-ip-app": 771,
          "NextClickTimeDelta-dev": 56,
          "NextClickTimeDelta-ip-dev": 445,
          "NextClickTimeDelta-app-dev": 86,
          "NextClickTimeDelta-ip-app-dev": 589,
          "NextClickTimeDelta-os": 80,
          "NextClickTimeDelta-ip-os": 630,
          "NextClickTimeDelta-app-os": 196,
          "NextClickTimeDelta-ip-app-os": 1425,
          "NextClickTimeDelta-dev-os": 88,
          "NextClickTimeDelta-ip-dev-os": 422,
          "NextClickTimeDelta-app-dev-os": 172,
          "NextClickTimeDelta-ip-app-dev-os": 2253,
          "NextClickTimeDelta-cha": 102,
          "NextClickTimeDelta-ip-cha": 510,
          "NextClickTimeDelta-app-cha": 177,
          "NextClickTimeDelta-ip-app-cha": 458,
          "NextClickTimeDelta-dev-cha": 91,
          "NextClickTimeDelta-ip-dev-cha": 408,
          "NextClickTimeDelta-app-dev-cha": 114,
          "NextClickTimeDelta-ip-app-dev-cha": 375,
          "NextClickTimeDelta-os-cha": 224,
          "NextClickTimeDelta-ip-os-cha": 429,
          "NextClickTimeDelta-app-os-cha": 290,
          "NextClickTimeDelta-ip-app-os-cha": 451,
          "NextClickTimeDelta-dev-os-cha": 182,
          "NextClickTimeDelta-ip-dev-os-cha": 341,
          "NextClickTimeDelta-app-dev-os-cha": 255,
          "NextClickTimeDelta-ip-app-dev-os-cha": 551,
          "PrevClickTimeDelta-ip": 559,
          "PrevClickTimeDelta-app": 96,
          "PrevClickTimeDelta-ip-app": 450,
          "PrevClickTimeDelta-dev": 52,
          "PrevClickTimeDelta-ip-dev": 386,
          "PrevClickTimeDelta-app-dev": 67,
          "PrevClickTimeDelta-ip-app-dev": 339,
          "PrevClickTimeDelta-os": 101,
          "PrevClickTimeDelta-ip-os": 517,
          "PrevClickTimeDelta-app-os": 201,
          "PrevClickTimeDelta-ip-app-os": 443,
          "PrevClickTimeDelta-dev-os": 57,
          "PrevClickTimeDelta-ip-dev-os": 329,
          "PrevClickTimeDelta-app-dev-os": 159,
          "PrevClickTimeDelta-ip-app-dev-os": 317,
          "PrevClickTimeDelta-cha": 94,
          "PrevClickTimeDelta-ip-cha": 379,
          "PrevClickTimeDelta-app-cha": 141,
          "PrevClickTimeDelta-ip-app-cha": 264,
          "PrevClickTimeDelta-dev-cha": 107,
          "PrevClickTimeDelta-ip-dev-cha": 284,
          "PrevClickTimeDelta-app-dev-cha": 126,
          "PrevClickTimeDelta-ip-app-dev-cha": 252,
          "PrevClickTimeDelta-os-cha": 220,
          "PrevClickTimeDelta-ip-os-cha": 258,
          "PrevClickTimeDelta-app-os-cha": 240,
          "PrevClickTimeDelta-ip-app-os-cha": 268,
          "PrevClickTimeDelta-dev-os-cha": 201,
          "PrevClickTimeDelta-ip-dev-os-cha": 224,
          "PrevClickTimeDelta-app-dev-os-cha": 232,
          "PrevClickTimeDelta-ip-app-dev-os-cha": 185,
          "AverageAttributedRatio-ip": 345,
          "AverageAttributedRatio-app": 295,
          "AverageAttributedRatio-ip-app": 171,
          "AverageAttributedRatio-dev": 472,
          "AverageAttributedRatio-ip-dev": 311,
          "AverageAttributedRatio-app-dev": 235,
          "AverageAttributedRatio-ip-app-dev": 194,
          "AverageAttributedRatio-os": 311,
          "AverageAttributedRatio-ip-os": 228,
          "AverageAttributedRatio-app-os": 269,
          "AverageAttributedRatio-ip-app-os": 73,
          "AverageAttributedRatio-dev-os": 267,
          "AverageAttributedRatio-ip-dev-os": 186,
          "AverageAttributedRatio-app-dev-os": 297,
          "AverageAttributedRatio-ip-app-dev-os": 52,
          "AverageAttributedRatio-cha": 253,
          "AverageAttributedRatio-ip-cha": 105,
          "AverageAttributedRatio-app-cha": 228,
          "AverageAttributedRatio-ip-app-cha": 60,
          "AverageAttributedRatio-dev-cha": 203,
          "AverageAttributedRatio-ip-dev-cha": 46,
          "AverageAttributedRatio-app-dev-cha": 206,
          "AverageAttributedRatio-ip-app-dev-cha": 73,
          "AverageAttributedRatio-os-cha": 277,
          "AverageAttributedRatio-ip-os-cha": 43,
          "AverageAttributedRatio-app-os-cha": 286,
          "AverageAttributedRatio-ip-app-os-cha": 44,
          "AverageAttributedRatio-dev-os-cha": 208,
          "AverageAttributedRatio-ip-dev-os-cha": 18,
          "AverageAttributedRatio-app-dev-os-cha": 202,
          "AverageAttributedRatio-ip-app-dev-os-cha": 23,
          "KomakiLDA10NoDevice_1-ip-os-0": 834,
          "KomakiLDA10NoDevice_1-ip-os-1": 582,
          "KomakiLDA10NoDevice_1-ip-os-2": 860,
          "KomakiLDA10NoDevice_1-ip-os-3": 841,
          "KomakiLDA10NoDevice_1-ip-os-4": 715,
          "KomakiLDA10NoDevice_1-ip-os-5": 923,
          "KomakiLDA10NoDevice_1-ip-os-6": 819,
          "KomakiLDA10NoDevice_1-ip-os-7": 674,
          "KomakiLDA10NoDevice_1-ip-os-8": 744,
          "KomakiLDA10NoDevice_1-ip-os-9": 895,
          "KomakiLDA10NoDevice_1-app-ip-0": 216,
          "KomakiLDA10NoDevice_1-app-ip-1": 171,
          "KomakiLDA10NoDevice_1-app-ip-2": 139,
          "KomakiLDA10NoDevice_1-app-ip-3": 175,
          "KomakiLDA10NoDevice_1-app-ip-4": 107,
          "KomakiLDA10NoDevice_1-app-ip-5": 77,
          "KomakiLDA10NoDevice_1-app-ip-6": 190,
          "KomakiLDA10NoDevice_1-app-ip-7": 145,
          "KomakiLDA10NoDevice_1-app-ip-8": 136,
          "KomakiLDA10NoDevice_1-app-ip-9": 96,
          "KomakiLDA10NoDevice_1-app-os-0": 156,
          "KomakiLDA10NoDevice_1-app-os-1": 89,
          "KomakiLDA10NoDevice_1-app-os-2": 128,
          "KomakiLDA10NoDevice_1-app-os-3": 130,
          "KomakiLDA10NoDevice_1-app-os-4": 144,
          "KomakiLDA10NoDevice_1-app-os-5": 153,
          "KomakiLDA10NoDevice_1-app-os-6": 90,
          "KomakiLDA10NoDevice_1-app-os-7": 107,
          "KomakiLDA10NoDevice_1-app-os-8": 94,
          "KomakiLDA10NoDevice_1-app-os-9": 105,
          "KomakiLDA10NoDevice_1-app-channel-0": 78,
          "KomakiLDA10NoDevice_1-app-channel-1": 139,
          "KomakiLDA10NoDevice_1-app-channel-2": 115,
          "KomakiLDA10NoDevice_1-app-channel-3": 70,
          "KomakiLDA10NoDevice_1-app-channel-4": 68,
          "KomakiLDA10NoDevice_1-app-channel-5": 63,
          "KomakiLDA10NoDevice_1-app-channel-6": 129,
          "KomakiLDA10NoDevice_1-app-channel-7": 113,
          "KomakiLDA10NoDevice_1-app-channel-8": 82,
          "KomakiLDA10NoDevice_1-app-channel-9": 78,
          "KomakiLDA10NoDevice_1-channel-ip-0": 273,
          "KomakiLDA10NoDevice_1-channel-ip-1": 209,
          "KomakiLDA10NoDevice_1-channel-ip-2": 267,
          "KomakiLDA10NoDevice_1-channel-ip-3": 234,
          "KomakiLDA10NoDevice_1-channel-ip-4": 214,
          "KomakiLDA10NoDevice_1-channel-ip-5": 122,
          "KomakiLDA10NoDevice_1-channel-ip-6": 176,
          "KomakiLDA10NoDevice_1-channel-ip-7": 199,
          "KomakiLDA10NoDevice_1-channel-ip-8": 189,
          "KomakiLDA10NoDevice_1-channel-ip-9": 30,
          "KomakiLDA10NoDevice_1-channel-os-0": 188,
          "KomakiLDA10NoDevice_1-channel-os-1": 158,
          "KomakiLDA10NoDevice_1-channel-os-2": 37,
          "KomakiLDA10NoDevice_1-channel-os-3": 214,
          "KomakiLDA10NoDevice_1-channel-os-4": 189,
          "KomakiLDA10NoDevice_1-channel-os-5": 275,
          "KomakiLDA10NoDevice_1-channel-os-6": 177,
          "KomakiLDA10NoDevice_1-channel-os-7": 158,
          "KomakiLDA10NoDevice_1-channel-os-8": 60,
          "KomakiLDA10NoDevice_1-channel-os-9": 45,
          "KomakiLDA10NoDevice_2-ip-app-0": 847,
          "KomakiLDA10NoDevice_2-ip-app-1": 746,
          "KomakiLDA10NoDevice_2-ip-app-2": 987,
          "KomakiLDA10NoDevice_2-ip-app-3": 1087,
          "KomakiLDA10NoDevice_2-ip-app-4": 995,
          "KomakiLDA10NoDevice_2-ip-app-5": 649,
          "KomakiLDA10NoDevice_2-ip-app-6": 826,
          "KomakiLDA10NoDevice_2-ip-app-7": 1001,
          "KomakiLDA10NoDevice_2-ip-app-8": 619,
          "KomakiLDA10NoDevice_2-ip-app-9": 810,
          "KomakiLDA10NoDevice_2-ip-channel-0": 922,
          "KomakiLDA10NoDevice_2-ip-channel-1": 992,
          "KomakiLDA10NoDevice_2-ip-channel-2": 826,
          "KomakiLDA10NoDevice_2-ip-channel-3": 923,
          "KomakiLDA10NoDevice_2-ip-channel-4": 798,
          "KomakiLDA10NoDevice_2-ip-channel-5": 924,
          "KomakiLDA10NoDevice_2-ip-channel-6": 858,
          "KomakiLDA10NoDevice_2-ip-channel-7": 858,
          "KomakiLDA10NoDevice_2-ip-channel-8": 913,
          "KomakiLDA10NoDevice_2-ip-channel-9": 841,
          "KomakiLDA10NoDevice_2-os-ip-0": 167,
          "KomakiLDA10NoDevice_2-os-ip-1": 189,
          "KomakiLDA10NoDevice_2-os-ip-2": 179,
          "KomakiLDA10NoDevice_2-os-ip-3": 154,
          "KomakiLDA10NoDevice_2-os-ip-4": 115,
          "KomakiLDA10NoDevice_2-os-ip-5": 134,
          "KomakiLDA10NoDevice_2-os-ip-6": 135,
          "KomakiLDA10NoDevice_2-os-ip-7": 122,
          "KomakiLDA10NoDevice_2-os-ip-8": 160,
          "KomakiLDA10NoDevice_2-os-ip-9": 134,
          "KomakiLDA10NoDevice_2-os-app-0": 207,
          "KomakiLDA10NoDevice_2-os-app-1": 61,
          "KomakiLDA10NoDevice_2-os-app-2": 50,
          "KomakiLDA10NoDevice_2-os-app-3": 204,
          "KomakiLDA10NoDevice_2-os-app-4": 8,
          "KomakiLDA10NoDevice_2-os-app-5": 143,
          "KomakiLDA10NoDevice_2-os-app-6": 40,
          "KomakiLDA10NoDevice_2-os-app-7": 163,
          "KomakiLDA10NoDevice_2-os-app-8": 149,
          "KomakiLDA10NoDevice_2-os-app-9": 141,
          "KomakiLDA10NoDevice_2-os-channel-0": 207,
          "KomakiLDA10NoDevice_2-os-channel-1": 195,
          "KomakiLDA10NoDevice_2-os-channel-2": 79,
          "KomakiLDA10NoDevice_2-os-channel-3": 90,
          "KomakiLDA10NoDevice_2-os-channel-4": 178,
          "KomakiLDA10NoDevice_2-os-channel-5": 214,
          "KomakiLDA10NoDevice_2-os-channel-6": 210,
          "KomakiLDA10NoDevice_2-os-channel-7": 178,
          "KomakiLDA10NoDevice_2-os-channel-8": 110,
          "KomakiLDA10NoDevice_2-os-channel-9": 124,
          "KomakiLDA10NoDevice_2-channel-app-0": 314,
          "KomakiLDA10NoDevice_2-channel-app-1": 105,
          "KomakiLDA10NoDevice_2-channel-app-2": 98,
          "KomakiLDA10NoDevice_2-channel-app-3": 200,
          "KomakiLDA10NoDevice_2-channel-app-4": 152,
          "KomakiLDA10NoDevice_2-channel-app-5": 110,
          "KomakiLDA10NoDevice_2-channel-app-6": 134,
          "KomakiLDA10NoDevice_2-channel-app-7": 162,
          "KomakiLDA10NoDevice_2-channel-app-8": 199,
          "KomakiLDA10NoDevice_2-channel-app-9": 168,
          "KomakiNMF5NoDevice-ip-app-0": 524,
          "KomakiNMF5NoDevice-ip-app-1": 734,
          "KomakiNMF5NoDevice-ip-app-2": 581,
          "KomakiNMF5NoDevice-ip-app-3": 563,
          "KomakiNMF5NoDevice-ip-app-4": 512,
          "KomakiNMF5NoDevice-ip-os-0": 662,
          "KomakiNMF5NoDevice-ip-os-1": 666,
          "KomakiNMF5NoDevice-ip-os-2": 625,
          "KomakiNMF5NoDevice-ip-os-3": 675,
          "KomakiNMF5NoDevice-ip-os-4": 726,
          "KomakiNMF5NoDevice-ip-channel-0": 589,
          "KomakiNMF5NoDevice-ip-channel-1": 934,
          "KomakiNMF5NoDevice-ip-channel-2": 624,
          "KomakiNMF5NoDevice-ip-channel-3": 679,
          "KomakiNMF5NoDevice-ip-channel-4": 646,
          "KomakiNMF5NoDevice-app-ip-0": 101,
          "KomakiNMF5NoDevice-app-ip-1": 114,
          "KomakiNMF5NoDevice-app-ip-2": 95,
          "KomakiNMF5NoDevice-app-ip-3": 102,
          "KomakiNMF5NoDevice-app-ip-4": 48,
          "KomakiNMF5NoDevice-app-os-0": 36,
          "KomakiNMF5NoDevice-app-os-1": 86,
          "KomakiNMF5NoDevice-app-os-2": 67,
          "KomakiNMF5NoDevice-app-os-3": 19,
          "KomakiNMF5NoDevice-app-os-4": 15,
          "KomakiNMF5NoDevice-app-channel-0": 79,
          "KomakiNMF5NoDevice-app-channel-1": 85,
          "KomakiNMF5NoDevice-app-channel-2": 102,
          "KomakiNMF5NoDevice-app-channel-3": 94,
          "KomakiNMF5NoDevice-app-channel-4": 75,
          "KomakiNMF5NoDevice-os-ip-0": 113,
          "KomakiNMF5NoDevice-os-ip-1": 142,
          "KomakiNMF5NoDevice-os-ip-2": 82,
          "KomakiNMF5NoDevice-os-ip-3": 128,
          "KomakiNMF5NoDevice-os-ip-4": 99,
          "KomakiNMF5NoDevice-os-app-0": 72,
          "KomakiNMF5NoDevice-os-app-1": 1,
          "KomakiNMF5NoDevice-os-app-2": 81,
          "KomakiNMF5NoDevice-os-app-3": 128,
          "KomakiNMF5NoDevice-os-app-4": 83,
          "KomakiNMF5NoDevice-os-channel-0": 181,
          "KomakiNMF5NoDevice-os-channel-1": 130,
          "KomakiNMF5NoDevice-os-channel-2": 183,
          "KomakiNMF5NoDevice-os-channel-3": 164,
          "KomakiNMF5NoDevice-os-channel-4": 106,
          "KomakiNMF5NoDevice-channel-ip-0": 234,
          "KomakiNMF5NoDevice-channel-ip-1": 166,
          "KomakiNMF5NoDevice-channel-ip-2": 160,
          "KomakiNMF5NoDevice-channel-ip-3": 205,
          "KomakiNMF5NoDevice-channel-ip-4": 223,
          "KomakiNMF5NoDevice-channel-app-0": 103,
          "KomakiNMF5NoDevice-channel-app-1": 23,
          "KomakiNMF5NoDevice-channel-app-2": 97,
          "KomakiNMF5NoDevice-channel-app-3": 83,
          "KomakiNMF5NoDevice-channel-app-4": 112,
          "KomakiNMF5NoDevice-channel-os-0": 176,
          "KomakiNMF5NoDevice-channel-os-1": 25,
          "KomakiNMF5NoDevice-channel-os-2": 219,
          "KomakiNMF5NoDevice-channel-os-3": 96,
          "KomakiNMF5NoDevice-channel-os-4": 201,
          "KomakiPCA5NoDevice-ip-app-0": 786,
          "KomakiPCA5NoDevice-ip-app-1": 714,
          "KomakiPCA5NoDevice-ip-app-2": 644,
          "KomakiPCA5NoDevice-ip-app-3": 446,
          "KomakiPCA5NoDevice-ip-app-4": 658,
          "KomakiPCA5NoDevice-ip-os-0": 831,
          "KomakiPCA5NoDevice-ip-os-1": 589,
          "KomakiPCA5NoDevice-ip-os-2": 629,
          "KomakiPCA5NoDevice-ip-os-3": 676,
          "KomakiPCA5NoDevice-ip-os-4": 803,
          "KomakiPCA5NoDevice-ip-channel-0": 947,
          "KomakiPCA5NoDevice-ip-channel-1": 735,
          "KomakiPCA5NoDevice-ip-channel-2": 668,
          "KomakiPCA5NoDevice-ip-channel-3": 766,
          "KomakiPCA5NoDevice-ip-channel-4": 639,
          "KomakiPCA5NoDevice-app-ip-0": 76,
          "KomakiPCA5NoDevice-app-ip-1": 80,
          "KomakiPCA5NoDevice-app-ip-2": 76,
          "KomakiPCA5NoDevice-app-ip-3": 109,
          "KomakiPCA5NoDevice-app-ip-4": 62,
          "KomakiPCA5NoDevice-app-os-0": 122,
          "KomakiPCA5NoDevice-app-os-1": 64,
          "KomakiPCA5NoDevice-app-os-2": 103,
          "KomakiPCA5NoDevice-app-os-3": 79,
          "KomakiPCA5NoDevice-app-os-4": 88,
          "KomakiPCA5NoDevice-app-channel-0": 65,
          "KomakiPCA5NoDevice-app-channel-1": 114,
          "KomakiPCA5NoDevice-app-channel-2": 90,
          "KomakiPCA5NoDevice-app-channel-3": 98,
          "KomakiPCA5NoDevice-app-channel-4": 95,
          "KomakiPCA5NoDevice-os-ip-0": 56,
          "KomakiPCA5NoDevice-os-ip-1": 114,
          "KomakiPCA5NoDevice-os-ip-2": 96,
          "KomakiPCA5NoDevice-os-ip-3": 163,
          "KomakiPCA5NoDevice-os-ip-4": 139,
          "KomakiPCA5NoDevice-os-app-0": 111,
          "KomakiPCA5NoDevice-os-app-1": 82,
          "KomakiPCA5NoDevice-os-app-2": 78,
          "KomakiPCA5NoDevice-os-app-3": 127,
          "KomakiPCA5NoDevice-os-app-4": 137,
          "KomakiPCA5NoDevice-os-channel-0": 141,
          "KomakiPCA5NoDevice-os-channel-1": 184,
          "KomakiPCA5NoDevice-os-channel-2": 68,
          "KomakiPCA5NoDevice-os-channel-3": 89,
          "KomakiPCA5NoDevice-os-channel-4": 124,
          "KomakiPCA5NoDevice-channel-ip-0": 198,
          "KomakiPCA5NoDevice-channel-ip-1": 211,
          "KomakiPCA5NoDevice-channel-ip-2": 196,
          "KomakiPCA5NoDevice-channel-ip-3": 196,
          "KomakiPCA5NoDevice-channel-ip-4": 267,
          "KomakiPCA5NoDevice-channel-app-0": 200,
          "KomakiPCA5NoDevice-channel-app-1": 134,
          "KomakiPCA5NoDevice-channel-app-2": 161,
          "KomakiPCA5NoDevice-channel-app-3": 143,
          "KomakiPCA5NoDevice-channel-app-4": 152,
          "KomakiPCA5NoDevice-channel-os-0": 181,
          "KomakiPCA5NoDevice-channel-os-1": 182,
          "KomakiPCA5NoDevice-channel-os-2": 158,
          "KomakiPCA5NoDevice-channel-os-3": 160,
          "KomakiPCA5NoDevice-channel-os-4": 152
        }
      }
    ],
    "average_train_auc": 0.9946436993803512,
    "average_valid_auc": 0.9849708553217379,
    "train_auc_std": 0.0003012113605808309,
    "valid_auc_std": 8.676677635670751e-05,
    "average_train_time": 308.5129563808441
  },
  "config": {
    "features": [
      "app",
      "hour",
      "count",
      "duplicated_row_index_diff",
      "future_click_count_10",
      "future_click_count_80",
      "next_click_time_delta",
      "prev_click_time_delta",
      "average_attributed_ratio",
      "komaki_lda_10_no_device_1",
      "komaki_lda_10_no_device_2",
      "komaki_nmf_5_no_device",
      "komaki_pca_5_no_device"
    ],
    "model": {
      "name": "lightgbm",
      "model_params": {
        "boosting_type": "gbdt",
        "objective": "binary",
        "metric": "auc",
        "learning_rate": 0.03,
        "num_leaves": 255,
        "max_depth": 8,
        "min_child_samples": 20,
        "subsample": 0.7,
        "subsample_freq": 1,
        "colsample_bytree": 0.7,
        "min_child_weight": 0,
        "subsample_for_bin": 1000000,
        "min_split_gain": 0,
        "reg_lambda": 0,
        "verbose": 0
      },
      "train_params": {
        "num_boost_round": 2000,
        "early_stopping_rounds": 30
      }
    },
    "dataset": {
      "input_directory": "data/input/",
      "cache_directory": "data/working/",
      "files": {
        "train": "train.feather",
        "test": "old_test.feather"
      },
      "negative_down_sampling": {
        "enabled": true,
        "bagging_size": 5
      }
    },
    "rank_average": true,
    "note": "67 + "
  }
}