{
  "training": {
    "trials": [
      {
        "train_auc": 0.9899847214648904,
        "valid_auc": 0.985789801569375,
        "best_iteration": 229,
        "train_time": 1514.136977672577,
        "prediction_time": {
          "test": 206.44257044792175,
          "valid": 4.76837158203125e-07
        },
        "feature_importance": {
          "ip": 1296,
          "os": 663,
          "app": 627,
          "channel": 1122,
          "device": 105,
          "hour": 760,
          "n_channels": 546,
          "ip_app_count": 662,
          "ip_app_os_count": 360,
          "FutureClickCount_600-ip": 375,
          "FutureClickCount_600-app": 276,
          "FutureClickCount_600-ip-app": 75,
          "FutureClickCount_600-dev": 66,
          "FutureClickCount_600-ip-dev": 255,
          "FutureClickCount_600-app-dev": 271,
          "FutureClickCount_600-ip-app-dev": 77,
          "FutureClickCount_600-os": 191,
          "FutureClickCount_600-ip-os": 137,
          "FutureClickCount_600-app-os": 192,
          "FutureClickCount_600-ip-app-os": 45,
          "FutureClickCount_600-dev-os": 307,
          "FutureClickCount_600-ip-dev-os": 132,
          "FutureClickCount_600-app-dev-os": 234,
          "FutureClickCount_600-ip-app-dev-os": 94,
          "FutureClickCount_600-cha": 218,
          "FutureClickCount_600-ip-cha": 45,
          "FutureClickCount_600-app-cha": 296,
          "FutureClickCount_600-ip-app-cha": 26,
          "FutureClickCount_600-dev-cha": 172,
          "FutureClickCount_600-ip-dev-cha": 38,
          "FutureClickCount_600-app-dev-cha": 190,
          "FutureClickCount_600-ip-app-dev-cha": 19,
          "FutureClickCount_600-os-cha": 105,
          "FutureClickCount_600-ip-os-cha": 24,
          "FutureClickCount_600-app-os-cha": 139,
          "FutureClickCount_600-ip-app-os-cha": 18,
          "FutureClickCount_600-dev-os-cha": 137,
          "FutureClickCount_600-ip-dev-os-cha": 25,
          "FutureClickCount_600-app-dev-os-cha": 136,
          "FutureClickCount_600-ip-app-dev-os-cha": 26,
          "FutureClickCount_4800-ip": 629,
          "FutureClickCount_4800-app": 158,
          "FutureClickCount_4800-ip-app": 111,
          "FutureClickCount_4800-dev": 42,
          "FutureClickCount_4800-ip-dev": 378,
          "FutureClickCount_4800-app-dev": 130,
          "FutureClickCount_4800-ip-app-dev": 131,
          "FutureClickCount_4800-os": 99,
          "FutureClickCount_4800-ip-os": 213,
          "FutureClickCount_4800-app-os": 199,
          "FutureClickCount_4800-ip-app-os": 86,
          "FutureClickCount_4800-dev-os": 152,
          "FutureClickCount_4800-ip-dev-os": 268,
          "FutureClickCount_4800-app-dev-os": 277,
          "FutureClickCount_4800-ip-app-dev-os": 98,
          "FutureClickCount_4800-cha": 223,
          "FutureClickCount_4800-ip-cha": 112,
          "FutureClickCount_4800-app-cha": 252,
          "FutureClickCount_4800-ip-app-cha": 58,
          "FutureClickCount_4800-dev-cha": 150,
          "FutureClickCount_4800-ip-dev-cha": 92,
          "FutureClickCount_4800-app-dev-cha": 183,
          "FutureClickCount_4800-ip-app-dev-cha": 52,
          "FutureClickCount_4800-os-cha": 149,
          "FutureClickCount_4800-ip-os-cha": 28,
          "FutureClickCount_4800-app-os-cha": 149,
          "FutureClickCount_4800-ip-app-os-cha": 37,
          "FutureClickCount_4800-dev-os-cha": 171,
          "FutureClickCount_4800-ip-dev-os-cha": 36,
          "FutureClickCount_4800-app-dev-os-cha": 131,
          "FutureClickCount_4800-ip-app-dev-os-cha": 29,
          "NextClickTimeDelta-ip": 286,
          "NextClickTimeDelta-app": 34,
          "NextClickTimeDelta-ip-app": 320,
          "NextClickTimeDelta-dev": 19,
          "NextClickTimeDelta-ip-dev": 228,
          "NextClickTimeDelta-app-dev": 50,
          "NextClickTimeDelta-ip-app-dev": 210,
          "NextClickTimeDelta-os": 46,
          "NextClickTimeDelta-ip-os": 239,
          "NextClickTimeDelta-app-os": 76,
          "NextClickTimeDelta-ip-app-os": 509,
          "NextClickTimeDelta-dev-os": 46,
          "NextClickTimeDelta-ip-dev-os": 196,
          "NextClickTimeDelta-app-dev-os": 84,
          "NextClickTimeDelta-ip-app-dev-os": 824,
          "NextClickTimeDelta-cha": 31,
          "NextClickTimeDelta-ip-cha": 180,
          "NextClickTimeDelta-app-cha": 50,
          "NextClickTimeDelta-ip-app-cha": 169,
          "NextClickTimeDelta-dev-cha": 41,
          "NextClickTimeDelta-ip-dev-cha": 160,
          "NextClickTimeDelta-app-dev-cha": 65,
          "NextClickTimeDelta-ip-app-dev-cha": 135,
          "NextClickTimeDelta-os-cha": 76,
          "NextClickTimeDelta-ip-os-cha": 171,
          "NextClickTimeDelta-app-os-cha": 126,
          "NextClickTimeDelta-ip-app-os-cha": 182,
          "NextClickTimeDelta-dev-os-cha": 99,
          "NextClickTimeDelta-ip-dev-os-cha": 129,
          "NextClickTimeDelta-app-dev-os-cha": 142,
          "NextClickTimeDelta-ip-app-dev-os-cha": 189,
          "PrevClickTimeDelta-ip": 311,
          "PrevClickTimeDelta-app": 34,
          "PrevClickTimeDelta-ip-app": 222,
          "PrevClickTimeDelta-dev": 38,
          "PrevClickTimeDelta-ip-dev": 171,
          "PrevClickTimeDelta-app-dev": 47,
          "PrevClickTimeDelta-ip-app-dev": 155,
          "PrevClickTimeDelta-os": 29,
          "PrevClickTimeDelta-ip-os": 203,
          "PrevClickTimeDelta-app-os": 95,
          "PrevClickTimeDelta-ip-app-os": 167,
          "PrevClickTimeDelta-dev-os": 30,
          "PrevClickTimeDelta-ip-dev-os": 173,
          "PrevClickTimeDelta-app-dev-os": 75,
          "PrevClickTimeDelta-ip-app-dev-os": 143,
          "PrevClickTimeDelta-cha": 55,
          "PrevClickTimeDelta-ip-cha": 178,
          "PrevClickTimeDelta-app-cha": 55,
          "PrevClickTimeDelta-ip-app-cha": 140,
          "PrevClickTimeDelta-dev-cha": 50,
          "PrevClickTimeDelta-ip-dev-cha": 164,
          "PrevClickTimeDelta-app-dev-cha": 38,
          "PrevClickTimeDelta-ip-app-dev-cha": 118,
          "PrevClickTimeDelta-os-cha": 93,
          "PrevClickTimeDelta-ip-os-cha": 138,
          "PrevClickTimeDelta-app-os-cha": 119,
          "PrevClickTimeDelta-ip-app-os-cha": 93,
          "PrevClickTimeDelta-dev-os-cha": 105,
          "PrevClickTimeDelta-ip-dev-os-cha": 117,
          "PrevClickTimeDelta-app-dev-os-cha": 106,
          "PrevClickTimeDelta-ip-app-dev-os-cha": 97,
          "ExactSameClick-ip-app-dev-os-cha": 196,
          "ExactSameClickId-ip-app-dev-os-cha": 171
        }
      }
    ],
    "average_train_auc": 0.9899847214648904,
    "average_valid_auc": 0.985789801569375,
    "train_auc_std": 0.0,
    "valid_auc_std": 0.0,
    "average_train_time": 1514.136977672577
  },
  "config": {
    "features": [
      "ip",
      "os",
      "app",
      "channel",
      "device",
      "hour",
      "count",
      "future_click_count_10",
      "future_click_count_80",
      "next_click_time_delta",
      "prev_click_time_delta",
      "exact_same_click",
      "exact_same_click_id"
    ],
    "model": {
      "name": "lightgbm",
      "model_params": {
        "boosting_type": "gbdt",
        "objective": "binary",
        "metric": "auc",
        "learning_rate": 0.1,
        "num_leaves": 255,
        "max_depth": 8,
        "min_child_samples": 100,
        "max_bin": 100,
        "subsample": 0.7,
        "subsample_freq": 1,
        "colsample_bytree": 0.7,
        "min_child_weight": 0,
        "subsample_for_bin": 200000,
        "min_split_gain": 0,
        "reg_alpha": 0,
        "reg_lambda": 0,
        "verbose": 0
      },
      "train_params": {
        "num_boost_round": 350,
        "early_stopping_rounds": 30
      }
    },
    "dataset": {
      "input_directory": "data/input/",
      "cache_directory": "data/working/",
      "files": {
        "train": "train_0.feather",
        "valid": "valid_0.feather",
        "test_full": "old_test.feather",
        "test_submission": "test.feather"
      },
      "negative_down_sampling": {
        "enabled": true,
        "bagging_size": 1,
        "random_state": 114514
      }
    }
  }
}