{
  "training": {
    "trials": [
      {
        "train_auc": 1.0,
        "valid_auc": 0.9992866314738194,
        "best_iteration": 1,
        "train_time": 1.080223798751831,
        "feature_importance": {
          "ip": 0,
          "os": 0,
          "app": 0,
          "channel": 0,
          "hour": 0,
          "n_channels": 0,
          "ip_app_count": 0,
          "ip_app_os_count": 0,
          "FutureClickCount_600-ip": 0,
          "FutureClickCount_600-app": 0,
          "FutureClickCount_600-ip-app": 0,
          "FutureClickCount_600-dev": 0,
          "FutureClickCount_600-ip-dev": 0,
          "FutureClickCount_600-app-dev": 0,
          "FutureClickCount_600-ip-app-dev": 0,
          "FutureClickCount_600-os": 0,
          "FutureClickCount_600-ip-os": 0,
          "FutureClickCount_600-app-os": 0,
          "FutureClickCount_600-ip-app-os": 0,
          "FutureClickCount_600-dev-os": 0,
          "FutureClickCount_600-ip-dev-os": 0,
          "FutureClickCount_600-app-dev-os": 0,
          "FutureClickCount_600-ip-app-dev-os": 0,
          "FutureClickCount_600-cha": 0,
          "FutureClickCount_600-ip-cha": 0,
          "FutureClickCount_600-app-cha": 0,
          "FutureClickCount_600-ip-app-cha": 0,
          "FutureClickCount_600-dev-cha": 0,
          "FutureClickCount_600-ip-dev-cha": 0,
          "FutureClickCount_600-app-dev-cha": 0,
          "FutureClickCount_600-ip-app-dev-cha": 0,
          "FutureClickCount_600-os-cha": 0,
          "FutureClickCount_600-ip-os-cha": 0,
          "FutureClickCount_600-app-os-cha": 0,
          "FutureClickCount_600-ip-app-os-cha": 0,
          "FutureClickCount_600-dev-os-cha": 0,
          "FutureClickCount_600-ip-dev-os-cha": 0,
          "FutureClickCount_600-app-dev-os-cha": 0,
          "FutureClickCount_600-ip-app-dev-os-cha": 0,
          "FutureClickCount_4800-ip": 0,
          "FutureClickCount_4800-app": 0,
          "FutureClickCount_4800-ip-app": 0,
          "FutureClickCount_4800-dev": 0,
          "FutureClickCount_4800-ip-dev": 0,
          "FutureClickCount_4800-app-dev": 0,
          "FutureClickCount_4800-ip-app-dev": 0,
          "FutureClickCount_4800-os": 0,
          "FutureClickCount_4800-ip-os": 0,
          "FutureClickCount_4800-app-os": 0,
          "FutureClickCount_4800-ip-app-os": 0,
          "FutureClickCount_4800-dev-os": 0,
          "FutureClickCount_4800-ip-dev-os": 0,
          "FutureClickCount_4800-app-dev-os": 0,
          "FutureClickCount_4800-ip-app-dev-os": 0,
          "FutureClickCount_4800-cha": 0,
          "FutureClickCount_4800-ip-cha": 0,
          "FutureClickCount_4800-app-cha": 0,
          "FutureClickCount_4800-ip-app-cha": 0,
          "FutureClickCount_4800-dev-cha": 0,
          "FutureClickCount_4800-ip-dev-cha": 0,
          "FutureClickCount_4800-app-dev-cha": 0,
          "FutureClickCount_4800-ip-app-dev-cha": 0,
          "FutureClickCount_4800-os-cha": 0,
          "FutureClickCount_4800-ip-os-cha": 0,
          "FutureClickCount_4800-app-os-cha": 0,
          "FutureClickCount_4800-ip-app-os-cha": 0,
          "FutureClickCount_4800-dev-os-cha": 0,
          "FutureClickCount_4800-ip-dev-os-cha": 0,
          "FutureClickCount_4800-app-dev-os-cha": 0,
          "FutureClickCount_4800-ip-app-dev-os-cha": 0,
          "NextClickTimeDelta-ip": 0,
          "NextClickTimeDelta-app": 0,
          "NextClickTimeDelta-ip-app": 0,
          "NextClickTimeDelta-dev": 0,
          "NextClickTimeDelta-ip-dev": 0,
          "NextClickTimeDelta-app-dev": 0,
          "NextClickTimeDelta-ip-app-dev": 0,
          "NextClickTimeDelta-os": 0,
          "NextClickTimeDelta-ip-os": 0,
          "NextClickTimeDelta-app-os": 0,
          "NextClickTimeDelta-ip-app-os": 0,
          "NextClickTimeDelta-dev-os": 0,
          "NextClickTimeDelta-ip-dev-os": 0,
          "NextClickTimeDelta-app-dev-os": 0,
          "NextClickTimeDelta-ip-app-dev-os": 0,
          "NextClickTimeDelta-cha": 0,
          "NextClickTimeDelta-ip-cha": 0,
          "NextClickTimeDelta-app-cha": 0,
          "NextClickTimeDelta-ip-app-cha": 0,
          "NextClickTimeDelta-dev-cha": 0,
          "NextClickTimeDelta-ip-dev-cha": 0,
          "NextClickTimeDelta-app-dev-cha": 0,
          "NextClickTimeDelta-ip-app-dev-cha": 0,
          "NextClickTimeDelta-os-cha": 0,
          "NextClickTimeDelta-ip-os-cha": 0,
          "NextClickTimeDelta-app-os-cha": 0,
          "NextClickTimeDelta-ip-app-os-cha": 0,
          "NextClickTimeDelta-dev-os-cha": 0,
          "NextClickTimeDelta-ip-dev-os-cha": 0,
          "NextClickTimeDelta-app-dev-os-cha": 0,
          "NextClickTimeDelta-ip-app-dev-os-cha": 0,
          "PrevClickTimeDelta-ip": 0,
          "PrevClickTimeDelta-app": 0,
          "PrevClickTimeDelta-ip-app": 0,
          "PrevClickTimeDelta-dev": 0,
          "PrevClickTimeDelta-ip-dev": 0,
          "PrevClickTimeDelta-app-dev": 0,
          "PrevClickTimeDelta-ip-app-dev": 0,
          "PrevClickTimeDelta-os": 0,
          "PrevClickTimeDelta-ip-os": 0,
          "PrevClickTimeDelta-app-os": 0,
          "PrevClickTimeDelta-ip-app-os": 0,
          "PrevClickTimeDelta-dev-os": 0,
          "PrevClickTimeDelta-ip-dev-os": 0,
          "PrevClickTimeDelta-app-dev-os": 0,
          "PrevClickTimeDelta-ip-app-dev-os": 0,
          "PrevClickTimeDelta-cha": 0,
          "PrevClickTimeDelta-ip-cha": 0,
          "PrevClickTimeDelta-app-cha": 0,
          "PrevClickTimeDelta-ip-app-cha": 0,
          "PrevClickTimeDelta-dev-cha": 0,
          "PrevClickTimeDelta-ip-dev-cha": 0,
          "PrevClickTimeDelta-app-dev-cha": 0,
          "PrevClickTimeDelta-ip-app-dev-cha": 0,
          "PrevClickTimeDelta-os-cha": 0,
          "PrevClickTimeDelta-ip-os-cha": 0,
          "PrevClickTimeDelta-app-os-cha": 0,
          "PrevClickTimeDelta-ip-app-os-cha": 0,
          "PrevClickTimeDelta-dev-os-cha": 0,
          "PrevClickTimeDelta-ip-dev-os-cha": 0,
          "PrevClickTimeDelta-app-dev-os-cha": 0,
          "PrevClickTimeDelta-ip-app-dev-os-cha": 0,
          "AverageAttributedRatio-ip": 0,
          "AverageAttributedRatio-app": 0,
          "AverageAttributedRatio-ip-app": 0,
          "AverageAttributedRatio-dev": 0,
          "AverageAttributedRatio-ip-dev": 0,
          "AverageAttributedRatio-app-dev": 0,
          "AverageAttributedRatio-ip-app-dev": 0,
          "AverageAttributedRatio-os": 0,
          "AverageAttributedRatio-ip-os": 0,
          "AverageAttributedRatio-app-os": 0,
          "AverageAttributedRatio-ip-app-os": 0,
          "AverageAttributedRatio-dev-os": 0,
          "AverageAttributedRatio-ip-dev-os": 0,
          "AverageAttributedRatio-app-dev-os": 0,
          "AverageAttributedRatio-ip-app-dev-os": 0,
          "AverageAttributedRatio-cha": 0,
          "AverageAttributedRatio-ip-cha": 0,
          "AverageAttributedRatio-app-cha": 0,
          "AverageAttributedRatio-ip-app-cha": 0,
          "AverageAttributedRatio-dev-cha": 0,
          "AverageAttributedRatio-ip-dev-cha": 0,
          "AverageAttributedRatio-app-dev-cha": 0,
          "AverageAttributedRatio-ip-app-dev-cha": 0,
          "AverageAttributedRatio-os-cha": 0,
          "AverageAttributedRatio-ip-os-cha": 0,
          "AverageAttributedRatio-app-os-cha": 0,
          "AverageAttributedRatio-ip-app-os-cha": 0,
          "AverageAttributedRatio-dev-os-cha": 0,
          "AverageAttributedRatio-ip-dev-os-cha": 0,
          "AverageAttributedRatio-app-dev-os-cha": 0,
          "AverageAttributedRatio-ip-app-dev-os-cha": 0,
          "MedianAttributeTime-ip": 0,
          "MedianAttributeTime-app": 0,
          "MedianAttributeTime-ip-app": 1,
          "MedianAttributeTime-dev": 0,
          "MedianAttributeTime-ip-dev": 0,
          "MedianAttributeTime-app-dev": 0,
          "MedianAttributeTime-ip-app-dev": 0,
          "MedianAttributeTime-os": 0,
          "MedianAttributeTime-ip-os": 0,
          "MedianAttributeTime-app-os": 0,
          "MedianAttributeTime-ip-app-os": 0,
          "MedianAttributeTime-dev-os": 0,
          "MedianAttributeTime-ip-dev-os": 0,
          "MedianAttributeTime-app-dev-os": 0,
          "MedianAttributeTime-ip-app-dev-os": 0,
          "MedianAttributeTime-cha": 0,
          "MedianAttributeTime-ip-cha": 0,
          "MedianAttributeTime-app-cha": 0,
          "MedianAttributeTime-ip-app-cha": 0,
          "MedianAttributeTime-dev-cha": 0,
          "MedianAttributeTime-ip-dev-cha": 0,
          "MedianAttributeTime-app-dev-cha": 0,
          "MedianAttributeTime-ip-app-dev-cha": 0,
          "MedianAttributeTime-os-cha": 0,
          "MedianAttributeTime-ip-os-cha": 0,
          "MedianAttributeTime-app-os-cha": 0,
          "MedianAttributeTime-ip-app-os-cha": 0,
          "MedianAttributeTime-dev-os-cha": 0,
          "MedianAttributeTime-ip-dev-os-cha": 0,
          "MedianAttributeTime-app-dev-os-cha": 0,
          "MedianAttributeTime-ip-app-dev-os-cha": 0,
          "KomakiLDA5NoDevice-ip-app-0": 0,
          "KomakiLDA5NoDevice-ip-app-1": 0,
          "KomakiLDA5NoDevice-ip-app-2": 0,
          "KomakiLDA5NoDevice-ip-app-3": 0,
          "KomakiLDA5NoDevice-ip-app-4": 0,
          "KomakiLDA5NoDevice-ip-os-0": 0,
          "KomakiLDA5NoDevice-ip-os-1": 0,
          "KomakiLDA5NoDevice-ip-os-2": 0,
          "KomakiLDA5NoDevice-ip-os-3": 0,
          "KomakiLDA5NoDevice-ip-os-4": 0,
          "KomakiLDA5NoDevice-ip-channel-0": 0,
          "KomakiLDA5NoDevice-ip-channel-1": 0,
          "KomakiLDA5NoDevice-ip-channel-2": 0,
          "KomakiLDA5NoDevice-ip-channel-3": 0,
          "KomakiLDA5NoDevice-ip-channel-4": 0,
          "KomakiLDA5NoDevice-app-ip-0": 0,
          "KomakiLDA5NoDevice-app-ip-1": 0,
          "KomakiLDA5NoDevice-app-ip-2": 0,
          "KomakiLDA5NoDevice-app-ip-3": 0,
          "KomakiLDA5NoDevice-app-ip-4": 0,
          "KomakiLDA5NoDevice-app-os-0": 0,
          "KomakiLDA5NoDevice-app-os-1": 0,
          "KomakiLDA5NoDevice-app-os-2": 0,
          "KomakiLDA5NoDevice-app-os-3": 0,
          "KomakiLDA5NoDevice-app-os-4": 0,
          "KomakiLDA5NoDevice-app-channel-0": 0,
          "KomakiLDA5NoDevice-app-channel-1": 0,
          "KomakiLDA5NoDevice-app-channel-2": 0,
          "KomakiLDA5NoDevice-app-channel-3": 0,
          "KomakiLDA5NoDevice-app-channel-4": 0,
          "KomakiLDA5NoDevice-os-ip-0": 0,
          "KomakiLDA5NoDevice-os-ip-1": 0,
          "KomakiLDA5NoDevice-os-ip-2": 0,
          "KomakiLDA5NoDevice-os-ip-3": 0,
          "KomakiLDA5NoDevice-os-ip-4": 0,
          "KomakiLDA5NoDevice-os-app-0": 0,
          "KomakiLDA5NoDevice-os-app-1": 0,
          "KomakiLDA5NoDevice-os-app-2": 0,
          "KomakiLDA5NoDevice-os-app-3": 0,
          "KomakiLDA5NoDevice-os-app-4": 0,
          "KomakiLDA5NoDevice-os-channel-0": 0,
          "KomakiLDA5NoDevice-os-channel-1": 0,
          "KomakiLDA5NoDevice-os-channel-2": 0,
          "KomakiLDA5NoDevice-os-channel-3": 0,
          "KomakiLDA5NoDevice-os-channel-4": 0,
          "KomakiLDA5NoDevice-channel-ip-0": 0,
          "KomakiLDA5NoDevice-channel-ip-1": 0,
          "KomakiLDA5NoDevice-channel-ip-2": 0,
          "KomakiLDA5NoDevice-channel-ip-3": 0,
          "KomakiLDA5NoDevice-channel-ip-4": 0,
          "KomakiLDA5NoDevice-channel-app-0": 0,
          "KomakiLDA5NoDevice-channel-app-1": 0,
          "KomakiLDA5NoDevice-channel-app-2": 0,
          "KomakiLDA5NoDevice-channel-app-3": 0,
          "KomakiLDA5NoDevice-channel-app-4": 0,
          "KomakiLDA5NoDevice-channel-os-0": 0,
          "KomakiLDA5NoDevice-channel-os-1": 0,
          "KomakiLDA5NoDevice-channel-os-2": 0,
          "KomakiLDA5NoDevice-channel-os-3": 0,
          "KomakiLDA5NoDevice-channel-os-4": 0
        }
      },
      {
        "train_auc": 1.0,
        "valid_auc": 0.9970750789549239,
        "best_iteration": 1,
        "train_time": 0.9553570747375488,
        "feature_importance": {
          "ip": 0,
          "os": 0,
          "app": 0,
          "channel": 0,
          "hour": 0,
          "n_channels": 0,
          "ip_app_count": 0,
          "ip_app_os_count": 0,
          "FutureClickCount_600-ip": 0,
          "FutureClickCount_600-app": 0,
          "FutureClickCount_600-ip-app": 0,
          "FutureClickCount_600-dev": 0,
          "FutureClickCount_600-ip-dev": 0,
          "FutureClickCount_600-app-dev": 0,
          "FutureClickCount_600-ip-app-dev": 0,
          "FutureClickCount_600-os": 0,
          "FutureClickCount_600-ip-os": 0,
          "FutureClickCount_600-app-os": 0,
          "FutureClickCount_600-ip-app-os": 0,
          "FutureClickCount_600-dev-os": 0,
          "FutureClickCount_600-ip-dev-os": 0,
          "FutureClickCount_600-app-dev-os": 0,
          "FutureClickCount_600-ip-app-dev-os": 0,
          "FutureClickCount_600-cha": 0,
          "FutureClickCount_600-ip-cha": 0,
          "FutureClickCount_600-app-cha": 0,
          "FutureClickCount_600-ip-app-cha": 0,
          "FutureClickCount_600-dev-cha": 0,
          "FutureClickCount_600-ip-dev-cha": 0,
          "FutureClickCount_600-app-dev-cha": 0,
          "FutureClickCount_600-ip-app-dev-cha": 0,
          "FutureClickCount_600-os-cha": 0,
          "FutureClickCount_600-ip-os-cha": 0,
          "FutureClickCount_600-app-os-cha": 0,
          "FutureClickCount_600-ip-app-os-cha": 0,
          "FutureClickCount_600-dev-os-cha": 0,
          "FutureClickCount_600-ip-dev-os-cha": 0,
          "FutureClickCount_600-app-dev-os-cha": 0,
          "FutureClickCount_600-ip-app-dev-os-cha": 0,
          "FutureClickCount_4800-ip": 0,
          "FutureClickCount_4800-app": 0,
          "FutureClickCount_4800-ip-app": 0,
          "FutureClickCount_4800-dev": 0,
          "FutureClickCount_4800-ip-dev": 0,
          "FutureClickCount_4800-app-dev": 0,
          "FutureClickCount_4800-ip-app-dev": 0,
          "FutureClickCount_4800-os": 0,
          "FutureClickCount_4800-ip-os": 0,
          "FutureClickCount_4800-app-os": 0,
          "FutureClickCount_4800-ip-app-os": 0,
          "FutureClickCount_4800-dev-os": 0,
          "FutureClickCount_4800-ip-dev-os": 0,
          "FutureClickCount_4800-app-dev-os": 0,
          "FutureClickCount_4800-ip-app-dev-os": 0,
          "FutureClickCount_4800-cha": 0,
          "FutureClickCount_4800-ip-cha": 0,
          "FutureClickCount_4800-app-cha": 0,
          "FutureClickCount_4800-ip-app-cha": 0,
          "FutureClickCount_4800-dev-cha": 0,
          "FutureClickCount_4800-ip-dev-cha": 0,
          "FutureClickCount_4800-app-dev-cha": 0,
          "FutureClickCount_4800-ip-app-dev-cha": 0,
          "FutureClickCount_4800-os-cha": 0,
          "FutureClickCount_4800-ip-os-cha": 0,
          "FutureClickCount_4800-app-os-cha": 0,
          "FutureClickCount_4800-ip-app-os-cha": 0,
          "FutureClickCount_4800-dev-os-cha": 0,
          "FutureClickCount_4800-ip-dev-os-cha": 0,
          "FutureClickCount_4800-app-dev-os-cha": 0,
          "FutureClickCount_4800-ip-app-dev-os-cha": 0,
          "NextClickTimeDelta-ip": 0,
          "NextClickTimeDelta-app": 0,
          "NextClickTimeDelta-ip-app": 0,
          "NextClickTimeDelta-dev": 0,
          "NextClickTimeDelta-ip-dev": 0,
          "NextClickTimeDelta-app-dev": 0,
          "NextClickTimeDelta-ip-app-dev": 0,
          "NextClickTimeDelta-os": 0,
          "NextClickTimeDelta-ip-os": 0,
          "NextClickTimeDelta-app-os": 0,
          "NextClickTimeDelta-ip-app-os": 0,
          "NextClickTimeDelta-dev-os": 0,
          "NextClickTimeDelta-ip-dev-os": 0,
          "NextClickTimeDelta-app-dev-os": 0,
          "NextClickTimeDelta-ip-app-dev-os": 0,
          "NextClickTimeDelta-cha": 0,
          "NextClickTimeDelta-ip-cha": 0,
          "NextClickTimeDelta-app-cha": 0,
          "NextClickTimeDelta-ip-app-cha": 0,
          "NextClickTimeDelta-dev-cha": 0,
          "NextClickTimeDelta-ip-dev-cha": 0,
          "NextClickTimeDelta-app-dev-cha": 0,
          "NextClickTimeDelta-ip-app-dev-cha": 0,
          "NextClickTimeDelta-os-cha": 0,
          "NextClickTimeDelta-ip-os-cha": 0,
          "NextClickTimeDelta-app-os-cha": 0,
          "NextClickTimeDelta-ip-app-os-cha": 0,
          "NextClickTimeDelta-dev-os-cha": 0,
          "NextClickTimeDelta-ip-dev-os-cha": 0,
          "NextClickTimeDelta-app-dev-os-cha": 0,
          "NextClickTimeDelta-ip-app-dev-os-cha": 0,
          "PrevClickTimeDelta-ip": 0,
          "PrevClickTimeDelta-app": 0,
          "PrevClickTimeDelta-ip-app": 0,
          "PrevClickTimeDelta-dev": 0,
          "PrevClickTimeDelta-ip-dev": 0,
          "PrevClickTimeDelta-app-dev": 0,
          "PrevClickTimeDelta-ip-app-dev": 0,
          "PrevClickTimeDelta-os": 0,
          "PrevClickTimeDelta-ip-os": 0,
          "PrevClickTimeDelta-app-os": 0,
          "PrevClickTimeDelta-ip-app-os": 0,
          "PrevClickTimeDelta-dev-os": 0,
          "PrevClickTimeDelta-ip-dev-os": 0,
          "PrevClickTimeDelta-app-dev-os": 0,
          "PrevClickTimeDelta-ip-app-dev-os": 0,
          "PrevClickTimeDelta-cha": 0,
          "PrevClickTimeDelta-ip-cha": 0,
          "PrevClickTimeDelta-app-cha": 0,
          "PrevClickTimeDelta-ip-app-cha": 0,
          "PrevClickTimeDelta-dev-cha": 0,
          "PrevClickTimeDelta-ip-dev-cha": 0,
          "PrevClickTimeDelta-app-dev-cha": 0,
          "PrevClickTimeDelta-ip-app-dev-cha": 0,
          "PrevClickTimeDelta-os-cha": 0,
          "PrevClickTimeDelta-ip-os-cha": 0,
          "PrevClickTimeDelta-app-os-cha": 0,
          "PrevClickTimeDelta-ip-app-os-cha": 0,
          "PrevClickTimeDelta-dev-os-cha": 0,
          "PrevClickTimeDelta-ip-dev-os-cha": 0,
          "PrevClickTimeDelta-app-dev-os-cha": 0,
          "PrevClickTimeDelta-ip-app-dev-os-cha": 0,
          "AverageAttributedRatio-ip": 0,
          "AverageAttributedRatio-app": 0,
          "AverageAttributedRatio-ip-app": 0,
          "AverageAttributedRatio-dev": 0,
          "AverageAttributedRatio-ip-dev": 0,
          "AverageAttributedRatio-app-dev": 0,
          "AverageAttributedRatio-ip-app-dev": 0,
          "AverageAttributedRatio-os": 0,
          "AverageAttributedRatio-ip-os": 0,
          "AverageAttributedRatio-app-os": 0,
          "AverageAttributedRatio-ip-app-os": 0,
          "AverageAttributedRatio-dev-os": 0,
          "AverageAttributedRatio-ip-dev-os": 0,
          "AverageAttributedRatio-app-dev-os": 0,
          "AverageAttributedRatio-ip-app-dev-os": 0,
          "AverageAttributedRatio-cha": 0,
          "AverageAttributedRatio-ip-cha": 0,
          "AverageAttributedRatio-app-cha": 0,
          "AverageAttributedRatio-ip-app-cha": 0,
          "AverageAttributedRatio-dev-cha": 0,
          "AverageAttributedRatio-ip-dev-cha": 0,
          "AverageAttributedRatio-app-dev-cha": 0,
          "AverageAttributedRatio-ip-app-dev-cha": 0,
          "AverageAttributedRatio-os-cha": 0,
          "AverageAttributedRatio-ip-os-cha": 0,
          "AverageAttributedRatio-app-os-cha": 0,
          "AverageAttributedRatio-ip-app-os-cha": 0,
          "AverageAttributedRatio-dev-os-cha": 0,
          "AverageAttributedRatio-ip-dev-os-cha": 0,
          "AverageAttributedRatio-app-dev-os-cha": 0,
          "AverageAttributedRatio-ip-app-dev-os-cha": 0,
          "MedianAttributeTime-ip": 0,
          "MedianAttributeTime-app": 0,
          "MedianAttributeTime-ip-app": 0,
          "MedianAttributeTime-dev": 0,
          "MedianAttributeTime-ip-dev": 0,
          "MedianAttributeTime-app-dev": 0,
          "MedianAttributeTime-ip-app-dev": 0,
          "MedianAttributeTime-os": 0,
          "MedianAttributeTime-ip-os": 0,
          "MedianAttributeTime-app-os": 0,
          "MedianAttributeTime-ip-app-os": 0,
          "MedianAttributeTime-dev-os": 0,
          "MedianAttributeTime-ip-dev-os": 0,
          "MedianAttributeTime-app-dev-os": 0,
          "MedianAttributeTime-ip-app-dev-os": 1,
          "MedianAttributeTime-cha": 0,
          "MedianAttributeTime-ip-cha": 0,
          "MedianAttributeTime-app-cha": 0,
          "MedianAttributeTime-ip-app-cha": 0,
          "MedianAttributeTime-dev-cha": 0,
          "MedianAttributeTime-ip-dev-cha": 0,
          "MedianAttributeTime-app-dev-cha": 0,
          "MedianAttributeTime-ip-app-dev-cha": 0,
          "MedianAttributeTime-os-cha": 0,
          "MedianAttributeTime-ip-os-cha": 0,
          "MedianAttributeTime-app-os-cha": 0,
          "MedianAttributeTime-ip-app-os-cha": 0,
          "MedianAttributeTime-dev-os-cha": 0,
          "MedianAttributeTime-ip-dev-os-cha": 0,
          "MedianAttributeTime-app-dev-os-cha": 0,
          "MedianAttributeTime-ip-app-dev-os-cha": 0,
          "KomakiLDA5NoDevice-ip-app-0": 0,
          "KomakiLDA5NoDevice-ip-app-1": 0,
          "KomakiLDA5NoDevice-ip-app-2": 0,
          "KomakiLDA5NoDevice-ip-app-3": 0,
          "KomakiLDA5NoDevice-ip-app-4": 0,
          "KomakiLDA5NoDevice-ip-os-0": 0,
          "KomakiLDA5NoDevice-ip-os-1": 0,
          "KomakiLDA5NoDevice-ip-os-2": 0,
          "KomakiLDA5NoDevice-ip-os-3": 0,
          "KomakiLDA5NoDevice-ip-os-4": 0,
          "KomakiLDA5NoDevice-ip-channel-0": 0,
          "KomakiLDA5NoDevice-ip-channel-1": 0,
          "KomakiLDA5NoDevice-ip-channel-2": 0,
          "KomakiLDA5NoDevice-ip-channel-3": 0,
          "KomakiLDA5NoDevice-ip-channel-4": 0,
          "KomakiLDA5NoDevice-app-ip-0": 0,
          "KomakiLDA5NoDevice-app-ip-1": 0,
          "KomakiLDA5NoDevice-app-ip-2": 0,
          "KomakiLDA5NoDevice-app-ip-3": 0,
          "KomakiLDA5NoDevice-app-ip-4": 0,
          "KomakiLDA5NoDevice-app-os-0": 0,
          "KomakiLDA5NoDevice-app-os-1": 0,
          "KomakiLDA5NoDevice-app-os-2": 0,
          "KomakiLDA5NoDevice-app-os-3": 0,
          "KomakiLDA5NoDevice-app-os-4": 0,
          "KomakiLDA5NoDevice-app-channel-0": 0,
          "KomakiLDA5NoDevice-app-channel-1": 0,
          "KomakiLDA5NoDevice-app-channel-2": 0,
          "KomakiLDA5NoDevice-app-channel-3": 0,
          "KomakiLDA5NoDevice-app-channel-4": 0,
          "KomakiLDA5NoDevice-os-ip-0": 0,
          "KomakiLDA5NoDevice-os-ip-1": 0,
          "KomakiLDA5NoDevice-os-ip-2": 0,
          "KomakiLDA5NoDevice-os-ip-3": 0,
          "KomakiLDA5NoDevice-os-ip-4": 0,
          "KomakiLDA5NoDevice-os-app-0": 0,
          "KomakiLDA5NoDevice-os-app-1": 0,
          "KomakiLDA5NoDevice-os-app-2": 0,
          "KomakiLDA5NoDevice-os-app-3": 0,
          "KomakiLDA5NoDevice-os-app-4": 0,
          "KomakiLDA5NoDevice-os-channel-0": 0,
          "KomakiLDA5NoDevice-os-channel-1": 0,
          "KomakiLDA5NoDevice-os-channel-2": 0,
          "KomakiLDA5NoDevice-os-channel-3": 0,
          "KomakiLDA5NoDevice-os-channel-4": 0,
          "KomakiLDA5NoDevice-channel-ip-0": 0,
          "KomakiLDA5NoDevice-channel-ip-1": 0,
          "KomakiLDA5NoDevice-channel-ip-2": 0,
          "KomakiLDA5NoDevice-channel-ip-3": 0,
          "KomakiLDA5NoDevice-channel-ip-4": 0,
          "KomakiLDA5NoDevice-channel-app-0": 0,
          "KomakiLDA5NoDevice-channel-app-1": 0,
          "KomakiLDA5NoDevice-channel-app-2": 0,
          "KomakiLDA5NoDevice-channel-app-3": 0,
          "KomakiLDA5NoDevice-channel-app-4": 0,
          "KomakiLDA5NoDevice-channel-os-0": 0,
          "KomakiLDA5NoDevice-channel-os-1": 0,
          "KomakiLDA5NoDevice-channel-os-2": 0,
          "KomakiLDA5NoDevice-channel-os-3": 0,
          "KomakiLDA5NoDevice-channel-os-4": 0
        }
      },
      {
        "train_auc": 1.0,
        "valid_auc": 0.997093023255814,
        "best_iteration": 1,
        "train_time": 0.9223179817199707,
        "feature_importance": {
          "ip": 0,
          "os": 0,
          "app": 0,
          "channel": 0,
          "hour": 0,
          "n_channels": 0,
          "ip_app_count": 0,
          "ip_app_os_count": 0,
          "FutureClickCount_600-ip": 0,
          "FutureClickCount_600-app": 0,
          "FutureClickCount_600-ip-app": 0,
          "FutureClickCount_600-dev": 0,
          "FutureClickCount_600-ip-dev": 0,
          "FutureClickCount_600-app-dev": 0,
          "FutureClickCount_600-ip-app-dev": 0,
          "FutureClickCount_600-os": 0,
          "FutureClickCount_600-ip-os": 0,
          "FutureClickCount_600-app-os": 0,
          "FutureClickCount_600-ip-app-os": 0,
          "FutureClickCount_600-dev-os": 0,
          "FutureClickCount_600-ip-dev-os": 0,
          "FutureClickCount_600-app-dev-os": 0,
          "FutureClickCount_600-ip-app-dev-os": 0,
          "FutureClickCount_600-cha": 0,
          "FutureClickCount_600-ip-cha": 0,
          "FutureClickCount_600-app-cha": 0,
          "FutureClickCount_600-ip-app-cha": 0,
          "FutureClickCount_600-dev-cha": 0,
          "FutureClickCount_600-ip-dev-cha": 0,
          "FutureClickCount_600-app-dev-cha": 0,
          "FutureClickCount_600-ip-app-dev-cha": 0,
          "FutureClickCount_600-os-cha": 0,
          "FutureClickCount_600-ip-os-cha": 0,
          "FutureClickCount_600-app-os-cha": 0,
          "FutureClickCount_600-ip-app-os-cha": 0,
          "FutureClickCount_600-dev-os-cha": 0,
          "FutureClickCount_600-ip-dev-os-cha": 0,
          "FutureClickCount_600-app-dev-os-cha": 0,
          "FutureClickCount_600-ip-app-dev-os-cha": 0,
          "FutureClickCount_4800-ip": 0,
          "FutureClickCount_4800-app": 0,
          "FutureClickCount_4800-ip-app": 0,
          "FutureClickCount_4800-dev": 0,
          "FutureClickCount_4800-ip-dev": 0,
          "FutureClickCount_4800-app-dev": 0,
          "FutureClickCount_4800-ip-app-dev": 0,
          "FutureClickCount_4800-os": 0,
          "FutureClickCount_4800-ip-os": 0,
          "FutureClickCount_4800-app-os": 0,
          "FutureClickCount_4800-ip-app-os": 0,
          "FutureClickCount_4800-dev-os": 0,
          "FutureClickCount_4800-ip-dev-os": 0,
          "FutureClickCount_4800-app-dev-os": 0,
          "FutureClickCount_4800-ip-app-dev-os": 0,
          "FutureClickCount_4800-cha": 0,
          "FutureClickCount_4800-ip-cha": 0,
          "FutureClickCount_4800-app-cha": 0,
          "FutureClickCount_4800-ip-app-cha": 0,
          "FutureClickCount_4800-dev-cha": 0,
          "FutureClickCount_4800-ip-dev-cha": 0,
          "FutureClickCount_4800-app-dev-cha": 0,
          "FutureClickCount_4800-ip-app-dev-cha": 0,
          "FutureClickCount_4800-os-cha": 0,
          "FutureClickCount_4800-ip-os-cha": 0,
          "FutureClickCount_4800-app-os-cha": 0,
          "FutureClickCount_4800-ip-app-os-cha": 0,
          "FutureClickCount_4800-dev-os-cha": 0,
          "FutureClickCount_4800-ip-dev-os-cha": 0,
          "FutureClickCount_4800-app-dev-os-cha": 0,
          "FutureClickCount_4800-ip-app-dev-os-cha": 0,
          "NextClickTimeDelta-ip": 0,
          "NextClickTimeDelta-app": 0,
          "NextClickTimeDelta-ip-app": 0,
          "NextClickTimeDelta-dev": 0,
          "NextClickTimeDelta-ip-dev": 0,
          "NextClickTimeDelta-app-dev": 0,
          "NextClickTimeDelta-ip-app-dev": 0,
          "NextClickTimeDelta-os": 0,
          "NextClickTimeDelta-ip-os": 0,
          "NextClickTimeDelta-app-os": 0,
          "NextClickTimeDelta-ip-app-os": 0,
          "NextClickTimeDelta-dev-os": 0,
          "NextClickTimeDelta-ip-dev-os": 0,
          "NextClickTimeDelta-app-dev-os": 0,
          "NextClickTimeDelta-ip-app-dev-os": 0,
          "NextClickTimeDelta-cha": 0,
          "NextClickTimeDelta-ip-cha": 0,
          "NextClickTimeDelta-app-cha": 0,
          "NextClickTimeDelta-ip-app-cha": 0,
          "NextClickTimeDelta-dev-cha": 0,
          "NextClickTimeDelta-ip-dev-cha": 0,
          "NextClickTimeDelta-app-dev-cha": 0,
          "NextClickTimeDelta-ip-app-dev-cha": 0,
          "NextClickTimeDelta-os-cha": 0,
          "NextClickTimeDelta-ip-os-cha": 0,
          "NextClickTimeDelta-app-os-cha": 0,
          "NextClickTimeDelta-ip-app-os-cha": 0,
          "NextClickTimeDelta-dev-os-cha": 0,
          "NextClickTimeDelta-ip-dev-os-cha": 0,
          "NextClickTimeDelta-app-dev-os-cha": 0,
          "NextClickTimeDelta-ip-app-dev-os-cha": 0,
          "PrevClickTimeDelta-ip": 0,
          "PrevClickTimeDelta-app": 0,
          "PrevClickTimeDelta-ip-app": 0,
          "PrevClickTimeDelta-dev": 0,
          "PrevClickTimeDelta-ip-dev": 0,
          "PrevClickTimeDelta-app-dev": 0,
          "PrevClickTimeDelta-ip-app-dev": 0,
          "PrevClickTimeDelta-os": 0,
          "PrevClickTimeDelta-ip-os": 0,
          "PrevClickTimeDelta-app-os": 0,
          "PrevClickTimeDelta-ip-app-os": 0,
          "PrevClickTimeDelta-dev-os": 0,
          "PrevClickTimeDelta-ip-dev-os": 0,
          "PrevClickTimeDelta-app-dev-os": 0,
          "PrevClickTimeDelta-ip-app-dev-os": 0,
          "PrevClickTimeDelta-cha": 0,
          "PrevClickTimeDelta-ip-cha": 0,
          "PrevClickTimeDelta-app-cha": 0,
          "PrevClickTimeDelta-ip-app-cha": 0,
          "PrevClickTimeDelta-dev-cha": 0,
          "PrevClickTimeDelta-ip-dev-cha": 0,
          "PrevClickTimeDelta-app-dev-cha": 0,
          "PrevClickTimeDelta-ip-app-dev-cha": 0,
          "PrevClickTimeDelta-os-cha": 0,
          "PrevClickTimeDelta-ip-os-cha": 0,
          "PrevClickTimeDelta-app-os-cha": 0,
          "PrevClickTimeDelta-ip-app-os-cha": 0,
          "PrevClickTimeDelta-dev-os-cha": 0,
          "PrevClickTimeDelta-ip-dev-os-cha": 0,
          "PrevClickTimeDelta-app-dev-os-cha": 0,
          "PrevClickTimeDelta-ip-app-dev-os-cha": 0,
          "AverageAttributedRatio-ip": 0,
          "AverageAttributedRatio-app": 0,
          "AverageAttributedRatio-ip-app": 0,
          "AverageAttributedRatio-dev": 0,
          "AverageAttributedRatio-ip-dev": 0,
          "AverageAttributedRatio-app-dev": 0,
          "AverageAttributedRatio-ip-app-dev": 0,
          "AverageAttributedRatio-os": 0,
          "AverageAttributedRatio-ip-os": 0,
          "AverageAttributedRatio-app-os": 0,
          "AverageAttributedRatio-ip-app-os": 0,
          "AverageAttributedRatio-dev-os": 0,
          "AverageAttributedRatio-ip-dev-os": 0,
          "AverageAttributedRatio-app-dev-os": 0,
          "AverageAttributedRatio-ip-app-dev-os": 0,
          "AverageAttributedRatio-cha": 0,
          "AverageAttributedRatio-ip-cha": 0,
          "AverageAttributedRatio-app-cha": 0,
          "AverageAttributedRatio-ip-app-cha": 0,
          "AverageAttributedRatio-dev-cha": 0,
          "AverageAttributedRatio-ip-dev-cha": 0,
          "AverageAttributedRatio-app-dev-cha": 0,
          "AverageAttributedRatio-ip-app-dev-cha": 0,
          "AverageAttributedRatio-os-cha": 0,
          "AverageAttributedRatio-ip-os-cha": 0,
          "AverageAttributedRatio-app-os-cha": 0,
          "AverageAttributedRatio-ip-app-os-cha": 0,
          "AverageAttributedRatio-dev-os-cha": 0,
          "AverageAttributedRatio-ip-dev-os-cha": 0,
          "AverageAttributedRatio-app-dev-os-cha": 0,
          "AverageAttributedRatio-ip-app-dev-os-cha": 0,
          "MedianAttributeTime-ip": 0,
          "MedianAttributeTime-app": 0,
          "MedianAttributeTime-ip-app": 1,
          "MedianAttributeTime-dev": 0,
          "MedianAttributeTime-ip-dev": 0,
          "MedianAttributeTime-app-dev": 0,
          "MedianAttributeTime-ip-app-dev": 0,
          "MedianAttributeTime-os": 0,
          "MedianAttributeTime-ip-os": 0,
          "MedianAttributeTime-app-os": 0,
          "MedianAttributeTime-ip-app-os": 0,
          "MedianAttributeTime-dev-os": 0,
          "MedianAttributeTime-ip-dev-os": 0,
          "MedianAttributeTime-app-dev-os": 0,
          "MedianAttributeTime-ip-app-dev-os": 0,
          "MedianAttributeTime-cha": 0,
          "MedianAttributeTime-ip-cha": 0,
          "MedianAttributeTime-app-cha": 0,
          "MedianAttributeTime-ip-app-cha": 0,
          "MedianAttributeTime-dev-cha": 0,
          "MedianAttributeTime-ip-dev-cha": 0,
          "MedianAttributeTime-app-dev-cha": 0,
          "MedianAttributeTime-ip-app-dev-cha": 0,
          "MedianAttributeTime-os-cha": 0,
          "MedianAttributeTime-ip-os-cha": 0,
          "MedianAttributeTime-app-os-cha": 0,
          "MedianAttributeTime-ip-app-os-cha": 0,
          "MedianAttributeTime-dev-os-cha": 0,
          "MedianAttributeTime-ip-dev-os-cha": 0,
          "MedianAttributeTime-app-dev-os-cha": 0,
          "MedianAttributeTime-ip-app-dev-os-cha": 0,
          "KomakiLDA5NoDevice-ip-app-0": 0,
          "KomakiLDA5NoDevice-ip-app-1": 0,
          "KomakiLDA5NoDevice-ip-app-2": 0,
          "KomakiLDA5NoDevice-ip-app-3": 0,
          "KomakiLDA5NoDevice-ip-app-4": 0,
          "KomakiLDA5NoDevice-ip-os-0": 0,
          "KomakiLDA5NoDevice-ip-os-1": 0,
          "KomakiLDA5NoDevice-ip-os-2": 0,
          "KomakiLDA5NoDevice-ip-os-3": 0,
          "KomakiLDA5NoDevice-ip-os-4": 0,
          "KomakiLDA5NoDevice-ip-channel-0": 0,
          "KomakiLDA5NoDevice-ip-channel-1": 0,
          "KomakiLDA5NoDevice-ip-channel-2": 0,
          "KomakiLDA5NoDevice-ip-channel-3": 0,
          "KomakiLDA5NoDevice-ip-channel-4": 0,
          "KomakiLDA5NoDevice-app-ip-0": 0,
          "KomakiLDA5NoDevice-app-ip-1": 0,
          "KomakiLDA5NoDevice-app-ip-2": 0,
          "KomakiLDA5NoDevice-app-ip-3": 0,
          "KomakiLDA5NoDevice-app-ip-4": 0,
          "KomakiLDA5NoDevice-app-os-0": 0,
          "KomakiLDA5NoDevice-app-os-1": 0,
          "KomakiLDA5NoDevice-app-os-2": 0,
          "KomakiLDA5NoDevice-app-os-3": 0,
          "KomakiLDA5NoDevice-app-os-4": 0,
          "KomakiLDA5NoDevice-app-channel-0": 0,
          "KomakiLDA5NoDevice-app-channel-1": 0,
          "KomakiLDA5NoDevice-app-channel-2": 0,
          "KomakiLDA5NoDevice-app-channel-3": 0,
          "KomakiLDA5NoDevice-app-channel-4": 0,
          "KomakiLDA5NoDevice-os-ip-0": 0,
          "KomakiLDA5NoDevice-os-ip-1": 0,
          "KomakiLDA5NoDevice-os-ip-2": 0,
          "KomakiLDA5NoDevice-os-ip-3": 0,
          "KomakiLDA5NoDevice-os-ip-4": 0,
          "KomakiLDA5NoDevice-os-app-0": 0,
          "KomakiLDA5NoDevice-os-app-1": 0,
          "KomakiLDA5NoDevice-os-app-2": 0,
          "KomakiLDA5NoDevice-os-app-3": 0,
          "KomakiLDA5NoDevice-os-app-4": 0,
          "KomakiLDA5NoDevice-os-channel-0": 0,
          "KomakiLDA5NoDevice-os-channel-1": 0,
          "KomakiLDA5NoDevice-os-channel-2": 0,
          "KomakiLDA5NoDevice-os-channel-3": 0,
          "KomakiLDA5NoDevice-os-channel-4": 0,
          "KomakiLDA5NoDevice-channel-ip-0": 0,
          "KomakiLDA5NoDevice-channel-ip-1": 0,
          "KomakiLDA5NoDevice-channel-ip-2": 0,
          "KomakiLDA5NoDevice-channel-ip-3": 0,
          "KomakiLDA5NoDevice-channel-ip-4": 0,
          "KomakiLDA5NoDevice-channel-app-0": 0,
          "KomakiLDA5NoDevice-channel-app-1": 0,
          "KomakiLDA5NoDevice-channel-app-2": 0,
          "KomakiLDA5NoDevice-channel-app-3": 0,
          "KomakiLDA5NoDevice-channel-app-4": 0,
          "KomakiLDA5NoDevice-channel-os-0": 0,
          "KomakiLDA5NoDevice-channel-os-1": 0,
          "KomakiLDA5NoDevice-channel-os-2": 0,
          "KomakiLDA5NoDevice-channel-os-3": 0,
          "KomakiLDA5NoDevice-channel-os-4": 0
        }
      },
      {
        "train_auc": 1.0,
        "valid_auc": 0.997093023255814,
        "best_iteration": 1,
        "train_time": 1.0657830238342285,
        "feature_importance": {
          "ip": 0,
          "os": 0,
          "app": 0,
          "channel": 0,
          "hour": 0,
          "n_channels": 0,
          "ip_app_count": 0,
          "ip_app_os_count": 0,
          "FutureClickCount_600-ip": 0,
          "FutureClickCount_600-app": 0,
          "FutureClickCount_600-ip-app": 0,
          "FutureClickCount_600-dev": 0,
          "FutureClickCount_600-ip-dev": 0,
          "FutureClickCount_600-app-dev": 0,
          "FutureClickCount_600-ip-app-dev": 0,
          "FutureClickCount_600-os": 0,
          "FutureClickCount_600-ip-os": 0,
          "FutureClickCount_600-app-os": 0,
          "FutureClickCount_600-ip-app-os": 0,
          "FutureClickCount_600-dev-os": 0,
          "FutureClickCount_600-ip-dev-os": 0,
          "FutureClickCount_600-app-dev-os": 0,
          "FutureClickCount_600-ip-app-dev-os": 0,
          "FutureClickCount_600-cha": 0,
          "FutureClickCount_600-ip-cha": 0,
          "FutureClickCount_600-app-cha": 0,
          "FutureClickCount_600-ip-app-cha": 0,
          "FutureClickCount_600-dev-cha": 0,
          "FutureClickCount_600-ip-dev-cha": 0,
          "FutureClickCount_600-app-dev-cha": 0,
          "FutureClickCount_600-ip-app-dev-cha": 0,
          "FutureClickCount_600-os-cha": 0,
          "FutureClickCount_600-ip-os-cha": 0,
          "FutureClickCount_600-app-os-cha": 0,
          "FutureClickCount_600-ip-app-os-cha": 0,
          "FutureClickCount_600-dev-os-cha": 0,
          "FutureClickCount_600-ip-dev-os-cha": 0,
          "FutureClickCount_600-app-dev-os-cha": 0,
          "FutureClickCount_600-ip-app-dev-os-cha": 0,
          "FutureClickCount_4800-ip": 0,
          "FutureClickCount_4800-app": 0,
          "FutureClickCount_4800-ip-app": 0,
          "FutureClickCount_4800-dev": 0,
          "FutureClickCount_4800-ip-dev": 0,
          "FutureClickCount_4800-app-dev": 0,
          "FutureClickCount_4800-ip-app-dev": 0,
          "FutureClickCount_4800-os": 0,
          "FutureClickCount_4800-ip-os": 0,
          "FutureClickCount_4800-app-os": 0,
          "FutureClickCount_4800-ip-app-os": 0,
          "FutureClickCount_4800-dev-os": 0,
          "FutureClickCount_4800-ip-dev-os": 0,
          "FutureClickCount_4800-app-dev-os": 0,
          "FutureClickCount_4800-ip-app-dev-os": 0,
          "FutureClickCount_4800-cha": 0,
          "FutureClickCount_4800-ip-cha": 0,
          "FutureClickCount_4800-app-cha": 0,
          "FutureClickCount_4800-ip-app-cha": 0,
          "FutureClickCount_4800-dev-cha": 0,
          "FutureClickCount_4800-ip-dev-cha": 0,
          "FutureClickCount_4800-app-dev-cha": 0,
          "FutureClickCount_4800-ip-app-dev-cha": 0,
          "FutureClickCount_4800-os-cha": 0,
          "FutureClickCount_4800-ip-os-cha": 0,
          "FutureClickCount_4800-app-os-cha": 0,
          "FutureClickCount_4800-ip-app-os-cha": 0,
          "FutureClickCount_4800-dev-os-cha": 0,
          "FutureClickCount_4800-ip-dev-os-cha": 0,
          "FutureClickCount_4800-app-dev-os-cha": 0,
          "FutureClickCount_4800-ip-app-dev-os-cha": 0,
          "NextClickTimeDelta-ip": 0,
          "NextClickTimeDelta-app": 0,
          "NextClickTimeDelta-ip-app": 0,
          "NextClickTimeDelta-dev": 0,
          "NextClickTimeDelta-ip-dev": 0,
          "NextClickTimeDelta-app-dev": 0,
          "NextClickTimeDelta-ip-app-dev": 0,
          "NextClickTimeDelta-os": 0,
          "NextClickTimeDelta-ip-os": 0,
          "NextClickTimeDelta-app-os": 0,
          "NextClickTimeDelta-ip-app-os": 0,
          "NextClickTimeDelta-dev-os": 0,
          "NextClickTimeDelta-ip-dev-os": 0,
          "NextClickTimeDelta-app-dev-os": 0,
          "NextClickTimeDelta-ip-app-dev-os": 0,
          "NextClickTimeDelta-cha": 0,
          "NextClickTimeDelta-ip-cha": 0,
          "NextClickTimeDelta-app-cha": 0,
          "NextClickTimeDelta-ip-app-cha": 0,
          "NextClickTimeDelta-dev-cha": 0,
          "NextClickTimeDelta-ip-dev-cha": 0,
          "NextClickTimeDelta-app-dev-cha": 0,
          "NextClickTimeDelta-ip-app-dev-cha": 0,
          "NextClickTimeDelta-os-cha": 0,
          "NextClickTimeDelta-ip-os-cha": 0,
          "NextClickTimeDelta-app-os-cha": 0,
          "NextClickTimeDelta-ip-app-os-cha": 0,
          "NextClickTimeDelta-dev-os-cha": 0,
          "NextClickTimeDelta-ip-dev-os-cha": 0,
          "NextClickTimeDelta-app-dev-os-cha": 0,
          "NextClickTimeDelta-ip-app-dev-os-cha": 0,
          "PrevClickTimeDelta-ip": 0,
          "PrevClickTimeDelta-app": 0,
          "PrevClickTimeDelta-ip-app": 0,
          "PrevClickTimeDelta-dev": 0,
          "PrevClickTimeDelta-ip-dev": 0,
          "PrevClickTimeDelta-app-dev": 0,
          "PrevClickTimeDelta-ip-app-dev": 0,
          "PrevClickTimeDelta-os": 0,
          "PrevClickTimeDelta-ip-os": 0,
          "PrevClickTimeDelta-app-os": 0,
          "PrevClickTimeDelta-ip-app-os": 0,
          "PrevClickTimeDelta-dev-os": 0,
          "PrevClickTimeDelta-ip-dev-os": 0,
          "PrevClickTimeDelta-app-dev-os": 0,
          "PrevClickTimeDelta-ip-app-dev-os": 0,
          "PrevClickTimeDelta-cha": 0,
          "PrevClickTimeDelta-ip-cha": 0,
          "PrevClickTimeDelta-app-cha": 0,
          "PrevClickTimeDelta-ip-app-cha": 0,
          "PrevClickTimeDelta-dev-cha": 0,
          "PrevClickTimeDelta-ip-dev-cha": 0,
          "PrevClickTimeDelta-app-dev-cha": 0,
          "PrevClickTimeDelta-ip-app-dev-cha": 0,
          "PrevClickTimeDelta-os-cha": 0,
          "PrevClickTimeDelta-ip-os-cha": 0,
          "PrevClickTimeDelta-app-os-cha": 0,
          "PrevClickTimeDelta-ip-app-os-cha": 0,
          "PrevClickTimeDelta-dev-os-cha": 0,
          "PrevClickTimeDelta-ip-dev-os-cha": 0,
          "PrevClickTimeDelta-app-dev-os-cha": 0,
          "PrevClickTimeDelta-ip-app-dev-os-cha": 0,
          "AverageAttributedRatio-ip": 0,
          "AverageAttributedRatio-app": 0,
          "AverageAttributedRatio-ip-app": 0,
          "AverageAttributedRatio-dev": 0,
          "AverageAttributedRatio-ip-dev": 0,
          "AverageAttributedRatio-app-dev": 0,
          "AverageAttributedRatio-ip-app-dev": 0,
          "AverageAttributedRatio-os": 0,
          "AverageAttributedRatio-ip-os": 0,
          "AverageAttributedRatio-app-os": 0,
          "AverageAttributedRatio-ip-app-os": 0,
          "AverageAttributedRatio-dev-os": 0,
          "AverageAttributedRatio-ip-dev-os": 0,
          "AverageAttributedRatio-app-dev-os": 0,
          "AverageAttributedRatio-ip-app-dev-os": 0,
          "AverageAttributedRatio-cha": 0,
          "AverageAttributedRatio-ip-cha": 0,
          "AverageAttributedRatio-app-cha": 0,
          "AverageAttributedRatio-ip-app-cha": 0,
          "AverageAttributedRatio-dev-cha": 0,
          "AverageAttributedRatio-ip-dev-cha": 0,
          "AverageAttributedRatio-app-dev-cha": 0,
          "AverageAttributedRatio-ip-app-dev-cha": 0,
          "AverageAttributedRatio-os-cha": 0,
          "AverageAttributedRatio-ip-os-cha": 0,
          "AverageAttributedRatio-app-os-cha": 0,
          "AverageAttributedRatio-ip-app-os-cha": 0,
          "AverageAttributedRatio-dev-os-cha": 0,
          "AverageAttributedRatio-ip-dev-os-cha": 0,
          "AverageAttributedRatio-app-dev-os-cha": 0,
          "AverageAttributedRatio-ip-app-dev-os-cha": 0,
          "MedianAttributeTime-ip": 0,
          "MedianAttributeTime-app": 0,
          "MedianAttributeTime-ip-app": 1,
          "MedianAttributeTime-dev": 0,
          "MedianAttributeTime-ip-dev": 0,
          "MedianAttributeTime-app-dev": 0,
          "MedianAttributeTime-ip-app-dev": 0,
          "MedianAttributeTime-os": 0,
          "MedianAttributeTime-ip-os": 0,
          "MedianAttributeTime-app-os": 0,
          "MedianAttributeTime-ip-app-os": 0,
          "MedianAttributeTime-dev-os": 0,
          "MedianAttributeTime-ip-dev-os": 0,
          "MedianAttributeTime-app-dev-os": 0,
          "MedianAttributeTime-ip-app-dev-os": 0,
          "MedianAttributeTime-cha": 0,
          "MedianAttributeTime-ip-cha": 0,
          "MedianAttributeTime-app-cha": 0,
          "MedianAttributeTime-ip-app-cha": 0,
          "MedianAttributeTime-dev-cha": 0,
          "MedianAttributeTime-ip-dev-cha": 0,
          "MedianAttributeTime-app-dev-cha": 0,
          "MedianAttributeTime-ip-app-dev-cha": 0,
          "MedianAttributeTime-os-cha": 0,
          "MedianAttributeTime-ip-os-cha": 0,
          "MedianAttributeTime-app-os-cha": 0,
          "MedianAttributeTime-ip-app-os-cha": 0,
          "MedianAttributeTime-dev-os-cha": 0,
          "MedianAttributeTime-ip-dev-os-cha": 0,
          "MedianAttributeTime-app-dev-os-cha": 0,
          "MedianAttributeTime-ip-app-dev-os-cha": 0,
          "KomakiLDA5NoDevice-ip-app-0": 0,
          "KomakiLDA5NoDevice-ip-app-1": 0,
          "KomakiLDA5NoDevice-ip-app-2": 0,
          "KomakiLDA5NoDevice-ip-app-3": 0,
          "KomakiLDA5NoDevice-ip-app-4": 0,
          "KomakiLDA5NoDevice-ip-os-0": 0,
          "KomakiLDA5NoDevice-ip-os-1": 0,
          "KomakiLDA5NoDevice-ip-os-2": 0,
          "KomakiLDA5NoDevice-ip-os-3": 0,
          "KomakiLDA5NoDevice-ip-os-4": 0,
          "KomakiLDA5NoDevice-ip-channel-0": 0,
          "KomakiLDA5NoDevice-ip-channel-1": 0,
          "KomakiLDA5NoDevice-ip-channel-2": 0,
          "KomakiLDA5NoDevice-ip-channel-3": 0,
          "KomakiLDA5NoDevice-ip-channel-4": 0,
          "KomakiLDA5NoDevice-app-ip-0": 0,
          "KomakiLDA5NoDevice-app-ip-1": 0,
          "KomakiLDA5NoDevice-app-ip-2": 0,
          "KomakiLDA5NoDevice-app-ip-3": 0,
          "KomakiLDA5NoDevice-app-ip-4": 0,
          "KomakiLDA5NoDevice-app-os-0": 0,
          "KomakiLDA5NoDevice-app-os-1": 0,
          "KomakiLDA5NoDevice-app-os-2": 0,
          "KomakiLDA5NoDevice-app-os-3": 0,
          "KomakiLDA5NoDevice-app-os-4": 0,
          "KomakiLDA5NoDevice-app-channel-0": 0,
          "KomakiLDA5NoDevice-app-channel-1": 0,
          "KomakiLDA5NoDevice-app-channel-2": 0,
          "KomakiLDA5NoDevice-app-channel-3": 0,
          "KomakiLDA5NoDevice-app-channel-4": 0,
          "KomakiLDA5NoDevice-os-ip-0": 0,
          "KomakiLDA5NoDevice-os-ip-1": 0,
          "KomakiLDA5NoDevice-os-ip-2": 0,
          "KomakiLDA5NoDevice-os-ip-3": 0,
          "KomakiLDA5NoDevice-os-ip-4": 0,
          "KomakiLDA5NoDevice-os-app-0": 0,
          "KomakiLDA5NoDevice-os-app-1": 0,
          "KomakiLDA5NoDevice-os-app-2": 0,
          "KomakiLDA5NoDevice-os-app-3": 0,
          "KomakiLDA5NoDevice-os-app-4": 0,
          "KomakiLDA5NoDevice-os-channel-0": 0,
          "KomakiLDA5NoDevice-os-channel-1": 0,
          "KomakiLDA5NoDevice-os-channel-2": 0,
          "KomakiLDA5NoDevice-os-channel-3": 0,
          "KomakiLDA5NoDevice-os-channel-4": 0,
          "KomakiLDA5NoDevice-channel-ip-0": 0,
          "KomakiLDA5NoDevice-channel-ip-1": 0,
          "KomakiLDA5NoDevice-channel-ip-2": 0,
          "KomakiLDA5NoDevice-channel-ip-3": 0,
          "KomakiLDA5NoDevice-channel-ip-4": 0,
          "KomakiLDA5NoDevice-channel-app-0": 0,
          "KomakiLDA5NoDevice-channel-app-1": 0,
          "KomakiLDA5NoDevice-channel-app-2": 0,
          "KomakiLDA5NoDevice-channel-app-3": 0,
          "KomakiLDA5NoDevice-channel-app-4": 0,
          "KomakiLDA5NoDevice-channel-os-0": 0,
          "KomakiLDA5NoDevice-channel-os-1": 0,
          "KomakiLDA5NoDevice-channel-os-2": 0,
          "KomakiLDA5NoDevice-channel-os-3": 0,
          "KomakiLDA5NoDevice-channel-os-4": 0
        }
      },
      {
        "train_auc": 1.0,
        "valid_auc": 0.9939874331937022,
        "best_iteration": 1,
        "train_time": 1.0039849281311035,
        "feature_importance": {
          "ip": 0,
          "os": 0,
          "app": 0,
          "channel": 0,
          "hour": 0,
          "n_channels": 0,
          "ip_app_count": 0,
          "ip_app_os_count": 0,
          "FutureClickCount_600-ip": 0,
          "FutureClickCount_600-app": 0,
          "FutureClickCount_600-ip-app": 0,
          "FutureClickCount_600-dev": 0,
          "FutureClickCount_600-ip-dev": 0,
          "FutureClickCount_600-app-dev": 0,
          "FutureClickCount_600-ip-app-dev": 0,
          "FutureClickCount_600-os": 0,
          "FutureClickCount_600-ip-os": 0,
          "FutureClickCount_600-app-os": 0,
          "FutureClickCount_600-ip-app-os": 0,
          "FutureClickCount_600-dev-os": 0,
          "FutureClickCount_600-ip-dev-os": 0,
          "FutureClickCount_600-app-dev-os": 0,
          "FutureClickCount_600-ip-app-dev-os": 0,
          "FutureClickCount_600-cha": 0,
          "FutureClickCount_600-ip-cha": 0,
          "FutureClickCount_600-app-cha": 0,
          "FutureClickCount_600-ip-app-cha": 0,
          "FutureClickCount_600-dev-cha": 0,
          "FutureClickCount_600-ip-dev-cha": 0,
          "FutureClickCount_600-app-dev-cha": 0,
          "FutureClickCount_600-ip-app-dev-cha": 0,
          "FutureClickCount_600-os-cha": 0,
          "FutureClickCount_600-ip-os-cha": 0,
          "FutureClickCount_600-app-os-cha": 0,
          "FutureClickCount_600-ip-app-os-cha": 0,
          "FutureClickCount_600-dev-os-cha": 0,
          "FutureClickCount_600-ip-dev-os-cha": 0,
          "FutureClickCount_600-app-dev-os-cha": 0,
          "FutureClickCount_600-ip-app-dev-os-cha": 0,
          "FutureClickCount_4800-ip": 0,
          "FutureClickCount_4800-app": 0,
          "FutureClickCount_4800-ip-app": 0,
          "FutureClickCount_4800-dev": 0,
          "FutureClickCount_4800-ip-dev": 0,
          "FutureClickCount_4800-app-dev": 0,
          "FutureClickCount_4800-ip-app-dev": 0,
          "FutureClickCount_4800-os": 0,
          "FutureClickCount_4800-ip-os": 0,
          "FutureClickCount_4800-app-os": 0,
          "FutureClickCount_4800-ip-app-os": 0,
          "FutureClickCount_4800-dev-os": 0,
          "FutureClickCount_4800-ip-dev-os": 0,
          "FutureClickCount_4800-app-dev-os": 0,
          "FutureClickCount_4800-ip-app-dev-os": 0,
          "FutureClickCount_4800-cha": 0,
          "FutureClickCount_4800-ip-cha": 0,
          "FutureClickCount_4800-app-cha": 0,
          "FutureClickCount_4800-ip-app-cha": 0,
          "FutureClickCount_4800-dev-cha": 0,
          "FutureClickCount_4800-ip-dev-cha": 0,
          "FutureClickCount_4800-app-dev-cha": 0,
          "FutureClickCount_4800-ip-app-dev-cha": 0,
          "FutureClickCount_4800-os-cha": 0,
          "FutureClickCount_4800-ip-os-cha": 0,
          "FutureClickCount_4800-app-os-cha": 0,
          "FutureClickCount_4800-ip-app-os-cha": 0,
          "FutureClickCount_4800-dev-os-cha": 0,
          "FutureClickCount_4800-ip-dev-os-cha": 0,
          "FutureClickCount_4800-app-dev-os-cha": 0,
          "FutureClickCount_4800-ip-app-dev-os-cha": 0,
          "NextClickTimeDelta-ip": 0,
          "NextClickTimeDelta-app": 0,
          "NextClickTimeDelta-ip-app": 0,
          "NextClickTimeDelta-dev": 0,
          "NextClickTimeDelta-ip-dev": 0,
          "NextClickTimeDelta-app-dev": 0,
          "NextClickTimeDelta-ip-app-dev": 0,
          "NextClickTimeDelta-os": 0,
          "NextClickTimeDelta-ip-os": 0,
          "NextClickTimeDelta-app-os": 0,
          "NextClickTimeDelta-ip-app-os": 0,
          "NextClickTimeDelta-dev-os": 0,
          "NextClickTimeDelta-ip-dev-os": 0,
          "NextClickTimeDelta-app-dev-os": 0,
          "NextClickTimeDelta-ip-app-dev-os": 0,
          "NextClickTimeDelta-cha": 0,
          "NextClickTimeDelta-ip-cha": 0,
          "NextClickTimeDelta-app-cha": 0,
          "NextClickTimeDelta-ip-app-cha": 0,
          "NextClickTimeDelta-dev-cha": 0,
          "NextClickTimeDelta-ip-dev-cha": 0,
          "NextClickTimeDelta-app-dev-cha": 0,
          "NextClickTimeDelta-ip-app-dev-cha": 0,
          "NextClickTimeDelta-os-cha": 0,
          "NextClickTimeDelta-ip-os-cha": 0,
          "NextClickTimeDelta-app-os-cha": 0,
          "NextClickTimeDelta-ip-app-os-cha": 0,
          "NextClickTimeDelta-dev-os-cha": 0,
          "NextClickTimeDelta-ip-dev-os-cha": 0,
          "NextClickTimeDelta-app-dev-os-cha": 0,
          "NextClickTimeDelta-ip-app-dev-os-cha": 0,
          "PrevClickTimeDelta-ip": 0,
          "PrevClickTimeDelta-app": 0,
          "PrevClickTimeDelta-ip-app": 0,
          "PrevClickTimeDelta-dev": 0,
          "PrevClickTimeDelta-ip-dev": 0,
          "PrevClickTimeDelta-app-dev": 0,
          "PrevClickTimeDelta-ip-app-dev": 0,
          "PrevClickTimeDelta-os": 0,
          "PrevClickTimeDelta-ip-os": 0,
          "PrevClickTimeDelta-app-os": 0,
          "PrevClickTimeDelta-ip-app-os": 0,
          "PrevClickTimeDelta-dev-os": 0,
          "PrevClickTimeDelta-ip-dev-os": 0,
          "PrevClickTimeDelta-app-dev-os": 0,
          "PrevClickTimeDelta-ip-app-dev-os": 0,
          "PrevClickTimeDelta-cha": 0,
          "PrevClickTimeDelta-ip-cha": 0,
          "PrevClickTimeDelta-app-cha": 0,
          "PrevClickTimeDelta-ip-app-cha": 0,
          "PrevClickTimeDelta-dev-cha": 0,
          "PrevClickTimeDelta-ip-dev-cha": 0,
          "PrevClickTimeDelta-app-dev-cha": 0,
          "PrevClickTimeDelta-ip-app-dev-cha": 0,
          "PrevClickTimeDelta-os-cha": 0,
          "PrevClickTimeDelta-ip-os-cha": 0,
          "PrevClickTimeDelta-app-os-cha": 0,
          "PrevClickTimeDelta-ip-app-os-cha": 0,
          "PrevClickTimeDelta-dev-os-cha": 0,
          "PrevClickTimeDelta-ip-dev-os-cha": 0,
          "PrevClickTimeDelta-app-dev-os-cha": 0,
          "PrevClickTimeDelta-ip-app-dev-os-cha": 0,
          "AverageAttributedRatio-ip": 0,
          "AverageAttributedRatio-app": 0,
          "AverageAttributedRatio-ip-app": 0,
          "AverageAttributedRatio-dev": 0,
          "AverageAttributedRatio-ip-dev": 0,
          "AverageAttributedRatio-app-dev": 0,
          "AverageAttributedRatio-ip-app-dev": 0,
          "AverageAttributedRatio-os": 0,
          "AverageAttributedRatio-ip-os": 0,
          "AverageAttributedRatio-app-os": 0,
          "AverageAttributedRatio-ip-app-os": 0,
          "AverageAttributedRatio-dev-os": 0,
          "AverageAttributedRatio-ip-dev-os": 0,
          "AverageAttributedRatio-app-dev-os": 0,
          "AverageAttributedRatio-ip-app-dev-os": 0,
          "AverageAttributedRatio-cha": 0,
          "AverageAttributedRatio-ip-cha": 0,
          "AverageAttributedRatio-app-cha": 0,
          "AverageAttributedRatio-ip-app-cha": 0,
          "AverageAttributedRatio-dev-cha": 0,
          "AverageAttributedRatio-ip-dev-cha": 0,
          "AverageAttributedRatio-app-dev-cha": 0,
          "AverageAttributedRatio-ip-app-dev-cha": 0,
          "AverageAttributedRatio-os-cha": 0,
          "AverageAttributedRatio-ip-os-cha": 0,
          "AverageAttributedRatio-app-os-cha": 0,
          "AverageAttributedRatio-ip-app-os-cha": 0,
          "AverageAttributedRatio-dev-os-cha": 0,
          "AverageAttributedRatio-ip-dev-os-cha": 0,
          "AverageAttributedRatio-app-dev-os-cha": 0,
          "AverageAttributedRatio-ip-app-dev-os-cha": 0,
          "MedianAttributeTime-ip": 0,
          "MedianAttributeTime-app": 0,
          "MedianAttributeTime-ip-app": 0,
          "MedianAttributeTime-dev": 0,
          "MedianAttributeTime-ip-dev": 0,
          "MedianAttributeTime-app-dev": 0,
          "MedianAttributeTime-ip-app-dev": 0,
          "MedianAttributeTime-os": 0,
          "MedianAttributeTime-ip-os": 0,
          "MedianAttributeTime-app-os": 0,
          "MedianAttributeTime-ip-app-os": 1,
          "MedianAttributeTime-dev-os": 0,
          "MedianAttributeTime-ip-dev-os": 0,
          "MedianAttributeTime-app-dev-os": 0,
          "MedianAttributeTime-ip-app-dev-os": 0,
          "MedianAttributeTime-cha": 0,
          "MedianAttributeTime-ip-cha": 0,
          "MedianAttributeTime-app-cha": 0,
          "MedianAttributeTime-ip-app-cha": 0,
          "MedianAttributeTime-dev-cha": 0,
          "MedianAttributeTime-ip-dev-cha": 0,
          "MedianAttributeTime-app-dev-cha": 0,
          "MedianAttributeTime-ip-app-dev-cha": 0,
          "MedianAttributeTime-os-cha": 0,
          "MedianAttributeTime-ip-os-cha": 0,
          "MedianAttributeTime-app-os-cha": 0,
          "MedianAttributeTime-ip-app-os-cha": 0,
          "MedianAttributeTime-dev-os-cha": 0,
          "MedianAttributeTime-ip-dev-os-cha": 0,
          "MedianAttributeTime-app-dev-os-cha": 0,
          "MedianAttributeTime-ip-app-dev-os-cha": 0,
          "KomakiLDA5NoDevice-ip-app-0": 0,
          "KomakiLDA5NoDevice-ip-app-1": 0,
          "KomakiLDA5NoDevice-ip-app-2": 0,
          "KomakiLDA5NoDevice-ip-app-3": 0,
          "KomakiLDA5NoDevice-ip-app-4": 0,
          "KomakiLDA5NoDevice-ip-os-0": 0,
          "KomakiLDA5NoDevice-ip-os-1": 0,
          "KomakiLDA5NoDevice-ip-os-2": 0,
          "KomakiLDA5NoDevice-ip-os-3": 0,
          "KomakiLDA5NoDevice-ip-os-4": 0,
          "KomakiLDA5NoDevice-ip-channel-0": 0,
          "KomakiLDA5NoDevice-ip-channel-1": 0,
          "KomakiLDA5NoDevice-ip-channel-2": 0,
          "KomakiLDA5NoDevice-ip-channel-3": 0,
          "KomakiLDA5NoDevice-ip-channel-4": 0,
          "KomakiLDA5NoDevice-app-ip-0": 0,
          "KomakiLDA5NoDevice-app-ip-1": 0,
          "KomakiLDA5NoDevice-app-ip-2": 0,
          "KomakiLDA5NoDevice-app-ip-3": 0,
          "KomakiLDA5NoDevice-app-ip-4": 0,
          "KomakiLDA5NoDevice-app-os-0": 0,
          "KomakiLDA5NoDevice-app-os-1": 0,
          "KomakiLDA5NoDevice-app-os-2": 0,
          "KomakiLDA5NoDevice-app-os-3": 0,
          "KomakiLDA5NoDevice-app-os-4": 0,
          "KomakiLDA5NoDevice-app-channel-0": 0,
          "KomakiLDA5NoDevice-app-channel-1": 0,
          "KomakiLDA5NoDevice-app-channel-2": 0,
          "KomakiLDA5NoDevice-app-channel-3": 0,
          "KomakiLDA5NoDevice-app-channel-4": 0,
          "KomakiLDA5NoDevice-os-ip-0": 0,
          "KomakiLDA5NoDevice-os-ip-1": 0,
          "KomakiLDA5NoDevice-os-ip-2": 0,
          "KomakiLDA5NoDevice-os-ip-3": 0,
          "KomakiLDA5NoDevice-os-ip-4": 0,
          "KomakiLDA5NoDevice-os-app-0": 0,
          "KomakiLDA5NoDevice-os-app-1": 0,
          "KomakiLDA5NoDevice-os-app-2": 0,
          "KomakiLDA5NoDevice-os-app-3": 0,
          "KomakiLDA5NoDevice-os-app-4": 0,
          "KomakiLDA5NoDevice-os-channel-0": 0,
          "KomakiLDA5NoDevice-os-channel-1": 0,
          "KomakiLDA5NoDevice-os-channel-2": 0,
          "KomakiLDA5NoDevice-os-channel-3": 0,
          "KomakiLDA5NoDevice-os-channel-4": 0,
          "KomakiLDA5NoDevice-channel-ip-0": 0,
          "KomakiLDA5NoDevice-channel-ip-1": 0,
          "KomakiLDA5NoDevice-channel-ip-2": 0,
          "KomakiLDA5NoDevice-channel-ip-3": 0,
          "KomakiLDA5NoDevice-channel-ip-4": 0,
          "KomakiLDA5NoDevice-channel-app-0": 0,
          "KomakiLDA5NoDevice-channel-app-1": 0,
          "KomakiLDA5NoDevice-channel-app-2": 0,
          "KomakiLDA5NoDevice-channel-app-3": 0,
          "KomakiLDA5NoDevice-channel-app-4": 0,
          "KomakiLDA5NoDevice-channel-os-0": 0,
          "KomakiLDA5NoDevice-channel-os-1": 0,
          "KomakiLDA5NoDevice-channel-os-2": 0,
          "KomakiLDA5NoDevice-channel-os-3": 0,
          "KomakiLDA5NoDevice-channel-os-4": 0
        }
      }
    ],
    "average_train_auc": 1.0,
    "average_valid_auc": 0.9969070380268146,
    "train_auc_std": 0.0,
    "valid_auc_std": 0.0016902056749930152,
    "average_train_time": 1.0055333614349364
  },
  "config": {
    "features": [
      "ip",
      "os",
      "app",
      "channel",
      "hour",
      "count",
      "future_click_count_10",
      "future_click_count_80",
      "next_click_time_delta",
      "prev_click_time_delta",
      "average_attributed_ratio",
      "komaki_lda_5_no_device",
      "median_attribute_time"
    ],
    "model": {
      "name": "lightgbm",
      "model_params": {
        "boosting_type": "gbdt",
        "objective": "binary",
        "metric": "auc",
        "learning_rate": 0.03,
        "num_leaves": 255,
        "max_depth": 8,
        "min_child_samples": 10,
        "max_bin": 100,
        "subsample": 0.7,
        "subsample_freq": 1,
        "colsample_bytree": 0.7,
        "min_child_weight": 0,
        "subsample_for_bin": 200000,
        "min_split_gain": 0,
        "reg_alpha": 0,
        "reg_lambda": 0,
        "verbose": 0
      },
      "train_params": {
        "num_boost_round": 1000,
        "early_stopping_rounds": 30
      }
    },
    "dataset": {
      "input_directory": "data/input/",
      "cache_directory": "data/working/",
      "validation_ratio": 0.33333333333,
      "full_data_train": true,
      "files": {
        "train": "train.feather.small",
        "test": "old_test.feather.small"
      },
      "negative_down_sampling": {
        "enabled": true,
        "bagging_size": 5,
        "random_state": 114514
      }
    },
    "note": "Introduce Median Attribute Time"
  }
}