{
  "training": {
    "trials": [
      {
        "train_auc": 0.9942221608723946,
        "valid_auc": 0.9272007419032672,
        "best_iteration": 31,
        "train_time": 1.1125667095184326,
        "feature_importance": {
          "ip": 0,
          "os": 0,
          "app": 0,
          "channel": 0,
          "hour": 0,
          "n_channels": 2,
          "ip_app_count": 3,
          "ip_app_os_count": 0,
          "FutureClickCount_600-ip": 0,
          "FutureClickCount_600-app": 9,
          "FutureClickCount_600-ip-app": 0,
          "FutureClickCount_600-dev": 9,
          "FutureClickCount_600-ip-dev": 0,
          "FutureClickCount_600-app-dev": 5,
          "FutureClickCount_600-ip-app-dev": 0,
          "FutureClickCount_600-os": 14,
          "FutureClickCount_600-ip-os": 0,
          "FutureClickCount_600-app-os": 2,
          "FutureClickCount_600-ip-app-os": 0,
          "FutureClickCount_600-dev-os": 15,
          "FutureClickCount_600-ip-dev-os": 0,
          "FutureClickCount_600-app-dev-os": 0,
          "FutureClickCount_600-ip-app-dev-os": 0,
          "FutureClickCount_600-cha": 7,
          "FutureClickCount_600-ip-cha": 0,
          "FutureClickCount_600-app-cha": 2,
          "FutureClickCount_600-ip-app-cha": 0,
          "FutureClickCount_600-dev-cha": 7,
          "FutureClickCount_600-ip-dev-cha": 0,
          "FutureClickCount_600-app-dev-cha": 2,
          "FutureClickCount_600-ip-app-dev-cha": 0,
          "FutureClickCount_600-os-cha": 1,
          "FutureClickCount_600-ip-os-cha": 0,
          "FutureClickCount_600-app-os-cha": 0,
          "FutureClickCount_600-ip-app-os-cha": 0,
          "FutureClickCount_600-dev-os-cha": 0,
          "FutureClickCount_600-ip-dev-os-cha": 0,
          "FutureClickCount_600-app-dev-os-cha": 0,
          "FutureClickCount_600-ip-app-dev-os-cha": 0,
          "FutureClickCount_4800-ip": 2,
          "FutureClickCount_4800-app": 3,
          "FutureClickCount_4800-ip-app": 0,
          "FutureClickCount_4800-dev": 10,
          "FutureClickCount_4800-ip-dev": 0,
          "FutureClickCount_4800-app-dev": 2,
          "FutureClickCount_4800-ip-app-dev": 0,
          "FutureClickCount_4800-os": 15,
          "FutureClickCount_4800-ip-os": 0,
          "FutureClickCount_4800-app-os": 1,
          "FutureClickCount_4800-ip-app-os": 0,
          "FutureClickCount_4800-dev-os": 17,
          "FutureClickCount_4800-ip-dev-os": 0,
          "FutureClickCount_4800-app-dev-os": 5,
          "FutureClickCount_4800-ip-app-dev-os": 0,
          "FutureClickCount_4800-cha": 10,
          "FutureClickCount_4800-ip-cha": 0,
          "FutureClickCount_4800-app-cha": 3,
          "FutureClickCount_4800-ip-app-cha": 0,
          "FutureClickCount_4800-dev-cha": 7,
          "FutureClickCount_4800-ip-dev-cha": 0,
          "FutureClickCount_4800-app-dev-cha": 6,
          "FutureClickCount_4800-ip-app-dev-cha": 0,
          "FutureClickCount_4800-os-cha": 2,
          "FutureClickCount_4800-ip-os-cha": 0,
          "FutureClickCount_4800-app-os-cha": 3,
          "FutureClickCount_4800-ip-app-os-cha": 0,
          "FutureClickCount_4800-dev-os-cha": 2,
          "FutureClickCount_4800-ip-dev-os-cha": 0,
          "FutureClickCount_4800-app-dev-os-cha": 1,
          "FutureClickCount_4800-ip-app-dev-os-cha": 0,
          "NextClickTimeDelta-ip": 11,
          "NextClickTimeDelta-app": 12,
          "NextClickTimeDelta-ip-app": 1,
          "NextClickTimeDelta-dev": 8,
          "NextClickTimeDelta-ip-dev": 7,
          "NextClickTimeDelta-app-dev": 12,
          "NextClickTimeDelta-ip-app-dev": 0,
          "NextClickTimeDelta-os": 7,
          "NextClickTimeDelta-ip-os": 3,
          "NextClickTimeDelta-app-os": 4,
          "NextClickTimeDelta-ip-app-os": 0,
          "NextClickTimeDelta-dev-os": 2,
          "NextClickTimeDelta-ip-dev-os": 5,
          "NextClickTimeDelta-app-dev-os": 4,
          "NextClickTimeDelta-ip-app-dev-os": 0,
          "NextClickTimeDelta-cha": 13,
          "NextClickTimeDelta-ip-cha": 0,
          "NextClickTimeDelta-app-cha": 14,
          "NextClickTimeDelta-ip-app-cha": 0,
          "NextClickTimeDelta-dev-cha": 12,
          "NextClickTimeDelta-ip-dev-cha": 0,
          "NextClickTimeDelta-app-dev-cha": 6,
          "NextClickTimeDelta-ip-app-dev-cha": 0,
          "NextClickTimeDelta-os-cha": 4,
          "NextClickTimeDelta-ip-os-cha": 0,
          "NextClickTimeDelta-app-os-cha": 9,
          "NextClickTimeDelta-ip-app-os-cha": 0,
          "NextClickTimeDelta-dev-os-cha": 2,
          "NextClickTimeDelta-ip-dev-os-cha": 0,
          "NextClickTimeDelta-app-dev-os-cha": 1,
          "NextClickTimeDelta-ip-app-dev-os-cha": 0,
          "PrevClickTimeDelta-ip": 10,
          "PrevClickTimeDelta-app": 9,
          "PrevClickTimeDelta-ip-app": 0,
          "PrevClickTimeDelta-dev": 3,
          "PrevClickTimeDelta-ip-dev": 4,
          "PrevClickTimeDelta-app-dev": 5,
          "PrevClickTimeDelta-ip-app-dev": 1,
          "PrevClickTimeDelta-os": 7,
          "PrevClickTimeDelta-ip-os": 3,
          "PrevClickTimeDelta-app-os": 6,
          "PrevClickTimeDelta-ip-app-os": 0,
          "PrevClickTimeDelta-dev-os": 4,
          "PrevClickTimeDelta-ip-dev-os": 0,
          "PrevClickTimeDelta-app-dev-os": 6,
          "PrevClickTimeDelta-ip-app-dev-os": 0,
          "PrevClickTimeDelta-cha": 14,
          "PrevClickTimeDelta-ip-cha": 0,
          "PrevClickTimeDelta-app-cha": 10,
          "PrevClickTimeDelta-ip-app-cha": 0,
          "PrevClickTimeDelta-dev-cha": 6,
          "PrevClickTimeDelta-ip-dev-cha": 0,
          "PrevClickTimeDelta-app-dev-cha": 5,
          "PrevClickTimeDelta-ip-app-dev-cha": 0,
          "PrevClickTimeDelta-os-cha": 0,
          "PrevClickTimeDelta-ip-os-cha": 0,
          "PrevClickTimeDelta-app-os-cha": 11,
          "PrevClickTimeDelta-ip-app-os-cha": 0,
          "PrevClickTimeDelta-dev-os-cha": 3,
          "PrevClickTimeDelta-ip-dev-os-cha": 0,
          "PrevClickTimeDelta-app-dev-os-cha": 5,
          "PrevClickTimeDelta-ip-app-dev-os-cha": 0,
          "AverageAttributedRatio-ip": 2,
          "AverageAttributedRatio-app": 18,
          "AverageAttributedRatio-ip-app": 0,
          "AverageAttributedRatio-dev": 3,
          "AverageAttributedRatio-ip-dev": 0,
          "AverageAttributedRatio-app-dev": 15,
          "AverageAttributedRatio-ip-app-dev": 0,
          "AverageAttributedRatio-os": 2,
          "AverageAttributedRatio-ip-os": 0,
          "AverageAttributedRatio-app-os": 1,
          "AverageAttributedRatio-ip-app-os": 0,
          "AverageAttributedRatio-dev-os": 0,
          "AverageAttributedRatio-ip-dev-os": 0,
          "AverageAttributedRatio-app-dev-os": 1,
          "AverageAttributedRatio-ip-app-dev-os": 0,
          "AverageAttributedRatio-cha": 1,
          "AverageAttributedRatio-ip-cha": 0,
          "AverageAttributedRatio-app-cha": 0,
          "AverageAttributedRatio-ip-app-cha": 0,
          "AverageAttributedRatio-dev-cha": 1,
          "AverageAttributedRatio-ip-dev-cha": 0,
          "AverageAttributedRatio-app-dev-cha": 0,
          "AverageAttributedRatio-ip-app-dev-cha": 0,
          "AverageAttributedRatio-os-cha": 2,
          "AverageAttributedRatio-ip-os-cha": 0,
          "AverageAttributedRatio-app-os-cha": 1,
          "AverageAttributedRatio-ip-app-os-cha": 0,
          "AverageAttributedRatio-dev-os-cha": 1,
          "AverageAttributedRatio-ip-dev-os-cha": 0,
          "AverageAttributedRatio-app-dev-os-cha": 0,
          "AverageAttributedRatio-ip-app-dev-os-cha": 0,
          "MedianAttributeTimePast-ip": 0,
          "MedianAttributeTimePast-app": 2,
          "MedianAttributeTimePast-ip-app": 0,
          "MedianAttributeTimePast-dev": 6,
          "MedianAttributeTimePast-ip-dev": 0,
          "MedianAttributeTimePast-app-dev": 0,
          "MedianAttributeTimePast-ip-app-dev": 0,
          "MedianAttributeTimePast-os": 6,
          "MedianAttributeTimePast-ip-os": 0,
          "MedianAttributeTimePast-app-os": 1,
          "MedianAttributeTimePast-ip-app-os": 0,
          "MedianAttributeTimePast-dev-os": 2,
          "MedianAttributeTimePast-ip-dev-os": 0,
          "MedianAttributeTimePast-app-dev-os": 0,
          "MedianAttributeTimePast-ip-app-dev-os": 0,
          "MedianAttributeTimePast-cha": 3,
          "MedianAttributeTimePast-ip-cha": 0,
          "MedianAttributeTimePast-app-cha": 0,
          "MedianAttributeTimePast-ip-app-cha": 0,
          "MedianAttributeTimePast-dev-cha": 0,
          "MedianAttributeTimePast-ip-dev-cha": 0,
          "MedianAttributeTimePast-app-dev-cha": 1,
          "MedianAttributeTimePast-ip-app-dev-cha": 0,
          "MedianAttributeTimePast-os-cha": 0,
          "MedianAttributeTimePast-ip-os-cha": 0,
          "MedianAttributeTimePast-app-os-cha": 2,
          "MedianAttributeTimePast-ip-app-os-cha": 0,
          "MedianAttributeTimePast-dev-os-cha": 0,
          "MedianAttributeTimePast-ip-dev-os-cha": 0,
          "MedianAttributeTimePast-app-dev-os-cha": 1,
          "MedianAttributeTimePast-ip-app-dev-os-cha": 0,
          "KomakiLDA5NoDevice-ip-app-0": 22,
          "KomakiLDA5NoDevice-ip-app-1": 14,
          "KomakiLDA5NoDevice-ip-app-2": 44,
          "KomakiLDA5NoDevice-ip-app-3": 34,
          "KomakiLDA5NoDevice-ip-app-4": 9,
          "KomakiLDA5NoDevice-ip-os-0": 9,
          "KomakiLDA5NoDevice-ip-os-1": 8,
          "KomakiLDA5NoDevice-ip-os-2": 9,
          "KomakiLDA5NoDevice-ip-os-3": 15,
          "KomakiLDA5NoDevice-ip-os-4": 10,
          "KomakiLDA5NoDevice-ip-channel-0": 9,
          "KomakiLDA5NoDevice-ip-channel-1": 21,
          "KomakiLDA5NoDevice-ip-channel-2": 18,
          "KomakiLDA5NoDevice-ip-channel-3": 22,
          "KomakiLDA5NoDevice-ip-channel-4": 9,
          "KomakiLDA5NoDevice-app-ip-0": 19,
          "KomakiLDA5NoDevice-app-ip-1": 7,
          "KomakiLDA5NoDevice-app-ip-2": 5,
          "KomakiLDA5NoDevice-app-ip-3": 3,
          "KomakiLDA5NoDevice-app-ip-4": 3,
          "KomakiLDA5NoDevice-app-os-0": 4,
          "KomakiLDA5NoDevice-app-os-1": 0,
          "KomakiLDA5NoDevice-app-os-2": 4,
          "KomakiLDA5NoDevice-app-os-3": 6,
          "KomakiLDA5NoDevice-app-os-4": 0,
          "KomakiLDA5NoDevice-app-channel-0": 5,
          "KomakiLDA5NoDevice-app-channel-1": 5,
          "KomakiLDA5NoDevice-app-channel-2": 1,
          "KomakiLDA5NoDevice-app-channel-3": 5,
          "KomakiLDA5NoDevice-app-channel-4": 1,
          "KomakiLDA5NoDevice-os-ip-0": 8,
          "KomakiLDA5NoDevice-os-ip-1": 5,
          "KomakiLDA5NoDevice-os-ip-2": 1,
          "KomakiLDA5NoDevice-os-ip-3": 3,
          "KomakiLDA5NoDevice-os-ip-4": 0,
          "KomakiLDA5NoDevice-os-app-0": 0,
          "KomakiLDA5NoDevice-os-app-1": 0,
          "KomakiLDA5NoDevice-os-app-2": 1,
          "KomakiLDA5NoDevice-os-app-3": 0,
          "KomakiLDA5NoDevice-os-app-4": 1,
          "KomakiLDA5NoDevice-os-channel-0": 1,
          "KomakiLDA5NoDevice-os-channel-1": 3,
          "KomakiLDA5NoDevice-os-channel-2": 3,
          "KomakiLDA5NoDevice-os-channel-3": 0,
          "KomakiLDA5NoDevice-os-channel-4": 5,
          "KomakiLDA5NoDevice-channel-ip-0": 6,
          "KomakiLDA5NoDevice-channel-ip-1": 1,
          "KomakiLDA5NoDevice-channel-ip-2": 4,
          "KomakiLDA5NoDevice-channel-ip-3": 0,
          "KomakiLDA5NoDevice-channel-ip-4": 0,
          "KomakiLDA5NoDevice-channel-app-0": 10,
          "KomakiLDA5NoDevice-channel-app-1": 5,
          "KomakiLDA5NoDevice-channel-app-2": 6,
          "KomakiLDA5NoDevice-channel-app-3": 6,
          "KomakiLDA5NoDevice-channel-app-4": 8,
          "KomakiLDA5NoDevice-channel-os-0": 17,
          "KomakiLDA5NoDevice-channel-os-1": 30,
          "KomakiLDA5NoDevice-channel-os-2": 7,
          "KomakiLDA5NoDevice-channel-os-3": 4,
          "KomakiLDA5NoDevice-channel-os-4": 2
        }
      },
      {
        "train_auc": 0.991900605488716,
        "valid_auc": 0.9296583405110537,
        "best_iteration": 8,
        "train_time": 0.9382138252258301,
        "feature_importance": {
          "ip": 0,
          "os": 0,
          "app": 0,
          "channel": 0,
          "hour": 0,
          "n_channels": 1,
          "ip_app_count": 1,
          "ip_app_os_count": 0,
          "FutureClickCount_600-ip": 0,
          "FutureClickCount_600-app": 0,
          "FutureClickCount_600-ip-app": 0,
          "FutureClickCount_600-dev": 3,
          "FutureClickCount_600-ip-dev": 0,
          "FutureClickCount_600-app-dev": 0,
          "FutureClickCount_600-ip-app-dev": 0,
          "FutureClickCount_600-os": 1,
          "FutureClickCount_600-ip-os": 0,
          "FutureClickCount_600-app-os": 0,
          "FutureClickCount_600-ip-app-os": 0,
          "FutureClickCount_600-dev-os": 4,
          "FutureClickCount_600-ip-dev-os": 0,
          "FutureClickCount_600-app-dev-os": 1,
          "FutureClickCount_600-ip-app-dev-os": 0,
          "FutureClickCount_600-cha": 0,
          "FutureClickCount_600-ip-cha": 0,
          "FutureClickCount_600-app-cha": 0,
          "FutureClickCount_600-ip-app-cha": 0,
          "FutureClickCount_600-dev-cha": 4,
          "FutureClickCount_600-ip-dev-cha": 0,
          "FutureClickCount_600-app-dev-cha": 1,
          "FutureClickCount_600-ip-app-dev-cha": 0,
          "FutureClickCount_600-os-cha": 2,
          "FutureClickCount_600-ip-os-cha": 0,
          "FutureClickCount_600-app-os-cha": 0,
          "FutureClickCount_600-ip-app-os-cha": 0,
          "FutureClickCount_600-dev-os-cha": 0,
          "FutureClickCount_600-ip-dev-os-cha": 0,
          "FutureClickCount_600-app-dev-os-cha": 0,
          "FutureClickCount_600-ip-app-dev-os-cha": 0,
          "FutureClickCount_4800-ip": 2,
          "FutureClickCount_4800-app": 0,
          "FutureClickCount_4800-ip-app": 0,
          "FutureClickCount_4800-dev": 3,
          "FutureClickCount_4800-ip-dev": 0,
          "FutureClickCount_4800-app-dev": 0,
          "FutureClickCount_4800-ip-app-dev": 0,
          "FutureClickCount_4800-os": 3,
          "FutureClickCount_4800-ip-os": 0,
          "FutureClickCount_4800-app-os": 0,
          "FutureClickCount_4800-ip-app-os": 0,
          "FutureClickCount_4800-dev-os": 2,
          "FutureClickCount_4800-ip-dev-os": 0,
          "FutureClickCount_4800-app-dev-os": 1,
          "FutureClickCount_4800-ip-app-dev-os": 0,
          "FutureClickCount_4800-cha": 3,
          "FutureClickCount_4800-ip-cha": 0,
          "FutureClickCount_4800-app-cha": 3,
          "FutureClickCount_4800-ip-app-cha": 0,
          "FutureClickCount_4800-dev-cha": 2,
          "FutureClickCount_4800-ip-dev-cha": 0,
          "FutureClickCount_4800-app-dev-cha": 5,
          "FutureClickCount_4800-ip-app-dev-cha": 0,
          "FutureClickCount_4800-os-cha": 0,
          "FutureClickCount_4800-ip-os-cha": 0,
          "FutureClickCount_4800-app-os-cha": 2,
          "FutureClickCount_4800-ip-app-os-cha": 0,
          "FutureClickCount_4800-dev-os-cha": 3,
          "FutureClickCount_4800-ip-dev-os-cha": 0,
          "FutureClickCount_4800-app-dev-os-cha": 0,
          "FutureClickCount_4800-ip-app-dev-os-cha": 0,
          "NextClickTimeDelta-ip": 4,
          "NextClickTimeDelta-app": 3,
          "NextClickTimeDelta-ip-app": 0,
          "NextClickTimeDelta-dev": 1,
          "NextClickTimeDelta-ip-dev": 3,
          "NextClickTimeDelta-app-dev": 2,
          "NextClickTimeDelta-ip-app-dev": 1,
          "NextClickTimeDelta-os": 2,
          "NextClickTimeDelta-ip-os": 0,
          "NextClickTimeDelta-app-os": 2,
          "NextClickTimeDelta-ip-app-os": 0,
          "NextClickTimeDelta-dev-os": 2,
          "NextClickTimeDelta-ip-dev-os": 0,
          "NextClickTimeDelta-app-dev-os": 3,
          "NextClickTimeDelta-ip-app-dev-os": 0,
          "NextClickTimeDelta-cha": 4,
          "NextClickTimeDelta-ip-cha": 0,
          "NextClickTimeDelta-app-cha": 0,
          "NextClickTimeDelta-ip-app-cha": 0,
          "NextClickTimeDelta-dev-cha": 2,
          "NextClickTimeDelta-ip-dev-cha": 0,
          "NextClickTimeDelta-app-dev-cha": 0,
          "NextClickTimeDelta-ip-app-dev-cha": 0,
          "NextClickTimeDelta-os-cha": 5,
          "NextClickTimeDelta-ip-os-cha": 0,
          "NextClickTimeDelta-app-os-cha": 1,
          "NextClickTimeDelta-ip-app-os-cha": 0,
          "NextClickTimeDelta-dev-os-cha": 1,
          "NextClickTimeDelta-ip-dev-os-cha": 0,
          "NextClickTimeDelta-app-dev-os-cha": 0,
          "NextClickTimeDelta-ip-app-dev-os-cha": 0,
          "PrevClickTimeDelta-ip": 5,
          "PrevClickTimeDelta-app": 2,
          "PrevClickTimeDelta-ip-app": 0,
          "PrevClickTimeDelta-dev": 0,
          "PrevClickTimeDelta-ip-dev": 1,
          "PrevClickTimeDelta-app-dev": 1,
          "PrevClickTimeDelta-ip-app-dev": 0,
          "PrevClickTimeDelta-os": 3,
          "PrevClickTimeDelta-ip-os": 3,
          "PrevClickTimeDelta-app-os": 3,
          "PrevClickTimeDelta-ip-app-os": 0,
          "PrevClickTimeDelta-dev-os": 0,
          "PrevClickTimeDelta-ip-dev-os": 2,
          "PrevClickTimeDelta-app-dev-os": 0,
          "PrevClickTimeDelta-ip-app-dev-os": 0,
          "PrevClickTimeDelta-cha": 1,
          "PrevClickTimeDelta-ip-cha": 0,
          "PrevClickTimeDelta-app-cha": 9,
          "PrevClickTimeDelta-ip-app-cha": 0,
          "PrevClickTimeDelta-dev-cha": 1,
          "PrevClickTimeDelta-ip-dev-cha": 0,
          "PrevClickTimeDelta-app-dev-cha": 1,
          "PrevClickTimeDelta-ip-app-dev-cha": 0,
          "PrevClickTimeDelta-os-cha": 2,
          "PrevClickTimeDelta-ip-os-cha": 0,
          "PrevClickTimeDelta-app-os-cha": 2,
          "PrevClickTimeDelta-ip-app-os-cha": 0,
          "PrevClickTimeDelta-dev-os-cha": 0,
          "PrevClickTimeDelta-ip-dev-os-cha": 0,
          "PrevClickTimeDelta-app-dev-os-cha": 1,
          "PrevClickTimeDelta-ip-app-dev-os-cha": 0,
          "AverageAttributedRatio-ip": 1,
          "AverageAttributedRatio-app": 1,
          "AverageAttributedRatio-ip-app": 0,
          "AverageAttributedRatio-dev": 2,
          "AverageAttributedRatio-ip-dev": 0,
          "AverageAttributedRatio-app-dev": 2,
          "AverageAttributedRatio-ip-app-dev": 0,
          "AverageAttributedRatio-os": 1,
          "AverageAttributedRatio-ip-os": 0,
          "AverageAttributedRatio-app-os": 5,
          "AverageAttributedRatio-ip-app-os": 0,
          "AverageAttributedRatio-dev-os": 0,
          "AverageAttributedRatio-ip-dev-os": 0,
          "AverageAttributedRatio-app-dev-os": 1,
          "AverageAttributedRatio-ip-app-dev-os": 0,
          "AverageAttributedRatio-cha": 0,
          "AverageAttributedRatio-ip-cha": 0,
          "AverageAttributedRatio-app-cha": 0,
          "AverageAttributedRatio-ip-app-cha": 0,
          "AverageAttributedRatio-dev-cha": 0,
          "AverageAttributedRatio-ip-dev-cha": 0,
          "AverageAttributedRatio-app-dev-cha": 0,
          "AverageAttributedRatio-ip-app-dev-cha": 0,
          "AverageAttributedRatio-os-cha": 0,
          "AverageAttributedRatio-ip-os-cha": 0,
          "AverageAttributedRatio-app-os-cha": 1,
          "AverageAttributedRatio-ip-app-os-cha": 0,
          "AverageAttributedRatio-dev-os-cha": 0,
          "AverageAttributedRatio-ip-dev-os-cha": 0,
          "AverageAttributedRatio-app-dev-os-cha": 0,
          "AverageAttributedRatio-ip-app-dev-os-cha": 0,
          "MedianAttributeTimePast-ip": 0,
          "MedianAttributeTimePast-app": 1,
          "MedianAttributeTimePast-ip-app": 0,
          "MedianAttributeTimePast-dev": 4,
          "MedianAttributeTimePast-ip-dev": 0,
          "MedianAttributeTimePast-app-dev": 0,
          "MedianAttributeTimePast-ip-app-dev": 0,
          "MedianAttributeTimePast-os": 4,
          "MedianAttributeTimePast-ip-os": 0,
          "MedianAttributeTimePast-app-os": 0,
          "MedianAttributeTimePast-ip-app-os": 0,
          "MedianAttributeTimePast-dev-os": 0,
          "MedianAttributeTimePast-ip-dev-os": 0,
          "MedianAttributeTimePast-app-dev-os": 1,
          "MedianAttributeTimePast-ip-app-dev-os": 0,
          "MedianAttributeTimePast-cha": 0,
          "MedianAttributeTimePast-ip-cha": 0,
          "MedianAttributeTimePast-app-cha": 0,
          "MedianAttributeTimePast-ip-app-cha": 0,
          "MedianAttributeTimePast-dev-cha": 2,
          "MedianAttributeTimePast-ip-dev-cha": 0,
          "MedianAttributeTimePast-app-dev-cha": 0,
          "MedianAttributeTimePast-ip-app-dev-cha": 0,
          "MedianAttributeTimePast-os-cha": 0,
          "MedianAttributeTimePast-ip-os-cha": 0,
          "MedianAttributeTimePast-app-os-cha": 0,
          "MedianAttributeTimePast-ip-app-os-cha": 0,
          "MedianAttributeTimePast-dev-os-cha": 0,
          "MedianAttributeTimePast-ip-dev-os-cha": 0,
          "MedianAttributeTimePast-app-dev-os-cha": 0,
          "MedianAttributeTimePast-ip-app-dev-os-cha": 0,
          "KomakiLDA5NoDevice-ip-app-0": 2,
          "KomakiLDA5NoDevice-ip-app-1": 2,
          "KomakiLDA5NoDevice-ip-app-2": 1,
          "KomakiLDA5NoDevice-ip-app-3": 4,
          "KomakiLDA5NoDevice-ip-app-4": 4,
          "KomakiLDA5NoDevice-ip-os-0": 1,
          "KomakiLDA5NoDevice-ip-os-1": 5,
          "KomakiLDA5NoDevice-ip-os-2": 5,
          "KomakiLDA5NoDevice-ip-os-3": 2,
          "KomakiLDA5NoDevice-ip-os-4": 1,
          "KomakiLDA5NoDevice-ip-channel-0": 0,
          "KomakiLDA5NoDevice-ip-channel-1": 3,
          "KomakiLDA5NoDevice-ip-channel-2": 2,
          "KomakiLDA5NoDevice-ip-channel-3": 4,
          "KomakiLDA5NoDevice-ip-channel-4": 3,
          "KomakiLDA5NoDevice-app-ip-0": 9,
          "KomakiLDA5NoDevice-app-ip-1": 0,
          "KomakiLDA5NoDevice-app-ip-2": 0,
          "KomakiLDA5NoDevice-app-ip-3": 0,
          "KomakiLDA5NoDevice-app-ip-4": 0,
          "KomakiLDA5NoDevice-app-os-0": 3,
          "KomakiLDA5NoDevice-app-os-1": 0,
          "KomakiLDA5NoDevice-app-os-2": 2,
          "KomakiLDA5NoDevice-app-os-3": 1,
          "KomakiLDA5NoDevice-app-os-4": 0,
          "KomakiLDA5NoDevice-app-channel-0": 1,
          "KomakiLDA5NoDevice-app-channel-1": 1,
          "KomakiLDA5NoDevice-app-channel-2": 0,
          "KomakiLDA5NoDevice-app-channel-3": 0,
          "KomakiLDA5NoDevice-app-channel-4": 1,
          "KomakiLDA5NoDevice-os-ip-0": 3,
          "KomakiLDA5NoDevice-os-ip-1": 0,
          "KomakiLDA5NoDevice-os-ip-2": 0,
          "KomakiLDA5NoDevice-os-ip-3": 0,
          "KomakiLDA5NoDevice-os-ip-4": 0,
          "KomakiLDA5NoDevice-os-app-0": 0,
          "KomakiLDA5NoDevice-os-app-1": 0,
          "KomakiLDA5NoDevice-os-app-2": 0,
          "KomakiLDA5NoDevice-os-app-3": 0,
          "KomakiLDA5NoDevice-os-app-4": 0,
          "KomakiLDA5NoDevice-os-channel-0": 1,
          "KomakiLDA5NoDevice-os-channel-1": 0,
          "KomakiLDA5NoDevice-os-channel-2": 0,
          "KomakiLDA5NoDevice-os-channel-3": 3,
          "KomakiLDA5NoDevice-os-channel-4": 0,
          "KomakiLDA5NoDevice-channel-ip-0": 0,
          "KomakiLDA5NoDevice-channel-ip-1": 1,
          "KomakiLDA5NoDevice-channel-ip-2": 1,
          "KomakiLDA5NoDevice-channel-ip-3": 0,
          "KomakiLDA5NoDevice-channel-ip-4": 0,
          "KomakiLDA5NoDevice-channel-app-0": 0,
          "KomakiLDA5NoDevice-channel-app-1": 2,
          "KomakiLDA5NoDevice-channel-app-2": 0,
          "KomakiLDA5NoDevice-channel-app-3": 2,
          "KomakiLDA5NoDevice-channel-app-4": 2,
          "KomakiLDA5NoDevice-channel-os-0": 2,
          "KomakiLDA5NoDevice-channel-os-1": 3,
          "KomakiLDA5NoDevice-channel-os-2": 2,
          "KomakiLDA5NoDevice-channel-os-3": 1,
          "KomakiLDA5NoDevice-channel-os-4": 0
        }
      },
      {
        "train_auc": 0.9873274946921444,
        "valid_auc": 0.9367314889067094,
        "best_iteration": 4,
        "train_time": 0.8690898418426514,
        "feature_importance": {
          "ip": 0,
          "os": 0,
          "app": 0,
          "channel": 0,
          "hour": 0,
          "n_channels": 1,
          "ip_app_count": 1,
          "ip_app_os_count": 0,
          "FutureClickCount_600-ip": 0,
          "FutureClickCount_600-app": 3,
          "FutureClickCount_600-ip-app": 0,
          "FutureClickCount_600-dev": 1,
          "FutureClickCount_600-ip-dev": 0,
          "FutureClickCount_600-app-dev": 0,
          "FutureClickCount_600-ip-app-dev": 0,
          "FutureClickCount_600-os": 0,
          "FutureClickCount_600-ip-os": 0,
          "FutureClickCount_600-app-os": 0,
          "FutureClickCount_600-ip-app-os": 0,
          "FutureClickCount_600-dev-os": 0,
          "FutureClickCount_600-ip-dev-os": 0,
          "FutureClickCount_600-app-dev-os": 0,
          "FutureClickCount_600-ip-app-dev-os": 0,
          "FutureClickCount_600-cha": 0,
          "FutureClickCount_600-ip-cha": 0,
          "FutureClickCount_600-app-cha": 1,
          "FutureClickCount_600-ip-app-cha": 0,
          "FutureClickCount_600-dev-cha": 1,
          "FutureClickCount_600-ip-dev-cha": 0,
          "FutureClickCount_600-app-dev-cha": 1,
          "FutureClickCount_600-ip-app-dev-cha": 0,
          "FutureClickCount_600-os-cha": 0,
          "FutureClickCount_600-ip-os-cha": 0,
          "FutureClickCount_600-app-os-cha": 1,
          "FutureClickCount_600-ip-app-os-cha": 0,
          "FutureClickCount_600-dev-os-cha": 0,
          "FutureClickCount_600-ip-dev-os-cha": 0,
          "FutureClickCount_600-app-dev-os-cha": 0,
          "FutureClickCount_600-ip-app-dev-os-cha": 0,
          "FutureClickCount_4800-ip": 0,
          "FutureClickCount_4800-app": 1,
          "FutureClickCount_4800-ip-app": 0,
          "FutureClickCount_4800-dev": 3,
          "FutureClickCount_4800-ip-dev": 0,
          "FutureClickCount_4800-app-dev": 1,
          "FutureClickCount_4800-ip-app-dev": 0,
          "FutureClickCount_4800-os": 0,
          "FutureClickCount_4800-ip-os": 0,
          "FutureClickCount_4800-app-os": 0,
          "FutureClickCount_4800-ip-app-os": 0,
          "FutureClickCount_4800-dev-os": 3,
          "FutureClickCount_4800-ip-dev-os": 0,
          "FutureClickCount_4800-app-dev-os": 0,
          "FutureClickCount_4800-ip-app-dev-os": 0,
          "FutureClickCount_4800-cha": 0,
          "FutureClickCount_4800-ip-cha": 0,
          "FutureClickCount_4800-app-cha": 0,
          "FutureClickCount_4800-ip-app-cha": 0,
          "FutureClickCount_4800-dev-cha": 2,
          "FutureClickCount_4800-ip-dev-cha": 0,
          "FutureClickCount_4800-app-dev-cha": 0,
          "FutureClickCount_4800-ip-app-dev-cha": 0,
          "FutureClickCount_4800-os-cha": 0,
          "FutureClickCount_4800-ip-os-cha": 0,
          "FutureClickCount_4800-app-os-cha": 0,
          "FutureClickCount_4800-ip-app-os-cha": 0,
          "FutureClickCount_4800-dev-os-cha": 0,
          "FutureClickCount_4800-ip-dev-os-cha": 0,
          "FutureClickCount_4800-app-dev-os-cha": 2,
          "FutureClickCount_4800-ip-app-dev-os-cha": 0,
          "NextClickTimeDelta-ip": 1,
          "NextClickTimeDelta-app": 2,
          "NextClickTimeDelta-ip-app": 0,
          "NextClickTimeDelta-dev": 0,
          "NextClickTimeDelta-ip-dev": 0,
          "NextClickTimeDelta-app-dev": 2,
          "NextClickTimeDelta-ip-app-dev": 0,
          "NextClickTimeDelta-os": 2,
          "NextClickTimeDelta-ip-os": 0,
          "NextClickTimeDelta-app-os": 2,
          "NextClickTimeDelta-ip-app-os": 0,
          "NextClickTimeDelta-dev-os": 0,
          "NextClickTimeDelta-ip-dev-os": 0,
          "NextClickTimeDelta-app-dev-os": 0,
          "NextClickTimeDelta-ip-app-dev-os": 0,
          "NextClickTimeDelta-cha": 1,
          "NextClickTimeDelta-ip-cha": 0,
          "NextClickTimeDelta-app-cha": 3,
          "NextClickTimeDelta-ip-app-cha": 0,
          "NextClickTimeDelta-dev-cha": 0,
          "NextClickTimeDelta-ip-dev-cha": 0,
          "NextClickTimeDelta-app-dev-cha": 0,
          "NextClickTimeDelta-ip-app-dev-cha": 0,
          "NextClickTimeDelta-os-cha": 1,
          "NextClickTimeDelta-ip-os-cha": 0,
          "NextClickTimeDelta-app-os-cha": 0,
          "NextClickTimeDelta-ip-app-os-cha": 0,
          "NextClickTimeDelta-dev-os-cha": 0,
          "NextClickTimeDelta-ip-dev-os-cha": 0,
          "NextClickTimeDelta-app-dev-os-cha": 0,
          "NextClickTimeDelta-ip-app-dev-os-cha": 0,
          "PrevClickTimeDelta-ip": 2,
          "PrevClickTimeDelta-app": 3,
          "PrevClickTimeDelta-ip-app": 0,
          "PrevClickTimeDelta-dev": 0,
          "PrevClickTimeDelta-ip-dev": 1,
          "PrevClickTimeDelta-app-dev": 0,
          "PrevClickTimeDelta-ip-app-dev": 0,
          "PrevClickTimeDelta-os": 1,
          "PrevClickTimeDelta-ip-os": 0,
          "PrevClickTimeDelta-app-os": 0,
          "PrevClickTimeDelta-ip-app-os": 0,
          "PrevClickTimeDelta-dev-os": 0,
          "PrevClickTimeDelta-ip-dev-os": 0,
          "PrevClickTimeDelta-app-dev-os": 0,
          "PrevClickTimeDelta-ip-app-dev-os": 0,
          "PrevClickTimeDelta-cha": 4,
          "PrevClickTimeDelta-ip-cha": 0,
          "PrevClickTimeDelta-app-cha": 0,
          "PrevClickTimeDelta-ip-app-cha": 0,
          "PrevClickTimeDelta-dev-cha": 3,
          "PrevClickTimeDelta-ip-dev-cha": 0,
          "PrevClickTimeDelta-app-dev-cha": 0,
          "PrevClickTimeDelta-ip-app-dev-cha": 0,
          "PrevClickTimeDelta-os-cha": 0,
          "PrevClickTimeDelta-ip-os-cha": 0,
          "PrevClickTimeDelta-app-os-cha": 0,
          "PrevClickTimeDelta-ip-app-os-cha": 0,
          "PrevClickTimeDelta-dev-os-cha": 0,
          "PrevClickTimeDelta-ip-dev-os-cha": 0,
          "PrevClickTimeDelta-app-dev-os-cha": 1,
          "PrevClickTimeDelta-ip-app-dev-os-cha": 0,
          "AverageAttributedRatio-ip": 0,
          "AverageAttributedRatio-app": 1,
          "AverageAttributedRatio-ip-app": 0,
          "AverageAttributedRatio-dev": 0,
          "AverageAttributedRatio-ip-dev": 0,
          "AverageAttributedRatio-app-dev": 4,
          "AverageAttributedRatio-ip-app-dev": 0,
          "AverageAttributedRatio-os": 0,
          "AverageAttributedRatio-ip-os": 0,
          "AverageAttributedRatio-app-os": 0,
          "AverageAttributedRatio-ip-app-os": 0,
          "AverageAttributedRatio-dev-os": 1,
          "AverageAttributedRatio-ip-dev-os": 0,
          "AverageAttributedRatio-app-dev-os": 1,
          "AverageAttributedRatio-ip-app-dev-os": 0,
          "AverageAttributedRatio-cha": 0,
          "AverageAttributedRatio-ip-cha": 0,
          "AverageAttributedRatio-app-cha": 0,
          "AverageAttributedRatio-ip-app-cha": 0,
          "AverageAttributedRatio-dev-cha": 1,
          "AverageAttributedRatio-ip-dev-cha": 0,
          "AverageAttributedRatio-app-dev-cha": 0,
          "AverageAttributedRatio-ip-app-dev-cha": 0,
          "AverageAttributedRatio-os-cha": 0,
          "AverageAttributedRatio-ip-os-cha": 0,
          "AverageAttributedRatio-app-os-cha": 0,
          "AverageAttributedRatio-ip-app-os-cha": 0,
          "AverageAttributedRatio-dev-os-cha": 0,
          "AverageAttributedRatio-ip-dev-os-cha": 0,
          "AverageAttributedRatio-app-dev-os-cha": 0,
          "AverageAttributedRatio-ip-app-dev-os-cha": 0,
          "MedianAttributeTimePast-ip": 0,
          "MedianAttributeTimePast-app": 0,
          "MedianAttributeTimePast-ip-app": 0,
          "MedianAttributeTimePast-dev": 1,
          "MedianAttributeTimePast-ip-dev": 0,
          "MedianAttributeTimePast-app-dev": 0,
          "MedianAttributeTimePast-ip-app-dev": 0,
          "MedianAttributeTimePast-os": 6,
          "MedianAttributeTimePast-ip-os": 0,
          "MedianAttributeTimePast-app-os": 0,
          "MedianAttributeTimePast-ip-app-os": 0,
          "MedianAttributeTimePast-dev-os": 0,
          "MedianAttributeTimePast-ip-dev-os": 0,
          "MedianAttributeTimePast-app-dev-os": 0,
          "MedianAttributeTimePast-ip-app-dev-os": 0,
          "MedianAttributeTimePast-cha": 1,
          "MedianAttributeTimePast-ip-cha": 0,
          "MedianAttributeTimePast-app-cha": 0,
          "MedianAttributeTimePast-ip-app-cha": 0,
          "MedianAttributeTimePast-dev-cha": 0,
          "MedianAttributeTimePast-ip-dev-cha": 0,
          "MedianAttributeTimePast-app-dev-cha": 0,
          "MedianAttributeTimePast-ip-app-dev-cha": 0,
          "MedianAttributeTimePast-os-cha": 0,
          "MedianAttributeTimePast-ip-os-cha": 0,
          "MedianAttributeTimePast-app-os-cha": 0,
          "MedianAttributeTimePast-ip-app-os-cha": 0,
          "MedianAttributeTimePast-dev-os-cha": 0,
          "MedianAttributeTimePast-ip-dev-os-cha": 0,
          "MedianAttributeTimePast-app-dev-os-cha": 0,
          "MedianAttributeTimePast-ip-app-dev-os-cha": 0,
          "KomakiLDA5NoDevice-ip-app-0": 2,
          "KomakiLDA5NoDevice-ip-app-1": 1,
          "KomakiLDA5NoDevice-ip-app-2": 0,
          "KomakiLDA5NoDevice-ip-app-3": 2,
          "KomakiLDA5NoDevice-ip-app-4": 1,
          "KomakiLDA5NoDevice-ip-os-0": 3,
          "KomakiLDA5NoDevice-ip-os-1": 4,
          "KomakiLDA5NoDevice-ip-os-2": 3,
          "KomakiLDA5NoDevice-ip-os-3": 3,
          "KomakiLDA5NoDevice-ip-os-4": 3,
          "KomakiLDA5NoDevice-ip-channel-0": 1,
          "KomakiLDA5NoDevice-ip-channel-1": 1,
          "KomakiLDA5NoDevice-ip-channel-2": 1,
          "KomakiLDA5NoDevice-ip-channel-3": 0,
          "KomakiLDA5NoDevice-ip-channel-4": 1,
          "KomakiLDA5NoDevice-app-ip-0": 2,
          "KomakiLDA5NoDevice-app-ip-1": 2,
          "KomakiLDA5NoDevice-app-ip-2": 0,
          "KomakiLDA5NoDevice-app-ip-3": 0,
          "KomakiLDA5NoDevice-app-ip-4": 0,
          "KomakiLDA5NoDevice-app-os-0": 0,
          "KomakiLDA5NoDevice-app-os-1": 0,
          "KomakiLDA5NoDevice-app-os-2": 0,
          "KomakiLDA5NoDevice-app-os-3": 1,
          "KomakiLDA5NoDevice-app-os-4": 1,
          "KomakiLDA5NoDevice-app-channel-0": 0,
          "KomakiLDA5NoDevice-app-channel-1": 0,
          "KomakiLDA5NoDevice-app-channel-2": 1,
          "KomakiLDA5NoDevice-app-channel-3": 0,
          "KomakiLDA5NoDevice-app-channel-4": 1,
          "KomakiLDA5NoDevice-os-ip-0": 0,
          "KomakiLDA5NoDevice-os-ip-1": 0,
          "KomakiLDA5NoDevice-os-ip-2": 0,
          "KomakiLDA5NoDevice-os-ip-3": 0,
          "KomakiLDA5NoDevice-os-ip-4": 0,
          "KomakiLDA5NoDevice-os-app-0": 0,
          "KomakiLDA5NoDevice-os-app-1": 0,
          "KomakiLDA5NoDevice-os-app-2": 0,
          "KomakiLDA5NoDevice-os-app-3": 0,
          "KomakiLDA5NoDevice-os-app-4": 0,
          "KomakiLDA5NoDevice-os-channel-0": 0,
          "KomakiLDA5NoDevice-os-channel-1": 0,
          "KomakiLDA5NoDevice-os-channel-2": 0,
          "KomakiLDA5NoDevice-os-channel-3": 1,
          "KomakiLDA5NoDevice-os-channel-4": 0,
          "KomakiLDA5NoDevice-channel-ip-0": 1,
          "KomakiLDA5NoDevice-channel-ip-1": 1,
          "KomakiLDA5NoDevice-channel-ip-2": 0,
          "KomakiLDA5NoDevice-channel-ip-3": 0,
          "KomakiLDA5NoDevice-channel-ip-4": 0,
          "KomakiLDA5NoDevice-channel-app-0": 2,
          "KomakiLDA5NoDevice-channel-app-1": 1,
          "KomakiLDA5NoDevice-channel-app-2": 1,
          "KomakiLDA5NoDevice-channel-app-3": 0,
          "KomakiLDA5NoDevice-channel-app-4": 0,
          "KomakiLDA5NoDevice-channel-os-0": 0,
          "KomakiLDA5NoDevice-channel-os-1": 1,
          "KomakiLDA5NoDevice-channel-os-2": 1,
          "KomakiLDA5NoDevice-channel-os-3": 0,
          "KomakiLDA5NoDevice-channel-os-4": 0
        }
      },
      {
        "train_auc": 0.9916772164418246,
        "valid_auc": 0.9270951503119682,
        "best_iteration": 6,
        "train_time": 0.9393749237060547,
        "feature_importance": {
          "ip": 0,
          "os": 0,
          "app": 0,
          "channel": 0,
          "hour": 0,
          "n_channels": 1,
          "ip_app_count": 0,
          "ip_app_os_count": 0,
          "FutureClickCount_600-ip": 0,
          "FutureClickCount_600-app": 2,
          "FutureClickCount_600-ip-app": 0,
          "FutureClickCount_600-dev": 0,
          "FutureClickCount_600-ip-dev": 0,
          "FutureClickCount_600-app-dev": 0,
          "FutureClickCount_600-ip-app-dev": 0,
          "FutureClickCount_600-os": 3,
          "FutureClickCount_600-ip-os": 0,
          "FutureClickCount_600-app-os": 0,
          "FutureClickCount_600-ip-app-os": 0,
          "FutureClickCount_600-dev-os": 5,
          "FutureClickCount_600-ip-dev-os": 0,
          "FutureClickCount_600-app-dev-os": 0,
          "FutureClickCount_600-ip-app-dev-os": 0,
          "FutureClickCount_600-cha": 0,
          "FutureClickCount_600-ip-cha": 0,
          "FutureClickCount_600-app-cha": 0,
          "FutureClickCount_600-ip-app-cha": 0,
          "FutureClickCount_600-dev-cha": 0,
          "FutureClickCount_600-ip-dev-cha": 0,
          "FutureClickCount_600-app-dev-cha": 0,
          "FutureClickCount_600-ip-app-dev-cha": 0,
          "FutureClickCount_600-os-cha": 0,
          "FutureClickCount_600-ip-os-cha": 0,
          "FutureClickCount_600-app-os-cha": 1,
          "FutureClickCount_600-ip-app-os-cha": 0,
          "FutureClickCount_600-dev-os-cha": 1,
          "FutureClickCount_600-ip-dev-os-cha": 0,
          "FutureClickCount_600-app-dev-os-cha": 0,
          "FutureClickCount_600-ip-app-dev-os-cha": 0,
          "FutureClickCount_4800-ip": 0,
          "FutureClickCount_4800-app": 0,
          "FutureClickCount_4800-ip-app": 0,
          "FutureClickCount_4800-dev": 2,
          "FutureClickCount_4800-ip-dev": 0,
          "FutureClickCount_4800-app-dev": 0,
          "FutureClickCount_4800-ip-app-dev": 0,
          "FutureClickCount_4800-os": 1,
          "FutureClickCount_4800-ip-os": 0,
          "FutureClickCount_4800-app-os": 0,
          "FutureClickCount_4800-ip-app-os": 0,
          "FutureClickCount_4800-dev-os": 2,
          "FutureClickCount_4800-ip-dev-os": 0,
          "FutureClickCount_4800-app-dev-os": 1,
          "FutureClickCount_4800-ip-app-dev-os": 0,
          "FutureClickCount_4800-cha": 0,
          "FutureClickCount_4800-ip-cha": 0,
          "FutureClickCount_4800-app-cha": 1,
          "FutureClickCount_4800-ip-app-cha": 0,
          "FutureClickCount_4800-dev-cha": 0,
          "FutureClickCount_4800-ip-dev-cha": 0,
          "FutureClickCount_4800-app-dev-cha": 0,
          "FutureClickCount_4800-ip-app-dev-cha": 0,
          "FutureClickCount_4800-os-cha": 0,
          "FutureClickCount_4800-ip-os-cha": 0,
          "FutureClickCount_4800-app-os-cha": 0,
          "FutureClickCount_4800-ip-app-os-cha": 0,
          "FutureClickCount_4800-dev-os-cha": 0,
          "FutureClickCount_4800-ip-dev-os-cha": 0,
          "FutureClickCount_4800-app-dev-os-cha": 0,
          "FutureClickCount_4800-ip-app-dev-os-cha": 0,
          "NextClickTimeDelta-ip": 3,
          "NextClickTimeDelta-app": 3,
          "NextClickTimeDelta-ip-app": 2,
          "NextClickTimeDelta-dev": 0,
          "NextClickTimeDelta-ip-dev": 0,
          "NextClickTimeDelta-app-dev": 1,
          "NextClickTimeDelta-ip-app-dev": 0,
          "NextClickTimeDelta-os": 2,
          "NextClickTimeDelta-ip-os": 2,
          "NextClickTimeDelta-app-os": 0,
          "NextClickTimeDelta-ip-app-os": 0,
          "NextClickTimeDelta-dev-os": 0,
          "NextClickTimeDelta-ip-dev-os": 0,
          "NextClickTimeDelta-app-dev-os": 0,
          "NextClickTimeDelta-ip-app-dev-os": 0,
          "NextClickTimeDelta-cha": 1,
          "NextClickTimeDelta-ip-cha": 1,
          "NextClickTimeDelta-app-cha": 1,
          "NextClickTimeDelta-ip-app-cha": 0,
          "NextClickTimeDelta-dev-cha": 0,
          "NextClickTimeDelta-ip-dev-cha": 1,
          "NextClickTimeDelta-app-dev-cha": 1,
          "NextClickTimeDelta-ip-app-dev-cha": 0,
          "NextClickTimeDelta-os-cha": 1,
          "NextClickTimeDelta-ip-os-cha": 0,
          "NextClickTimeDelta-app-os-cha": 0,
          "NextClickTimeDelta-ip-app-os-cha": 0,
          "NextClickTimeDelta-dev-os-cha": 1,
          "NextClickTimeDelta-ip-dev-os-cha": 0,
          "NextClickTimeDelta-app-dev-os-cha": 0,
          "NextClickTimeDelta-ip-app-dev-os-cha": 0,
          "PrevClickTimeDelta-ip": 6,
          "PrevClickTimeDelta-app": 5,
          "PrevClickTimeDelta-ip-app": 0,
          "PrevClickTimeDelta-dev": 0,
          "PrevClickTimeDelta-ip-dev": 0,
          "PrevClickTimeDelta-app-dev": 0,
          "PrevClickTimeDelta-ip-app-dev": 0,
          "PrevClickTimeDelta-os": 2,
          "PrevClickTimeDelta-ip-os": 0,
          "PrevClickTimeDelta-app-os": 0,
          "PrevClickTimeDelta-ip-app-os": 0,
          "PrevClickTimeDelta-dev-os": 0,
          "PrevClickTimeDelta-ip-dev-os": 1,
          "PrevClickTimeDelta-app-dev-os": 0,
          "PrevClickTimeDelta-ip-app-dev-os": 0,
          "PrevClickTimeDelta-cha": 2,
          "PrevClickTimeDelta-ip-cha": 0,
          "PrevClickTimeDelta-app-cha": 0,
          "PrevClickTimeDelta-ip-app-cha": 0,
          "PrevClickTimeDelta-dev-cha": 1,
          "PrevClickTimeDelta-ip-dev-cha": 0,
          "PrevClickTimeDelta-app-dev-cha": 3,
          "PrevClickTimeDelta-ip-app-dev-cha": 0,
          "PrevClickTimeDelta-os-cha": 3,
          "PrevClickTimeDelta-ip-os-cha": 0,
          "PrevClickTimeDelta-app-os-cha": 0,
          "PrevClickTimeDelta-ip-app-os-cha": 0,
          "PrevClickTimeDelta-dev-os-cha": 0,
          "PrevClickTimeDelta-ip-dev-os-cha": 0,
          "PrevClickTimeDelta-app-dev-os-cha": 0,
          "PrevClickTimeDelta-ip-app-dev-os-cha": 0,
          "AverageAttributedRatio-ip": 0,
          "AverageAttributedRatio-app": 2,
          "AverageAttributedRatio-ip-app": 0,
          "AverageAttributedRatio-dev": 0,
          "AverageAttributedRatio-ip-dev": 0,
          "AverageAttributedRatio-app-dev": 4,
          "AverageAttributedRatio-ip-app-dev": 0,
          "AverageAttributedRatio-os": 1,
          "AverageAttributedRatio-ip-os": 0,
          "AverageAttributedRatio-app-os": 0,
          "AverageAttributedRatio-ip-app-os": 0,
          "AverageAttributedRatio-dev-os": 1,
          "AverageAttributedRatio-ip-dev-os": 0,
          "AverageAttributedRatio-app-dev-os": 1,
          "AverageAttributedRatio-ip-app-dev-os": 0,
          "AverageAttributedRatio-cha": 1,
          "AverageAttributedRatio-ip-cha": 0,
          "AverageAttributedRatio-app-cha": 0,
          "AverageAttributedRatio-ip-app-cha": 0,
          "AverageAttributedRatio-dev-cha": 0,
          "AverageAttributedRatio-ip-dev-cha": 0,
          "AverageAttributedRatio-app-dev-cha": 0,
          "AverageAttributedRatio-ip-app-dev-cha": 0,
          "AverageAttributedRatio-os-cha": 0,
          "AverageAttributedRatio-ip-os-cha": 0,
          "AverageAttributedRatio-app-os-cha": 0,
          "AverageAttributedRatio-ip-app-os-cha": 0,
          "AverageAttributedRatio-dev-os-cha": 0,
          "AverageAttributedRatio-ip-dev-os-cha": 0,
          "AverageAttributedRatio-app-dev-os-cha": 0,
          "AverageAttributedRatio-ip-app-dev-os-cha": 0,
          "MedianAttributeTimePast-ip": 0,
          "MedianAttributeTimePast-app": 0,
          "MedianAttributeTimePast-ip-app": 0,
          "MedianAttributeTimePast-dev": 0,
          "MedianAttributeTimePast-ip-dev": 0,
          "MedianAttributeTimePast-app-dev": 1,
          "MedianAttributeTimePast-ip-app-dev": 0,
          "MedianAttributeTimePast-os": 1,
          "MedianAttributeTimePast-ip-os": 0,
          "MedianAttributeTimePast-app-os": 0,
          "MedianAttributeTimePast-ip-app-os": 0,
          "MedianAttributeTimePast-dev-os": 0,
          "MedianAttributeTimePast-ip-dev-os": 0,
          "MedianAttributeTimePast-app-dev-os": 0,
          "MedianAttributeTimePast-ip-app-dev-os": 0,
          "MedianAttributeTimePast-cha": 0,
          "MedianAttributeTimePast-ip-cha": 0,
          "MedianAttributeTimePast-app-cha": 0,
          "MedianAttributeTimePast-ip-app-cha": 0,
          "MedianAttributeTimePast-dev-cha": 0,
          "MedianAttributeTimePast-ip-dev-cha": 0,
          "MedianAttributeTimePast-app-dev-cha": 0,
          "MedianAttributeTimePast-ip-app-dev-cha": 0,
          "MedianAttributeTimePast-os-cha": 0,
          "MedianAttributeTimePast-ip-os-cha": 0,
          "MedianAttributeTimePast-app-os-cha": 0,
          "MedianAttributeTimePast-ip-app-os-cha": 0,
          "MedianAttributeTimePast-dev-os-cha": 0,
          "MedianAttributeTimePast-ip-dev-os-cha": 0,
          "MedianAttributeTimePast-app-dev-os-cha": 0,
          "MedianAttributeTimePast-ip-app-dev-os-cha": 0,
          "KomakiLDA5NoDevice-ip-app-0": 9,
          "KomakiLDA5NoDevice-ip-app-1": 2,
          "KomakiLDA5NoDevice-ip-app-2": 2,
          "KomakiLDA5NoDevice-ip-app-3": 2,
          "KomakiLDA5NoDevice-ip-app-4": 1,
          "KomakiLDA5NoDevice-ip-os-0": 3,
          "KomakiLDA5NoDevice-ip-os-1": 5,
          "KomakiLDA5NoDevice-ip-os-2": 2,
          "KomakiLDA5NoDevice-ip-os-3": 1,
          "KomakiLDA5NoDevice-ip-os-4": 3,
          "KomakiLDA5NoDevice-ip-channel-0": 2,
          "KomakiLDA5NoDevice-ip-channel-1": 1,
          "KomakiLDA5NoDevice-ip-channel-2": 2,
          "KomakiLDA5NoDevice-ip-channel-3": 8,
          "KomakiLDA5NoDevice-ip-channel-4": 3,
          "KomakiLDA5NoDevice-app-ip-0": 0,
          "KomakiLDA5NoDevice-app-ip-1": 0,
          "KomakiLDA5NoDevice-app-ip-2": 0,
          "KomakiLDA5NoDevice-app-ip-3": 1,
          "KomakiLDA5NoDevice-app-ip-4": 1,
          "KomakiLDA5NoDevice-app-os-0": 1,
          "KomakiLDA5NoDevice-app-os-1": 0,
          "KomakiLDA5NoDevice-app-os-2": 2,
          "KomakiLDA5NoDevice-app-os-3": 0,
          "KomakiLDA5NoDevice-app-os-4": 6,
          "KomakiLDA5NoDevice-app-channel-0": 0,
          "KomakiLDA5NoDevice-app-channel-1": 2,
          "KomakiLDA5NoDevice-app-channel-2": 0,
          "KomakiLDA5NoDevice-app-channel-3": 0,
          "KomakiLDA5NoDevice-app-channel-4": 0,
          "KomakiLDA5NoDevice-os-ip-0": 2,
          "KomakiLDA5NoDevice-os-ip-1": 1,
          "KomakiLDA5NoDevice-os-ip-2": 0,
          "KomakiLDA5NoDevice-os-ip-3": 0,
          "KomakiLDA5NoDevice-os-ip-4": 0,
          "KomakiLDA5NoDevice-os-app-0": 3,
          "KomakiLDA5NoDevice-os-app-1": 0,
          "KomakiLDA5NoDevice-os-app-2": 0,
          "KomakiLDA5NoDevice-os-app-3": 0,
          "KomakiLDA5NoDevice-os-app-4": 0,
          "KomakiLDA5NoDevice-os-channel-0": 0,
          "KomakiLDA5NoDevice-os-channel-1": 0,
          "KomakiLDA5NoDevice-os-channel-2": 2,
          "KomakiLDA5NoDevice-os-channel-3": 1,
          "KomakiLDA5NoDevice-os-channel-4": 2,
          "KomakiLDA5NoDevice-channel-ip-0": 1,
          "KomakiLDA5NoDevice-channel-ip-1": 1,
          "KomakiLDA5NoDevice-channel-ip-2": 0,
          "KomakiLDA5NoDevice-channel-ip-3": 0,
          "KomakiLDA5NoDevice-channel-ip-4": 0,
          "KomakiLDA5NoDevice-channel-app-0": 1,
          "KomakiLDA5NoDevice-channel-app-1": 1,
          "KomakiLDA5NoDevice-channel-app-2": 2,
          "KomakiLDA5NoDevice-channel-app-3": 2,
          "KomakiLDA5NoDevice-channel-app-4": 1,
          "KomakiLDA5NoDevice-channel-os-0": 3,
          "KomakiLDA5NoDevice-channel-os-1": 4,
          "KomakiLDA5NoDevice-channel-os-2": 2,
          "KomakiLDA5NoDevice-channel-os-3": 1,
          "KomakiLDA5NoDevice-channel-os-4": 0
        }
      },
      {
        "train_auc": 0.9897795198432141,
        "valid_auc": 0.9192185468727431,
        "best_iteration": 10,
        "train_time": 1.0995903015136719,
        "feature_importance": {
          "ip": 0,
          "os": 0,
          "app": 0,
          "channel": 0,
          "hour": 0,
          "n_channels": 1,
          "ip_app_count": 6,
          "ip_app_os_count": 0,
          "FutureClickCount_600-ip": 0,
          "FutureClickCount_600-app": 3,
          "FutureClickCount_600-ip-app": 0,
          "FutureClickCount_600-dev": 1,
          "FutureClickCount_600-ip-dev": 0,
          "FutureClickCount_600-app-dev": 0,
          "FutureClickCount_600-ip-app-dev": 0,
          "FutureClickCount_600-os": 0,
          "FutureClickCount_600-ip-os": 0,
          "FutureClickCount_600-app-os": 0,
          "FutureClickCount_600-ip-app-os": 0,
          "FutureClickCount_600-dev-os": 0,
          "FutureClickCount_600-ip-dev-os": 0,
          "FutureClickCount_600-app-dev-os": 0,
          "FutureClickCount_600-ip-app-dev-os": 0,
          "FutureClickCount_600-cha": 0,
          "FutureClickCount_600-ip-cha": 0,
          "FutureClickCount_600-app-cha": 0,
          "FutureClickCount_600-ip-app-cha": 0,
          "FutureClickCount_600-dev-cha": 1,
          "FutureClickCount_600-ip-dev-cha": 0,
          "FutureClickCount_600-app-dev-cha": 0,
          "FutureClickCount_600-ip-app-dev-cha": 0,
          "FutureClickCount_600-os-cha": 0,
          "FutureClickCount_600-ip-os-cha": 0,
          "FutureClickCount_600-app-os-cha": 0,
          "FutureClickCount_600-ip-app-os-cha": 0,
          "FutureClickCount_600-dev-os-cha": 0,
          "FutureClickCount_600-ip-dev-os-cha": 0,
          "FutureClickCount_600-app-dev-os-cha": 0,
          "FutureClickCount_600-ip-app-dev-os-cha": 0,
          "FutureClickCount_4800-ip": 2,
          "FutureClickCount_4800-app": 2,
          "FutureClickCount_4800-ip-app": 0,
          "FutureClickCount_4800-dev": 5,
          "FutureClickCount_4800-ip-dev": 1,
          "FutureClickCount_4800-app-dev": 2,
          "FutureClickCount_4800-ip-app-dev": 0,
          "FutureClickCount_4800-os": 2,
          "FutureClickCount_4800-ip-os": 0,
          "FutureClickCount_4800-app-os": 4,
          "FutureClickCount_4800-ip-app-os": 0,
          "FutureClickCount_4800-dev-os": 3,
          "FutureClickCount_4800-ip-dev-os": 0,
          "FutureClickCount_4800-app-dev-os": 1,
          "FutureClickCount_4800-ip-app-dev-os": 0,
          "FutureClickCount_4800-cha": 6,
          "FutureClickCount_4800-ip-cha": 0,
          "FutureClickCount_4800-app-cha": 2,
          "FutureClickCount_4800-ip-app-cha": 0,
          "FutureClickCount_4800-dev-cha": 0,
          "FutureClickCount_4800-ip-dev-cha": 0,
          "FutureClickCount_4800-app-dev-cha": 0,
          "FutureClickCount_4800-ip-app-dev-cha": 0,
          "FutureClickCount_4800-os-cha": 0,
          "FutureClickCount_4800-ip-os-cha": 0,
          "FutureClickCount_4800-app-os-cha": 0,
          "FutureClickCount_4800-ip-app-os-cha": 0,
          "FutureClickCount_4800-dev-os-cha": 2,
          "FutureClickCount_4800-ip-dev-os-cha": 0,
          "FutureClickCount_4800-app-dev-os-cha": 0,
          "FutureClickCount_4800-ip-app-dev-os-cha": 0,
          "NextClickTimeDelta-ip": 6,
          "NextClickTimeDelta-app": 3,
          "NextClickTimeDelta-ip-app": 2,
          "NextClickTimeDelta-dev": 1,
          "NextClickTimeDelta-ip-dev": 1,
          "NextClickTimeDelta-app-dev": 0,
          "NextClickTimeDelta-ip-app-dev": 0,
          "NextClickTimeDelta-os": 3,
          "NextClickTimeDelta-ip-os": 3,
          "NextClickTimeDelta-app-os": 0,
          "NextClickTimeDelta-ip-app-os": 0,
          "NextClickTimeDelta-dev-os": 1,
          "NextClickTimeDelta-ip-dev-os": 5,
          "NextClickTimeDelta-app-dev-os": 1,
          "NextClickTimeDelta-ip-app-dev-os": 0,
          "NextClickTimeDelta-cha": 7,
          "NextClickTimeDelta-ip-cha": 0,
          "NextClickTimeDelta-app-cha": 4,
          "NextClickTimeDelta-ip-app-cha": 0,
          "NextClickTimeDelta-dev-cha": 4,
          "NextClickTimeDelta-ip-dev-cha": 0,
          "NextClickTimeDelta-app-dev-cha": 1,
          "NextClickTimeDelta-ip-app-dev-cha": 0,
          "NextClickTimeDelta-os-cha": 0,
          "NextClickTimeDelta-ip-os-cha": 0,
          "NextClickTimeDelta-app-os-cha": 0,
          "NextClickTimeDelta-ip-app-os-cha": 0,
          "NextClickTimeDelta-dev-os-cha": 0,
          "NextClickTimeDelta-ip-dev-os-cha": 0,
          "NextClickTimeDelta-app-dev-os-cha": 0,
          "NextClickTimeDelta-ip-app-dev-os-cha": 0,
          "PrevClickTimeDelta-ip": 2,
          "PrevClickTimeDelta-app": 4,
          "PrevClickTimeDelta-ip-app": 0,
          "PrevClickTimeDelta-dev": 0,
          "PrevClickTimeDelta-ip-dev": 6,
          "PrevClickTimeDelta-app-dev": 1,
          "PrevClickTimeDelta-ip-app-dev": 0,
          "PrevClickTimeDelta-os": 5,
          "PrevClickTimeDelta-ip-os": 1,
          "PrevClickTimeDelta-app-os": 5,
          "PrevClickTimeDelta-ip-app-os": 0,
          "PrevClickTimeDelta-dev-os": 7,
          "PrevClickTimeDelta-ip-dev-os": 0,
          "PrevClickTimeDelta-app-dev-os": 0,
          "PrevClickTimeDelta-ip-app-dev-os": 0,
          "PrevClickTimeDelta-cha": 4,
          "PrevClickTimeDelta-ip-cha": 0,
          "PrevClickTimeDelta-app-cha": 3,
          "PrevClickTimeDelta-ip-app-cha": 0,
          "PrevClickTimeDelta-dev-cha": 3,
          "PrevClickTimeDelta-ip-dev-cha": 0,
          "PrevClickTimeDelta-app-dev-cha": 2,
          "PrevClickTimeDelta-ip-app-dev-cha": 0,
          "PrevClickTimeDelta-os-cha": 2,
          "PrevClickTimeDelta-ip-os-cha": 0,
          "PrevClickTimeDelta-app-os-cha": 9,
          "PrevClickTimeDelta-ip-app-os-cha": 0,
          "PrevClickTimeDelta-dev-os-cha": 2,
          "PrevClickTimeDelta-ip-dev-os-cha": 0,
          "PrevClickTimeDelta-app-dev-os-cha": 3,
          "PrevClickTimeDelta-ip-app-dev-os-cha": 0,
          "AverageAttributedRatio-ip": 0,
          "AverageAttributedRatio-app": 1,
          "AverageAttributedRatio-ip-app": 0,
          "AverageAttributedRatio-dev": 4,
          "AverageAttributedRatio-ip-dev": 0,
          "AverageAttributedRatio-app-dev": 6,
          "AverageAttributedRatio-ip-app-dev": 0,
          "AverageAttributedRatio-os": 5,
          "AverageAttributedRatio-ip-os": 0,
          "AverageAttributedRatio-app-os": 1,
          "AverageAttributedRatio-ip-app-os": 0,
          "AverageAttributedRatio-dev-os": 0,
          "AverageAttributedRatio-ip-dev-os": 0,
          "AverageAttributedRatio-app-dev-os": 1,
          "AverageAttributedRatio-ip-app-dev-os": 0,
          "AverageAttributedRatio-cha": 0,
          "AverageAttributedRatio-ip-cha": 0,
          "AverageAttributedRatio-app-cha": 0,
          "AverageAttributedRatio-ip-app-cha": 0,
          "AverageAttributedRatio-dev-cha": 0,
          "AverageAttributedRatio-ip-dev-cha": 0,
          "AverageAttributedRatio-app-dev-cha": 1,
          "AverageAttributedRatio-ip-app-dev-cha": 0,
          "AverageAttributedRatio-os-cha": 0,
          "AverageAttributedRatio-ip-os-cha": 0,
          "AverageAttributedRatio-app-os-cha": 0,
          "AverageAttributedRatio-ip-app-os-cha": 0,
          "AverageAttributedRatio-dev-os-cha": 0,
          "AverageAttributedRatio-ip-dev-os-cha": 0,
          "AverageAttributedRatio-app-dev-os-cha": 0,
          "AverageAttributedRatio-ip-app-dev-os-cha": 0,
          "MedianAttributeTimePast-ip": 0,
          "MedianAttributeTimePast-app": 3,
          "MedianAttributeTimePast-ip-app": 0,
          "MedianAttributeTimePast-dev": 3,
          "MedianAttributeTimePast-ip-dev": 0,
          "MedianAttributeTimePast-app-dev": 0,
          "MedianAttributeTimePast-ip-app-dev": 0,
          "MedianAttributeTimePast-os": 1,
          "MedianAttributeTimePast-ip-os": 0,
          "MedianAttributeTimePast-app-os": 1,
          "MedianAttributeTimePast-ip-app-os": 0,
          "MedianAttributeTimePast-dev-os": 0,
          "MedianAttributeTimePast-ip-dev-os": 0,
          "MedianAttributeTimePast-app-dev-os": 0,
          "MedianAttributeTimePast-ip-app-dev-os": 0,
          "MedianAttributeTimePast-cha": 1,
          "MedianAttributeTimePast-ip-cha": 0,
          "MedianAttributeTimePast-app-cha": 0,
          "MedianAttributeTimePast-ip-app-cha": 0,
          "MedianAttributeTimePast-dev-cha": 1,
          "MedianAttributeTimePast-ip-dev-cha": 0,
          "MedianAttributeTimePast-app-dev-cha": 0,
          "MedianAttributeTimePast-ip-app-dev-cha": 0,
          "MedianAttributeTimePast-os-cha": 0,
          "MedianAttributeTimePast-ip-os-cha": 0,
          "MedianAttributeTimePast-app-os-cha": 1,
          "MedianAttributeTimePast-ip-app-os-cha": 0,
          "MedianAttributeTimePast-dev-os-cha": 0,
          "MedianAttributeTimePast-ip-dev-os-cha": 0,
          "MedianAttributeTimePast-app-dev-os-cha": 0,
          "MedianAttributeTimePast-ip-app-dev-os-cha": 0,
          "KomakiLDA5NoDevice-ip-app-0": 7,
          "KomakiLDA5NoDevice-ip-app-1": 5,
          "KomakiLDA5NoDevice-ip-app-2": 10,
          "KomakiLDA5NoDevice-ip-app-3": 2,
          "KomakiLDA5NoDevice-ip-app-4": 2,
          "KomakiLDA5NoDevice-ip-os-0": 6,
          "KomakiLDA5NoDevice-ip-os-1": 3,
          "KomakiLDA5NoDevice-ip-os-2": 9,
          "KomakiLDA5NoDevice-ip-os-3": 1,
          "KomakiLDA5NoDevice-ip-os-4": 5,
          "KomakiLDA5NoDevice-ip-channel-0": 2,
          "KomakiLDA5NoDevice-ip-channel-1": 11,
          "KomakiLDA5NoDevice-ip-channel-2": 6,
          "KomakiLDA5NoDevice-ip-channel-3": 2,
          "KomakiLDA5NoDevice-ip-channel-4": 3,
          "KomakiLDA5NoDevice-app-ip-0": 10,
          "KomakiLDA5NoDevice-app-ip-1": 1,
          "KomakiLDA5NoDevice-app-ip-2": 0,
          "KomakiLDA5NoDevice-app-ip-3": 0,
          "KomakiLDA5NoDevice-app-ip-4": 0,
          "KomakiLDA5NoDevice-app-os-0": 3,
          "KomakiLDA5NoDevice-app-os-1": 0,
          "KomakiLDA5NoDevice-app-os-2": 4,
          "KomakiLDA5NoDevice-app-os-3": 3,
          "KomakiLDA5NoDevice-app-os-4": 1,
          "KomakiLDA5NoDevice-app-channel-0": 3,
          "KomakiLDA5NoDevice-app-channel-1": 3,
          "KomakiLDA5NoDevice-app-channel-2": 0,
          "KomakiLDA5NoDevice-app-channel-3": 2,
          "KomakiLDA5NoDevice-app-channel-4": 0,
          "KomakiLDA5NoDevice-os-ip-0": 1,
          "KomakiLDA5NoDevice-os-ip-1": 8,
          "KomakiLDA5NoDevice-os-ip-2": 0,
          "KomakiLDA5NoDevice-os-ip-3": 2,
          "KomakiLDA5NoDevice-os-ip-4": 1,
          "KomakiLDA5NoDevice-os-app-0": 0,
          "KomakiLDA5NoDevice-os-app-1": 0,
          "KomakiLDA5NoDevice-os-app-2": 0,
          "KomakiLDA5NoDevice-os-app-3": 0,
          "KomakiLDA5NoDevice-os-app-4": 0,
          "KomakiLDA5NoDevice-os-channel-0": 0,
          "KomakiLDA5NoDevice-os-channel-1": 1,
          "KomakiLDA5NoDevice-os-channel-2": 0,
          "KomakiLDA5NoDevice-os-channel-3": 1,
          "KomakiLDA5NoDevice-os-channel-4": 2,
          "KomakiLDA5NoDevice-channel-ip-0": 0,
          "KomakiLDA5NoDevice-channel-ip-1": 1,
          "KomakiLDA5NoDevice-channel-ip-2": 1,
          "KomakiLDA5NoDevice-channel-ip-3": 0,
          "KomakiLDA5NoDevice-channel-ip-4": 0,
          "KomakiLDA5NoDevice-channel-app-0": 3,
          "KomakiLDA5NoDevice-channel-app-1": 3,
          "KomakiLDA5NoDevice-channel-app-2": 1,
          "KomakiLDA5NoDevice-channel-app-3": 4,
          "KomakiLDA5NoDevice-channel-app-4": 3,
          "KomakiLDA5NoDevice-channel-os-0": 1,
          "KomakiLDA5NoDevice-channel-os-1": 4,
          "KomakiLDA5NoDevice-channel-os-2": 1,
          "KomakiLDA5NoDevice-channel-os-3": 0,
          "KomakiLDA5NoDevice-channel-os-4": 0
        }
      }
    ],
    "average_train_auc": 0.9909813994676588,
    "average_valid_auc": 0.9279808537011484,
    "train_auc_std": 0.0023076901955545064,
    "valid_auc_std": 0.005613530873953179,
    "average_train_time": 0.9917671203613281
  },
  "config": {
    "features": [
      "ip",
      "os",
      "app",
      "channel",
      "hour",
      "count",
      "future_click_count_10",
      "future_click_count_80",
      "next_click_time_delta",
      "prev_click_time_delta",
      "average_attributed_ratio",
      "komaki_lda_5_no_device",
      "median_attribute_time_past_v2"
    ],
    "model": {
      "name": "lightgbm",
      "model_params": {
        "boosting_type": "gbdt",
        "objective": "binary",
        "metric": "auc",
        "learning_rate": 0.03,
        "num_leaves": 255,
        "max_depth": 8,
        "min_child_samples": 10,
        "max_bin": 100,
        "subsample": 0.7,
        "subsample_freq": 1,
        "colsample_bytree": 0.7,
        "min_child_weight": 0,
        "subsample_for_bin": 200000,
        "min_split_gain": 0,
        "reg_alpha": 0,
        "reg_lambda": 0,
        "verbose": 0
      },
      "train_params": {
        "num_boost_round": 1000,
        "early_stopping_rounds": 30
      }
    },
    "dataset": {
      "input_directory": "data/input/",
      "cache_directory": "data/working/",
      "validation_ratio": 0.33333333333,
      "full_data_train": true,
      "files": {
        "train": "train.feather.small",
        "test": "old_test.feather.small"
      },
      "negative_down_sampling": {
        "enabled": true,
        "bagging_size": 5,
        "random_state": 114514
      }
    },
    "note": "Introduce Median Attribute Time Past V2"
  }
}