{
  "training": {
    "trials": [
      {
        "train_auc": 0.9712486581310711,
        "valid_auc": 0.9463913224864414,
        "best_iteration": 166,
        "train_time": 0.35263729095458984,
        "prediction_time": {
          "test": 0.05264401435852051,
          "valid": 0.0
        },
        "feature_importance": {
          "ip": 0,
          "os": 72,
          "app": 119,
          "channel": 53,
          "hour": 106,
          "n_channels": 1,
          "ip_app_count": 58,
          "ip_app_os_count": 0
        }
      }
    ],
    "average_train_auc": 0.9712486581310711,
    "average_valid_auc": 0.9463913224864414,
    "train_auc_std": 0.0,
    "valid_auc_std": 0.0,
    "average_train_time": 0.35263729095458984
  },
  "config": {
    "features": [
      "ip",
      "os",
      "app",
      "channel",
      "hour",
      "count"
    ],
    "model": {
      "name": "lightgbm",
      "model_params": {
        "boosting_type": "gbdt",
        "objective": "binary",
        "metric": "auc",
        "learning_rate": 0.1,
        "num_leaves": 255,
        "max_depth": 8,
        "min_child_samples": 100,
        "max_bin": 100,
        "subsample": 0.7,
        "subsample_freq": 1,
        "colsample_bytree": 0.7,
        "min_child_weight": 0,
        "subsample_for_bin": 200000,
        "min_split_gain": 0,
        "reg_alpha": 0,
        "reg_lambda": 0,
        "verbose": 0
      },
      "train_params": {
        "num_boost_round": 350,
        "early_stopping_rounds": 30
      }
    },
    "dataset": {
      "input_directory": "data/input/",
      "cache_directory": "data/working/",
      "files": {
        "train": "train.feather.small",
        "test": "old_test.feather.small"
      },
      "negative_down_sampling": {
        "enabled": true,
        "bagging_size": 1,
        "random_state": 114514
      }
    }
  }
}