{
  "training": {
    "trials": [
      {
        "train_auc": 0.9896128067912275,
        "valid_auc": 0.9842647278524665,
        "best_iteration": 239,
        "train_time": 127.20919251441956,
        "feature_importance": {
          "ip": 1531,
          "os": 704,
          "app": 936,
          "channel": 1334,
          "hour": 1113,
          "n_channels": 570,
          "ip_app_count": 579,
          "ip_app_os_count": 470,
          "FutureClickCount_600-ip": 243,
          "FutureClickCount_600-app": 160,
          "FutureClickCount_600-ip-app": 48,
          "FutureClickCount_600-dev": 134,
          "FutureClickCount_600-ip-dev": 230,
          "FutureClickCount_600-app-dev": 199,
          "FutureClickCount_600-ip-app-dev": 42,
          "FutureClickCount_600-os": 139,
          "FutureClickCount_600-ip-os": 102,
          "FutureClickCount_600-app-os": 117,
          "FutureClickCount_600-ip-app-os": 120,
          "FutureClickCount_600-dev-os": 421,
          "FutureClickCount_600-ip-dev-os": 104,
          "FutureClickCount_600-app-dev-os": 308,
          "FutureClickCount_600-ip-app-dev-os": 236,
          "FutureClickCount_600-cha": 109,
          "FutureClickCount_600-ip-cha": 30,
          "FutureClickCount_600-app-cha": 288,
          "FutureClickCount_600-ip-app-cha": 14,
          "FutureClickCount_600-dev-cha": 148,
          "FutureClickCount_600-ip-dev-cha": 15,
          "FutureClickCount_600-app-dev-cha": 127,
          "FutureClickCount_600-ip-app-dev-cha": 13,
          "FutureClickCount_600-os-cha": 89,
          "FutureClickCount_600-ip-os-cha": 26,
          "FutureClickCount_600-app-os-cha": 106,
          "FutureClickCount_600-ip-app-os-cha": 30,
          "FutureClickCount_600-dev-os-cha": 109,
          "FutureClickCount_600-ip-dev-os-cha": 21,
          "FutureClickCount_600-app-dev-os-cha": 103,
          "FutureClickCount_600-ip-app-dev-os-cha": 41,
          "FutureClickCount_4800-ip": 570,
          "FutureClickCount_4800-app": 127,
          "FutureClickCount_4800-ip-app": 107,
          "FutureClickCount_4800-dev": 36,
          "FutureClickCount_4800-ip-dev": 618,
          "FutureClickCount_4800-app-dev": 78,
          "FutureClickCount_4800-ip-app-dev": 81,
          "FutureClickCount_4800-os": 50,
          "FutureClickCount_4800-ip-os": 248,
          "FutureClickCount_4800-app-os": 156,
          "FutureClickCount_4800-ip-app-os": 125,
          "FutureClickCount_4800-dev-os": 166,
          "FutureClickCount_4800-ip-dev-os": 384,
          "FutureClickCount_4800-app-dev-os": 335,
          "FutureClickCount_4800-ip-app-dev-os": 181,
          "FutureClickCount_4800-cha": 111,
          "FutureClickCount_4800-ip-cha": 60,
          "FutureClickCount_4800-app-cha": 235,
          "FutureClickCount_4800-ip-app-cha": 41,
          "FutureClickCount_4800-dev-cha": 75,
          "FutureClickCount_4800-ip-dev-cha": 50,
          "FutureClickCount_4800-app-dev-cha": 128,
          "FutureClickCount_4800-ip-app-dev-cha": 26,
          "FutureClickCount_4800-os-cha": 92,
          "FutureClickCount_4800-ip-os-cha": 23,
          "FutureClickCount_4800-app-os-cha": 115,
          "FutureClickCount_4800-ip-app-os-cha": 20,
          "FutureClickCount_4800-dev-os-cha": 112,
          "FutureClickCount_4800-ip-dev-os-cha": 18,
          "FutureClickCount_4800-app-dev-os-cha": 108,
          "FutureClickCount_4800-ip-app-dev-os-cha": 27,
          "NextClickTimeDelta-ip": 293,
          "NextClickTimeDelta-app": 24,
          "NextClickTimeDelta-ip-app": 454,
          "NextClickTimeDelta-dev": 11,
          "NextClickTimeDelta-ip-dev": 247,
          "NextClickTimeDelta-app-dev": 19,
          "NextClickTimeDelta-ip-app-dev": 260,
          "NextClickTimeDelta-os": 13,
          "NextClickTimeDelta-ip-os": 223,
          "NextClickTimeDelta-app-os": 49,
          "NextClickTimeDelta-ip-app-os": 802,
          "NextClickTimeDelta-dev-os": 40,
          "NextClickTimeDelta-ip-dev-os": 241,
          "NextClickTimeDelta-app-dev-os": 53,
          "NextClickTimeDelta-ip-app-dev-os": 1761,
          "NextClickTimeDelta-cha": 21,
          "NextClickTimeDelta-ip-cha": 157,
          "NextClickTimeDelta-app-cha": 52,
          "NextClickTimeDelta-ip-app-cha": 176,
          "NextClickTimeDelta-dev-cha": 23,
          "NextClickTimeDelta-ip-dev-cha": 133,
          "NextClickTimeDelta-app-dev-cha": 43,
          "NextClickTimeDelta-ip-app-dev-cha": 92,
          "NextClickTimeDelta-os-cha": 60,
          "NextClickTimeDelta-ip-os-cha": 116,
          "NextClickTimeDelta-app-os-cha": 67,
          "NextClickTimeDelta-ip-app-os-cha": 206,
          "NextClickTimeDelta-dev-os-cha": 52,
          "NextClickTimeDelta-ip-dev-os-cha": 122,
          "NextClickTimeDelta-app-dev-os-cha": 68,
          "NextClickTimeDelta-ip-app-dev-os-cha": 229,
          "PrevClickTimeDelta-ip": 192,
          "PrevClickTimeDelta-app": 16,
          "PrevClickTimeDelta-ip-app": 94,
          "PrevClickTimeDelta-dev": 23,
          "PrevClickTimeDelta-ip-dev": 145,
          "PrevClickTimeDelta-app-dev": 33,
          "PrevClickTimeDelta-ip-app-dev": 116,
          "PrevClickTimeDelta-os": 24,
          "PrevClickTimeDelta-ip-os": 128,
          "PrevClickTimeDelta-app-os": 38,
          "PrevClickTimeDelta-ip-app-os": 100,
          "PrevClickTimeDelta-dev-os": 24,
          "PrevClickTimeDelta-ip-dev-os": 114,
          "PrevClickTimeDelta-app-dev-os": 50,
          "PrevClickTimeDelta-ip-app-dev-os": 79,
          "PrevClickTimeDelta-cha": 17,
          "PrevClickTimeDelta-ip-cha": 113,
          "PrevClickTimeDelta-app-cha": 43,
          "PrevClickTimeDelta-ip-app-cha": 58,
          "PrevClickTimeDelta-dev-cha": 29,
          "PrevClickTimeDelta-ip-dev-cha": 64,
          "PrevClickTimeDelta-app-dev-cha": 36,
          "PrevClickTimeDelta-ip-app-dev-cha": 60,
          "PrevClickTimeDelta-os-cha": 65,
          "PrevClickTimeDelta-ip-os-cha": 53,
          "PrevClickTimeDelta-app-os-cha": 52,
          "PrevClickTimeDelta-ip-app-os-cha": 52,
          "PrevClickTimeDelta-dev-os-cha": 53,
          "PrevClickTimeDelta-ip-dev-os-cha": 39,
          "PrevClickTimeDelta-app-dev-os-cha": 55,
          "PrevClickTimeDelta-ip-app-dev-os-cha": 50,
          "AverageAttributedRatio-ip": 77,
          "AverageAttributedRatio-app": 117,
          "AverageAttributedRatio-ip-app": 105,
          "AverageAttributedRatio-dev": 165,
          "AverageAttributedRatio-ip-dev": 114,
          "AverageAttributedRatio-app-dev": 76,
          "AverageAttributedRatio-ip-app-dev": 170,
          "AverageAttributedRatio-os": 102,
          "AverageAttributedRatio-ip-os": 50,
          "AverageAttributedRatio-app-os": 130,
          "AverageAttributedRatio-ip-app-os": 16,
          "AverageAttributedRatio-dev-os": 93,
          "AverageAttributedRatio-ip-dev-os": 63,
          "AverageAttributedRatio-app-dev-os": 168,
          "AverageAttributedRatio-ip-app-dev-os": 22,
          "AverageAttributedRatio-cha": 82,
          "AverageAttributedRatio-ip-cha": 25,
          "AverageAttributedRatio-app-cha": 120,
          "AverageAttributedRatio-ip-app-cha": 16,
          "AverageAttributedRatio-dev-cha": 55,
          "AverageAttributedRatio-ip-dev-cha": 25,
          "AverageAttributedRatio-app-dev-cha": 120,
          "AverageAttributedRatio-ip-app-dev-cha": 31,
          "AverageAttributedRatio-os-cha": 76,
          "AverageAttributedRatio-ip-os-cha": 15,
          "AverageAttributedRatio-app-os-cha": 179,
          "AverageAttributedRatio-ip-app-os-cha": 9,
          "AverageAttributedRatio-dev-os-cha": 94,
          "AverageAttributedRatio-ip-dev-os-cha": 13,
          "AverageAttributedRatio-app-dev-os-cha": 234,
          "AverageAttributedRatio-ip-app-dev-os-cha": 9,
          "KomakiLDA5NoDevice-ip-app-0": 621,
          "KomakiLDA5NoDevice-ip-app-1": 580,
          "KomakiLDA5NoDevice-ip-app-2": 373,
          "KomakiLDA5NoDevice-ip-app-3": 238,
          "KomakiLDA5NoDevice-ip-app-4": 247,
          "KomakiLDA5NoDevice-ip-os-0": 257,
          "KomakiLDA5NoDevice-ip-os-1": 320,
          "KomakiLDA5NoDevice-ip-os-2": 321,
          "KomakiLDA5NoDevice-ip-os-3": 228,
          "KomakiLDA5NoDevice-ip-os-4": 155,
          "KomakiLDA5NoDevice-ip-channel-0": 317,
          "KomakiLDA5NoDevice-ip-channel-1": 464,
          "KomakiLDA5NoDevice-ip-channel-2": 380,
          "KomakiLDA5NoDevice-ip-channel-3": 377,
          "KomakiLDA5NoDevice-ip-channel-4": 540,
          "KomakiLDA5NoDevice-app-ip-0": 213,
          "KomakiLDA5NoDevice-app-ip-1": 149,
          "KomakiLDA5NoDevice-app-ip-2": 195,
          "KomakiLDA5NoDevice-app-ip-3": 185,
          "KomakiLDA5NoDevice-app-ip-4": 143,
          "KomakiLDA5NoDevice-app-os-0": 94,
          "KomakiLDA5NoDevice-app-os-1": 205,
          "KomakiLDA5NoDevice-app-os-2": 133,
          "KomakiLDA5NoDevice-app-os-3": 101,
          "KomakiLDA5NoDevice-app-os-4": 221,
          "KomakiLDA5NoDevice-app-channel-0": 115,
          "KomakiLDA5NoDevice-app-channel-1": 129,
          "KomakiLDA5NoDevice-app-channel-2": 161,
          "KomakiLDA5NoDevice-app-channel-3": 148,
          "KomakiLDA5NoDevice-app-channel-4": 111,
          "KomakiLDA5NoDevice-os-ip-0": 129,
          "KomakiLDA5NoDevice-os-ip-1": 81,
          "KomakiLDA5NoDevice-os-ip-2": 73,
          "KomakiLDA5NoDevice-os-ip-3": 71,
          "KomakiLDA5NoDevice-os-ip-4": 69,
          "KomakiLDA5NoDevice-os-app-0": 210,
          "KomakiLDA5NoDevice-os-app-1": 102,
          "KomakiLDA5NoDevice-os-app-2": 83,
          "KomakiLDA5NoDevice-os-app-3": 168,
          "KomakiLDA5NoDevice-os-app-4": 74,
          "KomakiLDA5NoDevice-os-channel-0": 142,
          "KomakiLDA5NoDevice-os-channel-1": 96,
          "KomakiLDA5NoDevice-os-channel-2": 167,
          "KomakiLDA5NoDevice-os-channel-3": 174,
          "KomakiLDA5NoDevice-os-channel-4": 81,
          "KomakiLDA5NoDevice-channel-ip-0": 97,
          "KomakiLDA5NoDevice-channel-ip-1": 106,
          "KomakiLDA5NoDevice-channel-ip-2": 119,
          "KomakiLDA5NoDevice-channel-ip-3": 103,
          "KomakiLDA5NoDevice-channel-ip-4": 115,
          "KomakiLDA5NoDevice-channel-app-0": 131,
          "KomakiLDA5NoDevice-channel-app-1": 53,
          "KomakiLDA5NoDevice-channel-app-2": 75,
          "KomakiLDA5NoDevice-channel-app-3": 79,
          "KomakiLDA5NoDevice-channel-app-4": 90,
          "KomakiLDA5NoDevice-channel-os-0": 104,
          "KomakiLDA5NoDevice-channel-os-1": 135,
          "KomakiLDA5NoDevice-channel-os-2": 103,
          "KomakiLDA5NoDevice-channel-os-3": 86,
          "KomakiLDA5NoDevice-channel-os-4": 63
        }
      },
      {
        "train_auc": 0.9898740178854372,
        "valid_auc": 0.9843239599019734,
        "best_iteration": 255,
        "train_time": 130.72273588180542,
        "feature_importance": {
          "ip": 1593,
          "os": 696,
          "app": 1018,
          "channel": 1365,
          "hour": 1156,
          "n_channels": 639,
          "ip_app_count": 610,
          "ip_app_os_count": 493,
          "FutureClickCount_600-ip": 275,
          "FutureClickCount_600-app": 162,
          "FutureClickCount_600-ip-app": 54,
          "FutureClickCount_600-dev": 140,
          "FutureClickCount_600-ip-dev": 248,
          "FutureClickCount_600-app-dev": 181,
          "FutureClickCount_600-ip-app-dev": 53,
          "FutureClickCount_600-os": 133,
          "FutureClickCount_600-ip-os": 114,
          "FutureClickCount_600-app-os": 134,
          "FutureClickCount_600-ip-app-os": 140,
          "FutureClickCount_600-dev-os": 411,
          "FutureClickCount_600-ip-dev-os": 108,
          "FutureClickCount_600-app-dev-os": 285,
          "FutureClickCount_600-ip-app-dev-os": 193,
          "FutureClickCount_600-cha": 127,
          "FutureClickCount_600-ip-cha": 25,
          "FutureClickCount_600-app-cha": 286,
          "FutureClickCount_600-ip-app-cha": 29,
          "FutureClickCount_600-dev-cha": 130,
          "FutureClickCount_600-ip-dev-cha": 24,
          "FutureClickCount_600-app-dev-cha": 147,
          "FutureClickCount_600-ip-app-dev-cha": 15,
          "FutureClickCount_600-os-cha": 85,
          "FutureClickCount_600-ip-os-cha": 19,
          "FutureClickCount_600-app-os-cha": 128,
          "FutureClickCount_600-ip-app-os-cha": 23,
          "FutureClickCount_600-dev-os-cha": 109,
          "FutureClickCount_600-ip-dev-os-cha": 15,
          "FutureClickCount_600-app-dev-os-cha": 113,
          "FutureClickCount_600-ip-app-dev-os-cha": 34,
          "FutureClickCount_4800-ip": 614,
          "FutureClickCount_4800-app": 123,
          "FutureClickCount_4800-ip-app": 103,
          "FutureClickCount_4800-dev": 38,
          "FutureClickCount_4800-ip-dev": 605,
          "FutureClickCount_4800-app-dev": 99,
          "FutureClickCount_4800-ip-app-dev": 72,
          "FutureClickCount_4800-os": 53,
          "FutureClickCount_4800-ip-os": 224,
          "FutureClickCount_4800-app-os": 142,
          "FutureClickCount_4800-ip-app-os": 110,
          "FutureClickCount_4800-dev-os": 160,
          "FutureClickCount_4800-ip-dev-os": 392,
          "FutureClickCount_4800-app-dev-os": 294,
          "FutureClickCount_4800-ip-app-dev-os": 214,
          "FutureClickCount_4800-cha": 126,
          "FutureClickCount_4800-ip-cha": 81,
          "FutureClickCount_4800-app-cha": 235,
          "FutureClickCount_4800-ip-app-cha": 46,
          "FutureClickCount_4800-dev-cha": 89,
          "FutureClickCount_4800-ip-dev-cha": 56,
          "FutureClickCount_4800-app-dev-cha": 132,
          "FutureClickCount_4800-ip-app-dev-cha": 35,
          "FutureClickCount_4800-os-cha": 95,
          "FutureClickCount_4800-ip-os-cha": 32,
          "FutureClickCount_4800-app-os-cha": 132,
          "FutureClickCount_4800-ip-app-os-cha": 24,
          "FutureClickCount_4800-dev-os-cha": 106,
          "FutureClickCount_4800-ip-dev-os-cha": 24,
          "FutureClickCount_4800-app-dev-os-cha": 120,
          "FutureClickCount_4800-ip-app-dev-os-cha": 33,
          "NextClickTimeDelta-ip": 359,
          "NextClickTimeDelta-app": 19,
          "NextClickTimeDelta-ip-app": 511,
          "NextClickTimeDelta-dev": 13,
          "NextClickTimeDelta-ip-dev": 248,
          "NextClickTimeDelta-app-dev": 24,
          "NextClickTimeDelta-ip-app-dev": 218,
          "NextClickTimeDelta-os": 18,
          "NextClickTimeDelta-ip-os": 244,
          "NextClickTimeDelta-app-os": 49,
          "NextClickTimeDelta-ip-app-os": 829,
          "NextClickTimeDelta-dev-os": 34,
          "NextClickTimeDelta-ip-dev-os": 197,
          "NextClickTimeDelta-app-dev-os": 55,
          "NextClickTimeDelta-ip-app-dev-os": 1651,
          "NextClickTimeDelta-cha": 15,
          "NextClickTimeDelta-ip-cha": 178,
          "NextClickTimeDelta-app-cha": 52,
          "NextClickTimeDelta-ip-app-cha": 170,
          "NextClickTimeDelta-dev-cha": 33,
          "NextClickTimeDelta-ip-dev-cha": 105,
          "NextClickTimeDelta-app-dev-cha": 52,
          "NextClickTimeDelta-ip-app-dev-cha": 124,
          "NextClickTimeDelta-os-cha": 57,
          "NextClickTimeDelta-ip-os-cha": 108,
          "NextClickTimeDelta-app-os-cha": 54,
          "NextClickTimeDelta-ip-app-os-cha": 220,
          "NextClickTimeDelta-dev-os-cha": 57,
          "NextClickTimeDelta-ip-dev-os-cha": 139,
          "NextClickTimeDelta-app-dev-os-cha": 105,
          "NextClickTimeDelta-ip-app-dev-os-cha": 256,
          "PrevClickTimeDelta-ip": 208,
          "PrevClickTimeDelta-app": 33,
          "PrevClickTimeDelta-ip-app": 115,
          "PrevClickTimeDelta-dev": 22,
          "PrevClickTimeDelta-ip-dev": 110,
          "PrevClickTimeDelta-app-dev": 30,
          "PrevClickTimeDelta-ip-app-dev": 89,
          "PrevClickTimeDelta-os": 30,
          "PrevClickTimeDelta-ip-os": 182,
          "PrevClickTimeDelta-app-os": 40,
          "PrevClickTimeDelta-ip-app-os": 117,
          "PrevClickTimeDelta-dev-os": 28,
          "PrevClickTimeDelta-ip-dev-os": 135,
          "PrevClickTimeDelta-app-dev-os": 50,
          "PrevClickTimeDelta-ip-app-dev-os": 106,
          "PrevClickTimeDelta-cha": 24,
          "PrevClickTimeDelta-ip-cha": 107,
          "PrevClickTimeDelta-app-cha": 39,
          "PrevClickTimeDelta-ip-app-cha": 77,
          "PrevClickTimeDelta-dev-cha": 32,
          "PrevClickTimeDelta-ip-dev-cha": 73,
          "PrevClickTimeDelta-app-dev-cha": 35,
          "PrevClickTimeDelta-ip-app-dev-cha": 53,
          "PrevClickTimeDelta-os-cha": 67,
          "PrevClickTimeDelta-ip-os-cha": 68,
          "PrevClickTimeDelta-app-os-cha": 72,
          "PrevClickTimeDelta-ip-app-os-cha": 45,
          "PrevClickTimeDelta-dev-os-cha": 51,
          "PrevClickTimeDelta-ip-dev-os-cha": 37,
          "PrevClickTimeDelta-app-dev-os-cha": 55,
          "PrevClickTimeDelta-ip-app-dev-os-cha": 42,
          "AverageAttributedRatio-ip": 95,
          "AverageAttributedRatio-app": 141,
          "AverageAttributedRatio-ip-app": 122,
          "AverageAttributedRatio-dev": 167,
          "AverageAttributedRatio-ip-dev": 90,
          "AverageAttributedRatio-app-dev": 102,
          "AverageAttributedRatio-ip-app-dev": 159,
          "AverageAttributedRatio-os": 95,
          "AverageAttributedRatio-ip-os": 52,
          "AverageAttributedRatio-app-os": 136,
          "AverageAttributedRatio-ip-app-os": 13,
          "AverageAttributedRatio-dev-os": 88,
          "AverageAttributedRatio-ip-dev-os": 70,
          "AverageAttributedRatio-app-dev-os": 198,
          "AverageAttributedRatio-ip-app-dev-os": 22,
          "AverageAttributedRatio-cha": 117,
          "AverageAttributedRatio-ip-cha": 24,
          "AverageAttributedRatio-app-cha": 142,
          "AverageAttributedRatio-ip-app-cha": 34,
          "AverageAttributedRatio-dev-cha": 62,
          "AverageAttributedRatio-ip-dev-cha": 26,
          "AverageAttributedRatio-app-dev-cha": 125,
          "AverageAttributedRatio-ip-app-dev-cha": 38,
          "AverageAttributedRatio-os-cha": 80,
          "AverageAttributedRatio-ip-os-cha": 16,
          "AverageAttributedRatio-app-os-cha": 182,
          "AverageAttributedRatio-ip-app-os-cha": 14,
          "AverageAttributedRatio-dev-os-cha": 103,
          "AverageAttributedRatio-ip-dev-os-cha": 5,
          "AverageAttributedRatio-app-dev-os-cha": 234,
          "AverageAttributedRatio-ip-app-dev-os-cha": 7,
          "KomakiLDA5NoDevice-ip-app-0": 640,
          "KomakiLDA5NoDevice-ip-app-1": 639,
          "KomakiLDA5NoDevice-ip-app-2": 385,
          "KomakiLDA5NoDevice-ip-app-3": 283,
          "KomakiLDA5NoDevice-ip-app-4": 248,
          "KomakiLDA5NoDevice-ip-os-0": 249,
          "KomakiLDA5NoDevice-ip-os-1": 398,
          "KomakiLDA5NoDevice-ip-os-2": 360,
          "KomakiLDA5NoDevice-ip-os-3": 234,
          "KomakiLDA5NoDevice-ip-os-4": 157,
          "KomakiLDA5NoDevice-ip-channel-0": 293,
          "KomakiLDA5NoDevice-ip-channel-1": 426,
          "KomakiLDA5NoDevice-ip-channel-2": 399,
          "KomakiLDA5NoDevice-ip-channel-3": 352,
          "KomakiLDA5NoDevice-ip-channel-4": 539,
          "KomakiLDA5NoDevice-app-ip-0": 198,
          "KomakiLDA5NoDevice-app-ip-1": 137,
          "KomakiLDA5NoDevice-app-ip-2": 151,
          "KomakiLDA5NoDevice-app-ip-3": 199,
          "KomakiLDA5NoDevice-app-ip-4": 131,
          "KomakiLDA5NoDevice-app-os-0": 115,
          "KomakiLDA5NoDevice-app-os-1": 238,
          "KomakiLDA5NoDevice-app-os-2": 125,
          "KomakiLDA5NoDevice-app-os-3": 101,
          "KomakiLDA5NoDevice-app-os-4": 218,
          "KomakiLDA5NoDevice-app-channel-0": 112,
          "KomakiLDA5NoDevice-app-channel-1": 128,
          "KomakiLDA5NoDevice-app-channel-2": 172,
          "KomakiLDA5NoDevice-app-channel-3": 132,
          "KomakiLDA5NoDevice-app-channel-4": 100,
          "KomakiLDA5NoDevice-os-ip-0": 130,
          "KomakiLDA5NoDevice-os-ip-1": 70,
          "KomakiLDA5NoDevice-os-ip-2": 58,
          "KomakiLDA5NoDevice-os-ip-3": 109,
          "KomakiLDA5NoDevice-os-ip-4": 110,
          "KomakiLDA5NoDevice-os-app-0": 224,
          "KomakiLDA5NoDevice-os-app-1": 108,
          "KomakiLDA5NoDevice-os-app-2": 76,
          "KomakiLDA5NoDevice-os-app-3": 166,
          "KomakiLDA5NoDevice-os-app-4": 81,
          "KomakiLDA5NoDevice-os-channel-0": 151,
          "KomakiLDA5NoDevice-os-channel-1": 85,
          "KomakiLDA5NoDevice-os-channel-2": 149,
          "KomakiLDA5NoDevice-os-channel-3": 164,
          "KomakiLDA5NoDevice-os-channel-4": 95,
          "KomakiLDA5NoDevice-channel-ip-0": 80,
          "KomakiLDA5NoDevice-channel-ip-1": 94,
          "KomakiLDA5NoDevice-channel-ip-2": 111,
          "KomakiLDA5NoDevice-channel-ip-3": 114,
          "KomakiLDA5NoDevice-channel-ip-4": 114,
          "KomakiLDA5NoDevice-channel-app-0": 128,
          "KomakiLDA5NoDevice-channel-app-1": 61,
          "KomakiLDA5NoDevice-channel-app-2": 81,
          "KomakiLDA5NoDevice-channel-app-3": 77,
          "KomakiLDA5NoDevice-channel-app-4": 127,
          "KomakiLDA5NoDevice-channel-os-0": 137,
          "KomakiLDA5NoDevice-channel-os-1": 114,
          "KomakiLDA5NoDevice-channel-os-2": 103,
          "KomakiLDA5NoDevice-channel-os-3": 108,
          "KomakiLDA5NoDevice-channel-os-4": 99
        }
      },
      {
        "train_auc": 0.9906965680746477,
        "valid_auc": 0.9841754166901261,
        "best_iteration": 343,
        "train_time": 154.3956847190857,
        "feature_importance": {
          "ip": 2116,
          "os": 849,
          "app": 1089,
          "channel": 1613,
          "hour": 1329,
          "n_channels": 813,
          "ip_app_count": 675,
          "ip_app_os_count": 552,
          "FutureClickCount_600-ip": 318,
          "FutureClickCount_600-app": 166,
          "FutureClickCount_600-ip-app": 88,
          "FutureClickCount_600-dev": 152,
          "FutureClickCount_600-ip-dev": 273,
          "FutureClickCount_600-app-dev": 250,
          "FutureClickCount_600-ip-app-dev": 64,
          "FutureClickCount_600-os": 188,
          "FutureClickCount_600-ip-os": 150,
          "FutureClickCount_600-app-os": 170,
          "FutureClickCount_600-ip-app-os": 135,
          "FutureClickCount_600-dev-os": 476,
          "FutureClickCount_600-ip-dev-os": 119,
          "FutureClickCount_600-app-dev-os": 327,
          "FutureClickCount_600-ip-app-dev-os": 220,
          "FutureClickCount_600-cha": 151,
          "FutureClickCount_600-ip-cha": 39,
          "FutureClickCount_600-app-cha": 315,
          "FutureClickCount_600-ip-app-cha": 24,
          "FutureClickCount_600-dev-cha": 146,
          "FutureClickCount_600-ip-dev-cha": 25,
          "FutureClickCount_600-app-dev-cha": 164,
          "FutureClickCount_600-ip-app-dev-cha": 24,
          "FutureClickCount_600-os-cha": 100,
          "FutureClickCount_600-ip-os-cha": 37,
          "FutureClickCount_600-app-os-cha": 116,
          "FutureClickCount_600-ip-app-os-cha": 27,
          "FutureClickCount_600-dev-os-cha": 145,
          "FutureClickCount_600-ip-dev-os-cha": 38,
          "FutureClickCount_600-app-dev-os-cha": 154,
          "FutureClickCount_600-ip-app-dev-os-cha": 38,
          "FutureClickCount_4800-ip": 702,
          "FutureClickCount_4800-app": 137,
          "FutureClickCount_4800-ip-app": 124,
          "FutureClickCount_4800-dev": 25,
          "FutureClickCount_4800-ip-dev": 646,
          "FutureClickCount_4800-app-dev": 143,
          "FutureClickCount_4800-ip-app-dev": 99,
          "FutureClickCount_4800-os": 75,
          "FutureClickCount_4800-ip-os": 289,
          "FutureClickCount_4800-app-os": 161,
          "FutureClickCount_4800-ip-app-os": 123,
          "FutureClickCount_4800-dev-os": 166,
          "FutureClickCount_4800-ip-dev-os": 419,
          "FutureClickCount_4800-app-dev-os": 339,
          "FutureClickCount_4800-ip-app-dev-os": 191,
          "FutureClickCount_4800-cha": 136,
          "FutureClickCount_4800-ip-cha": 102,
          "FutureClickCount_4800-app-cha": 312,
          "FutureClickCount_4800-ip-app-cha": 57,
          "FutureClickCount_4800-dev-cha": 102,
          "FutureClickCount_4800-ip-dev-cha": 57,
          "FutureClickCount_4800-app-dev-cha": 176,
          "FutureClickCount_4800-ip-app-dev-cha": 56,
          "FutureClickCount_4800-os-cha": 118,
          "FutureClickCount_4800-ip-os-cha": 35,
          "FutureClickCount_4800-app-os-cha": 145,
          "FutureClickCount_4800-ip-app-os-cha": 32,
          "FutureClickCount_4800-dev-os-cha": 135,
          "FutureClickCount_4800-ip-dev-os-cha": 37,
          "FutureClickCount_4800-app-dev-os-cha": 123,
          "FutureClickCount_4800-ip-app-dev-os-cha": 38,
          "NextClickTimeDelta-ip": 339,
          "NextClickTimeDelta-app": 23,
          "NextClickTimeDelta-ip-app": 547,
          "NextClickTimeDelta-dev": 13,
          "NextClickTimeDelta-ip-dev": 284,
          "NextClickTimeDelta-app-dev": 22,
          "NextClickTimeDelta-ip-app-dev": 256,
          "NextClickTimeDelta-os": 25,
          "NextClickTimeDelta-ip-os": 249,
          "NextClickTimeDelta-app-os": 59,
          "NextClickTimeDelta-ip-app-os": 913,
          "NextClickTimeDelta-dev-os": 56,
          "NextClickTimeDelta-ip-dev-os": 259,
          "NextClickTimeDelta-app-dev-os": 68,
          "NextClickTimeDelta-ip-app-dev-os": 1840,
          "NextClickTimeDelta-cha": 31,
          "NextClickTimeDelta-ip-cha": 205,
          "NextClickTimeDelta-app-cha": 63,
          "NextClickTimeDelta-ip-app-cha": 197,
          "NextClickTimeDelta-dev-cha": 26,
          "NextClickTimeDelta-ip-dev-cha": 145,
          "NextClickTimeDelta-app-dev-cha": 51,
          "NextClickTimeDelta-ip-app-dev-cha": 162,
          "NextClickTimeDelta-os-cha": 51,
          "NextClickTimeDelta-ip-os-cha": 164,
          "NextClickTimeDelta-app-os-cha": 105,
          "NextClickTimeDelta-ip-app-os-cha": 266,
          "NextClickTimeDelta-dev-os-cha": 78,
          "NextClickTimeDelta-ip-dev-os-cha": 141,
          "NextClickTimeDelta-app-dev-os-cha": 118,
          "NextClickTimeDelta-ip-app-dev-os-cha": 315,
          "PrevClickTimeDelta-ip": 236,
          "PrevClickTimeDelta-app": 22,
          "PrevClickTimeDelta-ip-app": 141,
          "PrevClickTimeDelta-dev": 21,
          "PrevClickTimeDelta-ip-dev": 156,
          "PrevClickTimeDelta-app-dev": 36,
          "PrevClickTimeDelta-ip-app-dev": 138,
          "PrevClickTimeDelta-os": 22,
          "PrevClickTimeDelta-ip-os": 163,
          "PrevClickTimeDelta-app-os": 56,
          "PrevClickTimeDelta-ip-app-os": 139,
          "PrevClickTimeDelta-dev-os": 18,
          "PrevClickTimeDelta-ip-dev-os": 151,
          "PrevClickTimeDelta-app-dev-os": 68,
          "PrevClickTimeDelta-ip-app-dev-os": 156,
          "PrevClickTimeDelta-cha": 22,
          "PrevClickTimeDelta-ip-cha": 160,
          "PrevClickTimeDelta-app-cha": 53,
          "PrevClickTimeDelta-ip-app-cha": 104,
          "PrevClickTimeDelta-dev-cha": 35,
          "PrevClickTimeDelta-ip-dev-cha": 115,
          "PrevClickTimeDelta-app-dev-cha": 49,
          "PrevClickTimeDelta-ip-app-dev-cha": 79,
          "PrevClickTimeDelta-os-cha": 59,
          "PrevClickTimeDelta-ip-os-cha": 88,
          "PrevClickTimeDelta-app-os-cha": 71,
          "PrevClickTimeDelta-ip-app-os-cha": 80,
          "PrevClickTimeDelta-dev-os-cha": 70,
          "PrevClickTimeDelta-ip-dev-os-cha": 89,
          "PrevClickTimeDelta-app-dev-os-cha": 74,
          "PrevClickTimeDelta-ip-app-dev-os-cha": 76,
          "AverageAttributedRatio-ip": 129,
          "AverageAttributedRatio-app": 152,
          "AverageAttributedRatio-ip-app": 97,
          "AverageAttributedRatio-dev": 231,
          "AverageAttributedRatio-ip-dev": 118,
          "AverageAttributedRatio-app-dev": 123,
          "AverageAttributedRatio-ip-app-dev": 201,
          "AverageAttributedRatio-os": 122,
          "AverageAttributedRatio-ip-os": 63,
          "AverageAttributedRatio-app-os": 185,
          "AverageAttributedRatio-ip-app-os": 27,
          "AverageAttributedRatio-dev-os": 114,
          "AverageAttributedRatio-ip-dev-os": 80,
          "AverageAttributedRatio-app-dev-os": 206,
          "AverageAttributedRatio-ip-app-dev-os": 19,
          "AverageAttributedRatio-cha": 134,
          "AverageAttributedRatio-ip-cha": 32,
          "AverageAttributedRatio-app-cha": 133,
          "AverageAttributedRatio-ip-app-cha": 27,
          "AverageAttributedRatio-dev-cha": 96,
          "AverageAttributedRatio-ip-dev-cha": 43,
          "AverageAttributedRatio-app-dev-cha": 153,
          "AverageAttributedRatio-ip-app-dev-cha": 37,
          "AverageAttributedRatio-os-cha": 107,
          "AverageAttributedRatio-ip-os-cha": 10,
          "AverageAttributedRatio-app-os-cha": 208,
          "AverageAttributedRatio-ip-app-os-cha": 10,
          "AverageAttributedRatio-dev-os-cha": 143,
          "AverageAttributedRatio-ip-dev-os-cha": 10,
          "AverageAttributedRatio-app-dev-os-cha": 250,
          "AverageAttributedRatio-ip-app-dev-os-cha": 10,
          "KomakiLDA5NoDevice-ip-app-0": 686,
          "KomakiLDA5NoDevice-ip-app-1": 682,
          "KomakiLDA5NoDevice-ip-app-2": 454,
          "KomakiLDA5NoDevice-ip-app-3": 307,
          "KomakiLDA5NoDevice-ip-app-4": 340,
          "KomakiLDA5NoDevice-ip-os-0": 301,
          "KomakiLDA5NoDevice-ip-os-1": 414,
          "KomakiLDA5NoDevice-ip-os-2": 408,
          "KomakiLDA5NoDevice-ip-os-3": 293,
          "KomakiLDA5NoDevice-ip-os-4": 188,
          "KomakiLDA5NoDevice-ip-channel-0": 346,
          "KomakiLDA5NoDevice-ip-channel-1": 482,
          "KomakiLDA5NoDevice-ip-channel-2": 419,
          "KomakiLDA5NoDevice-ip-channel-3": 450,
          "KomakiLDA5NoDevice-ip-channel-4": 526,
          "KomakiLDA5NoDevice-app-ip-0": 247,
          "KomakiLDA5NoDevice-app-ip-1": 177,
          "KomakiLDA5NoDevice-app-ip-2": 186,
          "KomakiLDA5NoDevice-app-ip-3": 255,
          "KomakiLDA5NoDevice-app-ip-4": 174,
          "KomakiLDA5NoDevice-app-os-0": 140,
          "KomakiLDA5NoDevice-app-os-1": 261,
          "KomakiLDA5NoDevice-app-os-2": 123,
          "KomakiLDA5NoDevice-app-os-3": 126,
          "KomakiLDA5NoDevice-app-os-4": 241,
          "KomakiLDA5NoDevice-app-channel-0": 165,
          "KomakiLDA5NoDevice-app-channel-1": 175,
          "KomakiLDA5NoDevice-app-channel-2": 187,
          "KomakiLDA5NoDevice-app-channel-3": 176,
          "KomakiLDA5NoDevice-app-channel-4": 89,
          "KomakiLDA5NoDevice-os-ip-0": 179,
          "KomakiLDA5NoDevice-os-ip-1": 80,
          "KomakiLDA5NoDevice-os-ip-2": 85,
          "KomakiLDA5NoDevice-os-ip-3": 113,
          "KomakiLDA5NoDevice-os-ip-4": 98,
          "KomakiLDA5NoDevice-os-app-0": 218,
          "KomakiLDA5NoDevice-os-app-1": 145,
          "KomakiLDA5NoDevice-os-app-2": 90,
          "KomakiLDA5NoDevice-os-app-3": 181,
          "KomakiLDA5NoDevice-os-app-4": 95,
          "KomakiLDA5NoDevice-os-channel-0": 156,
          "KomakiLDA5NoDevice-os-channel-1": 110,
          "KomakiLDA5NoDevice-os-channel-2": 127,
          "KomakiLDA5NoDevice-os-channel-3": 170,
          "KomakiLDA5NoDevice-os-channel-4": 100,
          "KomakiLDA5NoDevice-channel-ip-0": 124,
          "KomakiLDA5NoDevice-channel-ip-1": 155,
          "KomakiLDA5NoDevice-channel-ip-2": 149,
          "KomakiLDA5NoDevice-channel-ip-3": 162,
          "KomakiLDA5NoDevice-channel-ip-4": 142,
          "KomakiLDA5NoDevice-channel-app-0": 121,
          "KomakiLDA5NoDevice-channel-app-1": 88,
          "KomakiLDA5NoDevice-channel-app-2": 141,
          "KomakiLDA5NoDevice-channel-app-3": 113,
          "KomakiLDA5NoDevice-channel-app-4": 133,
          "KomakiLDA5NoDevice-channel-os-0": 125,
          "KomakiLDA5NoDevice-channel-os-1": 144,
          "KomakiLDA5NoDevice-channel-os-2": 158,
          "KomakiLDA5NoDevice-channel-os-3": 110,
          "KomakiLDA5NoDevice-channel-os-4": 109
        }
      },
      {
        "train_auc": 0.9905287215677131,
        "valid_auc": 0.984219635857974,
        "best_iteration": 315,
        "train_time": 146.65853071212769,
        "feature_importance": {
          "ip": 1914,
          "os": 774,
          "app": 1022,
          "channel": 1679,
          "hour": 1340,
          "n_channels": 728,
          "ip_app_count": 682,
          "ip_app_os_count": 599,
          "FutureClickCount_600-ip": 305,
          "FutureClickCount_600-app": 172,
          "FutureClickCount_600-ip-app": 61,
          "FutureClickCount_600-dev": 130,
          "FutureClickCount_600-ip-dev": 244,
          "FutureClickCount_600-app-dev": 180,
          "FutureClickCount_600-ip-app-dev": 52,
          "FutureClickCount_600-os": 132,
          "FutureClickCount_600-ip-os": 128,
          "FutureClickCount_600-app-os": 138,
          "FutureClickCount_600-ip-app-os": 163,
          "FutureClickCount_600-dev-os": 426,
          "FutureClickCount_600-ip-dev-os": 116,
          "FutureClickCount_600-app-dev-os": 342,
          "FutureClickCount_600-ip-app-dev-os": 244,
          "FutureClickCount_600-cha": 138,
          "FutureClickCount_600-ip-cha": 47,
          "FutureClickCount_600-app-cha": 253,
          "FutureClickCount_600-ip-app-cha": 34,
          "FutureClickCount_600-dev-cha": 114,
          "FutureClickCount_600-ip-dev-cha": 37,
          "FutureClickCount_600-app-dev-cha": 121,
          "FutureClickCount_600-ip-app-dev-cha": 23,
          "FutureClickCount_600-os-cha": 111,
          "FutureClickCount_600-ip-os-cha": 36,
          "FutureClickCount_600-app-os-cha": 127,
          "FutureClickCount_600-ip-app-os-cha": 18,
          "FutureClickCount_600-dev-os-cha": 164,
          "FutureClickCount_600-ip-dev-os-cha": 23,
          "FutureClickCount_600-app-dev-os-cha": 114,
          "FutureClickCount_600-ip-app-dev-os-cha": 34,
          "FutureClickCount_4800-ip": 677,
          "FutureClickCount_4800-app": 150,
          "FutureClickCount_4800-ip-app": 105,
          "FutureClickCount_4800-dev": 31,
          "FutureClickCount_4800-ip-dev": 693,
          "FutureClickCount_4800-app-dev": 88,
          "FutureClickCount_4800-ip-app-dev": 104,
          "FutureClickCount_4800-os": 61,
          "FutureClickCount_4800-ip-os": 232,
          "FutureClickCount_4800-app-os": 148,
          "FutureClickCount_4800-ip-app-os": 125,
          "FutureClickCount_4800-dev-os": 176,
          "FutureClickCount_4800-ip-dev-os": 435,
          "FutureClickCount_4800-app-dev-os": 324,
          "FutureClickCount_4800-ip-app-dev-os": 173,
          "FutureClickCount_4800-cha": 145,
          "FutureClickCount_4800-ip-cha": 73,
          "FutureClickCount_4800-app-cha": 291,
          "FutureClickCount_4800-ip-app-cha": 50,
          "FutureClickCount_4800-dev-cha": 111,
          "FutureClickCount_4800-ip-dev-cha": 62,
          "FutureClickCount_4800-app-dev-cha": 148,
          "FutureClickCount_4800-ip-app-dev-cha": 59,
          "FutureClickCount_4800-os-cha": 101,
          "FutureClickCount_4800-ip-os-cha": 24,
          "FutureClickCount_4800-app-os-cha": 144,
          "FutureClickCount_4800-ip-app-os-cha": 19,
          "FutureClickCount_4800-dev-os-cha": 115,
          "FutureClickCount_4800-ip-dev-os-cha": 29,
          "FutureClickCount_4800-app-dev-os-cha": 131,
          "FutureClickCount_4800-ip-app-dev-os-cha": 28,
          "NextClickTimeDelta-ip": 323,
          "NextClickTimeDelta-app": 18,
          "NextClickTimeDelta-ip-app": 492,
          "NextClickTimeDelta-dev": 11,
          "NextClickTimeDelta-ip-dev": 269,
          "NextClickTimeDelta-app-dev": 30,
          "NextClickTimeDelta-ip-app-dev": 294,
          "NextClickTimeDelta-os": 15,
          "NextClickTimeDelta-ip-os": 296,
          "NextClickTimeDelta-app-os": 74,
          "NextClickTimeDelta-ip-app-os": 954,
          "NextClickTimeDelta-dev-os": 33,
          "NextClickTimeDelta-ip-dev-os": 214,
          "NextClickTimeDelta-app-dev-os": 71,
          "NextClickTimeDelta-ip-app-dev-os": 1854,
          "NextClickTimeDelta-cha": 45,
          "NextClickTimeDelta-ip-cha": 219,
          "NextClickTimeDelta-app-cha": 64,
          "NextClickTimeDelta-ip-app-cha": 157,
          "NextClickTimeDelta-dev-cha": 42,
          "NextClickTimeDelta-ip-dev-cha": 161,
          "NextClickTimeDelta-app-dev-cha": 50,
          "NextClickTimeDelta-ip-app-dev-cha": 127,
          "NextClickTimeDelta-os-cha": 62,
          "NextClickTimeDelta-ip-os-cha": 151,
          "NextClickTimeDelta-app-os-cha": 76,
          "NextClickTimeDelta-ip-app-os-cha": 243,
          "NextClickTimeDelta-dev-os-cha": 80,
          "NextClickTimeDelta-ip-dev-os-cha": 153,
          "NextClickTimeDelta-app-dev-os-cha": 98,
          "NextClickTimeDelta-ip-app-dev-os-cha": 282,
          "PrevClickTimeDelta-ip": 252,
          "PrevClickTimeDelta-app": 26,
          "PrevClickTimeDelta-ip-app": 146,
          "PrevClickTimeDelta-dev": 22,
          "PrevClickTimeDelta-ip-dev": 182,
          "PrevClickTimeDelta-app-dev": 29,
          "PrevClickTimeDelta-ip-app-dev": 130,
          "PrevClickTimeDelta-os": 20,
          "PrevClickTimeDelta-ip-os": 171,
          "PrevClickTimeDelta-app-os": 57,
          "PrevClickTimeDelta-ip-app-os": 132,
          "PrevClickTimeDelta-dev-os": 24,
          "PrevClickTimeDelta-ip-dev-os": 147,
          "PrevClickTimeDelta-app-dev-os": 61,
          "PrevClickTimeDelta-ip-app-dev-os": 118,
          "PrevClickTimeDelta-cha": 23,
          "PrevClickTimeDelta-ip-cha": 149,
          "PrevClickTimeDelta-app-cha": 57,
          "PrevClickTimeDelta-ip-app-cha": 86,
          "PrevClickTimeDelta-dev-cha": 47,
          "PrevClickTimeDelta-ip-dev-cha": 108,
          "PrevClickTimeDelta-app-dev-cha": 56,
          "PrevClickTimeDelta-ip-app-dev-cha": 96,
          "PrevClickTimeDelta-os-cha": 64,
          "PrevClickTimeDelta-ip-os-cha": 79,
          "PrevClickTimeDelta-app-os-cha": 73,
          "PrevClickTimeDelta-ip-app-os-cha": 52,
          "PrevClickTimeDelta-dev-os-cha": 77,
          "PrevClickTimeDelta-ip-dev-os-cha": 66,
          "PrevClickTimeDelta-app-dev-os-cha": 72,
          "PrevClickTimeDelta-ip-app-dev-os-cha": 62,
          "AverageAttributedRatio-ip": 133,
          "AverageAttributedRatio-app": 145,
          "AverageAttributedRatio-ip-app": 121,
          "AverageAttributedRatio-dev": 210,
          "AverageAttributedRatio-ip-dev": 131,
          "AverageAttributedRatio-app-dev": 102,
          "AverageAttributedRatio-ip-app-dev": 186,
          "AverageAttributedRatio-os": 136,
          "AverageAttributedRatio-ip-os": 53,
          "AverageAttributedRatio-app-os": 130,
          "AverageAttributedRatio-ip-app-os": 18,
          "AverageAttributedRatio-dev-os": 134,
          "AverageAttributedRatio-ip-dev-os": 94,
          "AverageAttributedRatio-app-dev-os": 206,
          "AverageAttributedRatio-ip-app-dev-os": 23,
          "AverageAttributedRatio-cha": 114,
          "AverageAttributedRatio-ip-cha": 36,
          "AverageAttributedRatio-app-cha": 129,
          "AverageAttributedRatio-ip-app-cha": 21,
          "AverageAttributedRatio-dev-cha": 102,
          "AverageAttributedRatio-ip-dev-cha": 28,
          "AverageAttributedRatio-app-dev-cha": 136,
          "AverageAttributedRatio-ip-app-dev-cha": 29,
          "AverageAttributedRatio-os-cha": 111,
          "AverageAttributedRatio-ip-os-cha": 17,
          "AverageAttributedRatio-app-os-cha": 173,
          "AverageAttributedRatio-ip-app-os-cha": 11,
          "AverageAttributedRatio-dev-os-cha": 121,
          "AverageAttributedRatio-ip-dev-os-cha": 12,
          "AverageAttributedRatio-app-dev-os-cha": 226,
          "AverageAttributedRatio-ip-app-dev-os-cha": 7,
          "KomakiLDA5NoDevice-ip-app-0": 669,
          "KomakiLDA5NoDevice-ip-app-1": 614,
          "KomakiLDA5NoDevice-ip-app-2": 408,
          "KomakiLDA5NoDevice-ip-app-3": 336,
          "KomakiLDA5NoDevice-ip-app-4": 268,
          "KomakiLDA5NoDevice-ip-os-0": 247,
          "KomakiLDA5NoDevice-ip-os-1": 392,
          "KomakiLDA5NoDevice-ip-os-2": 416,
          "KomakiLDA5NoDevice-ip-os-3": 302,
          "KomakiLDA5NoDevice-ip-os-4": 184,
          "KomakiLDA5NoDevice-ip-channel-0": 367,
          "KomakiLDA5NoDevice-ip-channel-1": 513,
          "KomakiLDA5NoDevice-ip-channel-2": 404,
          "KomakiLDA5NoDevice-ip-channel-3": 432,
          "KomakiLDA5NoDevice-ip-channel-4": 523,
          "KomakiLDA5NoDevice-app-ip-0": 225,
          "KomakiLDA5NoDevice-app-ip-1": 174,
          "KomakiLDA5NoDevice-app-ip-2": 166,
          "KomakiLDA5NoDevice-app-ip-3": 235,
          "KomakiLDA5NoDevice-app-ip-4": 122,
          "KomakiLDA5NoDevice-app-os-0": 144,
          "KomakiLDA5NoDevice-app-os-1": 239,
          "KomakiLDA5NoDevice-app-os-2": 117,
          "KomakiLDA5NoDevice-app-os-3": 100,
          "KomakiLDA5NoDevice-app-os-4": 227,
          "KomakiLDA5NoDevice-app-channel-0": 162,
          "KomakiLDA5NoDevice-app-channel-1": 154,
          "KomakiLDA5NoDevice-app-channel-2": 197,
          "KomakiLDA5NoDevice-app-channel-3": 158,
          "KomakiLDA5NoDevice-app-channel-4": 103,
          "KomakiLDA5NoDevice-os-ip-0": 169,
          "KomakiLDA5NoDevice-os-ip-1": 94,
          "KomakiLDA5NoDevice-os-ip-2": 94,
          "KomakiLDA5NoDevice-os-ip-3": 105,
          "KomakiLDA5NoDevice-os-ip-4": 133,
          "KomakiLDA5NoDevice-os-app-0": 221,
          "KomakiLDA5NoDevice-os-app-1": 100,
          "KomakiLDA5NoDevice-os-app-2": 73,
          "KomakiLDA5NoDevice-os-app-3": 163,
          "KomakiLDA5NoDevice-os-app-4": 64,
          "KomakiLDA5NoDevice-os-channel-0": 158,
          "KomakiLDA5NoDevice-os-channel-1": 92,
          "KomakiLDA5NoDevice-os-channel-2": 145,
          "KomakiLDA5NoDevice-os-channel-3": 197,
          "KomakiLDA5NoDevice-os-channel-4": 98,
          "KomakiLDA5NoDevice-channel-ip-0": 144,
          "KomakiLDA5NoDevice-channel-ip-1": 161,
          "KomakiLDA5NoDevice-channel-ip-2": 128,
          "KomakiLDA5NoDevice-channel-ip-3": 147,
          "KomakiLDA5NoDevice-channel-ip-4": 140,
          "KomakiLDA5NoDevice-channel-app-0": 138,
          "KomakiLDA5NoDevice-channel-app-1": 62,
          "KomakiLDA5NoDevice-channel-app-2": 100,
          "KomakiLDA5NoDevice-channel-app-3": 95,
          "KomakiLDA5NoDevice-channel-app-4": 130,
          "KomakiLDA5NoDevice-channel-os-0": 122,
          "KomakiLDA5NoDevice-channel-os-1": 167,
          "KomakiLDA5NoDevice-channel-os-2": 128,
          "KomakiLDA5NoDevice-channel-os-3": 118,
          "KomakiLDA5NoDevice-channel-os-4": 112
        }
      },
      {
        "train_auc": 0.9907037435457453,
        "valid_auc": 0.9843658362478174,
        "best_iteration": 320,
        "train_time": 152.5833330154419,
        "feature_importance": {
          "ip": 1974,
          "os": 786,
          "app": 1072,
          "channel": 1585,
          "hour": 1348,
          "n_channels": 784,
          "ip_app_count": 710,
          "ip_app_os_count": 592,
          "FutureClickCount_600-ip": 304,
          "FutureClickCount_600-app": 209,
          "FutureClickCount_600-ip-app": 54,
          "FutureClickCount_600-dev": 156,
          "FutureClickCount_600-ip-dev": 244,
          "FutureClickCount_600-app-dev": 217,
          "FutureClickCount_600-ip-app-dev": 39,
          "FutureClickCount_600-os": 139,
          "FutureClickCount_600-ip-os": 130,
          "FutureClickCount_600-app-os": 162,
          "FutureClickCount_600-ip-app-os": 139,
          "FutureClickCount_600-dev-os": 413,
          "FutureClickCount_600-ip-dev-os": 126,
          "FutureClickCount_600-app-dev-os": 336,
          "FutureClickCount_600-ip-app-dev-os": 220,
          "FutureClickCount_600-cha": 172,
          "FutureClickCount_600-ip-cha": 30,
          "FutureClickCount_600-app-cha": 304,
          "FutureClickCount_600-ip-app-cha": 25,
          "FutureClickCount_600-dev-cha": 134,
          "FutureClickCount_600-ip-dev-cha": 25,
          "FutureClickCount_600-app-dev-cha": 154,
          "FutureClickCount_600-ip-app-dev-cha": 28,
          "FutureClickCount_600-os-cha": 93,
          "FutureClickCount_600-ip-os-cha": 14,
          "FutureClickCount_600-app-os-cha": 138,
          "FutureClickCount_600-ip-app-os-cha": 25,
          "FutureClickCount_600-dev-os-cha": 161,
          "FutureClickCount_600-ip-dev-os-cha": 16,
          "FutureClickCount_600-app-dev-os-cha": 119,
          "FutureClickCount_600-ip-app-dev-os-cha": 36,
          "FutureClickCount_4800-ip": 689,
          "FutureClickCount_4800-app": 140,
          "FutureClickCount_4800-ip-app": 133,
          "FutureClickCount_4800-dev": 45,
          "FutureClickCount_4800-ip-dev": 687,
          "FutureClickCount_4800-app-dev": 128,
          "FutureClickCount_4800-ip-app-dev": 112,
          "FutureClickCount_4800-os": 71,
          "FutureClickCount_4800-ip-os": 242,
          "FutureClickCount_4800-app-os": 171,
          "FutureClickCount_4800-ip-app-os": 127,
          "FutureClickCount_4800-dev-os": 185,
          "FutureClickCount_4800-ip-dev-os": 440,
          "FutureClickCount_4800-app-dev-os": 347,
          "FutureClickCount_4800-ip-app-dev-os": 207,
          "FutureClickCount_4800-cha": 146,
          "FutureClickCount_4800-ip-cha": 66,
          "FutureClickCount_4800-app-cha": 286,
          "FutureClickCount_4800-ip-app-cha": 54,
          "FutureClickCount_4800-dev-cha": 87,
          "FutureClickCount_4800-ip-dev-cha": 57,
          "FutureClickCount_4800-app-dev-cha": 133,
          "FutureClickCount_4800-ip-app-dev-cha": 37,
          "FutureClickCount_4800-os-cha": 99,
          "FutureClickCount_4800-ip-os-cha": 31,
          "FutureClickCount_4800-app-os-cha": 158,
          "FutureClickCount_4800-ip-app-os-cha": 22,
          "FutureClickCount_4800-dev-os-cha": 111,
          "FutureClickCount_4800-ip-dev-os-cha": 33,
          "FutureClickCount_4800-app-dev-os-cha": 155,
          "FutureClickCount_4800-ip-app-dev-os-cha": 30,
          "NextClickTimeDelta-ip": 348,
          "NextClickTimeDelta-app": 38,
          "NextClickTimeDelta-ip-app": 479,
          "NextClickTimeDelta-dev": 24,
          "NextClickTimeDelta-ip-dev": 284,
          "NextClickTimeDelta-app-dev": 39,
          "NextClickTimeDelta-ip-app-dev": 303,
          "NextClickTimeDelta-os": 24,
          "NextClickTimeDelta-ip-os": 298,
          "NextClickTimeDelta-app-os": 63,
          "NextClickTimeDelta-ip-app-os": 898,
          "NextClickTimeDelta-dev-os": 47,
          "NextClickTimeDelta-ip-dev-os": 267,
          "NextClickTimeDelta-app-dev-os": 48,
          "NextClickTimeDelta-ip-app-dev-os": 1874,
          "NextClickTimeDelta-cha": 21,
          "NextClickTimeDelta-ip-cha": 193,
          "NextClickTimeDelta-app-cha": 85,
          "NextClickTimeDelta-ip-app-cha": 173,
          "NextClickTimeDelta-dev-cha": 32,
          "NextClickTimeDelta-ip-dev-cha": 148,
          "NextClickTimeDelta-app-dev-cha": 61,
          "NextClickTimeDelta-ip-app-dev-cha": 141,
          "NextClickTimeDelta-os-cha": 58,
          "NextClickTimeDelta-ip-os-cha": 144,
          "NextClickTimeDelta-app-os-cha": 101,
          "NextClickTimeDelta-ip-app-os-cha": 226,
          "NextClickTimeDelta-dev-os-cha": 72,
          "NextClickTimeDelta-ip-dev-os-cha": 150,
          "NextClickTimeDelta-app-dev-os-cha": 101,
          "NextClickTimeDelta-ip-app-dev-os-cha": 331,
          "PrevClickTimeDelta-ip": 243,
          "PrevClickTimeDelta-app": 27,
          "PrevClickTimeDelta-ip-app": 126,
          "PrevClickTimeDelta-dev": 18,
          "PrevClickTimeDelta-ip-dev": 135,
          "PrevClickTimeDelta-app-dev": 32,
          "PrevClickTimeDelta-ip-app-dev": 117,
          "PrevClickTimeDelta-os": 54,
          "PrevClickTimeDelta-ip-os": 210,
          "PrevClickTimeDelta-app-os": 69,
          "PrevClickTimeDelta-ip-app-os": 122,
          "PrevClickTimeDelta-dev-os": 22,
          "PrevClickTimeDelta-ip-dev-os": 163,
          "PrevClickTimeDelta-app-dev-os": 65,
          "PrevClickTimeDelta-ip-app-dev-os": 152,
          "PrevClickTimeDelta-cha": 32,
          "PrevClickTimeDelta-ip-cha": 118,
          "PrevClickTimeDelta-app-cha": 51,
          "PrevClickTimeDelta-ip-app-cha": 86,
          "PrevClickTimeDelta-dev-cha": 38,
          "PrevClickTimeDelta-ip-dev-cha": 103,
          "PrevClickTimeDelta-app-dev-cha": 62,
          "PrevClickTimeDelta-ip-app-dev-cha": 85,
          "PrevClickTimeDelta-os-cha": 52,
          "PrevClickTimeDelta-ip-os-cha": 81,
          "PrevClickTimeDelta-app-os-cha": 68,
          "PrevClickTimeDelta-ip-app-os-cha": 67,
          "PrevClickTimeDelta-dev-os-cha": 81,
          "PrevClickTimeDelta-ip-dev-os-cha": 73,
          "PrevClickTimeDelta-app-dev-os-cha": 76,
          "PrevClickTimeDelta-ip-app-dev-os-cha": 80,
          "AverageAttributedRatio-ip": 121,
          "AverageAttributedRatio-app": 152,
          "AverageAttributedRatio-ip-app": 123,
          "AverageAttributedRatio-dev": 214,
          "AverageAttributedRatio-ip-dev": 100,
          "AverageAttributedRatio-app-dev": 103,
          "AverageAttributedRatio-ip-app-dev": 193,
          "AverageAttributedRatio-os": 109,
          "AverageAttributedRatio-ip-os": 68,
          "AverageAttributedRatio-app-os": 153,
          "AverageAttributedRatio-ip-app-os": 17,
          "AverageAttributedRatio-dev-os": 83,
          "AverageAttributedRatio-ip-dev-os": 82,
          "AverageAttributedRatio-app-dev-os": 209,
          "AverageAttributedRatio-ip-app-dev-os": 13,
          "AverageAttributedRatio-cha": 135,
          "AverageAttributedRatio-ip-cha": 29,
          "AverageAttributedRatio-app-cha": 161,
          "AverageAttributedRatio-ip-app-cha": 24,
          "AverageAttributedRatio-dev-cha": 88,
          "AverageAttributedRatio-ip-dev-cha": 37,
          "AverageAttributedRatio-app-dev-cha": 122,
          "AverageAttributedRatio-ip-app-dev-cha": 36,
          "AverageAttributedRatio-os-cha": 98,
          "AverageAttributedRatio-ip-os-cha": 11,
          "AverageAttributedRatio-app-os-cha": 193,
          "AverageAttributedRatio-ip-app-os-cha": 15,
          "AverageAttributedRatio-dev-os-cha": 112,
          "AverageAttributedRatio-ip-dev-os-cha": 12,
          "AverageAttributedRatio-app-dev-os-cha": 211,
          "AverageAttributedRatio-ip-app-dev-os-cha": 4,
          "KomakiLDA5NoDevice-ip-app-0": 637,
          "KomakiLDA5NoDevice-ip-app-1": 649,
          "KomakiLDA5NoDevice-ip-app-2": 473,
          "KomakiLDA5NoDevice-ip-app-3": 326,
          "KomakiLDA5NoDevice-ip-app-4": 300,
          "KomakiLDA5NoDevice-ip-os-0": 294,
          "KomakiLDA5NoDevice-ip-os-1": 388,
          "KomakiLDA5NoDevice-ip-os-2": 398,
          "KomakiLDA5NoDevice-ip-os-3": 278,
          "KomakiLDA5NoDevice-ip-os-4": 191,
          "KomakiLDA5NoDevice-ip-channel-0": 331,
          "KomakiLDA5NoDevice-ip-channel-1": 509,
          "KomakiLDA5NoDevice-ip-channel-2": 404,
          "KomakiLDA5NoDevice-ip-channel-3": 439,
          "KomakiLDA5NoDevice-ip-channel-4": 571,
          "KomakiLDA5NoDevice-app-ip-0": 257,
          "KomakiLDA5NoDevice-app-ip-1": 146,
          "KomakiLDA5NoDevice-app-ip-2": 191,
          "KomakiLDA5NoDevice-app-ip-3": 287,
          "KomakiLDA5NoDevice-app-ip-4": 123,
          "KomakiLDA5NoDevice-app-os-0": 142,
          "KomakiLDA5NoDevice-app-os-1": 226,
          "KomakiLDA5NoDevice-app-os-2": 120,
          "KomakiLDA5NoDevice-app-os-3": 117,
          "KomakiLDA5NoDevice-app-os-4": 276,
          "KomakiLDA5NoDevice-app-channel-0": 155,
          "KomakiLDA5NoDevice-app-channel-1": 171,
          "KomakiLDA5NoDevice-app-channel-2": 188,
          "KomakiLDA5NoDevice-app-channel-3": 167,
          "KomakiLDA5NoDevice-app-channel-4": 91,
          "KomakiLDA5NoDevice-os-ip-0": 146,
          "KomakiLDA5NoDevice-os-ip-1": 97,
          "KomakiLDA5NoDevice-os-ip-2": 88,
          "KomakiLDA5NoDevice-os-ip-3": 118,
          "KomakiLDA5NoDevice-os-ip-4": 115,
          "KomakiLDA5NoDevice-os-app-0": 197,
          "KomakiLDA5NoDevice-os-app-1": 136,
          "KomakiLDA5NoDevice-os-app-2": 103,
          "KomakiLDA5NoDevice-os-app-3": 155,
          "KomakiLDA5NoDevice-os-app-4": 84,
          "KomakiLDA5NoDevice-os-channel-0": 169,
          "KomakiLDA5NoDevice-os-channel-1": 137,
          "KomakiLDA5NoDevice-os-channel-2": 160,
          "KomakiLDA5NoDevice-os-channel-3": 169,
          "KomakiLDA5NoDevice-os-channel-4": 114,
          "KomakiLDA5NoDevice-channel-ip-0": 135,
          "KomakiLDA5NoDevice-channel-ip-1": 135,
          "KomakiLDA5NoDevice-channel-ip-2": 130,
          "KomakiLDA5NoDevice-channel-ip-3": 153,
          "KomakiLDA5NoDevice-channel-ip-4": 150,
          "KomakiLDA5NoDevice-channel-app-0": 134,
          "KomakiLDA5NoDevice-channel-app-1": 83,
          "KomakiLDA5NoDevice-channel-app-2": 113,
          "KomakiLDA5NoDevice-channel-app-3": 81,
          "KomakiLDA5NoDevice-channel-app-4": 101,
          "KomakiLDA5NoDevice-channel-os-0": 128,
          "KomakiLDA5NoDevice-channel-os-1": 155,
          "KomakiLDA5NoDevice-channel-os-2": 166,
          "KomakiLDA5NoDevice-channel-os-3": 109,
          "KomakiLDA5NoDevice-channel-os-4": 104
        }
      }
    ],
    "average_train_auc": 0.9902831715729541,
    "average_valid_auc": 0.9842699153100714,
    "train_auc_std": 0.0004527400871193376,
    "valid_auc_std": 6.871181325377082e-05,
    "average_train_time": 142.31389536857606
  },
  "config": {
    "features": [
      "ip",
      "os",
      "app",
      "channel",
      "hour",
      "count",
      "future_click_count_10",
      "future_click_count_80",
      "next_click_time_delta",
      "prev_click_time_delta",
      "average_attributed_ratio",
      "komaki_lda_5_no_device"
    ],
    "model": {
      "name": "lightgbm",
      "model_params": {
        "boosting_type": "gbdt",
        "objective": "binary",
        "metric": "auc",
        "learning_rate": 0.03,
        "num_leaves": 255,
        "max_depth": 8,
        "min_child_samples": 100,
        "max_bin": 100,
        "subsample": 0.7,
        "subsample_freq": 1,
        "colsample_bytree": 0.7,
        "min_child_weight": 0,
        "subsample_for_bin": 200000,
        "min_split_gain": 0,
        "reg_alpha": 0,
        "reg_lambda": 0,
        "verbose": 0
      },
      "train_params": {
        "num_boost_round": 1000,
        "early_stopping_rounds": 30
      }
    },
    "dataset": {
      "input_directory": "data/input/",
      "cache_directory": "data/working/",
      "validation_ratio": 0.33333333333,
      "full_data_train": true,
      "files": {
        "train": "train.feather",
        "test": "old_test.feather"
      },
      "negative_down_sampling": {
        "enabled": true,
        "bagging_size": 5,
        "random_state": 114514
      }
    }
  }
}