{
  "training": {
    "trials": [
      {
        "train_auc": 0.9955630928200982,
        "valid_auc": 0.9637820512820513,
        "best_iteration": 34,
        "train_time": 1.759453296661377,
        "feature_importance": {
          "app": 0,
          "hour": 0,
          "n_channels": 0,
          "ip_app_count": 0,
          "ip_app_os_count": 0,
          "FutureClickCount_600-ip": 0,
          "FutureClickCount_600-app": 1,
          "FutureClickCount_600-ip-app": 0,
          "FutureClickCount_600-dev": 5,
          "FutureClickCount_600-ip-dev": 0,
          "FutureClickCount_600-app-dev": 2,
          "FutureClickCount_600-ip-app-dev": 0,
          "FutureClickCount_600-os": 10,
          "FutureClickCount_600-ip-os": 0,
          "FutureClickCount_600-app-os": 3,
          "FutureClickCount_600-ip-app-os": 0,
          "FutureClickCount_600-dev-os": 8,
          "FutureClickCount_600-ip-dev-os": 0,
          "FutureClickCount_600-app-dev-os": 2,
          "FutureClickCount_600-ip-app-dev-os": 0,
          "FutureClickCount_600-cha": 1,
          "FutureClickCount_600-ip-cha": 0,
          "FutureClickCount_600-app-cha": 2,
          "FutureClickCount_600-ip-app-cha": 0,
          "FutureClickCount_600-dev-cha": 0,
          "FutureClickCount_600-ip-dev-cha": 0,
          "FutureClickCount_600-app-dev-cha": 0,
          "FutureClickCount_600-ip-app-dev-cha": 0,
          "FutureClickCount_600-os-cha": 1,
          "FutureClickCount_600-ip-os-cha": 0,
          "FutureClickCount_600-app-os-cha": 0,
          "FutureClickCount_600-ip-app-os-cha": 0,
          "FutureClickCount_600-dev-os-cha": 1,
          "FutureClickCount_600-ip-dev-os-cha": 0,
          "FutureClickCount_600-app-dev-os-cha": 1,
          "FutureClickCount_600-ip-app-dev-os-cha": 0,
          "FutureClickCount_4800-ip": 0,
          "FutureClickCount_4800-app": 3,
          "FutureClickCount_4800-ip-app": 0,
          "FutureClickCount_4800-dev": 4,
          "FutureClickCount_4800-ip-dev": 0,
          "FutureClickCount_4800-app-dev": 4,
          "FutureClickCount_4800-ip-app-dev": 0,
          "FutureClickCount_4800-os": 10,
          "FutureClickCount_4800-ip-os": 0,
          "FutureClickCount_4800-app-os": 2,
          "FutureClickCount_4800-ip-app-os": 0,
          "FutureClickCount_4800-dev-os": 14,
          "FutureClickCount_4800-ip-dev-os": 0,
          "FutureClickCount_4800-app-dev-os": 1,
          "FutureClickCount_4800-ip-app-dev-os": 0,
          "FutureClickCount_4800-cha": 2,
          "FutureClickCount_4800-ip-cha": 0,
          "FutureClickCount_4800-app-cha": 0,
          "FutureClickCount_4800-ip-app-cha": 0,
          "FutureClickCount_4800-dev-cha": 3,
          "FutureClickCount_4800-ip-dev-cha": 0,
          "FutureClickCount_4800-app-dev-cha": 3,
          "FutureClickCount_4800-ip-app-dev-cha": 0,
          "FutureClickCount_4800-os-cha": 2,
          "FutureClickCount_4800-ip-os-cha": 0,
          "FutureClickCount_4800-app-os-cha": 2,
          "FutureClickCount_4800-ip-app-os-cha": 0,
          "FutureClickCount_4800-dev-os-cha": 3,
          "FutureClickCount_4800-ip-dev-os-cha": 0,
          "FutureClickCount_4800-app-dev-os-cha": 2,
          "FutureClickCount_4800-ip-app-dev-os-cha": 0,
          "NextClickTimeDelta-ip": 4,
          "NextClickTimeDelta-app": 10,
          "NextClickTimeDelta-ip-app": 0,
          "NextClickTimeDelta-dev": 2,
          "NextClickTimeDelta-ip-dev": 2,
          "NextClickTimeDelta-app-dev": 3,
          "NextClickTimeDelta-ip-app-dev": 0,
          "NextClickTimeDelta-os": 6,
          "NextClickTimeDelta-ip-os": 2,
          "NextClickTimeDelta-app-os": 11,
          "NextClickTimeDelta-ip-app-os": 0,
          "NextClickTimeDelta-dev-os": 2,
          "NextClickTimeDelta-ip-dev-os": 7,
          "NextClickTimeDelta-app-dev-os": 5,
          "NextClickTimeDelta-ip-app-dev-os": 0,
          "NextClickTimeDelta-cha": 9,
          "NextClickTimeDelta-ip-cha": 0,
          "NextClickTimeDelta-app-cha": 4,
          "NextClickTimeDelta-ip-app-cha": 0,
          "NextClickTimeDelta-dev-cha": 1,
          "NextClickTimeDelta-ip-dev-cha": 0,
          "NextClickTimeDelta-app-dev-cha": 5,
          "NextClickTimeDelta-ip-app-dev-cha": 0,
          "NextClickTimeDelta-os-cha": 4,
          "NextClickTimeDelta-ip-os-cha": 0,
          "NextClickTimeDelta-app-os-cha": 1,
          "NextClickTimeDelta-ip-app-os-cha": 0,
          "NextClickTimeDelta-dev-os-cha": 2,
          "NextClickTimeDelta-ip-dev-os-cha": 0,
          "NextClickTimeDelta-app-dev-os-cha": 0,
          "NextClickTimeDelta-ip-app-dev-os-cha": 0,
          "PrevClickTimeDelta-ip": 6,
          "PrevClickTimeDelta-app": 1,
          "PrevClickTimeDelta-ip-app": 0,
          "PrevClickTimeDelta-dev": 2,
          "PrevClickTimeDelta-ip-dev": 4,
          "PrevClickTimeDelta-app-dev": 1,
          "PrevClickTimeDelta-ip-app-dev": 0,
          "PrevClickTimeDelta-os": 3,
          "PrevClickTimeDelta-ip-os": 3,
          "PrevClickTimeDelta-app-os": 0,
          "PrevClickTimeDelta-ip-app-os": 0,
          "PrevClickTimeDelta-dev-os": 2,
          "PrevClickTimeDelta-ip-dev-os": 0,
          "PrevClickTimeDelta-app-dev-os": 5,
          "PrevClickTimeDelta-ip-app-dev-os": 0,
          "PrevClickTimeDelta-cha": 6,
          "PrevClickTimeDelta-ip-cha": 0,
          "PrevClickTimeDelta-app-cha": 7,
          "PrevClickTimeDelta-ip-app-cha": 0,
          "PrevClickTimeDelta-dev-cha": 4,
          "PrevClickTimeDelta-ip-dev-cha": 0,
          "PrevClickTimeDelta-app-dev-cha": 3,
          "PrevClickTimeDelta-ip-app-dev-cha": 0,
          "PrevClickTimeDelta-os-cha": 3,
          "PrevClickTimeDelta-ip-os-cha": 0,
          "PrevClickTimeDelta-app-os-cha": 1,
          "PrevClickTimeDelta-ip-app-os-cha": 0,
          "PrevClickTimeDelta-dev-os-cha": 1,
          "PrevClickTimeDelta-ip-dev-os-cha": 0,
          "PrevClickTimeDelta-app-dev-os-cha": 2,
          "PrevClickTimeDelta-ip-app-dev-os-cha": 0,
          "AverageAttributedRatio-ip": 0,
          "AverageAttributedRatio-app": 8,
          "AverageAttributedRatio-ip-app": 0,
          "AverageAttributedRatio-dev": 12,
          "AverageAttributedRatio-ip-dev": 0,
          "AverageAttributedRatio-app-dev": 21,
          "AverageAttributedRatio-ip-app-dev": 0,
          "AverageAttributedRatio-os": 2,
          "AverageAttributedRatio-ip-os": 0,
          "AverageAttributedRatio-app-os": 1,
          "AverageAttributedRatio-ip-app-os": 0,
          "AverageAttributedRatio-dev-os": 4,
          "AverageAttributedRatio-ip-dev-os": 0,
          "AverageAttributedRatio-app-dev-os": 0,
          "AverageAttributedRatio-ip-app-dev-os": 0,
          "AverageAttributedRatio-cha": 0,
          "AverageAttributedRatio-ip-cha": 0,
          "AverageAttributedRatio-app-cha": 1,
          "AverageAttributedRatio-ip-app-cha": 0,
          "AverageAttributedRatio-dev-cha": 4,
          "AverageAttributedRatio-ip-dev-cha": 0,
          "AverageAttributedRatio-app-dev-cha": 1,
          "AverageAttributedRatio-ip-app-dev-cha": 0,
          "AverageAttributedRatio-os-cha": 0,
          "AverageAttributedRatio-ip-os-cha": 0,
          "AverageAttributedRatio-app-os-cha": 0,
          "AverageAttributedRatio-ip-app-os-cha": 0,
          "AverageAttributedRatio-dev-os-cha": 0,
          "AverageAttributedRatio-ip-dev-os-cha": 0,
          "AverageAttributedRatio-app-dev-os-cha": 1,
          "AverageAttributedRatio-ip-app-dev-os-cha": 0,
          "KomakiLDA5NoDevice-ip-app-0": 5,
          "KomakiLDA5NoDevice-ip-app-1": 3,
          "KomakiLDA5NoDevice-ip-app-2": 15,
          "KomakiLDA5NoDevice-ip-app-3": 18,
          "KomakiLDA5NoDevice-ip-app-4": 11,
          "KomakiLDA5NoDevice-ip-os-0": 3,
          "KomakiLDA5NoDevice-ip-os-1": 4,
          "KomakiLDA5NoDevice-ip-os-2": 5,
          "KomakiLDA5NoDevice-ip-os-3": 3,
          "KomakiLDA5NoDevice-ip-os-4": 1,
          "KomakiLDA5NoDevice-ip-channel-0": 0,
          "KomakiLDA5NoDevice-ip-channel-1": 12,
          "KomakiLDA5NoDevice-ip-channel-2": 7,
          "KomakiLDA5NoDevice-ip-channel-3": 13,
          "KomakiLDA5NoDevice-ip-channel-4": 5,
          "KomakiLDA5NoDevice-app-ip-0": 4,
          "KomakiLDA5NoDevice-app-ip-1": 5,
          "KomakiLDA5NoDevice-app-ip-2": 0,
          "KomakiLDA5NoDevice-app-ip-3": 0,
          "KomakiLDA5NoDevice-app-ip-4": 0,
          "KomakiLDA5NoDevice-app-os-0": 0,
          "KomakiLDA5NoDevice-app-os-1": 0,
          "KomakiLDA5NoDevice-app-os-2": 4,
          "KomakiLDA5NoDevice-app-os-3": 0,
          "KomakiLDA5NoDevice-app-os-4": 0,
          "KomakiLDA5NoDevice-app-channel-0": 2,
          "KomakiLDA5NoDevice-app-channel-1": 6,
          "KomakiLDA5NoDevice-app-channel-2": 0,
          "KomakiLDA5NoDevice-app-channel-3": 2,
          "KomakiLDA5NoDevice-app-channel-4": 0,
          "KomakiLDA5NoDevice-os-ip-0": 3,
          "KomakiLDA5NoDevice-os-ip-1": 1,
          "KomakiLDA5NoDevice-os-ip-2": 1,
          "KomakiLDA5NoDevice-os-ip-3": 0,
          "KomakiLDA5NoDevice-os-ip-4": 0,
          "KomakiLDA5NoDevice-os-app-0": 0,
          "KomakiLDA5NoDevice-os-app-1": 1,
          "KomakiLDA5NoDevice-os-app-2": 0,
          "KomakiLDA5NoDevice-os-app-3": 0,
          "KomakiLDA5NoDevice-os-app-4": 1,
          "KomakiLDA5NoDevice-os-channel-0": 1,
          "KomakiLDA5NoDevice-os-channel-1": 0,
          "KomakiLDA5NoDevice-os-channel-2": 0,
          "KomakiLDA5NoDevice-os-channel-3": 1,
          "KomakiLDA5NoDevice-os-channel-4": 2,
          "KomakiLDA5NoDevice-channel-ip-0": 4,
          "KomakiLDA5NoDevice-channel-ip-1": 0,
          "KomakiLDA5NoDevice-channel-ip-2": 3,
          "KomakiLDA5NoDevice-channel-ip-3": 0,
          "KomakiLDA5NoDevice-channel-ip-4": 0,
          "KomakiLDA5NoDevice-channel-app-0": 2,
          "KomakiLDA5NoDevice-channel-app-1": 3,
          "KomakiLDA5NoDevice-channel-app-2": 1,
          "KomakiLDA5NoDevice-channel-app-3": 6,
          "KomakiLDA5NoDevice-channel-app-4": 4,
          "KomakiLDA5NoDevice-channel-os-0": 14,
          "KomakiLDA5NoDevice-channel-os-1": 14,
          "KomakiLDA5NoDevice-channel-os-2": 3,
          "KomakiLDA5NoDevice-channel-os-3": 4,
          "KomakiLDA5NoDevice-channel-os-4": 1,
          "KomakiNMF5NoDevice-ip-app-0": 5,
          "KomakiNMF5NoDevice-ip-app-1": 17,
          "KomakiNMF5NoDevice-ip-app-2": 7,
          "KomakiNMF5NoDevice-ip-app-3": 7,
          "KomakiNMF5NoDevice-ip-app-4": 11,
          "KomakiNMF5NoDevice-ip-os-0": 9,
          "KomakiNMF5NoDevice-ip-os-1": 4,
          "KomakiNMF5NoDevice-ip-os-2": 8,
          "KomakiNMF5NoDevice-ip-os-3": 6,
          "KomakiNMF5NoDevice-ip-os-4": 6,
          "KomakiNMF5NoDevice-ip-channel-0": 25,
          "KomakiNMF5NoDevice-ip-channel-1": 10,
          "KomakiNMF5NoDevice-ip-channel-2": 5,
          "KomakiNMF5NoDevice-ip-channel-3": 8,
          "KomakiNMF5NoDevice-ip-channel-4": 8,
          "KomakiNMF5NoDevice-app-ip-0": 25,
          "KomakiNMF5NoDevice-app-ip-1": 1,
          "KomakiNMF5NoDevice-app-ip-2": 0,
          "KomakiNMF5NoDevice-app-ip-3": 0,
          "KomakiNMF5NoDevice-app-ip-4": 19,
          "KomakiNMF5NoDevice-app-os-0": 4,
          "KomakiNMF5NoDevice-app-os-1": 1,
          "KomakiNMF5NoDevice-app-os-2": 5,
          "KomakiNMF5NoDevice-app-os-3": 4,
          "KomakiNMF5NoDevice-app-os-4": 0,
          "KomakiNMF5NoDevice-app-channel-0": 0,
          "KomakiNMF5NoDevice-app-channel-1": 0,
          "KomakiNMF5NoDevice-app-channel-2": 1,
          "KomakiNMF5NoDevice-app-channel-3": 0,
          "KomakiNMF5NoDevice-app-channel-4": 0,
          "KomakiNMF5NoDevice-os-ip-0": 1,
          "KomakiNMF5NoDevice-os-ip-1": 6,
          "KomakiNMF5NoDevice-os-ip-2": 1,
          "KomakiNMF5NoDevice-os-ip-3": 1,
          "KomakiNMF5NoDevice-os-ip-4": 2,
          "KomakiNMF5NoDevice-os-app-0": 1,
          "KomakiNMF5NoDevice-os-app-1": 1,
          "KomakiNMF5NoDevice-os-app-2": 0,
          "KomakiNMF5NoDevice-os-app-3": 0,
          "KomakiNMF5NoDevice-os-app-4": 0,
          "KomakiNMF5NoDevice-os-channel-0": 1,
          "KomakiNMF5NoDevice-os-channel-1": 0,
          "KomakiNMF5NoDevice-os-channel-2": 1,
          "KomakiNMF5NoDevice-os-channel-3": 3,
          "KomakiNMF5NoDevice-os-channel-4": 1,
          "KomakiNMF5NoDevice-channel-ip-0": 2,
          "KomakiNMF5NoDevice-channel-ip-1": 1,
          "KomakiNMF5NoDevice-channel-ip-2": 2,
          "KomakiNMF5NoDevice-channel-ip-3": 0,
          "KomakiNMF5NoDevice-channel-ip-4": 4,
          "KomakiNMF5NoDevice-channel-app-0": 0,
          "KomakiNMF5NoDevice-channel-app-1": 0,
          "KomakiNMF5NoDevice-channel-app-2": 4,
          "KomakiNMF5NoDevice-channel-app-3": 8,
          "KomakiNMF5NoDevice-channel-app-4": 1,
          "KomakiNMF5NoDevice-channel-os-0": 1,
          "KomakiNMF5NoDevice-channel-os-1": 0,
          "KomakiNMF5NoDevice-channel-os-2": 0,
          "KomakiNMF5NoDevice-channel-os-3": 2,
          "KomakiNMF5NoDevice-channel-os-4": 4,
          "KomakiPCA5NoDevice-ip-app-0": 13,
          "KomakiPCA5NoDevice-ip-app-1": 24,
          "KomakiPCA5NoDevice-ip-app-2": 7,
          "KomakiPCA5NoDevice-ip-app-3": 10,
          "KomakiPCA5NoDevice-ip-app-4": 12,
          "KomakiPCA5NoDevice-ip-os-0": 4,
          "KomakiPCA5NoDevice-ip-os-1": 4,
          "KomakiPCA5NoDevice-ip-os-2": 3,
          "KomakiPCA5NoDevice-ip-os-3": 9,
          "KomakiPCA5NoDevice-ip-os-4": 5,
          "KomakiPCA5NoDevice-ip-channel-0": 11,
          "KomakiPCA5NoDevice-ip-channel-1": 17,
          "KomakiPCA5NoDevice-ip-channel-2": 13,
          "KomakiPCA5NoDevice-ip-channel-3": 13,
          "KomakiPCA5NoDevice-ip-channel-4": 14,
          "KomakiPCA5NoDevice-app-ip-0": 3,
          "KomakiPCA5NoDevice-app-ip-1": 1,
          "KomakiPCA5NoDevice-app-ip-2": 2,
          "KomakiPCA5NoDevice-app-ip-3": 3,
          "KomakiPCA5NoDevice-app-ip-4": 1,
          "KomakiPCA5NoDevice-app-os-0": 1,
          "KomakiPCA5NoDevice-app-os-1": 2,
          "KomakiPCA5NoDevice-app-os-2": 3,
          "KomakiPCA5NoDevice-app-os-3": 1,
          "KomakiPCA5NoDevice-app-os-4": 0,
          "KomakiPCA5NoDevice-app-channel-0": 11,
          "KomakiPCA5NoDevice-app-channel-1": 3,
          "KomakiPCA5NoDevice-app-channel-2": 3,
          "KomakiPCA5NoDevice-app-channel-3": 1,
          "KomakiPCA5NoDevice-app-channel-4": 1,
          "KomakiPCA5NoDevice-os-ip-0": 3,
          "KomakiPCA5NoDevice-os-ip-1": 2,
          "KomakiPCA5NoDevice-os-ip-2": 2,
          "KomakiPCA5NoDevice-os-ip-3": 3,
          "KomakiPCA5NoDevice-os-ip-4": 1,
          "KomakiPCA5NoDevice-os-app-0": 2,
          "KomakiPCA5NoDevice-os-app-1": 0,
          "KomakiPCA5NoDevice-os-app-2": 1,
          "KomakiPCA5NoDevice-os-app-3": 0,
          "KomakiPCA5NoDevice-os-app-4": 2,
          "KomakiPCA5NoDevice-os-channel-0": 1,
          "KomakiPCA5NoDevice-os-channel-1": 1,
          "KomakiPCA5NoDevice-os-channel-2": 0,
          "KomakiPCA5NoDevice-os-channel-3": 0,
          "KomakiPCA5NoDevice-os-channel-4": 5,
          "KomakiPCA5NoDevice-channel-ip-0": 2,
          "KomakiPCA5NoDevice-channel-ip-1": 4,
          "KomakiPCA5NoDevice-channel-ip-2": 3,
          "KomakiPCA5NoDevice-channel-ip-3": 4,
          "KomakiPCA5NoDevice-channel-ip-4": 1,
          "KomakiPCA5NoDevice-channel-app-0": 6,
          "KomakiPCA5NoDevice-channel-app-1": 0,
          "KomakiPCA5NoDevice-channel-app-2": 0,
          "KomakiPCA5NoDevice-channel-app-3": 1,
          "KomakiPCA5NoDevice-channel-app-4": 1,
          "KomakiPCA5NoDevice-channel-os-0": 2,
          "KomakiPCA5NoDevice-channel-os-1": 5,
          "KomakiPCA5NoDevice-channel-os-2": 2,
          "KomakiPCA5NoDevice-channel-os-3": 1,
          "KomakiPCA5NoDevice-channel-os-4": 6
        }
      },
      {
        "train_auc": 0.9946331682000472,
        "valid_auc": 0.9576923076923077,
        "best_iteration": 37,
        "train_time": 1.3836801052093506,
        "feature_importance": {
          "app": 0,
          "hour": 0,
          "n_channels": 7,
          "ip_app_count": 4,
          "ip_app_os_count": 0,
          "FutureClickCount_600-ip": 0,
          "FutureClickCount_600-app": 8,
          "FutureClickCount_600-ip-app": 0,
          "FutureClickCount_600-dev": 21,
          "FutureClickCount_600-ip-dev": 0,
          "FutureClickCount_600-app-dev": 5,
          "FutureClickCount_600-ip-app-dev": 0,
          "FutureClickCount_600-os": 7,
          "FutureClickCount_600-ip-os": 0,
          "FutureClickCount_600-app-os": 1,
          "FutureClickCount_600-ip-app-os": 0,
          "FutureClickCount_600-dev-os": 7,
          "FutureClickCount_600-ip-dev-os": 0,
          "FutureClickCount_600-app-dev-os": 0,
          "FutureClickCount_600-ip-app-dev-os": 0,
          "FutureClickCount_600-cha": 3,
          "FutureClickCount_600-ip-cha": 0,
          "FutureClickCount_600-app-cha": 2,
          "FutureClickCount_600-ip-app-cha": 0,
          "FutureClickCount_600-dev-cha": 9,
          "FutureClickCount_600-ip-dev-cha": 0,
          "FutureClickCount_600-app-dev-cha": 2,
          "FutureClickCount_600-ip-app-dev-cha": 0,
          "FutureClickCount_600-os-cha": 0,
          "FutureClickCount_600-ip-os-cha": 0,
          "FutureClickCount_600-app-os-cha": 1,
          "FutureClickCount_600-ip-app-os-cha": 0,
          "FutureClickCount_600-dev-os-cha": 2,
          "FutureClickCount_600-ip-dev-os-cha": 0,
          "FutureClickCount_600-app-dev-os-cha": 0,
          "FutureClickCount_600-ip-app-dev-os-cha": 0,
          "FutureClickCount_4800-ip": 2,
          "FutureClickCount_4800-app": 5,
          "FutureClickCount_4800-ip-app": 0,
          "FutureClickCount_4800-dev": 4,
          "FutureClickCount_4800-ip-dev": 0,
          "FutureClickCount_4800-app-dev": 1,
          "FutureClickCount_4800-ip-app-dev": 0,
          "FutureClickCount_4800-os": 7,
          "FutureClickCount_4800-ip-os": 0,
          "FutureClickCount_4800-app-os": 2,
          "FutureClickCount_4800-ip-app-os": 0,
          "FutureClickCount_4800-dev-os": 5,
          "FutureClickCount_4800-ip-dev-os": 0,
          "FutureClickCount_4800-app-dev-os": 4,
          "FutureClickCount_4800-ip-app-dev-os": 0,
          "FutureClickCount_4800-cha": 5,
          "FutureClickCount_4800-ip-cha": 0,
          "FutureClickCount_4800-app-cha": 8,
          "FutureClickCount_4800-ip-app-cha": 0,
          "FutureClickCount_4800-dev-cha": 9,
          "FutureClickCount_4800-ip-dev-cha": 0,
          "FutureClickCount_4800-app-dev-cha": 7,
          "FutureClickCount_4800-ip-app-dev-cha": 0,
          "FutureClickCount_4800-os-cha": 1,
          "FutureClickCount_4800-ip-os-cha": 0,
          "FutureClickCount_4800-app-os-cha": 1,
          "FutureClickCount_4800-ip-app-os-cha": 0,
          "FutureClickCount_4800-dev-os-cha": 1,
          "FutureClickCount_4800-ip-dev-os-cha": 0,
          "FutureClickCount_4800-app-dev-os-cha": 2,
          "FutureClickCount_4800-ip-app-dev-os-cha": 0,
          "NextClickTimeDelta-ip": 5,
          "NextClickTimeDelta-app": 9,
          "NextClickTimeDelta-ip-app": 0,
          "NextClickTimeDelta-dev": 2,
          "NextClickTimeDelta-ip-dev": 8,
          "NextClickTimeDelta-app-dev": 1,
          "NextClickTimeDelta-ip-app-dev": 0,
          "NextClickTimeDelta-os": 4,
          "NextClickTimeDelta-ip-os": 1,
          "NextClickTimeDelta-app-os": 3,
          "NextClickTimeDelta-ip-app-os": 0,
          "NextClickTimeDelta-dev-os": 1,
          "NextClickTimeDelta-ip-dev-os": 4,
          "NextClickTimeDelta-app-dev-os": 2,
          "NextClickTimeDelta-ip-app-dev-os": 0,
          "NextClickTimeDelta-cha": 5,
          "NextClickTimeDelta-ip-cha": 0,
          "NextClickTimeDelta-app-cha": 7,
          "NextClickTimeDelta-ip-app-cha": 0,
          "NextClickTimeDelta-dev-cha": 3,
          "NextClickTimeDelta-ip-dev-cha": 0,
          "NextClickTimeDelta-app-dev-cha": 2,
          "NextClickTimeDelta-ip-app-dev-cha": 2,
          "NextClickTimeDelta-os-cha": 5,
          "NextClickTimeDelta-ip-os-cha": 0,
          "NextClickTimeDelta-app-os-cha": 9,
          "NextClickTimeDelta-ip-app-os-cha": 0,
          "NextClickTimeDelta-dev-os-cha": 4,
          "NextClickTimeDelta-ip-dev-os-cha": 0,
          "NextClickTimeDelta-app-dev-os-cha": 0,
          "NextClickTimeDelta-ip-app-dev-os-cha": 0,
          "PrevClickTimeDelta-ip": 19,
          "PrevClickTimeDelta-app": 10,
          "PrevClickTimeDelta-ip-app": 0,
          "PrevClickTimeDelta-dev": 0,
          "PrevClickTimeDelta-ip-dev": 3,
          "PrevClickTimeDelta-app-dev": 5,
          "PrevClickTimeDelta-ip-app-dev": 0,
          "PrevClickTimeDelta-os": 3,
          "PrevClickTimeDelta-ip-os": 2,
          "PrevClickTimeDelta-app-os": 5,
          "PrevClickTimeDelta-ip-app-os": 0,
          "PrevClickTimeDelta-dev-os": 6,
          "PrevClickTimeDelta-ip-dev-os": 1,
          "PrevClickTimeDelta-app-dev-os": 0,
          "PrevClickTimeDelta-ip-app-dev-os": 0,
          "PrevClickTimeDelta-cha": 14,
          "PrevClickTimeDelta-ip-cha": 0,
          "PrevClickTimeDelta-app-cha": 17,
          "PrevClickTimeDelta-ip-app-cha": 0,
          "PrevClickTimeDelta-dev-cha": 3,
          "PrevClickTimeDelta-ip-dev-cha": 0,
          "PrevClickTimeDelta-app-dev-cha": 3,
          "PrevClickTimeDelta-ip-app-dev-cha": 0,
          "PrevClickTimeDelta-os-cha": 6,
          "PrevClickTimeDelta-ip-os-cha": 0,
          "PrevClickTimeDelta-app-os-cha": 2,
          "PrevClickTimeDelta-ip-app-os-cha": 0,
          "PrevClickTimeDelta-dev-os-cha": 2,
          "PrevClickTimeDelta-ip-dev-os-cha": 0,
          "PrevClickTimeDelta-app-dev-os-cha": 3,
          "PrevClickTimeDelta-ip-app-dev-os-cha": 0,
          "AverageAttributedRatio-ip": 0,
          "AverageAttributedRatio-app": 7,
          "AverageAttributedRatio-ip-app": 0,
          "AverageAttributedRatio-dev": 4,
          "AverageAttributedRatio-ip-dev": 0,
          "AverageAttributedRatio-app-dev": 16,
          "AverageAttributedRatio-ip-app-dev": 0,
          "AverageAttributedRatio-os": 2,
          "AverageAttributedRatio-ip-os": 0,
          "AverageAttributedRatio-app-os": 16,
          "AverageAttributedRatio-ip-app-os": 0,
          "AverageAttributedRatio-dev-os": 1,
          "AverageAttributedRatio-ip-dev-os": 0,
          "AverageAttributedRatio-app-dev-os": 5,
          "AverageAttributedRatio-ip-app-dev-os": 0,
          "AverageAttributedRatio-cha": 1,
          "AverageAttributedRatio-ip-cha": 0,
          "AverageAttributedRatio-app-cha": 0,
          "AverageAttributedRatio-ip-app-cha": 0,
          "AverageAttributedRatio-dev-cha": 1,
          "AverageAttributedRatio-ip-dev-cha": 0,
          "AverageAttributedRatio-app-dev-cha": 0,
          "AverageAttributedRatio-ip-app-dev-cha": 0,
          "AverageAttributedRatio-os-cha": 0,
          "AverageAttributedRatio-ip-os-cha": 0,
          "AverageAttributedRatio-app-os-cha": 0,
          "AverageAttributedRatio-ip-app-os-cha": 0,
          "AverageAttributedRatio-dev-os-cha": 2,
          "AverageAttributedRatio-ip-dev-os-cha": 0,
          "AverageAttributedRatio-app-dev-os-cha": 0,
          "AverageAttributedRatio-ip-app-dev-os-cha": 0,
          "KomakiLDA5NoDevice-ip-app-0": 7,
          "KomakiLDA5NoDevice-ip-app-1": 9,
          "KomakiLDA5NoDevice-ip-app-2": 5,
          "KomakiLDA5NoDevice-ip-app-3": 2,
          "KomakiLDA5NoDevice-ip-app-4": 9,
          "KomakiLDA5NoDevice-ip-os-0": 3,
          "KomakiLDA5NoDevice-ip-os-1": 5,
          "KomakiLDA5NoDevice-ip-os-2": 8,
          "KomakiLDA5NoDevice-ip-os-3": 3,
          "KomakiLDA5NoDevice-ip-os-4": 4,
          "KomakiLDA5NoDevice-ip-channel-0": 6,
          "KomakiLDA5NoDevice-ip-channel-1": 7,
          "KomakiLDA5NoDevice-ip-channel-2": 8,
          "KomakiLDA5NoDevice-ip-channel-3": 17,
          "KomakiLDA5NoDevice-ip-channel-4": 9,
          "KomakiLDA5NoDevice-app-ip-0": 12,
          "KomakiLDA5NoDevice-app-ip-1": 10,
          "KomakiLDA5NoDevice-app-ip-2": 1,
          "KomakiLDA5NoDevice-app-ip-3": 4,
          "KomakiLDA5NoDevice-app-ip-4": 0,
          "KomakiLDA5NoDevice-app-os-0": 2,
          "KomakiLDA5NoDevice-app-os-1": 2,
          "KomakiLDA5NoDevice-app-os-2": 6,
          "KomakiLDA5NoDevice-app-os-3": 1,
          "KomakiLDA5NoDevice-app-os-4": 0,
          "KomakiLDA5NoDevice-app-channel-0": 4,
          "KomakiLDA5NoDevice-app-channel-1": 10,
          "KomakiLDA5NoDevice-app-channel-2": 0,
          "KomakiLDA5NoDevice-app-channel-3": 1,
          "KomakiLDA5NoDevice-app-channel-4": 0,
          "KomakiLDA5NoDevice-os-ip-0": 3,
          "KomakiLDA5NoDevice-os-ip-1": 0,
          "KomakiLDA5NoDevice-os-ip-2": 0,
          "KomakiLDA5NoDevice-os-ip-3": 0,
          "KomakiLDA5NoDevice-os-ip-4": 0,
          "KomakiLDA5NoDevice-os-app-0": 0,
          "KomakiLDA5NoDevice-os-app-1": 0,
          "KomakiLDA5NoDevice-os-app-2": 0,
          "KomakiLDA5NoDevice-os-app-3": 0,
          "KomakiLDA5NoDevice-os-app-4": 0,
          "KomakiLDA5NoDevice-os-channel-0": 2,
          "KomakiLDA5NoDevice-os-channel-1": 2,
          "KomakiLDA5NoDevice-os-channel-2": 2,
          "KomakiLDA5NoDevice-os-channel-3": 3,
          "KomakiLDA5NoDevice-os-channel-4": 1,
          "KomakiLDA5NoDevice-channel-ip-0": 1,
          "KomakiLDA5NoDevice-channel-ip-1": 1,
          "KomakiLDA5NoDevice-channel-ip-2": 0,
          "KomakiLDA5NoDevice-channel-ip-3": 1,
          "KomakiLDA5NoDevice-channel-ip-4": 0,
          "KomakiLDA5NoDevice-channel-app-0": 2,
          "KomakiLDA5NoDevice-channel-app-1": 3,
          "KomakiLDA5NoDevice-channel-app-2": 3,
          "KomakiLDA5NoDevice-channel-app-3": 5,
          "KomakiLDA5NoDevice-channel-app-4": 1,
          "KomakiLDA5NoDevice-channel-os-0": 0,
          "KomakiLDA5NoDevice-channel-os-1": 3,
          "KomakiLDA5NoDevice-channel-os-2": 2,
          "KomakiLDA5NoDevice-channel-os-3": 2,
          "KomakiLDA5NoDevice-channel-os-4": 0,
          "KomakiNMF5NoDevice-ip-app-0": 6,
          "KomakiNMF5NoDevice-ip-app-1": 2,
          "KomakiNMF5NoDevice-ip-app-2": 3,
          "KomakiNMF5NoDevice-ip-app-3": 16,
          "KomakiNMF5NoDevice-ip-app-4": 4,
          "KomakiNMF5NoDevice-ip-os-0": 5,
          "KomakiNMF5NoDevice-ip-os-1": 4,
          "KomakiNMF5NoDevice-ip-os-2": 2,
          "KomakiNMF5NoDevice-ip-os-3": 0,
          "KomakiNMF5NoDevice-ip-os-4": 2,
          "KomakiNMF5NoDevice-ip-channel-0": 30,
          "KomakiNMF5NoDevice-ip-channel-1": 1,
          "KomakiNMF5NoDevice-ip-channel-2": 22,
          "KomakiNMF5NoDevice-ip-channel-3": 2,
          "KomakiNMF5NoDevice-ip-channel-4": 5,
          "KomakiNMF5NoDevice-app-ip-0": 19,
          "KomakiNMF5NoDevice-app-ip-1": 0,
          "KomakiNMF5NoDevice-app-ip-2": 1,
          "KomakiNMF5NoDevice-app-ip-3": 2,
          "KomakiNMF5NoDevice-app-ip-4": 12,
          "KomakiNMF5NoDevice-app-os-0": 0,
          "KomakiNMF5NoDevice-app-os-1": 1,
          "KomakiNMF5NoDevice-app-os-2": 7,
          "KomakiNMF5NoDevice-app-os-3": 0,
          "KomakiNMF5NoDevice-app-os-4": 2,
          "KomakiNMF5NoDevice-app-channel-0": 0,
          "KomakiNMF5NoDevice-app-channel-1": 6,
          "KomakiNMF5NoDevice-app-channel-2": 0,
          "KomakiNMF5NoDevice-app-channel-3": 0,
          "KomakiNMF5NoDevice-app-channel-4": 1,
          "KomakiNMF5NoDevice-os-ip-0": 1,
          "KomakiNMF5NoDevice-os-ip-1": 2,
          "KomakiNMF5NoDevice-os-ip-2": 7,
          "KomakiNMF5NoDevice-os-ip-3": 2,
          "KomakiNMF5NoDevice-os-ip-4": 1,
          "KomakiNMF5NoDevice-os-app-0": 0,
          "KomakiNMF5NoDevice-os-app-1": 1,
          "KomakiNMF5NoDevice-os-app-2": 1,
          "KomakiNMF5NoDevice-os-app-3": 0,
          "KomakiNMF5NoDevice-os-app-4": 1,
          "KomakiNMF5NoDevice-os-channel-0": 1,
          "KomakiNMF5NoDevice-os-channel-1": 0,
          "KomakiNMF5NoDevice-os-channel-2": 1,
          "KomakiNMF5NoDevice-os-channel-3": 5,
          "KomakiNMF5NoDevice-os-channel-4": 2,
          "KomakiNMF5NoDevice-channel-ip-0": 7,
          "KomakiNMF5NoDevice-channel-ip-1": 1,
          "KomakiNMF5NoDevice-channel-ip-2": 5,
          "KomakiNMF5NoDevice-channel-ip-3": 2,
          "KomakiNMF5NoDevice-channel-ip-4": 3,
          "KomakiNMF5NoDevice-channel-app-0": 0,
          "KomakiNMF5NoDevice-channel-app-1": 0,
          "KomakiNMF5NoDevice-channel-app-2": 4,
          "KomakiNMF5NoDevice-channel-app-3": 13,
          "KomakiNMF5NoDevice-channel-app-4": 3,
          "KomakiNMF5NoDevice-channel-os-0": 2,
          "KomakiNMF5NoDevice-channel-os-1": 0,
          "KomakiNMF5NoDevice-channel-os-2": 0,
          "KomakiNMF5NoDevice-channel-os-3": 2,
          "KomakiNMF5NoDevice-channel-os-4": 1,
          "KomakiPCA5NoDevice-ip-app-0": 33,
          "KomakiPCA5NoDevice-ip-app-1": 10,
          "KomakiPCA5NoDevice-ip-app-2": 7,
          "KomakiPCA5NoDevice-ip-app-3": 12,
          "KomakiPCA5NoDevice-ip-app-4": 6,
          "KomakiPCA5NoDevice-ip-os-0": 6,
          "KomakiPCA5NoDevice-ip-os-1": 3,
          "KomakiPCA5NoDevice-ip-os-2": 8,
          "KomakiPCA5NoDevice-ip-os-3": 8,
          "KomakiPCA5NoDevice-ip-os-4": 2,
          "KomakiPCA5NoDevice-ip-channel-0": 8,
          "KomakiPCA5NoDevice-ip-channel-1": 10,
          "KomakiPCA5NoDevice-ip-channel-2": 11,
          "KomakiPCA5NoDevice-ip-channel-3": 8,
          "KomakiPCA5NoDevice-ip-channel-4": 4,
          "KomakiPCA5NoDevice-app-ip-0": 1,
          "KomakiPCA5NoDevice-app-ip-1": 1,
          "KomakiPCA5NoDevice-app-ip-2": 1,
          "KomakiPCA5NoDevice-app-ip-3": 2,
          "KomakiPCA5NoDevice-app-ip-4": 10,
          "KomakiPCA5NoDevice-app-os-0": 0,
          "KomakiPCA5NoDevice-app-os-1": 1,
          "KomakiPCA5NoDevice-app-os-2": 5,
          "KomakiPCA5NoDevice-app-os-3": 5,
          "KomakiPCA5NoDevice-app-os-4": 1,
          "KomakiPCA5NoDevice-app-channel-0": 9,
          "KomakiPCA5NoDevice-app-channel-1": 1,
          "KomakiPCA5NoDevice-app-channel-2": 0,
          "KomakiPCA5NoDevice-app-channel-3": 0,
          "KomakiPCA5NoDevice-app-channel-4": 2,
          "KomakiPCA5NoDevice-os-ip-0": 0,
          "KomakiPCA5NoDevice-os-ip-1": 4,
          "KomakiPCA5NoDevice-os-ip-2": 1,
          "KomakiPCA5NoDevice-os-ip-3": 1,
          "KomakiPCA5NoDevice-os-ip-4": 0,
          "KomakiPCA5NoDevice-os-app-0": 1,
          "KomakiPCA5NoDevice-os-app-1": 1,
          "KomakiPCA5NoDevice-os-app-2": 5,
          "KomakiPCA5NoDevice-os-app-3": 0,
          "KomakiPCA5NoDevice-os-app-4": 3,
          "KomakiPCA5NoDevice-os-channel-0": 1,
          "KomakiPCA5NoDevice-os-channel-1": 0,
          "KomakiPCA5NoDevice-os-channel-2": 0,
          "KomakiPCA5NoDevice-os-channel-3": 0,
          "KomakiPCA5NoDevice-os-channel-4": 2,
          "KomakiPCA5NoDevice-channel-ip-0": 2,
          "KomakiPCA5NoDevice-channel-ip-1": 5,
          "KomakiPCA5NoDevice-channel-ip-2": 1,
          "KomakiPCA5NoDevice-channel-ip-3": 0,
          "KomakiPCA5NoDevice-channel-ip-4": 2,
          "KomakiPCA5NoDevice-channel-app-0": 6,
          "KomakiPCA5NoDevice-channel-app-1": 0,
          "KomakiPCA5NoDevice-channel-app-2": 0,
          "KomakiPCA5NoDevice-channel-app-3": 3,
          "KomakiPCA5NoDevice-channel-app-4": 3,
          "KomakiPCA5NoDevice-channel-os-0": 0,
          "KomakiPCA5NoDevice-channel-os-1": 3,
          "KomakiPCA5NoDevice-channel-os-2": 2,
          "KomakiPCA5NoDevice-channel-os-3": 4,
          "KomakiPCA5NoDevice-channel-os-4": 2
        }
      },
      {
        "train_auc": 0.9944369590070227,
        "valid_auc": 0.9537878787878787,
        "best_iteration": 32,
        "train_time": 1.2752530574798584,
        "feature_importance": {
          "app": 0,
          "hour": 0,
          "n_channels": 1,
          "ip_app_count": 1,
          "ip_app_os_count": 0,
          "FutureClickCount_600-ip": 0,
          "FutureClickCount_600-app": 2,
          "FutureClickCount_600-ip-app": 0,
          "FutureClickCount_600-dev": 3,
          "FutureClickCount_600-ip-dev": 0,
          "FutureClickCount_600-app-dev": 1,
          "FutureClickCount_600-ip-app-dev": 0,
          "FutureClickCount_600-os": 4,
          "FutureClickCount_600-ip-os": 0,
          "FutureClickCount_600-app-os": 2,
          "FutureClickCount_600-ip-app-os": 0,
          "FutureClickCount_600-dev-os": 6,
          "FutureClickCount_600-ip-dev-os": 0,
          "FutureClickCount_600-app-dev-os": 0,
          "FutureClickCount_600-ip-app-dev-os": 0,
          "FutureClickCount_600-cha": 1,
          "FutureClickCount_600-ip-cha": 0,
          "FutureClickCount_600-app-cha": 3,
          "FutureClickCount_600-ip-app-cha": 0,
          "FutureClickCount_600-dev-cha": 5,
          "FutureClickCount_600-ip-dev-cha": 0,
          "FutureClickCount_600-app-dev-cha": 2,
          "FutureClickCount_600-ip-app-dev-cha": 0,
          "FutureClickCount_600-os-cha": 0,
          "FutureClickCount_600-ip-os-cha": 0,
          "FutureClickCount_600-app-os-cha": 0,
          "FutureClickCount_600-ip-app-os-cha": 0,
          "FutureClickCount_600-dev-os-cha": 1,
          "FutureClickCount_600-ip-dev-os-cha": 0,
          "FutureClickCount_600-app-dev-os-cha": 0,
          "FutureClickCount_600-ip-app-dev-os-cha": 0,
          "FutureClickCount_4800-ip": 0,
          "FutureClickCount_4800-app": 4,
          "FutureClickCount_4800-ip-app": 0,
          "FutureClickCount_4800-dev": 6,
          "FutureClickCount_4800-ip-dev": 0,
          "FutureClickCount_4800-app-dev": 3,
          "FutureClickCount_4800-ip-app-dev": 0,
          "FutureClickCount_4800-os": 9,
          "FutureClickCount_4800-ip-os": 0,
          "FutureClickCount_4800-app-os": 0,
          "FutureClickCount_4800-ip-app-os": 0,
          "FutureClickCount_4800-dev-os": 9,
          "FutureClickCount_4800-ip-dev-os": 0,
          "FutureClickCount_4800-app-dev-os": 2,
          "FutureClickCount_4800-ip-app-dev-os": 0,
          "FutureClickCount_4800-cha": 8,
          "FutureClickCount_4800-ip-cha": 0,
          "FutureClickCount_4800-app-cha": 4,
          "FutureClickCount_4800-ip-app-cha": 0,
          "FutureClickCount_4800-dev-cha": 14,
          "FutureClickCount_4800-ip-dev-cha": 0,
          "FutureClickCount_4800-app-dev-cha": 9,
          "FutureClickCount_4800-ip-app-dev-cha": 0,
          "FutureClickCount_4800-os-cha": 5,
          "FutureClickCount_4800-ip-os-cha": 0,
          "FutureClickCount_4800-app-os-cha": 1,
          "FutureClickCount_4800-ip-app-os-cha": 0,
          "FutureClickCount_4800-dev-os-cha": 4,
          "FutureClickCount_4800-ip-dev-os-cha": 0,
          "FutureClickCount_4800-app-dev-os-cha": 7,
          "FutureClickCount_4800-ip-app-dev-os-cha": 0,
          "NextClickTimeDelta-ip": 4,
          "NextClickTimeDelta-app": 4,
          "NextClickTimeDelta-ip-app": 0,
          "NextClickTimeDelta-dev": 3,
          "NextClickTimeDelta-ip-dev": 4,
          "NextClickTimeDelta-app-dev": 5,
          "NextClickTimeDelta-ip-app-dev": 0,
          "NextClickTimeDelta-os": 0,
          "NextClickTimeDelta-ip-os": 3,
          "NextClickTimeDelta-app-os": 4,
          "NextClickTimeDelta-ip-app-os": 0,
          "NextClickTimeDelta-dev-os": 3,
          "NextClickTimeDelta-ip-dev-os": 0,
          "NextClickTimeDelta-app-dev-os": 1,
          "NextClickTimeDelta-ip-app-dev-os": 0,
          "NextClickTimeDelta-cha": 6,
          "NextClickTimeDelta-ip-cha": 0,
          "NextClickTimeDelta-app-cha": 9,
          "NextClickTimeDelta-ip-app-cha": 0,
          "NextClickTimeDelta-dev-cha": 7,
          "NextClickTimeDelta-ip-dev-cha": 0,
          "NextClickTimeDelta-app-dev-cha": 9,
          "NextClickTimeDelta-ip-app-dev-cha": 0,
          "NextClickTimeDelta-os-cha": 2,
          "NextClickTimeDelta-ip-os-cha": 0,
          "NextClickTimeDelta-app-os-cha": 2,
          "NextClickTimeDelta-ip-app-os-cha": 0,
          "NextClickTimeDelta-dev-os-cha": 2,
          "NextClickTimeDelta-ip-dev-os-cha": 0,
          "NextClickTimeDelta-app-dev-os-cha": 2,
          "NextClickTimeDelta-ip-app-dev-os-cha": 0,
          "PrevClickTimeDelta-ip": 4,
          "PrevClickTimeDelta-app": 5,
          "PrevClickTimeDelta-ip-app": 0,
          "PrevClickTimeDelta-dev": 1,
          "PrevClickTimeDelta-ip-dev": 1,
          "PrevClickTimeDelta-app-dev": 4,
          "PrevClickTimeDelta-ip-app-dev": 1,
          "PrevClickTimeDelta-os": 9,
          "PrevClickTimeDelta-ip-os": 1,
          "PrevClickTimeDelta-app-os": 7,
          "PrevClickTimeDelta-ip-app-os": 0,
          "PrevClickTimeDelta-dev-os": 0,
          "PrevClickTimeDelta-ip-dev-os": 3,
          "PrevClickTimeDelta-app-dev-os": 3,
          "PrevClickTimeDelta-ip-app-dev-os": 0,
          "PrevClickTimeDelta-cha": 3,
          "PrevClickTimeDelta-ip-cha": 1,
          "PrevClickTimeDelta-app-cha": 2,
          "PrevClickTimeDelta-ip-app-cha": 0,
          "PrevClickTimeDelta-dev-cha": 13,
          "PrevClickTimeDelta-ip-dev-cha": 1,
          "PrevClickTimeDelta-app-dev-cha": 5,
          "PrevClickTimeDelta-ip-app-dev-cha": 0,
          "PrevClickTimeDelta-os-cha": 1,
          "PrevClickTimeDelta-ip-os-cha": 0,
          "PrevClickTimeDelta-app-os-cha": 4,
          "PrevClickTimeDelta-ip-app-os-cha": 0,
          "PrevClickTimeDelta-dev-os-cha": 2,
          "PrevClickTimeDelta-ip-dev-os-cha": 0,
          "PrevClickTimeDelta-app-dev-os-cha": 5,
          "PrevClickTimeDelta-ip-app-dev-os-cha": 0,
          "AverageAttributedRatio-ip": 0,
          "AverageAttributedRatio-app": 19,
          "AverageAttributedRatio-ip-app": 0,
          "AverageAttributedRatio-dev": 4,
          "AverageAttributedRatio-ip-dev": 0,
          "AverageAttributedRatio-app-dev": 15,
          "AverageAttributedRatio-ip-app-dev": 0,
          "AverageAttributedRatio-os": 2,
          "AverageAttributedRatio-ip-os": 0,
          "AverageAttributedRatio-app-os": 5,
          "AverageAttributedRatio-ip-app-os": 0,
          "AverageAttributedRatio-dev-os": 6,
          "AverageAttributedRatio-ip-dev-os": 0,
          "AverageAttributedRatio-app-dev-os": 5,
          "AverageAttributedRatio-ip-app-dev-os": 0,
          "AverageAttributedRatio-cha": 1,
          "AverageAttributedRatio-ip-cha": 0,
          "AverageAttributedRatio-app-cha": 2,
          "AverageAttributedRatio-ip-app-cha": 0,
          "AverageAttributedRatio-dev-cha": 1,
          "AverageAttributedRatio-ip-dev-cha": 0,
          "AverageAttributedRatio-app-dev-cha": 2,
          "AverageAttributedRatio-ip-app-dev-cha": 0,
          "AverageAttributedRatio-os-cha": 1,
          "AverageAttributedRatio-ip-os-cha": 0,
          "AverageAttributedRatio-app-os-cha": 0,
          "AverageAttributedRatio-ip-app-os-cha": 0,
          "AverageAttributedRatio-dev-os-cha": 0,
          "AverageAttributedRatio-ip-dev-os-cha": 0,
          "AverageAttributedRatio-app-dev-os-cha": 0,
          "AverageAttributedRatio-ip-app-dev-os-cha": 0,
          "KomakiLDA5NoDevice-ip-app-0": 5,
          "KomakiLDA5NoDevice-ip-app-1": 1,
          "KomakiLDA5NoDevice-ip-app-2": 5,
          "KomakiLDA5NoDevice-ip-app-3": 7,
          "KomakiLDA5NoDevice-ip-app-4": 1,
          "KomakiLDA5NoDevice-ip-os-0": 12,
          "KomakiLDA5NoDevice-ip-os-1": 24,
          "KomakiLDA5NoDevice-ip-os-2": 6,
          "KomakiLDA5NoDevice-ip-os-3": 1,
          "KomakiLDA5NoDevice-ip-os-4": 7,
          "KomakiLDA5NoDevice-ip-channel-0": 1,
          "KomakiLDA5NoDevice-ip-channel-1": 4,
          "KomakiLDA5NoDevice-ip-channel-2": 4,
          "KomakiLDA5NoDevice-ip-channel-3": 12,
          "KomakiLDA5NoDevice-ip-channel-4": 7,
          "KomakiLDA5NoDevice-app-ip-0": 4,
          "KomakiLDA5NoDevice-app-ip-1": 2,
          "KomakiLDA5NoDevice-app-ip-2": 0,
          "KomakiLDA5NoDevice-app-ip-3": 0,
          "KomakiLDA5NoDevice-app-ip-4": 0,
          "KomakiLDA5NoDevice-app-os-0": 7,
          "KomakiLDA5NoDevice-app-os-1": 0,
          "KomakiLDA5NoDevice-app-os-2": 1,
          "KomakiLDA5NoDevice-app-os-3": 2,
          "KomakiLDA5NoDevice-app-os-4": 20,
          "KomakiLDA5NoDevice-app-channel-0": 1,
          "KomakiLDA5NoDevice-app-channel-1": 1,
          "KomakiLDA5NoDevice-app-channel-2": 0,
          "KomakiLDA5NoDevice-app-channel-3": 2,
          "KomakiLDA5NoDevice-app-channel-4": 3,
          "KomakiLDA5NoDevice-os-ip-0": 1,
          "KomakiLDA5NoDevice-os-ip-1": 1,
          "KomakiLDA5NoDevice-os-ip-2": 0,
          "KomakiLDA5NoDevice-os-ip-3": 0,
          "KomakiLDA5NoDevice-os-ip-4": 0,
          "KomakiLDA5NoDevice-os-app-0": 1,
          "KomakiLDA5NoDevice-os-app-1": 0,
          "KomakiLDA5NoDevice-os-app-2": 0,
          "KomakiLDA5NoDevice-os-app-3": 0,
          "KomakiLDA5NoDevice-os-app-4": 0,
          "KomakiLDA5NoDevice-os-channel-0": 3,
          "KomakiLDA5NoDevice-os-channel-1": 1,
          "KomakiLDA5NoDevice-os-channel-2": 1,
          "KomakiLDA5NoDevice-os-channel-3": 2,
          "KomakiLDA5NoDevice-os-channel-4": 0,
          "KomakiLDA5NoDevice-channel-ip-0": 1,
          "KomakiLDA5NoDevice-channel-ip-1": 1,
          "KomakiLDA5NoDevice-channel-ip-2": 0,
          "KomakiLDA5NoDevice-channel-ip-3": 0,
          "KomakiLDA5NoDevice-channel-ip-4": 0,
          "KomakiLDA5NoDevice-channel-app-0": 1,
          "KomakiLDA5NoDevice-channel-app-1": 0,
          "KomakiLDA5NoDevice-channel-app-2": 2,
          "KomakiLDA5NoDevice-channel-app-3": 1,
          "KomakiLDA5NoDevice-channel-app-4": 4,
          "KomakiLDA5NoDevice-channel-os-0": 2,
          "KomakiLDA5NoDevice-channel-os-1": 2,
          "KomakiLDA5NoDevice-channel-os-2": 4,
          "KomakiLDA5NoDevice-channel-os-3": 1,
          "KomakiLDA5NoDevice-channel-os-4": 0,
          "KomakiNMF5NoDevice-ip-app-0": 5,
          "KomakiNMF5NoDevice-ip-app-1": 4,
          "KomakiNMF5NoDevice-ip-app-2": 2,
          "KomakiNMF5NoDevice-ip-app-3": 4,
          "KomakiNMF5NoDevice-ip-app-4": 4,
          "KomakiNMF5NoDevice-ip-os-0": 8,
          "KomakiNMF5NoDevice-ip-os-1": 7,
          "KomakiNMF5NoDevice-ip-os-2": 2,
          "KomakiNMF5NoDevice-ip-os-3": 0,
          "KomakiNMF5NoDevice-ip-os-4": 8,
          "KomakiNMF5NoDevice-ip-channel-0": 23,
          "KomakiNMF5NoDevice-ip-channel-1": 7,
          "KomakiNMF5NoDevice-ip-channel-2": 6,
          "KomakiNMF5NoDevice-ip-channel-3": 3,
          "KomakiNMF5NoDevice-ip-channel-4": 5,
          "KomakiNMF5NoDevice-app-ip-0": 11,
          "KomakiNMF5NoDevice-app-ip-1": 0,
          "KomakiNMF5NoDevice-app-ip-2": 1,
          "KomakiNMF5NoDevice-app-ip-3": 0,
          "KomakiNMF5NoDevice-app-ip-4": 3,
          "KomakiNMF5NoDevice-app-os-0": 3,
          "KomakiNMF5NoDevice-app-os-1": 0,
          "KomakiNMF5NoDevice-app-os-2": 0,
          "KomakiNMF5NoDevice-app-os-3": 0,
          "KomakiNMF5NoDevice-app-os-4": 2,
          "KomakiNMF5NoDevice-app-channel-0": 0,
          "KomakiNMF5NoDevice-app-channel-1": 2,
          "KomakiNMF5NoDevice-app-channel-2": 0,
          "KomakiNMF5NoDevice-app-channel-3": 0,
          "KomakiNMF5NoDevice-app-channel-4": 1,
          "KomakiNMF5NoDevice-os-ip-0": 0,
          "KomakiNMF5NoDevice-os-ip-1": 1,
          "KomakiNMF5NoDevice-os-ip-2": 0,
          "KomakiNMF5NoDevice-os-ip-3": 7,
          "KomakiNMF5NoDevice-os-ip-4": 2,
          "KomakiNMF5NoDevice-os-app-0": 2,
          "KomakiNMF5NoDevice-os-app-1": 1,
          "KomakiNMF5NoDevice-os-app-2": 3,
          "KomakiNMF5NoDevice-os-app-3": 0,
          "KomakiNMF5NoDevice-os-app-4": 0,
          "KomakiNMF5NoDevice-os-channel-0": 0,
          "KomakiNMF5NoDevice-os-channel-1": 0,
          "KomakiNMF5NoDevice-os-channel-2": 3,
          "KomakiNMF5NoDevice-os-channel-3": 7,
          "KomakiNMF5NoDevice-os-channel-4": 0,
          "KomakiNMF5NoDevice-channel-ip-0": 6,
          "KomakiNMF5NoDevice-channel-ip-1": 3,
          "KomakiNMF5NoDevice-channel-ip-2": 1,
          "KomakiNMF5NoDevice-channel-ip-3": 0,
          "KomakiNMF5NoDevice-channel-ip-4": 0,
          "KomakiNMF5NoDevice-channel-app-0": 0,
          "KomakiNMF5NoDevice-channel-app-1": 0,
          "KomakiNMF5NoDevice-channel-app-2": 0,
          "KomakiNMF5NoDevice-channel-app-3": 2,
          "KomakiNMF5NoDevice-channel-app-4": 3,
          "KomakiNMF5NoDevice-channel-os-0": 4,
          "KomakiNMF5NoDevice-channel-os-1": 0,
          "KomakiNMF5NoDevice-channel-os-2": 0,
          "KomakiNMF5NoDevice-channel-os-3": 0,
          "KomakiNMF5NoDevice-channel-os-4": 7,
          "KomakiPCA5NoDevice-ip-app-0": 17,
          "KomakiPCA5NoDevice-ip-app-1": 6,
          "KomakiPCA5NoDevice-ip-app-2": 7,
          "KomakiPCA5NoDevice-ip-app-3": 6,
          "KomakiPCA5NoDevice-ip-app-4": 2,
          "KomakiPCA5NoDevice-ip-os-0": 4,
          "KomakiPCA5NoDevice-ip-os-1": 2,
          "KomakiPCA5NoDevice-ip-os-2": 4,
          "KomakiPCA5NoDevice-ip-os-3": 5,
          "KomakiPCA5NoDevice-ip-os-4": 2,
          "KomakiPCA5NoDevice-ip-channel-0": 4,
          "KomakiPCA5NoDevice-ip-channel-1": 10,
          "KomakiPCA5NoDevice-ip-channel-2": 15,
          "KomakiPCA5NoDevice-ip-channel-3": 20,
          "KomakiPCA5NoDevice-ip-channel-4": 18,
          "KomakiPCA5NoDevice-app-ip-0": 2,
          "KomakiPCA5NoDevice-app-ip-1": 0,
          "KomakiPCA5NoDevice-app-ip-2": 6,
          "KomakiPCA5NoDevice-app-ip-3": 6,
          "KomakiPCA5NoDevice-app-ip-4": 9,
          "KomakiPCA5NoDevice-app-os-0": 0,
          "KomakiPCA5NoDevice-app-os-1": 0,
          "KomakiPCA5NoDevice-app-os-2": 1,
          "KomakiPCA5NoDevice-app-os-3": 7,
          "KomakiPCA5NoDevice-app-os-4": 1,
          "KomakiPCA5NoDevice-app-channel-0": 2,
          "KomakiPCA5NoDevice-app-channel-1": 4,
          "KomakiPCA5NoDevice-app-channel-2": 3,
          "KomakiPCA5NoDevice-app-channel-3": 0,
          "KomakiPCA5NoDevice-app-channel-4": 3,
          "KomakiPCA5NoDevice-os-ip-0": 0,
          "KomakiPCA5NoDevice-os-ip-1": 4,
          "KomakiPCA5NoDevice-os-ip-2": 1,
          "KomakiPCA5NoDevice-os-ip-3": 0,
          "KomakiPCA5NoDevice-os-ip-4": 0,
          "KomakiPCA5NoDevice-os-app-0": 2,
          "KomakiPCA5NoDevice-os-app-1": 1,
          "KomakiPCA5NoDevice-os-app-2": 0,
          "KomakiPCA5NoDevice-os-app-3": 0,
          "KomakiPCA5NoDevice-os-app-4": 0,
          "KomakiPCA5NoDevice-os-channel-0": 11,
          "KomakiPCA5NoDevice-os-channel-1": 0,
          "KomakiPCA5NoDevice-os-channel-2": 0,
          "KomakiPCA5NoDevice-os-channel-3": 1,
          "KomakiPCA5NoDevice-os-channel-4": 2,
          "KomakiPCA5NoDevice-channel-ip-0": 0,
          "KomakiPCA5NoDevice-channel-ip-1": 2,
          "KomakiPCA5NoDevice-channel-ip-2": 3,
          "KomakiPCA5NoDevice-channel-ip-3": 2,
          "KomakiPCA5NoDevice-channel-ip-4": 3,
          "KomakiPCA5NoDevice-channel-app-0": 2,
          "KomakiPCA5NoDevice-channel-app-1": 3,
          "KomakiPCA5NoDevice-channel-app-2": 0,
          "KomakiPCA5NoDevice-channel-app-3": 1,
          "KomakiPCA5NoDevice-channel-app-4": 2,
          "KomakiPCA5NoDevice-channel-os-0": 0,
          "KomakiPCA5NoDevice-channel-os-1": 0,
          "KomakiPCA5NoDevice-channel-os-2": 0,
          "KomakiPCA5NoDevice-channel-os-3": 1,
          "KomakiPCA5NoDevice-channel-os-4": 5
        }
      },
      {
        "train_auc": 0.9878100644855007,
        "valid_auc": 0.9462264150943396,
        "best_iteration": 3,
        "train_time": 0.8812229633331299,
        "feature_importance": {
          "app": 0,
          "hour": 0,
          "n_channels": 0,
          "ip_app_count": 0,
          "ip_app_os_count": 0,
          "FutureClickCount_600-ip": 0,
          "FutureClickCount_600-app": 0,
          "FutureClickCount_600-ip-app": 0,
          "FutureClickCount_600-dev": 0,
          "FutureClickCount_600-ip-dev": 0,
          "FutureClickCount_600-app-dev": 0,
          "FutureClickCount_600-ip-app-dev": 0,
          "FutureClickCount_600-os": 0,
          "FutureClickCount_600-ip-os": 0,
          "FutureClickCount_600-app-os": 0,
          "FutureClickCount_600-ip-app-os": 0,
          "FutureClickCount_600-dev-os": 0,
          "FutureClickCount_600-ip-dev-os": 0,
          "FutureClickCount_600-app-dev-os": 0,
          "FutureClickCount_600-ip-app-dev-os": 0,
          "FutureClickCount_600-cha": 0,
          "FutureClickCount_600-ip-cha": 0,
          "FutureClickCount_600-app-cha": 0,
          "FutureClickCount_600-ip-app-cha": 0,
          "FutureClickCount_600-dev-cha": 0,
          "FutureClickCount_600-ip-dev-cha": 0,
          "FutureClickCount_600-app-dev-cha": 0,
          "FutureClickCount_600-ip-app-dev-cha": 0,
          "FutureClickCount_600-os-cha": 0,
          "FutureClickCount_600-ip-os-cha": 0,
          "FutureClickCount_600-app-os-cha": 0,
          "FutureClickCount_600-ip-app-os-cha": 0,
          "FutureClickCount_600-dev-os-cha": 0,
          "FutureClickCount_600-ip-dev-os-cha": 0,
          "FutureClickCount_600-app-dev-os-cha": 0,
          "FutureClickCount_600-ip-app-dev-os-cha": 0,
          "FutureClickCount_4800-ip": 0,
          "FutureClickCount_4800-app": 0,
          "FutureClickCount_4800-ip-app": 0,
          "FutureClickCount_4800-dev": 0,
          "FutureClickCount_4800-ip-dev": 0,
          "FutureClickCount_4800-app-dev": 0,
          "FutureClickCount_4800-ip-app-dev": 0,
          "FutureClickCount_4800-os": 2,
          "FutureClickCount_4800-ip-os": 0,
          "FutureClickCount_4800-app-os": 0,
          "FutureClickCount_4800-ip-app-os": 0,
          "FutureClickCount_4800-dev-os": 1,
          "FutureClickCount_4800-ip-dev-os": 0,
          "FutureClickCount_4800-app-dev-os": 0,
          "FutureClickCount_4800-ip-app-dev-os": 0,
          "FutureClickCount_4800-cha": 0,
          "FutureClickCount_4800-ip-cha": 0,
          "FutureClickCount_4800-app-cha": 0,
          "FutureClickCount_4800-ip-app-cha": 0,
          "FutureClickCount_4800-dev-cha": 0,
          "FutureClickCount_4800-ip-dev-cha": 0,
          "FutureClickCount_4800-app-dev-cha": 0,
          "FutureClickCount_4800-ip-app-dev-cha": 0,
          "FutureClickCount_4800-os-cha": 0,
          "FutureClickCount_4800-ip-os-cha": 0,
          "FutureClickCount_4800-app-os-cha": 0,
          "FutureClickCount_4800-ip-app-os-cha": 0,
          "FutureClickCount_4800-dev-os-cha": 0,
          "FutureClickCount_4800-ip-dev-os-cha": 0,
          "FutureClickCount_4800-app-dev-os-cha": 0,
          "FutureClickCount_4800-ip-app-dev-os-cha": 0,
          "NextClickTimeDelta-ip": 0,
          "NextClickTimeDelta-app": 0,
          "NextClickTimeDelta-ip-app": 1,
          "NextClickTimeDelta-dev": 0,
          "NextClickTimeDelta-ip-dev": 0,
          "NextClickTimeDelta-app-dev": 0,
          "NextClickTimeDelta-ip-app-dev": 0,
          "NextClickTimeDelta-os": 0,
          "NextClickTimeDelta-ip-os": 0,
          "NextClickTimeDelta-app-os": 0,
          "NextClickTimeDelta-ip-app-os": 0,
          "NextClickTimeDelta-dev-os": 0,
          "NextClickTimeDelta-ip-dev-os": 0,
          "NextClickTimeDelta-app-dev-os": 0,
          "NextClickTimeDelta-ip-app-dev-os": 0,
          "NextClickTimeDelta-cha": 1,
          "NextClickTimeDelta-ip-cha": 2,
          "NextClickTimeDelta-app-cha": 0,
          "NextClickTimeDelta-ip-app-cha": 0,
          "NextClickTimeDelta-dev-cha": 0,
          "NextClickTimeDelta-ip-dev-cha": 0,
          "NextClickTimeDelta-app-dev-cha": 0,
          "NextClickTimeDelta-ip-app-dev-cha": 0,
          "NextClickTimeDelta-os-cha": 0,
          "NextClickTimeDelta-ip-os-cha": 0,
          "NextClickTimeDelta-app-os-cha": 0,
          "NextClickTimeDelta-ip-app-os-cha": 0,
          "NextClickTimeDelta-dev-os-cha": 0,
          "NextClickTimeDelta-ip-dev-os-cha": 0,
          "NextClickTimeDelta-app-dev-os-cha": 0,
          "NextClickTimeDelta-ip-app-dev-os-cha": 0,
          "PrevClickTimeDelta-ip": 1,
          "PrevClickTimeDelta-app": 0,
          "PrevClickTimeDelta-ip-app": 0,
          "PrevClickTimeDelta-dev": 0,
          "PrevClickTimeDelta-ip-dev": 0,
          "PrevClickTimeDelta-app-dev": 0,
          "PrevClickTimeDelta-ip-app-dev": 0,
          "PrevClickTimeDelta-os": 0,
          "PrevClickTimeDelta-ip-os": 0,
          "PrevClickTimeDelta-app-os": 0,
          "PrevClickTimeDelta-ip-app-os": 0,
          "PrevClickTimeDelta-dev-os": 0,
          "PrevClickTimeDelta-ip-dev-os": 1,
          "PrevClickTimeDelta-app-dev-os": 0,
          "PrevClickTimeDelta-ip-app-dev-os": 0,
          "PrevClickTimeDelta-cha": 0,
          "PrevClickTimeDelta-ip-cha": 0,
          "PrevClickTimeDelta-app-cha": 1,
          "PrevClickTimeDelta-ip-app-cha": 0,
          "PrevClickTimeDelta-dev-cha": 0,
          "PrevClickTimeDelta-ip-dev-cha": 0,
          "PrevClickTimeDelta-app-dev-cha": 0,
          "PrevClickTimeDelta-ip-app-dev-cha": 0,
          "PrevClickTimeDelta-os-cha": 1,
          "PrevClickTimeDelta-ip-os-cha": 0,
          "PrevClickTimeDelta-app-os-cha": 0,
          "PrevClickTimeDelta-ip-app-os-cha": 0,
          "PrevClickTimeDelta-dev-os-cha": 0,
          "PrevClickTimeDelta-ip-dev-os-cha": 0,
          "PrevClickTimeDelta-app-dev-os-cha": 0,
          "PrevClickTimeDelta-ip-app-dev-os-cha": 0,
          "AverageAttributedRatio-ip": 0,
          "AverageAttributedRatio-app": 2,
          "AverageAttributedRatio-ip-app": 0,
          "AverageAttributedRatio-dev": 0,
          "AverageAttributedRatio-ip-dev": 0,
          "AverageAttributedRatio-app-dev": 1,
          "AverageAttributedRatio-ip-app-dev": 0,
          "AverageAttributedRatio-os": 0,
          "AverageAttributedRatio-ip-os": 0,
          "AverageAttributedRatio-app-os": 0,
          "AverageAttributedRatio-ip-app-os": 0,
          "AverageAttributedRatio-dev-os": 0,
          "AverageAttributedRatio-ip-dev-os": 0,
          "AverageAttributedRatio-app-dev-os": 0,
          "AverageAttributedRatio-ip-app-dev-os": 0,
          "AverageAttributedRatio-cha": 0,
          "AverageAttributedRatio-ip-cha": 0,
          "AverageAttributedRatio-app-cha": 0,
          "AverageAttributedRatio-ip-app-cha": 0,
          "AverageAttributedRatio-dev-cha": 0,
          "AverageAttributedRatio-ip-dev-cha": 0,
          "AverageAttributedRatio-app-dev-cha": 0,
          "AverageAttributedRatio-ip-app-dev-cha": 0,
          "AverageAttributedRatio-os-cha": 0,
          "AverageAttributedRatio-ip-os-cha": 0,
          "AverageAttributedRatio-app-os-cha": 0,
          "AverageAttributedRatio-ip-app-os-cha": 0,
          "AverageAttributedRatio-dev-os-cha": 0,
          "AverageAttributedRatio-ip-dev-os-cha": 0,
          "AverageAttributedRatio-app-dev-os-cha": 0,
          "AverageAttributedRatio-ip-app-dev-os-cha": 0,
          "KomakiLDA5NoDevice-ip-app-0": 1,
          "KomakiLDA5NoDevice-ip-app-1": 2,
          "KomakiLDA5NoDevice-ip-app-2": 0,
          "KomakiLDA5NoDevice-ip-app-3": 0,
          "KomakiLDA5NoDevice-ip-app-4": 0,
          "KomakiLDA5NoDevice-ip-os-0": 0,
          "KomakiLDA5NoDevice-ip-os-1": 0,
          "KomakiLDA5NoDevice-ip-os-2": 1,
          "KomakiLDA5NoDevice-ip-os-3": 0,
          "KomakiLDA5NoDevice-ip-os-4": 0,
          "KomakiLDA5NoDevice-ip-channel-0": 0,
          "KomakiLDA5NoDevice-ip-channel-1": 0,
          "KomakiLDA5NoDevice-ip-channel-2": 0,
          "KomakiLDA5NoDevice-ip-channel-3": 1,
          "KomakiLDA5NoDevice-ip-channel-4": 0,
          "KomakiLDA5NoDevice-app-ip-0": 0,
          "KomakiLDA5NoDevice-app-ip-1": 0,
          "KomakiLDA5NoDevice-app-ip-2": 0,
          "KomakiLDA5NoDevice-app-ip-3": 1,
          "KomakiLDA5NoDevice-app-ip-4": 0,
          "KomakiLDA5NoDevice-app-os-0": 0,
          "KomakiLDA5NoDevice-app-os-1": 0,
          "KomakiLDA5NoDevice-app-os-2": 1,
          "KomakiLDA5NoDevice-app-os-3": 0,
          "KomakiLDA5NoDevice-app-os-4": 2,
          "KomakiLDA5NoDevice-app-channel-0": 0,
          "KomakiLDA5NoDevice-app-channel-1": 0,
          "KomakiLDA5NoDevice-app-channel-2": 0,
          "KomakiLDA5NoDevice-app-channel-3": 0,
          "KomakiLDA5NoDevice-app-channel-4": 1,
          "KomakiLDA5NoDevice-os-ip-0": 0,
          "KomakiLDA5NoDevice-os-ip-1": 0,
          "KomakiLDA5NoDevice-os-ip-2": 0,
          "KomakiLDA5NoDevice-os-ip-3": 0,
          "KomakiLDA5NoDevice-os-ip-4": 0,
          "KomakiLDA5NoDevice-os-app-0": 0,
          "KomakiLDA5NoDevice-os-app-1": 0,
          "KomakiLDA5NoDevice-os-app-2": 0,
          "KomakiLDA5NoDevice-os-app-3": 0,
          "KomakiLDA5NoDevice-os-app-4": 0,
          "KomakiLDA5NoDevice-os-channel-0": 0,
          "KomakiLDA5NoDevice-os-channel-1": 1,
          "KomakiLDA5NoDevice-os-channel-2": 0,
          "KomakiLDA5NoDevice-os-channel-3": 0,
          "KomakiLDA5NoDevice-os-channel-4": 0,
          "KomakiLDA5NoDevice-channel-ip-0": 0,
          "KomakiLDA5NoDevice-channel-ip-1": 0,
          "KomakiLDA5NoDevice-channel-ip-2": 0,
          "KomakiLDA5NoDevice-channel-ip-3": 0,
          "KomakiLDA5NoDevice-channel-ip-4": 0,
          "KomakiLDA5NoDevice-channel-app-0": 0,
          "KomakiLDA5NoDevice-channel-app-1": 0,
          "KomakiLDA5NoDevice-channel-app-2": 0,
          "KomakiLDA5NoDevice-channel-app-3": 0,
          "KomakiLDA5NoDevice-channel-app-4": 1,
          "KomakiLDA5NoDevice-channel-os-0": 0,
          "KomakiLDA5NoDevice-channel-os-1": 0,
          "KomakiLDA5NoDevice-channel-os-2": 0,
          "KomakiLDA5NoDevice-channel-os-3": 0,
          "KomakiLDA5NoDevice-channel-os-4": 0,
          "KomakiNMF5NoDevice-ip-app-0": 0,
          "KomakiNMF5NoDevice-ip-app-1": 0,
          "KomakiNMF5NoDevice-ip-app-2": 0,
          "KomakiNMF5NoDevice-ip-app-3": 0,
          "KomakiNMF5NoDevice-ip-app-4": 1,
          "KomakiNMF5NoDevice-ip-os-0": 1,
          "KomakiNMF5NoDevice-ip-os-1": 0,
          "KomakiNMF5NoDevice-ip-os-2": 0,
          "KomakiNMF5NoDevice-ip-os-3": 2,
          "KomakiNMF5NoDevice-ip-os-4": 0,
          "KomakiNMF5NoDevice-ip-channel-0": 0,
          "KomakiNMF5NoDevice-ip-channel-1": 0,
          "KomakiNMF5NoDevice-ip-channel-2": 0,
          "KomakiNMF5NoDevice-ip-channel-3": 0,
          "KomakiNMF5NoDevice-ip-channel-4": 0,
          "KomakiNMF5NoDevice-app-ip-0": 2,
          "KomakiNMF5NoDevice-app-ip-1": 0,
          "KomakiNMF5NoDevice-app-ip-2": 1,
          "KomakiNMF5NoDevice-app-ip-3": 0,
          "KomakiNMF5NoDevice-app-ip-4": 1,
          "KomakiNMF5NoDevice-app-os-0": 0,
          "KomakiNMF5NoDevice-app-os-1": 1,
          "KomakiNMF5NoDevice-app-os-2": 0,
          "KomakiNMF5NoDevice-app-os-3": 0,
          "KomakiNMF5NoDevice-app-os-4": 0,
          "KomakiNMF5NoDevice-app-channel-0": 0,
          "KomakiNMF5NoDevice-app-channel-1": 0,
          "KomakiNMF5NoDevice-app-channel-2": 0,
          "KomakiNMF5NoDevice-app-channel-3": 0,
          "KomakiNMF5NoDevice-app-channel-4": 0,
          "KomakiNMF5NoDevice-os-ip-0": 0,
          "KomakiNMF5NoDevice-os-ip-1": 0,
          "KomakiNMF5NoDevice-os-ip-2": 0,
          "KomakiNMF5NoDevice-os-ip-3": 0,
          "KomakiNMF5NoDevice-os-ip-4": 0,
          "KomakiNMF5NoDevice-os-app-0": 0,
          "KomakiNMF5NoDevice-os-app-1": 0,
          "KomakiNMF5NoDevice-os-app-2": 0,
          "KomakiNMF5NoDevice-os-app-3": 0,
          "KomakiNMF5NoDevice-os-app-4": 0,
          "KomakiNMF5NoDevice-os-channel-0": 0,
          "KomakiNMF5NoDevice-os-channel-1": 0,
          "KomakiNMF5NoDevice-os-channel-2": 0,
          "KomakiNMF5NoDevice-os-channel-3": 1,
          "KomakiNMF5NoDevice-os-channel-4": 0,
          "KomakiNMF5NoDevice-channel-ip-0": 1,
          "KomakiNMF5NoDevice-channel-ip-1": 0,
          "KomakiNMF5NoDevice-channel-ip-2": 0,
          "KomakiNMF5NoDevice-channel-ip-3": 0,
          "KomakiNMF5NoDevice-channel-ip-4": 1,
          "KomakiNMF5NoDevice-channel-app-0": 0,
          "KomakiNMF5NoDevice-channel-app-1": 0,
          "KomakiNMF5NoDevice-channel-app-2": 0,
          "KomakiNMF5NoDevice-channel-app-3": 0,
          "KomakiNMF5NoDevice-channel-app-4": 0,
          "KomakiNMF5NoDevice-channel-os-0": 0,
          "KomakiNMF5NoDevice-channel-os-1": 1,
          "KomakiNMF5NoDevice-channel-os-2": 0,
          "KomakiNMF5NoDevice-channel-os-3": 1,
          "KomakiNMF5NoDevice-channel-os-4": 0,
          "KomakiPCA5NoDevice-ip-app-0": 4,
          "KomakiPCA5NoDevice-ip-app-1": 0,
          "KomakiPCA5NoDevice-ip-app-2": 1,
          "KomakiPCA5NoDevice-ip-app-3": 0,
          "KomakiPCA5NoDevice-ip-app-4": 1,
          "KomakiPCA5NoDevice-ip-os-0": 0,
          "KomakiPCA5NoDevice-ip-os-1": 1,
          "KomakiPCA5NoDevice-ip-os-2": 0,
          "KomakiPCA5NoDevice-ip-os-3": 1,
          "KomakiPCA5NoDevice-ip-os-4": 0,
          "KomakiPCA5NoDevice-ip-channel-0": 1,
          "KomakiPCA5NoDevice-ip-channel-1": 0,
          "KomakiPCA5NoDevice-ip-channel-2": 0,
          "KomakiPCA5NoDevice-ip-channel-3": 0,
          "KomakiPCA5NoDevice-ip-channel-4": 2,
          "KomakiPCA5NoDevice-app-ip-0": 0,
          "KomakiPCA5NoDevice-app-ip-1": 1,
          "KomakiPCA5NoDevice-app-ip-2": 0,
          "KomakiPCA5NoDevice-app-ip-3": 0,
          "KomakiPCA5NoDevice-app-ip-4": 1,
          "KomakiPCA5NoDevice-app-os-0": 0,
          "KomakiPCA5NoDevice-app-os-1": 1,
          "KomakiPCA5NoDevice-app-os-2": 0,
          "KomakiPCA5NoDevice-app-os-3": 0,
          "KomakiPCA5NoDevice-app-os-4": 0,
          "KomakiPCA5NoDevice-app-channel-0": 1,
          "KomakiPCA5NoDevice-app-channel-1": 0,
          "KomakiPCA5NoDevice-app-channel-2": 1,
          "KomakiPCA5NoDevice-app-channel-3": 0,
          "KomakiPCA5NoDevice-app-channel-4": 0,
          "KomakiPCA5NoDevice-os-ip-0": 0,
          "KomakiPCA5NoDevice-os-ip-1": 1,
          "KomakiPCA5NoDevice-os-ip-2": 1,
          "KomakiPCA5NoDevice-os-ip-3": 0,
          "KomakiPCA5NoDevice-os-ip-4": 0,
          "KomakiPCA5NoDevice-os-app-0": 0,
          "KomakiPCA5NoDevice-os-app-1": 0,
          "KomakiPCA5NoDevice-os-app-2": 0,
          "KomakiPCA5NoDevice-os-app-3": 0,
          "KomakiPCA5NoDevice-os-app-4": 0,
          "KomakiPCA5NoDevice-os-channel-0": 0,
          "KomakiPCA5NoDevice-os-channel-1": 0,
          "KomakiPCA5NoDevice-os-channel-2": 0,
          "KomakiPCA5NoDevice-os-channel-3": 0,
          "KomakiPCA5NoDevice-os-channel-4": 0,
          "KomakiPCA5NoDevice-channel-ip-0": 0,
          "KomakiPCA5NoDevice-channel-ip-1": 0,
          "KomakiPCA5NoDevice-channel-ip-2": 0,
          "KomakiPCA5NoDevice-channel-ip-3": 0,
          "KomakiPCA5NoDevice-channel-ip-4": 1,
          "KomakiPCA5NoDevice-channel-app-0": 0,
          "KomakiPCA5NoDevice-channel-app-1": 0,
          "KomakiPCA5NoDevice-channel-app-2": 0,
          "KomakiPCA5NoDevice-channel-app-3": 1,
          "KomakiPCA5NoDevice-channel-app-4": 0,
          "KomakiPCA5NoDevice-channel-os-0": 0,
          "KomakiPCA5NoDevice-channel-os-1": 0,
          "KomakiPCA5NoDevice-channel-os-2": 0,
          "KomakiPCA5NoDevice-channel-os-3": 1,
          "KomakiPCA5NoDevice-channel-os-4": 0
        }
      },
      {
        "train_auc": 0.9930230279274865,
        "valid_auc": 0.9341666666666667,
        "best_iteration": 18,
        "train_time": 1.113530158996582,
        "feature_importance": {
          "app": 0,
          "hour": 0,
          "n_channels": 0,
          "ip_app_count": 1,
          "ip_app_os_count": 0,
          "FutureClickCount_600-ip": 0,
          "FutureClickCount_600-app": 4,
          "FutureClickCount_600-ip-app": 0,
          "FutureClickCount_600-dev": 2,
          "FutureClickCount_600-ip-dev": 0,
          "FutureClickCount_600-app-dev": 1,
          "FutureClickCount_600-ip-app-dev": 0,
          "FutureClickCount_600-os": 4,
          "FutureClickCount_600-ip-os": 0,
          "FutureClickCount_600-app-os": 2,
          "FutureClickCount_600-ip-app-os": 0,
          "FutureClickCount_600-dev-os": 2,
          "FutureClickCount_600-ip-dev-os": 0,
          "FutureClickCount_600-app-dev-os": 0,
          "FutureClickCount_600-ip-app-dev-os": 0,
          "FutureClickCount_600-cha": 0,
          "FutureClickCount_600-ip-cha": 0,
          "FutureClickCount_600-app-cha": 1,
          "FutureClickCount_600-ip-app-cha": 0,
          "FutureClickCount_600-dev-cha": 0,
          "FutureClickCount_600-ip-dev-cha": 0,
          "FutureClickCount_600-app-dev-cha": 0,
          "FutureClickCount_600-ip-app-dev-cha": 0,
          "FutureClickCount_600-os-cha": 0,
          "FutureClickCount_600-ip-os-cha": 0,
          "FutureClickCount_600-app-os-cha": 1,
          "FutureClickCount_600-ip-app-os-cha": 0,
          "FutureClickCount_600-dev-os-cha": 1,
          "FutureClickCount_600-ip-dev-os-cha": 0,
          "FutureClickCount_600-app-dev-os-cha": 0,
          "FutureClickCount_600-ip-app-dev-os-cha": 0,
          "FutureClickCount_4800-ip": 0,
          "FutureClickCount_4800-app": 0,
          "FutureClickCount_4800-ip-app": 0,
          "FutureClickCount_4800-dev": 3,
          "FutureClickCount_4800-ip-dev": 0,
          "FutureClickCount_4800-app-dev": 1,
          "FutureClickCount_4800-ip-app-dev": 0,
          "FutureClickCount_4800-os": 0,
          "FutureClickCount_4800-ip-os": 0,
          "FutureClickCount_4800-app-os": 0,
          "FutureClickCount_4800-ip-app-os": 0,
          "FutureClickCount_4800-dev-os": 5,
          "FutureClickCount_4800-ip-dev-os": 0,
          "FutureClickCount_4800-app-dev-os": 1,
          "FutureClickCount_4800-ip-app-dev-os": 0,
          "FutureClickCount_4800-cha": 2,
          "FutureClickCount_4800-ip-cha": 0,
          "FutureClickCount_4800-app-cha": 4,
          "FutureClickCount_4800-ip-app-cha": 0,
          "FutureClickCount_4800-dev-cha": 1,
          "FutureClickCount_4800-ip-dev-cha": 0,
          "FutureClickCount_4800-app-dev-cha": 4,
          "FutureClickCount_4800-ip-app-dev-cha": 0,
          "FutureClickCount_4800-os-cha": 1,
          "FutureClickCount_4800-ip-os-cha": 0,
          "FutureClickCount_4800-app-os-cha": 1,
          "FutureClickCount_4800-ip-app-os-cha": 0,
          "FutureClickCount_4800-dev-os-cha": 1,
          "FutureClickCount_4800-ip-dev-os-cha": 0,
          "FutureClickCount_4800-app-dev-os-cha": 1,
          "FutureClickCount_4800-ip-app-dev-os-cha": 0,
          "NextClickTimeDelta-ip": 0,
          "NextClickTimeDelta-app": 5,
          "NextClickTimeDelta-ip-app": 0,
          "NextClickTimeDelta-dev": 1,
          "NextClickTimeDelta-ip-dev": 2,
          "NextClickTimeDelta-app-dev": 2,
          "NextClickTimeDelta-ip-app-dev": 0,
          "NextClickTimeDelta-os": 3,
          "NextClickTimeDelta-ip-os": 5,
          "NextClickTimeDelta-app-os": 1,
          "NextClickTimeDelta-ip-app-os": 0,
          "NextClickTimeDelta-dev-os": 0,
          "NextClickTimeDelta-ip-dev-os": 6,
          "NextClickTimeDelta-app-dev-os": 2,
          "NextClickTimeDelta-ip-app-dev-os": 0,
          "NextClickTimeDelta-cha": 13,
          "NextClickTimeDelta-ip-cha": 0,
          "NextClickTimeDelta-app-cha": 1,
          "NextClickTimeDelta-ip-app-cha": 0,
          "NextClickTimeDelta-dev-cha": 4,
          "NextClickTimeDelta-ip-dev-cha": 0,
          "NextClickTimeDelta-app-dev-cha": 2,
          "NextClickTimeDelta-ip-app-dev-cha": 0,
          "NextClickTimeDelta-os-cha": 1,
          "NextClickTimeDelta-ip-os-cha": 0,
          "NextClickTimeDelta-app-os-cha": 0,
          "NextClickTimeDelta-ip-app-os-cha": 0,
          "NextClickTimeDelta-dev-os-cha": 1,
          "NextClickTimeDelta-ip-dev-os-cha": 0,
          "NextClickTimeDelta-app-dev-os-cha": 2,
          "NextClickTimeDelta-ip-app-dev-os-cha": 0,
          "PrevClickTimeDelta-ip": 2,
          "PrevClickTimeDelta-app": 3,
          "PrevClickTimeDelta-ip-app": 0,
          "PrevClickTimeDelta-dev": 1,
          "PrevClickTimeDelta-ip-dev": 0,
          "PrevClickTimeDelta-app-dev": 6,
          "PrevClickTimeDelta-ip-app-dev": 0,
          "PrevClickTimeDelta-os": 2,
          "PrevClickTimeDelta-ip-os": 1,
          "PrevClickTimeDelta-app-os": 8,
          "PrevClickTimeDelta-ip-app-os": 0,
          "PrevClickTimeDelta-dev-os": 1,
          "PrevClickTimeDelta-ip-dev-os": 0,
          "PrevClickTimeDelta-app-dev-os": 3,
          "PrevClickTimeDelta-ip-app-dev-os": 0,
          "PrevClickTimeDelta-cha": 7,
          "PrevClickTimeDelta-ip-cha": 1,
          "PrevClickTimeDelta-app-cha": 4,
          "PrevClickTimeDelta-ip-app-cha": 0,
          "PrevClickTimeDelta-dev-cha": 7,
          "PrevClickTimeDelta-ip-dev-cha": 0,
          "PrevClickTimeDelta-app-dev-cha": 5,
          "PrevClickTimeDelta-ip-app-dev-cha": 0,
          "PrevClickTimeDelta-os-cha": 4,
          "PrevClickTimeDelta-ip-os-cha": 0,
          "PrevClickTimeDelta-app-os-cha": 1,
          "PrevClickTimeDelta-ip-app-os-cha": 0,
          "PrevClickTimeDelta-dev-os-cha": 0,
          "PrevClickTimeDelta-ip-dev-os-cha": 0,
          "PrevClickTimeDelta-app-dev-os-cha": 3,
          "PrevClickTimeDelta-ip-app-dev-os-cha": 0,
          "AverageAttributedRatio-ip": 0,
          "AverageAttributedRatio-app": 8,
          "AverageAttributedRatio-ip-app": 0,
          "AverageAttributedRatio-dev": 2,
          "AverageAttributedRatio-ip-dev": 0,
          "AverageAttributedRatio-app-dev": 7,
          "AverageAttributedRatio-ip-app-dev": 0,
          "AverageAttributedRatio-os": 1,
          "AverageAttributedRatio-ip-os": 0,
          "AverageAttributedRatio-app-os": 2,
          "AverageAttributedRatio-ip-app-os": 0,
          "AverageAttributedRatio-dev-os": 1,
          "AverageAttributedRatio-ip-dev-os": 0,
          "AverageAttributedRatio-app-dev-os": 0,
          "AverageAttributedRatio-ip-app-dev-os": 0,
          "AverageAttributedRatio-cha": 0,
          "AverageAttributedRatio-ip-cha": 0,
          "AverageAttributedRatio-app-cha": 0,
          "AverageAttributedRatio-ip-app-cha": 0,
          "AverageAttributedRatio-dev-cha": 0,
          "AverageAttributedRatio-ip-dev-cha": 0,
          "AverageAttributedRatio-app-dev-cha": 0,
          "AverageAttributedRatio-ip-app-dev-cha": 0,
          "AverageAttributedRatio-os-cha": 0,
          "AverageAttributedRatio-ip-os-cha": 0,
          "AverageAttributedRatio-app-os-cha": 0,
          "AverageAttributedRatio-ip-app-os-cha": 0,
          "AverageAttributedRatio-dev-os-cha": 0,
          "AverageAttributedRatio-ip-dev-os-cha": 0,
          "AverageAttributedRatio-app-dev-os-cha": 0,
          "AverageAttributedRatio-ip-app-dev-os-cha": 0,
          "KomakiLDA5NoDevice-ip-app-0": 4,
          "KomakiLDA5NoDevice-ip-app-1": 14,
          "KomakiLDA5NoDevice-ip-app-2": 7,
          "KomakiLDA5NoDevice-ip-app-3": 1,
          "KomakiLDA5NoDevice-ip-app-4": 6,
          "KomakiLDA5NoDevice-ip-os-0": 3,
          "KomakiLDA5NoDevice-ip-os-1": 3,
          "KomakiLDA5NoDevice-ip-os-2": 3,
          "KomakiLDA5NoDevice-ip-os-3": 1,
          "KomakiLDA5NoDevice-ip-os-4": 3,
          "KomakiLDA5NoDevice-ip-channel-0": 0,
          "KomakiLDA5NoDevice-ip-channel-1": 4,
          "KomakiLDA5NoDevice-ip-channel-2": 2,
          "KomakiLDA5NoDevice-ip-channel-3": 3,
          "KomakiLDA5NoDevice-ip-channel-4": 3,
          "KomakiLDA5NoDevice-app-ip-0": 7,
          "KomakiLDA5NoDevice-app-ip-1": 1,
          "KomakiLDA5NoDevice-app-ip-2": 1,
          "KomakiLDA5NoDevice-app-ip-3": 1,
          "KomakiLDA5NoDevice-app-ip-4": 0,
          "KomakiLDA5NoDevice-app-os-0": 1,
          "KomakiLDA5NoDevice-app-os-1": 0,
          "KomakiLDA5NoDevice-app-os-2": 2,
          "KomakiLDA5NoDevice-app-os-3": 0,
          "KomakiLDA5NoDevice-app-os-4": 0,
          "KomakiLDA5NoDevice-app-channel-0": 1,
          "KomakiLDA5NoDevice-app-channel-1": 1,
          "KomakiLDA5NoDevice-app-channel-2": 0,
          "KomakiLDA5NoDevice-app-channel-3": 0,
          "KomakiLDA5NoDevice-app-channel-4": 0,
          "KomakiLDA5NoDevice-os-ip-0": 1,
          "KomakiLDA5NoDevice-os-ip-1": 2,
          "KomakiLDA5NoDevice-os-ip-2": 1,
          "KomakiLDA5NoDevice-os-ip-3": 1,
          "KomakiLDA5NoDevice-os-ip-4": 1,
          "KomakiLDA5NoDevice-os-app-0": 0,
          "KomakiLDA5NoDevice-os-app-1": 0,
          "KomakiLDA5NoDevice-os-app-2": 0,
          "KomakiLDA5NoDevice-os-app-3": 0,
          "KomakiLDA5NoDevice-os-app-4": 0,
          "KomakiLDA5NoDevice-os-channel-0": 1,
          "KomakiLDA5NoDevice-os-channel-1": 1,
          "KomakiLDA5NoDevice-os-channel-2": 0,
          "KomakiLDA5NoDevice-os-channel-3": 1,
          "KomakiLDA5NoDevice-os-channel-4": 3,
          "KomakiLDA5NoDevice-channel-ip-0": 1,
          "KomakiLDA5NoDevice-channel-ip-1": 1,
          "KomakiLDA5NoDevice-channel-ip-2": 0,
          "KomakiLDA5NoDevice-channel-ip-3": 0,
          "KomakiLDA5NoDevice-channel-ip-4": 0,
          "KomakiLDA5NoDevice-channel-app-0": 1,
          "KomakiLDA5NoDevice-channel-app-1": 0,
          "KomakiLDA5NoDevice-channel-app-2": 1,
          "KomakiLDA5NoDevice-channel-app-3": 6,
          "KomakiLDA5NoDevice-channel-app-4": 1,
          "KomakiLDA5NoDevice-channel-os-0": 1,
          "KomakiLDA5NoDevice-channel-os-1": 1,
          "KomakiLDA5NoDevice-channel-os-2": 3,
          "KomakiLDA5NoDevice-channel-os-3": 0,
          "KomakiLDA5NoDevice-channel-os-4": 0,
          "KomakiNMF5NoDevice-ip-app-0": 3,
          "KomakiNMF5NoDevice-ip-app-1": 2,
          "KomakiNMF5NoDevice-ip-app-2": 2,
          "KomakiNMF5NoDevice-ip-app-3": 0,
          "KomakiNMF5NoDevice-ip-app-4": 6,
          "KomakiNMF5NoDevice-ip-os-0": 4,
          "KomakiNMF5NoDevice-ip-os-1": 3,
          "KomakiNMF5NoDevice-ip-os-2": 3,
          "KomakiNMF5NoDevice-ip-os-3": 3,
          "KomakiNMF5NoDevice-ip-os-4": 5,
          "KomakiNMF5NoDevice-ip-channel-0": 8,
          "KomakiNMF5NoDevice-ip-channel-1": 2,
          "KomakiNMF5NoDevice-ip-channel-2": 2,
          "KomakiNMF5NoDevice-ip-channel-3": 5,
          "KomakiNMF5NoDevice-ip-channel-4": 2,
          "KomakiNMF5NoDevice-app-ip-0": 10,
          "KomakiNMF5NoDevice-app-ip-1": 0,
          "KomakiNMF5NoDevice-app-ip-2": 0,
          "KomakiNMF5NoDevice-app-ip-3": 0,
          "KomakiNMF5NoDevice-app-ip-4": 6,
          "KomakiNMF5NoDevice-app-os-0": 0,
          "KomakiNMF5NoDevice-app-os-1": 0,
          "KomakiNMF5NoDevice-app-os-2": 2,
          "KomakiNMF5NoDevice-app-os-3": 1,
          "KomakiNMF5NoDevice-app-os-4": 2,
          "KomakiNMF5NoDevice-app-channel-0": 0,
          "KomakiNMF5NoDevice-app-channel-1": 1,
          "KomakiNMF5NoDevice-app-channel-2": 0,
          "KomakiNMF5NoDevice-app-channel-3": 0,
          "KomakiNMF5NoDevice-app-channel-4": 2,
          "KomakiNMF5NoDevice-os-ip-0": 0,
          "KomakiNMF5NoDevice-os-ip-1": 2,
          "KomakiNMF5NoDevice-os-ip-2": 2,
          "KomakiNMF5NoDevice-os-ip-3": 0,
          "KomakiNMF5NoDevice-os-ip-4": 0,
          "KomakiNMF5NoDevice-os-app-0": 0,
          "KomakiNMF5NoDevice-os-app-1": 0,
          "KomakiNMF5NoDevice-os-app-2": 1,
          "KomakiNMF5NoDevice-os-app-3": 0,
          "KomakiNMF5NoDevice-os-app-4": 0,
          "KomakiNMF5NoDevice-os-channel-0": 2,
          "KomakiNMF5NoDevice-os-channel-1": 0,
          "KomakiNMF5NoDevice-os-channel-2": 0,
          "KomakiNMF5NoDevice-os-channel-3": 0,
          "KomakiNMF5NoDevice-os-channel-4": 1,
          "KomakiNMF5NoDevice-channel-ip-0": 4,
          "KomakiNMF5NoDevice-channel-ip-1": 0,
          "KomakiNMF5NoDevice-channel-ip-2": 4,
          "KomakiNMF5NoDevice-channel-ip-3": 1,
          "KomakiNMF5NoDevice-channel-ip-4": 2,
          "KomakiNMF5NoDevice-channel-app-0": 0,
          "KomakiNMF5NoDevice-channel-app-1": 0,
          "KomakiNMF5NoDevice-channel-app-2": 0,
          "KomakiNMF5NoDevice-channel-app-3": 1,
          "KomakiNMF5NoDevice-channel-app-4": 0,
          "KomakiNMF5NoDevice-channel-os-0": 2,
          "KomakiNMF5NoDevice-channel-os-1": 0,
          "KomakiNMF5NoDevice-channel-os-2": 0,
          "KomakiNMF5NoDevice-channel-os-3": 2,
          "KomakiNMF5NoDevice-channel-os-4": 1,
          "KomakiPCA5NoDevice-ip-app-0": 16,
          "KomakiPCA5NoDevice-ip-app-1": 2,
          "KomakiPCA5NoDevice-ip-app-2": 2,
          "KomakiPCA5NoDevice-ip-app-3": 1,
          "KomakiPCA5NoDevice-ip-app-4": 2,
          "KomakiPCA5NoDevice-ip-os-0": 4,
          "KomakiPCA5NoDevice-ip-os-1": 8,
          "KomakiPCA5NoDevice-ip-os-2": 1,
          "KomakiPCA5NoDevice-ip-os-3": 2,
          "KomakiPCA5NoDevice-ip-os-4": 1,
          "KomakiPCA5NoDevice-ip-channel-0": 4,
          "KomakiPCA5NoDevice-ip-channel-1": 7,
          "KomakiPCA5NoDevice-ip-channel-2": 6,
          "KomakiPCA5NoDevice-ip-channel-3": 8,
          "KomakiPCA5NoDevice-ip-channel-4": 3,
          "KomakiPCA5NoDevice-app-ip-0": 1,
          "KomakiPCA5NoDevice-app-ip-1": 0,
          "KomakiPCA5NoDevice-app-ip-2": 1,
          "KomakiPCA5NoDevice-app-ip-3": 10,
          "KomakiPCA5NoDevice-app-ip-4": 3,
          "KomakiPCA5NoDevice-app-os-0": 0,
          "KomakiPCA5NoDevice-app-os-1": 5,
          "KomakiPCA5NoDevice-app-os-2": 1,
          "KomakiPCA5NoDevice-app-os-3": 3,
          "KomakiPCA5NoDevice-app-os-4": 0,
          "KomakiPCA5NoDevice-app-channel-0": 2,
          "KomakiPCA5NoDevice-app-channel-1": 1,
          "KomakiPCA5NoDevice-app-channel-2": 1,
          "KomakiPCA5NoDevice-app-channel-3": 0,
          "KomakiPCA5NoDevice-app-channel-4": 1,
          "KomakiPCA5NoDevice-os-ip-0": 0,
          "KomakiPCA5NoDevice-os-ip-1": 6,
          "KomakiPCA5NoDevice-os-ip-2": 1,
          "KomakiPCA5NoDevice-os-ip-3": 0,
          "KomakiPCA5NoDevice-os-ip-4": 0,
          "KomakiPCA5NoDevice-os-app-0": 0,
          "KomakiPCA5NoDevice-os-app-1": 1,
          "KomakiPCA5NoDevice-os-app-2": 1,
          "KomakiPCA5NoDevice-os-app-3": 1,
          "KomakiPCA5NoDevice-os-app-4": 1,
          "KomakiPCA5NoDevice-os-channel-0": 0,
          "KomakiPCA5NoDevice-os-channel-1": 0,
          "KomakiPCA5NoDevice-os-channel-2": 0,
          "KomakiPCA5NoDevice-os-channel-3": 0,
          "KomakiPCA5NoDevice-os-channel-4": 0,
          "KomakiPCA5NoDevice-channel-ip-0": 0,
          "KomakiPCA5NoDevice-channel-ip-1": 1,
          "KomakiPCA5NoDevice-channel-ip-2": 1,
          "KomakiPCA5NoDevice-channel-ip-3": 0,
          "KomakiPCA5NoDevice-channel-ip-4": 2,
          "KomakiPCA5NoDevice-channel-app-0": 2,
          "KomakiPCA5NoDevice-channel-app-1": 0,
          "KomakiPCA5NoDevice-channel-app-2": 0,
          "KomakiPCA5NoDevice-channel-app-3": 0,
          "KomakiPCA5NoDevice-channel-app-4": 4,
          "KomakiPCA5NoDevice-channel-os-0": 1,
          "KomakiPCA5NoDevice-channel-os-1": 1,
          "KomakiPCA5NoDevice-channel-os-2": 2,
          "KomakiPCA5NoDevice-channel-os-3": 1,
          "KomakiPCA5NoDevice-channel-os-4": 0
        }
      }
    ],
    "average_train_auc": 0.993093262488031,
    "average_valid_auc": 0.9511310639046489,
    "train_auc_std": 0.0027638381223828983,
    "valid_auc_std": 0.010217655509837517,
    "average_train_time": 1.2826279163360597
  },
  "config": {
    "features": [
      "app",
      "hour",
      "count",
      "future_click_count_10",
      "future_click_count_80",
      "next_click_time_delta",
      "prev_click_time_delta",
      "average_attributed_ratio",
      "komaki_lda_5_no_device",
      "komaki_nmf_5_no_device",
      "komaki_pca_5_no_device"
    ],
    "model": {
      "name": "lightgbm",
      "model_params": {
        "boosting_type": "gbdt",
        "objective": "binary",
        "metric": "auc",
        "learning_rate": 0.03,
        "num_leaves": 255,
        "max_depth": 8,
        "min_child_samples": 10,
        "max_bin": 100,
        "subsample": 0.7,
        "subsample_freq": 1,
        "colsample_bytree": 0.7,
        "min_child_weight": 0,
        "subsample_for_bin": 200000,
        "min_split_gain": 0,
        "reg_alpha": 0,
        "reg_lambda": 0,
        "verbose": 0
      },
      "train_params": {
        "num_boost_round": 1000,
        "early_stopping_rounds": 30
      }
    },
    "dataset": {
      "input_directory": "data/input/",
      "cache_directory": "data/working/",
      "files": {
        "train": "train.feather.small",
        "test": "old_test.feather.small"
      },
      "negative_down_sampling": {
        "enabled": true,
        "bagging_size": 5,
        "random_state": 114514
      }
    },
    "test_hours": {
      "filter_validation": true,
      "higher_train_weight": false
    },
    "note": "47 + test hours-based validation dataset filtering"
  }
}