{
  "training": {
    "trials": [
      {
        "train_auc": 0.9879789097872466,
        "valid_auc": 0.9846117508580658,
        "best_iteration": 166,
        "train_time": 1643.6947207450867,
        "prediction_time": {
          "test": 172.22247433662415,
          "valid": 4.76837158203125e-07
        },
        "feature_importance": {
          "ip": 968,
          "os": 429,
          "app": 535,
          "channel": 894,
          "device": 104,
          "hour": 604,
          "n_channels": 445,
          "ip_app_count": 258,
          "ip_app_os_count": 96,
          "FutureClickCount_600-ip": 269,
          "FutureClickCount_600-app": 193,
          "FutureClickCount_600-ip-app": 84,
          "FutureClickCount_600-dev": 69,
          "FutureClickCount_600-ip-dev": 177,
          "FutureClickCount_600-app-dev": 192,
          "FutureClickCount_600-ip-app-dev": 47,
          "FutureClickCount_600-os": 170,
          "FutureClickCount_600-ip-os": 117,
          "FutureClickCount_600-app-os": 145,
          "FutureClickCount_600-ip-app-os": 106,
          "FutureClickCount_600-dev-os": 281,
          "FutureClickCount_600-ip-dev-os": 141,
          "FutureClickCount_600-app-dev-os": 211,
          "FutureClickCount_600-ip-app-dev-os": 174,
          "FutureClickCount_600-cha": 146,
          "FutureClickCount_600-ip-cha": 38,
          "FutureClickCount_600-app-cha": 215,
          "FutureClickCount_600-ip-app-cha": 30,
          "FutureClickCount_600-dev-cha": 138,
          "FutureClickCount_600-ip-dev-cha": 29,
          "FutureClickCount_600-app-dev-cha": 146,
          "FutureClickCount_600-ip-app-dev-cha": 20,
          "FutureClickCount_600-os-cha": 84,
          "FutureClickCount_600-ip-os-cha": 28,
          "FutureClickCount_600-app-os-cha": 101,
          "FutureClickCount_600-ip-app-os-cha": 43,
          "FutureClickCount_600-dev-os-cha": 102,
          "FutureClickCount_600-ip-dev-os-cha": 35,
          "FutureClickCount_600-app-dev-os-cha": 123,
          "FutureClickCount_600-ip-app-dev-os-cha": 56,
          "FutureClickCount_4800-ip": 398,
          "FutureClickCount_4800-app": 125,
          "FutureClickCount_4800-ip-app": 146,
          "FutureClickCount_4800-dev": 44,
          "FutureClickCount_4800-ip-dev": 313,
          "FutureClickCount_4800-app-dev": 105,
          "FutureClickCount_4800-ip-app-dev": 97,
          "FutureClickCount_4800-os": 74,
          "FutureClickCount_4800-ip-os": 146,
          "FutureClickCount_4800-app-os": 118,
          "FutureClickCount_4800-ip-app-os": 105,
          "FutureClickCount_4800-dev-os": 107,
          "FutureClickCount_4800-ip-dev-os": 175,
          "FutureClickCount_4800-app-dev-os": 168,
          "FutureClickCount_4800-ip-app-dev-os": 205,
          "FutureClickCount_4800-cha": 115,
          "FutureClickCount_4800-ip-cha": 85,
          "FutureClickCount_4800-app-cha": 230,
          "FutureClickCount_4800-ip-app-cha": 68,
          "FutureClickCount_4800-dev-cha": 108,
          "FutureClickCount_4800-ip-dev-cha": 64,
          "FutureClickCount_4800-app-dev-cha": 124,
          "FutureClickCount_4800-ip-app-dev-cha": 45,
          "FutureClickCount_4800-os-cha": 76,
          "FutureClickCount_4800-ip-os-cha": 40,
          "FutureClickCount_4800-app-os-cha": 111,
          "FutureClickCount_4800-ip-app-os-cha": 47,
          "FutureClickCount_4800-dev-os-cha": 115,
          "FutureClickCount_4800-ip-dev-os-cha": 42,
          "FutureClickCount_4800-app-dev-os-cha": 124,
          "FutureClickCount_4800-ip-app-dev-os-cha": 51,
          "FutureClickRatio_600-ip": 364,
          "FutureClickRatio_600-app": 83,
          "FutureClickRatio_600-ip-app": 118,
          "FutureClickRatio_600-dev": 126,
          "FutureClickRatio_600-ip-dev": 200,
          "FutureClickRatio_600-app-dev": 107,
          "FutureClickRatio_600-ip-app-dev": 107,
          "FutureClickRatio_600-os": 129,
          "FutureClickRatio_600-ip-os": 195,
          "FutureClickRatio_600-app-os": 113,
          "FutureClickRatio_600-ip-app-os": 83,
          "FutureClickRatio_600-dev-os": 129,
          "FutureClickRatio_600-ip-dev-os": 222,
          "FutureClickRatio_600-app-dev-os": 89,
          "FutureClickRatio_600-ip-app-dev-os": 170,
          "FutureClickRatio_600-cha": 96,
          "FutureClickRatio_600-ip-cha": 136,
          "FutureClickRatio_600-app-cha": 96,
          "FutureClickRatio_600-ip-app-cha": 88,
          "FutureClickRatio_600-dev-cha": 90,
          "FutureClickRatio_600-ip-dev-cha": 106,
          "FutureClickRatio_600-app-dev-cha": 100,
          "FutureClickRatio_600-ip-app-dev-cha": 86,
          "FutureClickRatio_600-os-cha": 121,
          "FutureClickRatio_600-ip-os-cha": 70,
          "FutureClickRatio_600-app-os-cha": 134,
          "FutureClickRatio_600-ip-app-os-cha": 56,
          "FutureClickRatio_600-dev-os-cha": 105,
          "FutureClickRatio_600-ip-dev-os-cha": 79,
          "FutureClickRatio_600-app-dev-os-cha": 107,
          "FutureClickRatio_600-ip-app-dev-os-cha": 78,
          "FutureClickRatio_4800-ip": 375,
          "FutureClickRatio_4800-app": 95,
          "FutureClickRatio_4800-ip-app": 111,
          "FutureClickRatio_4800-dev": 177,
          "FutureClickRatio_4800-ip-dev": 231,
          "FutureClickRatio_4800-app-dev": 108,
          "FutureClickRatio_4800-ip-app-dev": 78,
          "FutureClickRatio_4800-os": 124,
          "FutureClickRatio_4800-ip-os": 147,
          "FutureClickRatio_4800-app-os": 94,
          "FutureClickRatio_4800-ip-app-os": 117,
          "FutureClickRatio_4800-dev-os": 140,
          "FutureClickRatio_4800-ip-dev-os": 145,
          "FutureClickRatio_4800-app-dev-os": 78,
          "FutureClickRatio_4800-ip-app-dev-os": 116,
          "FutureClickRatio_4800-cha": 111,
          "FutureClickRatio_4800-ip-cha": 130,
          "FutureClickRatio_4800-app-cha": 95,
          "FutureClickRatio_4800-ip-app-cha": 74,
          "FutureClickRatio_4800-dev-cha": 67,
          "FutureClickRatio_4800-ip-dev-cha": 84,
          "FutureClickRatio_4800-app-dev-cha": 78,
          "FutureClickRatio_4800-ip-app-dev-cha": 74,
          "FutureClickRatio_4800-os-cha": 80,
          "FutureClickRatio_4800-ip-os-cha": 62,
          "FutureClickRatio_4800-app-os-cha": 112,
          "FutureClickRatio_4800-ip-app-os-cha": 59,
          "FutureClickRatio_4800-dev-os-cha": 91,
          "FutureClickRatio_4800-ip-dev-os-cha": 68,
          "FutureClickRatio_4800-app-dev-os-cha": 79,
          "FutureClickRatio_4800-ip-app-dev-os-cha": 57
        }
      }
    ],
    "average_train_auc": 0.9879789097872466,
    "average_valid_auc": 0.9846117508580658,
    "train_auc_std": 0.0,
    "valid_auc_std": 0.0,
    "average_train_time": 1643.6947207450867
  },
  "config": {
    "features": [
      "ip",
      "os",
      "app",
      "channel",
      "device",
      "hour",
      "count",
      "future_click_count_10",
      "future_click_count_80",
      "future_click_ratio_10",
      "future_click_ratio_80"
    ],
    "model": {
      "name": "lightgbm",
      "model_params": {
        "boosting_type": "gbdt",
        "objective": "binary",
        "metric": "auc",
        "learning_rate": 0.1,
        "num_leaves": 255,
        "max_depth": 8,
        "min_child_samples": 100,
        "max_bin": 100,
        "subsample": 0.7,
        "subsample_freq": 1,
        "colsample_bytree": 0.7,
        "min_child_weight": 0,
        "subsample_for_bin": 200000,
        "min_split_gain": 0,
        "reg_alpha": 0,
        "reg_lambda": 0,
        "verbose": 0
      },
      "train_params": {
        "num_boost_round": 350,
        "early_stopping_rounds": 30
      }
    },
    "dataset": {
      "input_directory": "data/input/",
      "cache_directory": "data/working/",
      "files": {
        "train": "train_0.feather",
        "valid": "valid_0.feather",
        "test_full": "old_test.feather",
        "test_submission": "test.feather"
      },
      "negative_down_sampling": {
        "enabled": true,
        "bagging_size": 1,
        "random_state": 114514
      }
    }
  }
}