{
  "training": {
    "trials": [
      {
        "train_auc": 0.9938911190518811,
        "valid_auc": 0.9846043014680714,
        "best_iteration": 519,
        "train_time": 407.25161480903625,
        "feature_importance": {
          "app": 3057,
          "hour": 2908,
          "n_channels": 860,
          "ip_app_count": 823,
          "ip_app_os_count": 1013,
          "FutureClickCount_600-ip": 488,
          "FutureClickCount_600-app": 444,
          "FutureClickCount_600-ip-app": 173,
          "FutureClickCount_600-dev": 282,
          "FutureClickCount_600-ip-dev": 489,
          "FutureClickCount_600-app-dev": 353,
          "FutureClickCount_600-ip-app-dev": 142,
          "FutureClickCount_600-os": 260,
          "FutureClickCount_600-ip-os": 406,
          "FutureClickCount_600-app-os": 440,
          "FutureClickCount_600-ip-app-os": 200,
          "FutureClickCount_600-dev-os": 581,
          "FutureClickCount_600-ip-dev-os": 339,
          "FutureClickCount_600-app-dev-os": 569,
          "FutureClickCount_600-ip-app-dev-os": 367,
          "FutureClickCount_600-cha": 408,
          "FutureClickCount_600-ip-cha": 130,
          "FutureClickCount_600-app-cha": 593,
          "FutureClickCount_600-ip-app-cha": 82,
          "FutureClickCount_600-dev-cha": 314,
          "FutureClickCount_600-ip-dev-cha": 99,
          "FutureClickCount_600-app-dev-cha": 300,
          "FutureClickCount_600-ip-app-dev-cha": 83,
          "FutureClickCount_600-os-cha": 284,
          "FutureClickCount_600-ip-os-cha": 71,
          "FutureClickCount_600-app-os-cha": 290,
          "FutureClickCount_600-ip-app-os-cha": 71,
          "FutureClickCount_600-dev-os-cha": 250,
          "FutureClickCount_600-ip-dev-os-cha": 81,
          "FutureClickCount_600-app-dev-os-cha": 285,
          "FutureClickCount_600-ip-app-dev-os-cha": 82,
          "FutureClickCount_4800-ip": 735,
          "FutureClickCount_4800-app": 316,
          "FutureClickCount_4800-ip-app": 261,
          "FutureClickCount_4800-dev": 77,
          "FutureClickCount_4800-ip-dev": 936,
          "FutureClickCount_4800-app-dev": 185,
          "FutureClickCount_4800-ip-app-dev": 221,
          "FutureClickCount_4800-os": 123,
          "FutureClickCount_4800-ip-os": 464,
          "FutureClickCount_4800-app-os": 294,
          "FutureClickCount_4800-ip-app-os": 296,
          "FutureClickCount_4800-dev-os": 184,
          "FutureClickCount_4800-ip-dev-os": 701,
          "FutureClickCount_4800-app-dev-os": 448,
          "FutureClickCount_4800-ip-app-dev-os": 367,
          "FutureClickCount_4800-cha": 273,
          "FutureClickCount_4800-ip-cha": 194,
          "FutureClickCount_4800-app-cha": 494,
          "FutureClickCount_4800-ip-app-cha": 146,
          "FutureClickCount_4800-dev-cha": 211,
          "FutureClickCount_4800-ip-dev-cha": 176,
          "FutureClickCount_4800-app-dev-cha": 240,
          "FutureClickCount_4800-ip-app-dev-cha": 125,
          "FutureClickCount_4800-os-cha": 256,
          "FutureClickCount_4800-ip-os-cha": 113,
          "FutureClickCount_4800-app-os-cha": 270,
          "FutureClickCount_4800-ip-app-os-cha": 106,
          "FutureClickCount_4800-dev-os-cha": 255,
          "FutureClickCount_4800-ip-dev-os-cha": 104,
          "FutureClickCount_4800-app-dev-os-cha": 258,
          "FutureClickCount_4800-ip-app-dev-os-cha": 113,
          "NextClickTimeDelta-ip": 614,
          "NextClickTimeDelta-app": 106,
          "NextClickTimeDelta-ip-app": 863,
          "NextClickTimeDelta-dev": 59,
          "NextClickTimeDelta-ip-dev": 434,
          "NextClickTimeDelta-app-dev": 90,
          "NextClickTimeDelta-ip-app-dev": 533,
          "NextClickTimeDelta-os": 103,
          "NextClickTimeDelta-ip-os": 545,
          "NextClickTimeDelta-app-os": 201,
          "NextClickTimeDelta-ip-app-os": 1325,
          "NextClickTimeDelta-dev-os": 84,
          "NextClickTimeDelta-ip-dev-os": 397,
          "NextClickTimeDelta-app-dev-os": 134,
          "NextClickTimeDelta-ip-app-dev-os": 2184,
          "NextClickTimeDelta-cha": 103,
          "NextClickTimeDelta-ip-cha": 462,
          "NextClickTimeDelta-app-cha": 202,
          "NextClickTimeDelta-ip-app-cha": 410,
          "NextClickTimeDelta-dev-cha": 118,
          "NextClickTimeDelta-ip-dev-cha": 286,
          "NextClickTimeDelta-app-dev-cha": 98,
          "NextClickTimeDelta-ip-app-dev-cha": 295,
          "NextClickTimeDelta-os-cha": 262,
          "NextClickTimeDelta-ip-os-cha": 346,
          "NextClickTimeDelta-app-os-cha": 246,
          "NextClickTimeDelta-ip-app-os-cha": 390,
          "NextClickTimeDelta-dev-os-cha": 180,
          "NextClickTimeDelta-ip-dev-os-cha": 273,
          "NextClickTimeDelta-app-dev-os-cha": 167,
          "NextClickTimeDelta-ip-app-dev-os-cha": 539,
          "PrevClickTimeDelta-ip": 547,
          "PrevClickTimeDelta-app": 110,
          "PrevClickTimeDelta-ip-app": 335,
          "PrevClickTimeDelta-dev": 50,
          "PrevClickTimeDelta-ip-dev": 333,
          "PrevClickTimeDelta-app-dev": 93,
          "PrevClickTimeDelta-ip-app-dev": 259,
          "PrevClickTimeDelta-os": 79,
          "PrevClickTimeDelta-ip-os": 454,
          "PrevClickTimeDelta-app-os": 182,
          "PrevClickTimeDelta-ip-app-os": 341,
          "PrevClickTimeDelta-dev-os": 83,
          "PrevClickTimeDelta-ip-dev-os": 260,
          "PrevClickTimeDelta-app-dev-os": 131,
          "PrevClickTimeDelta-ip-app-dev-os": 263,
          "PrevClickTimeDelta-cha": 100,
          "PrevClickTimeDelta-ip-cha": 303,
          "PrevClickTimeDelta-app-cha": 164,
          "PrevClickTimeDelta-ip-app-cha": 238,
          "PrevClickTimeDelta-dev-cha": 92,
          "PrevClickTimeDelta-ip-dev-cha": 200,
          "PrevClickTimeDelta-app-dev-cha": 101,
          "PrevClickTimeDelta-ip-app-dev-cha": 217,
          "PrevClickTimeDelta-os-cha": 219,
          "PrevClickTimeDelta-ip-os-cha": 222,
          "PrevClickTimeDelta-app-os-cha": 220,
          "PrevClickTimeDelta-ip-app-os-cha": 164,
          "PrevClickTimeDelta-dev-os-cha": 156,
          "PrevClickTimeDelta-ip-dev-os-cha": 145,
          "PrevClickTimeDelta-app-dev-os-cha": 179,
          "PrevClickTimeDelta-ip-app-dev-os-cha": 156,
          "AverageAttributedRatio-ip": 420,
          "AverageAttributedRatio-app": 339,
          "AverageAttributedRatio-ip-app": 311,
          "AverageAttributedRatio-dev": 589,
          "AverageAttributedRatio-ip-dev": 398,
          "AverageAttributedRatio-app-dev": 242,
          "AverageAttributedRatio-ip-app-dev": 452,
          "AverageAttributedRatio-os": 328,
          "AverageAttributedRatio-ip-os": 314,
          "AverageAttributedRatio-app-os": 349,
          "AverageAttributedRatio-ip-app-os": 125,
          "AverageAttributedRatio-dev-os": 324,
          "AverageAttributedRatio-ip-dev-os": 277,
          "AverageAttributedRatio-app-dev-os": 345,
          "AverageAttributedRatio-ip-app-dev-os": 102,
          "AverageAttributedRatio-cha": 309,
          "AverageAttributedRatio-ip-cha": 150,
          "AverageAttributedRatio-app-cha": 309,
          "AverageAttributedRatio-ip-app-cha": 133,
          "AverageAttributedRatio-dev-cha": 206,
          "AverageAttributedRatio-ip-dev-cha": 134,
          "AverageAttributedRatio-app-dev-cha": 316,
          "AverageAttributedRatio-ip-app-dev-cha": 124,
          "AverageAttributedRatio-os-cha": 302,
          "AverageAttributedRatio-ip-os-cha": 99,
          "AverageAttributedRatio-app-os-cha": 368,
          "AverageAttributedRatio-ip-app-os-cha": 66,
          "AverageAttributedRatio-dev-os-cha": 261,
          "AverageAttributedRatio-ip-dev-os-cha": 84,
          "AverageAttributedRatio-app-dev-os-cha": 387,
          "AverageAttributedRatio-ip-app-dev-os-cha": 54,
          "KomakiLDA5NoDevice-ip-app-0": 889,
          "KomakiLDA5NoDevice-ip-app-1": 895,
          "KomakiLDA5NoDevice-ip-app-2": 944,
          "KomakiLDA5NoDevice-ip-app-3": 555,
          "KomakiLDA5NoDevice-ip-app-4": 457,
          "KomakiLDA5NoDevice-ip-os-0": 834,
          "KomakiLDA5NoDevice-ip-os-1": 835,
          "KomakiLDA5NoDevice-ip-os-2": 545,
          "KomakiLDA5NoDevice-ip-os-3": 602,
          "KomakiLDA5NoDevice-ip-os-4": 756,
          "KomakiLDA5NoDevice-ip-channel-0": 874,
          "KomakiLDA5NoDevice-ip-channel-1": 654,
          "KomakiLDA5NoDevice-ip-channel-2": 809,
          "KomakiLDA5NoDevice-ip-channel-3": 924,
          "KomakiLDA5NoDevice-ip-channel-4": 922,
          "KomakiLDA5NoDevice-app-ip-0": 213,
          "KomakiLDA5NoDevice-app-ip-1": 193,
          "KomakiLDA5NoDevice-app-ip-2": 153,
          "KomakiLDA5NoDevice-app-ip-3": 191,
          "KomakiLDA5NoDevice-app-ip-4": 106,
          "KomakiLDA5NoDevice-app-os-0": 106,
          "KomakiLDA5NoDevice-app-os-1": 186,
          "KomakiLDA5NoDevice-app-os-2": 126,
          "KomakiLDA5NoDevice-app-os-3": 114,
          "KomakiLDA5NoDevice-app-os-4": 119,
          "KomakiLDA5NoDevice-app-channel-0": 113,
          "KomakiLDA5NoDevice-app-channel-1": 141,
          "KomakiLDA5NoDevice-app-channel-2": 203,
          "KomakiLDA5NoDevice-app-channel-3": 146,
          "KomakiLDA5NoDevice-app-channel-4": 68,
          "KomakiLDA5NoDevice-os-ip-0": 290,
          "KomakiLDA5NoDevice-os-ip-1": 147,
          "KomakiLDA5NoDevice-os-ip-2": 180,
          "KomakiLDA5NoDevice-os-ip-3": 127,
          "KomakiLDA5NoDevice-os-ip-4": 173,
          "KomakiLDA5NoDevice-os-app-0": 237,
          "KomakiLDA5NoDevice-os-app-1": 275,
          "KomakiLDA5NoDevice-os-app-2": 98,
          "KomakiLDA5NoDevice-os-app-3": 172,
          "KomakiLDA5NoDevice-os-app-4": 122,
          "KomakiLDA5NoDevice-os-channel-0": 265,
          "KomakiLDA5NoDevice-os-channel-1": 98,
          "KomakiLDA5NoDevice-os-channel-2": 193,
          "KomakiLDA5NoDevice-os-channel-3": 248,
          "KomakiLDA5NoDevice-os-channel-4": 116,
          "KomakiLDA5NoDevice-channel-ip-0": 207,
          "KomakiLDA5NoDevice-channel-ip-1": 248,
          "KomakiLDA5NoDevice-channel-ip-2": 183,
          "KomakiLDA5NoDevice-channel-ip-3": 238,
          "KomakiLDA5NoDevice-channel-ip-4": 190,
          "KomakiLDA5NoDevice-channel-app-0": 205,
          "KomakiLDA5NoDevice-channel-app-1": 161,
          "KomakiLDA5NoDevice-channel-app-2": 239,
          "KomakiLDA5NoDevice-channel-app-3": 163,
          "KomakiLDA5NoDevice-channel-app-4": 189,
          "KomakiLDA5NoDevice-channel-os-0": 214,
          "KomakiLDA5NoDevice-channel-os-1": 271,
          "KomakiLDA5NoDevice-channel-os-2": 265,
          "KomakiLDA5NoDevice-channel-os-3": 197,
          "KomakiLDA5NoDevice-channel-os-4": 238,
          "KomakiNMF5NoDevice-ip-app-0": 476,
          "KomakiNMF5NoDevice-ip-app-1": 871,
          "KomakiNMF5NoDevice-ip-app-2": 561,
          "KomakiNMF5NoDevice-ip-app-3": 474,
          "KomakiNMF5NoDevice-ip-app-4": 556,
          "KomakiNMF5NoDevice-ip-os-0": 667,
          "KomakiNMF5NoDevice-ip-os-1": 699,
          "KomakiNMF5NoDevice-ip-os-2": 614,
          "KomakiNMF5NoDevice-ip-os-3": 624,
          "KomakiNMF5NoDevice-ip-os-4": 557,
          "KomakiNMF5NoDevice-ip-channel-0": 634,
          "KomakiNMF5NoDevice-ip-channel-1": 1021,
          "KomakiNMF5NoDevice-ip-channel-2": 554,
          "KomakiNMF5NoDevice-ip-channel-3": 699,
          "KomakiNMF5NoDevice-ip-channel-4": 611,
          "KomakiNMF5NoDevice-app-ip-0": 95,
          "KomakiNMF5NoDevice-app-ip-1": 100,
          "KomakiNMF5NoDevice-app-ip-2": 113,
          "KomakiNMF5NoDevice-app-ip-3": 112,
          "KomakiNMF5NoDevice-app-ip-4": 77,
          "KomakiNMF5NoDevice-app-os-0": 52,
          "KomakiNMF5NoDevice-app-os-1": 91,
          "KomakiNMF5NoDevice-app-os-2": 70,
          "KomakiNMF5NoDevice-app-os-3": 15,
          "KomakiNMF5NoDevice-app-os-4": 38,
          "KomakiNMF5NoDevice-app-channel-0": 83,
          "KomakiNMF5NoDevice-app-channel-1": 77,
          "KomakiNMF5NoDevice-app-channel-2": 91,
          "KomakiNMF5NoDevice-app-channel-3": 125,
          "KomakiNMF5NoDevice-app-channel-4": 69,
          "KomakiNMF5NoDevice-os-ip-0": 115,
          "KomakiNMF5NoDevice-os-ip-1": 125,
          "KomakiNMF5NoDevice-os-ip-2": 94,
          "KomakiNMF5NoDevice-os-ip-3": 108,
          "KomakiNMF5NoDevice-os-ip-4": 90,
          "KomakiNMF5NoDevice-os-app-0": 60,
          "KomakiNMF5NoDevice-os-app-1": 21,
          "KomakiNMF5NoDevice-os-app-2": 88,
          "KomakiNMF5NoDevice-os-app-3": 209,
          "KomakiNMF5NoDevice-os-app-4": 91,
          "KomakiNMF5NoDevice-os-channel-0": 232,
          "KomakiNMF5NoDevice-os-channel-1": 91,
          "KomakiNMF5NoDevice-os-channel-2": 226,
          "KomakiNMF5NoDevice-os-channel-3": 164,
          "KomakiNMF5NoDevice-os-channel-4": 125,
          "KomakiNMF5NoDevice-channel-ip-0": 268,
          "KomakiNMF5NoDevice-channel-ip-1": 158,
          "KomakiNMF5NoDevice-channel-ip-2": 153,
          "KomakiNMF5NoDevice-channel-ip-3": 208,
          "KomakiNMF5NoDevice-channel-ip-4": 174,
          "KomakiNMF5NoDevice-channel-app-0": 94,
          "KomakiNMF5NoDevice-channel-app-1": 54,
          "KomakiNMF5NoDevice-channel-app-2": 110,
          "KomakiNMF5NoDevice-channel-app-3": 106,
          "KomakiNMF5NoDevice-channel-app-4": 178,
          "KomakiNMF5NoDevice-channel-os-0": 193,
          "KomakiNMF5NoDevice-channel-os-1": 82,
          "KomakiNMF5NoDevice-channel-os-2": 189,
          "KomakiNMF5NoDevice-channel-os-3": 104,
          "KomakiNMF5NoDevice-channel-os-4": 200,
          "KomakiPCA5NoDevice-ip-app-0": 726,
          "KomakiPCA5NoDevice-ip-app-1": 616,
          "KomakiPCA5NoDevice-ip-app-2": 630,
          "KomakiPCA5NoDevice-ip-app-3": 468,
          "KomakiPCA5NoDevice-ip-app-4": 762,
          "KomakiPCA5NoDevice-ip-os-0": 950,
          "KomakiPCA5NoDevice-ip-os-1": 575,
          "KomakiPCA5NoDevice-ip-os-2": 582,
          "KomakiPCA5NoDevice-ip-os-3": 536,
          "KomakiPCA5NoDevice-ip-os-4": 664,
          "KomakiPCA5NoDevice-ip-channel-0": 921,
          "KomakiPCA5NoDevice-ip-channel-1": 650,
          "KomakiPCA5NoDevice-ip-channel-2": 573,
          "KomakiPCA5NoDevice-ip-channel-3": 600,
          "KomakiPCA5NoDevice-ip-channel-4": 647,
          "KomakiPCA5NoDevice-app-ip-0": 70,
          "KomakiPCA5NoDevice-app-ip-1": 63,
          "KomakiPCA5NoDevice-app-ip-2": 83,
          "KomakiPCA5NoDevice-app-ip-3": 123,
          "KomakiPCA5NoDevice-app-ip-4": 91,
          "KomakiPCA5NoDevice-app-os-0": 118,
          "KomakiPCA5NoDevice-app-os-1": 68,
          "KomakiPCA5NoDevice-app-os-2": 107,
          "KomakiPCA5NoDevice-app-os-3": 128,
          "KomakiPCA5NoDevice-app-os-4": 104,
          "KomakiPCA5NoDevice-app-channel-0": 100,
          "KomakiPCA5NoDevice-app-channel-1": 128,
          "KomakiPCA5NoDevice-app-channel-2": 82,
          "KomakiPCA5NoDevice-app-channel-3": 90,
          "KomakiPCA5NoDevice-app-channel-4": 103,
          "KomakiPCA5NoDevice-os-ip-0": 57,
          "KomakiPCA5NoDevice-os-ip-1": 96,
          "KomakiPCA5NoDevice-os-ip-2": 127,
          "KomakiPCA5NoDevice-os-ip-3": 146,
          "KomakiPCA5NoDevice-os-ip-4": 112,
          "KomakiPCA5NoDevice-os-app-0": 113,
          "KomakiPCA5NoDevice-os-app-1": 121,
          "KomakiPCA5NoDevice-os-app-2": 88,
          "KomakiPCA5NoDevice-os-app-3": 163,
          "KomakiPCA5NoDevice-os-app-4": 166,
          "KomakiPCA5NoDevice-os-channel-0": 117,
          "KomakiPCA5NoDevice-os-channel-1": 141,
          "KomakiPCA5NoDevice-os-channel-2": 110,
          "KomakiPCA5NoDevice-os-channel-3": 104,
          "KomakiPCA5NoDevice-os-channel-4": 120,
          "KomakiPCA5NoDevice-channel-ip-0": 226,
          "KomakiPCA5NoDevice-channel-ip-1": 195,
          "KomakiPCA5NoDevice-channel-ip-2": 199,
          "KomakiPCA5NoDevice-channel-ip-3": 194,
          "KomakiPCA5NoDevice-channel-ip-4": 235,
          "KomakiPCA5NoDevice-channel-app-0": 214,
          "KomakiPCA5NoDevice-channel-app-1": 137,
          "KomakiPCA5NoDevice-channel-app-2": 140,
          "KomakiPCA5NoDevice-channel-app-3": 123,
          "KomakiPCA5NoDevice-channel-app-4": 140,
          "KomakiPCA5NoDevice-channel-os-0": 153,
          "KomakiPCA5NoDevice-channel-os-1": 195,
          "KomakiPCA5NoDevice-channel-os-2": 144,
          "KomakiPCA5NoDevice-channel-os-3": 151,
          "KomakiPCA5NoDevice-channel-os-4": 163
        }
      },
      {
        "train_auc": 0.9937912374360224,
        "valid_auc": 0.984345637273791,
        "best_iteration": 510,
        "train_time": 393.76804089546204,
        "feature_importance": {
          "app": 3033,
          "hour": 2859,
          "n_channels": 810,
          "ip_app_count": 847,
          "ip_app_os_count": 942,
          "FutureClickCount_600-ip": 483,
          "FutureClickCount_600-app": 381,
          "FutureClickCount_600-ip-app": 171,
          "FutureClickCount_600-dev": 301,
          "FutureClickCount_600-ip-dev": 465,
          "FutureClickCount_600-app-dev": 315,
          "FutureClickCount_600-ip-app-dev": 177,
          "FutureClickCount_600-os": 231,
          "FutureClickCount_600-ip-os": 353,
          "FutureClickCount_600-app-os": 349,
          "FutureClickCount_600-ip-app-os": 190,
          "FutureClickCount_600-dev-os": 577,
          "FutureClickCount_600-ip-dev-os": 331,
          "FutureClickCount_600-app-dev-os": 555,
          "FutureClickCount_600-ip-app-dev-os": 358,
          "FutureClickCount_600-cha": 368,
          "FutureClickCount_600-ip-cha": 145,
          "FutureClickCount_600-app-cha": 499,
          "FutureClickCount_600-ip-app-cha": 88,
          "FutureClickCount_600-dev-cha": 308,
          "FutureClickCount_600-ip-dev-cha": 97,
          "FutureClickCount_600-app-dev-cha": 320,
          "FutureClickCount_600-ip-app-dev-cha": 96,
          "FutureClickCount_600-os-cha": 285,
          "FutureClickCount_600-ip-os-cha": 79,
          "FutureClickCount_600-app-os-cha": 276,
          "FutureClickCount_600-ip-app-os-cha": 73,
          "FutureClickCount_600-dev-os-cha": 248,
          "FutureClickCount_600-ip-dev-os-cha": 53,
          "FutureClickCount_600-app-dev-os-cha": 278,
          "FutureClickCount_600-ip-app-dev-os-cha": 58,
          "FutureClickCount_4800-ip": 722,
          "FutureClickCount_4800-app": 313,
          "FutureClickCount_4800-ip-app": 329,
          "FutureClickCount_4800-dev": 82,
          "FutureClickCount_4800-ip-dev": 920,
          "FutureClickCount_4800-app-dev": 162,
          "FutureClickCount_4800-ip-app-dev": 219,
          "FutureClickCount_4800-os": 109,
          "FutureClickCount_4800-ip-os": 454,
          "FutureClickCount_4800-app-os": 292,
          "FutureClickCount_4800-ip-app-os": 282,
          "FutureClickCount_4800-dev-os": 201,
          "FutureClickCount_4800-ip-dev-os": 706,
          "FutureClickCount_4800-app-dev-os": 419,
          "FutureClickCount_4800-ip-app-dev-os": 363,
          "FutureClickCount_4800-cha": 255,
          "FutureClickCount_4800-ip-cha": 196,
          "FutureClickCount_4800-app-cha": 471,
          "FutureClickCount_4800-ip-app-cha": 147,
          "FutureClickCount_4800-dev-cha": 198,
          "FutureClickCount_4800-ip-dev-cha": 165,
          "FutureClickCount_4800-app-dev-cha": 261,
          "FutureClickCount_4800-ip-app-dev-cha": 127,
          "FutureClickCount_4800-os-cha": 280,
          "FutureClickCount_4800-ip-os-cha": 102,
          "FutureClickCount_4800-app-os-cha": 288,
          "FutureClickCount_4800-ip-app-os-cha": 100,
          "FutureClickCount_4800-dev-os-cha": 290,
          "FutureClickCount_4800-ip-dev-os-cha": 91,
          "FutureClickCount_4800-app-dev-os-cha": 320,
          "FutureClickCount_4800-ip-app-dev-os-cha": 118,
          "NextClickTimeDelta-ip": 639,
          "NextClickTimeDelta-app": 114,
          "NextClickTimeDelta-ip-app": 864,
          "NextClickTimeDelta-dev": 58,
          "NextClickTimeDelta-ip-dev": 458,
          "NextClickTimeDelta-app-dev": 83,
          "NextClickTimeDelta-ip-app-dev": 452,
          "NextClickTimeDelta-os": 95,
          "NextClickTimeDelta-ip-os": 543,
          "NextClickTimeDelta-app-os": 156,
          "NextClickTimeDelta-ip-app-os": 1285,
          "NextClickTimeDelta-dev-os": 81,
          "NextClickTimeDelta-ip-dev-os": 342,
          "NextClickTimeDelta-app-dev-os": 127,
          "NextClickTimeDelta-ip-app-dev-os": 2139,
          "NextClickTimeDelta-cha": 127,
          "NextClickTimeDelta-ip-cha": 477,
          "NextClickTimeDelta-app-cha": 194,
          "NextClickTimeDelta-ip-app-cha": 405,
          "NextClickTimeDelta-dev-cha": 99,
          "NextClickTimeDelta-ip-dev-cha": 307,
          "NextClickTimeDelta-app-dev-cha": 129,
          "NextClickTimeDelta-ip-app-dev-cha": 274,
          "NextClickTimeDelta-os-cha": 221,
          "NextClickTimeDelta-ip-os-cha": 309,
          "NextClickTimeDelta-app-os-cha": 260,
          "NextClickTimeDelta-ip-app-os-cha": 390,
          "NextClickTimeDelta-dev-os-cha": 157,
          "NextClickTimeDelta-ip-dev-os-cha": 281,
          "NextClickTimeDelta-app-dev-os-cha": 197,
          "NextClickTimeDelta-ip-app-dev-os-cha": 495,
          "PrevClickTimeDelta-ip": 479,
          "PrevClickTimeDelta-app": 130,
          "PrevClickTimeDelta-ip-app": 350,
          "PrevClickTimeDelta-dev": 77,
          "PrevClickTimeDelta-ip-dev": 327,
          "PrevClickTimeDelta-app-dev": 89,
          "PrevClickTimeDelta-ip-app-dev": 231,
          "PrevClickTimeDelta-os": 123,
          "PrevClickTimeDelta-ip-os": 408,
          "PrevClickTimeDelta-app-os": 185,
          "PrevClickTimeDelta-ip-app-os": 309,
          "PrevClickTimeDelta-dev-os": 66,
          "PrevClickTimeDelta-ip-dev-os": 283,
          "PrevClickTimeDelta-app-dev-os": 140,
          "PrevClickTimeDelta-ip-app-dev-os": 284,
          "PrevClickTimeDelta-cha": 97,
          "PrevClickTimeDelta-ip-cha": 296,
          "PrevClickTimeDelta-app-cha": 154,
          "PrevClickTimeDelta-ip-app-cha": 275,
          "PrevClickTimeDelta-dev-cha": 126,
          "PrevClickTimeDelta-ip-dev-cha": 238,
          "PrevClickTimeDelta-app-dev-cha": 86,
          "PrevClickTimeDelta-ip-app-dev-cha": 187,
          "PrevClickTimeDelta-os-cha": 223,
          "PrevClickTimeDelta-ip-os-cha": 190,
          "PrevClickTimeDelta-app-os-cha": 208,
          "PrevClickTimeDelta-ip-app-os-cha": 211,
          "PrevClickTimeDelta-dev-os-cha": 184,
          "PrevClickTimeDelta-ip-dev-os-cha": 137,
          "PrevClickTimeDelta-app-dev-os-cha": 155,
          "PrevClickTimeDelta-ip-app-dev-os-cha": 167,
          "AverageAttributedRatio-ip": 414,
          "AverageAttributedRatio-app": 380,
          "AverageAttributedRatio-ip-app": 337,
          "AverageAttributedRatio-dev": 604,
          "AverageAttributedRatio-ip-dev": 422,
          "AverageAttributedRatio-app-dev": 244,
          "AverageAttributedRatio-ip-app-dev": 457,
          "AverageAttributedRatio-os": 312,
          "AverageAttributedRatio-ip-os": 283,
          "AverageAttributedRatio-app-os": 316,
          "AverageAttributedRatio-ip-app-os": 132,
          "AverageAttributedRatio-dev-os": 280,
          "AverageAttributedRatio-ip-dev-os": 283,
          "AverageAttributedRatio-app-dev-os": 316,
          "AverageAttributedRatio-ip-app-dev-os": 122,
          "AverageAttributedRatio-cha": 314,
          "AverageAttributedRatio-ip-cha": 175,
          "AverageAttributedRatio-app-cha": 277,
          "AverageAttributedRatio-ip-app-cha": 151,
          "AverageAttributedRatio-dev-cha": 209,
          "AverageAttributedRatio-ip-dev-cha": 170,
          "AverageAttributedRatio-app-dev-cha": 259,
          "AverageAttributedRatio-ip-app-dev-cha": 137,
          "AverageAttributedRatio-os-cha": 275,
          "AverageAttributedRatio-ip-os-cha": 87,
          "AverageAttributedRatio-app-os-cha": 366,
          "AverageAttributedRatio-ip-app-os-cha": 50,
          "AverageAttributedRatio-dev-os-cha": 252,
          "AverageAttributedRatio-ip-dev-os-cha": 74,
          "AverageAttributedRatio-app-dev-os-cha": 361,
          "AverageAttributedRatio-ip-app-dev-os-cha": 59,
          "KomakiLDA5NoDevice-ip-app-0": 880,
          "KomakiLDA5NoDevice-ip-app-1": 900,
          "KomakiLDA5NoDevice-ip-app-2": 949,
          "KomakiLDA5NoDevice-ip-app-3": 517,
          "KomakiLDA5NoDevice-ip-app-4": 430,
          "KomakiLDA5NoDevice-ip-os-0": 791,
          "KomakiLDA5NoDevice-ip-os-1": 807,
          "KomakiLDA5NoDevice-ip-os-2": 491,
          "KomakiLDA5NoDevice-ip-os-3": 624,
          "KomakiLDA5NoDevice-ip-os-4": 710,
          "KomakiLDA5NoDevice-ip-channel-0": 814,
          "KomakiLDA5NoDevice-ip-channel-1": 640,
          "KomakiLDA5NoDevice-ip-channel-2": 809,
          "KomakiLDA5NoDevice-ip-channel-3": 818,
          "KomakiLDA5NoDevice-ip-channel-4": 939,
          "KomakiLDA5NoDevice-app-ip-0": 237,
          "KomakiLDA5NoDevice-app-ip-1": 202,
          "KomakiLDA5NoDevice-app-ip-2": 168,
          "KomakiLDA5NoDevice-app-ip-3": 192,
          "KomakiLDA5NoDevice-app-ip-4": 118,
          "KomakiLDA5NoDevice-app-os-0": 115,
          "KomakiLDA5NoDevice-app-os-1": 186,
          "KomakiLDA5NoDevice-app-os-2": 134,
          "KomakiLDA5NoDevice-app-os-3": 102,
          "KomakiLDA5NoDevice-app-os-4": 124,
          "KomakiLDA5NoDevice-app-channel-0": 112,
          "KomakiLDA5NoDevice-app-channel-1": 124,
          "KomakiLDA5NoDevice-app-channel-2": 192,
          "KomakiLDA5NoDevice-app-channel-3": 162,
          "KomakiLDA5NoDevice-app-channel-4": 70,
          "KomakiLDA5NoDevice-os-ip-0": 261,
          "KomakiLDA5NoDevice-os-ip-1": 156,
          "KomakiLDA5NoDevice-os-ip-2": 202,
          "KomakiLDA5NoDevice-os-ip-3": 163,
          "KomakiLDA5NoDevice-os-ip-4": 195,
          "KomakiLDA5NoDevice-os-app-0": 236,
          "KomakiLDA5NoDevice-os-app-1": 227,
          "KomakiLDA5NoDevice-os-app-2": 113,
          "KomakiLDA5NoDevice-os-app-3": 167,
          "KomakiLDA5NoDevice-os-app-4": 93,
          "KomakiLDA5NoDevice-os-channel-0": 197,
          "KomakiLDA5NoDevice-os-channel-1": 88,
          "KomakiLDA5NoDevice-os-channel-2": 198,
          "KomakiLDA5NoDevice-os-channel-3": 243,
          "KomakiLDA5NoDevice-os-channel-4": 148,
          "KomakiLDA5NoDevice-channel-ip-0": 183,
          "KomakiLDA5NoDevice-channel-ip-1": 204,
          "KomakiLDA5NoDevice-channel-ip-2": 203,
          "KomakiLDA5NoDevice-channel-ip-3": 263,
          "KomakiLDA5NoDevice-channel-ip-4": 150,
          "KomakiLDA5NoDevice-channel-app-0": 210,
          "KomakiLDA5NoDevice-channel-app-1": 192,
          "KomakiLDA5NoDevice-channel-app-2": 186,
          "KomakiLDA5NoDevice-channel-app-3": 212,
          "KomakiLDA5NoDevice-channel-app-4": 171,
          "KomakiLDA5NoDevice-channel-os-0": 211,
          "KomakiLDA5NoDevice-channel-os-1": 224,
          "KomakiLDA5NoDevice-channel-os-2": 209,
          "KomakiLDA5NoDevice-channel-os-3": 214,
          "KomakiLDA5NoDevice-channel-os-4": 198,
          "KomakiNMF5NoDevice-ip-app-0": 426,
          "KomakiNMF5NoDevice-ip-app-1": 857,
          "KomakiNMF5NoDevice-ip-app-2": 546,
          "KomakiNMF5NoDevice-ip-app-3": 450,
          "KomakiNMF5NoDevice-ip-app-4": 528,
          "KomakiNMF5NoDevice-ip-os-0": 670,
          "KomakiNMF5NoDevice-ip-os-1": 667,
          "KomakiNMF5NoDevice-ip-os-2": 620,
          "KomakiNMF5NoDevice-ip-os-3": 597,
          "KomakiNMF5NoDevice-ip-os-4": 571,
          "KomakiNMF5NoDevice-ip-channel-0": 574,
          "KomakiNMF5NoDevice-ip-channel-1": 955,
          "KomakiNMF5NoDevice-ip-channel-2": 504,
          "KomakiNMF5NoDevice-ip-channel-3": 740,
          "KomakiNMF5NoDevice-ip-channel-4": 606,
          "KomakiNMF5NoDevice-app-ip-0": 128,
          "KomakiNMF5NoDevice-app-ip-1": 90,
          "KomakiNMF5NoDevice-app-ip-2": 100,
          "KomakiNMF5NoDevice-app-ip-3": 121,
          "KomakiNMF5NoDevice-app-ip-4": 51,
          "KomakiNMF5NoDevice-app-os-0": 41,
          "KomakiNMF5NoDevice-app-os-1": 87,
          "KomakiNMF5NoDevice-app-os-2": 66,
          "KomakiNMF5NoDevice-app-os-3": 33,
          "KomakiNMF5NoDevice-app-os-4": 45,
          "KomakiNMF5NoDevice-app-channel-0": 99,
          "KomakiNMF5NoDevice-app-channel-1": 81,
          "KomakiNMF5NoDevice-app-channel-2": 95,
          "KomakiNMF5NoDevice-app-channel-3": 118,
          "KomakiNMF5NoDevice-app-channel-4": 76,
          "KomakiNMF5NoDevice-os-ip-0": 87,
          "KomakiNMF5NoDevice-os-ip-1": 103,
          "KomakiNMF5NoDevice-os-ip-2": 132,
          "KomakiNMF5NoDevice-os-ip-3": 110,
          "KomakiNMF5NoDevice-os-ip-4": 84,
          "KomakiNMF5NoDevice-os-app-0": 46,
          "KomakiNMF5NoDevice-os-app-1": 15,
          "KomakiNMF5NoDevice-os-app-2": 85,
          "KomakiNMF5NoDevice-os-app-3": 178,
          "KomakiNMF5NoDevice-os-app-4": 94,
          "KomakiNMF5NoDevice-os-channel-0": 209,
          "KomakiNMF5NoDevice-os-channel-1": 100,
          "KomakiNMF5NoDevice-os-channel-2": 192,
          "KomakiNMF5NoDevice-os-channel-3": 164,
          "KomakiNMF5NoDevice-os-channel-4": 133,
          "KomakiNMF5NoDevice-channel-ip-0": 277,
          "KomakiNMF5NoDevice-channel-ip-1": 161,
          "KomakiNMF5NoDevice-channel-ip-2": 170,
          "KomakiNMF5NoDevice-channel-ip-3": 235,
          "KomakiNMF5NoDevice-channel-ip-4": 202,
          "KomakiNMF5NoDevice-channel-app-0": 88,
          "KomakiNMF5NoDevice-channel-app-1": 52,
          "KomakiNMF5NoDevice-channel-app-2": 84,
          "KomakiNMF5NoDevice-channel-app-3": 104,
          "KomakiNMF5NoDevice-channel-app-4": 162,
          "KomakiNMF5NoDevice-channel-os-0": 181,
          "KomakiNMF5NoDevice-channel-os-1": 74,
          "KomakiNMF5NoDevice-channel-os-2": 176,
          "KomakiNMF5NoDevice-channel-os-3": 92,
          "KomakiNMF5NoDevice-channel-os-4": 173,
          "KomakiPCA5NoDevice-ip-app-0": 747,
          "KomakiPCA5NoDevice-ip-app-1": 573,
          "KomakiPCA5NoDevice-ip-app-2": 620,
          "KomakiPCA5NoDevice-ip-app-3": 458,
          "KomakiPCA5NoDevice-ip-app-4": 790,
          "KomakiPCA5NoDevice-ip-os-0": 926,
          "KomakiPCA5NoDevice-ip-os-1": 541,
          "KomakiPCA5NoDevice-ip-os-2": 580,
          "KomakiPCA5NoDevice-ip-os-3": 508,
          "KomakiPCA5NoDevice-ip-os-4": 599,
          "KomakiPCA5NoDevice-ip-channel-0": 871,
          "KomakiPCA5NoDevice-ip-channel-1": 611,
          "KomakiPCA5NoDevice-ip-channel-2": 588,
          "KomakiPCA5NoDevice-ip-channel-3": 551,
          "KomakiPCA5NoDevice-ip-channel-4": 589,
          "KomakiPCA5NoDevice-app-ip-0": 72,
          "KomakiPCA5NoDevice-app-ip-1": 82,
          "KomakiPCA5NoDevice-app-ip-2": 96,
          "KomakiPCA5NoDevice-app-ip-3": 97,
          "KomakiPCA5NoDevice-app-ip-4": 74,
          "KomakiPCA5NoDevice-app-os-0": 115,
          "KomakiPCA5NoDevice-app-os-1": 57,
          "KomakiPCA5NoDevice-app-os-2": 76,
          "KomakiPCA5NoDevice-app-os-3": 113,
          "KomakiPCA5NoDevice-app-os-4": 88,
          "KomakiPCA5NoDevice-app-channel-0": 97,
          "KomakiPCA5NoDevice-app-channel-1": 135,
          "KomakiPCA5NoDevice-app-channel-2": 93,
          "KomakiPCA5NoDevice-app-channel-3": 87,
          "KomakiPCA5NoDevice-app-channel-4": 105,
          "KomakiPCA5NoDevice-os-ip-0": 58,
          "KomakiPCA5NoDevice-os-ip-1": 101,
          "KomakiPCA5NoDevice-os-ip-2": 144,
          "KomakiPCA5NoDevice-os-ip-3": 123,
          "KomakiPCA5NoDevice-os-ip-4": 94,
          "KomakiPCA5NoDevice-os-app-0": 103,
          "KomakiPCA5NoDevice-os-app-1": 82,
          "KomakiPCA5NoDevice-os-app-2": 86,
          "KomakiPCA5NoDevice-os-app-3": 145,
          "KomakiPCA5NoDevice-os-app-4": 183,
          "KomakiPCA5NoDevice-os-channel-0": 124,
          "KomakiPCA5NoDevice-os-channel-1": 162,
          "KomakiPCA5NoDevice-os-channel-2": 88,
          "KomakiPCA5NoDevice-os-channel-3": 107,
          "KomakiPCA5NoDevice-os-channel-4": 102,
          "KomakiPCA5NoDevice-channel-ip-0": 204,
          "KomakiPCA5NoDevice-channel-ip-1": 207,
          "KomakiPCA5NoDevice-channel-ip-2": 160,
          "KomakiPCA5NoDevice-channel-ip-3": 190,
          "KomakiPCA5NoDevice-channel-ip-4": 207,
          "KomakiPCA5NoDevice-channel-app-0": 173,
          "KomakiPCA5NoDevice-channel-app-1": 121,
          "KomakiPCA5NoDevice-channel-app-2": 126,
          "KomakiPCA5NoDevice-channel-app-3": 142,
          "KomakiPCA5NoDevice-channel-app-4": 121,
          "KomakiPCA5NoDevice-channel-os-0": 195,
          "KomakiPCA5NoDevice-channel-os-1": 169,
          "KomakiPCA5NoDevice-channel-os-2": 121,
          "KomakiPCA5NoDevice-channel-os-3": 157,
          "KomakiPCA5NoDevice-channel-os-4": 191
        }
      },
      {
        "train_auc": 0.9940098451277519,
        "valid_auc": 0.9841943291477669,
        "best_iteration": 528,
        "train_time": 409.528039932251,
        "feature_importance": {
          "app": 3098,
          "hour": 2869,
          "n_channels": 798,
          "ip_app_count": 882,
          "ip_app_os_count": 1090,
          "FutureClickCount_600-ip": 474,
          "FutureClickCount_600-app": 412,
          "FutureClickCount_600-ip-app": 232,
          "FutureClickCount_600-dev": 251,
          "FutureClickCount_600-ip-dev": 421,
          "FutureClickCount_600-app-dev": 357,
          "FutureClickCount_600-ip-app-dev": 179,
          "FutureClickCount_600-os": 272,
          "FutureClickCount_600-ip-os": 397,
          "FutureClickCount_600-app-os": 395,
          "FutureClickCount_600-ip-app-os": 209,
          "FutureClickCount_600-dev-os": 554,
          "FutureClickCount_600-ip-dev-os": 308,
          "FutureClickCount_600-app-dev-os": 529,
          "FutureClickCount_600-ip-app-dev-os": 367,
          "FutureClickCount_600-cha": 398,
          "FutureClickCount_600-ip-cha": 118,
          "FutureClickCount_600-app-cha": 524,
          "FutureClickCount_600-ip-app-cha": 97,
          "FutureClickCount_600-dev-cha": 292,
          "FutureClickCount_600-ip-dev-cha": 126,
          "FutureClickCount_600-app-dev-cha": 373,
          "FutureClickCount_600-ip-app-dev-cha": 85,
          "FutureClickCount_600-os-cha": 262,
          "FutureClickCount_600-ip-os-cha": 84,
          "FutureClickCount_600-app-os-cha": 308,
          "FutureClickCount_600-ip-app-os-cha": 97,
          "FutureClickCount_600-dev-os-cha": 279,
          "FutureClickCount_600-ip-dev-os-cha": 71,
          "FutureClickCount_600-app-dev-os-cha": 288,
          "FutureClickCount_600-ip-app-dev-os-cha": 86,
          "FutureClickCount_4800-ip": 652,
          "FutureClickCount_4800-app": 337,
          "FutureClickCount_4800-ip-app": 310,
          "FutureClickCount_4800-dev": 91,
          "FutureClickCount_4800-ip-dev": 963,
          "FutureClickCount_4800-app-dev": 183,
          "FutureClickCount_4800-ip-app-dev": 264,
          "FutureClickCount_4800-os": 139,
          "FutureClickCount_4800-ip-os": 465,
          "FutureClickCount_4800-app-os": 283,
          "FutureClickCount_4800-ip-app-os": 285,
          "FutureClickCount_4800-dev-os": 230,
          "FutureClickCount_4800-ip-dev-os": 724,
          "FutureClickCount_4800-app-dev-os": 449,
          "FutureClickCount_4800-ip-app-dev-os": 342,
          "FutureClickCount_4800-cha": 276,
          "FutureClickCount_4800-ip-cha": 204,
          "FutureClickCount_4800-app-cha": 569,
          "FutureClickCount_4800-ip-app-cha": 147,
          "FutureClickCount_4800-dev-cha": 210,
          "FutureClickCount_4800-ip-dev-cha": 175,
          "FutureClickCount_4800-app-dev-cha": 261,
          "FutureClickCount_4800-ip-app-dev-cha": 141,
          "FutureClickCount_4800-os-cha": 278,
          "FutureClickCount_4800-ip-os-cha": 129,
          "FutureClickCount_4800-app-os-cha": 272,
          "FutureClickCount_4800-ip-app-os-cha": 115,
          "FutureClickCount_4800-dev-os-cha": 278,
          "FutureClickCount_4800-ip-dev-os-cha": 109,
          "FutureClickCount_4800-app-dev-os-cha": 300,
          "FutureClickCount_4800-ip-app-dev-os-cha": 114,
          "NextClickTimeDelta-ip": 614,
          "NextClickTimeDelta-app": 95,
          "NextClickTimeDelta-ip-app": 908,
          "NextClickTimeDelta-dev": 55,
          "NextClickTimeDelta-ip-dev": 430,
          "NextClickTimeDelta-app-dev": 81,
          "NextClickTimeDelta-ip-app-dev": 479,
          "NextClickTimeDelta-os": 91,
          "NextClickTimeDelta-ip-os": 556,
          "NextClickTimeDelta-app-os": 181,
          "NextClickTimeDelta-ip-app-os": 1371,
          "NextClickTimeDelta-dev-os": 95,
          "NextClickTimeDelta-ip-dev-os": 404,
          "NextClickTimeDelta-app-dev-os": 136,
          "NextClickTimeDelta-ip-app-dev-os": 2186,
          "NextClickTimeDelta-cha": 131,
          "NextClickTimeDelta-ip-cha": 445,
          "NextClickTimeDelta-app-cha": 176,
          "NextClickTimeDelta-ip-app-cha": 371,
          "NextClickTimeDelta-dev-cha": 132,
          "NextClickTimeDelta-ip-dev-cha": 267,
          "NextClickTimeDelta-app-dev-cha": 121,
          "NextClickTimeDelta-ip-app-dev-cha": 295,
          "NextClickTimeDelta-os-cha": 238,
          "NextClickTimeDelta-ip-os-cha": 321,
          "NextClickTimeDelta-app-os-cha": 291,
          "NextClickTimeDelta-ip-app-os-cha": 421,
          "NextClickTimeDelta-dev-os-cha": 180,
          "NextClickTimeDelta-ip-dev-os-cha": 259,
          "NextClickTimeDelta-app-dev-os-cha": 178,
          "NextClickTimeDelta-ip-app-dev-os-cha": 497,
          "PrevClickTimeDelta-ip": 503,
          "PrevClickTimeDelta-app": 124,
          "PrevClickTimeDelta-ip-app": 373,
          "PrevClickTimeDelta-dev": 73,
          "PrevClickTimeDelta-ip-dev": 295,
          "PrevClickTimeDelta-app-dev": 83,
          "PrevClickTimeDelta-ip-app-dev": 241,
          "PrevClickTimeDelta-os": 91,
          "PrevClickTimeDelta-ip-os": 426,
          "PrevClickTimeDelta-app-os": 165,
          "PrevClickTimeDelta-ip-app-os": 277,
          "PrevClickTimeDelta-dev-os": 78,
          "PrevClickTimeDelta-ip-dev-os": 295,
          "PrevClickTimeDelta-app-dev-os": 162,
          "PrevClickTimeDelta-ip-app-dev-os": 284,
          "PrevClickTimeDelta-cha": 106,
          "PrevClickTimeDelta-ip-cha": 368,
          "PrevClickTimeDelta-app-cha": 155,
          "PrevClickTimeDelta-ip-app-cha": 253,
          "PrevClickTimeDelta-dev-cha": 126,
          "PrevClickTimeDelta-ip-dev-cha": 222,
          "PrevClickTimeDelta-app-dev-cha": 103,
          "PrevClickTimeDelta-ip-app-dev-cha": 209,
          "PrevClickTimeDelta-os-cha": 229,
          "PrevClickTimeDelta-ip-os-cha": 238,
          "PrevClickTimeDelta-app-os-cha": 237,
          "PrevClickTimeDelta-ip-app-os-cha": 196,
          "PrevClickTimeDelta-dev-os-cha": 184,
          "PrevClickTimeDelta-ip-dev-os-cha": 168,
          "PrevClickTimeDelta-app-dev-os-cha": 213,
          "PrevClickTimeDelta-ip-app-dev-os-cha": 127,
          "AverageAttributedRatio-ip": 468,
          "AverageAttributedRatio-app": 334,
          "AverageAttributedRatio-ip-app": 301,
          "AverageAttributedRatio-dev": 560,
          "AverageAttributedRatio-ip-dev": 414,
          "AverageAttributedRatio-app-dev": 271,
          "AverageAttributedRatio-ip-app-dev": 441,
          "AverageAttributedRatio-os": 360,
          "AverageAttributedRatio-ip-os": 277,
          "AverageAttributedRatio-app-os": 354,
          "AverageAttributedRatio-ip-app-os": 119,
          "AverageAttributedRatio-dev-os": 289,
          "AverageAttributedRatio-ip-dev-os": 272,
          "AverageAttributedRatio-app-dev-os": 342,
          "AverageAttributedRatio-ip-app-dev-os": 126,
          "AverageAttributedRatio-cha": 344,
          "AverageAttributedRatio-ip-cha": 190,
          "AverageAttributedRatio-app-cha": 275,
          "AverageAttributedRatio-ip-app-cha": 158,
          "AverageAttributedRatio-dev-cha": 218,
          "AverageAttributedRatio-ip-dev-cha": 129,
          "AverageAttributedRatio-app-dev-cha": 275,
          "AverageAttributedRatio-ip-app-dev-cha": 116,
          "AverageAttributedRatio-os-cha": 303,
          "AverageAttributedRatio-ip-os-cha": 53,
          "AverageAttributedRatio-app-os-cha": 381,
          "AverageAttributedRatio-ip-app-os-cha": 52,
          "AverageAttributedRatio-dev-os-cha": 287,
          "AverageAttributedRatio-ip-dev-os-cha": 87,
          "AverageAttributedRatio-app-dev-os-cha": 355,
          "AverageAttributedRatio-ip-app-dev-os-cha": 62,
          "KomakiLDA5NoDevice-ip-app-0": 907,
          "KomakiLDA5NoDevice-ip-app-1": 871,
          "KomakiLDA5NoDevice-ip-app-2": 981,
          "KomakiLDA5NoDevice-ip-app-3": 553,
          "KomakiLDA5NoDevice-ip-app-4": 474,
          "KomakiLDA5NoDevice-ip-os-0": 802,
          "KomakiLDA5NoDevice-ip-os-1": 823,
          "KomakiLDA5NoDevice-ip-os-2": 482,
          "KomakiLDA5NoDevice-ip-os-3": 628,
          "KomakiLDA5NoDevice-ip-os-4": 752,
          "KomakiLDA5NoDevice-ip-channel-0": 857,
          "KomakiLDA5NoDevice-ip-channel-1": 657,
          "KomakiLDA5NoDevice-ip-channel-2": 901,
          "KomakiLDA5NoDevice-ip-channel-3": 882,
          "KomakiLDA5NoDevice-ip-channel-4": 901,
          "KomakiLDA5NoDevice-app-ip-0": 216,
          "KomakiLDA5NoDevice-app-ip-1": 193,
          "KomakiLDA5NoDevice-app-ip-2": 183,
          "KomakiLDA5NoDevice-app-ip-3": 191,
          "KomakiLDA5NoDevice-app-ip-4": 130,
          "KomakiLDA5NoDevice-app-os-0": 120,
          "KomakiLDA5NoDevice-app-os-1": 168,
          "KomakiLDA5NoDevice-app-os-2": 98,
          "KomakiLDA5NoDevice-app-os-3": 112,
          "KomakiLDA5NoDevice-app-os-4": 139,
          "KomakiLDA5NoDevice-app-channel-0": 107,
          "KomakiLDA5NoDevice-app-channel-1": 139,
          "KomakiLDA5NoDevice-app-channel-2": 189,
          "KomakiLDA5NoDevice-app-channel-3": 161,
          "KomakiLDA5NoDevice-app-channel-4": 69,
          "KomakiLDA5NoDevice-os-ip-0": 292,
          "KomakiLDA5NoDevice-os-ip-1": 182,
          "KomakiLDA5NoDevice-os-ip-2": 197,
          "KomakiLDA5NoDevice-os-ip-3": 139,
          "KomakiLDA5NoDevice-os-ip-4": 192,
          "KomakiLDA5NoDevice-os-app-0": 252,
          "KomakiLDA5NoDevice-os-app-1": 269,
          "KomakiLDA5NoDevice-os-app-2": 87,
          "KomakiLDA5NoDevice-os-app-3": 174,
          "KomakiLDA5NoDevice-os-app-4": 94,
          "KomakiLDA5NoDevice-os-channel-0": 197,
          "KomakiLDA5NoDevice-os-channel-1": 133,
          "KomakiLDA5NoDevice-os-channel-2": 181,
          "KomakiLDA5NoDevice-os-channel-3": 245,
          "KomakiLDA5NoDevice-os-channel-4": 150,
          "KomakiLDA5NoDevice-channel-ip-0": 190,
          "KomakiLDA5NoDevice-channel-ip-1": 309,
          "KomakiLDA5NoDevice-channel-ip-2": 200,
          "KomakiLDA5NoDevice-channel-ip-3": 276,
          "KomakiLDA5NoDevice-channel-ip-4": 192,
          "KomakiLDA5NoDevice-channel-app-0": 217,
          "KomakiLDA5NoDevice-channel-app-1": 184,
          "KomakiLDA5NoDevice-channel-app-2": 235,
          "KomakiLDA5NoDevice-channel-app-3": 186,
          "KomakiLDA5NoDevice-channel-app-4": 181,
          "KomakiLDA5NoDevice-channel-os-0": 200,
          "KomakiLDA5NoDevice-channel-os-1": 249,
          "KomakiLDA5NoDevice-channel-os-2": 240,
          "KomakiLDA5NoDevice-channel-os-3": 198,
          "KomakiLDA5NoDevice-channel-os-4": 215,
          "KomakiNMF5NoDevice-ip-app-0": 460,
          "KomakiNMF5NoDevice-ip-app-1": 855,
          "KomakiNMF5NoDevice-ip-app-2": 666,
          "KomakiNMF5NoDevice-ip-app-3": 410,
          "KomakiNMF5NoDevice-ip-app-4": 550,
          "KomakiNMF5NoDevice-ip-os-0": 668,
          "KomakiNMF5NoDevice-ip-os-1": 655,
          "KomakiNMF5NoDevice-ip-os-2": 604,
          "KomakiNMF5NoDevice-ip-os-3": 575,
          "KomakiNMF5NoDevice-ip-os-4": 518,
          "KomakiNMF5NoDevice-ip-channel-0": 614,
          "KomakiNMF5NoDevice-ip-channel-1": 1046,
          "KomakiNMF5NoDevice-ip-channel-2": 501,
          "KomakiNMF5NoDevice-ip-channel-3": 754,
          "KomakiNMF5NoDevice-ip-channel-4": 587,
          "KomakiNMF5NoDevice-app-ip-0": 117,
          "KomakiNMF5NoDevice-app-ip-1": 115,
          "KomakiNMF5NoDevice-app-ip-2": 93,
          "KomakiNMF5NoDevice-app-ip-3": 103,
          "KomakiNMF5NoDevice-app-ip-4": 60,
          "KomakiNMF5NoDevice-app-os-0": 36,
          "KomakiNMF5NoDevice-app-os-1": 81,
          "KomakiNMF5NoDevice-app-os-2": 90,
          "KomakiNMF5NoDevice-app-os-3": 21,
          "KomakiNMF5NoDevice-app-os-4": 59,
          "KomakiNMF5NoDevice-app-channel-0": 97,
          "KomakiNMF5NoDevice-app-channel-1": 97,
          "KomakiNMF5NoDevice-app-channel-2": 97,
          "KomakiNMF5NoDevice-app-channel-3": 121,
          "KomakiNMF5NoDevice-app-channel-4": 70,
          "KomakiNMF5NoDevice-os-ip-0": 100,
          "KomakiNMF5NoDevice-os-ip-1": 102,
          "KomakiNMF5NoDevice-os-ip-2": 105,
          "KomakiNMF5NoDevice-os-ip-3": 100,
          "KomakiNMF5NoDevice-os-ip-4": 99,
          "KomakiNMF5NoDevice-os-app-0": 52,
          "KomakiNMF5NoDevice-os-app-1": 15,
          "KomakiNMF5NoDevice-os-app-2": 99,
          "KomakiNMF5NoDevice-os-app-3": 164,
          "KomakiNMF5NoDevice-os-app-4": 107,
          "KomakiNMF5NoDevice-os-channel-0": 242,
          "KomakiNMF5NoDevice-os-channel-1": 108,
          "KomakiNMF5NoDevice-os-channel-2": 228,
          "KomakiNMF5NoDevice-os-channel-3": 136,
          "KomakiNMF5NoDevice-os-channel-4": 136,
          "KomakiNMF5NoDevice-channel-ip-0": 248,
          "KomakiNMF5NoDevice-channel-ip-1": 147,
          "KomakiNMF5NoDevice-channel-ip-2": 158,
          "KomakiNMF5NoDevice-channel-ip-3": 213,
          "KomakiNMF5NoDevice-channel-ip-4": 203,
          "KomakiNMF5NoDevice-channel-app-0": 99,
          "KomakiNMF5NoDevice-channel-app-1": 52,
          "KomakiNMF5NoDevice-channel-app-2": 111,
          "KomakiNMF5NoDevice-channel-app-3": 87,
          "KomakiNMF5NoDevice-channel-app-4": 170,
          "KomakiNMF5NoDevice-channel-os-0": 199,
          "KomakiNMF5NoDevice-channel-os-1": 68,
          "KomakiNMF5NoDevice-channel-os-2": 188,
          "KomakiNMF5NoDevice-channel-os-3": 102,
          "KomakiNMF5NoDevice-channel-os-4": 175,
          "KomakiPCA5NoDevice-ip-app-0": 749,
          "KomakiPCA5NoDevice-ip-app-1": 619,
          "KomakiPCA5NoDevice-ip-app-2": 632,
          "KomakiPCA5NoDevice-ip-app-3": 462,
          "KomakiPCA5NoDevice-ip-app-4": 749,
          "KomakiPCA5NoDevice-ip-os-0": 922,
          "KomakiPCA5NoDevice-ip-os-1": 534,
          "KomakiPCA5NoDevice-ip-os-2": 598,
          "KomakiPCA5NoDevice-ip-os-3": 541,
          "KomakiPCA5NoDevice-ip-os-4": 615,
          "KomakiPCA5NoDevice-ip-channel-0": 911,
          "KomakiPCA5NoDevice-ip-channel-1": 642,
          "KomakiPCA5NoDevice-ip-channel-2": 650,
          "KomakiPCA5NoDevice-ip-channel-3": 624,
          "KomakiPCA5NoDevice-ip-channel-4": 665,
          "KomakiPCA5NoDevice-app-ip-0": 76,
          "KomakiPCA5NoDevice-app-ip-1": 83,
          "KomakiPCA5NoDevice-app-ip-2": 74,
          "KomakiPCA5NoDevice-app-ip-3": 127,
          "KomakiPCA5NoDevice-app-ip-4": 78,
          "KomakiPCA5NoDevice-app-os-0": 87,
          "KomakiPCA5NoDevice-app-os-1": 88,
          "KomakiPCA5NoDevice-app-os-2": 134,
          "KomakiPCA5NoDevice-app-os-3": 105,
          "KomakiPCA5NoDevice-app-os-4": 84,
          "KomakiPCA5NoDevice-app-channel-0": 95,
          "KomakiPCA5NoDevice-app-channel-1": 127,
          "KomakiPCA5NoDevice-app-channel-2": 107,
          "KomakiPCA5NoDevice-app-channel-3": 90,
          "KomakiPCA5NoDevice-app-channel-4": 80,
          "KomakiPCA5NoDevice-os-ip-0": 68,
          "KomakiPCA5NoDevice-os-ip-1": 89,
          "KomakiPCA5NoDevice-os-ip-2": 93,
          "KomakiPCA5NoDevice-os-ip-3": 138,
          "KomakiPCA5NoDevice-os-ip-4": 92,
          "KomakiPCA5NoDevice-os-app-0": 124,
          "KomakiPCA5NoDevice-os-app-1": 97,
          "KomakiPCA5NoDevice-os-app-2": 75,
          "KomakiPCA5NoDevice-os-app-3": 174,
          "KomakiPCA5NoDevice-os-app-4": 167,
          "KomakiPCA5NoDevice-os-channel-0": 117,
          "KomakiPCA5NoDevice-os-channel-1": 134,
          "KomakiPCA5NoDevice-os-channel-2": 103,
          "KomakiPCA5NoDevice-os-channel-3": 107,
          "KomakiPCA5NoDevice-os-channel-4": 103,
          "KomakiPCA5NoDevice-channel-ip-0": 213,
          "KomakiPCA5NoDevice-channel-ip-1": 183,
          "KomakiPCA5NoDevice-channel-ip-2": 187,
          "KomakiPCA5NoDevice-channel-ip-3": 186,
          "KomakiPCA5NoDevice-channel-ip-4": 232,
          "KomakiPCA5NoDevice-channel-app-0": 191,
          "KomakiPCA5NoDevice-channel-app-1": 116,
          "KomakiPCA5NoDevice-channel-app-2": 154,
          "KomakiPCA5NoDevice-channel-app-3": 106,
          "KomakiPCA5NoDevice-channel-app-4": 137,
          "KomakiPCA5NoDevice-channel-os-0": 178,
          "KomakiPCA5NoDevice-channel-os-1": 192,
          "KomakiPCA5NoDevice-channel-os-2": 147,
          "KomakiPCA5NoDevice-channel-os-3": 161,
          "KomakiPCA5NoDevice-channel-os-4": 149
        }
      },
      {
        "train_auc": 0.9940031518235648,
        "valid_auc": 0.9843559150471429,
        "best_iteration": 532,
        "train_time": 410.17028975486755,
        "feature_importance": {
          "app": 3181,
          "hour": 3074,
          "n_channels": 841,
          "ip_app_count": 899,
          "ip_app_os_count": 1064,
          "FutureClickCount_600-ip": 502,
          "FutureClickCount_600-app": 401,
          "FutureClickCount_600-ip-app": 208,
          "FutureClickCount_600-dev": 238,
          "FutureClickCount_600-ip-dev": 432,
          "FutureClickCount_600-app-dev": 319,
          "FutureClickCount_600-ip-app-dev": 170,
          "FutureClickCount_600-os": 281,
          "FutureClickCount_600-ip-os": 395,
          "FutureClickCount_600-app-os": 384,
          "FutureClickCount_600-ip-app-os": 229,
          "FutureClickCount_600-dev-os": 550,
          "FutureClickCount_600-ip-dev-os": 331,
          "FutureClickCount_600-app-dev-os": 535,
          "FutureClickCount_600-ip-app-dev-os": 381,
          "FutureClickCount_600-cha": 433,
          "FutureClickCount_600-ip-cha": 132,
          "FutureClickCount_600-app-cha": 488,
          "FutureClickCount_600-ip-app-cha": 101,
          "FutureClickCount_600-dev-cha": 313,
          "FutureClickCount_600-ip-dev-cha": 110,
          "FutureClickCount_600-app-dev-cha": 356,
          "FutureClickCount_600-ip-app-dev-cha": 89,
          "FutureClickCount_600-os-cha": 289,
          "FutureClickCount_600-ip-os-cha": 86,
          "FutureClickCount_600-app-os-cha": 324,
          "FutureClickCount_600-ip-app-os-cha": 65,
          "FutureClickCount_600-dev-os-cha": 277,
          "FutureClickCount_600-ip-dev-os-cha": 60,
          "FutureClickCount_600-app-dev-os-cha": 285,
          "FutureClickCount_600-ip-app-dev-os-cha": 69,
          "FutureClickCount_4800-ip": 754,
          "FutureClickCount_4800-app": 346,
          "FutureClickCount_4800-ip-app": 275,
          "FutureClickCount_4800-dev": 83,
          "FutureClickCount_4800-ip-dev": 971,
          "FutureClickCount_4800-app-dev": 137,
          "FutureClickCount_4800-ip-app-dev": 253,
          "FutureClickCount_4800-os": 118,
          "FutureClickCount_4800-ip-os": 468,
          "FutureClickCount_4800-app-os": 282,
          "FutureClickCount_4800-ip-app-os": 302,
          "FutureClickCount_4800-dev-os": 184,
          "FutureClickCount_4800-ip-dev-os": 714,
          "FutureClickCount_4800-app-dev-os": 425,
          "FutureClickCount_4800-ip-app-dev-os": 357,
          "FutureClickCount_4800-cha": 316,
          "FutureClickCount_4800-ip-cha": 173,
          "FutureClickCount_4800-app-cha": 544,
          "FutureClickCount_4800-ip-app-cha": 153,
          "FutureClickCount_4800-dev-cha": 194,
          "FutureClickCount_4800-ip-dev-cha": 173,
          "FutureClickCount_4800-app-dev-cha": 283,
          "FutureClickCount_4800-ip-app-dev-cha": 132,
          "FutureClickCount_4800-os-cha": 252,
          "FutureClickCount_4800-ip-os-cha": 113,
          "FutureClickCount_4800-app-os-cha": 331,
          "FutureClickCount_4800-ip-app-os-cha": 91,
          "FutureClickCount_4800-dev-os-cha": 254,
          "FutureClickCount_4800-ip-dev-os-cha": 108,
          "FutureClickCount_4800-app-dev-os-cha": 294,
          "FutureClickCount_4800-ip-app-dev-os-cha": 95,
          "NextClickTimeDelta-ip": 652,
          "NextClickTimeDelta-app": 111,
          "NextClickTimeDelta-ip-app": 823,
          "NextClickTimeDelta-dev": 68,
          "NextClickTimeDelta-ip-dev": 420,
          "NextClickTimeDelta-app-dev": 98,
          "NextClickTimeDelta-ip-app-dev": 559,
          "NextClickTimeDelta-os": 63,
          "NextClickTimeDelta-ip-os": 611,
          "NextClickTimeDelta-app-os": 176,
          "NextClickTimeDelta-ip-app-os": 1328,
          "NextClickTimeDelta-dev-os": 86,
          "NextClickTimeDelta-ip-dev-os": 415,
          "NextClickTimeDelta-app-dev-os": 128,
          "NextClickTimeDelta-ip-app-dev-os": 2261,
          "NextClickTimeDelta-cha": 159,
          "NextClickTimeDelta-ip-cha": 452,
          "NextClickTimeDelta-app-cha": 158,
          "NextClickTimeDelta-ip-app-cha": 416,
          "NextClickTimeDelta-dev-cha": 127,
          "NextClickTimeDelta-ip-dev-cha": 335,
          "NextClickTimeDelta-app-dev-cha": 127,
          "NextClickTimeDelta-ip-app-dev-cha": 293,
          "NextClickTimeDelta-os-cha": 216,
          "NextClickTimeDelta-ip-os-cha": 346,
          "NextClickTimeDelta-app-os-cha": 243,
          "NextClickTimeDelta-ip-app-os-cha": 413,
          "NextClickTimeDelta-dev-os-cha": 183,
          "NextClickTimeDelta-ip-dev-os-cha": 257,
          "NextClickTimeDelta-app-dev-os-cha": 197,
          "NextClickTimeDelta-ip-app-dev-os-cha": 479,
          "PrevClickTimeDelta-ip": 550,
          "PrevClickTimeDelta-app": 101,
          "PrevClickTimeDelta-ip-app": 385,
          "PrevClickTimeDelta-dev": 70,
          "PrevClickTimeDelta-ip-dev": 342,
          "PrevClickTimeDelta-app-dev": 90,
          "PrevClickTimeDelta-ip-app-dev": 268,
          "PrevClickTimeDelta-os": 79,
          "PrevClickTimeDelta-ip-os": 403,
          "PrevClickTimeDelta-app-os": 187,
          "PrevClickTimeDelta-ip-app-os": 368,
          "PrevClickTimeDelta-dev-os": 92,
          "PrevClickTimeDelta-ip-dev-os": 323,
          "PrevClickTimeDelta-app-dev-os": 168,
          "PrevClickTimeDelta-ip-app-dev-os": 282,
          "PrevClickTimeDelta-cha": 135,
          "PrevClickTimeDelta-ip-cha": 381,
          "PrevClickTimeDelta-app-cha": 165,
          "PrevClickTimeDelta-ip-app-cha": 278,
          "PrevClickTimeDelta-dev-cha": 124,
          "PrevClickTimeDelta-ip-dev-cha": 239,
          "PrevClickTimeDelta-app-dev-cha": 144,
          "PrevClickTimeDelta-ip-app-dev-cha": 212,
          "PrevClickTimeDelta-os-cha": 231,
          "PrevClickTimeDelta-ip-os-cha": 247,
          "PrevClickTimeDelta-app-os-cha": 230,
          "PrevClickTimeDelta-ip-app-os-cha": 193,
          "PrevClickTimeDelta-dev-os-cha": 167,
          "PrevClickTimeDelta-ip-dev-os-cha": 135,
          "PrevClickTimeDelta-app-dev-os-cha": 195,
          "PrevClickTimeDelta-ip-app-dev-os-cha": 150,
          "AverageAttributedRatio-ip": 443,
          "AverageAttributedRatio-app": 348,
          "AverageAttributedRatio-ip-app": 336,
          "AverageAttributedRatio-dev": 652,
          "AverageAttributedRatio-ip-dev": 401,
          "AverageAttributedRatio-app-dev": 296,
          "AverageAttributedRatio-ip-app-dev": 439,
          "AverageAttributedRatio-os": 355,
          "AverageAttributedRatio-ip-os": 316,
          "AverageAttributedRatio-app-os": 362,
          "AverageAttributedRatio-ip-app-os": 137,
          "AverageAttributedRatio-dev-os": 289,
          "AverageAttributedRatio-ip-dev-os": 282,
          "AverageAttributedRatio-app-dev-os": 362,
          "AverageAttributedRatio-ip-app-dev-os": 111,
          "AverageAttributedRatio-cha": 320,
          "AverageAttributedRatio-ip-cha": 178,
          "AverageAttributedRatio-app-cha": 285,
          "AverageAttributedRatio-ip-app-cha": 127,
          "AverageAttributedRatio-dev-cha": 199,
          "AverageAttributedRatio-ip-dev-cha": 121,
          "AverageAttributedRatio-app-dev-cha": 294,
          "AverageAttributedRatio-ip-app-dev-cha": 108,
          "AverageAttributedRatio-os-cha": 330,
          "AverageAttributedRatio-ip-os-cha": 88,
          "AverageAttributedRatio-app-os-cha": 404,
          "AverageAttributedRatio-ip-app-os-cha": 64,
          "AverageAttributedRatio-dev-os-cha": 253,
          "AverageAttributedRatio-ip-dev-os-cha": 67,
          "AverageAttributedRatio-app-dev-os-cha": 388,
          "AverageAttributedRatio-ip-app-dev-os-cha": 53,
          "KomakiLDA5NoDevice-ip-app-0": 902,
          "KomakiLDA5NoDevice-ip-app-1": 875,
          "KomakiLDA5NoDevice-ip-app-2": 912,
          "KomakiLDA5NoDevice-ip-app-3": 531,
          "KomakiLDA5NoDevice-ip-app-4": 468,
          "KomakiLDA5NoDevice-ip-os-0": 794,
          "KomakiLDA5NoDevice-ip-os-1": 855,
          "KomakiLDA5NoDevice-ip-os-2": 521,
          "KomakiLDA5NoDevice-ip-os-3": 695,
          "KomakiLDA5NoDevice-ip-os-4": 754,
          "KomakiLDA5NoDevice-ip-channel-0": 889,
          "KomakiLDA5NoDevice-ip-channel-1": 760,
          "KomakiLDA5NoDevice-ip-channel-2": 858,
          "KomakiLDA5NoDevice-ip-channel-3": 917,
          "KomakiLDA5NoDevice-ip-channel-4": 973,
          "KomakiLDA5NoDevice-app-ip-0": 245,
          "KomakiLDA5NoDevice-app-ip-1": 179,
          "KomakiLDA5NoDevice-app-ip-2": 161,
          "KomakiLDA5NoDevice-app-ip-3": 182,
          "KomakiLDA5NoDevice-app-ip-4": 114,
          "KomakiLDA5NoDevice-app-os-0": 136,
          "KomakiLDA5NoDevice-app-os-1": 198,
          "KomakiLDA5NoDevice-app-os-2": 98,
          "KomakiLDA5NoDevice-app-os-3": 96,
          "KomakiLDA5NoDevice-app-os-4": 130,
          "KomakiLDA5NoDevice-app-channel-0": 149,
          "KomakiLDA5NoDevice-app-channel-1": 125,
          "KomakiLDA5NoDevice-app-channel-2": 199,
          "KomakiLDA5NoDevice-app-channel-3": 152,
          "KomakiLDA5NoDevice-app-channel-4": 65,
          "KomakiLDA5NoDevice-os-ip-0": 331,
          "KomakiLDA5NoDevice-os-ip-1": 157,
          "KomakiLDA5NoDevice-os-ip-2": 194,
          "KomakiLDA5NoDevice-os-ip-3": 159,
          "KomakiLDA5NoDevice-os-ip-4": 208,
          "KomakiLDA5NoDevice-os-app-0": 244,
          "KomakiLDA5NoDevice-os-app-1": 266,
          "KomakiLDA5NoDevice-os-app-2": 105,
          "KomakiLDA5NoDevice-os-app-3": 190,
          "KomakiLDA5NoDevice-os-app-4": 99,
          "KomakiLDA5NoDevice-os-channel-0": 220,
          "KomakiLDA5NoDevice-os-channel-1": 100,
          "KomakiLDA5NoDevice-os-channel-2": 211,
          "KomakiLDA5NoDevice-os-channel-3": 258,
          "KomakiLDA5NoDevice-os-channel-4": 148,
          "KomakiLDA5NoDevice-channel-ip-0": 217,
          "KomakiLDA5NoDevice-channel-ip-1": 247,
          "KomakiLDA5NoDevice-channel-ip-2": 192,
          "KomakiLDA5NoDevice-channel-ip-3": 299,
          "KomakiLDA5NoDevice-channel-ip-4": 186,
          "KomakiLDA5NoDevice-channel-app-0": 199,
          "KomakiLDA5NoDevice-channel-app-1": 201,
          "KomakiLDA5NoDevice-channel-app-2": 220,
          "KomakiLDA5NoDevice-channel-app-3": 196,
          "KomakiLDA5NoDevice-channel-app-4": 141,
          "KomakiLDA5NoDevice-channel-os-0": 208,
          "KomakiLDA5NoDevice-channel-os-1": 251,
          "KomakiLDA5NoDevice-channel-os-2": 235,
          "KomakiLDA5NoDevice-channel-os-3": 208,
          "KomakiLDA5NoDevice-channel-os-4": 240,
          "KomakiNMF5NoDevice-ip-app-0": 469,
          "KomakiNMF5NoDevice-ip-app-1": 782,
          "KomakiNMF5NoDevice-ip-app-2": 643,
          "KomakiNMF5NoDevice-ip-app-3": 494,
          "KomakiNMF5NoDevice-ip-app-4": 528,
          "KomakiNMF5NoDevice-ip-os-0": 711,
          "KomakiNMF5NoDevice-ip-os-1": 680,
          "KomakiNMF5NoDevice-ip-os-2": 567,
          "KomakiNMF5NoDevice-ip-os-3": 584,
          "KomakiNMF5NoDevice-ip-os-4": 594,
          "KomakiNMF5NoDevice-ip-channel-0": 582,
          "KomakiNMF5NoDevice-ip-channel-1": 1011,
          "KomakiNMF5NoDevice-ip-channel-2": 509,
          "KomakiNMF5NoDevice-ip-channel-3": 751,
          "KomakiNMF5NoDevice-ip-channel-4": 683,
          "KomakiNMF5NoDevice-app-ip-0": 117,
          "KomakiNMF5NoDevice-app-ip-1": 126,
          "KomakiNMF5NoDevice-app-ip-2": 99,
          "KomakiNMF5NoDevice-app-ip-3": 89,
          "KomakiNMF5NoDevice-app-ip-4": 71,
          "KomakiNMF5NoDevice-app-os-0": 46,
          "KomakiNMF5NoDevice-app-os-1": 117,
          "KomakiNMF5NoDevice-app-os-2": 72,
          "KomakiNMF5NoDevice-app-os-3": 36,
          "KomakiNMF5NoDevice-app-os-4": 28,
          "KomakiNMF5NoDevice-app-channel-0": 82,
          "KomakiNMF5NoDevice-app-channel-1": 81,
          "KomakiNMF5NoDevice-app-channel-2": 105,
          "KomakiNMF5NoDevice-app-channel-3": 126,
          "KomakiNMF5NoDevice-app-channel-4": 75,
          "KomakiNMF5NoDevice-os-ip-0": 84,
          "KomakiNMF5NoDevice-os-ip-1": 116,
          "KomakiNMF5NoDevice-os-ip-2": 117,
          "KomakiNMF5NoDevice-os-ip-3": 121,
          "KomakiNMF5NoDevice-os-ip-4": 94,
          "KomakiNMF5NoDevice-os-app-0": 52,
          "KomakiNMF5NoDevice-os-app-1": 10,
          "KomakiNMF5NoDevice-os-app-2": 104,
          "KomakiNMF5NoDevice-os-app-3": 174,
          "KomakiNMF5NoDevice-os-app-4": 99,
          "KomakiNMF5NoDevice-os-channel-0": 235,
          "KomakiNMF5NoDevice-os-channel-1": 99,
          "KomakiNMF5NoDevice-os-channel-2": 242,
          "KomakiNMF5NoDevice-os-channel-3": 153,
          "KomakiNMF5NoDevice-os-channel-4": 116,
          "KomakiNMF5NoDevice-channel-ip-0": 282,
          "KomakiNMF5NoDevice-channel-ip-1": 145,
          "KomakiNMF5NoDevice-channel-ip-2": 147,
          "KomakiNMF5NoDevice-channel-ip-3": 202,
          "KomakiNMF5NoDevice-channel-ip-4": 179,
          "KomakiNMF5NoDevice-channel-app-0": 126,
          "KomakiNMF5NoDevice-channel-app-1": 47,
          "KomakiNMF5NoDevice-channel-app-2": 102,
          "KomakiNMF5NoDevice-channel-app-3": 125,
          "KomakiNMF5NoDevice-channel-app-4": 146,
          "KomakiNMF5NoDevice-channel-os-0": 201,
          "KomakiNMF5NoDevice-channel-os-1": 76,
          "KomakiNMF5NoDevice-channel-os-2": 190,
          "KomakiNMF5NoDevice-channel-os-3": 105,
          "KomakiNMF5NoDevice-channel-os-4": 186,
          "KomakiPCA5NoDevice-ip-app-0": 727,
          "KomakiPCA5NoDevice-ip-app-1": 526,
          "KomakiPCA5NoDevice-ip-app-2": 673,
          "KomakiPCA5NoDevice-ip-app-3": 483,
          "KomakiPCA5NoDevice-ip-app-4": 742,
          "KomakiPCA5NoDevice-ip-os-0": 905,
          "KomakiPCA5NoDevice-ip-os-1": 522,
          "KomakiPCA5NoDevice-ip-os-2": 627,
          "KomakiPCA5NoDevice-ip-os-3": 546,
          "KomakiPCA5NoDevice-ip-os-4": 634,
          "KomakiPCA5NoDevice-ip-channel-0": 931,
          "KomakiPCA5NoDevice-ip-channel-1": 647,
          "KomakiPCA5NoDevice-ip-channel-2": 621,
          "KomakiPCA5NoDevice-ip-channel-3": 587,
          "KomakiPCA5NoDevice-ip-channel-4": 616,
          "KomakiPCA5NoDevice-app-ip-0": 98,
          "KomakiPCA5NoDevice-app-ip-1": 61,
          "KomakiPCA5NoDevice-app-ip-2": 89,
          "KomakiPCA5NoDevice-app-ip-3": 107,
          "KomakiPCA5NoDevice-app-ip-4": 87,
          "KomakiPCA5NoDevice-app-os-0": 101,
          "KomakiPCA5NoDevice-app-os-1": 66,
          "KomakiPCA5NoDevice-app-os-2": 120,
          "KomakiPCA5NoDevice-app-os-3": 108,
          "KomakiPCA5NoDevice-app-os-4": 102,
          "KomakiPCA5NoDevice-app-channel-0": 80,
          "KomakiPCA5NoDevice-app-channel-1": 108,
          "KomakiPCA5NoDevice-app-channel-2": 72,
          "KomakiPCA5NoDevice-app-channel-3": 94,
          "KomakiPCA5NoDevice-app-channel-4": 92,
          "KomakiPCA5NoDevice-os-ip-0": 53,
          "KomakiPCA5NoDevice-os-ip-1": 89,
          "KomakiPCA5NoDevice-os-ip-2": 140,
          "KomakiPCA5NoDevice-os-ip-3": 118,
          "KomakiPCA5NoDevice-os-ip-4": 96,
          "KomakiPCA5NoDevice-os-app-0": 128,
          "KomakiPCA5NoDevice-os-app-1": 103,
          "KomakiPCA5NoDevice-os-app-2": 84,
          "KomakiPCA5NoDevice-os-app-3": 150,
          "KomakiPCA5NoDevice-os-app-4": 193,
          "KomakiPCA5NoDevice-os-channel-0": 145,
          "KomakiPCA5NoDevice-os-channel-1": 152,
          "KomakiPCA5NoDevice-os-channel-2": 117,
          "KomakiPCA5NoDevice-os-channel-3": 120,
          "KomakiPCA5NoDevice-os-channel-4": 108,
          "KomakiPCA5NoDevice-channel-ip-0": 232,
          "KomakiPCA5NoDevice-channel-ip-1": 219,
          "KomakiPCA5NoDevice-channel-ip-2": 203,
          "KomakiPCA5NoDevice-channel-ip-3": 183,
          "KomakiPCA5NoDevice-channel-ip-4": 209,
          "KomakiPCA5NoDevice-channel-app-0": 184,
          "KomakiPCA5NoDevice-channel-app-1": 124,
          "KomakiPCA5NoDevice-channel-app-2": 155,
          "KomakiPCA5NoDevice-channel-app-3": 121,
          "KomakiPCA5NoDevice-channel-app-4": 152,
          "KomakiPCA5NoDevice-channel-os-0": 164,
          "KomakiPCA5NoDevice-channel-os-1": 162,
          "KomakiPCA5NoDevice-channel-os-2": 164,
          "KomakiPCA5NoDevice-channel-os-3": 166,
          "KomakiPCA5NoDevice-channel-os-4": 176
        }
      },
      {
        "train_auc": 0.9934927032855791,
        "valid_auc": 0.9846630756217323,
        "best_iteration": 471,
        "train_time": 372.5773575305939,
        "feature_importance": {
          "app": 2785,
          "hour": 2571,
          "n_channels": 815,
          "ip_app_count": 787,
          "ip_app_os_count": 931,
          "FutureClickCount_600-ip": 429,
          "FutureClickCount_600-app": 358,
          "FutureClickCount_600-ip-app": 163,
          "FutureClickCount_600-dev": 225,
          "FutureClickCount_600-ip-dev": 377,
          "FutureClickCount_600-app-dev": 306,
          "FutureClickCount_600-ip-app-dev": 144,
          "FutureClickCount_600-os": 241,
          "FutureClickCount_600-ip-os": 346,
          "FutureClickCount_600-app-os": 373,
          "FutureClickCount_600-ip-app-os": 183,
          "FutureClickCount_600-dev-os": 551,
          "FutureClickCount_600-ip-dev-os": 313,
          "FutureClickCount_600-app-dev-os": 524,
          "FutureClickCount_600-ip-app-dev-os": 328,
          "FutureClickCount_600-cha": 381,
          "FutureClickCount_600-ip-cha": 113,
          "FutureClickCount_600-app-cha": 468,
          "FutureClickCount_600-ip-app-cha": 80,
          "FutureClickCount_600-dev-cha": 244,
          "FutureClickCount_600-ip-dev-cha": 92,
          "FutureClickCount_600-app-dev-cha": 260,
          "FutureClickCount_600-ip-app-dev-cha": 79,
          "FutureClickCount_600-os-cha": 195,
          "FutureClickCount_600-ip-os-cha": 67,
          "FutureClickCount_600-app-os-cha": 252,
          "FutureClickCount_600-ip-app-os-cha": 71,
          "FutureClickCount_600-dev-os-cha": 238,
          "FutureClickCount_600-ip-dev-os-cha": 53,
          "FutureClickCount_600-app-dev-os-cha": 285,
          "FutureClickCount_600-ip-app-dev-os-cha": 68,
          "FutureClickCount_4800-ip": 632,
          "FutureClickCount_4800-app": 308,
          "FutureClickCount_4800-ip-app": 287,
          "FutureClickCount_4800-dev": 71,
          "FutureClickCount_4800-ip-dev": 891,
          "FutureClickCount_4800-app-dev": 186,
          "FutureClickCount_4800-ip-app-dev": 215,
          "FutureClickCount_4800-os": 102,
          "FutureClickCount_4800-ip-os": 448,
          "FutureClickCount_4800-app-os": 253,
          "FutureClickCount_4800-ip-app-os": 266,
          "FutureClickCount_4800-dev-os": 170,
          "FutureClickCount_4800-ip-dev-os": 716,
          "FutureClickCount_4800-app-dev-os": 431,
          "FutureClickCount_4800-ip-app-dev-os": 339,
          "FutureClickCount_4800-cha": 256,
          "FutureClickCount_4800-ip-cha": 142,
          "FutureClickCount_4800-app-cha": 443,
          "FutureClickCount_4800-ip-app-cha": 131,
          "FutureClickCount_4800-dev-cha": 199,
          "FutureClickCount_4800-ip-dev-cha": 133,
          "FutureClickCount_4800-app-dev-cha": 254,
          "FutureClickCount_4800-ip-app-dev-cha": 111,
          "FutureClickCount_4800-os-cha": 208,
          "FutureClickCount_4800-ip-os-cha": 95,
          "FutureClickCount_4800-app-os-cha": 222,
          "FutureClickCount_4800-ip-app-os-cha": 73,
          "FutureClickCount_4800-dev-os-cha": 243,
          "FutureClickCount_4800-ip-dev-os-cha": 83,
          "FutureClickCount_4800-app-dev-os-cha": 257,
          "FutureClickCount_4800-ip-app-dev-os-cha": 68,
          "NextClickTimeDelta-ip": 544,
          "NextClickTimeDelta-app": 99,
          "NextClickTimeDelta-ip-app": 695,
          "NextClickTimeDelta-dev": 75,
          "NextClickTimeDelta-ip-dev": 373,
          "NextClickTimeDelta-app-dev": 91,
          "NextClickTimeDelta-ip-app-dev": 463,
          "NextClickTimeDelta-os": 92,
          "NextClickTimeDelta-ip-os": 522,
          "NextClickTimeDelta-app-os": 143,
          "NextClickTimeDelta-ip-app-os": 1260,
          "NextClickTimeDelta-dev-os": 87,
          "NextClickTimeDelta-ip-dev-os": 403,
          "NextClickTimeDelta-app-dev-os": 126,
          "NextClickTimeDelta-ip-app-dev-os": 2088,
          "NextClickTimeDelta-cha": 123,
          "NextClickTimeDelta-ip-cha": 368,
          "NextClickTimeDelta-app-cha": 165,
          "NextClickTimeDelta-ip-app-cha": 310,
          "NextClickTimeDelta-dev-cha": 99,
          "NextClickTimeDelta-ip-dev-cha": 280,
          "NextClickTimeDelta-app-dev-cha": 111,
          "NextClickTimeDelta-ip-app-dev-cha": 271,
          "NextClickTimeDelta-os-cha": 172,
          "NextClickTimeDelta-ip-os-cha": 290,
          "NextClickTimeDelta-app-os-cha": 222,
          "NextClickTimeDelta-ip-app-os-cha": 379,
          "NextClickTimeDelta-dev-os-cha": 146,
          "NextClickTimeDelta-ip-dev-os-cha": 248,
          "NextClickTimeDelta-app-dev-os-cha": 187,
          "NextClickTimeDelta-ip-app-dev-os-cha": 480,
          "PrevClickTimeDelta-ip": 439,
          "PrevClickTimeDelta-app": 88,
          "PrevClickTimeDelta-ip-app": 321,
          "PrevClickTimeDelta-dev": 41,
          "PrevClickTimeDelta-ip-dev": 255,
          "PrevClickTimeDelta-app-dev": 86,
          "PrevClickTimeDelta-ip-app-dev": 222,
          "PrevClickTimeDelta-os": 107,
          "PrevClickTimeDelta-ip-os": 343,
          "PrevClickTimeDelta-app-os": 149,
          "PrevClickTimeDelta-ip-app-os": 307,
          "PrevClickTimeDelta-dev-os": 62,
          "PrevClickTimeDelta-ip-dev-os": 280,
          "PrevClickTimeDelta-app-dev-os": 142,
          "PrevClickTimeDelta-ip-app-dev-os": 227,
          "PrevClickTimeDelta-cha": 103,
          "PrevClickTimeDelta-ip-cha": 302,
          "PrevClickTimeDelta-app-cha": 184,
          "PrevClickTimeDelta-ip-app-cha": 221,
          "PrevClickTimeDelta-dev-cha": 112,
          "PrevClickTimeDelta-ip-dev-cha": 180,
          "PrevClickTimeDelta-app-dev-cha": 92,
          "PrevClickTimeDelta-ip-app-dev-cha": 161,
          "PrevClickTimeDelta-os-cha": 192,
          "PrevClickTimeDelta-ip-os-cha": 205,
          "PrevClickTimeDelta-app-os-cha": 189,
          "PrevClickTimeDelta-ip-app-os-cha": 169,
          "PrevClickTimeDelta-dev-os-cha": 130,
          "PrevClickTimeDelta-ip-dev-os-cha": 118,
          "PrevClickTimeDelta-app-dev-os-cha": 151,
          "PrevClickTimeDelta-ip-app-dev-os-cha": 130,
          "AverageAttributedRatio-ip": 333,
          "AverageAttributedRatio-app": 307,
          "AverageAttributedRatio-ip-app": 343,
          "AverageAttributedRatio-dev": 515,
          "AverageAttributedRatio-ip-dev": 361,
          "AverageAttributedRatio-app-dev": 240,
          "AverageAttributedRatio-ip-app-dev": 403,
          "AverageAttributedRatio-os": 274,
          "AverageAttributedRatio-ip-os": 284,
          "AverageAttributedRatio-app-os": 299,
          "AverageAttributedRatio-ip-app-os": 100,
          "AverageAttributedRatio-dev-os": 267,
          "AverageAttributedRatio-ip-dev-os": 259,
          "AverageAttributedRatio-app-dev-os": 292,
          "AverageAttributedRatio-ip-app-dev-os": 112,
          "AverageAttributedRatio-cha": 279,
          "AverageAttributedRatio-ip-cha": 165,
          "AverageAttributedRatio-app-cha": 272,
          "AverageAttributedRatio-ip-app-cha": 135,
          "AverageAttributedRatio-dev-cha": 164,
          "AverageAttributedRatio-ip-dev-cha": 121,
          "AverageAttributedRatio-app-dev-cha": 217,
          "AverageAttributedRatio-ip-app-dev-cha": 86,
          "AverageAttributedRatio-os-cha": 282,
          "AverageAttributedRatio-ip-os-cha": 72,
          "AverageAttributedRatio-app-os-cha": 358,
          "AverageAttributedRatio-ip-app-os-cha": 50,
          "AverageAttributedRatio-dev-os-cha": 226,
          "AverageAttributedRatio-ip-dev-os-cha": 58,
          "AverageAttributedRatio-app-dev-os-cha": 342,
          "AverageAttributedRatio-ip-app-dev-os-cha": 35,
          "KomakiLDA5NoDevice-ip-app-0": 781,
          "KomakiLDA5NoDevice-ip-app-1": 784,
          "KomakiLDA5NoDevice-ip-app-2": 873,
          "KomakiLDA5NoDevice-ip-app-3": 467,
          "KomakiLDA5NoDevice-ip-app-4": 391,
          "KomakiLDA5NoDevice-ip-os-0": 735,
          "KomakiLDA5NoDevice-ip-os-1": 669,
          "KomakiLDA5NoDevice-ip-os-2": 447,
          "KomakiLDA5NoDevice-ip-os-3": 531,
          "KomakiLDA5NoDevice-ip-os-4": 635,
          "KomakiLDA5NoDevice-ip-channel-0": 769,
          "KomakiLDA5NoDevice-ip-channel-1": 622,
          "KomakiLDA5NoDevice-ip-channel-2": 730,
          "KomakiLDA5NoDevice-ip-channel-3": 771,
          "KomakiLDA5NoDevice-ip-channel-4": 862,
          "KomakiLDA5NoDevice-app-ip-0": 241,
          "KomakiLDA5NoDevice-app-ip-1": 177,
          "KomakiLDA5NoDevice-app-ip-2": 157,
          "KomakiLDA5NoDevice-app-ip-3": 201,
          "KomakiLDA5NoDevice-app-ip-4": 122,
          "KomakiLDA5NoDevice-app-os-0": 109,
          "KomakiLDA5NoDevice-app-os-1": 196,
          "KomakiLDA5NoDevice-app-os-2": 105,
          "KomakiLDA5NoDevice-app-os-3": 96,
          "KomakiLDA5NoDevice-app-os-4": 140,
          "KomakiLDA5NoDevice-app-channel-0": 109,
          "KomakiLDA5NoDevice-app-channel-1": 120,
          "KomakiLDA5NoDevice-app-channel-2": 175,
          "KomakiLDA5NoDevice-app-channel-3": 146,
          "KomakiLDA5NoDevice-app-channel-4": 80,
          "KomakiLDA5NoDevice-os-ip-0": 272,
          "KomakiLDA5NoDevice-os-ip-1": 161,
          "KomakiLDA5NoDevice-os-ip-2": 201,
          "KomakiLDA5NoDevice-os-ip-3": 156,
          "KomakiLDA5NoDevice-os-ip-4": 156,
          "KomakiLDA5NoDevice-os-app-0": 211,
          "KomakiLDA5NoDevice-os-app-1": 238,
          "KomakiLDA5NoDevice-os-app-2": 84,
          "KomakiLDA5NoDevice-os-app-3": 162,
          "KomakiLDA5NoDevice-os-app-4": 94,
          "KomakiLDA5NoDevice-os-channel-0": 209,
          "KomakiLDA5NoDevice-os-channel-1": 99,
          "KomakiLDA5NoDevice-os-channel-2": 201,
          "KomakiLDA5NoDevice-os-channel-3": 251,
          "KomakiLDA5NoDevice-os-channel-4": 144,
          "KomakiLDA5NoDevice-channel-ip-0": 163,
          "KomakiLDA5NoDevice-channel-ip-1": 221,
          "KomakiLDA5NoDevice-channel-ip-2": 156,
          "KomakiLDA5NoDevice-channel-ip-3": 214,
          "KomakiLDA5NoDevice-channel-ip-4": 153,
          "KomakiLDA5NoDevice-channel-app-0": 203,
          "KomakiLDA5NoDevice-channel-app-1": 147,
          "KomakiLDA5NoDevice-channel-app-2": 205,
          "KomakiLDA5NoDevice-channel-app-3": 193,
          "KomakiLDA5NoDevice-channel-app-4": 167,
          "KomakiLDA5NoDevice-channel-os-0": 169,
          "KomakiLDA5NoDevice-channel-os-1": 239,
          "KomakiLDA5NoDevice-channel-os-2": 191,
          "KomakiLDA5NoDevice-channel-os-3": 178,
          "KomakiLDA5NoDevice-channel-os-4": 196,
          "KomakiNMF5NoDevice-ip-app-0": 388,
          "KomakiNMF5NoDevice-ip-app-1": 794,
          "KomakiNMF5NoDevice-ip-app-2": 528,
          "KomakiNMF5NoDevice-ip-app-3": 384,
          "KomakiNMF5NoDevice-ip-app-4": 470,
          "KomakiNMF5NoDevice-ip-os-0": 611,
          "KomakiNMF5NoDevice-ip-os-1": 582,
          "KomakiNMF5NoDevice-ip-os-2": 502,
          "KomakiNMF5NoDevice-ip-os-3": 564,
          "KomakiNMF5NoDevice-ip-os-4": 496,
          "KomakiNMF5NoDevice-ip-channel-0": 497,
          "KomakiNMF5NoDevice-ip-channel-1": 917,
          "KomakiNMF5NoDevice-ip-channel-2": 489,
          "KomakiNMF5NoDevice-ip-channel-3": 615,
          "KomakiNMF5NoDevice-ip-channel-4": 526,
          "KomakiNMF5NoDevice-app-ip-0": 107,
          "KomakiNMF5NoDevice-app-ip-1": 127,
          "KomakiNMF5NoDevice-app-ip-2": 97,
          "KomakiNMF5NoDevice-app-ip-3": 84,
          "KomakiNMF5NoDevice-app-ip-4": 69,
          "KomakiNMF5NoDevice-app-os-0": 52,
          "KomakiNMF5NoDevice-app-os-1": 103,
          "KomakiNMF5NoDevice-app-os-2": 63,
          "KomakiNMF5NoDevice-app-os-3": 27,
          "KomakiNMF5NoDevice-app-os-4": 40,
          "KomakiNMF5NoDevice-app-channel-0": 78,
          "KomakiNMF5NoDevice-app-channel-1": 89,
          "KomakiNMF5NoDevice-app-channel-2": 95,
          "KomakiNMF5NoDevice-app-channel-3": 86,
          "KomakiNMF5NoDevice-app-channel-4": 72,
          "KomakiNMF5NoDevice-os-ip-0": 105,
          "KomakiNMF5NoDevice-os-ip-1": 99,
          "KomakiNMF5NoDevice-os-ip-2": 98,
          "KomakiNMF5NoDevice-os-ip-3": 117,
          "KomakiNMF5NoDevice-os-ip-4": 74,
          "KomakiNMF5NoDevice-os-app-0": 43,
          "KomakiNMF5NoDevice-os-app-1": 10,
          "KomakiNMF5NoDevice-os-app-2": 93,
          "KomakiNMF5NoDevice-os-app-3": 148,
          "KomakiNMF5NoDevice-os-app-4": 93,
          "KomakiNMF5NoDevice-os-channel-0": 201,
          "KomakiNMF5NoDevice-os-channel-1": 76,
          "KomakiNMF5NoDevice-os-channel-2": 186,
          "KomakiNMF5NoDevice-os-channel-3": 179,
          "KomakiNMF5NoDevice-os-channel-4": 90,
          "KomakiNMF5NoDevice-channel-ip-0": 216,
          "KomakiNMF5NoDevice-channel-ip-1": 125,
          "KomakiNMF5NoDevice-channel-ip-2": 136,
          "KomakiNMF5NoDevice-channel-ip-3": 185,
          "KomakiNMF5NoDevice-channel-ip-4": 195,
          "KomakiNMF5NoDevice-channel-app-0": 88,
          "KomakiNMF5NoDevice-channel-app-1": 34,
          "KomakiNMF5NoDevice-channel-app-2": 99,
          "KomakiNMF5NoDevice-channel-app-3": 84,
          "KomakiNMF5NoDevice-channel-app-4": 134,
          "KomakiNMF5NoDevice-channel-os-0": 177,
          "KomakiNMF5NoDevice-channel-os-1": 65,
          "KomakiNMF5NoDevice-channel-os-2": 165,
          "KomakiNMF5NoDevice-channel-os-3": 89,
          "KomakiNMF5NoDevice-channel-os-4": 169,
          "KomakiPCA5NoDevice-ip-app-0": 678,
          "KomakiPCA5NoDevice-ip-app-1": 558,
          "KomakiPCA5NoDevice-ip-app-2": 517,
          "KomakiPCA5NoDevice-ip-app-3": 354,
          "KomakiPCA5NoDevice-ip-app-4": 680,
          "KomakiPCA5NoDevice-ip-os-0": 875,
          "KomakiPCA5NoDevice-ip-os-1": 459,
          "KomakiPCA5NoDevice-ip-os-2": 535,
          "KomakiPCA5NoDevice-ip-os-3": 405,
          "KomakiPCA5NoDevice-ip-os-4": 547,
          "KomakiPCA5NoDevice-ip-channel-0": 807,
          "KomakiPCA5NoDevice-ip-channel-1": 580,
          "KomakiPCA5NoDevice-ip-channel-2": 494,
          "KomakiPCA5NoDevice-ip-channel-3": 532,
          "KomakiPCA5NoDevice-ip-channel-4": 578,
          "KomakiPCA5NoDevice-app-ip-0": 69,
          "KomakiPCA5NoDevice-app-ip-1": 84,
          "KomakiPCA5NoDevice-app-ip-2": 73,
          "KomakiPCA5NoDevice-app-ip-3": 128,
          "KomakiPCA5NoDevice-app-ip-4": 68,
          "KomakiPCA5NoDevice-app-os-0": 104,
          "KomakiPCA5NoDevice-app-os-1": 56,
          "KomakiPCA5NoDevice-app-os-2": 92,
          "KomakiPCA5NoDevice-app-os-3": 101,
          "KomakiPCA5NoDevice-app-os-4": 76,
          "KomakiPCA5NoDevice-app-channel-0": 78,
          "KomakiPCA5NoDevice-app-channel-1": 103,
          "KomakiPCA5NoDevice-app-channel-2": 81,
          "KomakiPCA5NoDevice-app-channel-3": 105,
          "KomakiPCA5NoDevice-app-channel-4": 90,
          "KomakiPCA5NoDevice-os-ip-0": 35,
          "KomakiPCA5NoDevice-os-ip-1": 80,
          "KomakiPCA5NoDevice-os-ip-2": 84,
          "KomakiPCA5NoDevice-os-ip-3": 131,
          "KomakiPCA5NoDevice-os-ip-4": 98,
          "KomakiPCA5NoDevice-os-app-0": 118,
          "KomakiPCA5NoDevice-os-app-1": 104,
          "KomakiPCA5NoDevice-os-app-2": 75,
          "KomakiPCA5NoDevice-os-app-3": 121,
          "KomakiPCA5NoDevice-os-app-4": 151,
          "KomakiPCA5NoDevice-os-channel-0": 94,
          "KomakiPCA5NoDevice-os-channel-1": 144,
          "KomakiPCA5NoDevice-os-channel-2": 71,
          "KomakiPCA5NoDevice-os-channel-3": 77,
          "KomakiPCA5NoDevice-os-channel-4": 97,
          "KomakiPCA5NoDevice-channel-ip-0": 163,
          "KomakiPCA5NoDevice-channel-ip-1": 172,
          "KomakiPCA5NoDevice-channel-ip-2": 173,
          "KomakiPCA5NoDevice-channel-ip-3": 177,
          "KomakiPCA5NoDevice-channel-ip-4": 205,
          "KomakiPCA5NoDevice-channel-app-0": 146,
          "KomakiPCA5NoDevice-channel-app-1": 109,
          "KomakiPCA5NoDevice-channel-app-2": 103,
          "KomakiPCA5NoDevice-channel-app-3": 129,
          "KomakiPCA5NoDevice-channel-app-4": 131,
          "KomakiPCA5NoDevice-channel-os-0": 150,
          "KomakiPCA5NoDevice-channel-os-1": 148,
          "KomakiPCA5NoDevice-channel-os-2": 126,
          "KomakiPCA5NoDevice-channel-os-3": 159,
          "KomakiPCA5NoDevice-channel-os-4": 161
        }
      }
    ],
    "average_train_auc": 0.9938376113449598,
    "average_valid_auc": 0.9844326517117008,
    "train_auc_std": 0.000190285737535684,
    "valid_auc_std": 0.00017482361954182594,
    "average_train_time": 398.65906858444214
  },
  "config": {
    "features": [
      "app",
      "hour",
      "count",
      "future_click_count_10",
      "future_click_count_80",
      "next_click_time_delta",
      "prev_click_time_delta",
      "average_attributed_ratio",
      "komaki_lda_5_no_device",
      "komaki_nmf_5_no_device",
      "komaki_pca_5_no_device"
    ],
    "model": {
      "name": "lightgbm",
      "model_params": {
        "boosting_type": "gbdt",
        "objective": "binary",
        "metric": "auc",
        "learning_rate": 0.03,
        "num_leaves": 255,
        "max_depth": 8,
        "min_child_samples": 10,
        "max_bin": 100,
        "subsample": 0.7,
        "subsample_freq": 1,
        "colsample_bytree": 0.7,
        "min_child_weight": 0,
        "subsample_for_bin": 200000,
        "min_split_gain": 0,
        "reg_alpha": 0,
        "reg_lambda": 0,
        "verbose": 0
      },
      "train_params": {
        "num_boost_round": 1000,
        "early_stopping_rounds": 30
      }
    },
    "dataset": {
      "input_directory": "data/input/",
      "cache_directory": "data/working/",
      "files": {
        "train": "train.feather",
        "test": "old_test.feather"
      },
      "negative_down_sampling": {
        "enabled": true,
        "bagging_size": 5,
        "random_state": 114514
      }
    },
    "test_hours": {
      "filter_validation": true,
      "train_weight": 2.5
    },
    "note": "53 + higher train weight for hours in test dataset (2.5)"
  }
}