{
  "training": {
    "trials": [
      {
        "train_auc": 0.9948406024191824,
        "valid_auc": 0.9850218421528024,
        "best_iteration": 811,
        "train_time": 477.4650650024414,
        "feature_importance": {
          "app": 3379,
          "hour": 3955,
          "n_channels": 995,
          "ip_app_count": 833,
          "ip_app_os_count": 1028,
          "DuplicateRowIndexDiff": 55,
          "FutureClickCount_4800-ip": 786,
          "FutureClickCount_4800-app": 385,
          "FutureClickCount_4800-ip-app": 346,
          "FutureClickCount_4800-dev": 88,
          "FutureClickCount_4800-ip-dev": 1207,
          "FutureClickCount_4800-app-dev": 354,
          "FutureClickCount_4800-ip-app-dev": 354,
          "FutureClickCount_4800-os": 193,
          "FutureClickCount_4800-ip-os": 623,
          "FutureClickCount_4800-app-os": 551,
          "FutureClickCount_4800-ip-app-os": 299,
          "FutureClickCount_4800-dev-os": 519,
          "FutureClickCount_4800-ip-dev-os": 879,
          "FutureClickCount_4800-app-dev-os": 884,
          "FutureClickCount_4800-ip-app-dev-os": 397,
          "FutureClickCount_4800-cha": 479,
          "FutureClickCount_4800-ip-cha": 214,
          "FutureClickCount_4800-app-cha": 783,
          "FutureClickCount_4800-ip-app-cha": 176,
          "FutureClickCount_4800-dev-cha": 426,
          "FutureClickCount_4800-ip-dev-cha": 214,
          "FutureClickCount_4800-app-dev-cha": 515,
          "FutureClickCount_4800-ip-app-dev-cha": 172,
          "FutureClickCount_4800-os-cha": 479,
          "FutureClickCount_4800-ip-os-cha": 110,
          "FutureClickCount_4800-app-os-cha": 505,
          "FutureClickCount_4800-ip-app-os-cha": 125,
          "FutureClickCount_4800-dev-os-cha": 565,
          "FutureClickCount_4800-ip-dev-os-cha": 99,
          "FutureClickCount_4800-app-dev-os-cha": 622,
          "FutureClickCount_4800-ip-app-dev-os-cha": 161,
          "NextClickTimeDelta-ip": 745,
          "NextClickTimeDelta-app": 102,
          "NextClickTimeDelta-ip-app": 884,
          "NextClickTimeDelta-dev": 38,
          "NextClickTimeDelta-ip-dev": 621,
          "NextClickTimeDelta-app-dev": 82,
          "NextClickTimeDelta-ip-app-dev": 698,
          "NextClickTimeDelta-os": 62,
          "NextClickTimeDelta-ip-os": 608,
          "NextClickTimeDelta-app-os": 193,
          "NextClickTimeDelta-ip-app-os": 1330,
          "NextClickTimeDelta-dev-os": 78,
          "NextClickTimeDelta-ip-dev-os": 474,
          "NextClickTimeDelta-app-dev-os": 172,
          "NextClickTimeDelta-ip-app-dev-os": 2344,
          "NextClickTimeDelta-cha": 100,
          "NextClickTimeDelta-ip-cha": 587,
          "NextClickTimeDelta-app-cha": 214,
          "NextClickTimeDelta-ip-app-cha": 495,
          "NextClickTimeDelta-dev-cha": 87,
          "NextClickTimeDelta-ip-dev-cha": 448,
          "NextClickTimeDelta-app-dev-cha": 129,
          "NextClickTimeDelta-ip-app-dev-cha": 415,
          "NextClickTimeDelta-os-cha": 226,
          "NextClickTimeDelta-ip-os-cha": 429,
          "NextClickTimeDelta-app-os-cha": 339,
          "NextClickTimeDelta-ip-app-os-cha": 559,
          "NextClickTimeDelta-dev-os-cha": 204,
          "NextClickTimeDelta-ip-dev-os-cha": 384,
          "NextClickTimeDelta-app-dev-os-cha": 294,
          "NextClickTimeDelta-ip-app-dev-os-cha": 549,
          "PrevClickTimeDelta-ip": 601,
          "PrevClickTimeDelta-app": 100,
          "PrevClickTimeDelta-ip-app": 530,
          "PrevClickTimeDelta-dev": 45,
          "PrevClickTimeDelta-ip-dev": 427,
          "PrevClickTimeDelta-app-dev": 92,
          "PrevClickTimeDelta-ip-app-dev": 424,
          "PrevClickTimeDelta-os": 79,
          "PrevClickTimeDelta-ip-os": 560,
          "PrevClickTimeDelta-app-os": 213,
          "PrevClickTimeDelta-ip-app-os": 467,
          "PrevClickTimeDelta-dev-os": 47,
          "PrevClickTimeDelta-ip-dev-os": 387,
          "PrevClickTimeDelta-app-dev-os": 206,
          "PrevClickTimeDelta-ip-app-dev-os": 354,
          "PrevClickTimeDelta-cha": 78,
          "PrevClickTimeDelta-ip-cha": 428,
          "PrevClickTimeDelta-app-cha": 155,
          "PrevClickTimeDelta-ip-app-cha": 356,
          "PrevClickTimeDelta-dev-cha": 94,
          "PrevClickTimeDelta-ip-dev-cha": 333,
          "PrevClickTimeDelta-app-dev-cha": 122,
          "PrevClickTimeDelta-ip-app-dev-cha": 276,
          "PrevClickTimeDelta-os-cha": 228,
          "PrevClickTimeDelta-ip-os-cha": 317,
          "PrevClickTimeDelta-app-os-cha": 287,
          "PrevClickTimeDelta-ip-app-os-cha": 283,
          "PrevClickTimeDelta-dev-os-cha": 214,
          "PrevClickTimeDelta-ip-dev-os-cha": 248,
          "PrevClickTimeDelta-app-dev-os-cha": 248,
          "PrevClickTimeDelta-ip-app-dev-os-cha": 230,
          "AverageAttributedRatio-ip": 357,
          "AverageAttributedRatio-app": 280,
          "AverageAttributedRatio-ip-app": 143,
          "AverageAttributedRatio-dev": 549,
          "AverageAttributedRatio-ip-dev": 315,
          "AverageAttributedRatio-app-dev": 222,
          "AverageAttributedRatio-ip-app-dev": 201,
          "AverageAttributedRatio-os": 388,
          "AverageAttributedRatio-ip-os": 164,
          "AverageAttributedRatio-app-os": 273,
          "AverageAttributedRatio-ip-app-os": 54,
          "AverageAttributedRatio-dev-os": 358,
          "AverageAttributedRatio-ip-dev-os": 170,
          "AverageAttributedRatio-app-dev-os": 278,
          "AverageAttributedRatio-ip-app-dev-os": 45,
          "AverageAttributedRatio-cha": 253,
          "AverageAttributedRatio-ip-cha": 62,
          "AverageAttributedRatio-app-cha": 297,
          "AverageAttributedRatio-ip-app-cha": 67,
          "AverageAttributedRatio-dev-cha": 204,
          "AverageAttributedRatio-ip-dev-cha": 68,
          "AverageAttributedRatio-app-dev-cha": 234,
          "AverageAttributedRatio-ip-app-dev-cha": 57,
          "AverageAttributedRatio-os-cha": 237,
          "AverageAttributedRatio-ip-os-cha": 36,
          "AverageAttributedRatio-app-os-cha": 226,
          "AverageAttributedRatio-ip-app-os-cha": 37,
          "AverageAttributedRatio-dev-os-cha": 278,
          "AverageAttributedRatio-ip-dev-os-cha": 24,
          "AverageAttributedRatio-app-dev-os-cha": 328,
          "AverageAttributedRatio-ip-app-dev-os-cha": 26,
          "KomakiLDA10NoDevice_1-ip-os-0": 907,
          "KomakiLDA10NoDevice_1-ip-os-1": 651,
          "KomakiLDA10NoDevice_1-ip-os-2": 1005,
          "KomakiLDA10NoDevice_1-ip-os-3": 875,
          "KomakiLDA10NoDevice_1-ip-os-4": 778,
          "KomakiLDA10NoDevice_1-ip-os-5": 981,
          "KomakiLDA10NoDevice_1-ip-os-6": 949,
          "KomakiLDA10NoDevice_1-ip-os-7": 776,
          "KomakiLDA10NoDevice_1-ip-os-8": 735,
          "KomakiLDA10NoDevice_1-ip-os-9": 1013,
          "KomakiLDA10NoDevice_1-app-ip-0": 178,
          "KomakiLDA10NoDevice_1-app-ip-1": 195,
          "KomakiLDA10NoDevice_1-app-ip-2": 180,
          "KomakiLDA10NoDevice_1-app-ip-3": 158,
          "KomakiLDA10NoDevice_1-app-ip-4": 114,
          "KomakiLDA10NoDevice_1-app-ip-5": 93,
          "KomakiLDA10NoDevice_1-app-ip-6": 182,
          "KomakiLDA10NoDevice_1-app-ip-7": 126,
          "KomakiLDA10NoDevice_1-app-ip-8": 139,
          "KomakiLDA10NoDevice_1-app-ip-9": 108,
          "KomakiLDA10NoDevice_1-app-os-0": 184,
          "KomakiLDA10NoDevice_1-app-os-1": 84,
          "KomakiLDA10NoDevice_1-app-os-2": 97,
          "KomakiLDA10NoDevice_1-app-os-3": 153,
          "KomakiLDA10NoDevice_1-app-os-4": 143,
          "KomakiLDA10NoDevice_1-app-os-5": 132,
          "KomakiLDA10NoDevice_1-app-os-6": 86,
          "KomakiLDA10NoDevice_1-app-os-7": 116,
          "KomakiLDA10NoDevice_1-app-os-8": 96,
          "KomakiLDA10NoDevice_1-app-os-9": 98,
          "KomakiLDA10NoDevice_1-app-channel-0": 73,
          "KomakiLDA10NoDevice_1-app-channel-1": 154,
          "KomakiLDA10NoDevice_1-app-channel-2": 135,
          "KomakiLDA10NoDevice_1-app-channel-3": 55,
          "KomakiLDA10NoDevice_1-app-channel-4": 52,
          "KomakiLDA10NoDevice_1-app-channel-5": 64,
          "KomakiLDA10NoDevice_1-app-channel-6": 112,
          "KomakiLDA10NoDevice_1-app-channel-7": 112,
          "KomakiLDA10NoDevice_1-app-channel-8": 90,
          "KomakiLDA10NoDevice_1-app-channel-9": 70,
          "KomakiLDA10NoDevice_1-channel-ip-0": 343,
          "KomakiLDA10NoDevice_1-channel-ip-1": 257,
          "KomakiLDA10NoDevice_1-channel-ip-2": 211,
          "KomakiLDA10NoDevice_1-channel-ip-3": 254,
          "KomakiLDA10NoDevice_1-channel-ip-4": 255,
          "KomakiLDA10NoDevice_1-channel-ip-5": 141,
          "KomakiLDA10NoDevice_1-channel-ip-6": 203,
          "KomakiLDA10NoDevice_1-channel-ip-7": 266,
          "KomakiLDA10NoDevice_1-channel-ip-8": 201,
          "KomakiLDA10NoDevice_1-channel-ip-9": 58,
          "KomakiLDA10NoDevice_1-channel-os-0": 250,
          "KomakiLDA10NoDevice_1-channel-os-1": 158,
          "KomakiLDA10NoDevice_1-channel-os-2": 48,
          "KomakiLDA10NoDevice_1-channel-os-3": 244,
          "KomakiLDA10NoDevice_1-channel-os-4": 230,
          "KomakiLDA10NoDevice_1-channel-os-5": 342,
          "KomakiLDA10NoDevice_1-channel-os-6": 244,
          "KomakiLDA10NoDevice_1-channel-os-7": 162,
          "KomakiLDA10NoDevice_1-channel-os-8": 91,
          "KomakiLDA10NoDevice_1-channel-os-9": 32,
          "KomakiLDA10NoDevice_2-ip-app-0": 1044,
          "KomakiLDA10NoDevice_2-ip-app-1": 815,
          "KomakiLDA10NoDevice_2-ip-app-2": 916,
          "KomakiLDA10NoDevice_2-ip-app-3": 1177,
          "KomakiLDA10NoDevice_2-ip-app-4": 1018,
          "KomakiLDA10NoDevice_2-ip-app-5": 708,
          "KomakiLDA10NoDevice_2-ip-app-6": 891,
          "KomakiLDA10NoDevice_2-ip-app-7": 975,
          "KomakiLDA10NoDevice_2-ip-app-8": 719,
          "KomakiLDA10NoDevice_2-ip-app-9": 833,
          "KomakiLDA10NoDevice_2-ip-channel-0": 1035,
          "KomakiLDA10NoDevice_2-ip-channel-1": 1032,
          "KomakiLDA10NoDevice_2-ip-channel-2": 922,
          "KomakiLDA10NoDevice_2-ip-channel-3": 903,
          "KomakiLDA10NoDevice_2-ip-channel-4": 828,
          "KomakiLDA10NoDevice_2-ip-channel-5": 1009,
          "KomakiLDA10NoDevice_2-ip-channel-6": 987,
          "KomakiLDA10NoDevice_2-ip-channel-7": 915,
          "KomakiLDA10NoDevice_2-ip-channel-8": 991,
          "KomakiLDA10NoDevice_2-ip-channel-9": 944,
          "KomakiLDA10NoDevice_2-os-ip-0": 147,
          "KomakiLDA10NoDevice_2-os-ip-1": 218,
          "KomakiLDA10NoDevice_2-os-ip-2": 198,
          "KomakiLDA10NoDevice_2-os-ip-3": 157,
          "KomakiLDA10NoDevice_2-os-ip-4": 121,
          "KomakiLDA10NoDevice_2-os-ip-5": 168,
          "KomakiLDA10NoDevice_2-os-ip-6": 146,
          "KomakiLDA10NoDevice_2-os-ip-7": 138,
          "KomakiLDA10NoDevice_2-os-ip-8": 173,
          "KomakiLDA10NoDevice_2-os-ip-9": 125,
          "KomakiLDA10NoDevice_2-os-app-0": 271,
          "KomakiLDA10NoDevice_2-os-app-1": 97,
          "KomakiLDA10NoDevice_2-os-app-2": 47,
          "KomakiLDA10NoDevice_2-os-app-3": 201,
          "KomakiLDA10NoDevice_2-os-app-4": 6,
          "KomakiLDA10NoDevice_2-os-app-5": 146,
          "KomakiLDA10NoDevice_2-os-app-6": 54,
          "KomakiLDA10NoDevice_2-os-app-7": 160,
          "KomakiLDA10NoDevice_2-os-app-8": 128,
          "KomakiLDA10NoDevice_2-os-app-9": 130,
          "KomakiLDA10NoDevice_2-os-channel-0": 263,
          "KomakiLDA10NoDevice_2-os-channel-1": 214,
          "KomakiLDA10NoDevice_2-os-channel-2": 95,
          "KomakiLDA10NoDevice_2-os-channel-3": 108,
          "KomakiLDA10NoDevice_2-os-channel-4": 228,
          "KomakiLDA10NoDevice_2-os-channel-5": 227,
          "KomakiLDA10NoDevice_2-os-channel-6": 228,
          "KomakiLDA10NoDevice_2-os-channel-7": 191,
          "KomakiLDA10NoDevice_2-os-channel-8": 139,
          "KomakiLDA10NoDevice_2-os-channel-9": 126,
          "KomakiLDA10NoDevice_2-channel-app-0": 342,
          "KomakiLDA10NoDevice_2-channel-app-1": 111,
          "KomakiLDA10NoDevice_2-channel-app-2": 113,
          "KomakiLDA10NoDevice_2-channel-app-3": 224,
          "KomakiLDA10NoDevice_2-channel-app-4": 144,
          "KomakiLDA10NoDevice_2-channel-app-5": 135,
          "KomakiLDA10NoDevice_2-channel-app-6": 142,
          "KomakiLDA10NoDevice_2-channel-app-7": 189,
          "KomakiLDA10NoDevice_2-channel-app-8": 226,
          "KomakiLDA10NoDevice_2-channel-app-9": 182,
          "KomakiNMF5NoDevice-ip-app-0": 544,
          "KomakiNMF5NoDevice-ip-app-1": 825,
          "KomakiNMF5NoDevice-ip-app-2": 673,
          "KomakiNMF5NoDevice-ip-app-3": 582,
          "KomakiNMF5NoDevice-ip-app-4": 596,
          "KomakiNMF5NoDevice-ip-os-0": 644,
          "KomakiNMF5NoDevice-ip-os-1": 739,
          "KomakiNMF5NoDevice-ip-os-2": 665,
          "KomakiNMF5NoDevice-ip-os-3": 695,
          "KomakiNMF5NoDevice-ip-os-4": 776,
          "KomakiNMF5NoDevice-ip-channel-0": 651,
          "KomakiNMF5NoDevice-ip-channel-1": 943,
          "KomakiNMF5NoDevice-ip-channel-2": 705,
          "KomakiNMF5NoDevice-ip-channel-3": 775,
          "KomakiNMF5NoDevice-ip-channel-4": 715,
          "KomakiNMF5NoDevice-app-ip-0": 112,
          "KomakiNMF5NoDevice-app-ip-1": 108,
          "KomakiNMF5NoDevice-app-ip-2": 104,
          "KomakiNMF5NoDevice-app-ip-3": 99,
          "KomakiNMF5NoDevice-app-ip-4": 44,
          "KomakiNMF5NoDevice-app-os-0": 29,
          "KomakiNMF5NoDevice-app-os-1": 66,
          "KomakiNMF5NoDevice-app-os-2": 77,
          "KomakiNMF5NoDevice-app-os-3": 18,
          "KomakiNMF5NoDevice-app-os-4": 24,
          "KomakiNMF5NoDevice-app-channel-0": 89,
          "KomakiNMF5NoDevice-app-channel-1": 110,
          "KomakiNMF5NoDevice-app-channel-2": 130,
          "KomakiNMF5NoDevice-app-channel-3": 108,
          "KomakiNMF5NoDevice-app-channel-4": 85,
          "KomakiNMF5NoDevice-os-ip-0": 110,
          "KomakiNMF5NoDevice-os-ip-1": 139,
          "KomakiNMF5NoDevice-os-ip-2": 133,
          "KomakiNMF5NoDevice-os-ip-3": 141,
          "KomakiNMF5NoDevice-os-ip-4": 107,
          "KomakiNMF5NoDevice-os-app-0": 81,
          "KomakiNMF5NoDevice-os-app-1": 4,
          "KomakiNMF5NoDevice-os-app-2": 62,
          "KomakiNMF5NoDevice-os-app-3": 131,
          "KomakiNMF5NoDevice-os-app-4": 83,
          "KomakiNMF5NoDevice-os-channel-0": 179,
          "KomakiNMF5NoDevice-os-channel-1": 117,
          "KomakiNMF5NoDevice-os-channel-2": 202,
          "KomakiNMF5NoDevice-os-channel-3": 146,
          "KomakiNMF5NoDevice-os-channel-4": 142,
          "KomakiNMF5NoDevice-channel-ip-0": 265,
          "KomakiNMF5NoDevice-channel-ip-1": 194,
          "KomakiNMF5NoDevice-channel-ip-2": 191,
          "KomakiNMF5NoDevice-channel-ip-3": 238,
          "KomakiNMF5NoDevice-channel-ip-4": 254,
          "KomakiNMF5NoDevice-channel-app-0": 128,
          "KomakiNMF5NoDevice-channel-app-1": 47,
          "KomakiNMF5NoDevice-channel-app-2": 117,
          "KomakiNMF5NoDevice-channel-app-3": 81,
          "KomakiNMF5NoDevice-channel-app-4": 108,
          "KomakiNMF5NoDevice-channel-os-0": 200,
          "KomakiNMF5NoDevice-channel-os-1": 43,
          "KomakiNMF5NoDevice-channel-os-2": 227,
          "KomakiNMF5NoDevice-channel-os-3": 105,
          "KomakiNMF5NoDevice-channel-os-4": 220,
          "KomakiPCA5NoDevice-ip-app-0": 828,
          "KomakiPCA5NoDevice-ip-app-1": 786,
          "KomakiPCA5NoDevice-ip-app-2": 697,
          "KomakiPCA5NoDevice-ip-app-3": 505,
          "KomakiPCA5NoDevice-ip-app-4": 738,
          "KomakiPCA5NoDevice-ip-os-0": 819,
          "KomakiPCA5NoDevice-ip-os-1": 674,
          "KomakiPCA5NoDevice-ip-os-2": 695,
          "KomakiPCA5NoDevice-ip-os-3": 672,
          "KomakiPCA5NoDevice-ip-os-4": 870,
          "KomakiPCA5NoDevice-ip-channel-0": 937,
          "KomakiPCA5NoDevice-ip-channel-1": 679,
          "KomakiPCA5NoDevice-ip-channel-2": 744,
          "KomakiPCA5NoDevice-ip-channel-3": 791,
          "KomakiPCA5NoDevice-ip-channel-4": 676,
          "KomakiPCA5NoDevice-app-ip-0": 75,
          "KomakiPCA5NoDevice-app-ip-1": 73,
          "KomakiPCA5NoDevice-app-ip-2": 97,
          "KomakiPCA5NoDevice-app-ip-3": 119,
          "KomakiPCA5NoDevice-app-ip-4": 72,
          "KomakiPCA5NoDevice-app-os-0": 129,
          "KomakiPCA5NoDevice-app-os-1": 81,
          "KomakiPCA5NoDevice-app-os-2": 90,
          "KomakiPCA5NoDevice-app-os-3": 112,
          "KomakiPCA5NoDevice-app-os-4": 86,
          "KomakiPCA5NoDevice-app-channel-0": 105,
          "KomakiPCA5NoDevice-app-channel-1": 127,
          "KomakiPCA5NoDevice-app-channel-2": 99,
          "KomakiPCA5NoDevice-app-channel-3": 83,
          "KomakiPCA5NoDevice-app-channel-4": 125,
          "KomakiPCA5NoDevice-os-ip-0": 72,
          "KomakiPCA5NoDevice-os-ip-1": 127,
          "KomakiPCA5NoDevice-os-ip-2": 114,
          "KomakiPCA5NoDevice-os-ip-3": 174,
          "KomakiPCA5NoDevice-os-ip-4": 121,
          "KomakiPCA5NoDevice-os-app-0": 110,
          "KomakiPCA5NoDevice-os-app-1": 121,
          "KomakiPCA5NoDevice-os-app-2": 98,
          "KomakiPCA5NoDevice-os-app-3": 124,
          "KomakiPCA5NoDevice-os-app-4": 145,
          "KomakiPCA5NoDevice-os-channel-0": 147,
          "KomakiPCA5NoDevice-os-channel-1": 160,
          "KomakiPCA5NoDevice-os-channel-2": 137,
          "KomakiPCA5NoDevice-os-channel-3": 104,
          "KomakiPCA5NoDevice-os-channel-4": 124,
          "KomakiPCA5NoDevice-channel-ip-0": 200,
          "KomakiPCA5NoDevice-channel-ip-1": 239,
          "KomakiPCA5NoDevice-channel-ip-2": 201,
          "KomakiPCA5NoDevice-channel-ip-3": 202,
          "KomakiPCA5NoDevice-channel-ip-4": 253,
          "KomakiPCA5NoDevice-channel-app-0": 229,
          "KomakiPCA5NoDevice-channel-app-1": 124,
          "KomakiPCA5NoDevice-channel-app-2": 167,
          "KomakiPCA5NoDevice-channel-app-3": 148,
          "KomakiPCA5NoDevice-channel-app-4": 145,
          "KomakiPCA5NoDevice-channel-os-0": 216,
          "KomakiPCA5NoDevice-channel-os-1": 202,
          "KomakiPCA5NoDevice-channel-os-2": 138,
          "KomakiPCA5NoDevice-channel-os-3": 202,
          "KomakiPCA5NoDevice-channel-os-4": 207
        }
      },
      {
        "train_auc": 0.9937749771099357,
        "valid_auc": 0.985032736950472,
        "best_iteration": 658,
        "train_time": 383.575097322464,
        "feature_importance": {
          "app": 2900,
          "hour": 3348,
          "n_channels": 869,
          "ip_app_count": 729,
          "ip_app_os_count": 816,
          "DuplicateRowIndexDiff": 71,
          "FutureClickCount_4800-ip": 688,
          "FutureClickCount_4800-app": 319,
          "FutureClickCount_4800-ip-app": 243,
          "FutureClickCount_4800-dev": 88,
          "FutureClickCount_4800-ip-dev": 1071,
          "FutureClickCount_4800-app-dev": 304,
          "FutureClickCount_4800-ip-app-dev": 262,
          "FutureClickCount_4800-os": 176,
          "FutureClickCount_4800-ip-os": 541,
          "FutureClickCount_4800-app-os": 471,
          "FutureClickCount_4800-ip-app-os": 304,
          "FutureClickCount_4800-dev-os": 447,
          "FutureClickCount_4800-ip-dev-os": 802,
          "FutureClickCount_4800-app-dev-os": 754,
          "FutureClickCount_4800-ip-app-dev-os": 345,
          "FutureClickCount_4800-cha": 389,
          "FutureClickCount_4800-ip-cha": 170,
          "FutureClickCount_4800-app-cha": 755,
          "FutureClickCount_4800-ip-app-cha": 131,
          "FutureClickCount_4800-dev-cha": 347,
          "FutureClickCount_4800-ip-dev-cha": 193,
          "FutureClickCount_4800-app-dev-cha": 437,
          "FutureClickCount_4800-ip-app-dev-cha": 149,
          "FutureClickCount_4800-os-cha": 342,
          "FutureClickCount_4800-ip-os-cha": 97,
          "FutureClickCount_4800-app-os-cha": 459,
          "FutureClickCount_4800-ip-app-os-cha": 135,
          "FutureClickCount_4800-dev-os-cha": 454,
          "FutureClickCount_4800-ip-dev-os-cha": 80,
          "FutureClickCount_4800-app-dev-os-cha": 568,
          "FutureClickCount_4800-ip-app-dev-os-cha": 154,
          "NextClickTimeDelta-ip": 514,
          "NextClickTimeDelta-app": 66,
          "NextClickTimeDelta-ip-app": 679,
          "NextClickTimeDelta-dev": 30,
          "NextClickTimeDelta-ip-dev": 468,
          "NextClickTimeDelta-app-dev": 69,
          "NextClickTimeDelta-ip-app-dev": 521,
          "NextClickTimeDelta-os": 62,
          "NextClickTimeDelta-ip-os": 608,
          "NextClickTimeDelta-app-os": 168,
          "NextClickTimeDelta-ip-app-os": 1236,
          "NextClickTimeDelta-dev-os": 69,
          "NextClickTimeDelta-ip-dev-os": 441,
          "NextClickTimeDelta-app-dev-os": 155,
          "NextClickTimeDelta-ip-app-dev-os": 2156,
          "NextClickTimeDelta-cha": 72,
          "NextClickTimeDelta-ip-cha": 435,
          "NextClickTimeDelta-app-cha": 171,
          "NextClickTimeDelta-ip-app-cha": 484,
          "NextClickTimeDelta-dev-cha": 90,
          "NextClickTimeDelta-ip-dev-cha": 395,
          "NextClickTimeDelta-app-dev-cha": 122,
          "NextClickTimeDelta-ip-app-dev-cha": 388,
          "NextClickTimeDelta-os-cha": 219,
          "NextClickTimeDelta-ip-os-cha": 309,
          "NextClickTimeDelta-app-os-cha": 280,
          "NextClickTimeDelta-ip-app-os-cha": 450,
          "NextClickTimeDelta-dev-os-cha": 173,
          "NextClickTimeDelta-ip-dev-os-cha": 306,
          "NextClickTimeDelta-app-dev-os-cha": 247,
          "NextClickTimeDelta-ip-app-dev-os-cha": 521,
          "PrevClickTimeDelta-ip": 402,
          "PrevClickTimeDelta-app": 96,
          "PrevClickTimeDelta-ip-app": 356,
          "PrevClickTimeDelta-dev": 40,
          "PrevClickTimeDelta-ip-dev": 333,
          "PrevClickTimeDelta-app-dev": 88,
          "PrevClickTimeDelta-ip-app-dev": 296,
          "PrevClickTimeDelta-os": 56,
          "PrevClickTimeDelta-ip-os": 448,
          "PrevClickTimeDelta-app-os": 147,
          "PrevClickTimeDelta-ip-app-os": 385,
          "PrevClickTimeDelta-dev-os": 39,
          "PrevClickTimeDelta-ip-dev-os": 301,
          "PrevClickTimeDelta-app-dev-os": 145,
          "PrevClickTimeDelta-ip-app-dev-os": 310,
          "PrevClickTimeDelta-cha": 82,
          "PrevClickTimeDelta-ip-cha": 337,
          "PrevClickTimeDelta-app-cha": 139,
          "PrevClickTimeDelta-ip-app-cha": 294,
          "PrevClickTimeDelta-dev-cha": 98,
          "PrevClickTimeDelta-ip-dev-cha": 273,
          "PrevClickTimeDelta-app-dev-cha": 96,
          "PrevClickTimeDelta-ip-app-dev-cha": 248,
          "PrevClickTimeDelta-os-cha": 201,
          "PrevClickTimeDelta-ip-os-cha": 199,
          "PrevClickTimeDelta-app-os-cha": 208,
          "PrevClickTimeDelta-ip-app-os-cha": 207,
          "PrevClickTimeDelta-dev-os-cha": 166,
          "PrevClickTimeDelta-ip-dev-os-cha": 173,
          "PrevClickTimeDelta-app-dev-os-cha": 191,
          "PrevClickTimeDelta-ip-app-dev-os-cha": 190,
          "AverageAttributedRatio-ip": 302,
          "AverageAttributedRatio-app": 248,
          "AverageAttributedRatio-ip-app": 142,
          "AverageAttributedRatio-dev": 413,
          "AverageAttributedRatio-ip-dev": 253,
          "AverageAttributedRatio-app-dev": 264,
          "AverageAttributedRatio-ip-app-dev": 168,
          "AverageAttributedRatio-os": 287,
          "AverageAttributedRatio-ip-os": 159,
          "AverageAttributedRatio-app-os": 232,
          "AverageAttributedRatio-ip-app-os": 50,
          "AverageAttributedRatio-dev-os": 292,
          "AverageAttributedRatio-ip-dev-os": 187,
          "AverageAttributedRatio-app-dev-os": 245,
          "AverageAttributedRatio-ip-app-dev-os": 44,
          "AverageAttributedRatio-cha": 237,
          "AverageAttributedRatio-ip-cha": 62,
          "AverageAttributedRatio-app-cha": 197,
          "AverageAttributedRatio-ip-app-cha": 62,
          "AverageAttributedRatio-dev-cha": 176,
          "AverageAttributedRatio-ip-dev-cha": 64,
          "AverageAttributedRatio-app-dev-cha": 205,
          "AverageAttributedRatio-ip-app-dev-cha": 64,
          "AverageAttributedRatio-os-cha": 170,
          "AverageAttributedRatio-ip-os-cha": 26,
          "AverageAttributedRatio-app-os-cha": 213,
          "AverageAttributedRatio-ip-app-os-cha": 26,
          "AverageAttributedRatio-dev-os-cha": 220,
          "AverageAttributedRatio-ip-dev-os-cha": 16,
          "AverageAttributedRatio-app-dev-os-cha": 234,
          "AverageAttributedRatio-ip-app-dev-os-cha": 21,
          "KomakiLDA10NoDevice_1-ip-os-0": 646,
          "KomakiLDA10NoDevice_1-ip-os-1": 521,
          "KomakiLDA10NoDevice_1-ip-os-2": 807,
          "KomakiLDA10NoDevice_1-ip-os-3": 700,
          "KomakiLDA10NoDevice_1-ip-os-4": 660,
          "KomakiLDA10NoDevice_1-ip-os-5": 822,
          "KomakiLDA10NoDevice_1-ip-os-6": 695,
          "KomakiLDA10NoDevice_1-ip-os-7": 690,
          "KomakiLDA10NoDevice_1-ip-os-8": 587,
          "KomakiLDA10NoDevice_1-ip-os-9": 701,
          "KomakiLDA10NoDevice_1-app-ip-0": 152,
          "KomakiLDA10NoDevice_1-app-ip-1": 154,
          "KomakiLDA10NoDevice_1-app-ip-2": 130,
          "KomakiLDA10NoDevice_1-app-ip-3": 157,
          "KomakiLDA10NoDevice_1-app-ip-4": 100,
          "KomakiLDA10NoDevice_1-app-ip-5": 79,
          "KomakiLDA10NoDevice_1-app-ip-6": 185,
          "KomakiLDA10NoDevice_1-app-ip-7": 125,
          "KomakiLDA10NoDevice_1-app-ip-8": 127,
          "KomakiLDA10NoDevice_1-app-ip-9": 85,
          "KomakiLDA10NoDevice_1-app-os-0": 142,
          "KomakiLDA10NoDevice_1-app-os-1": 94,
          "KomakiLDA10NoDevice_1-app-os-2": 87,
          "KomakiLDA10NoDevice_1-app-os-3": 127,
          "KomakiLDA10NoDevice_1-app-os-4": 139,
          "KomakiLDA10NoDevice_1-app-os-5": 126,
          "KomakiLDA10NoDevice_1-app-os-6": 100,
          "KomakiLDA10NoDevice_1-app-os-7": 76,
          "KomakiLDA10NoDevice_1-app-os-8": 72,
          "KomakiLDA10NoDevice_1-app-os-9": 90,
          "KomakiLDA10NoDevice_1-app-channel-0": 60,
          "KomakiLDA10NoDevice_1-app-channel-1": 96,
          "KomakiLDA10NoDevice_1-app-channel-2": 104,
          "KomakiLDA10NoDevice_1-app-channel-3": 62,
          "KomakiLDA10NoDevice_1-app-channel-4": 54,
          "KomakiLDA10NoDevice_1-app-channel-5": 53,
          "KomakiLDA10NoDevice_1-app-channel-6": 106,
          "KomakiLDA10NoDevice_1-app-channel-7": 93,
          "KomakiLDA10NoDevice_1-app-channel-8": 86,
          "KomakiLDA10NoDevice_1-app-channel-9": 57,
          "KomakiLDA10NoDevice_1-channel-ip-0": 248,
          "KomakiLDA10NoDevice_1-channel-ip-1": 176,
          "KomakiLDA10NoDevice_1-channel-ip-2": 190,
          "KomakiLDA10NoDevice_1-channel-ip-3": 256,
          "KomakiLDA10NoDevice_1-channel-ip-4": 199,
          "KomakiLDA10NoDevice_1-channel-ip-5": 123,
          "KomakiLDA10NoDevice_1-channel-ip-6": 158,
          "KomakiLDA10NoDevice_1-channel-ip-7": 209,
          "KomakiLDA10NoDevice_1-channel-ip-8": 187,
          "KomakiLDA10NoDevice_1-channel-ip-9": 32,
          "KomakiLDA10NoDevice_1-channel-os-0": 187,
          "KomakiLDA10NoDevice_1-channel-os-1": 117,
          "KomakiLDA10NoDevice_1-channel-os-2": 25,
          "KomakiLDA10NoDevice_1-channel-os-3": 172,
          "KomakiLDA10NoDevice_1-channel-os-4": 205,
          "KomakiLDA10NoDevice_1-channel-os-5": 269,
          "KomakiLDA10NoDevice_1-channel-os-6": 168,
          "KomakiLDA10NoDevice_1-channel-os-7": 141,
          "KomakiLDA10NoDevice_1-channel-os-8": 61,
          "KomakiLDA10NoDevice_1-channel-os-9": 34,
          "KomakiLDA10NoDevice_2-ip-app-0": 825,
          "KomakiLDA10NoDevice_2-ip-app-1": 601,
          "KomakiLDA10NoDevice_2-ip-app-2": 790,
          "KomakiLDA10NoDevice_2-ip-app-3": 1002,
          "KomakiLDA10NoDevice_2-ip-app-4": 907,
          "KomakiLDA10NoDevice_2-ip-app-5": 544,
          "KomakiLDA10NoDevice_2-ip-app-6": 706,
          "KomakiLDA10NoDevice_2-ip-app-7": 804,
          "KomakiLDA10NoDevice_2-ip-app-8": 563,
          "KomakiLDA10NoDevice_2-ip-app-9": 685,
          "KomakiLDA10NoDevice_2-ip-channel-0": 801,
          "KomakiLDA10NoDevice_2-ip-channel-1": 837,
          "KomakiLDA10NoDevice_2-ip-channel-2": 740,
          "KomakiLDA10NoDevice_2-ip-channel-3": 771,
          "KomakiLDA10NoDevice_2-ip-channel-4": 673,
          "KomakiLDA10NoDevice_2-ip-channel-5": 893,
          "KomakiLDA10NoDevice_2-ip-channel-6": 745,
          "KomakiLDA10NoDevice_2-ip-channel-7": 663,
          "KomakiLDA10NoDevice_2-ip-channel-8": 832,
          "KomakiLDA10NoDevice_2-ip-channel-9": 780,
          "KomakiLDA10NoDevice_2-os-ip-0": 152,
          "KomakiLDA10NoDevice_2-os-ip-1": 158,
          "KomakiLDA10NoDevice_2-os-ip-2": 158,
          "KomakiLDA10NoDevice_2-os-ip-3": 143,
          "KomakiLDA10NoDevice_2-os-ip-4": 81,
          "KomakiLDA10NoDevice_2-os-ip-5": 142,
          "KomakiLDA10NoDevice_2-os-ip-6": 122,
          "KomakiLDA10NoDevice_2-os-ip-7": 104,
          "KomakiLDA10NoDevice_2-os-ip-8": 119,
          "KomakiLDA10NoDevice_2-os-ip-9": 84,
          "KomakiLDA10NoDevice_2-os-app-0": 276,
          "KomakiLDA10NoDevice_2-os-app-1": 89,
          "KomakiLDA10NoDevice_2-os-app-2": 44,
          "KomakiLDA10NoDevice_2-os-app-3": 178,
          "KomakiLDA10NoDevice_2-os-app-4": 10,
          "KomakiLDA10NoDevice_2-os-app-5": 141,
          "KomakiLDA10NoDevice_2-os-app-6": 55,
          "KomakiLDA10NoDevice_2-os-app-7": 145,
          "KomakiLDA10NoDevice_2-os-app-8": 133,
          "KomakiLDA10NoDevice_2-os-app-9": 124,
          "KomakiLDA10NoDevice_2-os-channel-0": 218,
          "KomakiLDA10NoDevice_2-os-channel-1": 184,
          "KomakiLDA10NoDevice_2-os-channel-2": 87,
          "KomakiLDA10NoDevice_2-os-channel-3": 80,
          "KomakiLDA10NoDevice_2-os-channel-4": 249,
          "KomakiLDA10NoDevice_2-os-channel-5": 235,
          "KomakiLDA10NoDevice_2-os-channel-6": 229,
          "KomakiLDA10NoDevice_2-os-channel-7": 167,
          "KomakiLDA10NoDevice_2-os-channel-8": 121,
          "KomakiLDA10NoDevice_2-os-channel-9": 120,
          "KomakiLDA10NoDevice_2-channel-app-0": 284,
          "KomakiLDA10NoDevice_2-channel-app-1": 108,
          "KomakiLDA10NoDevice_2-channel-app-2": 94,
          "KomakiLDA10NoDevice_2-channel-app-3": 159,
          "KomakiLDA10NoDevice_2-channel-app-4": 131,
          "KomakiLDA10NoDevice_2-channel-app-5": 73,
          "KomakiLDA10NoDevice_2-channel-app-6": 126,
          "KomakiLDA10NoDevice_2-channel-app-7": 154,
          "KomakiLDA10NoDevice_2-channel-app-8": 186,
          "KomakiLDA10NoDevice_2-channel-app-9": 161,
          "KomakiNMF5NoDevice-ip-app-0": 426,
          "KomakiNMF5NoDevice-ip-app-1": 687,
          "KomakiNMF5NoDevice-ip-app-2": 488,
          "KomakiNMF5NoDevice-ip-app-3": 421,
          "KomakiNMF5NoDevice-ip-app-4": 520,
          "KomakiNMF5NoDevice-ip-os-0": 549,
          "KomakiNMF5NoDevice-ip-os-1": 553,
          "KomakiNMF5NoDevice-ip-os-2": 539,
          "KomakiNMF5NoDevice-ip-os-3": 581,
          "KomakiNMF5NoDevice-ip-os-4": 577,
          "KomakiNMF5NoDevice-ip-channel-0": 508,
          "KomakiNMF5NoDevice-ip-channel-1": 801,
          "KomakiNMF5NoDevice-ip-channel-2": 521,
          "KomakiNMF5NoDevice-ip-channel-3": 660,
          "KomakiNMF5NoDevice-ip-channel-4": 556,
          "KomakiNMF5NoDevice-app-ip-0": 101,
          "KomakiNMF5NoDevice-app-ip-1": 108,
          "KomakiNMF5NoDevice-app-ip-2": 80,
          "KomakiNMF5NoDevice-app-ip-3": 90,
          "KomakiNMF5NoDevice-app-ip-4": 51,
          "KomakiNMF5NoDevice-app-os-0": 30,
          "KomakiNMF5NoDevice-app-os-1": 62,
          "KomakiNMF5NoDevice-app-os-2": 75,
          "KomakiNMF5NoDevice-app-os-3": 14,
          "KomakiNMF5NoDevice-app-os-4": 25,
          "KomakiNMF5NoDevice-app-channel-0": 80,
          "KomakiNMF5NoDevice-app-channel-1": 73,
          "KomakiNMF5NoDevice-app-channel-2": 110,
          "KomakiNMF5NoDevice-app-channel-3": 93,
          "KomakiNMF5NoDevice-app-channel-4": 73,
          "KomakiNMF5NoDevice-os-ip-0": 87,
          "KomakiNMF5NoDevice-os-ip-1": 94,
          "KomakiNMF5NoDevice-os-ip-2": 92,
          "KomakiNMF5NoDevice-os-ip-3": 124,
          "KomakiNMF5NoDevice-os-ip-4": 95,
          "KomakiNMF5NoDevice-os-app-0": 62,
          "KomakiNMF5NoDevice-os-app-1": 2,
          "KomakiNMF5NoDevice-os-app-2": 71,
          "KomakiNMF5NoDevice-os-app-3": 104,
          "KomakiNMF5NoDevice-os-app-4": 62,
          "KomakiNMF5NoDevice-os-channel-0": 180,
          "KomakiNMF5NoDevice-os-channel-1": 75,
          "KomakiNMF5NoDevice-os-channel-2": 154,
          "KomakiNMF5NoDevice-os-channel-3": 144,
          "KomakiNMF5NoDevice-os-channel-4": 122,
          "KomakiNMF5NoDevice-channel-ip-0": 219,
          "KomakiNMF5NoDevice-channel-ip-1": 139,
          "KomakiNMF5NoDevice-channel-ip-2": 145,
          "KomakiNMF5NoDevice-channel-ip-3": 185,
          "KomakiNMF5NoDevice-channel-ip-4": 186,
          "KomakiNMF5NoDevice-channel-app-0": 94,
          "KomakiNMF5NoDevice-channel-app-1": 27,
          "KomakiNMF5NoDevice-channel-app-2": 106,
          "KomakiNMF5NoDevice-channel-app-3": 57,
          "KomakiNMF5NoDevice-channel-app-4": 91,
          "KomakiNMF5NoDevice-channel-os-0": 176,
          "KomakiNMF5NoDevice-channel-os-1": 39,
          "KomakiNMF5NoDevice-channel-os-2": 189,
          "KomakiNMF5NoDevice-channel-os-3": 88,
          "KomakiNMF5NoDevice-channel-os-4": 198,
          "KomakiPCA5NoDevice-ip-app-0": 619,
          "KomakiPCA5NoDevice-ip-app-1": 530,
          "KomakiPCA5NoDevice-ip-app-2": 562,
          "KomakiPCA5NoDevice-ip-app-3": 443,
          "KomakiPCA5NoDevice-ip-app-4": 601,
          "KomakiPCA5NoDevice-ip-os-0": 727,
          "KomakiPCA5NoDevice-ip-os-1": 515,
          "KomakiPCA5NoDevice-ip-os-2": 547,
          "KomakiPCA5NoDevice-ip-os-3": 569,
          "KomakiPCA5NoDevice-ip-os-4": 656,
          "KomakiPCA5NoDevice-ip-channel-0": 696,
          "KomakiPCA5NoDevice-ip-channel-1": 622,
          "KomakiPCA5NoDevice-ip-channel-2": 578,
          "KomakiPCA5NoDevice-ip-channel-3": 669,
          "KomakiPCA5NoDevice-ip-channel-4": 564,
          "KomakiPCA5NoDevice-app-ip-0": 67,
          "KomakiPCA5NoDevice-app-ip-1": 64,
          "KomakiPCA5NoDevice-app-ip-2": 78,
          "KomakiPCA5NoDevice-app-ip-3": 83,
          "KomakiPCA5NoDevice-app-ip-4": 58,
          "KomakiPCA5NoDevice-app-os-0": 108,
          "KomakiPCA5NoDevice-app-os-1": 51,
          "KomakiPCA5NoDevice-app-os-2": 70,
          "KomakiPCA5NoDevice-app-os-3": 96,
          "KomakiPCA5NoDevice-app-os-4": 86,
          "KomakiPCA5NoDevice-app-channel-0": 77,
          "KomakiPCA5NoDevice-app-channel-1": 91,
          "KomakiPCA5NoDevice-app-channel-2": 87,
          "KomakiPCA5NoDevice-app-channel-3": 69,
          "KomakiPCA5NoDevice-app-channel-4": 122,
          "KomakiPCA5NoDevice-os-ip-0": 58,
          "KomakiPCA5NoDevice-os-ip-1": 101,
          "KomakiPCA5NoDevice-os-ip-2": 121,
          "KomakiPCA5NoDevice-os-ip-3": 126,
          "KomakiPCA5NoDevice-os-ip-4": 120,
          "KomakiPCA5NoDevice-os-app-0": 101,
          "KomakiPCA5NoDevice-os-app-1": 75,
          "KomakiPCA5NoDevice-os-app-2": 89,
          "KomakiPCA5NoDevice-os-app-3": 107,
          "KomakiPCA5NoDevice-os-app-4": 139,
          "KomakiPCA5NoDevice-os-channel-0": 125,
          "KomakiPCA5NoDevice-os-channel-1": 164,
          "KomakiPCA5NoDevice-os-channel-2": 99,
          "KomakiPCA5NoDevice-os-channel-3": 86,
          "KomakiPCA5NoDevice-os-channel-4": 82,
          "KomakiPCA5NoDevice-channel-ip-0": 192,
          "KomakiPCA5NoDevice-channel-ip-1": 191,
          "KomakiPCA5NoDevice-channel-ip-2": 171,
          "KomakiPCA5NoDevice-channel-ip-3": 156,
          "KomakiPCA5NoDevice-channel-ip-4": 184,
          "KomakiPCA5NoDevice-channel-app-0": 178,
          "KomakiPCA5NoDevice-channel-app-1": 117,
          "KomakiPCA5NoDevice-channel-app-2": 120,
          "KomakiPCA5NoDevice-channel-app-3": 91,
          "KomakiPCA5NoDevice-channel-app-4": 133,
          "KomakiPCA5NoDevice-channel-os-0": 159,
          "KomakiPCA5NoDevice-channel-os-1": 162,
          "KomakiPCA5NoDevice-channel-os-2": 120,
          "KomakiPCA5NoDevice-channel-os-3": 139,
          "KomakiPCA5NoDevice-channel-os-4": 156
        }
      },
      {
        "train_auc": 0.9934477476517749,
        "valid_auc": 0.9847360114630254,
        "best_iteration": 613,
        "train_time": 307.11287093162537,
        "feature_importance": {
          "app": 2775,
          "hour": 3175,
          "n_channels": 784,
          "ip_app_count": 649,
          "ip_app_os_count": 819,
          "DuplicateRowIndexDiff": 60,
          "FutureClickCount_4800-ip": 594,
          "FutureClickCount_4800-app": 365,
          "FutureClickCount_4800-ip-app": 222,
          "FutureClickCount_4800-dev": 59,
          "FutureClickCount_4800-ip-dev": 1062,
          "FutureClickCount_4800-app-dev": 305,
          "FutureClickCount_4800-ip-app-dev": 264,
          "FutureClickCount_4800-os": 166,
          "FutureClickCount_4800-ip-os": 478,
          "FutureClickCount_4800-app-os": 467,
          "FutureClickCount_4800-ip-app-os": 279,
          "FutureClickCount_4800-dev-os": 493,
          "FutureClickCount_4800-ip-dev-os": 737,
          "FutureClickCount_4800-app-dev-os": 758,
          "FutureClickCount_4800-ip-app-dev-os": 339,
          "FutureClickCount_4800-cha": 350,
          "FutureClickCount_4800-ip-cha": 165,
          "FutureClickCount_4800-app-cha": 657,
          "FutureClickCount_4800-ip-app-cha": 133,
          "FutureClickCount_4800-dev-cha": 299,
          "FutureClickCount_4800-ip-dev-cha": 167,
          "FutureClickCount_4800-app-dev-cha": 439,
          "FutureClickCount_4800-ip-app-dev-cha": 140,
          "FutureClickCount_4800-os-cha": 341,
          "FutureClickCount_4800-ip-os-cha": 85,
          "FutureClickCount_4800-app-os-cha": 397,
          "FutureClickCount_4800-ip-app-os-cha": 127,
          "FutureClickCount_4800-dev-os-cha": 379,
          "FutureClickCount_4800-ip-dev-os-cha": 108,
          "FutureClickCount_4800-app-dev-os-cha": 471,
          "FutureClickCount_4800-ip-app-dev-os-cha": 152,
          "NextClickTimeDelta-ip": 548,
          "NextClickTimeDelta-app": 89,
          "NextClickTimeDelta-ip-app": 701,
          "NextClickTimeDelta-dev": 38,
          "NextClickTimeDelta-ip-dev": 463,
          "NextClickTimeDelta-app-dev": 83,
          "NextClickTimeDelta-ip-app-dev": 512,
          "NextClickTimeDelta-os": 34,
          "NextClickTimeDelta-ip-os": 524,
          "NextClickTimeDelta-app-os": 165,
          "NextClickTimeDelta-ip-app-os": 1155,
          "NextClickTimeDelta-dev-os": 72,
          "NextClickTimeDelta-ip-dev-os": 399,
          "NextClickTimeDelta-app-dev-os": 144,
          "NextClickTimeDelta-ip-app-dev-os": 2109,
          "NextClickTimeDelta-cha": 79,
          "NextClickTimeDelta-ip-cha": 380,
          "NextClickTimeDelta-app-cha": 149,
          "NextClickTimeDelta-ip-app-cha": 376,
          "NextClickTimeDelta-dev-cha": 74,
          "NextClickTimeDelta-ip-dev-cha": 363,
          "NextClickTimeDelta-app-dev-cha": 117,
          "NextClickTimeDelta-ip-app-dev-cha": 292,
          "NextClickTimeDelta-os-cha": 201,
          "NextClickTimeDelta-ip-os-cha": 311,
          "NextClickTimeDelta-app-os-cha": 275,
          "NextClickTimeDelta-ip-app-os-cha": 388,
          "NextClickTimeDelta-dev-os-cha": 161,
          "NextClickTimeDelta-ip-dev-os-cha": 322,
          "NextClickTimeDelta-app-dev-os-cha": 203,
          "NextClickTimeDelta-ip-app-dev-os-cha": 513,
          "PrevClickTimeDelta-ip": 405,
          "PrevClickTimeDelta-app": 88,
          "PrevClickTimeDelta-ip-app": 365,
          "PrevClickTimeDelta-dev": 45,
          "PrevClickTimeDelta-ip-dev": 299,
          "PrevClickTimeDelta-app-dev": 86,
          "PrevClickTimeDelta-ip-app-dev": 270,
          "PrevClickTimeDelta-os": 49,
          "PrevClickTimeDelta-ip-os": 345,
          "PrevClickTimeDelta-app-os": 156,
          "PrevClickTimeDelta-ip-app-os": 320,
          "PrevClickTimeDelta-dev-os": 58,
          "PrevClickTimeDelta-ip-dev-os": 264,
          "PrevClickTimeDelta-app-dev-os": 161,
          "PrevClickTimeDelta-ip-app-dev-os": 267,
          "PrevClickTimeDelta-cha": 66,
          "PrevClickTimeDelta-ip-cha": 328,
          "PrevClickTimeDelta-app-cha": 131,
          "PrevClickTimeDelta-ip-app-cha": 225,
          "PrevClickTimeDelta-dev-cha": 95,
          "PrevClickTimeDelta-ip-dev-cha": 235,
          "PrevClickTimeDelta-app-dev-cha": 98,
          "PrevClickTimeDelta-ip-app-dev-cha": 233,
          "PrevClickTimeDelta-os-cha": 186,
          "PrevClickTimeDelta-ip-os-cha": 196,
          "PrevClickTimeDelta-app-os-cha": 203,
          "PrevClickTimeDelta-ip-app-os-cha": 201,
          "PrevClickTimeDelta-dev-os-cha": 193,
          "PrevClickTimeDelta-ip-dev-os-cha": 180,
          "PrevClickTimeDelta-app-dev-os-cha": 177,
          "PrevClickTimeDelta-ip-app-dev-os-cha": 174,
          "AverageAttributedRatio-ip": 251,
          "AverageAttributedRatio-app": 220,
          "AverageAttributedRatio-ip-app": 129,
          "AverageAttributedRatio-dev": 389,
          "AverageAttributedRatio-ip-dev": 255,
          "AverageAttributedRatio-app-dev": 219,
          "AverageAttributedRatio-ip-app-dev": 167,
          "AverageAttributedRatio-os": 229,
          "AverageAttributedRatio-ip-os": 122,
          "AverageAttributedRatio-app-os": 221,
          "AverageAttributedRatio-ip-app-os": 33,
          "AverageAttributedRatio-dev-os": 254,
          "AverageAttributedRatio-ip-dev-os": 163,
          "AverageAttributedRatio-app-dev-os": 253,
          "AverageAttributedRatio-ip-app-dev-os": 25,
          "AverageAttributedRatio-cha": 222,
          "AverageAttributedRatio-ip-cha": 59,
          "AverageAttributedRatio-app-cha": 209,
          "AverageAttributedRatio-ip-app-cha": 40,
          "AverageAttributedRatio-dev-cha": 183,
          "AverageAttributedRatio-ip-dev-cha": 54,
          "AverageAttributedRatio-app-dev-cha": 163,
          "AverageAttributedRatio-ip-app-dev-cha": 57,
          "AverageAttributedRatio-os-cha": 191,
          "AverageAttributedRatio-ip-os-cha": 21,
          "AverageAttributedRatio-app-os-cha": 214,
          "AverageAttributedRatio-ip-app-os-cha": 21,
          "AverageAttributedRatio-dev-os-cha": 213,
          "AverageAttributedRatio-ip-dev-os-cha": 15,
          "AverageAttributedRatio-app-dev-os-cha": 197,
          "AverageAttributedRatio-ip-app-dev-os-cha": 24,
          "KomakiLDA10NoDevice_1-ip-os-0": 652,
          "KomakiLDA10NoDevice_1-ip-os-1": 491,
          "KomakiLDA10NoDevice_1-ip-os-2": 677,
          "KomakiLDA10NoDevice_1-ip-os-3": 618,
          "KomakiLDA10NoDevice_1-ip-os-4": 593,
          "KomakiLDA10NoDevice_1-ip-os-5": 714,
          "KomakiLDA10NoDevice_1-ip-os-6": 672,
          "KomakiLDA10NoDevice_1-ip-os-7": 602,
          "KomakiLDA10NoDevice_1-ip-os-8": 577,
          "KomakiLDA10NoDevice_1-ip-os-9": 719,
          "KomakiLDA10NoDevice_1-app-ip-0": 170,
          "KomakiLDA10NoDevice_1-app-ip-1": 151,
          "KomakiLDA10NoDevice_1-app-ip-2": 129,
          "KomakiLDA10NoDevice_1-app-ip-3": 160,
          "KomakiLDA10NoDevice_1-app-ip-4": 86,
          "KomakiLDA10NoDevice_1-app-ip-5": 85,
          "KomakiLDA10NoDevice_1-app-ip-6": 155,
          "KomakiLDA10NoDevice_1-app-ip-7": 114,
          "KomakiLDA10NoDevice_1-app-ip-8": 130,
          "KomakiLDA10NoDevice_1-app-ip-9": 98,
          "KomakiLDA10NoDevice_1-app-os-0": 159,
          "KomakiLDA10NoDevice_1-app-os-1": 92,
          "KomakiLDA10NoDevice_1-app-os-2": 87,
          "KomakiLDA10NoDevice_1-app-os-3": 122,
          "KomakiLDA10NoDevice_1-app-os-4": 115,
          "KomakiLDA10NoDevice_1-app-os-5": 110,
          "KomakiLDA10NoDevice_1-app-os-6": 91,
          "KomakiLDA10NoDevice_1-app-os-7": 79,
          "KomakiLDA10NoDevice_1-app-os-8": 90,
          "KomakiLDA10NoDevice_1-app-os-9": 70,
          "KomakiLDA10NoDevice_1-app-channel-0": 55,
          "KomakiLDA10NoDevice_1-app-channel-1": 121,
          "KomakiLDA10NoDevice_1-app-channel-2": 109,
          "KomakiLDA10NoDevice_1-app-channel-3": 47,
          "KomakiLDA10NoDevice_1-app-channel-4": 53,
          "KomakiLDA10NoDevice_1-app-channel-5": 49,
          "KomakiLDA10NoDevice_1-app-channel-6": 83,
          "KomakiLDA10NoDevice_1-app-channel-7": 87,
          "KomakiLDA10NoDevice_1-app-channel-8": 57,
          "KomakiLDA10NoDevice_1-app-channel-9": 67,
          "KomakiLDA10NoDevice_1-channel-ip-0": 212,
          "KomakiLDA10NoDevice_1-channel-ip-1": 179,
          "KomakiLDA10NoDevice_1-channel-ip-2": 219,
          "KomakiLDA10NoDevice_1-channel-ip-3": 200,
          "KomakiLDA10NoDevice_1-channel-ip-4": 201,
          "KomakiLDA10NoDevice_1-channel-ip-5": 117,
          "KomakiLDA10NoDevice_1-channel-ip-6": 136,
          "KomakiLDA10NoDevice_1-channel-ip-7": 163,
          "KomakiLDA10NoDevice_1-channel-ip-8": 170,
          "KomakiLDA10NoDevice_1-channel-ip-9": 33,
          "KomakiLDA10NoDevice_1-channel-os-0": 210,
          "KomakiLDA10NoDevice_1-channel-os-1": 121,
          "KomakiLDA10NoDevice_1-channel-os-2": 30,
          "KomakiLDA10NoDevice_1-channel-os-3": 182,
          "KomakiLDA10NoDevice_1-channel-os-4": 169,
          "KomakiLDA10NoDevice_1-channel-os-5": 224,
          "KomakiLDA10NoDevice_1-channel-os-6": 159,
          "KomakiLDA10NoDevice_1-channel-os-7": 109,
          "KomakiLDA10NoDevice_1-channel-os-8": 72,
          "KomakiLDA10NoDevice_1-channel-os-9": 36,
          "KomakiLDA10NoDevice_2-ip-app-0": 811,
          "KomakiLDA10NoDevice_2-ip-app-1": 563,
          "KomakiLDA10NoDevice_2-ip-app-2": 730,
          "KomakiLDA10NoDevice_2-ip-app-3": 900,
          "KomakiLDA10NoDevice_2-ip-app-4": 861,
          "KomakiLDA10NoDevice_2-ip-app-5": 497,
          "KomakiLDA10NoDevice_2-ip-app-6": 711,
          "KomakiLDA10NoDevice_2-ip-app-7": 753,
          "KomakiLDA10NoDevice_2-ip-app-8": 607,
          "KomakiLDA10NoDevice_2-ip-app-9": 600,
          "KomakiLDA10NoDevice_2-ip-channel-0": 719,
          "KomakiLDA10NoDevice_2-ip-channel-1": 768,
          "KomakiLDA10NoDevice_2-ip-channel-2": 710,
          "KomakiLDA10NoDevice_2-ip-channel-3": 747,
          "KomakiLDA10NoDevice_2-ip-channel-4": 630,
          "KomakiLDA10NoDevice_2-ip-channel-5": 802,
          "KomakiLDA10NoDevice_2-ip-channel-6": 698,
          "KomakiLDA10NoDevice_2-ip-channel-7": 677,
          "KomakiLDA10NoDevice_2-ip-channel-8": 743,
          "KomakiLDA10NoDevice_2-ip-channel-9": 695,
          "KomakiLDA10NoDevice_2-os-ip-0": 158,
          "KomakiLDA10NoDevice_2-os-ip-1": 184,
          "KomakiLDA10NoDevice_2-os-ip-2": 181,
          "KomakiLDA10NoDevice_2-os-ip-3": 143,
          "KomakiLDA10NoDevice_2-os-ip-4": 89,
          "KomakiLDA10NoDevice_2-os-ip-5": 141,
          "KomakiLDA10NoDevice_2-os-ip-6": 128,
          "KomakiLDA10NoDevice_2-os-ip-7": 92,
          "KomakiLDA10NoDevice_2-os-ip-8": 128,
          "KomakiLDA10NoDevice_2-os-ip-9": 87,
          "KomakiLDA10NoDevice_2-os-app-0": 271,
          "KomakiLDA10NoDevice_2-os-app-1": 101,
          "KomakiLDA10NoDevice_2-os-app-2": 54,
          "KomakiLDA10NoDevice_2-os-app-3": 153,
          "KomakiLDA10NoDevice_2-os-app-4": 16,
          "KomakiLDA10NoDevice_2-os-app-5": 112,
          "KomakiLDA10NoDevice_2-os-app-6": 43,
          "KomakiLDA10NoDevice_2-os-app-7": 123,
          "KomakiLDA10NoDevice_2-os-app-8": 108,
          "KomakiLDA10NoDevice_2-os-app-9": 128,
          "KomakiLDA10NoDevice_2-os-channel-0": 197,
          "KomakiLDA10NoDevice_2-os-channel-1": 185,
          "KomakiLDA10NoDevice_2-os-channel-2": 59,
          "KomakiLDA10NoDevice_2-os-channel-3": 68,
          "KomakiLDA10NoDevice_2-os-channel-4": 214,
          "KomakiLDA10NoDevice_2-os-channel-5": 221,
          "KomakiLDA10NoDevice_2-os-channel-6": 214,
          "KomakiLDA10NoDevice_2-os-channel-7": 175,
          "KomakiLDA10NoDevice_2-os-channel-8": 87,
          "KomakiLDA10NoDevice_2-os-channel-9": 92,
          "KomakiLDA10NoDevice_2-channel-app-0": 266,
          "KomakiLDA10NoDevice_2-channel-app-1": 82,
          "KomakiLDA10NoDevice_2-channel-app-2": 78,
          "KomakiLDA10NoDevice_2-channel-app-3": 155,
          "KomakiLDA10NoDevice_2-channel-app-4": 112,
          "KomakiLDA10NoDevice_2-channel-app-5": 88,
          "KomakiLDA10NoDevice_2-channel-app-6": 139,
          "KomakiLDA10NoDevice_2-channel-app-7": 116,
          "KomakiLDA10NoDevice_2-channel-app-8": 152,
          "KomakiLDA10NoDevice_2-channel-app-9": 149,
          "KomakiNMF5NoDevice-ip-app-0": 415,
          "KomakiNMF5NoDevice-ip-app-1": 712,
          "KomakiNMF5NoDevice-ip-app-2": 467,
          "KomakiNMF5NoDevice-ip-app-3": 392,
          "KomakiNMF5NoDevice-ip-app-4": 448,
          "KomakiNMF5NoDevice-ip-os-0": 525,
          "KomakiNMF5NoDevice-ip-os-1": 530,
          "KomakiNMF5NoDevice-ip-os-2": 528,
          "KomakiNMF5NoDevice-ip-os-3": 480,
          "KomakiNMF5NoDevice-ip-os-4": 532,
          "KomakiNMF5NoDevice-ip-channel-0": 486,
          "KomakiNMF5NoDevice-ip-channel-1": 800,
          "KomakiNMF5NoDevice-ip-channel-2": 498,
          "KomakiNMF5NoDevice-ip-channel-3": 572,
          "KomakiNMF5NoDevice-ip-channel-4": 528,
          "KomakiNMF5NoDevice-app-ip-0": 107,
          "KomakiNMF5NoDevice-app-ip-1": 76,
          "KomakiNMF5NoDevice-app-ip-2": 74,
          "KomakiNMF5NoDevice-app-ip-3": 76,
          "KomakiNMF5NoDevice-app-ip-4": 34,
          "KomakiNMF5NoDevice-app-os-0": 18,
          "KomakiNMF5NoDevice-app-os-1": 64,
          "KomakiNMF5NoDevice-app-os-2": 62,
          "KomakiNMF5NoDevice-app-os-3": 14,
          "KomakiNMF5NoDevice-app-os-4": 14,
          "KomakiNMF5NoDevice-app-channel-0": 59,
          "KomakiNMF5NoDevice-app-channel-1": 77,
          "KomakiNMF5NoDevice-app-channel-2": 97,
          "KomakiNMF5NoDevice-app-channel-3": 88,
          "KomakiNMF5NoDevice-app-channel-4": 67,
          "KomakiNMF5NoDevice-os-ip-0": 90,
          "KomakiNMF5NoDevice-os-ip-1": 114,
          "KomakiNMF5NoDevice-os-ip-2": 77,
          "KomakiNMF5NoDevice-os-ip-3": 88,
          "KomakiNMF5NoDevice-os-ip-4": 87,
          "KomakiNMF5NoDevice-os-app-0": 62,
          "KomakiNMF5NoDevice-os-app-1": 2,
          "KomakiNMF5NoDevice-os-app-2": 79,
          "KomakiNMF5NoDevice-os-app-3": 117,
          "KomakiNMF5NoDevice-os-app-4": 68,
          "KomakiNMF5NoDevice-os-channel-0": 175,
          "KomakiNMF5NoDevice-os-channel-1": 89,
          "KomakiNMF5NoDevice-os-channel-2": 162,
          "KomakiNMF5NoDevice-os-channel-3": 127,
          "KomakiNMF5NoDevice-os-channel-4": 114,
          "KomakiNMF5NoDevice-channel-ip-0": 203,
          "KomakiNMF5NoDevice-channel-ip-1": 141,
          "KomakiNMF5NoDevice-channel-ip-2": 149,
          "KomakiNMF5NoDevice-channel-ip-3": 161,
          "KomakiNMF5NoDevice-channel-ip-4": 158,
          "KomakiNMF5NoDevice-channel-app-0": 78,
          "KomakiNMF5NoDevice-channel-app-1": 33,
          "KomakiNMF5NoDevice-channel-app-2": 89,
          "KomakiNMF5NoDevice-channel-app-3": 58,
          "KomakiNMF5NoDevice-channel-app-4": 68,
          "KomakiNMF5NoDevice-channel-os-0": 195,
          "KomakiNMF5NoDevice-channel-os-1": 30,
          "KomakiNMF5NoDevice-channel-os-2": 195,
          "KomakiNMF5NoDevice-channel-os-3": 82,
          "KomakiNMF5NoDevice-channel-os-4": 187,
          "KomakiPCA5NoDevice-ip-app-0": 580,
          "KomakiPCA5NoDevice-ip-app-1": 626,
          "KomakiPCA5NoDevice-ip-app-2": 524,
          "KomakiPCA5NoDevice-ip-app-3": 416,
          "KomakiPCA5NoDevice-ip-app-4": 562,
          "KomakiPCA5NoDevice-ip-os-0": 642,
          "KomakiPCA5NoDevice-ip-os-1": 480,
          "KomakiPCA5NoDevice-ip-os-2": 505,
          "KomakiPCA5NoDevice-ip-os-3": 502,
          "KomakiPCA5NoDevice-ip-os-4": 615,
          "KomakiPCA5NoDevice-ip-channel-0": 742,
          "KomakiPCA5NoDevice-ip-channel-1": 658,
          "KomakiPCA5NoDevice-ip-channel-2": 548,
          "KomakiPCA5NoDevice-ip-channel-3": 630,
          "KomakiPCA5NoDevice-ip-channel-4": 489,
          "KomakiPCA5NoDevice-app-ip-0": 60,
          "KomakiPCA5NoDevice-app-ip-1": 61,
          "KomakiPCA5NoDevice-app-ip-2": 46,
          "KomakiPCA5NoDevice-app-ip-3": 102,
          "KomakiPCA5NoDevice-app-ip-4": 47,
          "KomakiPCA5NoDevice-app-os-0": 102,
          "KomakiPCA5NoDevice-app-os-1": 46,
          "KomakiPCA5NoDevice-app-os-2": 74,
          "KomakiPCA5NoDevice-app-os-3": 75,
          "KomakiPCA5NoDevice-app-os-4": 87,
          "KomakiPCA5NoDevice-app-channel-0": 64,
          "KomakiPCA5NoDevice-app-channel-1": 97,
          "KomakiPCA5NoDevice-app-channel-2": 72,
          "KomakiPCA5NoDevice-app-channel-3": 84,
          "KomakiPCA5NoDevice-app-channel-4": 89,
          "KomakiPCA5NoDevice-os-ip-0": 46,
          "KomakiPCA5NoDevice-os-ip-1": 86,
          "KomakiPCA5NoDevice-os-ip-2": 95,
          "KomakiPCA5NoDevice-os-ip-3": 94,
          "KomakiPCA5NoDevice-os-ip-4": 109,
          "KomakiPCA5NoDevice-os-app-0": 69,
          "KomakiPCA5NoDevice-os-app-1": 83,
          "KomakiPCA5NoDevice-os-app-2": 71,
          "KomakiPCA5NoDevice-os-app-3": 101,
          "KomakiPCA5NoDevice-os-app-4": 154,
          "KomakiPCA5NoDevice-os-channel-0": 122,
          "KomakiPCA5NoDevice-os-channel-1": 133,
          "KomakiPCA5NoDevice-os-channel-2": 71,
          "KomakiPCA5NoDevice-os-channel-3": 83,
          "KomakiPCA5NoDevice-os-channel-4": 86,
          "KomakiPCA5NoDevice-channel-ip-0": 156,
          "KomakiPCA5NoDevice-channel-ip-1": 168,
          "KomakiPCA5NoDevice-channel-ip-2": 157,
          "KomakiPCA5NoDevice-channel-ip-3": 143,
          "KomakiPCA5NoDevice-channel-ip-4": 243,
          "KomakiPCA5NoDevice-channel-app-0": 161,
          "KomakiPCA5NoDevice-channel-app-1": 110,
          "KomakiPCA5NoDevice-channel-app-2": 110,
          "KomakiPCA5NoDevice-channel-app-3": 89,
          "KomakiPCA5NoDevice-channel-app-4": 117,
          "KomakiPCA5NoDevice-channel-os-0": 173,
          "KomakiPCA5NoDevice-channel-os-1": 131,
          "KomakiPCA5NoDevice-channel-os-2": 126,
          "KomakiPCA5NoDevice-channel-os-3": 146,
          "KomakiPCA5NoDevice-channel-os-4": 128
        }
      },
      {
        "train_auc": 0.9939453274227167,
        "valid_auc": 0.984896859591985,
        "best_iteration": 683,
        "train_time": 353.98301815986633,
        "feature_importance": {
          "app": 2876,
          "hour": 3359,
          "n_channels": 854,
          "ip_app_count": 724,
          "ip_app_os_count": 906,
          "DuplicateRowIndexDiff": 89,
          "FutureClickCount_4800-ip": 709,
          "FutureClickCount_4800-app": 302,
          "FutureClickCount_4800-ip-app": 240,
          "FutureClickCount_4800-dev": 84,
          "FutureClickCount_4800-ip-dev": 1101,
          "FutureClickCount_4800-app-dev": 300,
          "FutureClickCount_4800-ip-app-dev": 276,
          "FutureClickCount_4800-os": 190,
          "FutureClickCount_4800-ip-os": 534,
          "FutureClickCount_4800-app-os": 519,
          "FutureClickCount_4800-ip-app-os": 265,
          "FutureClickCount_4800-dev-os": 520,
          "FutureClickCount_4800-ip-dev-os": 808,
          "FutureClickCount_4800-app-dev-os": 764,
          "FutureClickCount_4800-ip-app-dev-os": 347,
          "FutureClickCount_4800-cha": 439,
          "FutureClickCount_4800-ip-cha": 169,
          "FutureClickCount_4800-app-cha": 691,
          "FutureClickCount_4800-ip-app-cha": 142,
          "FutureClickCount_4800-dev-cha": 347,
          "FutureClickCount_4800-ip-dev-cha": 186,
          "FutureClickCount_4800-app-dev-cha": 493,
          "FutureClickCount_4800-ip-app-dev-cha": 167,
          "FutureClickCount_4800-os-cha": 367,
          "FutureClickCount_4800-ip-os-cha": 100,
          "FutureClickCount_4800-app-os-cha": 484,
          "FutureClickCount_4800-ip-app-os-cha": 114,
          "FutureClickCount_4800-dev-os-cha": 442,
          "FutureClickCount_4800-ip-dev-os-cha": 102,
          "FutureClickCount_4800-app-dev-os-cha": 576,
          "FutureClickCount_4800-ip-app-dev-os-cha": 136,
          "NextClickTimeDelta-ip": 609,
          "NextClickTimeDelta-app": 70,
          "NextClickTimeDelta-ip-app": 668,
          "NextClickTimeDelta-dev": 35,
          "NextClickTimeDelta-ip-dev": 452,
          "NextClickTimeDelta-app-dev": 77,
          "NextClickTimeDelta-ip-app-dev": 530,
          "NextClickTimeDelta-os": 46,
          "NextClickTimeDelta-ip-os": 574,
          "NextClickTimeDelta-app-os": 203,
          "NextClickTimeDelta-ip-app-os": 1208,
          "NextClickTimeDelta-dev-os": 72,
          "NextClickTimeDelta-ip-dev-os": 424,
          "NextClickTimeDelta-app-dev-os": 181,
          "NextClickTimeDelta-ip-app-dev-os": 2188,
          "NextClickTimeDelta-cha": 101,
          "NextClickTimeDelta-ip-cha": 432,
          "NextClickTimeDelta-app-cha": 182,
          "NextClickTimeDelta-ip-app-cha": 394,
          "NextClickTimeDelta-dev-cha": 84,
          "NextClickTimeDelta-ip-dev-cha": 387,
          "NextClickTimeDelta-app-dev-cha": 108,
          "NextClickTimeDelta-ip-app-dev-cha": 360,
          "NextClickTimeDelta-os-cha": 194,
          "NextClickTimeDelta-ip-os-cha": 332,
          "NextClickTimeDelta-app-os-cha": 284,
          "NextClickTimeDelta-ip-app-os-cha": 492,
          "NextClickTimeDelta-dev-os-cha": 195,
          "NextClickTimeDelta-ip-dev-os-cha": 357,
          "NextClickTimeDelta-app-dev-os-cha": 243,
          "NextClickTimeDelta-ip-app-dev-os-cha": 491,
          "PrevClickTimeDelta-ip": 513,
          "PrevClickTimeDelta-app": 88,
          "PrevClickTimeDelta-ip-app": 393,
          "PrevClickTimeDelta-dev": 50,
          "PrevClickTimeDelta-ip-dev": 371,
          "PrevClickTimeDelta-app-dev": 68,
          "PrevClickTimeDelta-ip-app-dev": 309,
          "PrevClickTimeDelta-os": 72,
          "PrevClickTimeDelta-ip-os": 441,
          "PrevClickTimeDelta-app-os": 150,
          "PrevClickTimeDelta-ip-app-os": 331,
          "PrevClickTimeDelta-dev-os": 66,
          "PrevClickTimeDelta-ip-dev-os": 349,
          "PrevClickTimeDelta-app-dev-os": 157,
          "PrevClickTimeDelta-ip-app-dev-os": 291,
          "PrevClickTimeDelta-cha": 80,
          "PrevClickTimeDelta-ip-cha": 351,
          "PrevClickTimeDelta-app-cha": 161,
          "PrevClickTimeDelta-ip-app-cha": 283,
          "PrevClickTimeDelta-dev-cha": 87,
          "PrevClickTimeDelta-ip-dev-cha": 276,
          "PrevClickTimeDelta-app-dev-cha": 95,
          "PrevClickTimeDelta-ip-app-dev-cha": 249,
          "PrevClickTimeDelta-os-cha": 199,
          "PrevClickTimeDelta-ip-os-cha": 249,
          "PrevClickTimeDelta-app-os-cha": 229,
          "PrevClickTimeDelta-ip-app-os-cha": 229,
          "PrevClickTimeDelta-dev-os-cha": 201,
          "PrevClickTimeDelta-ip-dev-os-cha": 196,
          "PrevClickTimeDelta-app-dev-os-cha": 238,
          "PrevClickTimeDelta-ip-app-dev-os-cha": 178,
          "AverageAttributedRatio-ip": 299,
          "AverageAttributedRatio-app": 258,
          "AverageAttributedRatio-ip-app": 126,
          "AverageAttributedRatio-dev": 458,
          "AverageAttributedRatio-ip-dev": 290,
          "AverageAttributedRatio-app-dev": 206,
          "AverageAttributedRatio-ip-app-dev": 201,
          "AverageAttributedRatio-os": 327,
          "AverageAttributedRatio-ip-os": 177,
          "AverageAttributedRatio-app-os": 231,
          "AverageAttributedRatio-ip-app-os": 48,
          "AverageAttributedRatio-dev-os": 304,
          "AverageAttributedRatio-ip-dev-os": 198,
          "AverageAttributedRatio-app-dev-os": 275,
          "AverageAttributedRatio-ip-app-dev-os": 47,
          "AverageAttributedRatio-cha": 228,
          "AverageAttributedRatio-ip-cha": 54,
          "AverageAttributedRatio-app-cha": 211,
          "AverageAttributedRatio-ip-app-cha": 45,
          "AverageAttributedRatio-dev-cha": 191,
          "AverageAttributedRatio-ip-dev-cha": 56,
          "AverageAttributedRatio-app-dev-cha": 216,
          "AverageAttributedRatio-ip-app-dev-cha": 43,
          "AverageAttributedRatio-os-cha": 210,
          "AverageAttributedRatio-ip-os-cha": 35,
          "AverageAttributedRatio-app-os-cha": 260,
          "AverageAttributedRatio-ip-app-os-cha": 37,
          "AverageAttributedRatio-dev-os-cha": 233,
          "AverageAttributedRatio-ip-dev-os-cha": 25,
          "AverageAttributedRatio-app-dev-os-cha": 256,
          "AverageAttributedRatio-ip-app-dev-os-cha": 22,
          "KomakiLDA10NoDevice_1-ip-os-0": 693,
          "KomakiLDA10NoDevice_1-ip-os-1": 553,
          "KomakiLDA10NoDevice_1-ip-os-2": 813,
          "KomakiLDA10NoDevice_1-ip-os-3": 755,
          "KomakiLDA10NoDevice_1-ip-os-4": 664,
          "KomakiLDA10NoDevice_1-ip-os-5": 737,
          "KomakiLDA10NoDevice_1-ip-os-6": 776,
          "KomakiLDA10NoDevice_1-ip-os-7": 659,
          "KomakiLDA10NoDevice_1-ip-os-8": 560,
          "KomakiLDA10NoDevice_1-ip-os-9": 790,
          "KomakiLDA10NoDevice_1-app-ip-0": 172,
          "KomakiLDA10NoDevice_1-app-ip-1": 144,
          "KomakiLDA10NoDevice_1-app-ip-2": 145,
          "KomakiLDA10NoDevice_1-app-ip-3": 152,
          "KomakiLDA10NoDevice_1-app-ip-4": 99,
          "KomakiLDA10NoDevice_1-app-ip-5": 86,
          "KomakiLDA10NoDevice_1-app-ip-6": 183,
          "KomakiLDA10NoDevice_1-app-ip-7": 122,
          "KomakiLDA10NoDevice_1-app-ip-8": 118,
          "KomakiLDA10NoDevice_1-app-ip-9": 111,
          "KomakiLDA10NoDevice_1-app-os-0": 135,
          "KomakiLDA10NoDevice_1-app-os-1": 92,
          "KomakiLDA10NoDevice_1-app-os-2": 83,
          "KomakiLDA10NoDevice_1-app-os-3": 129,
          "KomakiLDA10NoDevice_1-app-os-4": 140,
          "KomakiLDA10NoDevice_1-app-os-5": 136,
          "KomakiLDA10NoDevice_1-app-os-6": 92,
          "KomakiLDA10NoDevice_1-app-os-7": 87,
          "KomakiLDA10NoDevice_1-app-os-8": 83,
          "KomakiLDA10NoDevice_1-app-os-9": 86,
          "KomakiLDA10NoDevice_1-app-channel-0": 65,
          "KomakiLDA10NoDevice_1-app-channel-1": 113,
          "KomakiLDA10NoDevice_1-app-channel-2": 141,
          "KomakiLDA10NoDevice_1-app-channel-3": 45,
          "KomakiLDA10NoDevice_1-app-channel-4": 56,
          "KomakiLDA10NoDevice_1-app-channel-5": 73,
          "KomakiLDA10NoDevice_1-app-channel-6": 98,
          "KomakiLDA10NoDevice_1-app-channel-7": 104,
          "KomakiLDA10NoDevice_1-app-channel-8": 95,
          "KomakiLDA10NoDevice_1-app-channel-9": 63,
          "KomakiLDA10NoDevice_1-channel-ip-0": 250,
          "KomakiLDA10NoDevice_1-channel-ip-1": 228,
          "KomakiLDA10NoDevice_1-channel-ip-2": 184,
          "KomakiLDA10NoDevice_1-channel-ip-3": 249,
          "KomakiLDA10NoDevice_1-channel-ip-4": 202,
          "KomakiLDA10NoDevice_1-channel-ip-5": 139,
          "KomakiLDA10NoDevice_1-channel-ip-6": 171,
          "KomakiLDA10NoDevice_1-channel-ip-7": 217,
          "KomakiLDA10NoDevice_1-channel-ip-8": 184,
          "KomakiLDA10NoDevice_1-channel-ip-9": 42,
          "KomakiLDA10NoDevice_1-channel-os-0": 215,
          "KomakiLDA10NoDevice_1-channel-os-1": 149,
          "KomakiLDA10NoDevice_1-channel-os-2": 28,
          "KomakiLDA10NoDevice_1-channel-os-3": 212,
          "KomakiLDA10NoDevice_1-channel-os-4": 206,
          "KomakiLDA10NoDevice_1-channel-os-5": 245,
          "KomakiLDA10NoDevice_1-channel-os-6": 175,
          "KomakiLDA10NoDevice_1-channel-os-7": 168,
          "KomakiLDA10NoDevice_1-channel-os-8": 71,
          "KomakiLDA10NoDevice_1-channel-os-9": 41,
          "KomakiLDA10NoDevice_2-ip-app-0": 871,
          "KomakiLDA10NoDevice_2-ip-app-1": 611,
          "KomakiLDA10NoDevice_2-ip-app-2": 811,
          "KomakiLDA10NoDevice_2-ip-app-3": 959,
          "KomakiLDA10NoDevice_2-ip-app-4": 917,
          "KomakiLDA10NoDevice_2-ip-app-5": 592,
          "KomakiLDA10NoDevice_2-ip-app-6": 758,
          "KomakiLDA10NoDevice_2-ip-app-7": 855,
          "KomakiLDA10NoDevice_2-ip-app-8": 596,
          "KomakiLDA10NoDevice_2-ip-app-9": 749,
          "KomakiLDA10NoDevice_2-ip-channel-0": 904,
          "KomakiLDA10NoDevice_2-ip-channel-1": 824,
          "KomakiLDA10NoDevice_2-ip-channel-2": 802,
          "KomakiLDA10NoDevice_2-ip-channel-3": 739,
          "KomakiLDA10NoDevice_2-ip-channel-4": 688,
          "KomakiLDA10NoDevice_2-ip-channel-5": 825,
          "KomakiLDA10NoDevice_2-ip-channel-6": 814,
          "KomakiLDA10NoDevice_2-ip-channel-7": 746,
          "KomakiLDA10NoDevice_2-ip-channel-8": 896,
          "KomakiLDA10NoDevice_2-ip-channel-9": 758,
          "KomakiLDA10NoDevice_2-os-ip-0": 145,
          "KomakiLDA10NoDevice_2-os-ip-1": 169,
          "KomakiLDA10NoDevice_2-os-ip-2": 194,
          "KomakiLDA10NoDevice_2-os-ip-3": 132,
          "KomakiLDA10NoDevice_2-os-ip-4": 81,
          "KomakiLDA10NoDevice_2-os-ip-5": 126,
          "KomakiLDA10NoDevice_2-os-ip-6": 128,
          "KomakiLDA10NoDevice_2-os-ip-7": 102,
          "KomakiLDA10NoDevice_2-os-ip-8": 152,
          "KomakiLDA10NoDevice_2-os-ip-9": 99,
          "KomakiLDA10NoDevice_2-os-app-0": 239,
          "KomakiLDA10NoDevice_2-os-app-1": 95,
          "KomakiLDA10NoDevice_2-os-app-2": 46,
          "KomakiLDA10NoDevice_2-os-app-3": 151,
          "KomakiLDA10NoDevice_2-os-app-4": 19,
          "KomakiLDA10NoDevice_2-os-app-5": 126,
          "KomakiLDA10NoDevice_2-os-app-6": 35,
          "KomakiLDA10NoDevice_2-os-app-7": 143,
          "KomakiLDA10NoDevice_2-os-app-8": 126,
          "KomakiLDA10NoDevice_2-os-app-9": 126,
          "KomakiLDA10NoDevice_2-os-channel-0": 232,
          "KomakiLDA10NoDevice_2-os-channel-1": 176,
          "KomakiLDA10NoDevice_2-os-channel-2": 88,
          "KomakiLDA10NoDevice_2-os-channel-3": 103,
          "KomakiLDA10NoDevice_2-os-channel-4": 243,
          "KomakiLDA10NoDevice_2-os-channel-5": 210,
          "KomakiLDA10NoDevice_2-os-channel-6": 247,
          "KomakiLDA10NoDevice_2-os-channel-7": 188,
          "KomakiLDA10NoDevice_2-os-channel-8": 125,
          "KomakiLDA10NoDevice_2-os-channel-9": 117,
          "KomakiLDA10NoDevice_2-channel-app-0": 258,
          "KomakiLDA10NoDevice_2-channel-app-1": 107,
          "KomakiLDA10NoDevice_2-channel-app-2": 95,
          "KomakiLDA10NoDevice_2-channel-app-3": 167,
          "KomakiLDA10NoDevice_2-channel-app-4": 134,
          "KomakiLDA10NoDevice_2-channel-app-5": 88,
          "KomakiLDA10NoDevice_2-channel-app-6": 130,
          "KomakiLDA10NoDevice_2-channel-app-7": 177,
          "KomakiLDA10NoDevice_2-channel-app-8": 190,
          "KomakiLDA10NoDevice_2-channel-app-9": 163,
          "KomakiNMF5NoDevice-ip-app-0": 446,
          "KomakiNMF5NoDevice-ip-app-1": 701,
          "KomakiNMF5NoDevice-ip-app-2": 530,
          "KomakiNMF5NoDevice-ip-app-3": 504,
          "KomakiNMF5NoDevice-ip-app-4": 459,
          "KomakiNMF5NoDevice-ip-os-0": 626,
          "KomakiNMF5NoDevice-ip-os-1": 535,
          "KomakiNMF5NoDevice-ip-os-2": 570,
          "KomakiNMF5NoDevice-ip-os-3": 561,
          "KomakiNMF5NoDevice-ip-os-4": 632,
          "KomakiNMF5NoDevice-ip-channel-0": 513,
          "KomakiNMF5NoDevice-ip-channel-1": 809,
          "KomakiNMF5NoDevice-ip-channel-2": 600,
          "KomakiNMF5NoDevice-ip-channel-3": 654,
          "KomakiNMF5NoDevice-ip-channel-4": 596,
          "KomakiNMF5NoDevice-app-ip-0": 103,
          "KomakiNMF5NoDevice-app-ip-1": 106,
          "KomakiNMF5NoDevice-app-ip-2": 106,
          "KomakiNMF5NoDevice-app-ip-3": 84,
          "KomakiNMF5NoDevice-app-ip-4": 50,
          "KomakiNMF5NoDevice-app-os-0": 34,
          "KomakiNMF5NoDevice-app-os-1": 71,
          "KomakiNMF5NoDevice-app-os-2": 63,
          "KomakiNMF5NoDevice-app-os-3": 15,
          "KomakiNMF5NoDevice-app-os-4": 15,
          "KomakiNMF5NoDevice-app-channel-0": 54,
          "KomakiNMF5NoDevice-app-channel-1": 81,
          "KomakiNMF5NoDevice-app-channel-2": 106,
          "KomakiNMF5NoDevice-app-channel-3": 75,
          "KomakiNMF5NoDevice-app-channel-4": 64,
          "KomakiNMF5NoDevice-os-ip-0": 106,
          "KomakiNMF5NoDevice-os-ip-1": 107,
          "KomakiNMF5NoDevice-os-ip-2": 97,
          "KomakiNMF5NoDevice-os-ip-3": 103,
          "KomakiNMF5NoDevice-os-ip-4": 98,
          "KomakiNMF5NoDevice-os-app-0": 56,
          "KomakiNMF5NoDevice-os-app-1": 1,
          "KomakiNMF5NoDevice-os-app-2": 77,
          "KomakiNMF5NoDevice-os-app-3": 103,
          "KomakiNMF5NoDevice-os-app-4": 69,
          "KomakiNMF5NoDevice-os-channel-0": 196,
          "KomakiNMF5NoDevice-os-channel-1": 129,
          "KomakiNMF5NoDevice-os-channel-2": 178,
          "KomakiNMF5NoDevice-os-channel-3": 133,
          "KomakiNMF5NoDevice-os-channel-4": 106,
          "KomakiNMF5NoDevice-channel-ip-0": 247,
          "KomakiNMF5NoDevice-channel-ip-1": 159,
          "KomakiNMF5NoDevice-channel-ip-2": 152,
          "KomakiNMF5NoDevice-channel-ip-3": 198,
          "KomakiNMF5NoDevice-channel-ip-4": 228,
          "KomakiNMF5NoDevice-channel-app-0": 97,
          "KomakiNMF5NoDevice-channel-app-1": 36,
          "KomakiNMF5NoDevice-channel-app-2": 93,
          "KomakiNMF5NoDevice-channel-app-3": 73,
          "KomakiNMF5NoDevice-channel-app-4": 105,
          "KomakiNMF5NoDevice-channel-os-0": 184,
          "KomakiNMF5NoDevice-channel-os-1": 19,
          "KomakiNMF5NoDevice-channel-os-2": 171,
          "KomakiNMF5NoDevice-channel-os-3": 82,
          "KomakiNMF5NoDevice-channel-os-4": 165,
          "KomakiPCA5NoDevice-ip-app-0": 677,
          "KomakiPCA5NoDevice-ip-app-1": 521,
          "KomakiPCA5NoDevice-ip-app-2": 627,
          "KomakiPCA5NoDevice-ip-app-3": 415,
          "KomakiPCA5NoDevice-ip-app-4": 566,
          "KomakiPCA5NoDevice-ip-os-0": 717,
          "KomakiPCA5NoDevice-ip-os-1": 586,
          "KomakiPCA5NoDevice-ip-os-2": 551,
          "KomakiPCA5NoDevice-ip-os-3": 589,
          "KomakiPCA5NoDevice-ip-os-4": 684,
          "KomakiPCA5NoDevice-ip-channel-0": 716,
          "KomakiPCA5NoDevice-ip-channel-1": 599,
          "KomakiPCA5NoDevice-ip-channel-2": 627,
          "KomakiPCA5NoDevice-ip-channel-3": 649,
          "KomakiPCA5NoDevice-ip-channel-4": 531,
          "KomakiPCA5NoDevice-app-ip-0": 84,
          "KomakiPCA5NoDevice-app-ip-1": 73,
          "KomakiPCA5NoDevice-app-ip-2": 89,
          "KomakiPCA5NoDevice-app-ip-3": 101,
          "KomakiPCA5NoDevice-app-ip-4": 46,
          "KomakiPCA5NoDevice-app-os-0": 123,
          "KomakiPCA5NoDevice-app-os-1": 51,
          "KomakiPCA5NoDevice-app-os-2": 101,
          "KomakiPCA5NoDevice-app-os-3": 97,
          "KomakiPCA5NoDevice-app-os-4": 90,
          "KomakiPCA5NoDevice-app-channel-0": 71,
          "KomakiPCA5NoDevice-app-channel-1": 100,
          "KomakiPCA5NoDevice-app-channel-2": 122,
          "KomakiPCA5NoDevice-app-channel-3": 73,
          "KomakiPCA5NoDevice-app-channel-4": 89,
          "KomakiPCA5NoDevice-os-ip-0": 58,
          "KomakiPCA5NoDevice-os-ip-1": 94,
          "KomakiPCA5NoDevice-os-ip-2": 120,
          "KomakiPCA5NoDevice-os-ip-3": 130,
          "KomakiPCA5NoDevice-os-ip-4": 114,
          "KomakiPCA5NoDevice-os-app-0": 89,
          "KomakiPCA5NoDevice-os-app-1": 75,
          "KomakiPCA5NoDevice-os-app-2": 83,
          "KomakiPCA5NoDevice-os-app-3": 96,
          "KomakiPCA5NoDevice-os-app-4": 139,
          "KomakiPCA5NoDevice-os-channel-0": 129,
          "KomakiPCA5NoDevice-os-channel-1": 156,
          "KomakiPCA5NoDevice-os-channel-2": 93,
          "KomakiPCA5NoDevice-os-channel-3": 82,
          "KomakiPCA5NoDevice-os-channel-4": 75,
          "KomakiPCA5NoDevice-channel-ip-0": 205,
          "KomakiPCA5NoDevice-channel-ip-1": 207,
          "KomakiPCA5NoDevice-channel-ip-2": 165,
          "KomakiPCA5NoDevice-channel-ip-3": 175,
          "KomakiPCA5NoDevice-channel-ip-4": 229,
          "KomakiPCA5NoDevice-channel-app-0": 146,
          "KomakiPCA5NoDevice-channel-app-1": 130,
          "KomakiPCA5NoDevice-channel-app-2": 139,
          "KomakiPCA5NoDevice-channel-app-3": 136,
          "KomakiPCA5NoDevice-channel-app-4": 145,
          "KomakiPCA5NoDevice-channel-os-0": 172,
          "KomakiPCA5NoDevice-channel-os-1": 168,
          "KomakiPCA5NoDevice-channel-os-2": 138,
          "KomakiPCA5NoDevice-channel-os-3": 169,
          "KomakiPCA5NoDevice-channel-os-4": 159
        }
      },
      {
        "train_auc": 0.994199372636395,
        "valid_auc": 0.985008657725759,
        "best_iteration": 696,
        "train_time": 388.30113410949707,
        "feature_importance": {
          "app": 2991,
          "hour": 3528,
          "n_channels": 964,
          "ip_app_count": 734,
          "ip_app_os_count": 876,
          "DuplicateRowIndexDiff": 52,
          "FutureClickCount_4800-ip": 700,
          "FutureClickCount_4800-app": 357,
          "FutureClickCount_4800-ip-app": 315,
          "FutureClickCount_4800-dev": 62,
          "FutureClickCount_4800-ip-dev": 1057,
          "FutureClickCount_4800-app-dev": 330,
          "FutureClickCount_4800-ip-app-dev": 264,
          "FutureClickCount_4800-os": 160,
          "FutureClickCount_4800-ip-os": 571,
          "FutureClickCount_4800-app-os": 562,
          "FutureClickCount_4800-ip-app-os": 306,
          "FutureClickCount_4800-dev-os": 472,
          "FutureClickCount_4800-ip-dev-os": 811,
          "FutureClickCount_4800-app-dev-os": 856,
          "FutureClickCount_4800-ip-app-dev-os": 363,
          "FutureClickCount_4800-cha": 414,
          "FutureClickCount_4800-ip-cha": 186,
          "FutureClickCount_4800-app-cha": 708,
          "FutureClickCount_4800-ip-app-cha": 157,
          "FutureClickCount_4800-dev-cha": 379,
          "FutureClickCount_4800-ip-dev-cha": 176,
          "FutureClickCount_4800-app-dev-cha": 469,
          "FutureClickCount_4800-ip-app-dev-cha": 141,
          "FutureClickCount_4800-os-cha": 409,
          "FutureClickCount_4800-ip-os-cha": 108,
          "FutureClickCount_4800-app-os-cha": 453,
          "FutureClickCount_4800-ip-app-os-cha": 89,
          "FutureClickCount_4800-dev-os-cha": 447,
          "FutureClickCount_4800-ip-dev-os-cha": 89,
          "FutureClickCount_4800-app-dev-os-cha": 500,
          "FutureClickCount_4800-ip-app-dev-os-cha": 111,
          "NextClickTimeDelta-ip": 617,
          "NextClickTimeDelta-app": 87,
          "NextClickTimeDelta-ip-app": 679,
          "NextClickTimeDelta-dev": 41,
          "NextClickTimeDelta-ip-dev": 486,
          "NextClickTimeDelta-app-dev": 77,
          "NextClickTimeDelta-ip-app-dev": 599,
          "NextClickTimeDelta-os": 68,
          "NextClickTimeDelta-ip-os": 632,
          "NextClickTimeDelta-app-os": 194,
          "NextClickTimeDelta-ip-app-os": 1272,
          "NextClickTimeDelta-dev-os": 74,
          "NextClickTimeDelta-ip-dev-os": 420,
          "NextClickTimeDelta-app-dev-os": 179,
          "NextClickTimeDelta-ip-app-dev-os": 2229,
          "NextClickTimeDelta-cha": 85,
          "NextClickTimeDelta-ip-cha": 438,
          "NextClickTimeDelta-app-cha": 193,
          "NextClickTimeDelta-ip-app-cha": 419,
          "NextClickTimeDelta-dev-cha": 89,
          "NextClickTimeDelta-ip-dev-cha": 466,
          "NextClickTimeDelta-app-dev-cha": 112,
          "NextClickTimeDelta-ip-app-dev-cha": 388,
          "NextClickTimeDelta-os-cha": 178,
          "NextClickTimeDelta-ip-os-cha": 395,
          "NextClickTimeDelta-app-os-cha": 329,
          "NextClickTimeDelta-ip-app-os-cha": 448,
          "NextClickTimeDelta-dev-os-cha": 197,
          "NextClickTimeDelta-ip-dev-os-cha": 374,
          "NextClickTimeDelta-app-dev-os-cha": 238,
          "NextClickTimeDelta-ip-app-dev-os-cha": 561,
          "PrevClickTimeDelta-ip": 507,
          "PrevClickTimeDelta-app": 90,
          "PrevClickTimeDelta-ip-app": 381,
          "PrevClickTimeDelta-dev": 42,
          "PrevClickTimeDelta-ip-dev": 364,
          "PrevClickTimeDelta-app-dev": 59,
          "PrevClickTimeDelta-ip-app-dev": 329,
          "PrevClickTimeDelta-os": 85,
          "PrevClickTimeDelta-ip-os": 496,
          "PrevClickTimeDelta-app-os": 163,
          "PrevClickTimeDelta-ip-app-os": 384,
          "PrevClickTimeDelta-dev-os": 52,
          "PrevClickTimeDelta-ip-dev-os": 349,
          "PrevClickTimeDelta-app-dev-os": 153,
          "PrevClickTimeDelta-ip-app-dev-os": 328,
          "PrevClickTimeDelta-cha": 99,
          "PrevClickTimeDelta-ip-cha": 319,
          "PrevClickTimeDelta-app-cha": 142,
          "PrevClickTimeDelta-ip-app-cha": 300,
          "PrevClickTimeDelta-dev-cha": 87,
          "PrevClickTimeDelta-ip-dev-cha": 282,
          "PrevClickTimeDelta-app-dev-cha": 97,
          "PrevClickTimeDelta-ip-app-dev-cha": 253,
          "PrevClickTimeDelta-os-cha": 209,
          "PrevClickTimeDelta-ip-os-cha": 260,
          "PrevClickTimeDelta-app-os-cha": 212,
          "PrevClickTimeDelta-ip-app-os-cha": 244,
          "PrevClickTimeDelta-dev-os-cha": 180,
          "PrevClickTimeDelta-ip-dev-os-cha": 229,
          "PrevClickTimeDelta-app-dev-os-cha": 230,
          "PrevClickTimeDelta-ip-app-dev-os-cha": 190,
          "AverageAttributedRatio-ip": 292,
          "AverageAttributedRatio-app": 243,
          "AverageAttributedRatio-ip-app": 138,
          "AverageAttributedRatio-dev": 433,
          "AverageAttributedRatio-ip-dev": 272,
          "AverageAttributedRatio-app-dev": 229,
          "AverageAttributedRatio-ip-app-dev": 176,
          "AverageAttributedRatio-os": 305,
          "AverageAttributedRatio-ip-os": 163,
          "AverageAttributedRatio-app-os": 236,
          "AverageAttributedRatio-ip-app-os": 44,
          "AverageAttributedRatio-dev-os": 259,
          "AverageAttributedRatio-ip-dev-os": 159,
          "AverageAttributedRatio-app-dev-os": 281,
          "AverageAttributedRatio-ip-app-dev-os": 48,
          "AverageAttributedRatio-cha": 197,
          "AverageAttributedRatio-ip-cha": 84,
          "AverageAttributedRatio-app-cha": 238,
          "AverageAttributedRatio-ip-app-cha": 64,
          "AverageAttributedRatio-dev-cha": 187,
          "AverageAttributedRatio-ip-dev-cha": 64,
          "AverageAttributedRatio-app-dev-cha": 204,
          "AverageAttributedRatio-ip-app-dev-cha": 46,
          "AverageAttributedRatio-os-cha": 225,
          "AverageAttributedRatio-ip-os-cha": 33,
          "AverageAttributedRatio-app-os-cha": 245,
          "AverageAttributedRatio-ip-app-os-cha": 39,
          "AverageAttributedRatio-dev-os-cha": 223,
          "AverageAttributedRatio-ip-dev-os-cha": 23,
          "AverageAttributedRatio-app-dev-os-cha": 214,
          "AverageAttributedRatio-ip-app-dev-os-cha": 23,
          "KomakiLDA10NoDevice_1-ip-os-0": 740,
          "KomakiLDA10NoDevice_1-ip-os-1": 565,
          "KomakiLDA10NoDevice_1-ip-os-2": 819,
          "KomakiLDA10NoDevice_1-ip-os-3": 806,
          "KomakiLDA10NoDevice_1-ip-os-4": 683,
          "KomakiLDA10NoDevice_1-ip-os-5": 858,
          "KomakiLDA10NoDevice_1-ip-os-6": 852,
          "KomakiLDA10NoDevice_1-ip-os-7": 672,
          "KomakiLDA10NoDevice_1-ip-os-8": 686,
          "KomakiLDA10NoDevice_1-ip-os-9": 792,
          "KomakiLDA10NoDevice_1-app-ip-0": 168,
          "KomakiLDA10NoDevice_1-app-ip-1": 147,
          "KomakiLDA10NoDevice_1-app-ip-2": 148,
          "KomakiLDA10NoDevice_1-app-ip-3": 149,
          "KomakiLDA10NoDevice_1-app-ip-4": 94,
          "KomakiLDA10NoDevice_1-app-ip-5": 94,
          "KomakiLDA10NoDevice_1-app-ip-6": 172,
          "KomakiLDA10NoDevice_1-app-ip-7": 145,
          "KomakiLDA10NoDevice_1-app-ip-8": 125,
          "KomakiLDA10NoDevice_1-app-ip-9": 109,
          "KomakiLDA10NoDevice_1-app-os-0": 149,
          "KomakiLDA10NoDevice_1-app-os-1": 79,
          "KomakiLDA10NoDevice_1-app-os-2": 95,
          "KomakiLDA10NoDevice_1-app-os-3": 116,
          "KomakiLDA10NoDevice_1-app-os-4": 145,
          "KomakiLDA10NoDevice_1-app-os-5": 127,
          "KomakiLDA10NoDevice_1-app-os-6": 73,
          "KomakiLDA10NoDevice_1-app-os-7": 100,
          "KomakiLDA10NoDevice_1-app-os-8": 71,
          "KomakiLDA10NoDevice_1-app-os-9": 111,
          "KomakiLDA10NoDevice_1-app-channel-0": 59,
          "KomakiLDA10NoDevice_1-app-channel-1": 126,
          "KomakiLDA10NoDevice_1-app-channel-2": 130,
          "KomakiLDA10NoDevice_1-app-channel-3": 56,
          "KomakiLDA10NoDevice_1-app-channel-4": 68,
          "KomakiLDA10NoDevice_1-app-channel-5": 67,
          "KomakiLDA10NoDevice_1-app-channel-6": 99,
          "KomakiLDA10NoDevice_1-app-channel-7": 76,
          "KomakiLDA10NoDevice_1-app-channel-8": 73,
          "KomakiLDA10NoDevice_1-app-channel-9": 63,
          "KomakiLDA10NoDevice_1-channel-ip-0": 260,
          "KomakiLDA10NoDevice_1-channel-ip-1": 211,
          "KomakiLDA10NoDevice_1-channel-ip-2": 189,
          "KomakiLDA10NoDevice_1-channel-ip-3": 217,
          "KomakiLDA10NoDevice_1-channel-ip-4": 220,
          "KomakiLDA10NoDevice_1-channel-ip-5": 104,
          "KomakiLDA10NoDevice_1-channel-ip-6": 184,
          "KomakiLDA10NoDevice_1-channel-ip-7": 192,
          "KomakiLDA10NoDevice_1-channel-ip-8": 188,
          "KomakiLDA10NoDevice_1-channel-ip-9": 48,
          "KomakiLDA10NoDevice_1-channel-os-0": 201,
          "KomakiLDA10NoDevice_1-channel-os-1": 137,
          "KomakiLDA10NoDevice_1-channel-os-2": 33,
          "KomakiLDA10NoDevice_1-channel-os-3": 177,
          "KomakiLDA10NoDevice_1-channel-os-4": 188,
          "KomakiLDA10NoDevice_1-channel-os-5": 270,
          "KomakiLDA10NoDevice_1-channel-os-6": 185,
          "KomakiLDA10NoDevice_1-channel-os-7": 156,
          "KomakiLDA10NoDevice_1-channel-os-8": 65,
          "KomakiLDA10NoDevice_1-channel-os-9": 25,
          "KomakiLDA10NoDevice_2-ip-app-0": 876,
          "KomakiLDA10NoDevice_2-ip-app-1": 637,
          "KomakiLDA10NoDevice_2-ip-app-2": 872,
          "KomakiLDA10NoDevice_2-ip-app-3": 1008,
          "KomakiLDA10NoDevice_2-ip-app-4": 986,
          "KomakiLDA10NoDevice_2-ip-app-5": 645,
          "KomakiLDA10NoDevice_2-ip-app-6": 810,
          "KomakiLDA10NoDevice_2-ip-app-7": 875,
          "KomakiLDA10NoDevice_2-ip-app-8": 595,
          "KomakiLDA10NoDevice_2-ip-app-9": 754,
          "KomakiLDA10NoDevice_2-ip-channel-0": 898,
          "KomakiLDA10NoDevice_2-ip-channel-1": 1009,
          "KomakiLDA10NoDevice_2-ip-channel-2": 856,
          "KomakiLDA10NoDevice_2-ip-channel-3": 795,
          "KomakiLDA10NoDevice_2-ip-channel-4": 736,
          "KomakiLDA10NoDevice_2-ip-channel-5": 877,
          "KomakiLDA10NoDevice_2-ip-channel-6": 818,
          "KomakiLDA10NoDevice_2-ip-channel-7": 775,
          "KomakiLDA10NoDevice_2-ip-channel-8": 835,
          "KomakiLDA10NoDevice_2-ip-channel-9": 816,
          "KomakiLDA10NoDevice_2-os-ip-0": 148,
          "KomakiLDA10NoDevice_2-os-ip-1": 181,
          "KomakiLDA10NoDevice_2-os-ip-2": 212,
          "KomakiLDA10NoDevice_2-os-ip-3": 130,
          "KomakiLDA10NoDevice_2-os-ip-4": 125,
          "KomakiLDA10NoDevice_2-os-ip-5": 167,
          "KomakiLDA10NoDevice_2-os-ip-6": 165,
          "KomakiLDA10NoDevice_2-os-ip-7": 110,
          "KomakiLDA10NoDevice_2-os-ip-8": 174,
          "KomakiLDA10NoDevice_2-os-ip-9": 123,
          "KomakiLDA10NoDevice_2-os-app-0": 251,
          "KomakiLDA10NoDevice_2-os-app-1": 87,
          "KomakiLDA10NoDevice_2-os-app-2": 62,
          "KomakiLDA10NoDevice_2-os-app-3": 179,
          "KomakiLDA10NoDevice_2-os-app-4": 4,
          "KomakiLDA10NoDevice_2-os-app-5": 158,
          "KomakiLDA10NoDevice_2-os-app-6": 30,
          "KomakiLDA10NoDevice_2-os-app-7": 131,
          "KomakiLDA10NoDevice_2-os-app-8": 115,
          "KomakiLDA10NoDevice_2-os-app-9": 147,
          "KomakiLDA10NoDevice_2-os-channel-0": 210,
          "KomakiLDA10NoDevice_2-os-channel-1": 213,
          "KomakiLDA10NoDevice_2-os-channel-2": 68,
          "KomakiLDA10NoDevice_2-os-channel-3": 92,
          "KomakiLDA10NoDevice_2-os-channel-4": 247,
          "KomakiLDA10NoDevice_2-os-channel-5": 213,
          "KomakiLDA10NoDevice_2-os-channel-6": 247,
          "KomakiLDA10NoDevice_2-os-channel-7": 168,
          "KomakiLDA10NoDevice_2-os-channel-8": 126,
          "KomakiLDA10NoDevice_2-os-channel-9": 130,
          "KomakiLDA10NoDevice_2-channel-app-0": 274,
          "KomakiLDA10NoDevice_2-channel-app-1": 98,
          "KomakiLDA10NoDevice_2-channel-app-2": 92,
          "KomakiLDA10NoDevice_2-channel-app-3": 196,
          "KomakiLDA10NoDevice_2-channel-app-4": 143,
          "KomakiLDA10NoDevice_2-channel-app-5": 94,
          "KomakiLDA10NoDevice_2-channel-app-6": 111,
          "KomakiLDA10NoDevice_2-channel-app-7": 166,
          "KomakiLDA10NoDevice_2-channel-app-8": 184,
          "KomakiLDA10NoDevice_2-channel-app-9": 178,
          "KomakiNMF5NoDevice-ip-app-0": 458,
          "KomakiNMF5NoDevice-ip-app-1": 726,
          "KomakiNMF5NoDevice-ip-app-2": 517,
          "KomakiNMF5NoDevice-ip-app-3": 479,
          "KomakiNMF5NoDevice-ip-app-4": 492,
          "KomakiNMF5NoDevice-ip-os-0": 664,
          "KomakiNMF5NoDevice-ip-os-1": 640,
          "KomakiNMF5NoDevice-ip-os-2": 513,
          "KomakiNMF5NoDevice-ip-os-3": 617,
          "KomakiNMF5NoDevice-ip-os-4": 612,
          "KomakiNMF5NoDevice-ip-channel-0": 597,
          "KomakiNMF5NoDevice-ip-channel-1": 890,
          "KomakiNMF5NoDevice-ip-channel-2": 619,
          "KomakiNMF5NoDevice-ip-channel-3": 668,
          "KomakiNMF5NoDevice-ip-channel-4": 605,
          "KomakiNMF5NoDevice-app-ip-0": 130,
          "KomakiNMF5NoDevice-app-ip-1": 101,
          "KomakiNMF5NoDevice-app-ip-2": 93,
          "KomakiNMF5NoDevice-app-ip-3": 97,
          "KomakiNMF5NoDevice-app-ip-4": 49,
          "KomakiNMF5NoDevice-app-os-0": 31,
          "KomakiNMF5NoDevice-app-os-1": 65,
          "KomakiNMF5NoDevice-app-os-2": 68,
          "KomakiNMF5NoDevice-app-os-3": 19,
          "KomakiNMF5NoDevice-app-os-4": 21,
          "KomakiNMF5NoDevice-app-channel-0": 55,
          "KomakiNMF5NoDevice-app-channel-1": 79,
          "KomakiNMF5NoDevice-app-channel-2": 93,
          "KomakiNMF5NoDevice-app-channel-3": 78,
          "KomakiNMF5NoDevice-app-channel-4": 71,
          "KomakiNMF5NoDevice-os-ip-0": 107,
          "KomakiNMF5NoDevice-os-ip-1": 129,
          "KomakiNMF5NoDevice-os-ip-2": 95,
          "KomakiNMF5NoDevice-os-ip-3": 134,
          "KomakiNMF5NoDevice-os-ip-4": 93,
          "KomakiNMF5NoDevice-os-app-0": 105,
          "KomakiNMF5NoDevice-os-app-1": 6,
          "KomakiNMF5NoDevice-os-app-2": 76,
          "KomakiNMF5NoDevice-os-app-3": 115,
          "KomakiNMF5NoDevice-os-app-4": 83,
          "KomakiNMF5NoDevice-os-channel-0": 188,
          "KomakiNMF5NoDevice-os-channel-1": 103,
          "KomakiNMF5NoDevice-os-channel-2": 214,
          "KomakiNMF5NoDevice-os-channel-3": 181,
          "KomakiNMF5NoDevice-os-channel-4": 116,
          "KomakiNMF5NoDevice-channel-ip-0": 211,
          "KomakiNMF5NoDevice-channel-ip-1": 149,
          "KomakiNMF5NoDevice-channel-ip-2": 172,
          "KomakiNMF5NoDevice-channel-ip-3": 214,
          "KomakiNMF5NoDevice-channel-ip-4": 221,
          "KomakiNMF5NoDevice-channel-app-0": 110,
          "KomakiNMF5NoDevice-channel-app-1": 39,
          "KomakiNMF5NoDevice-channel-app-2": 101,
          "KomakiNMF5NoDevice-channel-app-3": 87,
          "KomakiNMF5NoDevice-channel-app-4": 91,
          "KomakiNMF5NoDevice-channel-os-0": 177,
          "KomakiNMF5NoDevice-channel-os-1": 33,
          "KomakiNMF5NoDevice-channel-os-2": 211,
          "KomakiNMF5NoDevice-channel-os-3": 112,
          "KomakiNMF5NoDevice-channel-os-4": 175,
          "KomakiPCA5NoDevice-ip-app-0": 683,
          "KomakiPCA5NoDevice-ip-app-1": 564,
          "KomakiPCA5NoDevice-ip-app-2": 551,
          "KomakiPCA5NoDevice-ip-app-3": 463,
          "KomakiPCA5NoDevice-ip-app-4": 632,
          "KomakiPCA5NoDevice-ip-os-0": 806,
          "KomakiPCA5NoDevice-ip-os-1": 584,
          "KomakiPCA5NoDevice-ip-os-2": 571,
          "KomakiPCA5NoDevice-ip-os-3": 602,
          "KomakiPCA5NoDevice-ip-os-4": 726,
          "KomakiPCA5NoDevice-ip-channel-0": 813,
          "KomakiPCA5NoDevice-ip-channel-1": 599,
          "KomakiPCA5NoDevice-ip-channel-2": 637,
          "KomakiPCA5NoDevice-ip-channel-3": 679,
          "KomakiPCA5NoDevice-ip-channel-4": 580,
          "KomakiPCA5NoDevice-app-ip-0": 84,
          "KomakiPCA5NoDevice-app-ip-1": 71,
          "KomakiPCA5NoDevice-app-ip-2": 92,
          "KomakiPCA5NoDevice-app-ip-3": 89,
          "KomakiPCA5NoDevice-app-ip-4": 63,
          "KomakiPCA5NoDevice-app-os-0": 101,
          "KomakiPCA5NoDevice-app-os-1": 65,
          "KomakiPCA5NoDevice-app-os-2": 76,
          "KomakiPCA5NoDevice-app-os-3": 79,
          "KomakiPCA5NoDevice-app-os-4": 89,
          "KomakiPCA5NoDevice-app-channel-0": 70,
          "KomakiPCA5NoDevice-app-channel-1": 108,
          "KomakiPCA5NoDevice-app-channel-2": 87,
          "KomakiPCA5NoDevice-app-channel-3": 92,
          "KomakiPCA5NoDevice-app-channel-4": 110,
          "KomakiPCA5NoDevice-os-ip-0": 59,
          "KomakiPCA5NoDevice-os-ip-1": 108,
          "KomakiPCA5NoDevice-os-ip-2": 93,
          "KomakiPCA5NoDevice-os-ip-3": 148,
          "KomakiPCA5NoDevice-os-ip-4": 137,
          "KomakiPCA5NoDevice-os-app-0": 119,
          "KomakiPCA5NoDevice-os-app-1": 95,
          "KomakiPCA5NoDevice-os-app-2": 86,
          "KomakiPCA5NoDevice-os-app-3": 129,
          "KomakiPCA5NoDevice-os-app-4": 154,
          "KomakiPCA5NoDevice-os-channel-0": 135,
          "KomakiPCA5NoDevice-os-channel-1": 144,
          "KomakiPCA5NoDevice-os-channel-2": 73,
          "KomakiPCA5NoDevice-os-channel-3": 90,
          "KomakiPCA5NoDevice-os-channel-4": 86,
          "KomakiPCA5NoDevice-channel-ip-0": 188,
          "KomakiPCA5NoDevice-channel-ip-1": 208,
          "KomakiPCA5NoDevice-channel-ip-2": 180,
          "KomakiPCA5NoDevice-channel-ip-3": 182,
          "KomakiPCA5NoDevice-channel-ip-4": 232,
          "KomakiPCA5NoDevice-channel-app-0": 185,
          "KomakiPCA5NoDevice-channel-app-1": 120,
          "KomakiPCA5NoDevice-channel-app-2": 133,
          "KomakiPCA5NoDevice-channel-app-3": 131,
          "KomakiPCA5NoDevice-channel-app-4": 131,
          "KomakiPCA5NoDevice-channel-os-0": 187,
          "KomakiPCA5NoDevice-channel-os-1": 194,
          "KomakiPCA5NoDevice-channel-os-2": 104,
          "KomakiPCA5NoDevice-channel-os-3": 178,
          "KomakiPCA5NoDevice-channel-os-4": 162
        }
      }
    ],
    "average_train_auc": 0.9940416054480009,
    "average_valid_auc": 0.9849392215768088,
    "train_auc_std": 0.000468255028086491,
    "valid_auc_std": 0.00011267790517399677,
    "average_train_time": 382.0874371051788
  },
  "config": {
    "features": [
      "app",
      "hour",
      "count",
      "duplicated_row_index_diff",
      "future_click_count_80",
      "next_click_time_delta",
      "prev_click_time_delta",
      "average_attributed_ratio",
      "komaki_lda_10_no_device_1",
      "komaki_lda_10_no_device_2",
      "komaki_nmf_5_no_device",
      "komaki_pca_5_no_device"
    ],
    "model": {
      "name": "lightgbm",
      "model_params": {
        "boosting_type": "gbdt",
        "objective": "binary",
        "metric": "auc",
        "learning_rate": 0.03,
        "num_leaves": 255,
        "max_depth": 8,
        "min_child_samples": 50,
        "subsample": 0.7,
        "subsample_freq": 1,
        "colsample_bytree": 0.7,
        "min_child_weight": 0,
        "subsample_for_bin": 1000000,
        "min_split_gain": 0,
        "reg_lambda": 0,
        "verbose": 0
      },
      "train_params": {
        "num_boost_round": 2000,
        "early_stopping_rounds": 30
      }
    },
    "dataset": {
      "input_directory": "data/input/",
      "cache_directory": "data/working/",
      "files": {
        "train": "train.feather",
        "test": "old_test.feather"
      },
      "negative_down_sampling": {
        "enabled": true,
        "bagging_size": 5
      }
    },
    "rank_average": true,
    "note": "71 - future_click_count_10"
  }
}