{
  "training": {
    "trials": [
      {
        "train_auc": 0.9881674178025898,
        "valid_auc": 0.9839841067482805,
        "best_iteration": 87,
        "train_time": 54.877453565597534,
        "feature_importance": {
          "ip": 358,
          "os": 95,
          "app": 239,
          "channel": 269,
          "hour": 142,
          "n_channels": 47,
          "ip_app_count": 40,
          "ip_app_os_count": 46,
          "FutureClickCount_600-ip": 7,
          "FutureClickCount_600-app": 1,
          "FutureClickCount_600-ip-app": 0,
          "FutureClickCount_600-dev": 19,
          "FutureClickCount_600-ip-dev": 9,
          "FutureClickCount_600-app-dev": 2,
          "FutureClickCount_600-ip-app-dev": 1,
          "FutureClickCount_600-os": 7,
          "FutureClickCount_600-ip-os": 2,
          "FutureClickCount_600-app-os": 4,
          "FutureClickCount_600-ip-app-os": 5,
          "FutureClickCount_600-dev-os": 35,
          "FutureClickCount_600-ip-dev-os": 3,
          "FutureClickCount_600-app-dev-os": 17,
          "FutureClickCount_600-ip-app-dev-os": 29,
          "FutureClickCount_600-cha": 0,
          "FutureClickCount_600-ip-cha": 0,
          "FutureClickCount_600-app-cha": 22,
          "FutureClickCount_600-ip-app-cha": 0,
          "FutureClickCount_600-dev-cha": 1,
          "FutureClickCount_600-ip-dev-cha": 0,
          "FutureClickCount_600-app-dev-cha": 2,
          "FutureClickCount_600-ip-app-dev-cha": 0,
          "FutureClickCount_600-os-cha": 0,
          "FutureClickCount_600-ip-os-cha": 0,
          "FutureClickCount_600-app-os-cha": 1,
          "FutureClickCount_600-ip-app-os-cha": 1,
          "FutureClickCount_600-dev-os-cha": 0,
          "FutureClickCount_600-ip-dev-os-cha": 2,
          "FutureClickCount_600-app-dev-os-cha": 0,
          "FutureClickCount_600-ip-app-dev-os-cha": 5,
          "FutureClickCount_4800-ip": 36,
          "FutureClickCount_4800-app": 3,
          "FutureClickCount_4800-ip-app": 0,
          "FutureClickCount_4800-dev": 1,
          "FutureClickCount_4800-ip-dev": 50,
          "FutureClickCount_4800-app-dev": 0,
          "FutureClickCount_4800-ip-app-dev": 2,
          "FutureClickCount_4800-os": 0,
          "FutureClickCount_4800-ip-os": 8,
          "FutureClickCount_4800-app-os": 5,
          "FutureClickCount_4800-ip-app-os": 8,
          "FutureClickCount_4800-dev-os": 7,
          "FutureClickCount_4800-ip-dev-os": 20,
          "FutureClickCount_4800-app-dev-os": 22,
          "FutureClickCount_4800-ip-app-dev-os": 20,
          "FutureClickCount_4800-cha": 2,
          "FutureClickCount_4800-ip-cha": 0,
          "FutureClickCount_4800-app-cha": 15,
          "FutureClickCount_4800-ip-app-cha": 1,
          "FutureClickCount_4800-dev-cha": 0,
          "FutureClickCount_4800-ip-dev-cha": 0,
          "FutureClickCount_4800-app-dev-cha": 4,
          "FutureClickCount_4800-ip-app-dev-cha": 0,
          "FutureClickCount_4800-os-cha": 0,
          "FutureClickCount_4800-ip-os-cha": 0,
          "FutureClickCount_4800-app-os-cha": 2,
          "FutureClickCount_4800-ip-app-os-cha": 0,
          "FutureClickCount_4800-dev-os-cha": 1,
          "FutureClickCount_4800-ip-dev-os-cha": 0,
          "FutureClickCount_4800-app-dev-os-cha": 1,
          "FutureClickCount_4800-ip-app-dev-os-cha": 2,
          "NextClickTimeDelta-ip": 25,
          "NextClickTimeDelta-app": 0,
          "NextClickTimeDelta-ip-app": 23,
          "NextClickTimeDelta-dev": 0,
          "NextClickTimeDelta-ip-dev": 9,
          "NextClickTimeDelta-app-dev": 0,
          "NextClickTimeDelta-ip-app-dev": 10,
          "NextClickTimeDelta-os": 0,
          "NextClickTimeDelta-ip-os": 7,
          "NextClickTimeDelta-app-os": 0,
          "NextClickTimeDelta-ip-app-os": 82,
          "NextClickTimeDelta-dev-os": 3,
          "NextClickTimeDelta-ip-dev-os": 11,
          "NextClickTimeDelta-app-dev-os": 1,
          "NextClickTimeDelta-ip-app-dev-os": 203,
          "NextClickTimeDelta-cha": 1,
          "NextClickTimeDelta-ip-cha": 3,
          "NextClickTimeDelta-app-cha": 3,
          "NextClickTimeDelta-ip-app-cha": 5,
          "NextClickTimeDelta-dev-cha": 0,
          "NextClickTimeDelta-ip-dev-cha": 0,
          "NextClickTimeDelta-app-dev-cha": 0,
          "NextClickTimeDelta-ip-app-dev-cha": 7,
          "NextClickTimeDelta-os-cha": 0,
          "NextClickTimeDelta-ip-os-cha": 0,
          "NextClickTimeDelta-app-os-cha": 2,
          "NextClickTimeDelta-ip-app-os-cha": 12,
          "NextClickTimeDelta-dev-os-cha": 0,
          "NextClickTimeDelta-ip-dev-os-cha": 2,
          "NextClickTimeDelta-app-dev-os-cha": 0,
          "NextClickTimeDelta-ip-app-dev-os-cha": 23,
          "PrevClickTimeDelta-ip": 11,
          "PrevClickTimeDelta-app": 0,
          "PrevClickTimeDelta-ip-app": 1,
          "PrevClickTimeDelta-dev": 0,
          "PrevClickTimeDelta-ip-dev": 2,
          "PrevClickTimeDelta-app-dev": 0,
          "PrevClickTimeDelta-ip-app-dev": 2,
          "PrevClickTimeDelta-os": 0,
          "PrevClickTimeDelta-ip-os": 1,
          "PrevClickTimeDelta-app-os": 0,
          "PrevClickTimeDelta-ip-app-os": 8,
          "PrevClickTimeDelta-dev-os": 0,
          "PrevClickTimeDelta-ip-dev-os": 3,
          "PrevClickTimeDelta-app-dev-os": 0,
          "PrevClickTimeDelta-ip-app-dev-os": 11,
          "PrevClickTimeDelta-cha": 0,
          "PrevClickTimeDelta-ip-cha": 2,
          "PrevClickTimeDelta-app-cha": 1,
          "PrevClickTimeDelta-ip-app-cha": 0,
          "PrevClickTimeDelta-dev-cha": 0,
          "PrevClickTimeDelta-ip-dev-cha": 0,
          "PrevClickTimeDelta-app-dev-cha": 0,
          "PrevClickTimeDelta-ip-app-dev-cha": 1,
          "PrevClickTimeDelta-os-cha": 0,
          "PrevClickTimeDelta-ip-os-cha": 0,
          "PrevClickTimeDelta-app-os-cha": 0,
          "PrevClickTimeDelta-ip-app-os-cha": 0,
          "PrevClickTimeDelta-dev-os-cha": 0,
          "PrevClickTimeDelta-ip-dev-os-cha": 1,
          "PrevClickTimeDelta-app-dev-os-cha": 0,
          "PrevClickTimeDelta-ip-app-dev-os-cha": 0,
          "AverageAttributedRatio-ip": 5,
          "AverageAttributedRatio-app": 4,
          "AverageAttributedRatio-ip-app": 12,
          "AverageAttributedRatio-dev": 6,
          "AverageAttributedRatio-ip-dev": 1,
          "AverageAttributedRatio-app-dev": 2,
          "AverageAttributedRatio-ip-app-dev": 14,
          "AverageAttributedRatio-os": 1,
          "AverageAttributedRatio-ip-os": 1,
          "AverageAttributedRatio-app-os": 1,
          "AverageAttributedRatio-ip-app-os": 0,
          "AverageAttributedRatio-dev-os": 0,
          "AverageAttributedRatio-ip-dev-os": 3,
          "AverageAttributedRatio-app-dev-os": 13,
          "AverageAttributedRatio-ip-app-dev-os": 2,
          "AverageAttributedRatio-cha": 2,
          "AverageAttributedRatio-ip-cha": 0,
          "AverageAttributedRatio-app-cha": 5,
          "AverageAttributedRatio-ip-app-cha": 0,
          "AverageAttributedRatio-dev-cha": 0,
          "AverageAttributedRatio-ip-dev-cha": 0,
          "AverageAttributedRatio-app-dev-cha": 5,
          "AverageAttributedRatio-ip-app-dev-cha": 0,
          "AverageAttributedRatio-os-cha": 0,
          "AverageAttributedRatio-ip-os-cha": 0,
          "AverageAttributedRatio-app-os-cha": 16,
          "AverageAttributedRatio-ip-app-os-cha": 0,
          "AverageAttributedRatio-dev-os-cha": 2,
          "AverageAttributedRatio-ip-dev-os-cha": 0,
          "AverageAttributedRatio-app-dev-os-cha": 19,
          "AverageAttributedRatio-ip-app-dev-os-cha": 0,
          "KomakiLDA5NoDevice-ip-app-0": 33,
          "KomakiLDA5NoDevice-ip-app-1": 23,
          "KomakiLDA5NoDevice-ip-app-2": 12,
          "KomakiLDA5NoDevice-ip-app-3": 12,
          "KomakiLDA5NoDevice-ip-app-4": 7,
          "KomakiLDA5NoDevice-ip-os-0": 8,
          "KomakiLDA5NoDevice-ip-os-1": 16,
          "KomakiLDA5NoDevice-ip-os-2": 25,
          "KomakiLDA5NoDevice-ip-os-3": 14,
          "KomakiLDA5NoDevice-ip-os-4": 5,
          "KomakiLDA5NoDevice-ip-channel-0": 19,
          "KomakiLDA5NoDevice-ip-channel-1": 33,
          "KomakiLDA5NoDevice-ip-channel-2": 20,
          "KomakiLDA5NoDevice-ip-channel-3": 7,
          "KomakiLDA5NoDevice-ip-channel-4": 18,
          "KomakiLDA5NoDevice-app-ip-0": 21,
          "KomakiLDA5NoDevice-app-ip-1": 8,
          "KomakiLDA5NoDevice-app-ip-2": 7,
          "KomakiLDA5NoDevice-app-ip-3": 4,
          "KomakiLDA5NoDevice-app-ip-4": 6,
          "KomakiLDA5NoDevice-app-os-0": 2,
          "KomakiLDA5NoDevice-app-os-1": 21,
          "KomakiLDA5NoDevice-app-os-2": 4,
          "KomakiLDA5NoDevice-app-os-3": 8,
          "KomakiLDA5NoDevice-app-os-4": 22,
          "KomakiLDA5NoDevice-app-channel-0": 12,
          "KomakiLDA5NoDevice-app-channel-1": 7,
          "KomakiLDA5NoDevice-app-channel-2": 3,
          "KomakiLDA5NoDevice-app-channel-3": 8,
          "KomakiLDA5NoDevice-app-channel-4": 4,
          "KomakiLDA5NoDevice-os-ip-0": 3,
          "KomakiLDA5NoDevice-os-ip-1": 1,
          "KomakiLDA5NoDevice-os-ip-2": 1,
          "KomakiLDA5NoDevice-os-ip-3": 1,
          "KomakiLDA5NoDevice-os-ip-4": 1,
          "KomakiLDA5NoDevice-os-app-0": 10,
          "KomakiLDA5NoDevice-os-app-1": 2,
          "KomakiLDA5NoDevice-os-app-2": 3,
          "KomakiLDA5NoDevice-os-app-3": 6,
          "KomakiLDA5NoDevice-os-app-4": 2,
          "KomakiLDA5NoDevice-os-channel-0": 6,
          "KomakiLDA5NoDevice-os-channel-1": 0,
          "KomakiLDA5NoDevice-os-channel-2": 9,
          "KomakiLDA5NoDevice-os-channel-3": 7,
          "KomakiLDA5NoDevice-os-channel-4": 3,
          "KomakiLDA5NoDevice-channel-ip-0": 5,
          "KomakiLDA5NoDevice-channel-ip-1": 0,
          "KomakiLDA5NoDevice-channel-ip-2": 3,
          "KomakiLDA5NoDevice-channel-ip-3": 4,
          "KomakiLDA5NoDevice-channel-ip-4": 2,
          "KomakiLDA5NoDevice-channel-app-0": 1,
          "KomakiLDA5NoDevice-channel-app-1": 0,
          "KomakiLDA5NoDevice-channel-app-2": 2,
          "KomakiLDA5NoDevice-channel-app-3": 1,
          "KomakiLDA5NoDevice-channel-app-4": 1,
          "KomakiLDA5NoDevice-channel-os-0": 1,
          "KomakiLDA5NoDevice-channel-os-1": 13,
          "KomakiLDA5NoDevice-channel-os-2": 1,
          "KomakiLDA5NoDevice-channel-os-3": 5,
          "KomakiLDA5NoDevice-channel-os-4": 3
        }
      },
      {
        "train_auc": 0.9885209766736557,
        "valid_auc": 0.9838581238836732,
        "best_iteration": 94,
        "train_time": 58.1394419670105,
        "feature_importance": {
          "ip": 420,
          "os": 96,
          "app": 252,
          "channel": 317,
          "hour": 144,
          "n_channels": 40,
          "ip_app_count": 44,
          "ip_app_os_count": 37,
          "FutureClickCount_600-ip": 8,
          "FutureClickCount_600-app": 2,
          "FutureClickCount_600-ip-app": 1,
          "FutureClickCount_600-dev": 19,
          "FutureClickCount_600-ip-dev": 6,
          "FutureClickCount_600-app-dev": 2,
          "FutureClickCount_600-ip-app-dev": 1,
          "FutureClickCount_600-os": 5,
          "FutureClickCount_600-ip-os": 1,
          "FutureClickCount_600-app-os": 3,
          "FutureClickCount_600-ip-app-os": 9,
          "FutureClickCount_600-dev-os": 34,
          "FutureClickCount_600-ip-dev-os": 2,
          "FutureClickCount_600-app-dev-os": 25,
          "FutureClickCount_600-ip-app-dev-os": 26,
          "FutureClickCount_600-cha": 1,
          "FutureClickCount_600-ip-cha": 1,
          "FutureClickCount_600-app-cha": 16,
          "FutureClickCount_600-ip-app-cha": 0,
          "FutureClickCount_600-dev-cha": 0,
          "FutureClickCount_600-ip-dev-cha": 0,
          "FutureClickCount_600-app-dev-cha": 5,
          "FutureClickCount_600-ip-app-dev-cha": 0,
          "FutureClickCount_600-os-cha": 0,
          "FutureClickCount_600-ip-os-cha": 0,
          "FutureClickCount_600-app-os-cha": 4,
          "FutureClickCount_600-ip-app-os-cha": 0,
          "FutureClickCount_600-dev-os-cha": 1,
          "FutureClickCount_600-ip-dev-os-cha": 0,
          "FutureClickCount_600-app-dev-os-cha": 1,
          "FutureClickCount_600-ip-app-dev-os-cha": 5,
          "FutureClickCount_4800-ip": 36,
          "FutureClickCount_4800-app": 3,
          "FutureClickCount_4800-ip-app": 0,
          "FutureClickCount_4800-dev": 0,
          "FutureClickCount_4800-ip-dev": 55,
          "FutureClickCount_4800-app-dev": 0,
          "FutureClickCount_4800-ip-app-dev": 3,
          "FutureClickCount_4800-os": 1,
          "FutureClickCount_4800-ip-os": 10,
          "FutureClickCount_4800-app-os": 3,
          "FutureClickCount_4800-ip-app-os": 7,
          "FutureClickCount_4800-dev-os": 5,
          "FutureClickCount_4800-ip-dev-os": 19,
          "FutureClickCount_4800-app-dev-os": 31,
          "FutureClickCount_4800-ip-app-dev-os": 24,
          "FutureClickCount_4800-cha": 1,
          "FutureClickCount_4800-ip-cha": 0,
          "FutureClickCount_4800-app-cha": 16,
          "FutureClickCount_4800-ip-app-cha": 0,
          "FutureClickCount_4800-dev-cha": 0,
          "FutureClickCount_4800-ip-dev-cha": 0,
          "FutureClickCount_4800-app-dev-cha": 2,
          "FutureClickCount_4800-ip-app-dev-cha": 0,
          "FutureClickCount_4800-os-cha": 1,
          "FutureClickCount_4800-ip-os-cha": 0,
          "FutureClickCount_4800-app-os-cha": 2,
          "FutureClickCount_4800-ip-app-os-cha": 1,
          "FutureClickCount_4800-dev-os-cha": 4,
          "FutureClickCount_4800-ip-dev-os-cha": 0,
          "FutureClickCount_4800-app-dev-os-cha": 0,
          "FutureClickCount_4800-ip-app-dev-os-cha": 0,
          "NextClickTimeDelta-ip": 27,
          "NextClickTimeDelta-app": 0,
          "NextClickTimeDelta-ip-app": 20,
          "NextClickTimeDelta-dev": 0,
          "NextClickTimeDelta-ip-dev": 9,
          "NextClickTimeDelta-app-dev": 1,
          "NextClickTimeDelta-ip-app-dev": 7,
          "NextClickTimeDelta-os": 0,
          "NextClickTimeDelta-ip-os": 11,
          "NextClickTimeDelta-app-os": 0,
          "NextClickTimeDelta-ip-app-os": 91,
          "NextClickTimeDelta-dev-os": 4,
          "NextClickTimeDelta-ip-dev-os": 9,
          "NextClickTimeDelta-app-dev-os": 0,
          "NextClickTimeDelta-ip-app-dev-os": 203,
          "NextClickTimeDelta-cha": 0,
          "NextClickTimeDelta-ip-cha": 6,
          "NextClickTimeDelta-app-cha": 2,
          "NextClickTimeDelta-ip-app-cha": 6,
          "NextClickTimeDelta-dev-cha": 1,
          "NextClickTimeDelta-ip-dev-cha": 3,
          "NextClickTimeDelta-app-dev-cha": 1,
          "NextClickTimeDelta-ip-app-dev-cha": 3,
          "NextClickTimeDelta-os-cha": 0,
          "NextClickTimeDelta-ip-os-cha": 1,
          "NextClickTimeDelta-app-os-cha": 2,
          "NextClickTimeDelta-ip-app-os-cha": 19,
          "NextClickTimeDelta-dev-os-cha": 0,
          "NextClickTimeDelta-ip-dev-os-cha": 2,
          "NextClickTimeDelta-app-dev-os-cha": 1,
          "NextClickTimeDelta-ip-app-dev-os-cha": 20,
          "PrevClickTimeDelta-ip": 18,
          "PrevClickTimeDelta-app": 1,
          "PrevClickTimeDelta-ip-app": 2,
          "PrevClickTimeDelta-dev": 0,
          "PrevClickTimeDelta-ip-dev": 2,
          "PrevClickTimeDelta-app-dev": 0,
          "PrevClickTimeDelta-ip-app-dev": 1,
          "PrevClickTimeDelta-os": 0,
          "PrevClickTimeDelta-ip-os": 0,
          "PrevClickTimeDelta-app-os": 0,
          "PrevClickTimeDelta-ip-app-os": 5,
          "PrevClickTimeDelta-dev-os": 1,
          "PrevClickTimeDelta-ip-dev-os": 1,
          "PrevClickTimeDelta-app-dev-os": 2,
          "PrevClickTimeDelta-ip-app-dev-os": 11,
          "PrevClickTimeDelta-cha": 0,
          "PrevClickTimeDelta-ip-cha": 1,
          "PrevClickTimeDelta-app-cha": 1,
          "PrevClickTimeDelta-ip-app-cha": 1,
          "PrevClickTimeDelta-dev-cha": 0,
          "PrevClickTimeDelta-ip-dev-cha": 2,
          "PrevClickTimeDelta-app-dev-cha": 1,
          "PrevClickTimeDelta-ip-app-dev-cha": 1,
          "PrevClickTimeDelta-os-cha": 0,
          "PrevClickTimeDelta-ip-os-cha": 0,
          "PrevClickTimeDelta-app-os-cha": 0,
          "PrevClickTimeDelta-ip-app-os-cha": 0,
          "PrevClickTimeDelta-dev-os-cha": 0,
          "PrevClickTimeDelta-ip-dev-os-cha": 0,
          "PrevClickTimeDelta-app-dev-os-cha": 0,
          "PrevClickTimeDelta-ip-app-dev-os-cha": 1,
          "AverageAttributedRatio-ip": 3,
          "AverageAttributedRatio-app": 4,
          "AverageAttributedRatio-ip-app": 8,
          "AverageAttributedRatio-dev": 3,
          "AverageAttributedRatio-ip-dev": 6,
          "AverageAttributedRatio-app-dev": 4,
          "AverageAttributedRatio-ip-app-dev": 12,
          "AverageAttributedRatio-os": 3,
          "AverageAttributedRatio-ip-os": 0,
          "AverageAttributedRatio-app-os": 4,
          "AverageAttributedRatio-ip-app-os": 0,
          "AverageAttributedRatio-dev-os": 3,
          "AverageAttributedRatio-ip-dev-os": 2,
          "AverageAttributedRatio-app-dev-os": 10,
          "AverageAttributedRatio-ip-app-dev-os": 3,
          "AverageAttributedRatio-cha": 6,
          "AverageAttributedRatio-ip-cha": 0,
          "AverageAttributedRatio-app-cha": 4,
          "AverageAttributedRatio-ip-app-cha": 0,
          "AverageAttributedRatio-dev-cha": 2,
          "AverageAttributedRatio-ip-dev-cha": 0,
          "AverageAttributedRatio-app-dev-cha": 5,
          "AverageAttributedRatio-ip-app-dev-cha": 6,
          "AverageAttributedRatio-os-cha": 2,
          "AverageAttributedRatio-ip-os-cha": 0,
          "AverageAttributedRatio-app-os-cha": 18,
          "AverageAttributedRatio-ip-app-os-cha": 0,
          "AverageAttributedRatio-dev-os-cha": 2,
          "AverageAttributedRatio-ip-dev-os-cha": 0,
          "AverageAttributedRatio-app-dev-os-cha": 20,
          "AverageAttributedRatio-ip-app-dev-os-cha": 0,
          "KomakiLDA5NoDevice-ip-app-0": 50,
          "KomakiLDA5NoDevice-ip-app-1": 32,
          "KomakiLDA5NoDevice-ip-app-2": 20,
          "KomakiLDA5NoDevice-ip-app-3": 9,
          "KomakiLDA5NoDevice-ip-app-4": 15,
          "KomakiLDA5NoDevice-ip-os-0": 7,
          "KomakiLDA5NoDevice-ip-os-1": 15,
          "KomakiLDA5NoDevice-ip-os-2": 24,
          "KomakiLDA5NoDevice-ip-os-3": 19,
          "KomakiLDA5NoDevice-ip-os-4": 3,
          "KomakiLDA5NoDevice-ip-channel-0": 14,
          "KomakiLDA5NoDevice-ip-channel-1": 25,
          "KomakiLDA5NoDevice-ip-channel-2": 23,
          "KomakiLDA5NoDevice-ip-channel-3": 13,
          "KomakiLDA5NoDevice-ip-channel-4": 11,
          "KomakiLDA5NoDevice-app-ip-0": 21,
          "KomakiLDA5NoDevice-app-ip-1": 13,
          "KomakiLDA5NoDevice-app-ip-2": 7,
          "KomakiLDA5NoDevice-app-ip-3": 4,
          "KomakiLDA5NoDevice-app-ip-4": 8,
          "KomakiLDA5NoDevice-app-os-0": 3,
          "KomakiLDA5NoDevice-app-os-1": 26,
          "KomakiLDA5NoDevice-app-os-2": 2,
          "KomakiLDA5NoDevice-app-os-3": 6,
          "KomakiLDA5NoDevice-app-os-4": 24,
          "KomakiLDA5NoDevice-app-channel-0": 9,
          "KomakiLDA5NoDevice-app-channel-1": 2,
          "KomakiLDA5NoDevice-app-channel-2": 5,
          "KomakiLDA5NoDevice-app-channel-3": 7,
          "KomakiLDA5NoDevice-app-channel-4": 3,
          "KomakiLDA5NoDevice-os-ip-0": 5,
          "KomakiLDA5NoDevice-os-ip-1": 2,
          "KomakiLDA5NoDevice-os-ip-2": 1,
          "KomakiLDA5NoDevice-os-ip-3": 0,
          "KomakiLDA5NoDevice-os-ip-4": 4,
          "KomakiLDA5NoDevice-os-app-0": 12,
          "KomakiLDA5NoDevice-os-app-1": 1,
          "KomakiLDA5NoDevice-os-app-2": 1,
          "KomakiLDA5NoDevice-os-app-3": 4,
          "KomakiLDA5NoDevice-os-app-4": 1,
          "KomakiLDA5NoDevice-os-channel-0": 7,
          "KomakiLDA5NoDevice-os-channel-1": 2,
          "KomakiLDA5NoDevice-os-channel-2": 14,
          "KomakiLDA5NoDevice-os-channel-3": 12,
          "KomakiLDA5NoDevice-os-channel-4": 1,
          "KomakiLDA5NoDevice-channel-ip-0": 2,
          "KomakiLDA5NoDevice-channel-ip-1": 2,
          "KomakiLDA5NoDevice-channel-ip-2": 3,
          "KomakiLDA5NoDevice-channel-ip-3": 0,
          "KomakiLDA5NoDevice-channel-ip-4": 3,
          "KomakiLDA5NoDevice-channel-app-0": 4,
          "KomakiLDA5NoDevice-channel-app-1": 1,
          "KomakiLDA5NoDevice-channel-app-2": 1,
          "KomakiLDA5NoDevice-channel-app-3": 4,
          "KomakiLDA5NoDevice-channel-app-4": 1,
          "KomakiLDA5NoDevice-channel-os-0": 1,
          "KomakiLDA5NoDevice-channel-os-1": 15,
          "KomakiLDA5NoDevice-channel-os-2": 3,
          "KomakiLDA5NoDevice-channel-os-3": 2,
          "KomakiLDA5NoDevice-channel-os-4": 2
        }
      },
      {
        "train_auc": 0.9884128167687736,
        "valid_auc": 0.9839487790218824,
        "best_iteration": 91,
        "train_time": 57.35540175437927,
        "feature_importance": {
          "ip": 367,
          "os": 92,
          "app": 251,
          "channel": 296,
          "hour": 141,
          "n_channels": 44,
          "ip_app_count": 39,
          "ip_app_os_count": 41,
          "FutureClickCount_600-ip": 10,
          "FutureClickCount_600-app": 4,
          "FutureClickCount_600-ip-app": 1,
          "FutureClickCount_600-dev": 23,
          "FutureClickCount_600-ip-dev": 8,
          "FutureClickCount_600-app-dev": 5,
          "FutureClickCount_600-ip-app-dev": 2,
          "FutureClickCount_600-os": 5,
          "FutureClickCount_600-ip-os": 0,
          "FutureClickCount_600-app-os": 1,
          "FutureClickCount_600-ip-app-os": 5,
          "FutureClickCount_600-dev-os": 41,
          "FutureClickCount_600-ip-dev-os": 1,
          "FutureClickCount_600-app-dev-os": 20,
          "FutureClickCount_600-ip-app-dev-os": 33,
          "FutureClickCount_600-cha": 1,
          "FutureClickCount_600-ip-cha": 0,
          "FutureClickCount_600-app-cha": 21,
          "FutureClickCount_600-ip-app-cha": 0,
          "FutureClickCount_600-dev-cha": 0,
          "FutureClickCount_600-ip-dev-cha": 0,
          "FutureClickCount_600-app-dev-cha": 3,
          "FutureClickCount_600-ip-app-dev-cha": 0,
          "FutureClickCount_600-os-cha": 2,
          "FutureClickCount_600-ip-os-cha": 0,
          "FutureClickCount_600-app-os-cha": 5,
          "FutureClickCount_600-ip-app-os-cha": 1,
          "FutureClickCount_600-dev-os-cha": 1,
          "FutureClickCount_600-ip-dev-os-cha": 0,
          "FutureClickCount_600-app-dev-os-cha": 0,
          "FutureClickCount_600-ip-app-dev-os-cha": 4,
          "FutureClickCount_4800-ip": 44,
          "FutureClickCount_4800-app": 0,
          "FutureClickCount_4800-ip-app": 1,
          "FutureClickCount_4800-dev": 2,
          "FutureClickCount_4800-ip-dev": 51,
          "FutureClickCount_4800-app-dev": 2,
          "FutureClickCount_4800-ip-app-dev": 2,
          "FutureClickCount_4800-os": 0,
          "FutureClickCount_4800-ip-os": 9,
          "FutureClickCount_4800-app-os": 7,
          "FutureClickCount_4800-ip-app-os": 8,
          "FutureClickCount_4800-dev-os": 11,
          "FutureClickCount_4800-ip-dev-os": 19,
          "FutureClickCount_4800-app-dev-os": 27,
          "FutureClickCount_4800-ip-app-dev-os": 20,
          "FutureClickCount_4800-cha": 3,
          "FutureClickCount_4800-ip-cha": 0,
          "FutureClickCount_4800-app-cha": 16,
          "FutureClickCount_4800-ip-app-cha": 0,
          "FutureClickCount_4800-dev-cha": 2,
          "FutureClickCount_4800-ip-dev-cha": 0,
          "FutureClickCount_4800-app-dev-cha": 4,
          "FutureClickCount_4800-ip-app-dev-cha": 0,
          "FutureClickCount_4800-os-cha": 0,
          "FutureClickCount_4800-ip-os-cha": 0,
          "FutureClickCount_4800-app-os-cha": 1,
          "FutureClickCount_4800-ip-app-os-cha": 0,
          "FutureClickCount_4800-dev-os-cha": 2,
          "FutureClickCount_4800-ip-dev-os-cha": 1,
          "FutureClickCount_4800-app-dev-os-cha": 3,
          "FutureClickCount_4800-ip-app-dev-os-cha": 2,
          "NextClickTimeDelta-ip": 26,
          "NextClickTimeDelta-app": 0,
          "NextClickTimeDelta-ip-app": 17,
          "NextClickTimeDelta-dev": 2,
          "NextClickTimeDelta-ip-dev": 4,
          "NextClickTimeDelta-app-dev": 0,
          "NextClickTimeDelta-ip-app-dev": 11,
          "NextClickTimeDelta-os": 0,
          "NextClickTimeDelta-ip-os": 12,
          "NextClickTimeDelta-app-os": 0,
          "NextClickTimeDelta-ip-app-os": 90,
          "NextClickTimeDelta-dev-os": 4,
          "NextClickTimeDelta-ip-dev-os": 14,
          "NextClickTimeDelta-app-dev-os": 0,
          "NextClickTimeDelta-ip-app-dev-os": 204,
          "NextClickTimeDelta-cha": 1,
          "NextClickTimeDelta-ip-cha": 11,
          "NextClickTimeDelta-app-cha": 3,
          "NextClickTimeDelta-ip-app-cha": 1,
          "NextClickTimeDelta-dev-cha": 0,
          "NextClickTimeDelta-ip-dev-cha": 0,
          "NextClickTimeDelta-app-dev-cha": 1,
          "NextClickTimeDelta-ip-app-dev-cha": 4,
          "NextClickTimeDelta-os-cha": 0,
          "NextClickTimeDelta-ip-os-cha": 1,
          "NextClickTimeDelta-app-os-cha": 0,
          "NextClickTimeDelta-ip-app-os-cha": 20,
          "NextClickTimeDelta-dev-os-cha": 0,
          "NextClickTimeDelta-ip-dev-os-cha": 1,
          "NextClickTimeDelta-app-dev-os-cha": 0,
          "NextClickTimeDelta-ip-app-dev-os-cha": 26,
          "PrevClickTimeDelta-ip": 11,
          "PrevClickTimeDelta-app": 0,
          "PrevClickTimeDelta-ip-app": 0,
          "PrevClickTimeDelta-dev": 0,
          "PrevClickTimeDelta-ip-dev": 1,
          "PrevClickTimeDelta-app-dev": 0,
          "PrevClickTimeDelta-ip-app-dev": 2,
          "PrevClickTimeDelta-os": 0,
          "PrevClickTimeDelta-ip-os": 3,
          "PrevClickTimeDelta-app-os": 0,
          "PrevClickTimeDelta-ip-app-os": 5,
          "PrevClickTimeDelta-dev-os": 0,
          "PrevClickTimeDelta-ip-dev-os": 0,
          "PrevClickTimeDelta-app-dev-os": 0,
          "PrevClickTimeDelta-ip-app-dev-os": 11,
          "PrevClickTimeDelta-cha": 0,
          "PrevClickTimeDelta-ip-cha": 3,
          "PrevClickTimeDelta-app-cha": 3,
          "PrevClickTimeDelta-ip-app-cha": 0,
          "PrevClickTimeDelta-dev-cha": 0,
          "PrevClickTimeDelta-ip-dev-cha": 0,
          "PrevClickTimeDelta-app-dev-cha": 0,
          "PrevClickTimeDelta-ip-app-dev-cha": 0,
          "PrevClickTimeDelta-os-cha": 0,
          "PrevClickTimeDelta-ip-os-cha": 0,
          "PrevClickTimeDelta-app-os-cha": 0,
          "PrevClickTimeDelta-ip-app-os-cha": 0,
          "PrevClickTimeDelta-dev-os-cha": 0,
          "PrevClickTimeDelta-ip-dev-os-cha": 0,
          "PrevClickTimeDelta-app-dev-os-cha": 0,
          "PrevClickTimeDelta-ip-app-dev-os-cha": 1,
          "AverageAttributedRatio-ip": 7,
          "AverageAttributedRatio-app": 11,
          "AverageAttributedRatio-ip-app": 7,
          "AverageAttributedRatio-dev": 5,
          "AverageAttributedRatio-ip-dev": 1,
          "AverageAttributedRatio-app-dev": 4,
          "AverageAttributedRatio-ip-app-dev": 23,
          "AverageAttributedRatio-os": 0,
          "AverageAttributedRatio-ip-os": 1,
          "AverageAttributedRatio-app-os": 6,
          "AverageAttributedRatio-ip-app-os": 0,
          "AverageAttributedRatio-dev-os": 0,
          "AverageAttributedRatio-ip-dev-os": 2,
          "AverageAttributedRatio-app-dev-os": 7,
          "AverageAttributedRatio-ip-app-dev-os": 1,
          "AverageAttributedRatio-cha": 3,
          "AverageAttributedRatio-ip-cha": 0,
          "AverageAttributedRatio-app-cha": 4,
          "AverageAttributedRatio-ip-app-cha": 0,
          "AverageAttributedRatio-dev-cha": 2,
          "AverageAttributedRatio-ip-dev-cha": 0,
          "AverageAttributedRatio-app-dev-cha": 5,
          "AverageAttributedRatio-ip-app-dev-cha": 0,
          "AverageAttributedRatio-os-cha": 3,
          "AverageAttributedRatio-ip-os-cha": 0,
          "AverageAttributedRatio-app-os-cha": 20,
          "AverageAttributedRatio-ip-app-os-cha": 0,
          "AverageAttributedRatio-dev-os-cha": 3,
          "AverageAttributedRatio-ip-dev-os-cha": 0,
          "AverageAttributedRatio-app-dev-os-cha": 12,
          "AverageAttributedRatio-ip-app-dev-os-cha": 0,
          "KomakiLDA5NoDevice-ip-app-0": 35,
          "KomakiLDA5NoDevice-ip-app-1": 33,
          "KomakiLDA5NoDevice-ip-app-2": 15,
          "KomakiLDA5NoDevice-ip-app-3": 12,
          "KomakiLDA5NoDevice-ip-app-4": 11,
          "KomakiLDA5NoDevice-ip-os-0": 3,
          "KomakiLDA5NoDevice-ip-os-1": 19,
          "KomakiLDA5NoDevice-ip-os-2": 29,
          "KomakiLDA5NoDevice-ip-os-3": 14,
          "KomakiLDA5NoDevice-ip-os-4": 5,
          "KomakiLDA5NoDevice-ip-channel-0": 20,
          "KomakiLDA5NoDevice-ip-channel-1": 26,
          "KomakiLDA5NoDevice-ip-channel-2": 17,
          "KomakiLDA5NoDevice-ip-channel-3": 4,
          "KomakiLDA5NoDevice-ip-channel-4": 15,
          "KomakiLDA5NoDevice-app-ip-0": 15,
          "KomakiLDA5NoDevice-app-ip-1": 5,
          "KomakiLDA5NoDevice-app-ip-2": 10,
          "KomakiLDA5NoDevice-app-ip-3": 9,
          "KomakiLDA5NoDevice-app-ip-4": 7,
          "KomakiLDA5NoDevice-app-os-0": 7,
          "KomakiLDA5NoDevice-app-os-1": 19,
          "KomakiLDA5NoDevice-app-os-2": 5,
          "KomakiLDA5NoDevice-app-os-3": 5,
          "KomakiLDA5NoDevice-app-os-4": 22,
          "KomakiLDA5NoDevice-app-channel-0": 9,
          "KomakiLDA5NoDevice-app-channel-1": 6,
          "KomakiLDA5NoDevice-app-channel-2": 6,
          "KomakiLDA5NoDevice-app-channel-3": 8,
          "KomakiLDA5NoDevice-app-channel-4": 4,
          "KomakiLDA5NoDevice-os-ip-0": 4,
          "KomakiLDA5NoDevice-os-ip-1": 1,
          "KomakiLDA5NoDevice-os-ip-2": 1,
          "KomakiLDA5NoDevice-os-ip-3": 1,
          "KomakiLDA5NoDevice-os-ip-4": 4,
          "KomakiLDA5NoDevice-os-app-0": 13,
          "KomakiLDA5NoDevice-os-app-1": 2,
          "KomakiLDA5NoDevice-os-app-2": 1,
          "KomakiLDA5NoDevice-os-app-3": 3,
          "KomakiLDA5NoDevice-os-app-4": 3,
          "KomakiLDA5NoDevice-os-channel-0": 7,
          "KomakiLDA5NoDevice-os-channel-1": 1,
          "KomakiLDA5NoDevice-os-channel-2": 13,
          "KomakiLDA5NoDevice-os-channel-3": 8,
          "KomakiLDA5NoDevice-os-channel-4": 3,
          "KomakiLDA5NoDevice-channel-ip-0": 1,
          "KomakiLDA5NoDevice-channel-ip-1": 3,
          "KomakiLDA5NoDevice-channel-ip-2": 1,
          "KomakiLDA5NoDevice-channel-ip-3": 1,
          "KomakiLDA5NoDevice-channel-ip-4": 0,
          "KomakiLDA5NoDevice-channel-app-0": 1,
          "KomakiLDA5NoDevice-channel-app-1": 1,
          "KomakiLDA5NoDevice-channel-app-2": 1,
          "KomakiLDA5NoDevice-channel-app-3": 2,
          "KomakiLDA5NoDevice-channel-app-4": 4,
          "KomakiLDA5NoDevice-channel-os-0": 1,
          "KomakiLDA5NoDevice-channel-os-1": 15,
          "KomakiLDA5NoDevice-channel-os-2": 1,
          "KomakiLDA5NoDevice-channel-os-3": 3,
          "KomakiLDA5NoDevice-channel-os-4": 1
        }
      },
      {
        "train_auc": 0.990056982964003,
        "valid_auc": 0.983915119784032,
        "best_iteration": 148,
        "train_time": 71.78566813468933,
        "feature_importance": {
          "ip": 1028,
          "os": 130,
          "app": 323,
          "channel": 384,
          "hour": 199,
          "n_channels": 50,
          "ip_app_count": 44,
          "ip_app_os_count": 57,
          "FutureClickCount_600-ip": 22,
          "FutureClickCount_600-app": 1,
          "FutureClickCount_600-ip-app": 0,
          "FutureClickCount_600-dev": 26,
          "FutureClickCount_600-ip-dev": 18,
          "FutureClickCount_600-app-dev": 9,
          "FutureClickCount_600-ip-app-dev": 1,
          "FutureClickCount_600-os": 7,
          "FutureClickCount_600-ip-os": 1,
          "FutureClickCount_600-app-os": 8,
          "FutureClickCount_600-ip-app-os": 9,
          "FutureClickCount_600-dev-os": 39,
          "FutureClickCount_600-ip-dev-os": 4,
          "FutureClickCount_600-app-dev-os": 29,
          "FutureClickCount_600-ip-app-dev-os": 41,
          "FutureClickCount_600-cha": 6,
          "FutureClickCount_600-ip-cha": 1,
          "FutureClickCount_600-app-cha": 21,
          "FutureClickCount_600-ip-app-cha": 0,
          "FutureClickCount_600-dev-cha": 3,
          "FutureClickCount_600-ip-dev-cha": 0,
          "FutureClickCount_600-app-dev-cha": 11,
          "FutureClickCount_600-ip-app-dev-cha": 0,
          "FutureClickCount_600-os-cha": 1,
          "FutureClickCount_600-ip-os-cha": 0,
          "FutureClickCount_600-app-os-cha": 5,
          "FutureClickCount_600-ip-app-os-cha": 3,
          "FutureClickCount_600-dev-os-cha": 9,
          "FutureClickCount_600-ip-dev-os-cha": 1,
          "FutureClickCount_600-app-dev-os-cha": 4,
          "FutureClickCount_600-ip-app-dev-os-cha": 4,
          "FutureClickCount_4800-ip": 50,
          "FutureClickCount_4800-app": 8,
          "FutureClickCount_4800-ip-app": 1,
          "FutureClickCount_4800-dev": 1,
          "FutureClickCount_4800-ip-dev": 59,
          "FutureClickCount_4800-app-dev": 8,
          "FutureClickCount_4800-ip-app-dev": 5,
          "FutureClickCount_4800-os": 1,
          "FutureClickCount_4800-ip-os": 18,
          "FutureClickCount_4800-app-os": 7,
          "FutureClickCount_4800-ip-app-os": 11,
          "FutureClickCount_4800-dev-os": 7,
          "FutureClickCount_4800-ip-dev-os": 25,
          "FutureClickCount_4800-app-dev-os": 30,
          "FutureClickCount_4800-ip-app-dev-os": 29,
          "FutureClickCount_4800-cha": 9,
          "FutureClickCount_4800-ip-cha": 0,
          "FutureClickCount_4800-app-cha": 24,
          "FutureClickCount_4800-ip-app-cha": 2,
          "FutureClickCount_4800-dev-cha": 1,
          "FutureClickCount_4800-ip-dev-cha": 0,
          "FutureClickCount_4800-app-dev-cha": 10,
          "FutureClickCount_4800-ip-app-dev-cha": 1,
          "FutureClickCount_4800-os-cha": 2,
          "FutureClickCount_4800-ip-os-cha": 1,
          "FutureClickCount_4800-app-os-cha": 5,
          "FutureClickCount_4800-ip-app-os-cha": 0,
          "FutureClickCount_4800-dev-os-cha": 2,
          "FutureClickCount_4800-ip-dev-os-cha": 0,
          "FutureClickCount_4800-app-dev-os-cha": 6,
          "FutureClickCount_4800-ip-app-dev-os-cha": 3,
          "NextClickTimeDelta-ip": 27,
          "NextClickTimeDelta-app": 6,
          "NextClickTimeDelta-ip-app": 17,
          "NextClickTimeDelta-dev": 3,
          "NextClickTimeDelta-ip-dev": 10,
          "NextClickTimeDelta-app-dev": 2,
          "NextClickTimeDelta-ip-app-dev": 12,
          "NextClickTimeDelta-os": 0,
          "NextClickTimeDelta-ip-os": 25,
          "NextClickTimeDelta-app-os": 4,
          "NextClickTimeDelta-ip-app-os": 98,
          "NextClickTimeDelta-dev-os": 4,
          "NextClickTimeDelta-ip-dev-os": 11,
          "NextClickTimeDelta-app-dev-os": 1,
          "NextClickTimeDelta-ip-app-dev-os": 216,
          "NextClickTimeDelta-cha": 4,
          "NextClickTimeDelta-ip-cha": 9,
          "NextClickTimeDelta-app-cha": 8,
          "NextClickTimeDelta-ip-app-cha": 5,
          "NextClickTimeDelta-dev-cha": 3,
          "NextClickTimeDelta-ip-dev-cha": 5,
          "NextClickTimeDelta-app-dev-cha": 3,
          "NextClickTimeDelta-ip-app-dev-cha": 1,
          "NextClickTimeDelta-os-cha": 2,
          "NextClickTimeDelta-ip-os-cha": 3,
          "NextClickTimeDelta-app-os-cha": 3,
          "NextClickTimeDelta-ip-app-os-cha": 23,
          "NextClickTimeDelta-dev-os-cha": 0,
          "NextClickTimeDelta-ip-dev-os-cha": 3,
          "NextClickTimeDelta-app-dev-os-cha": 3,
          "NextClickTimeDelta-ip-app-dev-os-cha": 27,
          "PrevClickTimeDelta-ip": 20,
          "PrevClickTimeDelta-app": 2,
          "PrevClickTimeDelta-ip-app": 4,
          "PrevClickTimeDelta-dev": 0,
          "PrevClickTimeDelta-ip-dev": 8,
          "PrevClickTimeDelta-app-dev": 1,
          "PrevClickTimeDelta-ip-app-dev": 1,
          "PrevClickTimeDelta-os": 1,
          "PrevClickTimeDelta-ip-os": 3,
          "PrevClickTimeDelta-app-os": 7,
          "PrevClickTimeDelta-ip-app-os": 8,
          "PrevClickTimeDelta-dev-os": 0,
          "PrevClickTimeDelta-ip-dev-os": 11,
          "PrevClickTimeDelta-app-dev-os": 3,
          "PrevClickTimeDelta-ip-app-dev-os": 14,
          "PrevClickTimeDelta-cha": 3,
          "PrevClickTimeDelta-ip-cha": 6,
          "PrevClickTimeDelta-app-cha": 6,
          "PrevClickTimeDelta-ip-app-cha": 2,
          "PrevClickTimeDelta-dev-cha": 2,
          "PrevClickTimeDelta-ip-dev-cha": 2,
          "PrevClickTimeDelta-app-dev-cha": 2,
          "PrevClickTimeDelta-ip-app-dev-cha": 2,
          "PrevClickTimeDelta-os-cha": 5,
          "PrevClickTimeDelta-ip-os-cha": 2,
          "PrevClickTimeDelta-app-os-cha": 10,
          "PrevClickTimeDelta-ip-app-os-cha": 3,
          "PrevClickTimeDelta-dev-os-cha": 0,
          "PrevClickTimeDelta-ip-dev-os-cha": 1,
          "PrevClickTimeDelta-app-dev-os-cha": 7,
          "PrevClickTimeDelta-ip-app-dev-os-cha": 1,
          "AverageAttributedRatio-ip": 13,
          "AverageAttributedRatio-app": 16,
          "AverageAttributedRatio-ip-app": 12,
          "AverageAttributedRatio-dev": 14,
          "AverageAttributedRatio-ip-dev": 6,
          "AverageAttributedRatio-app-dev": 20,
          "AverageAttributedRatio-ip-app-dev": 19,
          "AverageAttributedRatio-os": 3,
          "AverageAttributedRatio-ip-os": 5,
          "AverageAttributedRatio-app-os": 26,
          "AverageAttributedRatio-ip-app-os": 0,
          "AverageAttributedRatio-dev-os": 3,
          "AverageAttributedRatio-ip-dev-os": 10,
          "AverageAttributedRatio-app-dev-os": 22,
          "AverageAttributedRatio-ip-app-dev-os": 3,
          "AverageAttributedRatio-cha": 10,
          "AverageAttributedRatio-ip-cha": 2,
          "AverageAttributedRatio-app-cha": 14,
          "AverageAttributedRatio-ip-app-cha": 6,
          "AverageAttributedRatio-dev-cha": 3,
          "AverageAttributedRatio-ip-dev-cha": 2,
          "AverageAttributedRatio-app-dev-cha": 5,
          "AverageAttributedRatio-ip-app-dev-cha": 1,
          "AverageAttributedRatio-os-cha": 9,
          "AverageAttributedRatio-ip-os-cha": 4,
          "AverageAttributedRatio-app-os-cha": 39,
          "AverageAttributedRatio-ip-app-os-cha": 1,
          "AverageAttributedRatio-dev-os-cha": 10,
          "AverageAttributedRatio-ip-dev-os-cha": 0,
          "AverageAttributedRatio-app-dev-os-cha": 24,
          "AverageAttributedRatio-ip-app-dev-os-cha": 3,
          "KomakiLDA5NoDevice-ip-app-0": 76,
          "KomakiLDA5NoDevice-ip-app-1": 36,
          "KomakiLDA5NoDevice-ip-app-2": 30,
          "KomakiLDA5NoDevice-ip-app-3": 19,
          "KomakiLDA5NoDevice-ip-app-4": 20,
          "KomakiLDA5NoDevice-ip-os-0": 22,
          "KomakiLDA5NoDevice-ip-os-1": 31,
          "KomakiLDA5NoDevice-ip-os-2": 33,
          "KomakiLDA5NoDevice-ip-os-3": 29,
          "KomakiLDA5NoDevice-ip-os-4": 18,
          "KomakiLDA5NoDevice-ip-channel-0": 42,
          "KomakiLDA5NoDevice-ip-channel-1": 36,
          "KomakiLDA5NoDevice-ip-channel-2": 43,
          "KomakiLDA5NoDevice-ip-channel-3": 23,
          "KomakiLDA5NoDevice-ip-channel-4": 22,
          "KomakiLDA5NoDevice-app-ip-0": 19,
          "KomakiLDA5NoDevice-app-ip-1": 7,
          "KomakiLDA5NoDevice-app-ip-2": 13,
          "KomakiLDA5NoDevice-app-ip-3": 4,
          "KomakiLDA5NoDevice-app-ip-4": 10,
          "KomakiLDA5NoDevice-app-os-0": 4,
          "KomakiLDA5NoDevice-app-os-1": 30,
          "KomakiLDA5NoDevice-app-os-2": 4,
          "KomakiLDA5NoDevice-app-os-3": 6,
          "KomakiLDA5NoDevice-app-os-4": 23,
          "KomakiLDA5NoDevice-app-channel-0": 14,
          "KomakiLDA5NoDevice-app-channel-1": 6,
          "KomakiLDA5NoDevice-app-channel-2": 8,
          "KomakiLDA5NoDevice-app-channel-3": 9,
          "KomakiLDA5NoDevice-app-channel-4": 1,
          "KomakiLDA5NoDevice-os-ip-0": 8,
          "KomakiLDA5NoDevice-os-ip-1": 2,
          "KomakiLDA5NoDevice-os-ip-2": 5,
          "KomakiLDA5NoDevice-os-ip-3": 4,
          "KomakiLDA5NoDevice-os-ip-4": 9,
          "KomakiLDA5NoDevice-os-app-0": 15,
          "KomakiLDA5NoDevice-os-app-1": 2,
          "KomakiLDA5NoDevice-os-app-2": 4,
          "KomakiLDA5NoDevice-os-app-3": 6,
          "KomakiLDA5NoDevice-os-app-4": 5,
          "KomakiLDA5NoDevice-os-channel-0": 10,
          "KomakiLDA5NoDevice-os-channel-1": 1,
          "KomakiLDA5NoDevice-os-channel-2": 14,
          "KomakiLDA5NoDevice-os-channel-3": 10,
          "KomakiLDA5NoDevice-os-channel-4": 0,
          "KomakiLDA5NoDevice-channel-ip-0": 1,
          "KomakiLDA5NoDevice-channel-ip-1": 0,
          "KomakiLDA5NoDevice-channel-ip-2": 4,
          "KomakiLDA5NoDevice-channel-ip-3": 2,
          "KomakiLDA5NoDevice-channel-ip-4": 3,
          "KomakiLDA5NoDevice-channel-app-0": 2,
          "KomakiLDA5NoDevice-channel-app-1": 1,
          "KomakiLDA5NoDevice-channel-app-2": 2,
          "KomakiLDA5NoDevice-channel-app-3": 2,
          "KomakiLDA5NoDevice-channel-app-4": 5,
          "KomakiLDA5NoDevice-channel-os-0": 2,
          "KomakiLDA5NoDevice-channel-os-1": 16,
          "KomakiLDA5NoDevice-channel-os-2": 4,
          "KomakiLDA5NoDevice-channel-os-3": 3,
          "KomakiLDA5NoDevice-channel-os-4": 3
        }
      },
      {
        "train_auc": 0.9888173465275094,
        "valid_auc": 0.9840696527248594,
        "best_iteration": 100,
        "train_time": 59.815943002700806,
        "feature_importance": {
          "ip": 530,
          "os": 99,
          "app": 270,
          "channel": 327,
          "hour": 155,
          "n_channels": 51,
          "ip_app_count": 46,
          "ip_app_os_count": 54,
          "FutureClickCount_600-ip": 8,
          "FutureClickCount_600-app": 3,
          "FutureClickCount_600-ip-app": 0,
          "FutureClickCount_600-dev": 21,
          "FutureClickCount_600-ip-dev": 9,
          "FutureClickCount_600-app-dev": 5,
          "FutureClickCount_600-ip-app-dev": 2,
          "FutureClickCount_600-os": 13,
          "FutureClickCount_600-ip-os": 0,
          "FutureClickCount_600-app-os": 5,
          "FutureClickCount_600-ip-app-os": 7,
          "FutureClickCount_600-dev-os": 32,
          "FutureClickCount_600-ip-dev-os": 0,
          "FutureClickCount_600-app-dev-os": 18,
          "FutureClickCount_600-ip-app-dev-os": 29,
          "FutureClickCount_600-cha": 1,
          "FutureClickCount_600-ip-cha": 0,
          "FutureClickCount_600-app-cha": 21,
          "FutureClickCount_600-ip-app-cha": 1,
          "FutureClickCount_600-dev-cha": 0,
          "FutureClickCount_600-ip-dev-cha": 0,
          "FutureClickCount_600-app-dev-cha": 1,
          "FutureClickCount_600-ip-app-dev-cha": 0,
          "FutureClickCount_600-os-cha": 1,
          "FutureClickCount_600-ip-os-cha": 1,
          "FutureClickCount_600-app-os-cha": 1,
          "FutureClickCount_600-ip-app-os-cha": 1,
          "FutureClickCount_600-dev-os-cha": 1,
          "FutureClickCount_600-ip-dev-os-cha": 1,
          "FutureClickCount_600-app-dev-os-cha": 0,
          "FutureClickCount_600-ip-app-dev-os-cha": 1,
          "FutureClickCount_4800-ip": 40,
          "FutureClickCount_4800-app": 1,
          "FutureClickCount_4800-ip-app": 0,
          "FutureClickCount_4800-dev": 1,
          "FutureClickCount_4800-ip-dev": 53,
          "FutureClickCount_4800-app-dev": 1,
          "FutureClickCount_4800-ip-app-dev": 2,
          "FutureClickCount_4800-os": 0,
          "FutureClickCount_4800-ip-os": 12,
          "FutureClickCount_4800-app-os": 3,
          "FutureClickCount_4800-ip-app-os": 9,
          "FutureClickCount_4800-dev-os": 8,
          "FutureClickCount_4800-ip-dev-os": 22,
          "FutureClickCount_4800-app-dev-os": 21,
          "FutureClickCount_4800-ip-app-dev-os": 23,
          "FutureClickCount_4800-cha": 3,
          "FutureClickCount_4800-ip-cha": 0,
          "FutureClickCount_4800-app-cha": 16,
          "FutureClickCount_4800-ip-app-cha": 1,
          "FutureClickCount_4800-dev-cha": 2,
          "FutureClickCount_4800-ip-dev-cha": 0,
          "FutureClickCount_4800-app-dev-cha": 5,
          "FutureClickCount_4800-ip-app-dev-cha": 0,
          "FutureClickCount_4800-os-cha": 0,
          "FutureClickCount_4800-ip-os-cha": 0,
          "FutureClickCount_4800-app-os-cha": 2,
          "FutureClickCount_4800-ip-app-os-cha": 0,
          "FutureClickCount_4800-dev-os-cha": 2,
          "FutureClickCount_4800-ip-dev-os-cha": 0,
          "FutureClickCount_4800-app-dev-os-cha": 0,
          "FutureClickCount_4800-ip-app-dev-os-cha": 3,
          "NextClickTimeDelta-ip": 24,
          "NextClickTimeDelta-app": 1,
          "NextClickTimeDelta-ip-app": 17,
          "NextClickTimeDelta-dev": 1,
          "NextClickTimeDelta-ip-dev": 8,
          "NextClickTimeDelta-app-dev": 2,
          "NextClickTimeDelta-ip-app-dev": 9,
          "NextClickTimeDelta-os": 0,
          "NextClickTimeDelta-ip-os": 14,
          "NextClickTimeDelta-app-os": 0,
          "NextClickTimeDelta-ip-app-os": 93,
          "NextClickTimeDelta-dev-os": 4,
          "NextClickTimeDelta-ip-dev-os": 8,
          "NextClickTimeDelta-app-dev-os": 1,
          "NextClickTimeDelta-ip-app-dev-os": 199,
          "NextClickTimeDelta-cha": 0,
          "NextClickTimeDelta-ip-cha": 7,
          "NextClickTimeDelta-app-cha": 1,
          "NextClickTimeDelta-ip-app-cha": 4,
          "NextClickTimeDelta-dev-cha": 0,
          "NextClickTimeDelta-ip-dev-cha": 2,
          "NextClickTimeDelta-app-dev-cha": 0,
          "NextClickTimeDelta-ip-app-dev-cha": 4,
          "NextClickTimeDelta-os-cha": 0,
          "NextClickTimeDelta-ip-os-cha": 1,
          "NextClickTimeDelta-app-os-cha": 0,
          "NextClickTimeDelta-ip-app-os-cha": 15,
          "NextClickTimeDelta-dev-os-cha": 0,
          "NextClickTimeDelta-ip-dev-os-cha": 2,
          "NextClickTimeDelta-app-dev-os-cha": 0,
          "NextClickTimeDelta-ip-app-dev-os-cha": 26,
          "PrevClickTimeDelta-ip": 12,
          "PrevClickTimeDelta-app": 0,
          "PrevClickTimeDelta-ip-app": 2,
          "PrevClickTimeDelta-dev": 2,
          "PrevClickTimeDelta-ip-dev": 3,
          "PrevClickTimeDelta-app-dev": 1,
          "PrevClickTimeDelta-ip-app-dev": 1,
          "PrevClickTimeDelta-os": 0,
          "PrevClickTimeDelta-ip-os": 3,
          "PrevClickTimeDelta-app-os": 0,
          "PrevClickTimeDelta-ip-app-os": 7,
          "PrevClickTimeDelta-dev-os": 0,
          "PrevClickTimeDelta-ip-dev-os": 2,
          "PrevClickTimeDelta-app-dev-os": 0,
          "PrevClickTimeDelta-ip-app-dev-os": 9,
          "PrevClickTimeDelta-cha": 0,
          "PrevClickTimeDelta-ip-cha": 2,
          "PrevClickTimeDelta-app-cha": 1,
          "PrevClickTimeDelta-ip-app-cha": 0,
          "PrevClickTimeDelta-dev-cha": 0,
          "PrevClickTimeDelta-ip-dev-cha": 1,
          "PrevClickTimeDelta-app-dev-cha": 0,
          "PrevClickTimeDelta-ip-app-dev-cha": 2,
          "PrevClickTimeDelta-os-cha": 0,
          "PrevClickTimeDelta-ip-os-cha": 0,
          "PrevClickTimeDelta-app-os-cha": 0,
          "PrevClickTimeDelta-ip-app-os-cha": 2,
          "PrevClickTimeDelta-dev-os-cha": 1,
          "PrevClickTimeDelta-ip-dev-os-cha": 0,
          "PrevClickTimeDelta-app-dev-os-cha": 0,
          "PrevClickTimeDelta-ip-app-dev-os-cha": 1,
          "AverageAttributedRatio-ip": 2,
          "AverageAttributedRatio-app": 9,
          "AverageAttributedRatio-ip-app": 12,
          "AverageAttributedRatio-dev": 5,
          "AverageAttributedRatio-ip-dev": 4,
          "AverageAttributedRatio-app-dev": 4,
          "AverageAttributedRatio-ip-app-dev": 16,
          "AverageAttributedRatio-os": 0,
          "AverageAttributedRatio-ip-os": 1,
          "AverageAttributedRatio-app-os": 4,
          "AverageAttributedRatio-ip-app-os": 0,
          "AverageAttributedRatio-dev-os": 0,
          "AverageAttributedRatio-ip-dev-os": 2,
          "AverageAttributedRatio-app-dev-os": 10,
          "AverageAttributedRatio-ip-app-dev-os": 1,
          "AverageAttributedRatio-cha": 4,
          "AverageAttributedRatio-ip-cha": 0,
          "AverageAttributedRatio-app-cha": 9,
          "AverageAttributedRatio-ip-app-cha": 1,
          "AverageAttributedRatio-dev-cha": 3,
          "AverageAttributedRatio-ip-dev-cha": 1,
          "AverageAttributedRatio-app-dev-cha": 5,
          "AverageAttributedRatio-ip-app-dev-cha": 0,
          "AverageAttributedRatio-os-cha": 4,
          "AverageAttributedRatio-ip-os-cha": 0,
          "AverageAttributedRatio-app-os-cha": 17,
          "AverageAttributedRatio-ip-app-os-cha": 0,
          "AverageAttributedRatio-dev-os-cha": 3,
          "AverageAttributedRatio-ip-dev-os-cha": 0,
          "AverageAttributedRatio-app-dev-os-cha": 18,
          "AverageAttributedRatio-ip-app-dev-os-cha": 0,
          "KomakiLDA5NoDevice-ip-app-0": 35,
          "KomakiLDA5NoDevice-ip-app-1": 30,
          "KomakiLDA5NoDevice-ip-app-2": 24,
          "KomakiLDA5NoDevice-ip-app-3": 13,
          "KomakiLDA5NoDevice-ip-app-4": 11,
          "KomakiLDA5NoDevice-ip-os-0": 9,
          "KomakiLDA5NoDevice-ip-os-1": 17,
          "KomakiLDA5NoDevice-ip-os-2": 25,
          "KomakiLDA5NoDevice-ip-os-3": 16,
          "KomakiLDA5NoDevice-ip-os-4": 4,
          "KomakiLDA5NoDevice-ip-channel-0": 22,
          "KomakiLDA5NoDevice-ip-channel-1": 26,
          "KomakiLDA5NoDevice-ip-channel-2": 31,
          "KomakiLDA5NoDevice-ip-channel-3": 7,
          "KomakiLDA5NoDevice-ip-channel-4": 17,
          "KomakiLDA5NoDevice-app-ip-0": 14,
          "KomakiLDA5NoDevice-app-ip-1": 9,
          "KomakiLDA5NoDevice-app-ip-2": 9,
          "KomakiLDA5NoDevice-app-ip-3": 2,
          "KomakiLDA5NoDevice-app-ip-4": 7,
          "KomakiLDA5NoDevice-app-os-0": 3,
          "KomakiLDA5NoDevice-app-os-1": 21,
          "KomakiLDA5NoDevice-app-os-2": 3,
          "KomakiLDA5NoDevice-app-os-3": 6,
          "KomakiLDA5NoDevice-app-os-4": 24,
          "KomakiLDA5NoDevice-app-channel-0": 13,
          "KomakiLDA5NoDevice-app-channel-1": 3,
          "KomakiLDA5NoDevice-app-channel-2": 4,
          "KomakiLDA5NoDevice-app-channel-3": 9,
          "KomakiLDA5NoDevice-app-channel-4": 4,
          "KomakiLDA5NoDevice-os-ip-0": 6,
          "KomakiLDA5NoDevice-os-ip-1": 2,
          "KomakiLDA5NoDevice-os-ip-2": 2,
          "KomakiLDA5NoDevice-os-ip-3": 0,
          "KomakiLDA5NoDevice-os-ip-4": 1,
          "KomakiLDA5NoDevice-os-app-0": 11,
          "KomakiLDA5NoDevice-os-app-1": 0,
          "KomakiLDA5NoDevice-os-app-2": 1,
          "KomakiLDA5NoDevice-os-app-3": 4,
          "KomakiLDA5NoDevice-os-app-4": 1,
          "KomakiLDA5NoDevice-os-channel-0": 7,
          "KomakiLDA5NoDevice-os-channel-1": 5,
          "KomakiLDA5NoDevice-os-channel-2": 12,
          "KomakiLDA5NoDevice-os-channel-3": 10,
          "KomakiLDA5NoDevice-os-channel-4": 6,
          "KomakiLDA5NoDevice-channel-ip-0": 0,
          "KomakiLDA5NoDevice-channel-ip-1": 3,
          "KomakiLDA5NoDevice-channel-ip-2": 0,
          "KomakiLDA5NoDevice-channel-ip-3": 0,
          "KomakiLDA5NoDevice-channel-ip-4": 4,
          "KomakiLDA5NoDevice-channel-app-0": 2,
          "KomakiLDA5NoDevice-channel-app-1": 0,
          "KomakiLDA5NoDevice-channel-app-2": 3,
          "KomakiLDA5NoDevice-channel-app-3": 2,
          "KomakiLDA5NoDevice-channel-app-4": 2,
          "KomakiLDA5NoDevice-channel-os-0": 1,
          "KomakiLDA5NoDevice-channel-os-1": 12,
          "KomakiLDA5NoDevice-channel-os-2": 4,
          "KomakiLDA5NoDevice-channel-os-3": 5,
          "KomakiLDA5NoDevice-channel-os-4": 1
        }
      }
    ],
    "average_train_auc": 0.9887951081473062,
    "average_valid_auc": 0.9839551564325454,
    "train_auc_std": 0.0006645468426475458,
    "valid_auc_std": 7.071978770667738e-05,
    "average_train_time": 60.39478168487549
  },
  "config": {
    "features": [
      "ip",
      "os",
      "app",
      "channel",
      "hour",
      "count",
      "future_click_count_10",
      "future_click_count_80",
      "next_click_time_delta",
      "prev_click_time_delta",
      "average_attributed_ratio",
      "komaki_lda_5_no_device"
    ],
    "model": {
      "name": "lightgbm",
      "model_params": {
        "boosting_type": "gbdt",
        "objective": "binary",
        "metric": "auc",
        "learning_rate": 0.1,
        "num_leaves": 32,
        "min_child_samples": 20,
        "max_bin": 100,
        "subsample": 0.7,
        "subsample_freq": 1,
        "colsample_bytree": 0.5,
        "min_child_weight": 0,
        "subsample_for_bin": 200000,
        "min_split_gain": 0,
        "verbose": 0
      },
      "train_params": {
        "num_boost_round": 350,
        "early_stopping_rounds": 30
      }
    },
    "dataset": {
      "input_directory": "data/input/",
      "cache_directory": "data/working/",
      "validation_ratio": 0.33333333333,
      "full_data_train": true,
      "files": {
        "train": "train.feather",
        "test": "old_test.feather"
      },
      "negative_down_sampling": {
        "enabled": true,
        "bagging_size": 5,
        "random_state": 114514
      }
    }
  }
}