{
  "training": {
    "trials": [
      {
        "train_auc": 0.9903722179708625,
        "valid_auc": 0.9860150390821536,
        "best_iteration": 226,
        "train_time": 353.7516059875488,
        "prediction_time": {
          "test": 294.0916030406952,
          "valid": 4.76837158203125e-07
        },
        "feature_importance": {
          "ip": 1312,
          "os": 601,
          "app": 672,
          "channel": 1079,
          "hour": 871,
          "n_channels": 557,
          "ip_app_count": 525,
          "ip_app_os_count": 313,
          "FutureClickCount_600-ip": 312,
          "FutureClickCount_600-app": 217,
          "FutureClickCount_600-ip-app": 72,
          "FutureClickCount_600-dev": 78,
          "FutureClickCount_600-ip-dev": 236,
          "FutureClickCount_600-app-dev": 245,
          "FutureClickCount_600-ip-app-dev": 49,
          "FutureClickCount_600-os": 194,
          "FutureClickCount_600-ip-os": 136,
          "FutureClickCount_600-app-os": 144,
          "FutureClickCount_600-ip-app-os": 52,
          "FutureClickCount_600-dev-os": 289,
          "FutureClickCount_600-ip-dev-os": 139,
          "FutureClickCount_600-app-dev-os": 240,
          "FutureClickCount_600-ip-app-dev-os": 97,
          "FutureClickCount_600-cha": 186,
          "FutureClickCount_600-ip-cha": 45,
          "FutureClickCount_600-app-cha": 235,
          "FutureClickCount_600-ip-app-cha": 36,
          "FutureClickCount_600-dev-cha": 177,
          "FutureClickCount_600-ip-dev-cha": 36,
          "FutureClickCount_600-app-dev-cha": 175,
          "FutureClickCount_600-ip-app-dev-cha": 24,
          "FutureClickCount_600-os-cha": 111,
          "FutureClickCount_600-ip-os-cha": 17,
          "FutureClickCount_600-app-os-cha": 128,
          "FutureClickCount_600-ip-app-os-cha": 23,
          "FutureClickCount_600-dev-os-cha": 129,
          "FutureClickCount_600-ip-dev-os-cha": 21,
          "FutureClickCount_600-app-dev-os-cha": 129,
          "FutureClickCount_600-ip-app-dev-os-cha": 36,
          "FutureClickCount_4800-ip": 638,
          "FutureClickCount_4800-app": 138,
          "FutureClickCount_4800-ip-app": 129,
          "FutureClickCount_4800-dev": 37,
          "FutureClickCount_4800-ip-dev": 368,
          "FutureClickCount_4800-app-dev": 107,
          "FutureClickCount_4800-ip-app-dev": 112,
          "FutureClickCount_4800-os": 94,
          "FutureClickCount_4800-ip-os": 203,
          "FutureClickCount_4800-app-os": 159,
          "FutureClickCount_4800-ip-app-os": 81,
          "FutureClickCount_4800-dev-os": 137,
          "FutureClickCount_4800-ip-dev-os": 229,
          "FutureClickCount_4800-app-dev-os": 209,
          "FutureClickCount_4800-ip-app-dev-os": 95,
          "FutureClickCount_4800-cha": 145,
          "FutureClickCount_4800-ip-cha": 72,
          "FutureClickCount_4800-app-cha": 207,
          "FutureClickCount_4800-ip-app-cha": 72,
          "FutureClickCount_4800-dev-cha": 140,
          "FutureClickCount_4800-ip-dev-cha": 78,
          "FutureClickCount_4800-app-dev-cha": 151,
          "FutureClickCount_4800-ip-app-dev-cha": 46,
          "FutureClickCount_4800-os-cha": 136,
          "FutureClickCount_4800-ip-os-cha": 48,
          "FutureClickCount_4800-app-os-cha": 123,
          "FutureClickCount_4800-ip-app-os-cha": 20,
          "FutureClickCount_4800-dev-os-cha": 114,
          "FutureClickCount_4800-ip-dev-os-cha": 34,
          "FutureClickCount_4800-app-dev-os-cha": 127,
          "FutureClickCount_4800-ip-app-dev-os-cha": 22,
          "NextClickTimeDelta-ip": 297,
          "NextClickTimeDelta-app": 30,
          "NextClickTimeDelta-ip-app": 304,
          "NextClickTimeDelta-dev": 9,
          "NextClickTimeDelta-ip-dev": 202,
          "NextClickTimeDelta-app-dev": 25,
          "NextClickTimeDelta-ip-app-dev": 233,
          "NextClickTimeDelta-os": 23,
          "NextClickTimeDelta-ip-os": 216,
          "NextClickTimeDelta-app-os": 93,
          "NextClickTimeDelta-ip-app-os": 481,
          "NextClickTimeDelta-dev-os": 27,
          "NextClickTimeDelta-ip-dev-os": 162,
          "NextClickTimeDelta-app-dev-os": 84,
          "NextClickTimeDelta-ip-app-dev-os": 785,
          "NextClickTimeDelta-cha": 28,
          "NextClickTimeDelta-ip-cha": 196,
          "NextClickTimeDelta-app-cha": 67,
          "NextClickTimeDelta-ip-app-cha": 133,
          "NextClickTimeDelta-dev-cha": 42,
          "NextClickTimeDelta-ip-dev-cha": 167,
          "NextClickTimeDelta-app-dev-cha": 52,
          "NextClickTimeDelta-ip-app-dev-cha": 141,
          "NextClickTimeDelta-os-cha": 88,
          "NextClickTimeDelta-ip-os-cha": 156,
          "NextClickTimeDelta-app-os-cha": 132,
          "NextClickTimeDelta-ip-app-os-cha": 181,
          "NextClickTimeDelta-dev-os-cha": 93,
          "NextClickTimeDelta-ip-dev-os-cha": 142,
          "NextClickTimeDelta-app-dev-os-cha": 101,
          "NextClickTimeDelta-ip-app-dev-os-cha": 197,
          "PrevClickTimeDelta-ip": 255,
          "PrevClickTimeDelta-app": 36,
          "PrevClickTimeDelta-ip-app": 166,
          "PrevClickTimeDelta-dev": 22,
          "PrevClickTimeDelta-ip-dev": 179,
          "PrevClickTimeDelta-app-dev": 23,
          "PrevClickTimeDelta-ip-app-dev": 186,
          "PrevClickTimeDelta-os": 23,
          "PrevClickTimeDelta-ip-os": 208,
          "PrevClickTimeDelta-app-os": 78,
          "PrevClickTimeDelta-ip-app-os": 161,
          "PrevClickTimeDelta-dev-os": 19,
          "PrevClickTimeDelta-ip-dev-os": 126,
          "PrevClickTimeDelta-app-dev-os": 67,
          "PrevClickTimeDelta-ip-app-dev-os": 134,
          "PrevClickTimeDelta-cha": 46,
          "PrevClickTimeDelta-ip-cha": 199,
          "PrevClickTimeDelta-app-cha": 65,
          "PrevClickTimeDelta-ip-app-cha": 103,
          "PrevClickTimeDelta-dev-cha": 46,
          "PrevClickTimeDelta-ip-dev-cha": 143,
          "PrevClickTimeDelta-app-dev-cha": 36,
          "PrevClickTimeDelta-ip-app-dev-cha": 110,
          "PrevClickTimeDelta-os-cha": 94,
          "PrevClickTimeDelta-ip-os-cha": 111,
          "PrevClickTimeDelta-app-os-cha": 97,
          "PrevClickTimeDelta-ip-app-os-cha": 89,
          "PrevClickTimeDelta-dev-os-cha": 77,
          "PrevClickTimeDelta-ip-dev-os-cha": 135,
          "PrevClickTimeDelta-app-dev-os-cha": 97,
          "PrevClickTimeDelta-ip-app-dev-os-cha": 101,
          "AverageAttributedRatio-ip": 178,
          "AverageAttributedRatio-app": 132,
          "AverageAttributedRatio-ip-app": 63,
          "AverageAttributedRatio-dev": 232,
          "AverageAttributedRatio-ip-dev": 136,
          "AverageAttributedRatio-app-dev": 109,
          "AverageAttributedRatio-ip-app-dev": 98,
          "AverageAttributedRatio-os": 154,
          "AverageAttributedRatio-ip-os": 66,
          "AverageAttributedRatio-app-os": 137,
          "AverageAttributedRatio-ip-app-os": 11,
          "AverageAttributedRatio-dev-os": 107,
          "AverageAttributedRatio-ip-dev-os": 52,
          "AverageAttributedRatio-app-dev-os": 156,
          "AverageAttributedRatio-ip-app-dev-os": 14,
          "AverageAttributedRatio-cha": 99,
          "AverageAttributedRatio-ip-cha": 27,
          "AverageAttributedRatio-app-cha": 130,
          "AverageAttributedRatio-ip-app-cha": 33,
          "AverageAttributedRatio-dev-cha": 114,
          "AverageAttributedRatio-ip-dev-cha": 28,
          "AverageAttributedRatio-app-dev-cha": 129,
          "AverageAttributedRatio-ip-app-dev-cha": 18,
          "AverageAttributedRatio-os-cha": 109,
          "AverageAttributedRatio-ip-os-cha": 12,
          "AverageAttributedRatio-app-os-cha": 124,
          "AverageAttributedRatio-ip-app-os-cha": 12,
          "AverageAttributedRatio-dev-os-cha": 123,
          "AverageAttributedRatio-ip-dev-os-cha": 11,
          "AverageAttributedRatio-app-dev-os-cha": 146,
          "AverageAttributedRatio-ip-app-dev-os-cha": 11
        }
      },
      {
        "train_auc": 0.9908673041878184,
        "valid_auc": 0.9859648747747408,
        "best_iteration": 268,
        "train_time": 381.5323648452759,
        "prediction_time": {
          "test": 311.34049820899963,
          "valid": 7.152557373046875e-07
        },
        "feature_importance": {
          "ip": 1560,
          "os": 662,
          "app": 738,
          "channel": 1241,
          "hour": 986,
          "n_channels": 654,
          "ip_app_count": 629,
          "ip_app_os_count": 378,
          "FutureClickCount_600-ip": 331,
          "FutureClickCount_600-app": 261,
          "FutureClickCount_600-ip-app": 85,
          "FutureClickCount_600-dev": 109,
          "FutureClickCount_600-ip-dev": 257,
          "FutureClickCount_600-app-dev": 269,
          "FutureClickCount_600-ip-app-dev": 63,
          "FutureClickCount_600-os": 220,
          "FutureClickCount_600-ip-os": 147,
          "FutureClickCount_600-app-os": 180,
          "FutureClickCount_600-ip-app-os": 55,
          "FutureClickCount_600-dev-os": 278,
          "FutureClickCount_600-ip-dev-os": 128,
          "FutureClickCount_600-app-dev-os": 239,
          "FutureClickCount_600-ip-app-dev-os": 106,
          "FutureClickCount_600-cha": 220,
          "FutureClickCount_600-ip-cha": 44,
          "FutureClickCount_600-app-cha": 240,
          "FutureClickCount_600-ip-app-cha": 51,
          "FutureClickCount_600-dev-cha": 172,
          "FutureClickCount_600-ip-dev-cha": 39,
          "FutureClickCount_600-app-dev-cha": 187,
          "FutureClickCount_600-ip-app-dev-cha": 32,
          "FutureClickCount_600-os-cha": 114,
          "FutureClickCount_600-ip-os-cha": 21,
          "FutureClickCount_600-app-os-cha": 147,
          "FutureClickCount_600-ip-app-os-cha": 19,
          "FutureClickCount_600-dev-os-cha": 163,
          "FutureClickCount_600-ip-dev-os-cha": 20,
          "FutureClickCount_600-app-dev-os-cha": 155,
          "FutureClickCount_600-ip-app-dev-os-cha": 13,
          "FutureClickCount_4800-ip": 657,
          "FutureClickCount_4800-app": 154,
          "FutureClickCount_4800-ip-app": 154,
          "FutureClickCount_4800-dev": 46,
          "FutureClickCount_4800-ip-dev": 451,
          "FutureClickCount_4800-app-dev": 142,
          "FutureClickCount_4800-ip-app-dev": 130,
          "FutureClickCount_4800-os": 102,
          "FutureClickCount_4800-ip-os": 220,
          "FutureClickCount_4800-app-os": 169,
          "FutureClickCount_4800-ip-app-os": 101,
          "FutureClickCount_4800-dev-os": 133,
          "FutureClickCount_4800-ip-dev-os": 285,
          "FutureClickCount_4800-app-dev-os": 232,
          "FutureClickCount_4800-ip-app-dev-os": 122,
          "FutureClickCount_4800-cha": 177,
          "FutureClickCount_4800-ip-cha": 105,
          "FutureClickCount_4800-app-cha": 219,
          "FutureClickCount_4800-ip-app-cha": 88,
          "FutureClickCount_4800-dev-cha": 162,
          "FutureClickCount_4800-ip-dev-cha": 109,
          "FutureClickCount_4800-app-dev-cha": 159,
          "FutureClickCount_4800-ip-app-dev-cha": 76,
          "FutureClickCount_4800-os-cha": 126,
          "FutureClickCount_4800-ip-os-cha": 47,
          "FutureClickCount_4800-app-os-cha": 138,
          "FutureClickCount_4800-ip-app-os-cha": 28,
          "FutureClickCount_4800-dev-os-cha": 142,
          "FutureClickCount_4800-ip-dev-os-cha": 45,
          "FutureClickCount_4800-app-dev-os-cha": 156,
          "FutureClickCount_4800-ip-app-dev-os-cha": 40,
          "NextClickTimeDelta-ip": 297,
          "NextClickTimeDelta-app": 49,
          "NextClickTimeDelta-ip-app": 344,
          "NextClickTimeDelta-dev": 10,
          "NextClickTimeDelta-ip-dev": 219,
          "NextClickTimeDelta-app-dev": 56,
          "NextClickTimeDelta-ip-app-dev": 239,
          "NextClickTimeDelta-os": 30,
          "NextClickTimeDelta-ip-os": 268,
          "NextClickTimeDelta-app-os": 84,
          "NextClickTimeDelta-ip-app-os": 537,
          "NextClickTimeDelta-dev-os": 29,
          "NextClickTimeDelta-ip-dev-os": 162,
          "NextClickTimeDelta-app-dev-os": 77,
          "NextClickTimeDelta-ip-app-dev-os": 760,
          "NextClickTimeDelta-cha": 46,
          "NextClickTimeDelta-ip-cha": 251,
          "NextClickTimeDelta-app-cha": 94,
          "NextClickTimeDelta-ip-app-cha": 190,
          "NextClickTimeDelta-dev-cha": 48,
          "NextClickTimeDelta-ip-dev-cha": 186,
          "NextClickTimeDelta-app-dev-cha": 56,
          "NextClickTimeDelta-ip-app-dev-cha": 194,
          "NextClickTimeDelta-os-cha": 126,
          "NextClickTimeDelta-ip-os-cha": 195,
          "NextClickTimeDelta-app-os-cha": 136,
          "NextClickTimeDelta-ip-app-os-cha": 186,
          "NextClickTimeDelta-dev-os-cha": 102,
          "NextClickTimeDelta-ip-dev-os-cha": 160,
          "NextClickTimeDelta-app-dev-os-cha": 129,
          "NextClickTimeDelta-ip-app-dev-os-cha": 229,
          "PrevClickTimeDelta-ip": 278,
          "PrevClickTimeDelta-app": 50,
          "PrevClickTimeDelta-ip-app": 191,
          "PrevClickTimeDelta-dev": 15,
          "PrevClickTimeDelta-ip-dev": 173,
          "PrevClickTimeDelta-app-dev": 33,
          "PrevClickTimeDelta-ip-app-dev": 190,
          "PrevClickTimeDelta-os": 31,
          "PrevClickTimeDelta-ip-os": 277,
          "PrevClickTimeDelta-app-os": 82,
          "PrevClickTimeDelta-ip-app-os": 197,
          "PrevClickTimeDelta-dev-os": 35,
          "PrevClickTimeDelta-ip-dev-os": 168,
          "PrevClickTimeDelta-app-dev-os": 112,
          "PrevClickTimeDelta-ip-app-dev-os": 158,
          "PrevClickTimeDelta-cha": 35,
          "PrevClickTimeDelta-ip-cha": 219,
          "PrevClickTimeDelta-app-cha": 62,
          "PrevClickTimeDelta-ip-app-cha": 147,
          "PrevClickTimeDelta-dev-cha": 52,
          "PrevClickTimeDelta-ip-dev-cha": 170,
          "PrevClickTimeDelta-app-dev-cha": 47,
          "PrevClickTimeDelta-ip-app-dev-cha": 129,
          "PrevClickTimeDelta-os-cha": 112,
          "PrevClickTimeDelta-ip-os-cha": 147,
          "PrevClickTimeDelta-app-os-cha": 122,
          "PrevClickTimeDelta-ip-app-os-cha": 109,
          "PrevClickTimeDelta-dev-os-cha": 105,
          "PrevClickTimeDelta-ip-dev-os-cha": 113,
          "PrevClickTimeDelta-app-dev-os-cha": 118,
          "PrevClickTimeDelta-ip-app-dev-os-cha": 112,
          "AverageAttributedRatio-ip": 196,
          "AverageAttributedRatio-app": 162,
          "AverageAttributedRatio-ip-app": 74,
          "AverageAttributedRatio-dev": 286,
          "AverageAttributedRatio-ip-dev": 174,
          "AverageAttributedRatio-app-dev": 123,
          "AverageAttributedRatio-ip-app-dev": 87,
          "AverageAttributedRatio-os": 158,
          "AverageAttributedRatio-ip-os": 73,
          "AverageAttributedRatio-app-os": 143,
          "AverageAttributedRatio-ip-app-os": 26,
          "AverageAttributedRatio-dev-os": 131,
          "AverageAttributedRatio-ip-dev-os": 75,
          "AverageAttributedRatio-app-dev-os": 190,
          "AverageAttributedRatio-ip-app-dev-os": 12,
          "AverageAttributedRatio-cha": 137,
          "AverageAttributedRatio-ip-cha": 36,
          "AverageAttributedRatio-app-cha": 144,
          "AverageAttributedRatio-ip-app-cha": 34,
          "AverageAttributedRatio-dev-cha": 122,
          "AverageAttributedRatio-ip-dev-cha": 28,
          "AverageAttributedRatio-app-dev-cha": 147,
          "AverageAttributedRatio-ip-app-dev-cha": 23,
          "AverageAttributedRatio-os-cha": 122,
          "AverageAttributedRatio-ip-os-cha": 14,
          "AverageAttributedRatio-app-os-cha": 168,
          "AverageAttributedRatio-ip-app-os-cha": 15,
          "AverageAttributedRatio-dev-os-cha": 118,
          "AverageAttributedRatio-ip-dev-os-cha": 13,
          "AverageAttributedRatio-app-dev-os-cha": 181,
          "AverageAttributedRatio-ip-app-dev-os-cha": 12
        }
      },
      {
        "train_auc": 0.9892218033917967,
        "valid_auc": 0.9857784297027803,
        "best_iteration": 166,
        "train_time": 302.56982254981995,
        "prediction_time": {
          "test": 256.05048060417175,
          "valid": 4.76837158203125e-07
        },
        "feature_importance": {
          "ip": 1014,
          "os": 450,
          "app": 573,
          "channel": 822,
          "hour": 627,
          "n_channels": 437,
          "ip_app_count": 447,
          "ip_app_os_count": 256,
          "FutureClickCount_600-ip": 204,
          "FutureClickCount_600-app": 174,
          "FutureClickCount_600-ip-app": 56,
          "FutureClickCount_600-dev": 83,
          "FutureClickCount_600-ip-dev": 156,
          "FutureClickCount_600-app-dev": 188,
          "FutureClickCount_600-ip-app-dev": 42,
          "FutureClickCount_600-os": 159,
          "FutureClickCount_600-ip-os": 78,
          "FutureClickCount_600-app-os": 110,
          "FutureClickCount_600-ip-app-os": 46,
          "FutureClickCount_600-dev-os": 225,
          "FutureClickCount_600-ip-dev-os": 75,
          "FutureClickCount_600-app-dev-os": 184,
          "FutureClickCount_600-ip-app-dev-os": 89,
          "FutureClickCount_600-cha": 140,
          "FutureClickCount_600-ip-cha": 17,
          "FutureClickCount_600-app-cha": 181,
          "FutureClickCount_600-ip-app-cha": 20,
          "FutureClickCount_600-dev-cha": 105,
          "FutureClickCount_600-ip-dev-cha": 31,
          "FutureClickCount_600-app-dev-cha": 124,
          "FutureClickCount_600-ip-app-dev-cha": 20,
          "FutureClickCount_600-os-cha": 62,
          "FutureClickCount_600-ip-os-cha": 10,
          "FutureClickCount_600-app-os-cha": 100,
          "FutureClickCount_600-ip-app-os-cha": 9,
          "FutureClickCount_600-dev-os-cha": 94,
          "FutureClickCount_600-ip-dev-os-cha": 13,
          "FutureClickCount_600-app-dev-os-cha": 80,
          "FutureClickCount_600-ip-app-dev-os-cha": 16,
          "FutureClickCount_4800-ip": 497,
          "FutureClickCount_4800-app": 126,
          "FutureClickCount_4800-ip-app": 107,
          "FutureClickCount_4800-dev": 35,
          "FutureClickCount_4800-ip-dev": 308,
          "FutureClickCount_4800-app-dev": 95,
          "FutureClickCount_4800-ip-app-dev": 76,
          "FutureClickCount_4800-os": 85,
          "FutureClickCount_4800-ip-os": 132,
          "FutureClickCount_4800-app-os": 114,
          "FutureClickCount_4800-ip-app-os": 67,
          "FutureClickCount_4800-dev-os": 124,
          "FutureClickCount_4800-ip-dev-os": 204,
          "FutureClickCount_4800-app-dev-os": 185,
          "FutureClickCount_4800-ip-app-dev-os": 72,
          "FutureClickCount_4800-cha": 115,
          "FutureClickCount_4800-ip-cha": 71,
          "FutureClickCount_4800-app-cha": 143,
          "FutureClickCount_4800-ip-app-cha": 48,
          "FutureClickCount_4800-dev-cha": 98,
          "FutureClickCount_4800-ip-dev-cha": 53,
          "FutureClickCount_4800-app-dev-cha": 112,
          "FutureClickCount_4800-ip-app-dev-cha": 35,
          "FutureClickCount_4800-os-cha": 85,
          "FutureClickCount_4800-ip-os-cha": 27,
          "FutureClickCount_4800-app-os-cha": 96,
          "FutureClickCount_4800-ip-app-os-cha": 12,
          "FutureClickCount_4800-dev-os-cha": 75,
          "FutureClickCount_4800-ip-dev-os-cha": 20,
          "FutureClickCount_4800-app-dev-os-cha": 90,
          "FutureClickCount_4800-ip-app-dev-os-cha": 14,
          "NextClickTimeDelta-ip": 259,
          "NextClickTimeDelta-app": 24,
          "NextClickTimeDelta-ip-app": 248,
          "NextClickTimeDelta-dev": 5,
          "NextClickTimeDelta-ip-dev": 146,
          "NextClickTimeDelta-app-dev": 22,
          "NextClickTimeDelta-ip-app-dev": 149,
          "NextClickTimeDelta-os": 18,
          "NextClickTimeDelta-ip-os": 152,
          "NextClickTimeDelta-app-os": 64,
          "NextClickTimeDelta-ip-app-os": 424,
          "NextClickTimeDelta-dev-os": 27,
          "NextClickTimeDelta-ip-dev-os": 125,
          "NextClickTimeDelta-app-dev-os": 57,
          "NextClickTimeDelta-ip-app-dev-os": 634,
          "NextClickTimeDelta-cha": 25,
          "NextClickTimeDelta-ip-cha": 168,
          "NextClickTimeDelta-app-cha": 57,
          "NextClickTimeDelta-ip-app-cha": 79,
          "NextClickTimeDelta-dev-cha": 22,
          "NextClickTimeDelta-ip-dev-cha": 109,
          "NextClickTimeDelta-app-dev-cha": 35,
          "NextClickTimeDelta-ip-app-dev-cha": 94,
          "NextClickTimeDelta-os-cha": 68,
          "NextClickTimeDelta-ip-os-cha": 68,
          "NextClickTimeDelta-app-os-cha": 66,
          "NextClickTimeDelta-ip-app-os-cha": 129,
          "NextClickTimeDelta-dev-os-cha": 78,
          "NextClickTimeDelta-ip-dev-os-cha": 104,
          "NextClickTimeDelta-app-dev-os-cha": 64,
          "NextClickTimeDelta-ip-app-dev-os-cha": 167,
          "PrevClickTimeDelta-ip": 132,
          "PrevClickTimeDelta-app": 26,
          "PrevClickTimeDelta-ip-app": 98,
          "PrevClickTimeDelta-dev": 14,
          "PrevClickTimeDelta-ip-dev": 116,
          "PrevClickTimeDelta-app-dev": 21,
          "PrevClickTimeDelta-ip-app-dev": 100,
          "PrevClickTimeDelta-os": 23,
          "PrevClickTimeDelta-ip-os": 146,
          "PrevClickTimeDelta-app-os": 42,
          "PrevClickTimeDelta-ip-app-os": 129,
          "PrevClickTimeDelta-dev-os": 19,
          "PrevClickTimeDelta-ip-dev-os": 91,
          "PrevClickTimeDelta-app-dev-os": 51,
          "PrevClickTimeDelta-ip-app-dev-os": 87,
          "PrevClickTimeDelta-cha": 28,
          "PrevClickTimeDelta-ip-cha": 136,
          "PrevClickTimeDelta-app-cha": 60,
          "PrevClickTimeDelta-ip-app-cha": 73,
          "PrevClickTimeDelta-dev-cha": 37,
          "PrevClickTimeDelta-ip-dev-cha": 115,
          "PrevClickTimeDelta-app-dev-cha": 29,
          "PrevClickTimeDelta-ip-app-dev-cha": 85,
          "PrevClickTimeDelta-os-cha": 62,
          "PrevClickTimeDelta-ip-os-cha": 80,
          "PrevClickTimeDelta-app-os-cha": 59,
          "PrevClickTimeDelta-ip-app-os-cha": 61,
          "PrevClickTimeDelta-dev-os-cha": 72,
          "PrevClickTimeDelta-ip-dev-os-cha": 59,
          "PrevClickTimeDelta-app-dev-os-cha": 69,
          "PrevClickTimeDelta-ip-app-dev-os-cha": 62,
          "AverageAttributedRatio-ip": 117,
          "AverageAttributedRatio-app": 96,
          "AverageAttributedRatio-ip-app": 58,
          "AverageAttributedRatio-dev": 174,
          "AverageAttributedRatio-ip-dev": 82,
          "AverageAttributedRatio-app-dev": 103,
          "AverageAttributedRatio-ip-app-dev": 74,
          "AverageAttributedRatio-os": 97,
          "AverageAttributedRatio-ip-os": 40,
          "AverageAttributedRatio-app-os": 87,
          "AverageAttributedRatio-ip-app-os": 13,
          "AverageAttributedRatio-dev-os": 84,
          "AverageAttributedRatio-ip-dev-os": 34,
          "AverageAttributedRatio-app-dev-os": 105,
          "AverageAttributedRatio-ip-app-dev-os": 6,
          "AverageAttributedRatio-cha": 91,
          "AverageAttributedRatio-ip-cha": 28,
          "AverageAttributedRatio-app-cha": 98,
          "AverageAttributedRatio-ip-app-cha": 13,
          "AverageAttributedRatio-dev-cha": 67,
          "AverageAttributedRatio-ip-dev-cha": 14,
          "AverageAttributedRatio-app-dev-cha": 87,
          "AverageAttributedRatio-ip-app-dev-cha": 16,
          "AverageAttributedRatio-os-cha": 101,
          "AverageAttributedRatio-ip-os-cha": 2,
          "AverageAttributedRatio-app-os-cha": 161,
          "AverageAttributedRatio-ip-app-os-cha": 4,
          "AverageAttributedRatio-dev-os-cha": 79,
          "AverageAttributedRatio-ip-dev-os-cha": 7,
          "AverageAttributedRatio-app-dev-os-cha": 127,
          "AverageAttributedRatio-ip-app-dev-os-cha": 6
        }
      },
      {
        "train_auc": 0.9890800654529472,
        "valid_auc": 0.98578612840383,
        "best_iteration": 157,
        "train_time": 294.82825565338135,
        "prediction_time": {
          "test": 246.33895111083984,
          "valid": 7.152557373046875e-07
        },
        "feature_importance": {
          "ip": 962,
          "os": 412,
          "app": 554,
          "channel": 723,
          "hour": 602,
          "n_channels": 359,
          "ip_app_count": 469,
          "ip_app_os_count": 258,
          "FutureClickCount_600-ip": 203,
          "FutureClickCount_600-app": 177,
          "FutureClickCount_600-ip-app": 47,
          "FutureClickCount_600-dev": 57,
          "FutureClickCount_600-ip-dev": 136,
          "FutureClickCount_600-app-dev": 172,
          "FutureClickCount_600-ip-app-dev": 37,
          "FutureClickCount_600-os": 127,
          "FutureClickCount_600-ip-os": 79,
          "FutureClickCount_600-app-os": 98,
          "FutureClickCount_600-ip-app-os": 46,
          "FutureClickCount_600-dev-os": 224,
          "FutureClickCount_600-ip-dev-os": 72,
          "FutureClickCount_600-app-dev-os": 180,
          "FutureClickCount_600-ip-app-dev-os": 84,
          "FutureClickCount_600-cha": 152,
          "FutureClickCount_600-ip-cha": 19,
          "FutureClickCount_600-app-cha": 170,
          "FutureClickCount_600-ip-app-cha": 18,
          "FutureClickCount_600-dev-cha": 88,
          "FutureClickCount_600-ip-dev-cha": 23,
          "FutureClickCount_600-app-dev-cha": 123,
          "FutureClickCount_600-ip-app-dev-cha": 14,
          "FutureClickCount_600-os-cha": 77,
          "FutureClickCount_600-ip-os-cha": 7,
          "FutureClickCount_600-app-os-cha": 88,
          "FutureClickCount_600-ip-app-os-cha": 14,
          "FutureClickCount_600-dev-os-cha": 102,
          "FutureClickCount_600-ip-dev-os-cha": 7,
          "FutureClickCount_600-app-dev-os-cha": 91,
          "FutureClickCount_600-ip-app-dev-os-cha": 23,
          "FutureClickCount_4800-ip": 451,
          "FutureClickCount_4800-app": 129,
          "FutureClickCount_4800-ip-app": 97,
          "FutureClickCount_4800-dev": 40,
          "FutureClickCount_4800-ip-dev": 350,
          "FutureClickCount_4800-app-dev": 83,
          "FutureClickCount_4800-ip-app-dev": 68,
          "FutureClickCount_4800-os": 79,
          "FutureClickCount_4800-ip-os": 123,
          "FutureClickCount_4800-app-os": 114,
          "FutureClickCount_4800-ip-app-os": 52,
          "FutureClickCount_4800-dev-os": 109,
          "FutureClickCount_4800-ip-dev-os": 185,
          "FutureClickCount_4800-app-dev-os": 171,
          "FutureClickCount_4800-ip-app-dev-os": 78,
          "FutureClickCount_4800-cha": 115,
          "FutureClickCount_4800-ip-cha": 56,
          "FutureClickCount_4800-app-cha": 150,
          "FutureClickCount_4800-ip-app-cha": 41,
          "FutureClickCount_4800-dev-cha": 95,
          "FutureClickCount_4800-ip-dev-cha": 66,
          "FutureClickCount_4800-app-dev-cha": 104,
          "FutureClickCount_4800-ip-app-dev-cha": 33,
          "FutureClickCount_4800-os-cha": 86,
          "FutureClickCount_4800-ip-os-cha": 16,
          "FutureClickCount_4800-app-os-cha": 95,
          "FutureClickCount_4800-ip-app-os-cha": 16,
          "FutureClickCount_4800-dev-os-cha": 83,
          "FutureClickCount_4800-ip-dev-os-cha": 16,
          "FutureClickCount_4800-app-dev-os-cha": 90,
          "FutureClickCount_4800-ip-app-dev-os-cha": 18,
          "NextClickTimeDelta-ip": 205,
          "NextClickTimeDelta-app": 24,
          "NextClickTimeDelta-ip-app": 224,
          "NextClickTimeDelta-dev": 7,
          "NextClickTimeDelta-ip-dev": 145,
          "NextClickTimeDelta-app-dev": 24,
          "NextClickTimeDelta-ip-app-dev": 174,
          "NextClickTimeDelta-os": 17,
          "NextClickTimeDelta-ip-os": 159,
          "NextClickTimeDelta-app-os": 76,
          "NextClickTimeDelta-ip-app-os": 361,
          "NextClickTimeDelta-dev-os": 21,
          "NextClickTimeDelta-ip-dev-os": 143,
          "NextClickTimeDelta-app-dev-os": 60,
          "NextClickTimeDelta-ip-app-dev-os": 684,
          "NextClickTimeDelta-cha": 35,
          "NextClickTimeDelta-ip-cha": 151,
          "NextClickTimeDelta-app-cha": 53,
          "NextClickTimeDelta-ip-app-cha": 101,
          "NextClickTimeDelta-dev-cha": 28,
          "NextClickTimeDelta-ip-dev-cha": 117,
          "NextClickTimeDelta-app-dev-cha": 32,
          "NextClickTimeDelta-ip-app-dev-cha": 84,
          "NextClickTimeDelta-os-cha": 74,
          "NextClickTimeDelta-ip-os-cha": 80,
          "NextClickTimeDelta-app-os-cha": 66,
          "NextClickTimeDelta-ip-app-os-cha": 129,
          "NextClickTimeDelta-dev-os-cha": 72,
          "NextClickTimeDelta-ip-dev-os-cha": 88,
          "NextClickTimeDelta-app-dev-os-cha": 69,
          "NextClickTimeDelta-ip-app-dev-os-cha": 162,
          "PrevClickTimeDelta-ip": 173,
          "PrevClickTimeDelta-app": 26,
          "PrevClickTimeDelta-ip-app": 110,
          "PrevClickTimeDelta-dev": 8,
          "PrevClickTimeDelta-ip-dev": 131,
          "PrevClickTimeDelta-app-dev": 21,
          "PrevClickTimeDelta-ip-app-dev": 109,
          "PrevClickTimeDelta-os": 19,
          "PrevClickTimeDelta-ip-os": 144,
          "PrevClickTimeDelta-app-os": 48,
          "PrevClickTimeDelta-ip-app-os": 93,
          "PrevClickTimeDelta-dev-os": 20,
          "PrevClickTimeDelta-ip-dev-os": 94,
          "PrevClickTimeDelta-app-dev-os": 56,
          "PrevClickTimeDelta-ip-app-dev-os": 86,
          "PrevClickTimeDelta-cha": 25,
          "PrevClickTimeDelta-ip-cha": 107,
          "PrevClickTimeDelta-app-cha": 58,
          "PrevClickTimeDelta-ip-app-cha": 70,
          "PrevClickTimeDelta-dev-cha": 38,
          "PrevClickTimeDelta-ip-dev-cha": 89,
          "PrevClickTimeDelta-app-dev-cha": 34,
          "PrevClickTimeDelta-ip-app-dev-cha": 73,
          "PrevClickTimeDelta-os-cha": 51,
          "PrevClickTimeDelta-ip-os-cha": 61,
          "PrevClickTimeDelta-app-os-cha": 57,
          "PrevClickTimeDelta-ip-app-os-cha": 40,
          "PrevClickTimeDelta-dev-os-cha": 58,
          "PrevClickTimeDelta-ip-dev-os-cha": 45,
          "PrevClickTimeDelta-app-dev-os-cha": 65,
          "PrevClickTimeDelta-ip-app-dev-os-cha": 63,
          "AverageAttributedRatio-ip": 140,
          "AverageAttributedRatio-app": 104,
          "AverageAttributedRatio-ip-app": 63,
          "AverageAttributedRatio-dev": 183,
          "AverageAttributedRatio-ip-dev": 97,
          "AverageAttributedRatio-app-dev": 82,
          "AverageAttributedRatio-ip-app-dev": 71,
          "AverageAttributedRatio-os": 99,
          "AverageAttributedRatio-ip-os": 38,
          "AverageAttributedRatio-app-os": 83,
          "AverageAttributedRatio-ip-app-os": 12,
          "AverageAttributedRatio-dev-os": 94,
          "AverageAttributedRatio-ip-dev-os": 38,
          "AverageAttributedRatio-app-dev-os": 132,
          "AverageAttributedRatio-ip-app-dev-os": 9,
          "AverageAttributedRatio-cha": 88,
          "AverageAttributedRatio-ip-cha": 12,
          "AverageAttributedRatio-app-cha": 84,
          "AverageAttributedRatio-ip-app-cha": 18,
          "AverageAttributedRatio-dev-cha": 61,
          "AverageAttributedRatio-ip-dev-cha": 14,
          "AverageAttributedRatio-app-dev-cha": 85,
          "AverageAttributedRatio-ip-app-dev-cha": 14,
          "AverageAttributedRatio-os-cha": 94,
          "AverageAttributedRatio-ip-os-cha": 10,
          "AverageAttributedRatio-app-os-cha": 140,
          "AverageAttributedRatio-ip-app-os-cha": 3,
          "AverageAttributedRatio-dev-os-cha": 101,
          "AverageAttributedRatio-ip-dev-os-cha": 3,
          "AverageAttributedRatio-app-dev-os-cha": 107,
          "AverageAttributedRatio-ip-app-dev-os-cha": 4
        }
      },
      {
        "train_auc": 0.9893955098576841,
        "valid_auc": 0.9859635785316142,
        "best_iteration": 161,
        "train_time": 296.89649176597595,
        "prediction_time": {
          "test": 251.19378519058228,
          "valid": 7.152557373046875e-07
        },
        "feature_importance": {
          "ip": 995,
          "os": 446,
          "app": 586,
          "channel": 826,
          "hour": 632,
          "n_channels": 431,
          "ip_app_count": 427,
          "ip_app_os_count": 282,
          "FutureClickCount_600-ip": 185,
          "FutureClickCount_600-app": 148,
          "FutureClickCount_600-ip-app": 52,
          "FutureClickCount_600-dev": 63,
          "FutureClickCount_600-ip-dev": 137,
          "FutureClickCount_600-app-dev": 164,
          "FutureClickCount_600-ip-app-dev": 45,
          "FutureClickCount_600-os": 147,
          "FutureClickCount_600-ip-os": 91,
          "FutureClickCount_600-app-os": 110,
          "FutureClickCount_600-ip-app-os": 33,
          "FutureClickCount_600-dev-os": 246,
          "FutureClickCount_600-ip-dev-os": 94,
          "FutureClickCount_600-app-dev-os": 195,
          "FutureClickCount_600-ip-app-dev-os": 83,
          "FutureClickCount_600-cha": 121,
          "FutureClickCount_600-ip-cha": 25,
          "FutureClickCount_600-app-cha": 177,
          "FutureClickCount_600-ip-app-cha": 15,
          "FutureClickCount_600-dev-cha": 91,
          "FutureClickCount_600-ip-dev-cha": 17,
          "FutureClickCount_600-app-dev-cha": 119,
          "FutureClickCount_600-ip-app-dev-cha": 15,
          "FutureClickCount_600-os-cha": 77,
          "FutureClickCount_600-ip-os-cha": 11,
          "FutureClickCount_600-app-os-cha": 97,
          "FutureClickCount_600-ip-app-os-cha": 10,
          "FutureClickCount_600-dev-os-cha": 86,
          "FutureClickCount_600-ip-dev-os-cha": 8,
          "FutureClickCount_600-app-dev-os-cha": 85,
          "FutureClickCount_600-ip-app-dev-os-cha": 17,
          "FutureClickCount_4800-ip": 459,
          "FutureClickCount_4800-app": 134,
          "FutureClickCount_4800-ip-app": 102,
          "FutureClickCount_4800-dev": 43,
          "FutureClickCount_4800-ip-dev": 329,
          "FutureClickCount_4800-app-dev": 104,
          "FutureClickCount_4800-ip-app-dev": 75,
          "FutureClickCount_4800-os": 67,
          "FutureClickCount_4800-ip-os": 159,
          "FutureClickCount_4800-app-os": 116,
          "FutureClickCount_4800-ip-app-os": 54,
          "FutureClickCount_4800-dev-os": 122,
          "FutureClickCount_4800-ip-dev-os": 193,
          "FutureClickCount_4800-app-dev-os": 190,
          "FutureClickCount_4800-ip-app-dev-os": 76,
          "FutureClickCount_4800-cha": 101,
          "FutureClickCount_4800-ip-cha": 48,
          "FutureClickCount_4800-app-cha": 151,
          "FutureClickCount_4800-ip-app-cha": 51,
          "FutureClickCount_4800-dev-cha": 103,
          "FutureClickCount_4800-ip-dev-cha": 50,
          "FutureClickCount_4800-app-dev-cha": 112,
          "FutureClickCount_4800-ip-app-dev-cha": 34,
          "FutureClickCount_4800-os-cha": 102,
          "FutureClickCount_4800-ip-os-cha": 31,
          "FutureClickCount_4800-app-os-cha": 91,
          "FutureClickCount_4800-ip-app-os-cha": 22,
          "FutureClickCount_4800-dev-os-cha": 90,
          "FutureClickCount_4800-ip-dev-os-cha": 16,
          "FutureClickCount_4800-app-dev-os-cha": 78,
          "FutureClickCount_4800-ip-app-dev-os-cha": 22,
          "NextClickTimeDelta-ip": 216,
          "NextClickTimeDelta-app": 28,
          "NextClickTimeDelta-ip-app": 205,
          "NextClickTimeDelta-dev": 15,
          "NextClickTimeDelta-ip-dev": 146,
          "NextClickTimeDelta-app-dev": 42,
          "NextClickTimeDelta-ip-app-dev": 175,
          "NextClickTimeDelta-os": 28,
          "NextClickTimeDelta-ip-os": 193,
          "NextClickTimeDelta-app-os": 59,
          "NextClickTimeDelta-ip-app-os": 414,
          "NextClickTimeDelta-dev-os": 21,
          "NextClickTimeDelta-ip-dev-os": 129,
          "NextClickTimeDelta-app-dev-os": 45,
          "NextClickTimeDelta-ip-app-dev-os": 637,
          "NextClickTimeDelta-cha": 26,
          "NextClickTimeDelta-ip-cha": 166,
          "NextClickTimeDelta-app-cha": 43,
          "NextClickTimeDelta-ip-app-cha": 114,
          "NextClickTimeDelta-dev-cha": 18,
          "NextClickTimeDelta-ip-dev-cha": 105,
          "NextClickTimeDelta-app-dev-cha": 33,
          "NextClickTimeDelta-ip-app-dev-cha": 111,
          "NextClickTimeDelta-os-cha": 60,
          "NextClickTimeDelta-ip-os-cha": 85,
          "NextClickTimeDelta-app-os-cha": 73,
          "NextClickTimeDelta-ip-app-os-cha": 114,
          "NextClickTimeDelta-dev-os-cha": 65,
          "NextClickTimeDelta-ip-dev-os-cha": 95,
          "NextClickTimeDelta-app-dev-os-cha": 71,
          "NextClickTimeDelta-ip-app-dev-os-cha": 149,
          "PrevClickTimeDelta-ip": 160,
          "PrevClickTimeDelta-app": 24,
          "PrevClickTimeDelta-ip-app": 105,
          "PrevClickTimeDelta-dev": 12,
          "PrevClickTimeDelta-ip-dev": 119,
          "PrevClickTimeDelta-app-dev": 30,
          "PrevClickTimeDelta-ip-app-dev": 83,
          "PrevClickTimeDelta-os": 27,
          "PrevClickTimeDelta-ip-os": 144,
          "PrevClickTimeDelta-app-os": 57,
          "PrevClickTimeDelta-ip-app-os": 115,
          "PrevClickTimeDelta-dev-os": 18,
          "PrevClickTimeDelta-ip-dev-os": 88,
          "PrevClickTimeDelta-app-dev-os": 48,
          "PrevClickTimeDelta-ip-app-dev-os": 99,
          "PrevClickTimeDelta-cha": 25,
          "PrevClickTimeDelta-ip-cha": 120,
          "PrevClickTimeDelta-app-cha": 53,
          "PrevClickTimeDelta-ip-app-cha": 76,
          "PrevClickTimeDelta-dev-cha": 24,
          "PrevClickTimeDelta-ip-dev-cha": 89,
          "PrevClickTimeDelta-app-dev-cha": 34,
          "PrevClickTimeDelta-ip-app-dev-cha": 63,
          "PrevClickTimeDelta-os-cha": 63,
          "PrevClickTimeDelta-ip-os-cha": 64,
          "PrevClickTimeDelta-app-os-cha": 50,
          "PrevClickTimeDelta-ip-app-os-cha": 53,
          "PrevClickTimeDelta-dev-os-cha": 58,
          "PrevClickTimeDelta-ip-dev-os-cha": 70,
          "PrevClickTimeDelta-app-dev-os-cha": 62,
          "PrevClickTimeDelta-ip-app-dev-os-cha": 63,
          "AverageAttributedRatio-ip": 126,
          "AverageAttributedRatio-app": 85,
          "AverageAttributedRatio-ip-app": 53,
          "AverageAttributedRatio-dev": 169,
          "AverageAttributedRatio-ip-dev": 81,
          "AverageAttributedRatio-app-dev": 88,
          "AverageAttributedRatio-ip-app-dev": 83,
          "AverageAttributedRatio-os": 108,
          "AverageAttributedRatio-ip-os": 47,
          "AverageAttributedRatio-app-os": 102,
          "AverageAttributedRatio-ip-app-os": 10,
          "AverageAttributedRatio-dev-os": 84,
          "AverageAttributedRatio-ip-dev-os": 43,
          "AverageAttributedRatio-app-dev-os": 142,
          "AverageAttributedRatio-ip-app-dev-os": 11,
          "AverageAttributedRatio-cha": 105,
          "AverageAttributedRatio-ip-cha": 17,
          "AverageAttributedRatio-app-cha": 70,
          "AverageAttributedRatio-ip-app-cha": 14,
          "AverageAttributedRatio-dev-cha": 64,
          "AverageAttributedRatio-ip-dev-cha": 17,
          "AverageAttributedRatio-app-dev-cha": 101,
          "AverageAttributedRatio-ip-app-dev-cha": 14,
          "AverageAttributedRatio-os-cha": 87,
          "AverageAttributedRatio-ip-os-cha": 6,
          "AverageAttributedRatio-app-os-cha": 135,
          "AverageAttributedRatio-ip-app-os-cha": 5,
          "AverageAttributedRatio-dev-os-cha": 85,
          "AverageAttributedRatio-ip-dev-os-cha": 2,
          "AverageAttributedRatio-app-dev-os-cha": 123,
          "AverageAttributedRatio-ip-app-dev-os-cha": 6
        }
      }
    ],
    "average_train_auc": 0.9897873801722218,
    "average_valid_auc": 0.9859016100990237,
    "train_auc_std": 0.000704557262435871,
    "valid_auc_std": 9.92149907914161e-05,
    "average_train_time": 325.9157081604004
  },
  "config": {
    "features": [
      "ip",
      "os",
      "app",
      "channel",
      "hour",
      "count",
      "future_click_count_10",
      "future_click_count_80",
      "next_click_time_delta",
      "prev_click_time_delta",
      "average_attributed_ratio"
    ],
    "model": {
      "name": "lightgbm",
      "model_params": {
        "boosting_type": "gbdt",
        "objective": "binary",
        "metric": "auc",
        "learning_rate": 0.1,
        "num_leaves": 255,
        "max_depth": 8,
        "min_child_samples": 100,
        "max_bin": 100,
        "subsample": 0.7,
        "subsample_freq": 1,
        "colsample_bytree": 0.7,
        "min_child_weight": 0,
        "subsample_for_bin": 200000,
        "min_split_gain": 0,
        "reg_alpha": 0,
        "reg_lambda": 0,
        "verbose": 0
      },
      "train_params": {
        "num_boost_round": 350,
        "early_stopping_rounds": 30
      }
    },
    "dataset": {
      "input_directory": "data/input/",
      "cache_directory": "data/working/",
      "files": {
        "train": "train.feather",
        "test": "old_test.feather"
      },
      "negative_down_sampling": {
        "enabled": true,
        "bagging_size": 5,
        "random_state": 114514
      }
    }
  }
}