{
  "training": {
    "trials": [
      {
        "train_auc": 0.9925596508778437,
        "valid_auc": 0.9838407685268505,
        "best_iteration": 553,
        "train_time": 318.057049036026,
        "feature_importance": {
          "ip": 3137,
          "os": 1405,
          "app": 1497,
          "channel": 2520,
          "hour": 1760,
          "n_channels": 1208,
          "ip_app_count": 1103,
          "ip_app_os_count": 899,
          "FutureClickCount_600-ip": 748,
          "FutureClickCount_600-app": 418,
          "FutureClickCount_600-ip-app": 206,
          "FutureClickCount_600-dev": 270,
          "FutureClickCount_600-ip-dev": 531,
          "FutureClickCount_600-app-dev": 443,
          "FutureClickCount_600-ip-app-dev": 165,
          "FutureClickCount_600-os": 290,
          "FutureClickCount_600-ip-os": 326,
          "FutureClickCount_600-app-os": 400,
          "FutureClickCount_600-ip-app-os": 198,
          "FutureClickCount_600-dev-os": 611,
          "FutureClickCount_600-ip-dev-os": 318,
          "FutureClickCount_600-app-dev-os": 573,
          "FutureClickCount_600-ip-app-dev-os": 345,
          "FutureClickCount_600-cha": 399,
          "FutureClickCount_600-ip-cha": 119,
          "FutureClickCount_600-app-cha": 569,
          "FutureClickCount_600-ip-app-cha": 84,
          "FutureClickCount_600-dev-cha": 339,
          "FutureClickCount_600-ip-dev-cha": 111,
          "FutureClickCount_600-app-dev-cha": 348,
          "FutureClickCount_600-ip-app-dev-cha": 81,
          "FutureClickCount_600-os-cha": 265,
          "FutureClickCount_600-ip-os-cha": 79,
          "FutureClickCount_600-app-os-cha": 307,
          "FutureClickCount_600-ip-app-os-cha": 55,
          "FutureClickCount_600-dev-os-cha": 269,
          "FutureClickCount_600-ip-dev-os-cha": 75,
          "FutureClickCount_600-app-dev-os-cha": 282,
          "FutureClickCount_600-ip-app-dev-os-cha": 84,
          "FutureClickCount_4800-ip": 1231,
          "FutureClickCount_4800-app": 263,
          "FutureClickCount_4800-ip-app": 351,
          "FutureClickCount_4800-dev": 75,
          "FutureClickCount_4800-ip-dev": 971,
          "FutureClickCount_4800-app-dev": 195,
          "FutureClickCount_4800-ip-app-dev": 308,
          "FutureClickCount_4800-os": 183,
          "FutureClickCount_4800-ip-os": 499,
          "FutureClickCount_4800-app-os": 298,
          "FutureClickCount_4800-ip-app-os": 277,
          "FutureClickCount_4800-dev-os": 265,
          "FutureClickCount_4800-ip-dev-os": 627,
          "FutureClickCount_4800-app-dev-os": 434,
          "FutureClickCount_4800-ip-app-dev-os": 352,
          "FutureClickCount_4800-cha": 292,
          "FutureClickCount_4800-ip-cha": 240,
          "FutureClickCount_4800-app-cha": 496,
          "FutureClickCount_4800-ip-app-cha": 218,
          "FutureClickCount_4800-dev-cha": 216,
          "FutureClickCount_4800-ip-dev-cha": 218,
          "FutureClickCount_4800-app-dev-cha": 257,
          "FutureClickCount_4800-ip-app-dev-cha": 144,
          "FutureClickCount_4800-os-cha": 264,
          "FutureClickCount_4800-ip-os-cha": 102,
          "FutureClickCount_4800-app-os-cha": 321,
          "FutureClickCount_4800-ip-app-os-cha": 89,
          "FutureClickCount_4800-dev-os-cha": 272,
          "FutureClickCount_4800-ip-dev-os-cha": 87,
          "FutureClickCount_4800-app-dev-os-cha": 297,
          "FutureClickCount_4800-ip-app-dev-os-cha": 97,
          "NextClickTimeDelta-ip": 638,
          "NextClickTimeDelta-app": 77,
          "NextClickTimeDelta-ip-app": 897,
          "NextClickTimeDelta-dev": 55,
          "NextClickTimeDelta-ip-dev": 503,
          "NextClickTimeDelta-app-dev": 47,
          "NextClickTimeDelta-ip-app-dev": 585,
          "NextClickTimeDelta-os": 78,
          "NextClickTimeDelta-ip-os": 575,
          "NextClickTimeDelta-app-os": 172,
          "NextClickTimeDelta-ip-app-os": 1486,
          "NextClickTimeDelta-dev-os": 85,
          "NextClickTimeDelta-ip-dev-os": 408,
          "NextClickTimeDelta-app-dev-os": 147,
          "NextClickTimeDelta-ip-app-dev-os": 2284,
          "NextClickTimeDelta-cha": 87,
          "NextClickTimeDelta-ip-cha": 492,
          "NextClickTimeDelta-app-cha": 156,
          "NextClickTimeDelta-ip-app-cha": 501,
          "NextClickTimeDelta-dev-cha": 82,
          "NextClickTimeDelta-ip-dev-cha": 358,
          "NextClickTimeDelta-app-dev-cha": 119,
          "NextClickTimeDelta-ip-app-dev-cha": 380,
          "NextClickTimeDelta-os-cha": 224,
          "NextClickTimeDelta-ip-os-cha": 375,
          "NextClickTimeDelta-app-os-cha": 247,
          "NextClickTimeDelta-ip-app-os-cha": 486,
          "NextClickTimeDelta-dev-os-cha": 187,
          "NextClickTimeDelta-ip-dev-os-cha": 307,
          "NextClickTimeDelta-app-dev-os-cha": 202,
          "NextClickTimeDelta-ip-app-dev-os-cha": 491,
          "PrevClickTimeDelta-ip": 605,
          "PrevClickTimeDelta-app": 91,
          "PrevClickTimeDelta-ip-app": 444,
          "PrevClickTimeDelta-dev": 68,
          "PrevClickTimeDelta-ip-dev": 383,
          "PrevClickTimeDelta-app-dev": 69,
          "PrevClickTimeDelta-ip-app-dev": 339,
          "PrevClickTimeDelta-os": 72,
          "PrevClickTimeDelta-ip-os": 488,
          "PrevClickTimeDelta-app-os": 140,
          "PrevClickTimeDelta-ip-app-os": 409,
          "PrevClickTimeDelta-dev-os": 54,
          "PrevClickTimeDelta-ip-dev-os": 294,
          "PrevClickTimeDelta-app-dev-os": 150,
          "PrevClickTimeDelta-ip-app-dev-os": 238,
          "PrevClickTimeDelta-cha": 84,
          "PrevClickTimeDelta-ip-cha": 379,
          "PrevClickTimeDelta-app-cha": 144,
          "PrevClickTimeDelta-ip-app-cha": 302,
          "PrevClickTimeDelta-dev-cha": 79,
          "PrevClickTimeDelta-ip-dev-cha": 281,
          "PrevClickTimeDelta-app-dev-cha": 111,
          "PrevClickTimeDelta-ip-app-dev-cha": 240,
          "PrevClickTimeDelta-os-cha": 159,
          "PrevClickTimeDelta-ip-os-cha": 280,
          "PrevClickTimeDelta-app-os-cha": 216,
          "PrevClickTimeDelta-ip-app-os-cha": 262,
          "PrevClickTimeDelta-dev-os-cha": 162,
          "PrevClickTimeDelta-ip-dev-os-cha": 171,
          "PrevClickTimeDelta-app-dev-os-cha": 189,
          "PrevClickTimeDelta-ip-app-dev-os-cha": 142,
          "AverageAttributedRatio-ip": 342,
          "AverageAttributedRatio-app": 333,
          "AverageAttributedRatio-ip-app": 262,
          "AverageAttributedRatio-dev": 518,
          "AverageAttributedRatio-ip-dev": 343,
          "AverageAttributedRatio-app-dev": 245,
          "AverageAttributedRatio-ip-app-dev": 344,
          "AverageAttributedRatio-os": 343,
          "AverageAttributedRatio-ip-os": 195,
          "AverageAttributedRatio-app-os": 384,
          "AverageAttributedRatio-ip-app-os": 83,
          "AverageAttributedRatio-dev-os": 280,
          "AverageAttributedRatio-ip-dev-os": 186,
          "AverageAttributedRatio-app-dev-os": 366,
          "AverageAttributedRatio-ip-app-dev-os": 80,
          "AverageAttributedRatio-cha": 288,
          "AverageAttributedRatio-ip-cha": 118,
          "AverageAttributedRatio-app-cha": 319,
          "AverageAttributedRatio-ip-app-cha": 85,
          "AverageAttributedRatio-dev-cha": 254,
          "AverageAttributedRatio-ip-dev-cha": 84,
          "AverageAttributedRatio-app-dev-cha": 272,
          "AverageAttributedRatio-ip-app-dev-cha": 82,
          "AverageAttributedRatio-os-cha": 295,
          "AverageAttributedRatio-ip-os-cha": 36,
          "AverageAttributedRatio-app-os-cha": 392,
          "AverageAttributedRatio-ip-app-os-cha": 37,
          "AverageAttributedRatio-dev-os-cha": 249,
          "AverageAttributedRatio-ip-dev-os-cha": 34,
          "AverageAttributedRatio-app-dev-os-cha": 373,
          "AverageAttributedRatio-ip-app-dev-os-cha": 29,
          "KomakiLDA5NoDevice-ip-app-0": 1204,
          "KomakiLDA5NoDevice-ip-app-1": 951,
          "KomakiLDA5NoDevice-ip-app-2": 754,
          "KomakiLDA5NoDevice-ip-app-3": 591,
          "KomakiLDA5NoDevice-ip-app-4": 592,
          "KomakiLDA5NoDevice-ip-os-0": 718,
          "KomakiLDA5NoDevice-ip-os-1": 701,
          "KomakiLDA5NoDevice-ip-os-2": 724,
          "KomakiLDA5NoDevice-ip-os-3": 592,
          "KomakiLDA5NoDevice-ip-os-4": 587,
          "KomakiLDA5NoDevice-ip-channel-0": 683,
          "KomakiLDA5NoDevice-ip-channel-1": 835,
          "KomakiLDA5NoDevice-ip-channel-2": 802,
          "KomakiLDA5NoDevice-ip-channel-3": 804,
          "KomakiLDA5NoDevice-ip-channel-4": 957,
          "KomakiLDA5NoDevice-app-ip-0": 317,
          "KomakiLDA5NoDevice-app-ip-1": 287,
          "KomakiLDA5NoDevice-app-ip-2": 250,
          "KomakiLDA5NoDevice-app-ip-3": 344,
          "KomakiLDA5NoDevice-app-ip-4": 258,
          "KomakiLDA5NoDevice-app-os-0": 202,
          "KomakiLDA5NoDevice-app-os-1": 248,
          "KomakiLDA5NoDevice-app-os-2": 262,
          "KomakiLDA5NoDevice-app-os-3": 188,
          "KomakiLDA5NoDevice-app-os-4": 273,
          "KomakiLDA5NoDevice-app-channel-0": 211,
          "KomakiLDA5NoDevice-app-channel-1": 249,
          "KomakiLDA5NoDevice-app-channel-2": 247,
          "KomakiLDA5NoDevice-app-channel-3": 251,
          "KomakiLDA5NoDevice-app-channel-4": 164,
          "KomakiLDA5NoDevice-os-ip-0": 291,
          "KomakiLDA5NoDevice-os-ip-1": 262,
          "KomakiLDA5NoDevice-os-ip-2": 245,
          "KomakiLDA5NoDevice-os-ip-3": 201,
          "KomakiLDA5NoDevice-os-ip-4": 234,
          "KomakiLDA5NoDevice-os-app-0": 305,
          "KomakiLDA5NoDevice-os-app-1": 320,
          "KomakiLDA5NoDevice-os-app-2": 208,
          "KomakiLDA5NoDevice-os-app-3": 247,
          "KomakiLDA5NoDevice-os-app-4": 205,
          "KomakiLDA5NoDevice-os-channel-0": 307,
          "KomakiLDA5NoDevice-os-channel-1": 202,
          "KomakiLDA5NoDevice-os-channel-2": 256,
          "KomakiLDA5NoDevice-os-channel-3": 273,
          "KomakiLDA5NoDevice-os-channel-4": 198,
          "KomakiLDA5NoDevice-channel-ip-0": 251,
          "KomakiLDA5NoDevice-channel-ip-1": 314,
          "KomakiLDA5NoDevice-channel-ip-2": 300,
          "KomakiLDA5NoDevice-channel-ip-3": 295,
          "KomakiLDA5NoDevice-channel-ip-4": 302,
          "KomakiLDA5NoDevice-channel-app-0": 246,
          "KomakiLDA5NoDevice-channel-app-1": 211,
          "KomakiLDA5NoDevice-channel-app-2": 273,
          "KomakiLDA5NoDevice-channel-app-3": 200,
          "KomakiLDA5NoDevice-channel-app-4": 226,
          "KomakiLDA5NoDevice-channel-os-0": 344,
          "KomakiLDA5NoDevice-channel-os-1": 313,
          "KomakiLDA5NoDevice-channel-os-2": 335,
          "KomakiLDA5NoDevice-channel-os-3": 265,
          "KomakiLDA5NoDevice-channel-os-4": 244,
          "ItemUserLDA_0": 80,
          "ItemUserLDA_1": 116,
          "ItemUserLDA_2": 23,
          "ItemUserLDA_3": 95,
          "ItemUserLDA_4": 2,
          "ItemUserLDA_5": 59,
          "ItemUserLDA_6": 4,
          "ItemUserLDA_7": 0,
          "ItemUserLDA_8": 71,
          "ItemUserLDA_9": 19,
          "ItemUserLDA_10": 110,
          "ItemUserLDA_11": 4,
          "ItemUserLDA_12": 0,
          "ItemUserLDA_13": 90,
          "ItemUserLDA_14": 68,
          "ItemUserLDA_15": 65,
          "ItemUserLDA_16": 128,
          "ItemUserLDA_17": 74,
          "ItemUserLDA_18": 19,
          "ItemUserLDA_19": 70,
          "ItemUserLDA_20": 48,
          "ItemUserLDA_21": 15,
          "ItemUserLDA_22": 0,
          "ItemUserLDA_23": 92,
          "ItemUserLDA_24": 164,
          "ItemUserLDA_25": 78,
          "ItemUserLDA_26": 99,
          "ItemUserLDA_27": 138,
          "ItemUserLDA_28": 3,
          "ItemUserLDA_29": 50,
          "UserItemLDA_0": 245,
          "UserItemLDA_1": 111,
          "UserItemLDA_2": 62,
          "UserItemLDA_3": 41,
          "UserItemLDA_4": 195,
          "UserItemLDA_5": 35,
          "UserItemLDA_6": 43,
          "UserItemLDA_7": 25,
          "UserItemLDA_8": 57,
          "UserItemLDA_9": 177,
          "UserItemLDA_10": 60,
          "UserItemLDA_11": 16,
          "UserItemLDA_12": 214,
          "UserItemLDA_13": 156,
          "UserItemLDA_14": 101,
          "UserItemLDA_15": 61,
          "UserItemLDA_16": 27,
          "UserItemLDA_17": 97,
          "UserItemLDA_18": 50,
          "UserItemLDA_19": 75,
          "UserItemLDA_20": 108,
          "UserItemLDA_21": 226,
          "UserItemLDA_22": 194,
          "UserItemLDA_23": 83,
          "UserItemLDA_24": 68,
          "UserItemLDA_25": 33,
          "UserItemLDA_26": 23,
          "UserItemLDA_27": 96,
          "UserItemLDA_28": 34,
          "UserItemLDA_29": 1
        }
      }
    ],
    "average_train_auc": 0.9925596508778437,
    "average_valid_auc": 0.9838407685268505,
    "train_auc_std": 0.0,
    "valid_auc_std": 0.0,
    "average_train_time": 318.057049036026
  },
  "config": {
    "features": [
      "ip",
      "os",
      "app",
      "channel",
      "hour",
      "count",
      "future_click_count_10",
      "future_click_count_80",
      "next_click_time_delta",
      "prev_click_time_delta",
      "average_attributed_ratio",
      "komaki_lda_5_no_device",
      "item_user_lda_30",
      "user_item_lda_30"
    ],
    "model": {
      "name": "lightgbm",
      "model_params": {
        "boosting_type": "gbdt",
        "objective": "binary",
        "metric": "auc",
        "learning_rate": 0.03,
        "num_leaves": 255,
        "max_depth": 8,
        "min_child_samples": 20,
        "max_bin": 100,
        "subsample": 0.7,
        "subsample_freq": 1,
        "colsample_bytree": 0.7,
        "min_child_weight": 0,
        "subsample_for_bin": 200000,
        "min_split_gain": 0,
        "reg_alpha": 0,
        "reg_lambda": 0,
        "verbose": 0
      },
      "train_params": {
        "num_boost_round": 1000,
        "early_stopping_rounds": 30
      }
    },
    "dataset": {
      "input_directory": "data/input/",
      "cache_directory": "data/working/",
      "files": {
        "train": "train.feather",
        "test": "old_test.feather"
      },
      "negative_down_sampling": {
        "enabled": true,
        "bagging_size": 1,
        "random_state": 114514
      }
    },
    "note": "No bagging version of 31 for submission"
  }
}