{
  "training": {
    "trials": [
      {
        "train_auc": 0.9902926101445033,
        "valid_auc": 0.9865367710408129,
        "best_iteration": 180,
        "train_time": 409.005978345871,
        "prediction_time": {
          "test": 296.83600330352783
        },
        "feature_importance": {
          "ip": 969,
          "os": 344,
          "app": 409,
          "channel": 903,
          "hour": 600,
          "n_channels": 325,
          "ip_app_count": 263,
          "ip_app_os_count": 249,
          "FutureClickCount_600-ip": 171,
          "FutureClickCount_600-app": 94,
          "FutureClickCount_600-ip-app": 38,
          "FutureClickCount_600-dev": 47,
          "FutureClickCount_600-ip-dev": 137,
          "FutureClickCount_600-app-dev": 88,
          "FutureClickCount_600-ip-app-dev": 47,
          "FutureClickCount_600-os": 63,
          "FutureClickCount_600-ip-os": 72,
          "FutureClickCount_600-app-os": 80,
          "FutureClickCount_600-ip-app-os": 51,
          "FutureClickCount_600-dev-os": 161,
          "FutureClickCount_600-ip-dev-os": 72,
          "FutureClickCount_600-app-dev-os": 127,
          "FutureClickCount_600-ip-app-dev-os": 79,
          "FutureClickCount_600-cha": 62,
          "FutureClickCount_600-ip-cha": 18,
          "FutureClickCount_600-app-cha": 126,
          "FutureClickCount_600-ip-app-cha": 17,
          "FutureClickCount_600-dev-cha": 82,
          "FutureClickCount_600-ip-dev-cha": 28,
          "FutureClickCount_600-app-dev-cha": 73,
          "FutureClickCount_600-ip-app-dev-cha": 14,
          "FutureClickCount_600-os-cha": 69,
          "FutureClickCount_600-ip-os-cha": 13,
          "FutureClickCount_600-app-os-cha": 79,
          "FutureClickCount_600-ip-app-os-cha": 12,
          "FutureClickCount_600-dev-os-cha": 71,
          "FutureClickCount_600-ip-dev-os-cha": 7,
          "FutureClickCount_600-app-dev-os-cha": 69,
          "FutureClickCount_600-ip-app-dev-os-cha": 14,
          "FutureClickCount_4800-ip": 326,
          "FutureClickCount_4800-app": 63,
          "FutureClickCount_4800-ip-app": 69,
          "FutureClickCount_4800-dev": 16,
          "FutureClickCount_4800-ip-dev": 279,
          "FutureClickCount_4800-app-dev": 54,
          "FutureClickCount_4800-ip-app-dev": 64,
          "FutureClickCount_4800-os": 41,
          "FutureClickCount_4800-ip-os": 116,
          "FutureClickCount_4800-app-os": 75,
          "FutureClickCount_4800-ip-app-os": 51,
          "FutureClickCount_4800-dev-os": 62,
          "FutureClickCount_4800-ip-dev-os": 153,
          "FutureClickCount_4800-app-dev-os": 128,
          "FutureClickCount_4800-ip-app-dev-os": 83,
          "FutureClickCount_4800-cha": 79,
          "FutureClickCount_4800-ip-cha": 64,
          "FutureClickCount_4800-app-cha": 119,
          "FutureClickCount_4800-ip-app-cha": 30,
          "FutureClickCount_4800-dev-cha": 66,
          "FutureClickCount_4800-ip-dev-cha": 34,
          "FutureClickCount_4800-app-dev-cha": 89,
          "FutureClickCount_4800-ip-app-dev-cha": 29,
          "FutureClickCount_4800-os-cha": 52,
          "FutureClickCount_4800-ip-os-cha": 19,
          "FutureClickCount_4800-app-os-cha": 57,
          "FutureClickCount_4800-ip-app-os-cha": 19,
          "FutureClickCount_4800-dev-os-cha": 74,
          "FutureClickCount_4800-ip-dev-os-cha": 12,
          "FutureClickCount_4800-app-dev-os-cha": 67,
          "FutureClickCount_4800-ip-app-dev-os-cha": 17,
          "NextClickTimeDelta-ip": 158,
          "NextClickTimeDelta-app": 14,
          "NextClickTimeDelta-ip-app": 235,
          "NextClickTimeDelta-dev": 3,
          "NextClickTimeDelta-ip-dev": 134,
          "NextClickTimeDelta-app-dev": 9,
          "NextClickTimeDelta-ip-app-dev": 145,
          "NextClickTimeDelta-os": 13,
          "NextClickTimeDelta-ip-os": 113,
          "NextClickTimeDelta-app-os": 27,
          "NextClickTimeDelta-ip-app-os": 318,
          "NextClickTimeDelta-dev-os": 25,
          "NextClickTimeDelta-ip-dev-os": 98,
          "NextClickTimeDelta-app-dev-os": 47,
          "NextClickTimeDelta-ip-app-dev-os": 667,
          "NextClickTimeDelta-cha": 12,
          "NextClickTimeDelta-ip-cha": 112,
          "NextClickTimeDelta-app-cha": 30,
          "NextClickTimeDelta-ip-app-cha": 101,
          "NextClickTimeDelta-dev-cha": 21,
          "NextClickTimeDelta-ip-dev-cha": 77,
          "NextClickTimeDelta-app-dev-cha": 24,
          "NextClickTimeDelta-ip-app-dev-cha": 71,
          "NextClickTimeDelta-os-cha": 40,
          "NextClickTimeDelta-ip-os-cha": 73,
          "NextClickTimeDelta-app-os-cha": 37,
          "NextClickTimeDelta-ip-app-os-cha": 118,
          "NextClickTimeDelta-dev-os-cha": 57,
          "NextClickTimeDelta-ip-dev-os-cha": 80,
          "NextClickTimeDelta-app-dev-os-cha": 55,
          "NextClickTimeDelta-ip-app-dev-os-cha": 135,
          "PrevClickTimeDelta-ip": 118,
          "PrevClickTimeDelta-app": 10,
          "PrevClickTimeDelta-ip-app": 87,
          "PrevClickTimeDelta-dev": 9,
          "PrevClickTimeDelta-ip-dev": 76,
          "PrevClickTimeDelta-app-dev": 15,
          "PrevClickTimeDelta-ip-app-dev": 105,
          "PrevClickTimeDelta-os": 14,
          "PrevClickTimeDelta-ip-os": 114,
          "PrevClickTimeDelta-app-os": 22,
          "PrevClickTimeDelta-ip-app-os": 70,
          "PrevClickTimeDelta-dev-os": 16,
          "PrevClickTimeDelta-ip-dev-os": 93,
          "PrevClickTimeDelta-app-dev-os": 41,
          "PrevClickTimeDelta-ip-app-dev-os": 81,
          "PrevClickTimeDelta-cha": 20,
          "PrevClickTimeDelta-ip-cha": 94,
          "PrevClickTimeDelta-app-cha": 29,
          "PrevClickTimeDelta-ip-app-cha": 83,
          "PrevClickTimeDelta-dev-cha": 14,
          "PrevClickTimeDelta-ip-dev-cha": 62,
          "PrevClickTimeDelta-app-dev-cha": 24,
          "PrevClickTimeDelta-ip-app-dev-cha": 65,
          "PrevClickTimeDelta-os-cha": 42,
          "PrevClickTimeDelta-ip-os-cha": 52,
          "PrevClickTimeDelta-app-os-cha": 46,
          "PrevClickTimeDelta-ip-app-os-cha": 55,
          "PrevClickTimeDelta-dev-os-cha": 49,
          "PrevClickTimeDelta-ip-dev-os-cha": 49,
          "PrevClickTimeDelta-app-dev-os-cha": 36,
          "PrevClickTimeDelta-ip-app-dev-os-cha": 43,
          "AverageAttributedRatio-ip": 73,
          "AverageAttributedRatio-app": 86,
          "AverageAttributedRatio-ip-app": 61,
          "AverageAttributedRatio-dev": 132,
          "AverageAttributedRatio-ip-dev": 81,
          "AverageAttributedRatio-app-dev": 70,
          "AverageAttributedRatio-ip-app-dev": 79,
          "AverageAttributedRatio-os": 85,
          "AverageAttributedRatio-ip-os": 38,
          "AverageAttributedRatio-app-os": 83,
          "AverageAttributedRatio-ip-app-os": 18,
          "AverageAttributedRatio-dev-os": 60,
          "AverageAttributedRatio-ip-dev-os": 40,
          "AverageAttributedRatio-app-dev-os": 119,
          "AverageAttributedRatio-ip-app-dev-os": 14,
          "AverageAttributedRatio-cha": 104,
          "AverageAttributedRatio-ip-cha": 19,
          "AverageAttributedRatio-app-cha": 70,
          "AverageAttributedRatio-ip-app-cha": 14,
          "AverageAttributedRatio-dev-cha": 59,
          "AverageAttributedRatio-ip-dev-cha": 17,
          "AverageAttributedRatio-app-dev-cha": 85,
          "AverageAttributedRatio-ip-app-dev-cha": 15,
          "AverageAttributedRatio-os-cha": 72,
          "AverageAttributedRatio-ip-os-cha": 8,
          "AverageAttributedRatio-app-os-cha": 96,
          "AverageAttributedRatio-ip-app-os-cha": 12,
          "AverageAttributedRatio-dev-os-cha": 82,
          "AverageAttributedRatio-ip-dev-os-cha": 10,
          "AverageAttributedRatio-app-dev-os-cha": 129,
          "AverageAttributedRatio-ip-app-dev-os-cha": 6,
          "KomakiLDA5NoDevice-ip-app-0": 323,
          "KomakiLDA5NoDevice-ip-app-1": 271,
          "KomakiLDA5NoDevice-ip-app-2": 235,
          "KomakiLDA5NoDevice-ip-app-3": 133,
          "KomakiLDA5NoDevice-ip-app-4": 125,
          "KomakiLDA5NoDevice-ip-os-0": 154,
          "KomakiLDA5NoDevice-ip-os-1": 151,
          "KomakiLDA5NoDevice-ip-os-2": 182,
          "KomakiLDA5NoDevice-ip-os-3": 152,
          "KomakiLDA5NoDevice-ip-os-4": 118,
          "KomakiLDA5NoDevice-ip-channel-0": 204,
          "KomakiLDA5NoDevice-ip-channel-1": 192,
          "KomakiLDA5NoDevice-ip-channel-2": 204,
          "KomakiLDA5NoDevice-ip-channel-3": 189,
          "KomakiLDA5NoDevice-ip-channel-4": 249,
          "KomakiLDA5NoDevice-app-ip-0": 100,
          "KomakiLDA5NoDevice-app-ip-1": 63,
          "KomakiLDA5NoDevice-app-ip-2": 99,
          "KomakiLDA5NoDevice-app-ip-3": 93,
          "KomakiLDA5NoDevice-app-ip-4": 86,
          "KomakiLDA5NoDevice-app-os-0": 50,
          "KomakiLDA5NoDevice-app-os-1": 83,
          "KomakiLDA5NoDevice-app-os-2": 56,
          "KomakiLDA5NoDevice-app-os-3": 46,
          "KomakiLDA5NoDevice-app-os-4": 99,
          "KomakiLDA5NoDevice-app-channel-0": 53,
          "KomakiLDA5NoDevice-app-channel-1": 68,
          "KomakiLDA5NoDevice-app-channel-2": 61,
          "KomakiLDA5NoDevice-app-channel-3": 71,
          "KomakiLDA5NoDevice-app-channel-4": 41,
          "KomakiLDA5NoDevice-os-ip-0": 54,
          "KomakiLDA5NoDevice-os-ip-1": 39,
          "KomakiLDA5NoDevice-os-ip-2": 40,
          "KomakiLDA5NoDevice-os-ip-3": 52,
          "KomakiLDA5NoDevice-os-ip-4": 51,
          "KomakiLDA5NoDevice-os-app-0": 65,
          "KomakiLDA5NoDevice-os-app-1": 68,
          "KomakiLDA5NoDevice-os-app-2": 41,
          "KomakiLDA5NoDevice-os-app-3": 47,
          "KomakiLDA5NoDevice-os-app-4": 41,
          "KomakiLDA5NoDevice-os-channel-0": 61,
          "KomakiLDA5NoDevice-os-channel-1": 49,
          "KomakiLDA5NoDevice-os-channel-2": 54,
          "KomakiLDA5NoDevice-os-channel-3": 55,
          "KomakiLDA5NoDevice-os-channel-4": 41,
          "KomakiLDA5NoDevice-channel-ip-0": 54,
          "KomakiLDA5NoDevice-channel-ip-1": 83,
          "KomakiLDA5NoDevice-channel-ip-2": 71,
          "KomakiLDA5NoDevice-channel-ip-3": 75,
          "KomakiLDA5NoDevice-channel-ip-4": 65,
          "KomakiLDA5NoDevice-channel-app-0": 57,
          "KomakiLDA5NoDevice-channel-app-1": 44,
          "KomakiLDA5NoDevice-channel-app-2": 62,
          "KomakiLDA5NoDevice-channel-app-3": 53,
          "KomakiLDA5NoDevice-channel-app-4": 48,
          "KomakiLDA5NoDevice-channel-os-0": 68,
          "KomakiLDA5NoDevice-channel-os-1": 67,
          "KomakiLDA5NoDevice-channel-os-2": 78,
          "KomakiLDA5NoDevice-channel-os-3": 47,
          "KomakiLDA5NoDevice-channel-os-4": 63
        }
      }
    ],
    "average_train_auc": 0.9902926101445033,
    "average_valid_auc": 0.9865367710408129,
    "train_auc_std": 0.0,
    "valid_auc_std": 0.0,
    "average_train_time": 409.005978345871
  },
  "config": {
    "features": [
      "ip",
      "os",
      "app",
      "channel",
      "hour",
      "count",
      "future_click_count_10",
      "future_click_count_80",
      "next_click_time_delta",
      "prev_click_time_delta",
      "average_attributed_ratio",
      "komaki_lda_5_no_device"
    ],
    "model": {
      "name": "lightgbm",
      "model_params": {
        "boosting_type": "gbdt",
        "objective": "binary",
        "metric": "auc",
        "learning_rate": 0.1,
        "num_leaves": 255,
        "max_depth": 8,
        "min_child_samples": 100,
        "max_bin": 100,
        "subsample": 0.7,
        "subsample_freq": 1,
        "colsample_bytree": 0.7,
        "min_child_weight": 0,
        "subsample_for_bin": 200000,
        "min_split_gain": 0,
        "reg_alpha": 0,
        "reg_lambda": 0,
        "verbose": 0
      },
      "train_params": {
        "num_boost_round": 350,
        "early_stopping_rounds": 30
      }
    },
    "dataset": {
      "input_directory": "data/input/",
      "cache_directory": "data/working/",
      "files": {
        "train": "train.feather",
        "test": "old_test.feather"
      },
      "negative_down_sampling": {
        "enabled": true,
        "bagging_size": 1,
        "random_state": 114514
      }
    }
  }
}