{
  "training": {
    "trials": [
      {
        "train_auc": 0.9910492225052483,
        "valid_auc": 0.9841366232843524,
        "best_iteration": 293,
        "train_time": 238.75658917427063,
        "feature_importance": {
          "ip": 1620,
          "os": 747,
          "app": 937,
          "channel": 1588,
          "hour": 1221,
          "n_channels": 742,
          "ip_app_count": 649,
          "ip_app_os_count": 557,
          "FutureClickCount_600-ip": 356,
          "FutureClickCount_600-app": 259,
          "FutureClickCount_600-ip-app": 90,
          "FutureClickCount_600-dev": 143,
          "FutureClickCount_600-ip-dev": 245,
          "FutureClickCount_600-app-dev": 238,
          "FutureClickCount_600-ip-app-dev": 80,
          "FutureClickCount_600-os": 158,
          "FutureClickCount_600-ip-os": 179,
          "FutureClickCount_600-app-os": 201,
          "FutureClickCount_600-ip-app-os": 124,
          "FutureClickCount_600-dev-os": 475,
          "FutureClickCount_600-ip-dev-os": 178,
          "FutureClickCount_600-app-dev-os": 330,
          "FutureClickCount_600-ip-app-dev-os": 255,
          "FutureClickCount_600-cha": 260,
          "FutureClickCount_600-ip-cha": 62,
          "FutureClickCount_600-app-cha": 393,
          "FutureClickCount_600-ip-app-cha": 48,
          "FutureClickCount_600-dev-cha": 174,
          "FutureClickCount_600-ip-dev-cha": 61,
          "FutureClickCount_600-app-dev-cha": 201,
          "FutureClickCount_600-ip-app-dev-cha": 47,
          "FutureClickCount_600-os-cha": 148,
          "FutureClickCount_600-ip-os-cha": 31,
          "FutureClickCount_600-app-os-cha": 214,
          "FutureClickCount_600-ip-app-os-cha": 43,
          "FutureClickCount_600-dev-os-cha": 138,
          "FutureClickCount_600-ip-dev-os-cha": 42,
          "FutureClickCount_600-app-dev-os-cha": 138,
          "FutureClickCount_600-ip-app-dev-os-cha": 51,
          "FutureClickCount_4800-ip": 713,
          "FutureClickCount_4800-app": 161,
          "FutureClickCount_4800-ip-app": 188,
          "FutureClickCount_4800-dev": 41,
          "FutureClickCount_4800-ip-dev": 699,
          "FutureClickCount_4800-app-dev": 105,
          "FutureClickCount_4800-ip-app-dev": 119,
          "FutureClickCount_4800-os": 109,
          "FutureClickCount_4800-ip-os": 321,
          "FutureClickCount_4800-app-os": 178,
          "FutureClickCount_4800-ip-app-os": 184,
          "FutureClickCount_4800-dev-os": 163,
          "FutureClickCount_4800-ip-dev-os": 410,
          "FutureClickCount_4800-app-dev-os": 324,
          "FutureClickCount_4800-ip-app-dev-os": 240,
          "FutureClickCount_4800-cha": 149,
          "FutureClickCount_4800-ip-cha": 113,
          "FutureClickCount_4800-app-cha": 267,
          "FutureClickCount_4800-ip-app-cha": 87,
          "FutureClickCount_4800-dev-cha": 98,
          "FutureClickCount_4800-ip-dev-cha": 74,
          "FutureClickCount_4800-app-dev-cha": 139,
          "FutureClickCount_4800-ip-app-dev-cha": 69,
          "FutureClickCount_4800-os-cha": 123,
          "FutureClickCount_4800-ip-os-cha": 55,
          "FutureClickCount_4800-app-os-cha": 150,
          "FutureClickCount_4800-ip-app-os-cha": 49,
          "FutureClickCount_4800-dev-os-cha": 137,
          "FutureClickCount_4800-ip-dev-os-cha": 33,
          "FutureClickCount_4800-app-dev-os-cha": 149,
          "FutureClickCount_4800-ip-app-dev-os-cha": 35,
          "NextClickTimeDelta-ip": 477,
          "NextClickTimeDelta-app": 43,
          "NextClickTimeDelta-ip-app": 548,
          "NextClickTimeDelta-dev": 38,
          "NextClickTimeDelta-ip-dev": 307,
          "NextClickTimeDelta-app-dev": 41,
          "NextClickTimeDelta-ip-app-dev": 350,
          "NextClickTimeDelta-os": 41,
          "NextClickTimeDelta-ip-os": 295,
          "NextClickTimeDelta-app-os": 115,
          "NextClickTimeDelta-ip-app-os": 1135,
          "NextClickTimeDelta-dev-os": 51,
          "NextClickTimeDelta-ip-dev-os": 245,
          "NextClickTimeDelta-app-dev-os": 77,
          "NextClickTimeDelta-ip-app-dev-os": 1794,
          "NextClickTimeDelta-cha": 55,
          "NextClickTimeDelta-ip-cha": 243,
          "NextClickTimeDelta-app-cha": 107,
          "NextClickTimeDelta-ip-app-cha": 252,
          "NextClickTimeDelta-dev-cha": 47,
          "NextClickTimeDelta-ip-dev-cha": 149,
          "NextClickTimeDelta-app-dev-cha": 70,
          "NextClickTimeDelta-ip-app-dev-cha": 204,
          "NextClickTimeDelta-os-cha": 93,
          "NextClickTimeDelta-ip-os-cha": 183,
          "NextClickTimeDelta-app-os-cha": 123,
          "NextClickTimeDelta-ip-app-os-cha": 293,
          "NextClickTimeDelta-dev-os-cha": 81,
          "NextClickTimeDelta-ip-dev-os-cha": 158,
          "NextClickTimeDelta-app-dev-os-cha": 100,
          "NextClickTimeDelta-ip-app-dev-os-cha": 343,
          "PrevClickTimeDelta-ip": 313,
          "PrevClickTimeDelta-app": 53,
          "PrevClickTimeDelta-ip-app": 172,
          "PrevClickTimeDelta-dev": 38,
          "PrevClickTimeDelta-ip-dev": 170,
          "PrevClickTimeDelta-app-dev": 43,
          "PrevClickTimeDelta-ip-app-dev": 128,
          "PrevClickTimeDelta-os": 40,
          "PrevClickTimeDelta-ip-os": 264,
          "PrevClickTimeDelta-app-os": 85,
          "PrevClickTimeDelta-ip-app-os": 148,
          "PrevClickTimeDelta-dev-os": 35,
          "PrevClickTimeDelta-ip-dev-os": 147,
          "PrevClickTimeDelta-app-dev-os": 73,
          "PrevClickTimeDelta-ip-app-dev-os": 116,
          "PrevClickTimeDelta-cha": 50,
          "PrevClickTimeDelta-ip-cha": 201,
          "PrevClickTimeDelta-app-cha": 89,
          "PrevClickTimeDelta-ip-app-cha": 119,
          "PrevClickTimeDelta-dev-cha": 44,
          "PrevClickTimeDelta-ip-dev-cha": 104,
          "PrevClickTimeDelta-app-dev-cha": 57,
          "PrevClickTimeDelta-ip-app-dev-cha": 77,
          "PrevClickTimeDelta-os-cha": 88,
          "PrevClickTimeDelta-ip-os-cha": 118,
          "PrevClickTimeDelta-app-os-cha": 121,
          "PrevClickTimeDelta-ip-app-os-cha": 69,
          "PrevClickTimeDelta-dev-os-cha": 80,
          "PrevClickTimeDelta-ip-dev-os-cha": 57,
          "PrevClickTimeDelta-app-dev-os-cha": 99,
          "PrevClickTimeDelta-ip-app-dev-os-cha": 60,
          "AverageAttributedRatio-ip": 194,
          "AverageAttributedRatio-app": 194,
          "AverageAttributedRatio-ip-app": 118,
          "AverageAttributedRatio-dev": 299,
          "AverageAttributedRatio-ip-dev": 133,
          "AverageAttributedRatio-app-dev": 120,
          "AverageAttributedRatio-ip-app-dev": 113,
          "AverageAttributedRatio-os": 158,
          "AverageAttributedRatio-ip-os": 101,
          "AverageAttributedRatio-app-os": 178,
          "AverageAttributedRatio-ip-app-os": 39,
          "AverageAttributedRatio-dev-os": 128,
          "AverageAttributedRatio-ip-dev-os": 69,
          "AverageAttributedRatio-app-dev-os": 214,
          "AverageAttributedRatio-ip-app-dev-os": 25,
          "AverageAttributedRatio-cha": 141,
          "AverageAttributedRatio-ip-cha": 68,
          "AverageAttributedRatio-app-cha": 167,
          "AverageAttributedRatio-ip-app-cha": 33,
          "AverageAttributedRatio-dev-cha": 101,
          "AverageAttributedRatio-ip-dev-cha": 35,
          "AverageAttributedRatio-app-dev-cha": 134,
          "AverageAttributedRatio-ip-app-dev-cha": 30,
          "AverageAttributedRatio-os-cha": 161,
          "AverageAttributedRatio-ip-os-cha": 31,
          "AverageAttributedRatio-app-os-cha": 219,
          "AverageAttributedRatio-ip-app-os-cha": 20,
          "AverageAttributedRatio-dev-os-cha": 135,
          "AverageAttributedRatio-ip-dev-os-cha": 25,
          "AverageAttributedRatio-app-dev-os-cha": 226,
          "AverageAttributedRatio-ip-app-dev-os-cha": 17,
          "MedianAttributeTimePast-ip": 854,
          "MedianAttributeTimePast-app": 315,
          "MedianAttributeTimePast-ip-app": 307,
          "MedianAttributeTimePast-dev": 356,
          "MedianAttributeTimePast-ip-dev": 347,
          "MedianAttributeTimePast-app-dev": 394,
          "MedianAttributeTimePast-ip-app-dev": 384,
          "MedianAttributeTimePast-os": 327,
          "MedianAttributeTimePast-ip-os": 210,
          "MedianAttributeTimePast-app-os": 438,
          "MedianAttributeTimePast-ip-app-os": 129,
          "MedianAttributeTimePast-dev-os": 333,
          "MedianAttributeTimePast-ip-dev-os": 263,
          "MedianAttributeTimePast-app-dev-os": 379,
          "MedianAttributeTimePast-ip-app-dev-os": 144,
          "MedianAttributeTimePast-cha": 336,
          "MedianAttributeTimePast-ip-cha": 131,
          "MedianAttributeTimePast-app-cha": 447,
          "MedianAttributeTimePast-ip-app-cha": 116,
          "MedianAttributeTimePast-dev-cha": 373,
          "MedianAttributeTimePast-ip-dev-cha": 136,
          "MedianAttributeTimePast-app-dev-cha": 383,
          "MedianAttributeTimePast-ip-app-dev-cha": 130,
          "MedianAttributeTimePast-os-cha": 334,
          "MedianAttributeTimePast-ip-os-cha": 42,
          "MedianAttributeTimePast-app-os-cha": 491,
          "MedianAttributeTimePast-ip-app-os-cha": 67,
          "MedianAttributeTimePast-dev-os-cha": 367,
          "MedianAttributeTimePast-ip-dev-os-cha": 30,
          "MedianAttributeTimePast-app-dev-os-cha": 420,
          "MedianAttributeTimePast-ip-app-dev-os-cha": 79,
          "KomakiLDA5NoDevice-ip-app-0": 749,
          "KomakiLDA5NoDevice-ip-app-1": 591,
          "KomakiLDA5NoDevice-ip-app-2": 399,
          "KomakiLDA5NoDevice-ip-app-3": 380,
          "KomakiLDA5NoDevice-ip-app-4": 326,
          "KomakiLDA5NoDevice-ip-os-0": 344,
          "KomakiLDA5NoDevice-ip-os-1": 428,
          "KomakiLDA5NoDevice-ip-os-2": 445,
          "KomakiLDA5NoDevice-ip-os-3": 328,
          "KomakiLDA5NoDevice-ip-os-4": 271,
          "KomakiLDA5NoDevice-ip-channel-0": 369,
          "KomakiLDA5NoDevice-ip-channel-1": 531,
          "KomakiLDA5NoDevice-ip-channel-2": 497,
          "KomakiLDA5NoDevice-ip-channel-3": 496,
          "KomakiLDA5NoDevice-ip-channel-4": 578,
          "KomakiLDA5NoDevice-app-ip-0": 287,
          "KomakiLDA5NoDevice-app-ip-1": 188,
          "KomakiLDA5NoDevice-app-ip-2": 161,
          "KomakiLDA5NoDevice-app-ip-3": 205,
          "KomakiLDA5NoDevice-app-ip-4": 184,
          "KomakiLDA5NoDevice-app-os-0": 144,
          "KomakiLDA5NoDevice-app-os-1": 235,
          "KomakiLDA5NoDevice-app-os-2": 154,
          "KomakiLDA5NoDevice-app-os-3": 119,
          "KomakiLDA5NoDevice-app-os-4": 216,
          "KomakiLDA5NoDevice-app-channel-0": 150,
          "KomakiLDA5NoDevice-app-channel-1": 171,
          "KomakiLDA5NoDevice-app-channel-2": 165,
          "KomakiLDA5NoDevice-app-channel-3": 170,
          "KomakiLDA5NoDevice-app-channel-4": 110,
          "KomakiLDA5NoDevice-os-ip-0": 182,
          "KomakiLDA5NoDevice-os-ip-1": 126,
          "KomakiLDA5NoDevice-os-ip-2": 111,
          "KomakiLDA5NoDevice-os-ip-3": 108,
          "KomakiLDA5NoDevice-os-ip-4": 112,
          "KomakiLDA5NoDevice-os-app-0": 218,
          "KomakiLDA5NoDevice-os-app-1": 196,
          "KomakiLDA5NoDevice-os-app-2": 107,
          "KomakiLDA5NoDevice-os-app-3": 176,
          "KomakiLDA5NoDevice-os-app-4": 132,
          "KomakiLDA5NoDevice-os-channel-0": 216,
          "KomakiLDA5NoDevice-os-channel-1": 129,
          "KomakiLDA5NoDevice-os-channel-2": 162,
          "KomakiLDA5NoDevice-os-channel-3": 168,
          "KomakiLDA5NoDevice-os-channel-4": 112,
          "KomakiLDA5NoDevice-channel-ip-0": 167,
          "KomakiLDA5NoDevice-channel-ip-1": 166,
          "KomakiLDA5NoDevice-channel-ip-2": 176,
          "KomakiLDA5NoDevice-channel-ip-3": 151,
          "KomakiLDA5NoDevice-channel-ip-4": 195,
          "KomakiLDA5NoDevice-channel-app-0": 190,
          "KomakiLDA5NoDevice-channel-app-1": 129,
          "KomakiLDA5NoDevice-channel-app-2": 154,
          "KomakiLDA5NoDevice-channel-app-3": 131,
          "KomakiLDA5NoDevice-channel-app-4": 144,
          "KomakiLDA5NoDevice-channel-os-0": 148,
          "KomakiLDA5NoDevice-channel-os-1": 216,
          "KomakiLDA5NoDevice-channel-os-2": 157,
          "KomakiLDA5NoDevice-channel-os-3": 180,
          "KomakiLDA5NoDevice-channel-os-4": 99
        }
      },
      {
        "train_auc": 0.9909822533635076,
        "valid_auc": 0.984153425713584,
        "best_iteration": 293,
        "train_time": 245.8216850757599,
        "feature_importance": {
          "ip": 1608,
          "os": 776,
          "app": 993,
          "channel": 1671,
          "hour": 1204,
          "n_channels": 724,
          "ip_app_count": 657,
          "ip_app_os_count": 611,
          "FutureClickCount_600-ip": 357,
          "FutureClickCount_600-app": 258,
          "FutureClickCount_600-ip-app": 111,
          "FutureClickCount_600-dev": 148,
          "FutureClickCount_600-ip-dev": 261,
          "FutureClickCount_600-app-dev": 242,
          "FutureClickCount_600-ip-app-dev": 104,
          "FutureClickCount_600-os": 187,
          "FutureClickCount_600-ip-os": 182,
          "FutureClickCount_600-app-os": 229,
          "FutureClickCount_600-ip-app-os": 174,
          "FutureClickCount_600-dev-os": 468,
          "FutureClickCount_600-ip-dev-os": 145,
          "FutureClickCount_600-app-dev-os": 353,
          "FutureClickCount_600-ip-app-dev-os": 235,
          "FutureClickCount_600-cha": 263,
          "FutureClickCount_600-ip-cha": 61,
          "FutureClickCount_600-app-cha": 386,
          "FutureClickCount_600-ip-app-cha": 58,
          "FutureClickCount_600-dev-cha": 157,
          "FutureClickCount_600-ip-dev-cha": 47,
          "FutureClickCount_600-app-dev-cha": 208,
          "FutureClickCount_600-ip-app-dev-cha": 45,
          "FutureClickCount_600-os-cha": 148,
          "FutureClickCount_600-ip-os-cha": 47,
          "FutureClickCount_600-app-os-cha": 170,
          "FutureClickCount_600-ip-app-os-cha": 48,
          "FutureClickCount_600-dev-os-cha": 137,
          "FutureClickCount_600-ip-dev-os-cha": 34,
          "FutureClickCount_600-app-dev-os-cha": 136,
          "FutureClickCount_600-ip-app-dev-os-cha": 40,
          "FutureClickCount_4800-ip": 719,
          "FutureClickCount_4800-app": 162,
          "FutureClickCount_4800-ip-app": 215,
          "FutureClickCount_4800-dev": 51,
          "FutureClickCount_4800-ip-dev": 679,
          "FutureClickCount_4800-app-dev": 103,
          "FutureClickCount_4800-ip-app-dev": 121,
          "FutureClickCount_4800-os": 84,
          "FutureClickCount_4800-ip-os": 301,
          "FutureClickCount_4800-app-os": 192,
          "FutureClickCount_4800-ip-app-os": 170,
          "FutureClickCount_4800-dev-os": 129,
          "FutureClickCount_4800-ip-dev-os": 393,
          "FutureClickCount_4800-app-dev-os": 326,
          "FutureClickCount_4800-ip-app-dev-os": 268,
          "FutureClickCount_4800-cha": 166,
          "FutureClickCount_4800-ip-cha": 122,
          "FutureClickCount_4800-app-cha": 263,
          "FutureClickCount_4800-ip-app-cha": 75,
          "FutureClickCount_4800-dev-cha": 107,
          "FutureClickCount_4800-ip-dev-cha": 99,
          "FutureClickCount_4800-app-dev-cha": 145,
          "FutureClickCount_4800-ip-app-dev-cha": 72,
          "FutureClickCount_4800-os-cha": 130,
          "FutureClickCount_4800-ip-os-cha": 64,
          "FutureClickCount_4800-app-os-cha": 176,
          "FutureClickCount_4800-ip-app-os-cha": 67,
          "FutureClickCount_4800-dev-os-cha": 158,
          "FutureClickCount_4800-ip-dev-os-cha": 35,
          "FutureClickCount_4800-app-dev-os-cha": 188,
          "FutureClickCount_4800-ip-app-dev-os-cha": 65,
          "NextClickTimeDelta-ip": 460,
          "NextClickTimeDelta-app": 48,
          "NextClickTimeDelta-ip-app": 583,
          "NextClickTimeDelta-dev": 37,
          "NextClickTimeDelta-ip-dev": 302,
          "NextClickTimeDelta-app-dev": 40,
          "NextClickTimeDelta-ip-app-dev": 333,
          "NextClickTimeDelta-os": 29,
          "NextClickTimeDelta-ip-os": 318,
          "NextClickTimeDelta-app-os": 87,
          "NextClickTimeDelta-ip-app-os": 1169,
          "NextClickTimeDelta-dev-os": 48,
          "NextClickTimeDelta-ip-dev-os": 243,
          "NextClickTimeDelta-app-dev-os": 91,
          "NextClickTimeDelta-ip-app-dev-os": 1805,
          "NextClickTimeDelta-cha": 62,
          "NextClickTimeDelta-ip-cha": 263,
          "NextClickTimeDelta-app-cha": 111,
          "NextClickTimeDelta-ip-app-cha": 269,
          "NextClickTimeDelta-dev-cha": 61,
          "NextClickTimeDelta-ip-dev-cha": 163,
          "NextClickTimeDelta-app-dev-cha": 77,
          "NextClickTimeDelta-ip-app-dev-cha": 196,
          "NextClickTimeDelta-os-cha": 108,
          "NextClickTimeDelta-ip-os-cha": 175,
          "NextClickTimeDelta-app-os-cha": 113,
          "NextClickTimeDelta-ip-app-os-cha": 287,
          "NextClickTimeDelta-dev-os-cha": 84,
          "NextClickTimeDelta-ip-dev-os-cha": 166,
          "NextClickTimeDelta-app-dev-os-cha": 122,
          "NextClickTimeDelta-ip-app-dev-os-cha": 338,
          "PrevClickTimeDelta-ip": 325,
          "PrevClickTimeDelta-app": 55,
          "PrevClickTimeDelta-ip-app": 179,
          "PrevClickTimeDelta-dev": 41,
          "PrevClickTimeDelta-ip-dev": 140,
          "PrevClickTimeDelta-app-dev": 54,
          "PrevClickTimeDelta-ip-app-dev": 120,
          "PrevClickTimeDelta-os": 50,
          "PrevClickTimeDelta-ip-os": 254,
          "PrevClickTimeDelta-app-os": 65,
          "PrevClickTimeDelta-ip-app-os": 159,
          "PrevClickTimeDelta-dev-os": 29,
          "PrevClickTimeDelta-ip-dev-os": 140,
          "PrevClickTimeDelta-app-dev-os": 74,
          "PrevClickTimeDelta-ip-app-dev-os": 129,
          "PrevClickTimeDelta-cha": 57,
          "PrevClickTimeDelta-ip-cha": 175,
          "PrevClickTimeDelta-app-cha": 84,
          "PrevClickTimeDelta-ip-app-cha": 140,
          "PrevClickTimeDelta-dev-cha": 50,
          "PrevClickTimeDelta-ip-dev-cha": 105,
          "PrevClickTimeDelta-app-dev-cha": 50,
          "PrevClickTimeDelta-ip-app-dev-cha": 94,
          "PrevClickTimeDelta-os-cha": 102,
          "PrevClickTimeDelta-ip-os-cha": 112,
          "PrevClickTimeDelta-app-os-cha": 114,
          "PrevClickTimeDelta-ip-app-os-cha": 74,
          "PrevClickTimeDelta-dev-os-cha": 61,
          "PrevClickTimeDelta-ip-dev-os-cha": 55,
          "PrevClickTimeDelta-app-dev-os-cha": 88,
          "PrevClickTimeDelta-ip-app-dev-os-cha": 63,
          "AverageAttributedRatio-ip": 223,
          "AverageAttributedRatio-app": 196,
          "AverageAttributedRatio-ip-app": 106,
          "AverageAttributedRatio-dev": 326,
          "AverageAttributedRatio-ip-dev": 139,
          "AverageAttributedRatio-app-dev": 135,
          "AverageAttributedRatio-ip-app-dev": 116,
          "AverageAttributedRatio-os": 142,
          "AverageAttributedRatio-ip-os": 101,
          "AverageAttributedRatio-app-os": 161,
          "AverageAttributedRatio-ip-app-os": 23,
          "AverageAttributedRatio-dev-os": 130,
          "AverageAttributedRatio-ip-dev-os": 74,
          "AverageAttributedRatio-app-dev-os": 206,
          "AverageAttributedRatio-ip-app-dev-os": 18,
          "AverageAttributedRatio-cha": 155,
          "AverageAttributedRatio-ip-cha": 50,
          "AverageAttributedRatio-app-cha": 156,
          "AverageAttributedRatio-ip-app-cha": 42,
          "AverageAttributedRatio-dev-cha": 120,
          "AverageAttributedRatio-ip-dev-cha": 40,
          "AverageAttributedRatio-app-dev-cha": 121,
          "AverageAttributedRatio-ip-app-dev-cha": 42,
          "AverageAttributedRatio-os-cha": 153,
          "AverageAttributedRatio-ip-os-cha": 24,
          "AverageAttributedRatio-app-os-cha": 232,
          "AverageAttributedRatio-ip-app-os-cha": 17,
          "AverageAttributedRatio-dev-os-cha": 128,
          "AverageAttributedRatio-ip-dev-os-cha": 10,
          "AverageAttributedRatio-app-dev-os-cha": 251,
          "AverageAttributedRatio-ip-app-dev-os-cha": 13,
          "MedianAttributeTimePast-ip": 845,
          "MedianAttributeTimePast-app": 360,
          "MedianAttributeTimePast-ip-app": 293,
          "MedianAttributeTimePast-dev": 324,
          "MedianAttributeTimePast-ip-dev": 304,
          "MedianAttributeTimePast-app-dev": 348,
          "MedianAttributeTimePast-ip-app-dev": 359,
          "MedianAttributeTimePast-os": 347,
          "MedianAttributeTimePast-ip-os": 225,
          "MedianAttributeTimePast-app-os": 377,
          "MedianAttributeTimePast-ip-app-os": 129,
          "MedianAttributeTimePast-dev-os": 368,
          "MedianAttributeTimePast-ip-dev-os": 235,
          "MedianAttributeTimePast-app-dev-os": 352,
          "MedianAttributeTimePast-ip-app-dev-os": 143,
          "MedianAttributeTimePast-cha": 312,
          "MedianAttributeTimePast-ip-cha": 147,
          "MedianAttributeTimePast-app-cha": 400,
          "MedianAttributeTimePast-ip-app-cha": 110,
          "MedianAttributeTimePast-dev-cha": 330,
          "MedianAttributeTimePast-ip-dev-cha": 119,
          "MedianAttributeTimePast-app-dev-cha": 371,
          "MedianAttributeTimePast-ip-app-dev-cha": 144,
          "MedianAttributeTimePast-os-cha": 289,
          "MedianAttributeTimePast-ip-os-cha": 46,
          "MedianAttributeTimePast-app-os-cha": 456,
          "MedianAttributeTimePast-ip-app-os-cha": 43,
          "MedianAttributeTimePast-dev-os-cha": 336,
          "MedianAttributeTimePast-ip-dev-os-cha": 29,
          "MedianAttributeTimePast-app-dev-os-cha": 420,
          "MedianAttributeTimePast-ip-app-dev-os-cha": 46,
          "KomakiLDA5NoDevice-ip-app-0": 701,
          "KomakiLDA5NoDevice-ip-app-1": 639,
          "KomakiLDA5NoDevice-ip-app-2": 408,
          "KomakiLDA5NoDevice-ip-app-3": 356,
          "KomakiLDA5NoDevice-ip-app-4": 329,
          "KomakiLDA5NoDevice-ip-os-0": 384,
          "KomakiLDA5NoDevice-ip-os-1": 427,
          "KomakiLDA5NoDevice-ip-os-2": 411,
          "KomakiLDA5NoDevice-ip-os-3": 378,
          "KomakiLDA5NoDevice-ip-os-4": 260,
          "KomakiLDA5NoDevice-ip-channel-0": 382,
          "KomakiLDA5NoDevice-ip-channel-1": 486,
          "KomakiLDA5NoDevice-ip-channel-2": 465,
          "KomakiLDA5NoDevice-ip-channel-3": 481,
          "KomakiLDA5NoDevice-ip-channel-4": 517,
          "KomakiLDA5NoDevice-app-ip-0": 291,
          "KomakiLDA5NoDevice-app-ip-1": 178,
          "KomakiLDA5NoDevice-app-ip-2": 177,
          "KomakiLDA5NoDevice-app-ip-3": 217,
          "KomakiLDA5NoDevice-app-ip-4": 171,
          "KomakiLDA5NoDevice-app-os-0": 149,
          "KomakiLDA5NoDevice-app-os-1": 227,
          "KomakiLDA5NoDevice-app-os-2": 152,
          "KomakiLDA5NoDevice-app-os-3": 103,
          "KomakiLDA5NoDevice-app-os-4": 209,
          "KomakiLDA5NoDevice-app-channel-0": 149,
          "KomakiLDA5NoDevice-app-channel-1": 180,
          "KomakiLDA5NoDevice-app-channel-2": 161,
          "KomakiLDA5NoDevice-app-channel-3": 159,
          "KomakiLDA5NoDevice-app-channel-4": 101,
          "KomakiLDA5NoDevice-os-ip-0": 165,
          "KomakiLDA5NoDevice-os-ip-1": 131,
          "KomakiLDA5NoDevice-os-ip-2": 131,
          "KomakiLDA5NoDevice-os-ip-3": 137,
          "KomakiLDA5NoDevice-os-ip-4": 157,
          "KomakiLDA5NoDevice-os-app-0": 249,
          "KomakiLDA5NoDevice-os-app-1": 144,
          "KomakiLDA5NoDevice-os-app-2": 96,
          "KomakiLDA5NoDevice-os-app-3": 151,
          "KomakiLDA5NoDevice-os-app-4": 132,
          "KomakiLDA5NoDevice-os-channel-0": 186,
          "KomakiLDA5NoDevice-os-channel-1": 104,
          "KomakiLDA5NoDevice-os-channel-2": 150,
          "KomakiLDA5NoDevice-os-channel-3": 188,
          "KomakiLDA5NoDevice-os-channel-4": 124,
          "KomakiLDA5NoDevice-channel-ip-0": 126,
          "KomakiLDA5NoDevice-channel-ip-1": 170,
          "KomakiLDA5NoDevice-channel-ip-2": 146,
          "KomakiLDA5NoDevice-channel-ip-3": 170,
          "KomakiLDA5NoDevice-channel-ip-4": 172,
          "KomakiLDA5NoDevice-channel-app-0": 171,
          "KomakiLDA5NoDevice-channel-app-1": 142,
          "KomakiLDA5NoDevice-channel-app-2": 148,
          "KomakiLDA5NoDevice-channel-app-3": 131,
          "KomakiLDA5NoDevice-channel-app-4": 149,
          "KomakiLDA5NoDevice-channel-os-0": 141,
          "KomakiLDA5NoDevice-channel-os-1": 206,
          "KomakiLDA5NoDevice-channel-os-2": 164,
          "KomakiLDA5NoDevice-channel-os-3": 182,
          "KomakiLDA5NoDevice-channel-os-4": 100
        }
      },
      {
        "train_auc": 0.9909260459831306,
        "valid_auc": 0.9839164719679236,
        "best_iteration": 293,
        "train_time": 243.2642252445221,
        "feature_importance": {
          "ip": 1611,
          "os": 804,
          "app": 1007,
          "channel": 1580,
          "hour": 1211,
          "n_channels": 754,
          "ip_app_count": 674,
          "ip_app_os_count": 583,
          "FutureClickCount_600-ip": 313,
          "FutureClickCount_600-app": 196,
          "FutureClickCount_600-ip-app": 106,
          "FutureClickCount_600-dev": 149,
          "FutureClickCount_600-ip-dev": 243,
          "FutureClickCount_600-app-dev": 227,
          "FutureClickCount_600-ip-app-dev": 80,
          "FutureClickCount_600-os": 190,
          "FutureClickCount_600-ip-os": 168,
          "FutureClickCount_600-app-os": 222,
          "FutureClickCount_600-ip-app-os": 145,
          "FutureClickCount_600-dev-os": 502,
          "FutureClickCount_600-ip-dev-os": 153,
          "FutureClickCount_600-app-dev-os": 334,
          "FutureClickCount_600-ip-app-dev-os": 224,
          "FutureClickCount_600-cha": 225,
          "FutureClickCount_600-ip-cha": 70,
          "FutureClickCount_600-app-cha": 452,
          "FutureClickCount_600-ip-app-cha": 71,
          "FutureClickCount_600-dev-cha": 152,
          "FutureClickCount_600-ip-dev-cha": 41,
          "FutureClickCount_600-app-dev-cha": 195,
          "FutureClickCount_600-ip-app-dev-cha": 44,
          "FutureClickCount_600-os-cha": 129,
          "FutureClickCount_600-ip-os-cha": 46,
          "FutureClickCount_600-app-os-cha": 162,
          "FutureClickCount_600-ip-app-os-cha": 58,
          "FutureClickCount_600-dev-os-cha": 148,
          "FutureClickCount_600-ip-dev-os-cha": 33,
          "FutureClickCount_600-app-dev-os-cha": 135,
          "FutureClickCount_600-ip-app-dev-os-cha": 54,
          "FutureClickCount_4800-ip": 673,
          "FutureClickCount_4800-app": 177,
          "FutureClickCount_4800-ip-app": 158,
          "FutureClickCount_4800-dev": 41,
          "FutureClickCount_4800-ip-dev": 654,
          "FutureClickCount_4800-app-dev": 113,
          "FutureClickCount_4800-ip-app-dev": 133,
          "FutureClickCount_4800-os": 95,
          "FutureClickCount_4800-ip-os": 326,
          "FutureClickCount_4800-app-os": 179,
          "FutureClickCount_4800-ip-app-os": 144,
          "FutureClickCount_4800-dev-os": 164,
          "FutureClickCount_4800-ip-dev-os": 409,
          "FutureClickCount_4800-app-dev-os": 353,
          "FutureClickCount_4800-ip-app-dev-os": 214,
          "FutureClickCount_4800-cha": 141,
          "FutureClickCount_4800-ip-cha": 143,
          "FutureClickCount_4800-app-cha": 277,
          "FutureClickCount_4800-ip-app-cha": 88,
          "FutureClickCount_4800-dev-cha": 86,
          "FutureClickCount_4800-ip-dev-cha": 98,
          "FutureClickCount_4800-app-dev-cha": 142,
          "FutureClickCount_4800-ip-app-dev-cha": 59,
          "FutureClickCount_4800-os-cha": 127,
          "FutureClickCount_4800-ip-os-cha": 53,
          "FutureClickCount_4800-app-os-cha": 182,
          "FutureClickCount_4800-ip-app-os-cha": 45,
          "FutureClickCount_4800-dev-os-cha": 160,
          "FutureClickCount_4800-ip-dev-os-cha": 40,
          "FutureClickCount_4800-app-dev-os-cha": 180,
          "FutureClickCount_4800-ip-app-dev-os-cha": 45,
          "NextClickTimeDelta-ip": 448,
          "NextClickTimeDelta-app": 62,
          "NextClickTimeDelta-ip-app": 617,
          "NextClickTimeDelta-dev": 33,
          "NextClickTimeDelta-ip-dev": 306,
          "NextClickTimeDelta-app-dev": 49,
          "NextClickTimeDelta-ip-app-dev": 333,
          "NextClickTimeDelta-os": 33,
          "NextClickTimeDelta-ip-os": 302,
          "NextClickTimeDelta-app-os": 91,
          "NextClickTimeDelta-ip-app-os": 1276,
          "NextClickTimeDelta-dev-os": 69,
          "NextClickTimeDelta-ip-dev-os": 233,
          "NextClickTimeDelta-app-dev-os": 81,
          "NextClickTimeDelta-ip-app-dev-os": 1801,
          "NextClickTimeDelta-cha": 42,
          "NextClickTimeDelta-ip-cha": 227,
          "NextClickTimeDelta-app-cha": 95,
          "NextClickTimeDelta-ip-app-cha": 248,
          "NextClickTimeDelta-dev-cha": 35,
          "NextClickTimeDelta-ip-dev-cha": 141,
          "NextClickTimeDelta-app-dev-cha": 72,
          "NextClickTimeDelta-ip-app-dev-cha": 188,
          "NextClickTimeDelta-os-cha": 82,
          "NextClickTimeDelta-ip-os-cha": 166,
          "NextClickTimeDelta-app-os-cha": 130,
          "NextClickTimeDelta-ip-app-os-cha": 278,
          "NextClickTimeDelta-dev-os-cha": 88,
          "NextClickTimeDelta-ip-dev-os-cha": 182,
          "NextClickTimeDelta-app-dev-os-cha": 108,
          "NextClickTimeDelta-ip-app-dev-os-cha": 335,
          "PrevClickTimeDelta-ip": 335,
          "PrevClickTimeDelta-app": 75,
          "PrevClickTimeDelta-ip-app": 167,
          "PrevClickTimeDelta-dev": 29,
          "PrevClickTimeDelta-ip-dev": 163,
          "PrevClickTimeDelta-app-dev": 38,
          "PrevClickTimeDelta-ip-app-dev": 118,
          "PrevClickTimeDelta-os": 34,
          "PrevClickTimeDelta-ip-os": 233,
          "PrevClickTimeDelta-app-os": 79,
          "PrevClickTimeDelta-ip-app-os": 174,
          "PrevClickTimeDelta-dev-os": 50,
          "PrevClickTimeDelta-ip-dev-os": 138,
          "PrevClickTimeDelta-app-dev-os": 75,
          "PrevClickTimeDelta-ip-app-dev-os": 133,
          "PrevClickTimeDelta-cha": 40,
          "PrevClickTimeDelta-ip-cha": 183,
          "PrevClickTimeDelta-app-cha": 93,
          "PrevClickTimeDelta-ip-app-cha": 131,
          "PrevClickTimeDelta-dev-cha": 53,
          "PrevClickTimeDelta-ip-dev-cha": 112,
          "PrevClickTimeDelta-app-dev-cha": 61,
          "PrevClickTimeDelta-ip-app-dev-cha": 70,
          "PrevClickTimeDelta-os-cha": 88,
          "PrevClickTimeDelta-ip-os-cha": 130,
          "PrevClickTimeDelta-app-os-cha": 101,
          "PrevClickTimeDelta-ip-app-os-cha": 64,
          "PrevClickTimeDelta-dev-os-cha": 77,
          "PrevClickTimeDelta-ip-dev-os-cha": 57,
          "PrevClickTimeDelta-app-dev-os-cha": 100,
          "PrevClickTimeDelta-ip-app-dev-os-cha": 64,
          "AverageAttributedRatio-ip": 201,
          "AverageAttributedRatio-app": 195,
          "AverageAttributedRatio-ip-app": 97,
          "AverageAttributedRatio-dev": 312,
          "AverageAttributedRatio-ip-dev": 164,
          "AverageAttributedRatio-app-dev": 175,
          "AverageAttributedRatio-ip-app-dev": 103,
          "AverageAttributedRatio-os": 144,
          "AverageAttributedRatio-ip-os": 76,
          "AverageAttributedRatio-app-os": 187,
          "AverageAttributedRatio-ip-app-os": 48,
          "AverageAttributedRatio-dev-os": 126,
          "AverageAttributedRatio-ip-dev-os": 64,
          "AverageAttributedRatio-app-dev-os": 231,
          "AverageAttributedRatio-ip-app-dev-os": 17,
          "AverageAttributedRatio-cha": 141,
          "AverageAttributedRatio-ip-cha": 60,
          "AverageAttributedRatio-app-cha": 155,
          "AverageAttributedRatio-ip-app-cha": 28,
          "AverageAttributedRatio-dev-cha": 115,
          "AverageAttributedRatio-ip-dev-cha": 56,
          "AverageAttributedRatio-app-dev-cha": 139,
          "AverageAttributedRatio-ip-app-dev-cha": 36,
          "AverageAttributedRatio-os-cha": 141,
          "AverageAttributedRatio-ip-os-cha": 14,
          "AverageAttributedRatio-app-os-cha": 212,
          "AverageAttributedRatio-ip-app-os-cha": 16,
          "AverageAttributedRatio-dev-os-cha": 121,
          "AverageAttributedRatio-ip-dev-os-cha": 16,
          "AverageAttributedRatio-app-dev-os-cha": 210,
          "AverageAttributedRatio-ip-app-dev-os-cha": 15,
          "MedianAttributeTimePast-ip": 804,
          "MedianAttributeTimePast-app": 353,
          "MedianAttributeTimePast-ip-app": 298,
          "MedianAttributeTimePast-dev": 314,
          "MedianAttributeTimePast-ip-dev": 301,
          "MedianAttributeTimePast-app-dev": 334,
          "MedianAttributeTimePast-ip-app-dev": 357,
          "MedianAttributeTimePast-os": 377,
          "MedianAttributeTimePast-ip-os": 209,
          "MedianAttributeTimePast-app-os": 415,
          "MedianAttributeTimePast-ip-app-os": 127,
          "MedianAttributeTimePast-dev-os": 374,
          "MedianAttributeTimePast-ip-dev-os": 251,
          "MedianAttributeTimePast-app-dev-os": 394,
          "MedianAttributeTimePast-ip-app-dev-os": 144,
          "MedianAttributeTimePast-cha": 358,
          "MedianAttributeTimePast-ip-cha": 144,
          "MedianAttributeTimePast-app-cha": 410,
          "MedianAttributeTimePast-ip-app-cha": 113,
          "MedianAttributeTimePast-dev-cha": 314,
          "MedianAttributeTimePast-ip-dev-cha": 134,
          "MedianAttributeTimePast-app-dev-cha": 323,
          "MedianAttributeTimePast-ip-app-dev-cha": 135,
          "MedianAttributeTimePast-os-cha": 326,
          "MedianAttributeTimePast-ip-os-cha": 43,
          "MedianAttributeTimePast-app-os-cha": 436,
          "MedianAttributeTimePast-ip-app-os-cha": 52,
          "MedianAttributeTimePast-dev-os-cha": 337,
          "MedianAttributeTimePast-ip-dev-os-cha": 40,
          "MedianAttributeTimePast-app-dev-os-cha": 439,
          "MedianAttributeTimePast-ip-app-dev-os-cha": 54,
          "KomakiLDA5NoDevice-ip-app-0": 679,
          "KomakiLDA5NoDevice-ip-app-1": 613,
          "KomakiLDA5NoDevice-ip-app-2": 380,
          "KomakiLDA5NoDevice-ip-app-3": 365,
          "KomakiLDA5NoDevice-ip-app-4": 383,
          "KomakiLDA5NoDevice-ip-os-0": 328,
          "KomakiLDA5NoDevice-ip-os-1": 420,
          "KomakiLDA5NoDevice-ip-os-2": 419,
          "KomakiLDA5NoDevice-ip-os-3": 331,
          "KomakiLDA5NoDevice-ip-os-4": 268,
          "KomakiLDA5NoDevice-ip-channel-0": 346,
          "KomakiLDA5NoDevice-ip-channel-1": 510,
          "KomakiLDA5NoDevice-ip-channel-2": 437,
          "KomakiLDA5NoDevice-ip-channel-3": 508,
          "KomakiLDA5NoDevice-ip-channel-4": 534,
          "KomakiLDA5NoDevice-app-ip-0": 287,
          "KomakiLDA5NoDevice-app-ip-1": 206,
          "KomakiLDA5NoDevice-app-ip-2": 165,
          "KomakiLDA5NoDevice-app-ip-3": 235,
          "KomakiLDA5NoDevice-app-ip-4": 157,
          "KomakiLDA5NoDevice-app-os-0": 139,
          "KomakiLDA5NoDevice-app-os-1": 225,
          "KomakiLDA5NoDevice-app-os-2": 137,
          "KomakiLDA5NoDevice-app-os-3": 120,
          "KomakiLDA5NoDevice-app-os-4": 212,
          "KomakiLDA5NoDevice-app-channel-0": 158,
          "KomakiLDA5NoDevice-app-channel-1": 189,
          "KomakiLDA5NoDevice-app-channel-2": 154,
          "KomakiLDA5NoDevice-app-channel-3": 176,
          "KomakiLDA5NoDevice-app-channel-4": 97,
          "KomakiLDA5NoDevice-os-ip-0": 202,
          "KomakiLDA5NoDevice-os-ip-1": 125,
          "KomakiLDA5NoDevice-os-ip-2": 112,
          "KomakiLDA5NoDevice-os-ip-3": 129,
          "KomakiLDA5NoDevice-os-ip-4": 131,
          "KomakiLDA5NoDevice-os-app-0": 209,
          "KomakiLDA5NoDevice-os-app-1": 155,
          "KomakiLDA5NoDevice-os-app-2": 96,
          "KomakiLDA5NoDevice-os-app-3": 175,
          "KomakiLDA5NoDevice-os-app-4": 135,
          "KomakiLDA5NoDevice-os-channel-0": 163,
          "KomakiLDA5NoDevice-os-channel-1": 141,
          "KomakiLDA5NoDevice-os-channel-2": 125,
          "KomakiLDA5NoDevice-os-channel-3": 179,
          "KomakiLDA5NoDevice-os-channel-4": 94,
          "KomakiLDA5NoDevice-channel-ip-0": 130,
          "KomakiLDA5NoDevice-channel-ip-1": 187,
          "KomakiLDA5NoDevice-channel-ip-2": 182,
          "KomakiLDA5NoDevice-channel-ip-3": 154,
          "KomakiLDA5NoDevice-channel-ip-4": 182,
          "KomakiLDA5NoDevice-channel-app-0": 166,
          "KomakiLDA5NoDevice-channel-app-1": 138,
          "KomakiLDA5NoDevice-channel-app-2": 157,
          "KomakiLDA5NoDevice-channel-app-3": 140,
          "KomakiLDA5NoDevice-channel-app-4": 136,
          "KomakiLDA5NoDevice-channel-os-0": 164,
          "KomakiLDA5NoDevice-channel-os-1": 224,
          "KomakiLDA5NoDevice-channel-os-2": 182,
          "KomakiLDA5NoDevice-channel-os-3": 154,
          "KomakiLDA5NoDevice-channel-os-4": 122
        }
      },
      {
        "train_auc": 0.9909351771519214,
        "valid_auc": 0.9840316563479976,
        "best_iteration": 293,
        "train_time": 246.2099106311798,
        "feature_importance": {
          "ip": 1666,
          "os": 812,
          "app": 998,
          "channel": 1647,
          "hour": 1229,
          "n_channels": 724,
          "ip_app_count": 669,
          "ip_app_os_count": 556,
          "FutureClickCount_600-ip": 320,
          "FutureClickCount_600-app": 219,
          "FutureClickCount_600-ip-app": 106,
          "FutureClickCount_600-dev": 132,
          "FutureClickCount_600-ip-dev": 222,
          "FutureClickCount_600-app-dev": 245,
          "FutureClickCount_600-ip-app-dev": 109,
          "FutureClickCount_600-os": 189,
          "FutureClickCount_600-ip-os": 177,
          "FutureClickCount_600-app-os": 203,
          "FutureClickCount_600-ip-app-os": 183,
          "FutureClickCount_600-dev-os": 473,
          "FutureClickCount_600-ip-dev-os": 166,
          "FutureClickCount_600-app-dev-os": 338,
          "FutureClickCount_600-ip-app-dev-os": 238,
          "FutureClickCount_600-cha": 232,
          "FutureClickCount_600-ip-cha": 61,
          "FutureClickCount_600-app-cha": 367,
          "FutureClickCount_600-ip-app-cha": 49,
          "FutureClickCount_600-dev-cha": 192,
          "FutureClickCount_600-ip-dev-cha": 43,
          "FutureClickCount_600-app-dev-cha": 184,
          "FutureClickCount_600-ip-app-dev-cha": 41,
          "FutureClickCount_600-os-cha": 155,
          "FutureClickCount_600-ip-os-cha": 39,
          "FutureClickCount_600-app-os-cha": 170,
          "FutureClickCount_600-ip-app-os-cha": 52,
          "FutureClickCount_600-dev-os-cha": 131,
          "FutureClickCount_600-ip-dev-os-cha": 35,
          "FutureClickCount_600-app-dev-os-cha": 140,
          "FutureClickCount_600-ip-app-dev-os-cha": 39,
          "FutureClickCount_4800-ip": 754,
          "FutureClickCount_4800-app": 174,
          "FutureClickCount_4800-ip-app": 197,
          "FutureClickCount_4800-dev": 38,
          "FutureClickCount_4800-ip-dev": 716,
          "FutureClickCount_4800-app-dev": 103,
          "FutureClickCount_4800-ip-app-dev": 129,
          "FutureClickCount_4800-os": 78,
          "FutureClickCount_4800-ip-os": 298,
          "FutureClickCount_4800-app-os": 187,
          "FutureClickCount_4800-ip-app-os": 152,
          "FutureClickCount_4800-dev-os": 131,
          "FutureClickCount_4800-ip-dev-os": 426,
          "FutureClickCount_4800-app-dev-os": 339,
          "FutureClickCount_4800-ip-app-dev-os": 243,
          "FutureClickCount_4800-cha": 135,
          "FutureClickCount_4800-ip-cha": 106,
          "FutureClickCount_4800-app-cha": 271,
          "FutureClickCount_4800-ip-app-cha": 89,
          "FutureClickCount_4800-dev-cha": 125,
          "FutureClickCount_4800-ip-dev-cha": 87,
          "FutureClickCount_4800-app-dev-cha": 152,
          "FutureClickCount_4800-ip-app-dev-cha": 64,
          "FutureClickCount_4800-os-cha": 122,
          "FutureClickCount_4800-ip-os-cha": 53,
          "FutureClickCount_4800-app-os-cha": 161,
          "FutureClickCount_4800-ip-app-os-cha": 41,
          "FutureClickCount_4800-dev-os-cha": 130,
          "FutureClickCount_4800-ip-dev-os-cha": 42,
          "FutureClickCount_4800-app-dev-os-cha": 190,
          "FutureClickCount_4800-ip-app-dev-os-cha": 40,
          "NextClickTimeDelta-ip": 447,
          "NextClickTimeDelta-app": 46,
          "NextClickTimeDelta-ip-app": 535,
          "NextClickTimeDelta-dev": 41,
          "NextClickTimeDelta-ip-dev": 266,
          "NextClickTimeDelta-app-dev": 42,
          "NextClickTimeDelta-ip-app-dev": 336,
          "NextClickTimeDelta-os": 29,
          "NextClickTimeDelta-ip-os": 339,
          "NextClickTimeDelta-app-os": 99,
          "NextClickTimeDelta-ip-app-os": 1171,
          "NextClickTimeDelta-dev-os": 51,
          "NextClickTimeDelta-ip-dev-os": 196,
          "NextClickTimeDelta-app-dev-os": 78,
          "NextClickTimeDelta-ip-app-dev-os": 1794,
          "NextClickTimeDelta-cha": 87,
          "NextClickTimeDelta-ip-cha": 254,
          "NextClickTimeDelta-app-cha": 94,
          "NextClickTimeDelta-ip-app-cha": 244,
          "NextClickTimeDelta-dev-cha": 64,
          "NextClickTimeDelta-ip-dev-cha": 159,
          "NextClickTimeDelta-app-dev-cha": 53,
          "NextClickTimeDelta-ip-app-dev-cha": 176,
          "NextClickTimeDelta-os-cha": 101,
          "NextClickTimeDelta-ip-os-cha": 187,
          "NextClickTimeDelta-app-os-cha": 117,
          "NextClickTimeDelta-ip-app-os-cha": 230,
          "NextClickTimeDelta-dev-os-cha": 80,
          "NextClickTimeDelta-ip-dev-os-cha": 173,
          "NextClickTimeDelta-app-dev-os-cha": 130,
          "NextClickTimeDelta-ip-app-dev-os-cha": 335,
          "PrevClickTimeDelta-ip": 310,
          "PrevClickTimeDelta-app": 57,
          "PrevClickTimeDelta-ip-app": 171,
          "PrevClickTimeDelta-dev": 30,
          "PrevClickTimeDelta-ip-dev": 201,
          "PrevClickTimeDelta-app-dev": 32,
          "PrevClickTimeDelta-ip-app-dev": 132,
          "PrevClickTimeDelta-os": 36,
          "PrevClickTimeDelta-ip-os": 235,
          "PrevClickTimeDelta-app-os": 77,
          "PrevClickTimeDelta-ip-app-os": 167,
          "PrevClickTimeDelta-dev-os": 44,
          "PrevClickTimeDelta-ip-dev-os": 155,
          "PrevClickTimeDelta-app-dev-os": 64,
          "PrevClickTimeDelta-ip-app-dev-os": 118,
          "PrevClickTimeDelta-cha": 44,
          "PrevClickTimeDelta-ip-cha": 186,
          "PrevClickTimeDelta-app-cha": 73,
          "PrevClickTimeDelta-ip-app-cha": 106,
          "PrevClickTimeDelta-dev-cha": 58,
          "PrevClickTimeDelta-ip-dev-cha": 112,
          "PrevClickTimeDelta-app-dev-cha": 64,
          "PrevClickTimeDelta-ip-app-dev-cha": 93,
          "PrevClickTimeDelta-os-cha": 91,
          "PrevClickTimeDelta-ip-os-cha": 107,
          "PrevClickTimeDelta-app-os-cha": 102,
          "PrevClickTimeDelta-ip-app-os-cha": 77,
          "PrevClickTimeDelta-dev-os-cha": 87,
          "PrevClickTimeDelta-ip-dev-os-cha": 62,
          "PrevClickTimeDelta-app-dev-os-cha": 96,
          "PrevClickTimeDelta-ip-app-dev-os-cha": 44,
          "AverageAttributedRatio-ip": 216,
          "AverageAttributedRatio-app": 177,
          "AverageAttributedRatio-ip-app": 113,
          "AverageAttributedRatio-dev": 284,
          "AverageAttributedRatio-ip-dev": 173,
          "AverageAttributedRatio-app-dev": 154,
          "AverageAttributedRatio-ip-app-dev": 97,
          "AverageAttributedRatio-os": 151,
          "AverageAttributedRatio-ip-os": 104,
          "AverageAttributedRatio-app-os": 171,
          "AverageAttributedRatio-ip-app-os": 25,
          "AverageAttributedRatio-dev-os": 148,
          "AverageAttributedRatio-ip-dev-os": 74,
          "AverageAttributedRatio-app-dev-os": 211,
          "AverageAttributedRatio-ip-app-dev-os": 24,
          "AverageAttributedRatio-cha": 147,
          "AverageAttributedRatio-ip-cha": 78,
          "AverageAttributedRatio-app-cha": 193,
          "AverageAttributedRatio-ip-app-cha": 39,
          "AverageAttributedRatio-dev-cha": 103,
          "AverageAttributedRatio-ip-dev-cha": 46,
          "AverageAttributedRatio-app-dev-cha": 143,
          "AverageAttributedRatio-ip-app-dev-cha": 29,
          "AverageAttributedRatio-os-cha": 146,
          "AverageAttributedRatio-ip-os-cha": 22,
          "AverageAttributedRatio-app-os-cha": 219,
          "AverageAttributedRatio-ip-app-os-cha": 15,
          "AverageAttributedRatio-dev-os-cha": 103,
          "AverageAttributedRatio-ip-dev-os-cha": 16,
          "AverageAttributedRatio-app-dev-os-cha": 236,
          "AverageAttributedRatio-ip-app-dev-os-cha": 13,
          "MedianAttributeTimePast-ip": 781,
          "MedianAttributeTimePast-app": 376,
          "MedianAttributeTimePast-ip-app": 291,
          "MedianAttributeTimePast-dev": 334,
          "MedianAttributeTimePast-ip-dev": 328,
          "MedianAttributeTimePast-app-dev": 368,
          "MedianAttributeTimePast-ip-app-dev": 360,
          "MedianAttributeTimePast-os": 332,
          "MedianAttributeTimePast-ip-os": 216,
          "MedianAttributeTimePast-app-os": 384,
          "MedianAttributeTimePast-ip-app-os": 146,
          "MedianAttributeTimePast-dev-os": 327,
          "MedianAttributeTimePast-ip-dev-os": 256,
          "MedianAttributeTimePast-app-dev-os": 372,
          "MedianAttributeTimePast-ip-app-dev-os": 147,
          "MedianAttributeTimePast-cha": 335,
          "MedianAttributeTimePast-ip-cha": 155,
          "MedianAttributeTimePast-app-cha": 426,
          "MedianAttributeTimePast-ip-app-cha": 123,
          "MedianAttributeTimePast-dev-cha": 307,
          "MedianAttributeTimePast-ip-dev-cha": 136,
          "MedianAttributeTimePast-app-dev-cha": 361,
          "MedianAttributeTimePast-ip-app-dev-cha": 150,
          "MedianAttributeTimePast-os-cha": 327,
          "MedianAttributeTimePast-ip-os-cha": 32,
          "MedianAttributeTimePast-app-os-cha": 448,
          "MedianAttributeTimePast-ip-app-os-cha": 60,
          "MedianAttributeTimePast-dev-os-cha": 358,
          "MedianAttributeTimePast-ip-dev-os-cha": 25,
          "MedianAttributeTimePast-app-dev-os-cha": 452,
          "MedianAttributeTimePast-ip-app-dev-os-cha": 65,
          "KomakiLDA5NoDevice-ip-app-0": 697,
          "KomakiLDA5NoDevice-ip-app-1": 592,
          "KomakiLDA5NoDevice-ip-app-2": 389,
          "KomakiLDA5NoDevice-ip-app-3": 398,
          "KomakiLDA5NoDevice-ip-app-4": 336,
          "KomakiLDA5NoDevice-ip-os-0": 288,
          "KomakiLDA5NoDevice-ip-os-1": 438,
          "KomakiLDA5NoDevice-ip-os-2": 420,
          "KomakiLDA5NoDevice-ip-os-3": 359,
          "KomakiLDA5NoDevice-ip-os-4": 275,
          "KomakiLDA5NoDevice-ip-channel-0": 367,
          "KomakiLDA5NoDevice-ip-channel-1": 512,
          "KomakiLDA5NoDevice-ip-channel-2": 461,
          "KomakiLDA5NoDevice-ip-channel-3": 521,
          "KomakiLDA5NoDevice-ip-channel-4": 573,
          "KomakiLDA5NoDevice-app-ip-0": 300,
          "KomakiLDA5NoDevice-app-ip-1": 160,
          "KomakiLDA5NoDevice-app-ip-2": 173,
          "KomakiLDA5NoDevice-app-ip-3": 182,
          "KomakiLDA5NoDevice-app-ip-4": 131,
          "KomakiLDA5NoDevice-app-os-0": 155,
          "KomakiLDA5NoDevice-app-os-1": 247,
          "KomakiLDA5NoDevice-app-os-2": 178,
          "KomakiLDA5NoDevice-app-os-3": 93,
          "KomakiLDA5NoDevice-app-os-4": 214,
          "KomakiLDA5NoDevice-app-channel-0": 163,
          "KomakiLDA5NoDevice-app-channel-1": 171,
          "KomakiLDA5NoDevice-app-channel-2": 171,
          "KomakiLDA5NoDevice-app-channel-3": 175,
          "KomakiLDA5NoDevice-app-channel-4": 117,
          "KomakiLDA5NoDevice-os-ip-0": 178,
          "KomakiLDA5NoDevice-os-ip-1": 123,
          "KomakiLDA5NoDevice-os-ip-2": 131,
          "KomakiLDA5NoDevice-os-ip-3": 115,
          "KomakiLDA5NoDevice-os-ip-4": 134,
          "KomakiLDA5NoDevice-os-app-0": 238,
          "KomakiLDA5NoDevice-os-app-1": 153,
          "KomakiLDA5NoDevice-os-app-2": 100,
          "KomakiLDA5NoDevice-os-app-3": 160,
          "KomakiLDA5NoDevice-os-app-4": 121,
          "KomakiLDA5NoDevice-os-channel-0": 208,
          "KomakiLDA5NoDevice-os-channel-1": 92,
          "KomakiLDA5NoDevice-os-channel-2": 157,
          "KomakiLDA5NoDevice-os-channel-3": 211,
          "KomakiLDA5NoDevice-os-channel-4": 126,
          "KomakiLDA5NoDevice-channel-ip-0": 149,
          "KomakiLDA5NoDevice-channel-ip-1": 170,
          "KomakiLDA5NoDevice-channel-ip-2": 169,
          "KomakiLDA5NoDevice-channel-ip-3": 133,
          "KomakiLDA5NoDevice-channel-ip-4": 216,
          "KomakiLDA5NoDevice-channel-app-0": 175,
          "KomakiLDA5NoDevice-channel-app-1": 125,
          "KomakiLDA5NoDevice-channel-app-2": 142,
          "KomakiLDA5NoDevice-channel-app-3": 135,
          "KomakiLDA5NoDevice-channel-app-4": 156,
          "KomakiLDA5NoDevice-channel-os-0": 129,
          "KomakiLDA5NoDevice-channel-os-1": 206,
          "KomakiLDA5NoDevice-channel-os-2": 156,
          "KomakiLDA5NoDevice-channel-os-3": 181,
          "KomakiLDA5NoDevice-channel-os-4": 129
        }
      },
      {
        "train_auc": 0.9910802815353748,
        "valid_auc": 0.9841932182199578,
        "best_iteration": 293,
        "train_time": 245.51079106330872,
        "feature_importance": {
          "ip": 1617,
          "os": 796,
          "app": 980,
          "channel": 1701,
          "hour": 1233,
          "n_channels": 788,
          "ip_app_count": 733,
          "ip_app_os_count": 572,
          "FutureClickCount_600-ip": 342,
          "FutureClickCount_600-app": 232,
          "FutureClickCount_600-ip-app": 91,
          "FutureClickCount_600-dev": 153,
          "FutureClickCount_600-ip-dev": 232,
          "FutureClickCount_600-app-dev": 217,
          "FutureClickCount_600-ip-app-dev": 100,
          "FutureClickCount_600-os": 165,
          "FutureClickCount_600-ip-os": 209,
          "FutureClickCount_600-app-os": 226,
          "FutureClickCount_600-ip-app-os": 144,
          "FutureClickCount_600-dev-os": 479,
          "FutureClickCount_600-ip-dev-os": 165,
          "FutureClickCount_600-app-dev-os": 339,
          "FutureClickCount_600-ip-app-dev-os": 248,
          "FutureClickCount_600-cha": 235,
          "FutureClickCount_600-ip-cha": 62,
          "FutureClickCount_600-app-cha": 330,
          "FutureClickCount_600-ip-app-cha": 44,
          "FutureClickCount_600-dev-cha": 148,
          "FutureClickCount_600-ip-dev-cha": 51,
          "FutureClickCount_600-app-dev-cha": 198,
          "FutureClickCount_600-ip-app-dev-cha": 41,
          "FutureClickCount_600-os-cha": 144,
          "FutureClickCount_600-ip-os-cha": 38,
          "FutureClickCount_600-app-os-cha": 185,
          "FutureClickCount_600-ip-app-os-cha": 47,
          "FutureClickCount_600-dev-os-cha": 155,
          "FutureClickCount_600-ip-dev-os-cha": 33,
          "FutureClickCount_600-app-dev-os-cha": 138,
          "FutureClickCount_600-ip-app-dev-os-cha": 47,
          "FutureClickCount_4800-ip": 666,
          "FutureClickCount_4800-app": 158,
          "FutureClickCount_4800-ip-app": 212,
          "FutureClickCount_4800-dev": 46,
          "FutureClickCount_4800-ip-dev": 670,
          "FutureClickCount_4800-app-dev": 111,
          "FutureClickCount_4800-ip-app-dev": 122,
          "FutureClickCount_4800-os": 95,
          "FutureClickCount_4800-ip-os": 325,
          "FutureClickCount_4800-app-os": 193,
          "FutureClickCount_4800-ip-app-os": 182,
          "FutureClickCount_4800-dev-os": 143,
          "FutureClickCount_4800-ip-dev-os": 418,
          "FutureClickCount_4800-app-dev-os": 341,
          "FutureClickCount_4800-ip-app-dev-os": 220,
          "FutureClickCount_4800-cha": 148,
          "FutureClickCount_4800-ip-cha": 97,
          "FutureClickCount_4800-app-cha": 287,
          "FutureClickCount_4800-ip-app-cha": 76,
          "FutureClickCount_4800-dev-cha": 89,
          "FutureClickCount_4800-ip-dev-cha": 78,
          "FutureClickCount_4800-app-dev-cha": 141,
          "FutureClickCount_4800-ip-app-dev-cha": 74,
          "FutureClickCount_4800-os-cha": 125,
          "FutureClickCount_4800-ip-os-cha": 59,
          "FutureClickCount_4800-app-os-cha": 175,
          "FutureClickCount_4800-ip-app-os-cha": 40,
          "FutureClickCount_4800-dev-os-cha": 138,
          "FutureClickCount_4800-ip-dev-os-cha": 41,
          "FutureClickCount_4800-app-dev-os-cha": 175,
          "FutureClickCount_4800-ip-app-dev-os-cha": 39,
          "NextClickTimeDelta-ip": 485,
          "NextClickTimeDelta-app": 56,
          "NextClickTimeDelta-ip-app": 527,
          "NextClickTimeDelta-dev": 33,
          "NextClickTimeDelta-ip-dev": 295,
          "NextClickTimeDelta-app-dev": 36,
          "NextClickTimeDelta-ip-app-dev": 345,
          "NextClickTimeDelta-os": 47,
          "NextClickTimeDelta-ip-os": 334,
          "NextClickTimeDelta-app-os": 80,
          "NextClickTimeDelta-ip-app-os": 1203,
          "NextClickTimeDelta-dev-os": 56,
          "NextClickTimeDelta-ip-dev-os": 237,
          "NextClickTimeDelta-app-dev-os": 69,
          "NextClickTimeDelta-ip-app-dev-os": 1822,
          "NextClickTimeDelta-cha": 57,
          "NextClickTimeDelta-ip-cha": 262,
          "NextClickTimeDelta-app-cha": 112,
          "NextClickTimeDelta-ip-app-cha": 252,
          "NextClickTimeDelta-dev-cha": 46,
          "NextClickTimeDelta-ip-dev-cha": 178,
          "NextClickTimeDelta-app-dev-cha": 70,
          "NextClickTimeDelta-ip-app-dev-cha": 153,
          "NextClickTimeDelta-os-cha": 98,
          "NextClickTimeDelta-ip-os-cha": 166,
          "NextClickTimeDelta-app-os-cha": 131,
          "NextClickTimeDelta-ip-app-os-cha": 281,
          "NextClickTimeDelta-dev-os-cha": 75,
          "NextClickTimeDelta-ip-dev-os-cha": 195,
          "NextClickTimeDelta-app-dev-os-cha": 115,
          "NextClickTimeDelta-ip-app-dev-os-cha": 333,
          "PrevClickTimeDelta-ip": 312,
          "PrevClickTimeDelta-app": 61,
          "PrevClickTimeDelta-ip-app": 149,
          "PrevClickTimeDelta-dev": 14,
          "PrevClickTimeDelta-ip-dev": 175,
          "PrevClickTimeDelta-app-dev": 34,
          "PrevClickTimeDelta-ip-app-dev": 100,
          "PrevClickTimeDelta-os": 55,
          "PrevClickTimeDelta-ip-os": 225,
          "PrevClickTimeDelta-app-os": 82,
          "PrevClickTimeDelta-ip-app-os": 183,
          "PrevClickTimeDelta-dev-os": 35,
          "PrevClickTimeDelta-ip-dev-os": 131,
          "PrevClickTimeDelta-app-dev-os": 60,
          "PrevClickTimeDelta-ip-app-dev-os": 123,
          "PrevClickTimeDelta-cha": 44,
          "PrevClickTimeDelta-ip-cha": 166,
          "PrevClickTimeDelta-app-cha": 86,
          "PrevClickTimeDelta-ip-app-cha": 121,
          "PrevClickTimeDelta-dev-cha": 47,
          "PrevClickTimeDelta-ip-dev-cha": 112,
          "PrevClickTimeDelta-app-dev-cha": 56,
          "PrevClickTimeDelta-ip-app-dev-cha": 94,
          "PrevClickTimeDelta-os-cha": 88,
          "PrevClickTimeDelta-ip-os-cha": 127,
          "PrevClickTimeDelta-app-os-cha": 108,
          "PrevClickTimeDelta-ip-app-os-cha": 83,
          "PrevClickTimeDelta-dev-os-cha": 65,
          "PrevClickTimeDelta-ip-dev-os-cha": 71,
          "PrevClickTimeDelta-app-dev-os-cha": 72,
          "PrevClickTimeDelta-ip-app-dev-os-cha": 70,
          "AverageAttributedRatio-ip": 202,
          "AverageAttributedRatio-app": 172,
          "AverageAttributedRatio-ip-app": 129,
          "AverageAttributedRatio-dev": 317,
          "AverageAttributedRatio-ip-dev": 132,
          "AverageAttributedRatio-app-dev": 147,
          "AverageAttributedRatio-ip-app-dev": 89,
          "AverageAttributedRatio-os": 146,
          "AverageAttributedRatio-ip-os": 106,
          "AverageAttributedRatio-app-os": 197,
          "AverageAttributedRatio-ip-app-os": 36,
          "AverageAttributedRatio-dev-os": 131,
          "AverageAttributedRatio-ip-dev-os": 84,
          "AverageAttributedRatio-app-dev-os": 206,
          "AverageAttributedRatio-ip-app-dev-os": 25,
          "AverageAttributedRatio-cha": 153,
          "AverageAttributedRatio-ip-cha": 63,
          "AverageAttributedRatio-app-cha": 168,
          "AverageAttributedRatio-ip-app-cha": 36,
          "AverageAttributedRatio-dev-cha": 99,
          "AverageAttributedRatio-ip-dev-cha": 47,
          "AverageAttributedRatio-app-dev-cha": 140,
          "AverageAttributedRatio-ip-app-dev-cha": 29,
          "AverageAttributedRatio-os-cha": 142,
          "AverageAttributedRatio-ip-os-cha": 22,
          "AverageAttributedRatio-app-os-cha": 228,
          "AverageAttributedRatio-ip-app-os-cha": 17,
          "AverageAttributedRatio-dev-os-cha": 112,
          "AverageAttributedRatio-ip-dev-os-cha": 25,
          "AverageAttributedRatio-app-dev-os-cha": 213,
          "AverageAttributedRatio-ip-app-dev-os-cha": 20,
          "MedianAttributeTimePast-ip": 834,
          "MedianAttributeTimePast-app": 353,
          "MedianAttributeTimePast-ip-app": 318,
          "MedianAttributeTimePast-dev": 377,
          "MedianAttributeTimePast-ip-dev": 323,
          "MedianAttributeTimePast-app-dev": 353,
          "MedianAttributeTimePast-ip-app-dev": 393,
          "MedianAttributeTimePast-os": 361,
          "MedianAttributeTimePast-ip-os": 195,
          "MedianAttributeTimePast-app-os": 405,
          "MedianAttributeTimePast-ip-app-os": 141,
          "MedianAttributeTimePast-dev-os": 354,
          "MedianAttributeTimePast-ip-dev-os": 247,
          "MedianAttributeTimePast-app-dev-os": 371,
          "MedianAttributeTimePast-ip-app-dev-os": 124,
          "MedianAttributeTimePast-cha": 310,
          "MedianAttributeTimePast-ip-cha": 124,
          "MedianAttributeTimePast-app-cha": 403,
          "MedianAttributeTimePast-ip-app-cha": 118,
          "MedianAttributeTimePast-dev-cha": 321,
          "MedianAttributeTimePast-ip-dev-cha": 115,
          "MedianAttributeTimePast-app-dev-cha": 332,
          "MedianAttributeTimePast-ip-app-dev-cha": 120,
          "MedianAttributeTimePast-os-cha": 333,
          "MedianAttributeTimePast-ip-os-cha": 43,
          "MedianAttributeTimePast-app-os-cha": 462,
          "MedianAttributeTimePast-ip-app-os-cha": 54,
          "MedianAttributeTimePast-dev-os-cha": 365,
          "MedianAttributeTimePast-ip-dev-os-cha": 40,
          "MedianAttributeTimePast-app-dev-os-cha": 424,
          "MedianAttributeTimePast-ip-app-dev-os-cha": 44,
          "KomakiLDA5NoDevice-ip-app-0": 700,
          "KomakiLDA5NoDevice-ip-app-1": 599,
          "KomakiLDA5NoDevice-ip-app-2": 450,
          "KomakiLDA5NoDevice-ip-app-3": 395,
          "KomakiLDA5NoDevice-ip-app-4": 368,
          "KomakiLDA5NoDevice-ip-os-0": 382,
          "KomakiLDA5NoDevice-ip-os-1": 425,
          "KomakiLDA5NoDevice-ip-os-2": 399,
          "KomakiLDA5NoDevice-ip-os-3": 325,
          "KomakiLDA5NoDevice-ip-os-4": 248,
          "KomakiLDA5NoDevice-ip-channel-0": 332,
          "KomakiLDA5NoDevice-ip-channel-1": 517,
          "KomakiLDA5NoDevice-ip-channel-2": 488,
          "KomakiLDA5NoDevice-ip-channel-3": 508,
          "KomakiLDA5NoDevice-ip-channel-4": 514,
          "KomakiLDA5NoDevice-app-ip-0": 283,
          "KomakiLDA5NoDevice-app-ip-1": 157,
          "KomakiLDA5NoDevice-app-ip-2": 180,
          "KomakiLDA5NoDevice-app-ip-3": 208,
          "KomakiLDA5NoDevice-app-ip-4": 148,
          "KomakiLDA5NoDevice-app-os-0": 140,
          "KomakiLDA5NoDevice-app-os-1": 257,
          "KomakiLDA5NoDevice-app-os-2": 140,
          "KomakiLDA5NoDevice-app-os-3": 127,
          "KomakiLDA5NoDevice-app-os-4": 206,
          "KomakiLDA5NoDevice-app-channel-0": 170,
          "KomakiLDA5NoDevice-app-channel-1": 168,
          "KomakiLDA5NoDevice-app-channel-2": 170,
          "KomakiLDA5NoDevice-app-channel-3": 152,
          "KomakiLDA5NoDevice-app-channel-4": 117,
          "KomakiLDA5NoDevice-os-ip-0": 181,
          "KomakiLDA5NoDevice-os-ip-1": 146,
          "KomakiLDA5NoDevice-os-ip-2": 137,
          "KomakiLDA5NoDevice-os-ip-3": 142,
          "KomakiLDA5NoDevice-os-ip-4": 122,
          "KomakiLDA5NoDevice-os-app-0": 217,
          "KomakiLDA5NoDevice-os-app-1": 189,
          "KomakiLDA5NoDevice-os-app-2": 103,
          "KomakiLDA5NoDevice-os-app-3": 130,
          "KomakiLDA5NoDevice-os-app-4": 114,
          "KomakiLDA5NoDevice-os-channel-0": 198,
          "KomakiLDA5NoDevice-os-channel-1": 120,
          "KomakiLDA5NoDevice-os-channel-2": 142,
          "KomakiLDA5NoDevice-os-channel-3": 180,
          "KomakiLDA5NoDevice-os-channel-4": 118,
          "KomakiLDA5NoDevice-channel-ip-0": 126,
          "KomakiLDA5NoDevice-channel-ip-1": 158,
          "KomakiLDA5NoDevice-channel-ip-2": 185,
          "KomakiLDA5NoDevice-channel-ip-3": 153,
          "KomakiLDA5NoDevice-channel-ip-4": 220,
          "KomakiLDA5NoDevice-channel-app-0": 160,
          "KomakiLDA5NoDevice-channel-app-1": 125,
          "KomakiLDA5NoDevice-channel-app-2": 142,
          "KomakiLDA5NoDevice-channel-app-3": 138,
          "KomakiLDA5NoDevice-channel-app-4": 160,
          "KomakiLDA5NoDevice-channel-os-0": 148,
          "KomakiLDA5NoDevice-channel-os-1": 223,
          "KomakiLDA5NoDevice-channel-os-2": 158,
          "KomakiLDA5NoDevice-channel-os-3": 159,
          "KomakiLDA5NoDevice-channel-os-4": 145
        }
      }
    ],
    "average_train_auc": 0.9909945961078366,
    "average_valid_auc": 0.984086279106763,
    "train_auc_std": 6.116880094199927e-05,
    "valid_auc_std": 0.00010029684654220557,
    "average_train_time": 243.91264023780823
  },
  "config": {
    "features": [
      "ip",
      "os",
      "app",
      "channel",
      "hour",
      "count",
      "future_click_count_10",
      "future_click_count_80",
      "next_click_time_delta",
      "prev_click_time_delta",
      "average_attributed_ratio",
      "komaki_lda_5_no_device",
      "median_attribute_time_past"
    ],
    "model": {
      "name": "lightgbm",
      "model_params": {
        "boosting_type": "gbdt",
        "objective": "binary",
        "metric": "auc",
        "learning_rate": 0.03,
        "num_leaves": 255,
        "max_depth": 8,
        "min_child_samples": 10,
        "max_bin": 100,
        "subsample": 0.7,
        "subsample_freq": 1,
        "colsample_bytree": 0.7,
        "min_child_weight": 0,
        "subsample_for_bin": 200000,
        "min_split_gain": 0,
        "reg_alpha": 0,
        "reg_lambda": 0,
        "verbose": 0
      },
      "train_params": {
        "num_boost_round": 1000,
        "early_stopping_rounds": 30
      }
    },
    "dataset": {
      "input_directory": "data/input/",
      "cache_directory": "data/working/",
      "validation_ratio": 0.33333333333,
      "full_data_train": true,
      "files": {
        "train": "train.feather",
        "test": "old_test.feather"
      },
      "negative_down_sampling": {
        "enabled": true,
        "bagging_size": 5,
        "random_state": 114514
      }
    },
    "note": "Introduce Median Attribute Time Past"
  }
}