{
  "training": {
    "trials": [
      {
        "train_auc": 0.9948891158065614,
        "valid_auc": 0.9858156028368794,
        "best_iteration": 104,
        "train_time": 0.9881510734558105,
        "prediction_time": {
          "test": 0.25621986389160156
        },
        "feature_importance": {
          "ip": 0,
          "os": 2,
          "app": 8,
          "channel": 3,
          "hour": 13,
          "n_channels": 0,
          "ip_app_count": 0,
          "ip_app_os_count": 0,
          "FutureClickCount_600-ip": 0,
          "FutureClickCount_600-app": 3,
          "FutureClickCount_600-ip-app": 0,
          "FutureClickCount_600-dev": 1,
          "FutureClickCount_600-ip-dev": 0,
          "FutureClickCount_600-app-dev": 1,
          "FutureClickCount_600-ip-app-dev": 0,
          "FutureClickCount_600-os": 3,
          "FutureClickCount_600-ip-os": 0,
          "FutureClickCount_600-app-os": 2,
          "FutureClickCount_600-ip-app-os": 0,
          "FutureClickCount_600-dev-os": 0,
          "FutureClickCount_600-ip-dev-os": 0,
          "FutureClickCount_600-app-dev-os": 0,
          "FutureClickCount_600-ip-app-dev-os": 0,
          "FutureClickCount_600-cha": 0,
          "FutureClickCount_600-ip-cha": 0,
          "FutureClickCount_600-app-cha": 1,
          "FutureClickCount_600-ip-app-cha": 0,
          "FutureClickCount_600-dev-cha": 0,
          "FutureClickCount_600-ip-dev-cha": 0,
          "FutureClickCount_600-app-dev-cha": 0,
          "FutureClickCount_600-ip-app-dev-cha": 0,
          "FutureClickCount_600-os-cha": 0,
          "FutureClickCount_600-ip-os-cha": 0,
          "FutureClickCount_600-app-os-cha": 0,
          "FutureClickCount_600-ip-app-os-cha": 0,
          "FutureClickCount_600-dev-os-cha": 0,
          "FutureClickCount_600-ip-dev-os-cha": 0,
          "FutureClickCount_600-app-dev-os-cha": 0,
          "FutureClickCount_600-ip-app-dev-os-cha": 0,
          "FutureClickCount_4800-ip": 0,
          "FutureClickCount_4800-app": 3,
          "FutureClickCount_4800-ip-app": 0,
          "FutureClickCount_4800-dev": 2,
          "FutureClickCount_4800-ip-dev": 0,
          "FutureClickCount_4800-app-dev": 1,
          "FutureClickCount_4800-ip-app-dev": 0,
          "FutureClickCount_4800-os": 3,
          "FutureClickCount_4800-ip-os": 0,
          "FutureClickCount_4800-app-os": 1,
          "FutureClickCount_4800-ip-app-os": 0,
          "FutureClickCount_4800-dev-os": 4,
          "FutureClickCount_4800-ip-dev-os": 0,
          "FutureClickCount_4800-app-dev-os": 2,
          "FutureClickCount_4800-ip-app-dev-os": 0,
          "FutureClickCount_4800-cha": 10,
          "FutureClickCount_4800-ip-cha": 0,
          "FutureClickCount_4800-app-cha": 1,
          "FutureClickCount_4800-ip-app-cha": 0,
          "FutureClickCount_4800-dev-cha": 3,
          "FutureClickCount_4800-ip-dev-cha": 0,
          "FutureClickCount_4800-app-dev-cha": 0,
          "FutureClickCount_4800-ip-app-dev-cha": 0,
          "FutureClickCount_4800-os-cha": 1,
          "FutureClickCount_4800-ip-os-cha": 0,
          "FutureClickCount_4800-app-os-cha": 0,
          "FutureClickCount_4800-ip-app-os-cha": 0,
          "FutureClickCount_4800-dev-os-cha": 1,
          "FutureClickCount_4800-ip-dev-os-cha": 0,
          "FutureClickCount_4800-app-dev-os-cha": 1,
          "FutureClickCount_4800-ip-app-dev-os-cha": 0,
          "NextClickTimeDelta-ip": 0,
          "NextClickTimeDelta-app": 8,
          "NextClickTimeDelta-ip-app": 0,
          "NextClickTimeDelta-dev": 0,
          "NextClickTimeDelta-ip-dev": 1,
          "NextClickTimeDelta-app-dev": 1,
          "NextClickTimeDelta-ip-app-dev": 0,
          "NextClickTimeDelta-os": 1,
          "NextClickTimeDelta-ip-os": 0,
          "NextClickTimeDelta-app-os": 1,
          "NextClickTimeDelta-ip-app-os": 0,
          "NextClickTimeDelta-dev-os": 3,
          "NextClickTimeDelta-ip-dev-os": 0,
          "NextClickTimeDelta-app-dev-os": 3,
          "NextClickTimeDelta-ip-app-dev-os": 0,
          "NextClickTimeDelta-cha": 1,
          "NextClickTimeDelta-ip-cha": 0,
          "NextClickTimeDelta-app-cha": 7,
          "NextClickTimeDelta-ip-app-cha": 0,
          "NextClickTimeDelta-dev-cha": 3,
          "NextClickTimeDelta-ip-dev-cha": 0,
          "NextClickTimeDelta-app-dev-cha": 2,
          "NextClickTimeDelta-ip-app-dev-cha": 0,
          "NextClickTimeDelta-os-cha": 0,
          "NextClickTimeDelta-ip-os-cha": 0,
          "NextClickTimeDelta-app-os-cha": 0,
          "NextClickTimeDelta-ip-app-os-cha": 0,
          "NextClickTimeDelta-dev-os-cha": 2,
          "NextClickTimeDelta-ip-dev-os-cha": 0,
          "NextClickTimeDelta-app-dev-os-cha": 3,
          "NextClickTimeDelta-ip-app-dev-os-cha": 0,
          "PrevClickTimeDelta-ip": 5,
          "PrevClickTimeDelta-app": 1,
          "PrevClickTimeDelta-ip-app": 0,
          "PrevClickTimeDelta-dev": 3,
          "PrevClickTimeDelta-ip-dev": 0,
          "PrevClickTimeDelta-app-dev": 2,
          "PrevClickTimeDelta-ip-app-dev": 0,
          "PrevClickTimeDelta-os": 2,
          "PrevClickTimeDelta-ip-os": 0,
          "PrevClickTimeDelta-app-os": 4,
          "PrevClickTimeDelta-ip-app-os": 0,
          "PrevClickTimeDelta-dev-os": 1,
          "PrevClickTimeDelta-ip-dev-os": 0,
          "PrevClickTimeDelta-app-dev-os": 0,
          "PrevClickTimeDelta-ip-app-dev-os": 0,
          "PrevClickTimeDelta-cha": 11,
          "PrevClickTimeDelta-ip-cha": 0,
          "PrevClickTimeDelta-app-cha": 2,
          "PrevClickTimeDelta-ip-app-cha": 0,
          "PrevClickTimeDelta-dev-cha": 3,
          "PrevClickTimeDelta-ip-dev-cha": 0,
          "PrevClickTimeDelta-app-dev-cha": 5,
          "PrevClickTimeDelta-ip-app-dev-cha": 0,
          "PrevClickTimeDelta-os-cha": 2,
          "PrevClickTimeDelta-ip-os-cha": 0,
          "PrevClickTimeDelta-app-os-cha": 5,
          "PrevClickTimeDelta-ip-app-os-cha": 0,
          "PrevClickTimeDelta-dev-os-cha": 0,
          "PrevClickTimeDelta-ip-dev-os-cha": 0,
          "PrevClickTimeDelta-app-dev-os-cha": 2,
          "PrevClickTimeDelta-ip-app-dev-os-cha": 0,
          "AverageAttributedRatio-ip": 3,
          "AverageAttributedRatio-app": 3,
          "AverageAttributedRatio-ip-app": 0,
          "AverageAttributedRatio-dev": 0,
          "AverageAttributedRatio-ip-dev": 0,
          "AverageAttributedRatio-app-dev": 16,
          "AverageAttributedRatio-ip-app-dev": 0,
          "AverageAttributedRatio-os": 2,
          "AverageAttributedRatio-ip-os": 0,
          "AverageAttributedRatio-app-os": 0,
          "AverageAttributedRatio-ip-app-os": 0,
          "AverageAttributedRatio-dev-os": 2,
          "AverageAttributedRatio-ip-dev-os": 0,
          "AverageAttributedRatio-app-dev-os": 0,
          "AverageAttributedRatio-ip-app-dev-os": 0,
          "AverageAttributedRatio-cha": 2,
          "AverageAttributedRatio-ip-cha": 0,
          "AverageAttributedRatio-app-cha": 1,
          "AverageAttributedRatio-ip-app-cha": 0,
          "AverageAttributedRatio-dev-cha": 0,
          "AverageAttributedRatio-ip-dev-cha": 0,
          "AverageAttributedRatio-app-dev-cha": 1,
          "AverageAttributedRatio-ip-app-dev-cha": 0,
          "AverageAttributedRatio-os-cha": 0,
          "AverageAttributedRatio-ip-os-cha": 0,
          "AverageAttributedRatio-app-os-cha": 0,
          "AverageAttributedRatio-ip-app-os-cha": 0,
          "AverageAttributedRatio-dev-os-cha": 0,
          "AverageAttributedRatio-ip-dev-os-cha": 0,
          "AverageAttributedRatio-app-dev-os-cha": 1,
          "AverageAttributedRatio-ip-app-dev-os-cha": 0,
          "KomakiPCA5-ip-app-0": 7,
          "KomakiPCA5-ip-app-1": 2,
          "KomakiPCA5-ip-app-2": 12,
          "KomakiPCA5-ip-app-3": 3,
          "KomakiPCA5-ip-app-4": 2,
          "KomakiPCA5-ip-os-0": 4,
          "KomakiPCA5-ip-os-1": 7,
          "KomakiPCA5-ip-os-2": 6,
          "KomakiPCA5-ip-os-3": 2,
          "KomakiPCA5-ip-os-4": 4,
          "KomakiPCA5-ip-device-0": 0,
          "KomakiPCA5-ip-device-1": 0,
          "KomakiPCA5-ip-device-2": 0,
          "KomakiPCA5-ip-device-3": 0,
          "KomakiPCA5-ip-device-4": 0,
          "KomakiPCA5-ip-channel-0": 9,
          "KomakiPCA5-ip-channel-1": 8,
          "KomakiPCA5-ip-channel-2": 1,
          "KomakiPCA5-ip-channel-3": 5,
          "KomakiPCA5-ip-channel-4": 13,
          "KomakiPCA5-app-ip-0": 0,
          "KomakiPCA5-app-ip-1": 0,
          "KomakiPCA5-app-ip-2": 2,
          "KomakiPCA5-app-ip-3": 1,
          "KomakiPCA5-app-ip-4": 5,
          "KomakiPCA5-app-os-0": 8,
          "KomakiPCA5-app-os-1": 3,
          "KomakiPCA5-app-os-2": 1,
          "KomakiPCA5-app-os-3": 0,
          "KomakiPCA5-app-os-4": 2,
          "KomakiPCA5-app-device-0": 0,
          "KomakiPCA5-app-device-1": 1,
          "KomakiPCA5-app-device-2": 0,
          "KomakiPCA5-app-device-3": 0,
          "KomakiPCA5-app-device-4": 3,
          "KomakiPCA5-app-channel-0": 0,
          "KomakiPCA5-app-channel-1": 6,
          "KomakiPCA5-app-channel-2": 3,
          "KomakiPCA5-app-channel-3": 1,
          "KomakiPCA5-app-channel-4": 7,
          "KomakiPCA5-os-ip-0": 1,
          "KomakiPCA5-os-ip-1": 2,
          "KomakiPCA5-os-ip-2": 1,
          "KomakiPCA5-os-ip-3": 0,
          "KomakiPCA5-os-ip-4": 2,
          "KomakiPCA5-os-app-0": 0,
          "KomakiPCA5-os-app-1": 0,
          "KomakiPCA5-os-app-2": 0,
          "KomakiPCA5-os-app-3": 0,
          "KomakiPCA5-os-app-4": 3,
          "KomakiPCA5-os-device-0": 0,
          "KomakiPCA5-os-device-1": 0,
          "KomakiPCA5-os-device-2": 0,
          "KomakiPCA5-os-device-3": 0,
          "KomakiPCA5-os-device-4": 0,
          "KomakiPCA5-os-channel-0": 4,
          "KomakiPCA5-os-channel-1": 0,
          "KomakiPCA5-os-channel-2": 3,
          "KomakiPCA5-os-channel-3": 1,
          "KomakiPCA5-os-channel-4": 1,
          "KomakiPCA5-device-ip-0": 0,
          "KomakiPCA5-device-ip-1": 0,
          "KomakiPCA5-device-ip-2": 0,
          "KomakiPCA5-device-ip-3": 0,
          "KomakiPCA5-device-ip-4": 0,
          "KomakiPCA5-device-app-0": 0,
          "KomakiPCA5-device-app-1": 0,
          "KomakiPCA5-device-app-2": 0,
          "KomakiPCA5-device-app-3": 0,
          "KomakiPCA5-device-app-4": 0,
          "KomakiPCA5-device-os-0": 0,
          "KomakiPCA5-device-os-1": 0,
          "KomakiPCA5-device-os-2": 0,
          "KomakiPCA5-device-os-3": 0,
          "KomakiPCA5-device-os-4": 0,
          "KomakiPCA5-device-channel-0": 0,
          "KomakiPCA5-device-channel-1": 0,
          "KomakiPCA5-device-channel-2": 0,
          "KomakiPCA5-device-channel-3": 0,
          "KomakiPCA5-device-channel-4": 0,
          "KomakiPCA5-channel-ip-0": 0,
          "KomakiPCA5-channel-ip-1": 5,
          "KomakiPCA5-channel-ip-2": 5,
          "KomakiPCA5-channel-ip-3": 6,
          "KomakiPCA5-channel-ip-4": 1,
          "KomakiPCA5-channel-app-0": 4,
          "KomakiPCA5-channel-app-1": 1,
          "KomakiPCA5-channel-app-2": 1,
          "KomakiPCA5-channel-app-3": 0,
          "KomakiPCA5-channel-app-4": 2,
          "KomakiPCA5-channel-os-0": 9,
          "KomakiPCA5-channel-os-1": 4,
          "KomakiPCA5-channel-os-2": 3,
          "KomakiPCA5-channel-os-3": 3,
          "KomakiPCA5-channel-os-4": 1,
          "KomakiPCA5-channel-device-0": 0,
          "KomakiPCA5-channel-device-1": 2,
          "KomakiPCA5-channel-device-2": 1,
          "KomakiPCA5-channel-device-3": 0,
          "KomakiPCA5-channel-device-4": 5
        }
      },
      {
        "train_auc": 0.9891411958827689,
        "valid_auc": 0.9833119383825417,
        "best_iteration": 81,
        "train_time": 1.0906751155853271,
        "prediction_time": {
          "test": 0.23677682876586914
        },
        "feature_importance": {
          "ip": 0,
          "os": 0,
          "app": 3,
          "channel": 0,
          "hour": 10,
          "n_channels": 0,
          "ip_app_count": 2,
          "ip_app_os_count": 0,
          "FutureClickCount_600-ip": 0,
          "FutureClickCount_600-app": 4,
          "FutureClickCount_600-ip-app": 0,
          "FutureClickCount_600-dev": 0,
          "FutureClickCount_600-ip-dev": 0,
          "FutureClickCount_600-app-dev": 0,
          "FutureClickCount_600-ip-app-dev": 0,
          "FutureClickCount_600-os": 0,
          "FutureClickCount_600-ip-os": 0,
          "FutureClickCount_600-app-os": 0,
          "FutureClickCount_600-ip-app-os": 0,
          "FutureClickCount_600-dev-os": 1,
          "FutureClickCount_600-ip-dev-os": 0,
          "FutureClickCount_600-app-dev-os": 0,
          "FutureClickCount_600-ip-app-dev-os": 0,
          "FutureClickCount_600-cha": 1,
          "FutureClickCount_600-ip-cha": 0,
          "FutureClickCount_600-app-cha": 1,
          "FutureClickCount_600-ip-app-cha": 0,
          "FutureClickCount_600-dev-cha": 2,
          "FutureClickCount_600-ip-dev-cha": 0,
          "FutureClickCount_600-app-dev-cha": 1,
          "FutureClickCount_600-ip-app-dev-cha": 0,
          "FutureClickCount_600-os-cha": 0,
          "FutureClickCount_600-ip-os-cha": 0,
          "FutureClickCount_600-app-os-cha": 0,
          "FutureClickCount_600-ip-app-os-cha": 0,
          "FutureClickCount_600-dev-os-cha": 0,
          "FutureClickCount_600-ip-dev-os-cha": 0,
          "FutureClickCount_600-app-dev-os-cha": 0,
          "FutureClickCount_600-ip-app-dev-os-cha": 0,
          "FutureClickCount_4800-ip": 0,
          "FutureClickCount_4800-app": 3,
          "FutureClickCount_4800-ip-app": 0,
          "FutureClickCount_4800-dev": 4,
          "FutureClickCount_4800-ip-dev": 0,
          "FutureClickCount_4800-app-dev": 0,
          "FutureClickCount_4800-ip-app-dev": 0,
          "FutureClickCount_4800-os": 0,
          "FutureClickCount_4800-ip-os": 0,
          "FutureClickCount_4800-app-os": 2,
          "FutureClickCount_4800-ip-app-os": 0,
          "FutureClickCount_4800-dev-os": 2,
          "FutureClickCount_4800-ip-dev-os": 0,
          "FutureClickCount_4800-app-dev-os": 2,
          "FutureClickCount_4800-ip-app-dev-os": 0,
          "FutureClickCount_4800-cha": 2,
          "FutureClickCount_4800-ip-cha": 0,
          "FutureClickCount_4800-app-cha": 3,
          "FutureClickCount_4800-ip-app-cha": 0,
          "FutureClickCount_4800-dev-cha": 4,
          "FutureClickCount_4800-ip-dev-cha": 0,
          "FutureClickCount_4800-app-dev-cha": 1,
          "FutureClickCount_4800-ip-app-dev-cha": 0,
          "FutureClickCount_4800-os-cha": 2,
          "FutureClickCount_4800-ip-os-cha": 0,
          "FutureClickCount_4800-app-os-cha": 1,
          "FutureClickCount_4800-ip-app-os-cha": 0,
          "FutureClickCount_4800-dev-os-cha": 2,
          "FutureClickCount_4800-ip-dev-os-cha": 0,
          "FutureClickCount_4800-app-dev-os-cha": 0,
          "FutureClickCount_4800-ip-app-dev-os-cha": 0,
          "NextClickTimeDelta-ip": 1,
          "NextClickTimeDelta-app": 1,
          "NextClickTimeDelta-ip-app": 0,
          "NextClickTimeDelta-dev": 0,
          "NextClickTimeDelta-ip-dev": 0,
          "NextClickTimeDelta-app-dev": 1,
          "NextClickTimeDelta-ip-app-dev": 0,
          "NextClickTimeDelta-os": 1,
          "NextClickTimeDelta-ip-os": 1,
          "NextClickTimeDelta-app-os": 1,
          "NextClickTimeDelta-ip-app-os": 0,
          "NextClickTimeDelta-dev-os": 0,
          "NextClickTimeDelta-ip-dev-os": 0,
          "NextClickTimeDelta-app-dev-os": 2,
          "NextClickTimeDelta-ip-app-dev-os": 0,
          "NextClickTimeDelta-cha": 6,
          "NextClickTimeDelta-ip-cha": 0,
          "NextClickTimeDelta-app-cha": 4,
          "NextClickTimeDelta-ip-app-cha": 0,
          "NextClickTimeDelta-dev-cha": 2,
          "NextClickTimeDelta-ip-dev-cha": 0,
          "NextClickTimeDelta-app-dev-cha": 2,
          "NextClickTimeDelta-ip-app-dev-cha": 0,
          "NextClickTimeDelta-os-cha": 0,
          "NextClickTimeDelta-ip-os-cha": 0,
          "NextClickTimeDelta-app-os-cha": 1,
          "NextClickTimeDelta-ip-app-os-cha": 0,
          "NextClickTimeDelta-dev-os-cha": 0,
          "NextClickTimeDelta-ip-dev-os-cha": 0,
          "NextClickTimeDelta-app-dev-os-cha": 0,
          "NextClickTimeDelta-ip-app-dev-os-cha": 0,
          "PrevClickTimeDelta-ip": 4,
          "PrevClickTimeDelta-app": 1,
          "PrevClickTimeDelta-ip-app": 0,
          "PrevClickTimeDelta-dev": 0,
          "PrevClickTimeDelta-ip-dev": 0,
          "PrevClickTimeDelta-app-dev": 1,
          "PrevClickTimeDelta-ip-app-dev": 0,
          "PrevClickTimeDelta-os": 2,
          "PrevClickTimeDelta-ip-os": 0,
          "PrevClickTimeDelta-app-os": 0,
          "PrevClickTimeDelta-ip-app-os": 0,
          "PrevClickTimeDelta-dev-os": 1,
          "PrevClickTimeDelta-ip-dev-os": 0,
          "PrevClickTimeDelta-app-dev-os": 0,
          "PrevClickTimeDelta-ip-app-dev-os": 0,
          "PrevClickTimeDelta-cha": 8,
          "PrevClickTimeDelta-ip-cha": 0,
          "PrevClickTimeDelta-app-cha": 2,
          "PrevClickTimeDelta-ip-app-cha": 0,
          "PrevClickTimeDelta-dev-cha": 6,
          "PrevClickTimeDelta-ip-dev-cha": 0,
          "PrevClickTimeDelta-app-dev-cha": 1,
          "PrevClickTimeDelta-ip-app-dev-cha": 0,
          "PrevClickTimeDelta-os-cha": 3,
          "PrevClickTimeDelta-ip-os-cha": 0,
          "PrevClickTimeDelta-app-os-cha": 3,
          "PrevClickTimeDelta-ip-app-os-cha": 0,
          "PrevClickTimeDelta-dev-os-cha": 1,
          "PrevClickTimeDelta-ip-dev-os-cha": 0,
          "PrevClickTimeDelta-app-dev-os-cha": 1,
          "PrevClickTimeDelta-ip-app-dev-os-cha": 0,
          "AverageAttributedRatio-ip": 0,
          "AverageAttributedRatio-app": 2,
          "AverageAttributedRatio-ip-app": 0,
          "AverageAttributedRatio-dev": 2,
          "AverageAttributedRatio-ip-dev": 0,
          "AverageAttributedRatio-app-dev": 8,
          "AverageAttributedRatio-ip-app-dev": 0,
          "AverageAttributedRatio-os": 0,
          "AverageAttributedRatio-ip-os": 0,
          "AverageAttributedRatio-app-os": 3,
          "AverageAttributedRatio-ip-app-os": 0,
          "AverageAttributedRatio-dev-os": 0,
          "AverageAttributedRatio-ip-dev-os": 0,
          "AverageAttributedRatio-app-dev-os": 0,
          "AverageAttributedRatio-ip-app-dev-os": 0,
          "AverageAttributedRatio-cha": 0,
          "AverageAttributedRatio-ip-cha": 0,
          "AverageAttributedRatio-app-cha": 5,
          "AverageAttributedRatio-ip-app-cha": 0,
          "AverageAttributedRatio-dev-cha": 0,
          "AverageAttributedRatio-ip-dev-cha": 0,
          "AverageAttributedRatio-app-dev-cha": 0,
          "AverageAttributedRatio-ip-app-dev-cha": 0,
          "AverageAttributedRatio-os-cha": 0,
          "AverageAttributedRatio-ip-os-cha": 0,
          "AverageAttributedRatio-app-os-cha": 2,
          "AverageAttributedRatio-ip-app-os-cha": 0,
          "AverageAttributedRatio-dev-os-cha": 0,
          "AverageAttributedRatio-ip-dev-os-cha": 0,
          "AverageAttributedRatio-app-dev-os-cha": 0,
          "AverageAttributedRatio-ip-app-dev-os-cha": 0,
          "KomakiPCA5-ip-app-0": 11,
          "KomakiPCA5-ip-app-1": 1,
          "KomakiPCA5-ip-app-2": 3,
          "KomakiPCA5-ip-app-3": 3,
          "KomakiPCA5-ip-app-4": 8,
          "KomakiPCA5-ip-os-0": 6,
          "KomakiPCA5-ip-os-1": 2,
          "KomakiPCA5-ip-os-2": 6,
          "KomakiPCA5-ip-os-3": 7,
          "KomakiPCA5-ip-os-4": 1,
          "KomakiPCA5-ip-device-0": 0,
          "KomakiPCA5-ip-device-1": 0,
          "KomakiPCA5-ip-device-2": 0,
          "KomakiPCA5-ip-device-3": 0,
          "KomakiPCA5-ip-device-4": 0,
          "KomakiPCA5-ip-channel-0": 8,
          "KomakiPCA5-ip-channel-1": 6,
          "KomakiPCA5-ip-channel-2": 0,
          "KomakiPCA5-ip-channel-3": 2,
          "KomakiPCA5-ip-channel-4": 11,
          "KomakiPCA5-app-ip-0": 2,
          "KomakiPCA5-app-ip-1": 0,
          "KomakiPCA5-app-ip-2": 2,
          "KomakiPCA5-app-ip-3": 1,
          "KomakiPCA5-app-ip-4": 1,
          "KomakiPCA5-app-os-0": 8,
          "KomakiPCA5-app-os-1": 5,
          "KomakiPCA5-app-os-2": 0,
          "KomakiPCA5-app-os-3": 4,
          "KomakiPCA5-app-os-4": 0,
          "KomakiPCA5-app-device-0": 1,
          "KomakiPCA5-app-device-1": 0,
          "KomakiPCA5-app-device-2": 0,
          "KomakiPCA5-app-device-3": 0,
          "KomakiPCA5-app-device-4": 2,
          "KomakiPCA5-app-channel-0": 1,
          "KomakiPCA5-app-channel-1": 4,
          "KomakiPCA5-app-channel-2": 3,
          "KomakiPCA5-app-channel-3": 1,
          "KomakiPCA5-app-channel-4": 3,
          "KomakiPCA5-os-ip-0": 1,
          "KomakiPCA5-os-ip-1": 2,
          "KomakiPCA5-os-ip-2": 2,
          "KomakiPCA5-os-ip-3": 1,
          "KomakiPCA5-os-ip-4": 0,
          "KomakiPCA5-os-app-0": 1,
          "KomakiPCA5-os-app-1": 1,
          "KomakiPCA5-os-app-2": 0,
          "KomakiPCA5-os-app-3": 1,
          "KomakiPCA5-os-app-4": 6,
          "KomakiPCA5-os-device-0": 0,
          "KomakiPCA5-os-device-1": 0,
          "KomakiPCA5-os-device-2": 0,
          "KomakiPCA5-os-device-3": 0,
          "KomakiPCA5-os-device-4": 0,
          "KomakiPCA5-os-channel-0": 4,
          "KomakiPCA5-os-channel-1": 2,
          "KomakiPCA5-os-channel-2": 1,
          "KomakiPCA5-os-channel-3": 0,
          "KomakiPCA5-os-channel-4": 0,
          "KomakiPCA5-device-ip-0": 0,
          "KomakiPCA5-device-ip-1": 0,
          "KomakiPCA5-device-ip-2": 0,
          "KomakiPCA5-device-ip-3": 0,
          "KomakiPCA5-device-ip-4": 0,
          "KomakiPCA5-device-app-0": 0,
          "KomakiPCA5-device-app-1": 0,
          "KomakiPCA5-device-app-2": 0,
          "KomakiPCA5-device-app-3": 0,
          "KomakiPCA5-device-app-4": 0,
          "KomakiPCA5-device-os-0": 0,
          "KomakiPCA5-device-os-1": 0,
          "KomakiPCA5-device-os-2": 0,
          "KomakiPCA5-device-os-3": 0,
          "KomakiPCA5-device-os-4": 0,
          "KomakiPCA5-device-channel-0": 0,
          "KomakiPCA5-device-channel-1": 0,
          "KomakiPCA5-device-channel-2": 0,
          "KomakiPCA5-device-channel-3": 0,
          "KomakiPCA5-device-channel-4": 0,
          "KomakiPCA5-channel-ip-0": 0,
          "KomakiPCA5-channel-ip-1": 1,
          "KomakiPCA5-channel-ip-2": 2,
          "KomakiPCA5-channel-ip-3": 4,
          "KomakiPCA5-channel-ip-4": 0,
          "KomakiPCA5-channel-app-0": 0,
          "KomakiPCA5-channel-app-1": 1,
          "KomakiPCA5-channel-app-2": 1,
          "KomakiPCA5-channel-app-3": 1,
          "KomakiPCA5-channel-app-4": 5,
          "KomakiPCA5-channel-os-0": 7,
          "KomakiPCA5-channel-os-1": 1,
          "KomakiPCA5-channel-os-2": 0,
          "KomakiPCA5-channel-os-3": 3,
          "KomakiPCA5-channel-os-4": 1,
          "KomakiPCA5-channel-device-0": 1,
          "KomakiPCA5-channel-device-1": 0,
          "KomakiPCA5-channel-device-2": 0,
          "KomakiPCA5-channel-device-3": 0,
          "KomakiPCA5-channel-device-4": 3
        }
      },
      {
        "train_auc": 0.9992354139500296,
        "valid_auc": 0.9874213836477987,
        "best_iteration": 163,
        "train_time": 1.2857379913330078,
        "prediction_time": {
          "test": 0.34763169288635254
        },
        "feature_importance": {
          "ip": 0,
          "os": 1,
          "app": 10,
          "channel": 1,
          "hour": 15,
          "n_channels": 0,
          "ip_app_count": 9,
          "ip_app_os_count": 0,
          "FutureClickCount_600-ip": 0,
          "FutureClickCount_600-app": 2,
          "FutureClickCount_600-ip-app": 0,
          "FutureClickCount_600-dev": 2,
          "FutureClickCount_600-ip-dev": 0,
          "FutureClickCount_600-app-dev": 1,
          "FutureClickCount_600-ip-app-dev": 0,
          "FutureClickCount_600-os": 1,
          "FutureClickCount_600-ip-os": 0,
          "FutureClickCount_600-app-os": 0,
          "FutureClickCount_600-ip-app-os": 0,
          "FutureClickCount_600-dev-os": 3,
          "FutureClickCount_600-ip-dev-os": 0,
          "FutureClickCount_600-app-dev-os": 1,
          "FutureClickCount_600-ip-app-dev-os": 0,
          "FutureClickCount_600-cha": 1,
          "FutureClickCount_600-ip-cha": 0,
          "FutureClickCount_600-app-cha": 1,
          "FutureClickCount_600-ip-app-cha": 0,
          "FutureClickCount_600-dev-cha": 2,
          "FutureClickCount_600-ip-dev-cha": 0,
          "FutureClickCount_600-app-dev-cha": 0,
          "FutureClickCount_600-ip-app-dev-cha": 0,
          "FutureClickCount_600-os-cha": 0,
          "FutureClickCount_600-ip-os-cha": 0,
          "FutureClickCount_600-app-os-cha": 0,
          "FutureClickCount_600-ip-app-os-cha": 0,
          "FutureClickCount_600-dev-os-cha": 0,
          "FutureClickCount_600-ip-dev-os-cha": 0,
          "FutureClickCount_600-app-dev-os-cha": 0,
          "FutureClickCount_600-ip-app-dev-os-cha": 0,
          "FutureClickCount_4800-ip": 0,
          "FutureClickCount_4800-app": 3,
          "FutureClickCount_4800-ip-app": 0,
          "FutureClickCount_4800-dev": 5,
          "FutureClickCount_4800-ip-dev": 0,
          "FutureClickCount_4800-app-dev": 1,
          "FutureClickCount_4800-ip-app-dev": 0,
          "FutureClickCount_4800-os": 2,
          "FutureClickCount_4800-ip-os": 0,
          "FutureClickCount_4800-app-os": 1,
          "FutureClickCount_4800-ip-app-os": 0,
          "FutureClickCount_4800-dev-os": 5,
          "FutureClickCount_4800-ip-dev-os": 0,
          "FutureClickCount_4800-app-dev-os": 3,
          "FutureClickCount_4800-ip-app-dev-os": 0,
          "FutureClickCount_4800-cha": 10,
          "FutureClickCount_4800-ip-cha": 0,
          "FutureClickCount_4800-app-cha": 6,
          "FutureClickCount_4800-ip-app-cha": 0,
          "FutureClickCount_4800-dev-cha": 2,
          "FutureClickCount_4800-ip-dev-cha": 0,
          "FutureClickCount_4800-app-dev-cha": 1,
          "FutureClickCount_4800-ip-app-dev-cha": 0,
          "FutureClickCount_4800-os-cha": 4,
          "FutureClickCount_4800-ip-os-cha": 0,
          "FutureClickCount_4800-app-os-cha": 0,
          "FutureClickCount_4800-ip-app-os-cha": 0,
          "FutureClickCount_4800-dev-os-cha": 0,
          "FutureClickCount_4800-ip-dev-os-cha": 0,
          "FutureClickCount_4800-app-dev-os-cha": 3,
          "FutureClickCount_4800-ip-app-dev-os-cha": 0,
          "NextClickTimeDelta-ip": 8,
          "NextClickTimeDelta-app": 8,
          "NextClickTimeDelta-ip-app": 0,
          "NextClickTimeDelta-dev": 3,
          "NextClickTimeDelta-ip-dev": 4,
          "NextClickTimeDelta-app-dev": 4,
          "NextClickTimeDelta-ip-app-dev": 0,
          "NextClickTimeDelta-os": 4,
          "NextClickTimeDelta-ip-os": 0,
          "NextClickTimeDelta-app-os": 1,
          "NextClickTimeDelta-ip-app-os": 0,
          "NextClickTimeDelta-dev-os": 2,
          "NextClickTimeDelta-ip-dev-os": 1,
          "NextClickTimeDelta-app-dev-os": 3,
          "NextClickTimeDelta-ip-app-dev-os": 0,
          "NextClickTimeDelta-cha": 2,
          "NextClickTimeDelta-ip-cha": 0,
          "NextClickTimeDelta-app-cha": 14,
          "NextClickTimeDelta-ip-app-cha": 0,
          "NextClickTimeDelta-dev-cha": 14,
          "NextClickTimeDelta-ip-dev-cha": 0,
          "NextClickTimeDelta-app-dev-cha": 6,
          "NextClickTimeDelta-ip-app-dev-cha": 0,
          "NextClickTimeDelta-os-cha": 1,
          "NextClickTimeDelta-ip-os-cha": 0,
          "NextClickTimeDelta-app-os-cha": 2,
          "NextClickTimeDelta-ip-app-os-cha": 0,
          "NextClickTimeDelta-dev-os-cha": 3,
          "NextClickTimeDelta-ip-dev-os-cha": 0,
          "NextClickTimeDelta-app-dev-os-cha": 2,
          "NextClickTimeDelta-ip-app-dev-os-cha": 0,
          "PrevClickTimeDelta-ip": 8,
          "PrevClickTimeDelta-app": 8,
          "PrevClickTimeDelta-ip-app": 0,
          "PrevClickTimeDelta-dev": 2,
          "PrevClickTimeDelta-ip-dev": 5,
          "PrevClickTimeDelta-app-dev": 2,
          "PrevClickTimeDelta-ip-app-dev": 0,
          "PrevClickTimeDelta-os": 4,
          "PrevClickTimeDelta-ip-os": 0,
          "PrevClickTimeDelta-app-os": 6,
          "PrevClickTimeDelta-ip-app-os": 0,
          "PrevClickTimeDelta-dev-os": 2,
          "PrevClickTimeDelta-ip-dev-os": 0,
          "PrevClickTimeDelta-app-dev-os": 2,
          "PrevClickTimeDelta-ip-app-dev-os": 0,
          "PrevClickTimeDelta-cha": 9,
          "PrevClickTimeDelta-ip-cha": 0,
          "PrevClickTimeDelta-app-cha": 4,
          "PrevClickTimeDelta-ip-app-cha": 0,
          "PrevClickTimeDelta-dev-cha": 16,
          "PrevClickTimeDelta-ip-dev-cha": 0,
          "PrevClickTimeDelta-app-dev-cha": 4,
          "PrevClickTimeDelta-ip-app-dev-cha": 0,
          "PrevClickTimeDelta-os-cha": 3,
          "PrevClickTimeDelta-ip-os-cha": 0,
          "PrevClickTimeDelta-app-os-cha": 9,
          "PrevClickTimeDelta-ip-app-os-cha": 0,
          "PrevClickTimeDelta-dev-os-cha": 2,
          "PrevClickTimeDelta-ip-dev-os-cha": 0,
          "PrevClickTimeDelta-app-dev-os-cha": 4,
          "PrevClickTimeDelta-ip-app-dev-os-cha": 0,
          "AverageAttributedRatio-ip": 4,
          "AverageAttributedRatio-app": 11,
          "AverageAttributedRatio-ip-app": 0,
          "AverageAttributedRatio-dev": 3,
          "AverageAttributedRatio-ip-dev": 0,
          "AverageAttributedRatio-app-dev": 12,
          "AverageAttributedRatio-ip-app-dev": 0,
          "AverageAttributedRatio-os": 6,
          "AverageAttributedRatio-ip-os": 0,
          "AverageAttributedRatio-app-os": 4,
          "AverageAttributedRatio-ip-app-os": 0,
          "AverageAttributedRatio-dev-os": 0,
          "AverageAttributedRatio-ip-dev-os": 0,
          "AverageAttributedRatio-app-dev-os": 3,
          "AverageAttributedRatio-ip-app-dev-os": 0,
          "AverageAttributedRatio-cha": 7,
          "AverageAttributedRatio-ip-cha": 0,
          "AverageAttributedRatio-app-cha": 3,
          "AverageAttributedRatio-ip-app-cha": 0,
          "AverageAttributedRatio-dev-cha": 3,
          "AverageAttributedRatio-ip-dev-cha": 0,
          "AverageAttributedRatio-app-dev-cha": 2,
          "AverageAttributedRatio-ip-app-dev-cha": 0,
          "AverageAttributedRatio-os-cha": 0,
          "AverageAttributedRatio-ip-os-cha": 0,
          "AverageAttributedRatio-app-os-cha": 0,
          "AverageAttributedRatio-ip-app-os-cha": 0,
          "AverageAttributedRatio-dev-os-cha": 0,
          "AverageAttributedRatio-ip-dev-os-cha": 0,
          "AverageAttributedRatio-app-dev-os-cha": 0,
          "AverageAttributedRatio-ip-app-dev-os-cha": 0,
          "KomakiPCA5-ip-app-0": 12,
          "KomakiPCA5-ip-app-1": 8,
          "KomakiPCA5-ip-app-2": 12,
          "KomakiPCA5-ip-app-3": 4,
          "KomakiPCA5-ip-app-4": 10,
          "KomakiPCA5-ip-os-0": 8,
          "KomakiPCA5-ip-os-1": 5,
          "KomakiPCA5-ip-os-2": 5,
          "KomakiPCA5-ip-os-3": 6,
          "KomakiPCA5-ip-os-4": 1,
          "KomakiPCA5-ip-device-0": 0,
          "KomakiPCA5-ip-device-1": 0,
          "KomakiPCA5-ip-device-2": 0,
          "KomakiPCA5-ip-device-3": 0,
          "KomakiPCA5-ip-device-4": 0,
          "KomakiPCA5-ip-channel-0": 5,
          "KomakiPCA5-ip-channel-1": 16,
          "KomakiPCA5-ip-channel-2": 9,
          "KomakiPCA5-ip-channel-3": 7,
          "KomakiPCA5-ip-channel-4": 19,
          "KomakiPCA5-app-ip-0": 0,
          "KomakiPCA5-app-ip-1": 0,
          "KomakiPCA5-app-ip-2": 5,
          "KomakiPCA5-app-ip-3": 5,
          "KomakiPCA5-app-ip-4": 4,
          "KomakiPCA5-app-os-0": 10,
          "KomakiPCA5-app-os-1": 4,
          "KomakiPCA5-app-os-2": 2,
          "KomakiPCA5-app-os-3": 1,
          "KomakiPCA5-app-os-4": 2,
          "KomakiPCA5-app-device-0": 0,
          "KomakiPCA5-app-device-1": 1,
          "KomakiPCA5-app-device-2": 0,
          "KomakiPCA5-app-device-3": 2,
          "KomakiPCA5-app-device-4": 0,
          "KomakiPCA5-app-channel-0": 1,
          "KomakiPCA5-app-channel-1": 3,
          "KomakiPCA5-app-channel-2": 2,
          "KomakiPCA5-app-channel-3": 0,
          "KomakiPCA5-app-channel-4": 9,
          "KomakiPCA5-os-ip-0": 1,
          "KomakiPCA5-os-ip-1": 7,
          "KomakiPCA5-os-ip-2": 2,
          "KomakiPCA5-os-ip-3": 3,
          "KomakiPCA5-os-ip-4": 2,
          "KomakiPCA5-os-app-0": 0,
          "KomakiPCA5-os-app-1": 4,
          "KomakiPCA5-os-app-2": 1,
          "KomakiPCA5-os-app-3": 3,
          "KomakiPCA5-os-app-4": 3,
          "KomakiPCA5-os-device-0": 2,
          "KomakiPCA5-os-device-1": 0,
          "KomakiPCA5-os-device-2": 1,
          "KomakiPCA5-os-device-3": 0,
          "KomakiPCA5-os-device-4": 0,
          "KomakiPCA5-os-channel-0": 2,
          "KomakiPCA5-os-channel-1": 0,
          "KomakiPCA5-os-channel-2": 5,
          "KomakiPCA5-os-channel-3": 0,
          "KomakiPCA5-os-channel-4": 3,
          "KomakiPCA5-device-ip-0": 0,
          "KomakiPCA5-device-ip-1": 0,
          "KomakiPCA5-device-ip-2": 0,
          "KomakiPCA5-device-ip-3": 0,
          "KomakiPCA5-device-ip-4": 0,
          "KomakiPCA5-device-app-0": 0,
          "KomakiPCA5-device-app-1": 0,
          "KomakiPCA5-device-app-2": 0,
          "KomakiPCA5-device-app-3": 0,
          "KomakiPCA5-device-app-4": 0,
          "KomakiPCA5-device-os-0": 0,
          "KomakiPCA5-device-os-1": 0,
          "KomakiPCA5-device-os-2": 0,
          "KomakiPCA5-device-os-3": 0,
          "KomakiPCA5-device-os-4": 0,
          "KomakiPCA5-device-channel-0": 0,
          "KomakiPCA5-device-channel-1": 0,
          "KomakiPCA5-device-channel-2": 0,
          "KomakiPCA5-device-channel-3": 0,
          "KomakiPCA5-device-channel-4": 0,
          "KomakiPCA5-channel-ip-0": 2,
          "KomakiPCA5-channel-ip-1": 5,
          "KomakiPCA5-channel-ip-2": 6,
          "KomakiPCA5-channel-ip-3": 11,
          "KomakiPCA5-channel-ip-4": 3,
          "KomakiPCA5-channel-app-0": 2,
          "KomakiPCA5-channel-app-1": 2,
          "KomakiPCA5-channel-app-2": 2,
          "KomakiPCA5-channel-app-3": 1,
          "KomakiPCA5-channel-app-4": 2,
          "KomakiPCA5-channel-os-0": 8,
          "KomakiPCA5-channel-os-1": 0,
          "KomakiPCA5-channel-os-2": 2,
          "KomakiPCA5-channel-os-3": 3,
          "KomakiPCA5-channel-os-4": 5,
          "KomakiPCA5-channel-device-0": 1,
          "KomakiPCA5-channel-device-1": 2,
          "KomakiPCA5-channel-device-2": 1,
          "KomakiPCA5-channel-device-3": 1,
          "KomakiPCA5-channel-device-4": 5
        }
      },
      {
        "train_auc": 0.9894098977128103,
        "valid_auc": 0.972938689217759,
        "best_iteration": 67,
        "train_time": 1.5809199810028076,
        "prediction_time": {
          "test": 0.3414928913116455
        },
        "feature_importance": {
          "ip": 0,
          "os": 0,
          "app": 5,
          "channel": 0,
          "hour": 8,
          "n_channels": 0,
          "ip_app_count": 0,
          "ip_app_os_count": 0,
          "FutureClickCount_600-ip": 0,
          "FutureClickCount_600-app": 1,
          "FutureClickCount_600-ip-app": 0,
          "FutureClickCount_600-dev": 0,
          "FutureClickCount_600-ip-dev": 0,
          "FutureClickCount_600-app-dev": 1,
          "FutureClickCount_600-ip-app-dev": 0,
          "FutureClickCount_600-os": 0,
          "FutureClickCount_600-ip-os": 0,
          "FutureClickCount_600-app-os": 0,
          "FutureClickCount_600-ip-app-os": 0,
          "FutureClickCount_600-dev-os": 2,
          "FutureClickCount_600-ip-dev-os": 0,
          "FutureClickCount_600-app-dev-os": 0,
          "FutureClickCount_600-ip-app-dev-os": 0,
          "FutureClickCount_600-cha": 0,
          "FutureClickCount_600-ip-cha": 0,
          "FutureClickCount_600-app-cha": 0,
          "FutureClickCount_600-ip-app-cha": 0,
          "FutureClickCount_600-dev-cha": 1,
          "FutureClickCount_600-ip-dev-cha": 0,
          "FutureClickCount_600-app-dev-cha": 0,
          "FutureClickCount_600-ip-app-dev-cha": 0,
          "FutureClickCount_600-os-cha": 0,
          "FutureClickCount_600-ip-os-cha": 0,
          "FutureClickCount_600-app-os-cha": 0,
          "FutureClickCount_600-ip-app-os-cha": 0,
          "FutureClickCount_600-dev-os-cha": 0,
          "FutureClickCount_600-ip-dev-os-cha": 0,
          "FutureClickCount_600-app-dev-os-cha": 0,
          "FutureClickCount_600-ip-app-dev-os-cha": 0,
          "FutureClickCount_4800-ip": 0,
          "FutureClickCount_4800-app": 5,
          "FutureClickCount_4800-ip-app": 0,
          "FutureClickCount_4800-dev": 1,
          "FutureClickCount_4800-ip-dev": 0,
          "FutureClickCount_4800-app-dev": 0,
          "FutureClickCount_4800-ip-app-dev": 0,
          "FutureClickCount_4800-os": 0,
          "FutureClickCount_4800-ip-os": 0,
          "FutureClickCount_4800-app-os": 4,
          "FutureClickCount_4800-ip-app-os": 0,
          "FutureClickCount_4800-dev-os": 2,
          "FutureClickCount_4800-ip-dev-os": 0,
          "FutureClickCount_4800-app-dev-os": 2,
          "FutureClickCount_4800-ip-app-dev-os": 0,
          "FutureClickCount_4800-cha": 4,
          "FutureClickCount_4800-ip-cha": 0,
          "FutureClickCount_4800-app-cha": 4,
          "FutureClickCount_4800-ip-app-cha": 0,
          "FutureClickCount_4800-dev-cha": 2,
          "FutureClickCount_4800-ip-dev-cha": 0,
          "FutureClickCount_4800-app-dev-cha": 1,
          "FutureClickCount_4800-ip-app-dev-cha": 0,
          "FutureClickCount_4800-os-cha": 0,
          "FutureClickCount_4800-ip-os-cha": 0,
          "FutureClickCount_4800-app-os-cha": 0,
          "FutureClickCount_4800-ip-app-os-cha": 0,
          "FutureClickCount_4800-dev-os-cha": 0,
          "FutureClickCount_4800-ip-dev-os-cha": 0,
          "FutureClickCount_4800-app-dev-os-cha": 0,
          "FutureClickCount_4800-ip-app-dev-os-cha": 0,
          "NextClickTimeDelta-ip": 0,
          "NextClickTimeDelta-app": 1,
          "NextClickTimeDelta-ip-app": 0,
          "NextClickTimeDelta-dev": 1,
          "NextClickTimeDelta-ip-dev": 1,
          "NextClickTimeDelta-app-dev": 0,
          "NextClickTimeDelta-ip-app-dev": 0,
          "NextClickTimeDelta-os": 0,
          "NextClickTimeDelta-ip-os": 0,
          "NextClickTimeDelta-app-os": 1,
          "NextClickTimeDelta-ip-app-os": 0,
          "NextClickTimeDelta-dev-os": 1,
          "NextClickTimeDelta-ip-dev-os": 0,
          "NextClickTimeDelta-app-dev-os": 0,
          "NextClickTimeDelta-ip-app-dev-os": 0,
          "NextClickTimeDelta-cha": 0,
          "NextClickTimeDelta-ip-cha": 0,
          "NextClickTimeDelta-app-cha": 2,
          "NextClickTimeDelta-ip-app-cha": 0,
          "NextClickTimeDelta-dev-cha": 0,
          "NextClickTimeDelta-ip-dev-cha": 0,
          "NextClickTimeDelta-app-dev-cha": 1,
          "NextClickTimeDelta-ip-app-dev-cha": 0,
          "NextClickTimeDelta-os-cha": 0,
          "NextClickTimeDelta-ip-os-cha": 0,
          "NextClickTimeDelta-app-os-cha": 1,
          "NextClickTimeDelta-ip-app-os-cha": 0,
          "NextClickTimeDelta-dev-os-cha": 0,
          "NextClickTimeDelta-ip-dev-os-cha": 0,
          "NextClickTimeDelta-app-dev-os-cha": 2,
          "NextClickTimeDelta-ip-app-dev-os-cha": 0,
          "PrevClickTimeDelta-ip": 0,
          "PrevClickTimeDelta-app": 0,
          "PrevClickTimeDelta-ip-app": 0,
          "PrevClickTimeDelta-dev": 0,
          "PrevClickTimeDelta-ip-dev": 0,
          "PrevClickTimeDelta-app-dev": 0,
          "PrevClickTimeDelta-ip-app-dev": 0,
          "PrevClickTimeDelta-os": 2,
          "PrevClickTimeDelta-ip-os": 0,
          "PrevClickTimeDelta-app-os": 1,
          "PrevClickTimeDelta-ip-app-os": 0,
          "PrevClickTimeDelta-dev-os": 0,
          "PrevClickTimeDelta-ip-dev-os": 0,
          "PrevClickTimeDelta-app-dev-os": 0,
          "PrevClickTimeDelta-ip-app-dev-os": 0,
          "PrevClickTimeDelta-cha": 5,
          "PrevClickTimeDelta-ip-cha": 0,
          "PrevClickTimeDelta-app-cha": 2,
          "PrevClickTimeDelta-ip-app-cha": 0,
          "PrevClickTimeDelta-dev-cha": 2,
          "PrevClickTimeDelta-ip-dev-cha": 0,
          "PrevClickTimeDelta-app-dev-cha": 0,
          "PrevClickTimeDelta-ip-app-dev-cha": 0,
          "PrevClickTimeDelta-os-cha": 0,
          "PrevClickTimeDelta-ip-os-cha": 0,
          "PrevClickTimeDelta-app-os-cha": 2,
          "PrevClickTimeDelta-ip-app-os-cha": 0,
          "PrevClickTimeDelta-dev-os-cha": 2,
          "PrevClickTimeDelta-ip-dev-os-cha": 0,
          "PrevClickTimeDelta-app-dev-os-cha": 1,
          "PrevClickTimeDelta-ip-app-dev-os-cha": 0,
          "AverageAttributedRatio-ip": 1,
          "AverageAttributedRatio-app": 2,
          "AverageAttributedRatio-ip-app": 0,
          "AverageAttributedRatio-dev": 1,
          "AverageAttributedRatio-ip-dev": 0,
          "AverageAttributedRatio-app-dev": 7,
          "AverageAttributedRatio-ip-app-dev": 0,
          "AverageAttributedRatio-os": 2,
          "AverageAttributedRatio-ip-os": 0,
          "AverageAttributedRatio-app-os": 0,
          "AverageAttributedRatio-ip-app-os": 0,
          "AverageAttributedRatio-dev-os": 4,
          "AverageAttributedRatio-ip-dev-os": 0,
          "AverageAttributedRatio-app-dev-os": 0,
          "AverageAttributedRatio-ip-app-dev-os": 0,
          "AverageAttributedRatio-cha": 2,
          "AverageAttributedRatio-ip-cha": 0,
          "AverageAttributedRatio-app-cha": 0,
          "AverageAttributedRatio-ip-app-cha": 0,
          "AverageAttributedRatio-dev-cha": 3,
          "AverageAttributedRatio-ip-dev-cha": 0,
          "AverageAttributedRatio-app-dev-cha": 0,
          "AverageAttributedRatio-ip-app-dev-cha": 0,
          "AverageAttributedRatio-os-cha": 0,
          "AverageAttributedRatio-ip-os-cha": 0,
          "AverageAttributedRatio-app-os-cha": 0,
          "AverageAttributedRatio-ip-app-os-cha": 0,
          "AverageAttributedRatio-dev-os-cha": 0,
          "AverageAttributedRatio-ip-dev-os-cha": 0,
          "AverageAttributedRatio-app-dev-os-cha": 1,
          "AverageAttributedRatio-ip-app-dev-os-cha": 0,
          "KomakiPCA5-ip-app-0": 12,
          "KomakiPCA5-ip-app-1": 0,
          "KomakiPCA5-ip-app-2": 2,
          "KomakiPCA5-ip-app-3": 0,
          "KomakiPCA5-ip-app-4": 6,
          "KomakiPCA5-ip-os-0": 2,
          "KomakiPCA5-ip-os-1": 1,
          "KomakiPCA5-ip-os-2": 1,
          "KomakiPCA5-ip-os-3": 2,
          "KomakiPCA5-ip-os-4": 1,
          "KomakiPCA5-ip-device-0": 0,
          "KomakiPCA5-ip-device-1": 0,
          "KomakiPCA5-ip-device-2": 0,
          "KomakiPCA5-ip-device-3": 0,
          "KomakiPCA5-ip-device-4": 0,
          "KomakiPCA5-ip-channel-0": 6,
          "KomakiPCA5-ip-channel-1": 8,
          "KomakiPCA5-ip-channel-2": 2,
          "KomakiPCA5-ip-channel-3": 4,
          "KomakiPCA5-ip-channel-4": 6,
          "KomakiPCA5-app-ip-0": 2,
          "KomakiPCA5-app-ip-1": 0,
          "KomakiPCA5-app-ip-2": 0,
          "KomakiPCA5-app-ip-3": 7,
          "KomakiPCA5-app-ip-4": 5,
          "KomakiPCA5-app-os-0": 8,
          "KomakiPCA5-app-os-1": 4,
          "KomakiPCA5-app-os-2": 1,
          "KomakiPCA5-app-os-3": 0,
          "KomakiPCA5-app-os-4": 4,
          "KomakiPCA5-app-device-0": 1,
          "KomakiPCA5-app-device-1": 0,
          "KomakiPCA5-app-device-2": 0,
          "KomakiPCA5-app-device-3": 2,
          "KomakiPCA5-app-device-4": 3,
          "KomakiPCA5-app-channel-0": 0,
          "KomakiPCA5-app-channel-1": 4,
          "KomakiPCA5-app-channel-2": 3,
          "KomakiPCA5-app-channel-3": 2,
          "KomakiPCA5-app-channel-4": 3,
          "KomakiPCA5-os-ip-0": 0,
          "KomakiPCA5-os-ip-1": 1,
          "KomakiPCA5-os-ip-2": 1,
          "KomakiPCA5-os-ip-3": 0,
          "KomakiPCA5-os-ip-4": 1,
          "KomakiPCA5-os-app-0": 0,
          "KomakiPCA5-os-app-1": 0,
          "KomakiPCA5-os-app-2": 0,
          "KomakiPCA5-os-app-3": 0,
          "KomakiPCA5-os-app-4": 2,
          "KomakiPCA5-os-device-0": 0,
          "KomakiPCA5-os-device-1": 0,
          "KomakiPCA5-os-device-2": 0,
          "KomakiPCA5-os-device-3": 0,
          "KomakiPCA5-os-device-4": 0,
          "KomakiPCA5-os-channel-0": 0,
          "KomakiPCA5-os-channel-1": 0,
          "KomakiPCA5-os-channel-2": 1,
          "KomakiPCA5-os-channel-3": 1,
          "KomakiPCA5-os-channel-4": 0,
          "KomakiPCA5-device-ip-0": 0,
          "KomakiPCA5-device-ip-1": 0,
          "KomakiPCA5-device-ip-2": 0,
          "KomakiPCA5-device-ip-3": 0,
          "KomakiPCA5-device-ip-4": 0,
          "KomakiPCA5-device-app-0": 0,
          "KomakiPCA5-device-app-1": 0,
          "KomakiPCA5-device-app-2": 0,
          "KomakiPCA5-device-app-3": 0,
          "KomakiPCA5-device-app-4": 0,
          "KomakiPCA5-device-os-0": 0,
          "KomakiPCA5-device-os-1": 0,
          "KomakiPCA5-device-os-2": 0,
          "KomakiPCA5-device-os-3": 0,
          "KomakiPCA5-device-os-4": 0,
          "KomakiPCA5-device-channel-0": 0,
          "KomakiPCA5-device-channel-1": 0,
          "KomakiPCA5-device-channel-2": 0,
          "KomakiPCA5-device-channel-3": 0,
          "KomakiPCA5-device-channel-4": 0,
          "KomakiPCA5-channel-ip-0": 2,
          "KomakiPCA5-channel-ip-1": 3,
          "KomakiPCA5-channel-ip-2": 5,
          "KomakiPCA5-channel-ip-3": 3,
          "KomakiPCA5-channel-ip-4": 7,
          "KomakiPCA5-channel-app-0": 3,
          "KomakiPCA5-channel-app-1": 1,
          "KomakiPCA5-channel-app-2": 0,
          "KomakiPCA5-channel-app-3": 0,
          "KomakiPCA5-channel-app-4": 3,
          "KomakiPCA5-channel-os-0": 3,
          "KomakiPCA5-channel-os-1": 4,
          "KomakiPCA5-channel-os-2": 1,
          "KomakiPCA5-channel-os-3": 2,
          "KomakiPCA5-channel-os-4": 0,
          "KomakiPCA5-channel-device-0": 0,
          "KomakiPCA5-channel-device-1": 0,
          "KomakiPCA5-channel-device-2": 1,
          "KomakiPCA5-channel-device-3": 0,
          "KomakiPCA5-channel-device-4": 3
        }
      },
      {
        "train_auc": 0.9948826733710454,
        "valid_auc": 0.9621598639455783,
        "best_iteration": 96,
        "train_time": 1.1245520114898682,
        "prediction_time": {
          "test": 0.19981694221496582
        },
        "feature_importance": {
          "ip": 0,
          "os": 0,
          "app": 5,
          "channel": 3,
          "hour": 11,
          "n_channels": 0,
          "ip_app_count": 4,
          "ip_app_os_count": 0,
          "FutureClickCount_600-ip": 0,
          "FutureClickCount_600-app": 1,
          "FutureClickCount_600-ip-app": 0,
          "FutureClickCount_600-dev": 1,
          "FutureClickCount_600-ip-dev": 0,
          "FutureClickCount_600-app-dev": 1,
          "FutureClickCount_600-ip-app-dev": 0,
          "FutureClickCount_600-os": 0,
          "FutureClickCount_600-ip-os": 0,
          "FutureClickCount_600-app-os": 0,
          "FutureClickCount_600-ip-app-os": 0,
          "FutureClickCount_600-dev-os": 5,
          "FutureClickCount_600-ip-dev-os": 0,
          "FutureClickCount_600-app-dev-os": 0,
          "FutureClickCount_600-ip-app-dev-os": 0,
          "FutureClickCount_600-cha": 1,
          "FutureClickCount_600-ip-cha": 0,
          "FutureClickCount_600-app-cha": 0,
          "FutureClickCount_600-ip-app-cha": 0,
          "FutureClickCount_600-dev-cha": 1,
          "FutureClickCount_600-ip-dev-cha": 0,
          "FutureClickCount_600-app-dev-cha": 0,
          "FutureClickCount_600-ip-app-dev-cha": 0,
          "FutureClickCount_600-os-cha": 0,
          "FutureClickCount_600-ip-os-cha": 0,
          "FutureClickCount_600-app-os-cha": 0,
          "FutureClickCount_600-ip-app-os-cha": 0,
          "FutureClickCount_600-dev-os-cha": 0,
          "FutureClickCount_600-ip-dev-os-cha": 0,
          "FutureClickCount_600-app-dev-os-cha": 0,
          "FutureClickCount_600-ip-app-dev-os-cha": 0,
          "FutureClickCount_4800-ip": 0,
          "FutureClickCount_4800-app": 3,
          "FutureClickCount_4800-ip-app": 0,
          "FutureClickCount_4800-dev": 1,
          "FutureClickCount_4800-ip-dev": 0,
          "FutureClickCount_4800-app-dev": 2,
          "FutureClickCount_4800-ip-app-dev": 0,
          "FutureClickCount_4800-os": 0,
          "FutureClickCount_4800-ip-os": 0,
          "FutureClickCount_4800-app-os": 0,
          "FutureClickCount_4800-ip-app-os": 0,
          "FutureClickCount_4800-dev-os": 2,
          "FutureClickCount_4800-ip-dev-os": 0,
          "FutureClickCount_4800-app-dev-os": 1,
          "FutureClickCount_4800-ip-app-dev-os": 0,
          "FutureClickCount_4800-cha": 4,
          "FutureClickCount_4800-ip-cha": 0,
          "FutureClickCount_4800-app-cha": 4,
          "FutureClickCount_4800-ip-app-cha": 0,
          "FutureClickCount_4800-dev-cha": 2,
          "FutureClickCount_4800-ip-dev-cha": 0,
          "FutureClickCount_4800-app-dev-cha": 4,
          "FutureClickCount_4800-ip-app-dev-cha": 0,
          "FutureClickCount_4800-os-cha": 0,
          "FutureClickCount_4800-ip-os-cha": 0,
          "FutureClickCount_4800-app-os-cha": 0,
          "FutureClickCount_4800-ip-app-os-cha": 0,
          "FutureClickCount_4800-dev-os-cha": 0,
          "FutureClickCount_4800-ip-dev-os-cha": 0,
          "FutureClickCount_4800-app-dev-os-cha": 1,
          "FutureClickCount_4800-ip-app-dev-os-cha": 0,
          "NextClickTimeDelta-ip": 1,
          "NextClickTimeDelta-app": 5,
          "NextClickTimeDelta-ip-app": 0,
          "NextClickTimeDelta-dev": 3,
          "NextClickTimeDelta-ip-dev": 2,
          "NextClickTimeDelta-app-dev": 1,
          "NextClickTimeDelta-ip-app-dev": 0,
          "NextClickTimeDelta-os": 1,
          "NextClickTimeDelta-ip-os": 0,
          "NextClickTimeDelta-app-os": 2,
          "NextClickTimeDelta-ip-app-os": 0,
          "NextClickTimeDelta-dev-os": 2,
          "NextClickTimeDelta-ip-dev-os": 0,
          "NextClickTimeDelta-app-dev-os": 0,
          "NextClickTimeDelta-ip-app-dev-os": 0,
          "NextClickTimeDelta-cha": 2,
          "NextClickTimeDelta-ip-cha": 0,
          "NextClickTimeDelta-app-cha": 1,
          "NextClickTimeDelta-ip-app-cha": 0,
          "NextClickTimeDelta-dev-cha": 0,
          "NextClickTimeDelta-ip-dev-cha": 0,
          "NextClickTimeDelta-app-dev-cha": 6,
          "NextClickTimeDelta-ip-app-dev-cha": 0,
          "NextClickTimeDelta-os-cha": 1,
          "NextClickTimeDelta-ip-os-cha": 0,
          "NextClickTimeDelta-app-os-cha": 1,
          "NextClickTimeDelta-ip-app-os-cha": 0,
          "NextClickTimeDelta-dev-os-cha": 1,
          "NextClickTimeDelta-ip-dev-os-cha": 0,
          "NextClickTimeDelta-app-dev-os-cha": 1,
          "NextClickTimeDelta-ip-app-dev-os-cha": 0,
          "PrevClickTimeDelta-ip": 2,
          "PrevClickTimeDelta-app": 6,
          "PrevClickTimeDelta-ip-app": 0,
          "PrevClickTimeDelta-dev": 1,
          "PrevClickTimeDelta-ip-dev": 0,
          "PrevClickTimeDelta-app-dev": 1,
          "PrevClickTimeDelta-ip-app-dev": 0,
          "PrevClickTimeDelta-os": 0,
          "PrevClickTimeDelta-ip-os": 0,
          "PrevClickTimeDelta-app-os": 1,
          "PrevClickTimeDelta-ip-app-os": 0,
          "PrevClickTimeDelta-dev-os": 1,
          "PrevClickTimeDelta-ip-dev-os": 0,
          "PrevClickTimeDelta-app-dev-os": 0,
          "PrevClickTimeDelta-ip-app-dev-os": 0,
          "PrevClickTimeDelta-cha": 5,
          "PrevClickTimeDelta-ip-cha": 0,
          "PrevClickTimeDelta-app-cha": 6,
          "PrevClickTimeDelta-ip-app-cha": 0,
          "PrevClickTimeDelta-dev-cha": 9,
          "PrevClickTimeDelta-ip-dev-cha": 0,
          "PrevClickTimeDelta-app-dev-cha": 5,
          "PrevClickTimeDelta-ip-app-dev-cha": 0,
          "PrevClickTimeDelta-os-cha": 0,
          "PrevClickTimeDelta-ip-os-cha": 0,
          "PrevClickTimeDelta-app-os-cha": 1,
          "PrevClickTimeDelta-ip-app-os-cha": 0,
          "PrevClickTimeDelta-dev-os-cha": 2,
          "PrevClickTimeDelta-ip-dev-os-cha": 0,
          "PrevClickTimeDelta-app-dev-os-cha": 1,
          "PrevClickTimeDelta-ip-app-dev-os-cha": 0,
          "AverageAttributedRatio-ip": 1,
          "AverageAttributedRatio-app": 4,
          "AverageAttributedRatio-ip-app": 0,
          "AverageAttributedRatio-dev": 3,
          "AverageAttributedRatio-ip-dev": 0,
          "AverageAttributedRatio-app-dev": 11,
          "AverageAttributedRatio-ip-app-dev": 0,
          "AverageAttributedRatio-os": 2,
          "AverageAttributedRatio-ip-os": 0,
          "AverageAttributedRatio-app-os": 0,
          "AverageAttributedRatio-ip-app-os": 0,
          "AverageAttributedRatio-dev-os": 6,
          "AverageAttributedRatio-ip-dev-os": 0,
          "AverageAttributedRatio-app-dev-os": 1,
          "AverageAttributedRatio-ip-app-dev-os": 0,
          "AverageAttributedRatio-cha": 5,
          "AverageAttributedRatio-ip-cha": 0,
          "AverageAttributedRatio-app-cha": 1,
          "AverageAttributedRatio-ip-app-cha": 0,
          "AverageAttributedRatio-dev-cha": 0,
          "AverageAttributedRatio-ip-dev-cha": 0,
          "AverageAttributedRatio-app-dev-cha": 0,
          "AverageAttributedRatio-ip-app-dev-cha": 0,
          "AverageAttributedRatio-os-cha": 0,
          "AverageAttributedRatio-ip-os-cha": 0,
          "AverageAttributedRatio-app-os-cha": 1,
          "AverageAttributedRatio-ip-app-os-cha": 0,
          "AverageAttributedRatio-dev-os-cha": 0,
          "AverageAttributedRatio-ip-dev-os-cha": 0,
          "AverageAttributedRatio-app-dev-os-cha": 0,
          "AverageAttributedRatio-ip-app-dev-os-cha": 0,
          "KomakiPCA5-ip-app-0": 11,
          "KomakiPCA5-ip-app-1": 4,
          "KomakiPCA5-ip-app-2": 5,
          "KomakiPCA5-ip-app-3": 0,
          "KomakiPCA5-ip-app-4": 6,
          "KomakiPCA5-ip-os-0": 3,
          "KomakiPCA5-ip-os-1": 3,
          "KomakiPCA5-ip-os-2": 3,
          "KomakiPCA5-ip-os-3": 5,
          "KomakiPCA5-ip-os-4": 5,
          "KomakiPCA5-ip-device-0": 0,
          "KomakiPCA5-ip-device-1": 0,
          "KomakiPCA5-ip-device-2": 0,
          "KomakiPCA5-ip-device-3": 0,
          "KomakiPCA5-ip-device-4": 0,
          "KomakiPCA5-ip-channel-0": 4,
          "KomakiPCA5-ip-channel-1": 6,
          "KomakiPCA5-ip-channel-2": 4,
          "KomakiPCA5-ip-channel-3": 3,
          "KomakiPCA5-ip-channel-4": 9,
          "KomakiPCA5-app-ip-0": 0,
          "KomakiPCA5-app-ip-1": 1,
          "KomakiPCA5-app-ip-2": 2,
          "KomakiPCA5-app-ip-3": 6,
          "KomakiPCA5-app-ip-4": 0,
          "KomakiPCA5-app-os-0": 10,
          "KomakiPCA5-app-os-1": 7,
          "KomakiPCA5-app-os-2": 2,
          "KomakiPCA5-app-os-3": 1,
          "KomakiPCA5-app-os-4": 0,
          "KomakiPCA5-app-device-0": 0,
          "KomakiPCA5-app-device-1": 0,
          "KomakiPCA5-app-device-2": 0,
          "KomakiPCA5-app-device-3": 1,
          "KomakiPCA5-app-device-4": 3,
          "KomakiPCA5-app-channel-0": 0,
          "KomakiPCA5-app-channel-1": 3,
          "KomakiPCA5-app-channel-2": 1,
          "KomakiPCA5-app-channel-3": 3,
          "KomakiPCA5-app-channel-4": 4,
          "KomakiPCA5-os-ip-0": 0,
          "KomakiPCA5-os-ip-1": 5,
          "KomakiPCA5-os-ip-2": 4,
          "KomakiPCA5-os-ip-3": 1,
          "KomakiPCA5-os-ip-4": 4,
          "KomakiPCA5-os-app-0": 1,
          "KomakiPCA5-os-app-1": 2,
          "KomakiPCA5-os-app-2": 0,
          "KomakiPCA5-os-app-3": 0,
          "KomakiPCA5-os-app-4": 2,
          "KomakiPCA5-os-device-0": 0,
          "KomakiPCA5-os-device-1": 0,
          "KomakiPCA5-os-device-2": 0,
          "KomakiPCA5-os-device-3": 0,
          "KomakiPCA5-os-device-4": 0,
          "KomakiPCA5-os-channel-0": 3,
          "KomakiPCA5-os-channel-1": 1,
          "KomakiPCA5-os-channel-2": 5,
          "KomakiPCA5-os-channel-3": 1,
          "KomakiPCA5-os-channel-4": 2,
          "KomakiPCA5-device-ip-0": 0,
          "KomakiPCA5-device-ip-1": 0,
          "KomakiPCA5-device-ip-2": 0,
          "KomakiPCA5-device-ip-3": 0,
          "KomakiPCA5-device-ip-4": 0,
          "KomakiPCA5-device-app-0": 0,
          "KomakiPCA5-device-app-1": 0,
          "KomakiPCA5-device-app-2": 0,
          "KomakiPCA5-device-app-3": 0,
          "KomakiPCA5-device-app-4": 0,
          "KomakiPCA5-device-os-0": 0,
          "KomakiPCA5-device-os-1": 0,
          "KomakiPCA5-device-os-2": 0,
          "KomakiPCA5-device-os-3": 0,
          "KomakiPCA5-device-os-4": 0,
          "KomakiPCA5-device-channel-0": 0,
          "KomakiPCA5-device-channel-1": 0,
          "KomakiPCA5-device-channel-2": 0,
          "KomakiPCA5-device-channel-3": 0,
          "KomakiPCA5-device-channel-4": 0,
          "KomakiPCA5-channel-ip-0": 1,
          "KomakiPCA5-channel-ip-1": 5,
          "KomakiPCA5-channel-ip-2": 5,
          "KomakiPCA5-channel-ip-3": 6,
          "KomakiPCA5-channel-ip-4": 2,
          "KomakiPCA5-channel-app-0": 3,
          "KomakiPCA5-channel-app-1": 3,
          "KomakiPCA5-channel-app-2": 1,
          "KomakiPCA5-channel-app-3": 0,
          "KomakiPCA5-channel-app-4": 4,
          "KomakiPCA5-channel-os-0": 4,
          "KomakiPCA5-channel-os-1": 1,
          "KomakiPCA5-channel-os-2": 1,
          "KomakiPCA5-channel-os-3": 1,
          "KomakiPCA5-channel-os-4": 5,
          "KomakiPCA5-channel-device-0": 0,
          "KomakiPCA5-channel-device-1": 0,
          "KomakiPCA5-channel-device-2": 0,
          "KomakiPCA5-channel-device-3": 0,
          "KomakiPCA5-channel-device-4": 7
        }
      }
    ],
    "average_train_auc": 0.9935116593446432,
    "average_valid_auc": 0.9783294956061115,
    "train_auc_std": 0.00380693661370157,
    "valid_auc_std": 0.009529393970316827,
    "average_train_time": 1.2140072345733643
  },
  "config": {
    "features": [
      "ip",
      "os",
      "app",
      "channel",
      "hour",
      "count",
      "future_click_count_10",
      "future_click_count_80",
      "next_click_time_delta",
      "prev_click_time_delta",
      "average_attributed_ratio",
      "komaki_pca_5"
    ],
    "model": {
      "name": "lightgbm",
      "model_params": {
        "boosting_type": "gbdt",
        "objective": "binary",
        "metric": "auc",
        "learning_rate": 0.1,
        "num_leaves": 255,
        "max_depth": 8,
        "min_child_samples": 100,
        "max_bin": 100,
        "subsample": 0.7,
        "subsample_freq": 1,
        "colsample_bytree": 0.7,
        "min_child_weight": 0,
        "subsample_for_bin": 200000,
        "min_split_gain": 0,
        "reg_alpha": 0,
        "reg_lambda": 0,
        "verbose": 0
      },
      "train_params": {
        "num_boost_round": 350,
        "early_stopping_rounds": 30
      }
    },
    "dataset": {
      "input_directory": "data/input/",
      "cache_directory": "data/working/",
      "files": {
        "train": "train.feather.small",
        "test": "old_test.feather.small"
      },
      "negative_down_sampling": {
        "enabled": true,
        "bagging_size": 5,
        "random_state": 114514
      }
    }
  }
}