{
  "training": {
    "trials": [
      {
        "train_auc": 0.9805985389992931,
        "valid_auc": 0.9699624530663329,
        "best_iteration": 56,
        "train_time": 0.8504209518432617,
        "prediction_time": {
          "test": 0.17088580131530762,
          "valid": 9.5367431640625e-07
        },
        "feature_importance": {
          "ip": 0,
          "os": 1,
          "app": 15,
          "channel": 12,
          "hour": 10,
          "n_channels": 0,
          "ip_app_count": 3,
          "ip_app_os_count": 0,
          "FutureClickCount_600-ip": 0,
          "FutureClickCount_600-app": 2,
          "FutureClickCount_600-ip-app": 0,
          "FutureClickCount_600-dev": 4,
          "FutureClickCount_600-ip-dev": 0,
          "FutureClickCount_600-app-dev": 2,
          "FutureClickCount_600-ip-app-dev": 0,
          "FutureClickCount_600-os": 1,
          "FutureClickCount_600-ip-os": 0,
          "FutureClickCount_600-app-os": 1,
          "FutureClickCount_600-ip-app-os": 0,
          "FutureClickCount_600-dev-os": 6,
          "FutureClickCount_600-ip-dev-os": 0,
          "FutureClickCount_600-app-dev-os": 0,
          "FutureClickCount_600-ip-app-dev-os": 0,
          "FutureClickCount_600-cha": 2,
          "FutureClickCount_600-ip-cha": 0,
          "FutureClickCount_600-app-cha": 0,
          "FutureClickCount_600-ip-app-cha": 0,
          "FutureClickCount_600-dev-cha": 0,
          "FutureClickCount_600-ip-dev-cha": 0,
          "FutureClickCount_600-app-dev-cha": 1,
          "FutureClickCount_600-ip-app-dev-cha": 0,
          "FutureClickCount_600-os-cha": 0,
          "FutureClickCount_600-ip-os-cha": 0,
          "FutureClickCount_600-app-os-cha": 0,
          "FutureClickCount_600-ip-app-os-cha": 0,
          "FutureClickCount_600-dev-os-cha": 0,
          "FutureClickCount_600-ip-dev-os-cha": 0,
          "FutureClickCount_600-app-dev-os-cha": 0,
          "FutureClickCount_600-ip-app-dev-os-cha": 0,
          "FutureClickCount_4800-ip": 0,
          "FutureClickCount_4800-app": 7,
          "FutureClickCount_4800-ip-app": 0,
          "FutureClickCount_4800-dev": 2,
          "FutureClickCount_4800-ip-dev": 0,
          "FutureClickCount_4800-app-dev": 2,
          "FutureClickCount_4800-ip-app-dev": 0,
          "FutureClickCount_4800-os": 3,
          "FutureClickCount_4800-ip-os": 0,
          "FutureClickCount_4800-app-os": 1,
          "FutureClickCount_4800-ip-app-os": 0,
          "FutureClickCount_4800-dev-os": 6,
          "FutureClickCount_4800-ip-dev-os": 0,
          "FutureClickCount_4800-app-dev-os": 2,
          "FutureClickCount_4800-ip-app-dev-os": 0,
          "FutureClickCount_4800-cha": 7,
          "FutureClickCount_4800-ip-cha": 0,
          "FutureClickCount_4800-app-cha": 2,
          "FutureClickCount_4800-ip-app-cha": 0,
          "FutureClickCount_4800-dev-cha": 2,
          "FutureClickCount_4800-ip-dev-cha": 0,
          "FutureClickCount_4800-app-dev-cha": 3,
          "FutureClickCount_4800-ip-app-dev-cha": 0,
          "FutureClickCount_4800-os-cha": 0,
          "FutureClickCount_4800-ip-os-cha": 0,
          "FutureClickCount_4800-app-os-cha": 0,
          "FutureClickCount_4800-ip-app-os-cha": 0,
          "FutureClickCount_4800-dev-os-cha": 2,
          "FutureClickCount_4800-ip-dev-os-cha": 0,
          "FutureClickCount_4800-app-dev-os-cha": 1,
          "FutureClickCount_4800-ip-app-dev-os-cha": 0,
          "NextClickTimeDelta-ip": 8,
          "NextClickTimeDelta-app": 5,
          "NextClickTimeDelta-ip-app": 0,
          "NextClickTimeDelta-dev": 1,
          "NextClickTimeDelta-ip-dev": 9,
          "NextClickTimeDelta-app-dev": 2,
          "NextClickTimeDelta-ip-app-dev": 0,
          "NextClickTimeDelta-os": 0,
          "NextClickTimeDelta-ip-os": 0,
          "NextClickTimeDelta-app-os": 2,
          "NextClickTimeDelta-ip-app-os": 0,
          "NextClickTimeDelta-dev-os": 1,
          "NextClickTimeDelta-ip-dev-os": 0,
          "NextClickTimeDelta-app-dev-os": 1,
          "NextClickTimeDelta-ip-app-dev-os": 0,
          "NextClickTimeDelta-cha": 1,
          "NextClickTimeDelta-ip-cha": 0,
          "NextClickTimeDelta-app-cha": 5,
          "NextClickTimeDelta-ip-app-cha": 0,
          "NextClickTimeDelta-dev-cha": 3,
          "NextClickTimeDelta-ip-dev-cha": 0,
          "NextClickTimeDelta-app-dev-cha": 3,
          "NextClickTimeDelta-ip-app-dev-cha": 0,
          "NextClickTimeDelta-os-cha": 0,
          "NextClickTimeDelta-ip-os-cha": 0,
          "NextClickTimeDelta-app-os-cha": 3,
          "NextClickTimeDelta-ip-app-os-cha": 0,
          "NextClickTimeDelta-dev-os-cha": 0,
          "NextClickTimeDelta-ip-dev-os-cha": 0,
          "NextClickTimeDelta-app-dev-os-cha": 3,
          "NextClickTimeDelta-ip-app-dev-os-cha": 0,
          "PrevClickTimeDelta-ip": 5,
          "PrevClickTimeDelta-app": 2,
          "PrevClickTimeDelta-ip-app": 0,
          "PrevClickTimeDelta-dev": 1,
          "PrevClickTimeDelta-ip-dev": 1,
          "PrevClickTimeDelta-app-dev": 3,
          "PrevClickTimeDelta-ip-app-dev": 0,
          "PrevClickTimeDelta-os": 7,
          "PrevClickTimeDelta-ip-os": 0,
          "PrevClickTimeDelta-app-os": 1,
          "PrevClickTimeDelta-ip-app-os": 0,
          "PrevClickTimeDelta-dev-os": 3,
          "PrevClickTimeDelta-ip-dev-os": 0,
          "PrevClickTimeDelta-app-dev-os": 0,
          "PrevClickTimeDelta-ip-app-dev-os": 0,
          "PrevClickTimeDelta-cha": 7,
          "PrevClickTimeDelta-ip-cha": 0,
          "PrevClickTimeDelta-app-cha": 3,
          "PrevClickTimeDelta-ip-app-cha": 0,
          "PrevClickTimeDelta-dev-cha": 2,
          "PrevClickTimeDelta-ip-dev-cha": 0,
          "PrevClickTimeDelta-app-dev-cha": 3,
          "PrevClickTimeDelta-ip-app-dev-cha": 0,
          "PrevClickTimeDelta-os-cha": 2,
          "PrevClickTimeDelta-ip-os-cha": 0,
          "PrevClickTimeDelta-app-os-cha": 2,
          "PrevClickTimeDelta-ip-app-os-cha": 0,
          "PrevClickTimeDelta-dev-os-cha": 1,
          "PrevClickTimeDelta-ip-dev-os-cha": 0,
          "PrevClickTimeDelta-app-dev-os-cha": 3,
          "PrevClickTimeDelta-ip-app-dev-os-cha": 0,
          "AverageAttributedRatio-ip": 2,
          "AverageAttributedRatio-app": 4,
          "AverageAttributedRatio-ip-app": 0,
          "AverageAttributedRatio-dev": 1,
          "AverageAttributedRatio-ip-dev": 0,
          "AverageAttributedRatio-app-dev": 8,
          "AverageAttributedRatio-ip-app-dev": 0,
          "AverageAttributedRatio-os": 3,
          "AverageAttributedRatio-ip-os": 0,
          "AverageAttributedRatio-app-os": 0,
          "AverageAttributedRatio-ip-app-os": 0,
          "AverageAttributedRatio-dev-os": 0,
          "AverageAttributedRatio-ip-dev-os": 0,
          "AverageAttributedRatio-app-dev-os": 0,
          "AverageAttributedRatio-ip-app-dev-os": 0,
          "AverageAttributedRatio-cha": 2,
          "AverageAttributedRatio-ip-cha": 0,
          "AverageAttributedRatio-app-cha": 0,
          "AverageAttributedRatio-ip-app-cha": 0,
          "AverageAttributedRatio-dev-cha": 0,
          "AverageAttributedRatio-ip-dev-cha": 0,
          "AverageAttributedRatio-app-dev-cha": 0,
          "AverageAttributedRatio-ip-app-dev-cha": 0,
          "AverageAttributedRatio-os-cha": 1,
          "AverageAttributedRatio-ip-os-cha": 0,
          "AverageAttributedRatio-app-os-cha": 2,
          "AverageAttributedRatio-ip-app-os-cha": 0,
          "AverageAttributedRatio-dev-os-cha": 0,
          "AverageAttributedRatio-ip-dev-os-cha": 0,
          "AverageAttributedRatio-app-dev-os-cha": 0,
          "AverageAttributedRatio-ip-app-dev-os-cha": 0
        }
      },
      {
        "train_auc": 0.9733951441816611,
        "valid_auc": 0.9781771501925546,
        "best_iteration": 44,
        "train_time": 1.174400806427002,
        "prediction_time": {
          "test": 0.13422203063964844,
          "valid": 9.5367431640625e-07
        },
        "feature_importance": {
          "ip": 0,
          "os": 0,
          "app": 10,
          "channel": 6,
          "hour": 6,
          "n_channels": 0,
          "ip_app_count": 5,
          "ip_app_os_count": 0,
          "FutureClickCount_600-ip": 0,
          "FutureClickCount_600-app": 6,
          "FutureClickCount_600-ip-app": 0,
          "FutureClickCount_600-dev": 0,
          "FutureClickCount_600-ip-dev": 0,
          "FutureClickCount_600-app-dev": 1,
          "FutureClickCount_600-ip-app-dev": 0,
          "FutureClickCount_600-os": 1,
          "FutureClickCount_600-ip-os": 0,
          "FutureClickCount_600-app-os": 0,
          "FutureClickCount_600-ip-app-os": 0,
          "FutureClickCount_600-dev-os": 2,
          "FutureClickCount_600-ip-dev-os": 0,
          "FutureClickCount_600-app-dev-os": 0,
          "FutureClickCount_600-ip-app-dev-os": 0,
          "FutureClickCount_600-cha": 2,
          "FutureClickCount_600-ip-cha": 0,
          "FutureClickCount_600-app-cha": 1,
          "FutureClickCount_600-ip-app-cha": 0,
          "FutureClickCount_600-dev-cha": 1,
          "FutureClickCount_600-ip-dev-cha": 0,
          "FutureClickCount_600-app-dev-cha": 0,
          "FutureClickCount_600-ip-app-dev-cha": 0,
          "FutureClickCount_600-os-cha": 0,
          "FutureClickCount_600-ip-os-cha": 0,
          "FutureClickCount_600-app-os-cha": 0,
          "FutureClickCount_600-ip-app-os-cha": 0,
          "FutureClickCount_600-dev-os-cha": 0,
          "FutureClickCount_600-ip-dev-os-cha": 0,
          "FutureClickCount_600-app-dev-os-cha": 0,
          "FutureClickCount_600-ip-app-dev-os-cha": 0,
          "FutureClickCount_4800-ip": 0,
          "FutureClickCount_4800-app": 10,
          "FutureClickCount_4800-ip-app": 0,
          "FutureClickCount_4800-dev": 4,
          "FutureClickCount_4800-ip-dev": 0,
          "FutureClickCount_4800-app-dev": 0,
          "FutureClickCount_4800-ip-app-dev": 0,
          "FutureClickCount_4800-os": 1,
          "FutureClickCount_4800-ip-os": 0,
          "FutureClickCount_4800-app-os": 1,
          "FutureClickCount_4800-ip-app-os": 0,
          "FutureClickCount_4800-dev-os": 3,
          "FutureClickCount_4800-ip-dev-os": 0,
          "FutureClickCount_4800-app-dev-os": 4,
          "FutureClickCount_4800-ip-app-dev-os": 0,
          "FutureClickCount_4800-cha": 2,
          "FutureClickCount_4800-ip-cha": 0,
          "FutureClickCount_4800-app-cha": 8,
          "FutureClickCount_4800-ip-app-cha": 0,
          "FutureClickCount_4800-dev-cha": 7,
          "FutureClickCount_4800-ip-dev-cha": 0,
          "FutureClickCount_4800-app-dev-cha": 2,
          "FutureClickCount_4800-ip-app-dev-cha": 0,
          "FutureClickCount_4800-os-cha": 1,
          "FutureClickCount_4800-ip-os-cha": 0,
          "FutureClickCount_4800-app-os-cha": 1,
          "FutureClickCount_4800-ip-app-os-cha": 0,
          "FutureClickCount_4800-dev-os-cha": 0,
          "FutureClickCount_4800-ip-dev-os-cha": 0,
          "FutureClickCount_4800-app-dev-os-cha": 1,
          "FutureClickCount_4800-ip-app-dev-os-cha": 0,
          "NextClickTimeDelta-ip": 6,
          "NextClickTimeDelta-app": 2,
          "NextClickTimeDelta-ip-app": 0,
          "NextClickTimeDelta-dev": 0,
          "NextClickTimeDelta-ip-dev": 7,
          "NextClickTimeDelta-app-dev": 3,
          "NextClickTimeDelta-ip-app-dev": 0,
          "NextClickTimeDelta-os": 0,
          "NextClickTimeDelta-ip-os": 0,
          "NextClickTimeDelta-app-os": 1,
          "NextClickTimeDelta-ip-app-os": 0,
          "NextClickTimeDelta-dev-os": 1,
          "NextClickTimeDelta-ip-dev-os": 0,
          "NextClickTimeDelta-app-dev-os": 0,
          "NextClickTimeDelta-ip-app-dev-os": 0,
          "NextClickTimeDelta-cha": 5,
          "NextClickTimeDelta-ip-cha": 0,
          "NextClickTimeDelta-app-cha": 4,
          "NextClickTimeDelta-ip-app-cha": 0,
          "NextClickTimeDelta-dev-cha": 6,
          "NextClickTimeDelta-ip-dev-cha": 0,
          "NextClickTimeDelta-app-dev-cha": 1,
          "NextClickTimeDelta-ip-app-dev-cha": 0,
          "NextClickTimeDelta-os-cha": 0,
          "NextClickTimeDelta-ip-os-cha": 0,
          "NextClickTimeDelta-app-os-cha": 0,
          "NextClickTimeDelta-ip-app-os-cha": 0,
          "NextClickTimeDelta-dev-os-cha": 1,
          "NextClickTimeDelta-ip-dev-os-cha": 0,
          "NextClickTimeDelta-app-dev-os-cha": 0,
          "NextClickTimeDelta-ip-app-dev-os-cha": 0,
          "PrevClickTimeDelta-ip": 2,
          "PrevClickTimeDelta-app": 0,
          "PrevClickTimeDelta-ip-app": 1,
          "PrevClickTimeDelta-dev": 0,
          "PrevClickTimeDelta-ip-dev": 0,
          "PrevClickTimeDelta-app-dev": 1,
          "PrevClickTimeDelta-ip-app-dev": 0,
          "PrevClickTimeDelta-os": 1,
          "PrevClickTimeDelta-ip-os": 0,
          "PrevClickTimeDelta-app-os": 2,
          "PrevClickTimeDelta-ip-app-os": 0,
          "PrevClickTimeDelta-dev-os": 3,
          "PrevClickTimeDelta-ip-dev-os": 0,
          "PrevClickTimeDelta-app-dev-os": 0,
          "PrevClickTimeDelta-ip-app-dev-os": 0,
          "PrevClickTimeDelta-cha": 6,
          "PrevClickTimeDelta-ip-cha": 0,
          "PrevClickTimeDelta-app-cha": 0,
          "PrevClickTimeDelta-ip-app-cha": 0,
          "PrevClickTimeDelta-dev-cha": 2,
          "PrevClickTimeDelta-ip-dev-cha": 0,
          "PrevClickTimeDelta-app-dev-cha": 1,
          "PrevClickTimeDelta-ip-app-dev-cha": 0,
          "PrevClickTimeDelta-os-cha": 0,
          "PrevClickTimeDelta-ip-os-cha": 0,
          "PrevClickTimeDelta-app-os-cha": 3,
          "PrevClickTimeDelta-ip-app-os-cha": 0,
          "PrevClickTimeDelta-dev-os-cha": 0,
          "PrevClickTimeDelta-ip-dev-os-cha": 0,
          "PrevClickTimeDelta-app-dev-os-cha": 1,
          "PrevClickTimeDelta-ip-app-dev-os-cha": 0,
          "AverageAttributedRatio-ip": 0,
          "AverageAttributedRatio-app": 4,
          "AverageAttributedRatio-ip-app": 0,
          "AverageAttributedRatio-dev": 0,
          "AverageAttributedRatio-ip-dev": 1,
          "AverageAttributedRatio-app-dev": 3,
          "AverageAttributedRatio-ip-app-dev": 0,
          "AverageAttributedRatio-os": 1,
          "AverageAttributedRatio-ip-os": 0,
          "AverageAttributedRatio-app-os": 3,
          "AverageAttributedRatio-ip-app-os": 0,
          "AverageAttributedRatio-dev-os": 1,
          "AverageAttributedRatio-ip-dev-os": 0,
          "AverageAttributedRatio-app-dev-os": 0,
          "AverageAttributedRatio-ip-app-dev-os": 0,
          "AverageAttributedRatio-cha": 1,
          "AverageAttributedRatio-ip-cha": 0,
          "AverageAttributedRatio-app-cha": 2,
          "AverageAttributedRatio-ip-app-cha": 0,
          "AverageAttributedRatio-dev-cha": 1,
          "AverageAttributedRatio-ip-dev-cha": 0,
          "AverageAttributedRatio-app-dev-cha": 1,
          "AverageAttributedRatio-ip-app-dev-cha": 0,
          "AverageAttributedRatio-os-cha": 0,
          "AverageAttributedRatio-ip-os-cha": 0,
          "AverageAttributedRatio-app-os-cha": 1,
          "AverageAttributedRatio-ip-app-os-cha": 0,
          "AverageAttributedRatio-dev-os-cha": 0,
          "AverageAttributedRatio-ip-dev-os-cha": 0,
          "AverageAttributedRatio-app-dev-os-cha": 1,
          "AverageAttributedRatio-ip-app-dev-os-cha": 0
        }
      },
      {
        "train_auc": 0.9939513911800286,
        "valid_auc": 0.979454926624738,
        "best_iteration": 107,
        "train_time": 0.8023359775543213,
        "prediction_time": {
          "test": 0.16870927810668945,
          "valid": 9.5367431640625e-07
        },
        "feature_importance": {
          "ip": 0,
          "os": 2,
          "app": 23,
          "channel": 10,
          "hour": 21,
          "n_channels": 0,
          "ip_app_count": 9,
          "ip_app_os_count": 0,
          "FutureClickCount_600-ip": 0,
          "FutureClickCount_600-app": 4,
          "FutureClickCount_600-ip-app": 0,
          "FutureClickCount_600-dev": 4,
          "FutureClickCount_600-ip-dev": 0,
          "FutureClickCount_600-app-dev": 2,
          "FutureClickCount_600-ip-app-dev": 0,
          "FutureClickCount_600-os": 0,
          "FutureClickCount_600-ip-os": 0,
          "FutureClickCount_600-app-os": 0,
          "FutureClickCount_600-ip-app-os": 0,
          "FutureClickCount_600-dev-os": 4,
          "FutureClickCount_600-ip-dev-os": 0,
          "FutureClickCount_600-app-dev-os": 0,
          "FutureClickCount_600-ip-app-dev-os": 0,
          "FutureClickCount_600-cha": 2,
          "FutureClickCount_600-ip-cha": 0,
          "FutureClickCount_600-app-cha": 1,
          "FutureClickCount_600-ip-app-cha": 0,
          "FutureClickCount_600-dev-cha": 1,
          "FutureClickCount_600-ip-dev-cha": 0,
          "FutureClickCount_600-app-dev-cha": 1,
          "FutureClickCount_600-ip-app-dev-cha": 0,
          "FutureClickCount_600-os-cha": 0,
          "FutureClickCount_600-ip-os-cha": 0,
          "FutureClickCount_600-app-os-cha": 0,
          "FutureClickCount_600-ip-app-os-cha": 0,
          "FutureClickCount_600-dev-os-cha": 0,
          "FutureClickCount_600-ip-dev-os-cha": 0,
          "FutureClickCount_600-app-dev-os-cha": 0,
          "FutureClickCount_600-ip-app-dev-os-cha": 0,
          "FutureClickCount_4800-ip": 0,
          "FutureClickCount_4800-app": 8,
          "FutureClickCount_4800-ip-app": 0,
          "FutureClickCount_4800-dev": 13,
          "FutureClickCount_4800-ip-dev": 0,
          "FutureClickCount_4800-app-dev": 5,
          "FutureClickCount_4800-ip-app-dev": 0,
          "FutureClickCount_4800-os": 12,
          "FutureClickCount_4800-ip-os": 0,
          "FutureClickCount_4800-app-os": 1,
          "FutureClickCount_4800-ip-app-os": 0,
          "FutureClickCount_4800-dev-os": 9,
          "FutureClickCount_4800-ip-dev-os": 0,
          "FutureClickCount_4800-app-dev-os": 2,
          "FutureClickCount_4800-ip-app-dev-os": 0,
          "FutureClickCount_4800-cha": 12,
          "FutureClickCount_4800-ip-cha": 0,
          "FutureClickCount_4800-app-cha": 4,
          "FutureClickCount_4800-ip-app-cha": 0,
          "FutureClickCount_4800-dev-cha": 8,
          "FutureClickCount_4800-ip-dev-cha": 0,
          "FutureClickCount_4800-app-dev-cha": 2,
          "FutureClickCount_4800-ip-app-dev-cha": 0,
          "FutureClickCount_4800-os-cha": 2,
          "FutureClickCount_4800-ip-os-cha": 0,
          "FutureClickCount_4800-app-os-cha": 0,
          "FutureClickCount_4800-ip-app-os-cha": 0,
          "FutureClickCount_4800-dev-os-cha": 2,
          "FutureClickCount_4800-ip-dev-os-cha": 0,
          "FutureClickCount_4800-app-dev-os-cha": 0,
          "FutureClickCount_4800-ip-app-dev-os-cha": 0,
          "NextClickTimeDelta-ip": 12,
          "NextClickTimeDelta-app": 4,
          "NextClickTimeDelta-ip-app": 1,
          "NextClickTimeDelta-dev": 6,
          "NextClickTimeDelta-ip-dev": 6,
          "NextClickTimeDelta-app-dev": 5,
          "NextClickTimeDelta-ip-app-dev": 0,
          "NextClickTimeDelta-os": 9,
          "NextClickTimeDelta-ip-os": 2,
          "NextClickTimeDelta-app-os": 3,
          "NextClickTimeDelta-ip-app-os": 0,
          "NextClickTimeDelta-dev-os": 3,
          "NextClickTimeDelta-ip-dev-os": 0,
          "NextClickTimeDelta-app-dev-os": 5,
          "NextClickTimeDelta-ip-app-dev-os": 0,
          "NextClickTimeDelta-cha": 6,
          "NextClickTimeDelta-ip-cha": 0,
          "NextClickTimeDelta-app-cha": 13,
          "NextClickTimeDelta-ip-app-cha": 0,
          "NextClickTimeDelta-dev-cha": 10,
          "NextClickTimeDelta-ip-dev-cha": 0,
          "NextClickTimeDelta-app-dev-cha": 3,
          "NextClickTimeDelta-ip-app-dev-cha": 0,
          "NextClickTimeDelta-os-cha": 0,
          "NextClickTimeDelta-ip-os-cha": 0,
          "NextClickTimeDelta-app-os-cha": 4,
          "NextClickTimeDelta-ip-app-os-cha": 0,
          "NextClickTimeDelta-dev-os-cha": 1,
          "NextClickTimeDelta-ip-dev-os-cha": 0,
          "NextClickTimeDelta-app-dev-os-cha": 5,
          "NextClickTimeDelta-ip-app-dev-os-cha": 0,
          "PrevClickTimeDelta-ip": 10,
          "PrevClickTimeDelta-app": 4,
          "PrevClickTimeDelta-ip-app": 1,
          "PrevClickTimeDelta-dev": 2,
          "PrevClickTimeDelta-ip-dev": 8,
          "PrevClickTimeDelta-app-dev": 4,
          "PrevClickTimeDelta-ip-app-dev": 0,
          "PrevClickTimeDelta-os": 6,
          "PrevClickTimeDelta-ip-os": 0,
          "PrevClickTimeDelta-app-os": 2,
          "PrevClickTimeDelta-ip-app-os": 0,
          "PrevClickTimeDelta-dev-os": 9,
          "PrevClickTimeDelta-ip-dev-os": 0,
          "PrevClickTimeDelta-app-dev-os": 1,
          "PrevClickTimeDelta-ip-app-dev-os": 0,
          "PrevClickTimeDelta-cha": 6,
          "PrevClickTimeDelta-ip-cha": 0,
          "PrevClickTimeDelta-app-cha": 5,
          "PrevClickTimeDelta-ip-app-cha": 0,
          "PrevClickTimeDelta-dev-cha": 13,
          "PrevClickTimeDelta-ip-dev-cha": 0,
          "PrevClickTimeDelta-app-dev-cha": 7,
          "PrevClickTimeDelta-ip-app-dev-cha": 0,
          "PrevClickTimeDelta-os-cha": 5,
          "PrevClickTimeDelta-ip-os-cha": 0,
          "PrevClickTimeDelta-app-os-cha": 5,
          "PrevClickTimeDelta-ip-app-os-cha": 0,
          "PrevClickTimeDelta-dev-os-cha": 2,
          "PrevClickTimeDelta-ip-dev-os-cha": 0,
          "PrevClickTimeDelta-app-dev-os-cha": 4,
          "PrevClickTimeDelta-ip-app-dev-os-cha": 0,
          "AverageAttributedRatio-ip": 1,
          "AverageAttributedRatio-app": 8,
          "AverageAttributedRatio-ip-app": 0,
          "AverageAttributedRatio-dev": 4,
          "AverageAttributedRatio-ip-dev": 0,
          "AverageAttributedRatio-app-dev": 4,
          "AverageAttributedRatio-ip-app-dev": 0,
          "AverageAttributedRatio-os": 4,
          "AverageAttributedRatio-ip-os": 0,
          "AverageAttributedRatio-app-os": 4,
          "AverageAttributedRatio-ip-app-os": 0,
          "AverageAttributedRatio-dev-os": 1,
          "AverageAttributedRatio-ip-dev-os": 0,
          "AverageAttributedRatio-app-dev-os": 0,
          "AverageAttributedRatio-ip-app-dev-os": 0,
          "AverageAttributedRatio-cha": 3,
          "AverageAttributedRatio-ip-cha": 0,
          "AverageAttributedRatio-app-cha": 2,
          "AverageAttributedRatio-ip-app-cha": 0,
          "AverageAttributedRatio-dev-cha": 1,
          "AverageAttributedRatio-ip-dev-cha": 0,
          "AverageAttributedRatio-app-dev-cha": 2,
          "AverageAttributedRatio-ip-app-dev-cha": 0,
          "AverageAttributedRatio-os-cha": 1,
          "AverageAttributedRatio-ip-os-cha": 0,
          "AverageAttributedRatio-app-os-cha": 1,
          "AverageAttributedRatio-ip-app-os-cha": 0,
          "AverageAttributedRatio-dev-os-cha": 0,
          "AverageAttributedRatio-ip-dev-os-cha": 0,
          "AverageAttributedRatio-app-dev-os-cha": 3,
          "AverageAttributedRatio-ip-app-dev-os-cha": 0
        }
      },
      {
        "train_auc": 0.9619526221239911,
        "valid_auc": 0.9653276955602537,
        "best_iteration": 22,
        "train_time": 0.7300951480865479,
        "prediction_time": {
          "test": 0.12574195861816406,
          "valid": 0.0
        },
        "feature_importance": {
          "ip": 0,
          "os": 0,
          "app": 9,
          "channel": 3,
          "hour": 0,
          "n_channels": 0,
          "ip_app_count": 4,
          "ip_app_os_count": 0,
          "FutureClickCount_600-ip": 0,
          "FutureClickCount_600-app": 1,
          "FutureClickCount_600-ip-app": 0,
          "FutureClickCount_600-dev": 0,
          "FutureClickCount_600-ip-dev": 0,
          "FutureClickCount_600-app-dev": 0,
          "FutureClickCount_600-ip-app-dev": 0,
          "FutureClickCount_600-os": 1,
          "FutureClickCount_600-ip-os": 0,
          "FutureClickCount_600-app-os": 0,
          "FutureClickCount_600-ip-app-os": 0,
          "FutureClickCount_600-dev-os": 2,
          "FutureClickCount_600-ip-dev-os": 0,
          "FutureClickCount_600-app-dev-os": 0,
          "FutureClickCount_600-ip-app-dev-os": 0,
          "FutureClickCount_600-cha": 0,
          "FutureClickCount_600-ip-cha": 0,
          "FutureClickCount_600-app-cha": 0,
          "FutureClickCount_600-ip-app-cha": 0,
          "FutureClickCount_600-dev-cha": 0,
          "FutureClickCount_600-ip-dev-cha": 0,
          "FutureClickCount_600-app-dev-cha": 1,
          "FutureClickCount_600-ip-app-dev-cha": 0,
          "FutureClickCount_600-os-cha": 0,
          "FutureClickCount_600-ip-os-cha": 0,
          "FutureClickCount_600-app-os-cha": 0,
          "FutureClickCount_600-ip-app-os-cha": 0,
          "FutureClickCount_600-dev-os-cha": 0,
          "FutureClickCount_600-ip-dev-os-cha": 0,
          "FutureClickCount_600-app-dev-os-cha": 0,
          "FutureClickCount_600-ip-app-dev-os-cha": 0,
          "FutureClickCount_4800-ip": 0,
          "FutureClickCount_4800-app": 8,
          "FutureClickCount_4800-ip-app": 0,
          "FutureClickCount_4800-dev": 4,
          "FutureClickCount_4800-ip-dev": 0,
          "FutureClickCount_4800-app-dev": 2,
          "FutureClickCount_4800-ip-app-dev": 0,
          "FutureClickCount_4800-os": 1,
          "FutureClickCount_4800-ip-os": 0,
          "FutureClickCount_4800-app-os": 0,
          "FutureClickCount_4800-ip-app-os": 0,
          "FutureClickCount_4800-dev-os": 2,
          "FutureClickCount_4800-ip-dev-os": 0,
          "FutureClickCount_4800-app-dev-os": 3,
          "FutureClickCount_4800-ip-app-dev-os": 0,
          "FutureClickCount_4800-cha": 0,
          "FutureClickCount_4800-ip-cha": 0,
          "FutureClickCount_4800-app-cha": 4,
          "FutureClickCount_4800-ip-app-cha": 0,
          "FutureClickCount_4800-dev-cha": 2,
          "FutureClickCount_4800-ip-dev-cha": 0,
          "FutureClickCount_4800-app-dev-cha": 2,
          "FutureClickCount_4800-ip-app-dev-cha": 0,
          "FutureClickCount_4800-os-cha": 0,
          "FutureClickCount_4800-ip-os-cha": 0,
          "FutureClickCount_4800-app-os-cha": 0,
          "FutureClickCount_4800-ip-app-os-cha": 0,
          "FutureClickCount_4800-dev-os-cha": 0,
          "FutureClickCount_4800-ip-dev-os-cha": 0,
          "FutureClickCount_4800-app-dev-os-cha": 0,
          "FutureClickCount_4800-ip-app-dev-os-cha": 0,
          "NextClickTimeDelta-ip": 4,
          "NextClickTimeDelta-app": 0,
          "NextClickTimeDelta-ip-app": 0,
          "NextClickTimeDelta-dev": 0,
          "NextClickTimeDelta-ip-dev": 3,
          "NextClickTimeDelta-app-dev": 0,
          "NextClickTimeDelta-ip-app-dev": 0,
          "NextClickTimeDelta-os": 0,
          "NextClickTimeDelta-ip-os": 0,
          "NextClickTimeDelta-app-os": 0,
          "NextClickTimeDelta-ip-app-os": 0,
          "NextClickTimeDelta-dev-os": 0,
          "NextClickTimeDelta-ip-dev-os": 0,
          "NextClickTimeDelta-app-dev-os": 0,
          "NextClickTimeDelta-ip-app-dev-os": 0,
          "NextClickTimeDelta-cha": 1,
          "NextClickTimeDelta-ip-cha": 0,
          "NextClickTimeDelta-app-cha": 2,
          "NextClickTimeDelta-ip-app-cha": 0,
          "NextClickTimeDelta-dev-cha": 0,
          "NextClickTimeDelta-ip-dev-cha": 0,
          "NextClickTimeDelta-app-dev-cha": 0,
          "NextClickTimeDelta-ip-app-dev-cha": 0,
          "NextClickTimeDelta-os-cha": 0,
          "NextClickTimeDelta-ip-os-cha": 0,
          "NextClickTimeDelta-app-os-cha": 0,
          "NextClickTimeDelta-ip-app-os-cha": 0,
          "NextClickTimeDelta-dev-os-cha": 0,
          "NextClickTimeDelta-ip-dev-os-cha": 0,
          "NextClickTimeDelta-app-dev-os-cha": 2,
          "NextClickTimeDelta-ip-app-dev-os-cha": 0,
          "PrevClickTimeDelta-ip": 4,
          "PrevClickTimeDelta-app": 0,
          "PrevClickTimeDelta-ip-app": 0,
          "PrevClickTimeDelta-dev": 0,
          "PrevClickTimeDelta-ip-dev": 1,
          "PrevClickTimeDelta-app-dev": 0,
          "PrevClickTimeDelta-ip-app-dev": 0,
          "PrevClickTimeDelta-os": 2,
          "PrevClickTimeDelta-ip-os": 0,
          "PrevClickTimeDelta-app-os": 0,
          "PrevClickTimeDelta-ip-app-os": 0,
          "PrevClickTimeDelta-dev-os": 3,
          "PrevClickTimeDelta-ip-dev-os": 0,
          "PrevClickTimeDelta-app-dev-os": 1,
          "PrevClickTimeDelta-ip-app-dev-os": 0,
          "PrevClickTimeDelta-cha": 3,
          "PrevClickTimeDelta-ip-cha": 0,
          "PrevClickTimeDelta-app-cha": 2,
          "PrevClickTimeDelta-ip-app-cha": 0,
          "PrevClickTimeDelta-dev-cha": 0,
          "PrevClickTimeDelta-ip-dev-cha": 0,
          "PrevClickTimeDelta-app-dev-cha": 1,
          "PrevClickTimeDelta-ip-app-dev-cha": 0,
          "PrevClickTimeDelta-os-cha": 0,
          "PrevClickTimeDelta-ip-os-cha": 0,
          "PrevClickTimeDelta-app-os-cha": 1,
          "PrevClickTimeDelta-ip-app-os-cha": 0,
          "PrevClickTimeDelta-dev-os-cha": 0,
          "PrevClickTimeDelta-ip-dev-os-cha": 0,
          "PrevClickTimeDelta-app-dev-os-cha": 0,
          "PrevClickTimeDelta-ip-app-dev-os-cha": 0,
          "AverageAttributedRatio-ip": 0,
          "AverageAttributedRatio-app": 4,
          "AverageAttributedRatio-ip-app": 0,
          "AverageAttributedRatio-dev": 2,
          "AverageAttributedRatio-ip-dev": 0,
          "AverageAttributedRatio-app-dev": 1,
          "AverageAttributedRatio-ip-app-dev": 0,
          "AverageAttributedRatio-os": 0,
          "AverageAttributedRatio-ip-os": 0,
          "AverageAttributedRatio-app-os": 0,
          "AverageAttributedRatio-ip-app-os": 0,
          "AverageAttributedRatio-dev-os": 0,
          "AverageAttributedRatio-ip-dev-os": 0,
          "AverageAttributedRatio-app-dev-os": 0,
          "AverageAttributedRatio-ip-app-dev-os": 0,
          "AverageAttributedRatio-cha": 0,
          "AverageAttributedRatio-ip-cha": 0,
          "AverageAttributedRatio-app-cha": 0,
          "AverageAttributedRatio-ip-app-cha": 0,
          "AverageAttributedRatio-dev-cha": 0,
          "AverageAttributedRatio-ip-dev-cha": 0,
          "AverageAttributedRatio-app-dev-cha": 0,
          "AverageAttributedRatio-ip-app-dev-cha": 0,
          "AverageAttributedRatio-os-cha": 0,
          "AverageAttributedRatio-ip-os-cha": 0,
          "AverageAttributedRatio-app-os-cha": 0,
          "AverageAttributedRatio-ip-app-os-cha": 0,
          "AverageAttributedRatio-dev-os-cha": 0,
          "AverageAttributedRatio-ip-dev-os-cha": 0,
          "AverageAttributedRatio-app-dev-os-cha": 0,
          "AverageAttributedRatio-ip-app-dev-os-cha": 0
        }
      },
      {
        "train_auc": 0.9910276555625392,
        "valid_auc": 0.9566326530612245,
        "best_iteration": 90,
        "train_time": 0.8721919059753418,
        "prediction_time": {
          "test": 0.20451927185058594,
          "valid": 9.5367431640625e-07
        },
        "feature_importance": {
          "ip": 0,
          "os": 5,
          "app": 23,
          "channel": 11,
          "hour": 16,
          "n_channels": 0,
          "ip_app_count": 15,
          "ip_app_os_count": 0,
          "FutureClickCount_600-ip": 0,
          "FutureClickCount_600-app": 1,
          "FutureClickCount_600-ip-app": 0,
          "FutureClickCount_600-dev": 9,
          "FutureClickCount_600-ip-dev": 0,
          "FutureClickCount_600-app-dev": 1,
          "FutureClickCount_600-ip-app-dev": 0,
          "FutureClickCount_600-os": 2,
          "FutureClickCount_600-ip-os": 0,
          "FutureClickCount_600-app-os": 0,
          "FutureClickCount_600-ip-app-os": 0,
          "FutureClickCount_600-dev-os": 1,
          "FutureClickCount_600-ip-dev-os": 0,
          "FutureClickCount_600-app-dev-os": 0,
          "FutureClickCount_600-ip-app-dev-os": 0,
          "FutureClickCount_600-cha": 1,
          "FutureClickCount_600-ip-cha": 0,
          "FutureClickCount_600-app-cha": 1,
          "FutureClickCount_600-ip-app-cha": 0,
          "FutureClickCount_600-dev-cha": 0,
          "FutureClickCount_600-ip-dev-cha": 0,
          "FutureClickCount_600-app-dev-cha": 0,
          "FutureClickCount_600-ip-app-dev-cha": 0,
          "FutureClickCount_600-os-cha": 0,
          "FutureClickCount_600-ip-os-cha": 0,
          "FutureClickCount_600-app-os-cha": 0,
          "FutureClickCount_600-ip-app-os-cha": 0,
          "FutureClickCount_600-dev-os-cha": 0,
          "FutureClickCount_600-ip-dev-os-cha": 0,
          "FutureClickCount_600-app-dev-os-cha": 0,
          "FutureClickCount_600-ip-app-dev-os-cha": 0,
          "FutureClickCount_4800-ip": 0,
          "FutureClickCount_4800-app": 6,
          "FutureClickCount_4800-ip-app": 0,
          "FutureClickCount_4800-dev": 6,
          "FutureClickCount_4800-ip-dev": 0,
          "FutureClickCount_4800-app-dev": 5,
          "FutureClickCount_4800-ip-app-dev": 0,
          "FutureClickCount_4800-os": 4,
          "FutureClickCount_4800-ip-os": 0,
          "FutureClickCount_4800-app-os": 1,
          "FutureClickCount_4800-ip-app-os": 0,
          "FutureClickCount_4800-dev-os": 10,
          "FutureClickCount_4800-ip-dev-os": 0,
          "FutureClickCount_4800-app-dev-os": 3,
          "FutureClickCount_4800-ip-app-dev-os": 0,
          "FutureClickCount_4800-cha": 6,
          "FutureClickCount_4800-ip-cha": 0,
          "FutureClickCount_4800-app-cha": 7,
          "FutureClickCount_4800-ip-app-cha": 0,
          "FutureClickCount_4800-dev-cha": 5,
          "FutureClickCount_4800-ip-dev-cha": 0,
          "FutureClickCount_4800-app-dev-cha": 3,
          "FutureClickCount_4800-ip-app-dev-cha": 0,
          "FutureClickCount_4800-os-cha": 1,
          "FutureClickCount_4800-ip-os-cha": 0,
          "FutureClickCount_4800-app-os-cha": 0,
          "FutureClickCount_4800-ip-app-os-cha": 0,
          "FutureClickCount_4800-dev-os-cha": 0,
          "FutureClickCount_4800-ip-dev-os-cha": 0,
          "FutureClickCount_4800-app-dev-os-cha": 0,
          "FutureClickCount_4800-ip-app-dev-os-cha": 0,
          "NextClickTimeDelta-ip": 10,
          "NextClickTimeDelta-app": 4,
          "NextClickTimeDelta-ip-app": 0,
          "NextClickTimeDelta-dev": 2,
          "NextClickTimeDelta-ip-dev": 11,
          "NextClickTimeDelta-app-dev": 4,
          "NextClickTimeDelta-ip-app-dev": 0,
          "NextClickTimeDelta-os": 3,
          "NextClickTimeDelta-ip-os": 1,
          "NextClickTimeDelta-app-os": 3,
          "NextClickTimeDelta-ip-app-os": 0,
          "NextClickTimeDelta-dev-os": 6,
          "NextClickTimeDelta-ip-dev-os": 1,
          "NextClickTimeDelta-app-dev-os": 3,
          "NextClickTimeDelta-ip-app-dev-os": 0,
          "NextClickTimeDelta-cha": 4,
          "NextClickTimeDelta-ip-cha": 0,
          "NextClickTimeDelta-app-cha": 11,
          "NextClickTimeDelta-ip-app-cha": 0,
          "NextClickTimeDelta-dev-cha": 0,
          "NextClickTimeDelta-ip-dev-cha": 0,
          "NextClickTimeDelta-app-dev-cha": 3,
          "NextClickTimeDelta-ip-app-dev-cha": 0,
          "NextClickTimeDelta-os-cha": 1,
          "NextClickTimeDelta-ip-os-cha": 0,
          "NextClickTimeDelta-app-os-cha": 1,
          "NextClickTimeDelta-ip-app-os-cha": 0,
          "NextClickTimeDelta-dev-os-cha": 3,
          "NextClickTimeDelta-ip-dev-os-cha": 0,
          "NextClickTimeDelta-app-dev-os-cha": 8,
          "NextClickTimeDelta-ip-app-dev-os-cha": 0,
          "PrevClickTimeDelta-ip": 5,
          "PrevClickTimeDelta-app": 4,
          "PrevClickTimeDelta-ip-app": 0,
          "PrevClickTimeDelta-dev": 1,
          "PrevClickTimeDelta-ip-dev": 4,
          "PrevClickTimeDelta-app-dev": 5,
          "PrevClickTimeDelta-ip-app-dev": 0,
          "PrevClickTimeDelta-os": 5,
          "PrevClickTimeDelta-ip-os": 0,
          "PrevClickTimeDelta-app-os": 2,
          "PrevClickTimeDelta-ip-app-os": 0,
          "PrevClickTimeDelta-dev-os": 2,
          "PrevClickTimeDelta-ip-dev-os": 0,
          "PrevClickTimeDelta-app-dev-os": 0,
          "PrevClickTimeDelta-ip-app-dev-os": 0,
          "PrevClickTimeDelta-cha": 7,
          "PrevClickTimeDelta-ip-cha": 0,
          "PrevClickTimeDelta-app-cha": 10,
          "PrevClickTimeDelta-ip-app-cha": 0,
          "PrevClickTimeDelta-dev-cha": 7,
          "PrevClickTimeDelta-ip-dev-cha": 0,
          "PrevClickTimeDelta-app-dev-cha": 8,
          "PrevClickTimeDelta-ip-app-dev-cha": 0,
          "PrevClickTimeDelta-os-cha": 3,
          "PrevClickTimeDelta-ip-os-cha": 0,
          "PrevClickTimeDelta-app-os-cha": 3,
          "PrevClickTimeDelta-ip-app-os-cha": 0,
          "PrevClickTimeDelta-dev-os-cha": 4,
          "PrevClickTimeDelta-ip-dev-os-cha": 0,
          "PrevClickTimeDelta-app-dev-os-cha": 6,
          "PrevClickTimeDelta-ip-app-dev-os-cha": 0,
          "AverageAttributedRatio-ip": 3,
          "AverageAttributedRatio-app": 8,
          "AverageAttributedRatio-ip-app": 0,
          "AverageAttributedRatio-dev": 3,
          "AverageAttributedRatio-ip-dev": 0,
          "AverageAttributedRatio-app-dev": 8,
          "AverageAttributedRatio-ip-app-dev": 0,
          "AverageAttributedRatio-os": 6,
          "AverageAttributedRatio-ip-os": 0,
          "AverageAttributedRatio-app-os": 1,
          "AverageAttributedRatio-ip-app-os": 0,
          "AverageAttributedRatio-dev-os": 4,
          "AverageAttributedRatio-ip-dev-os": 0,
          "AverageAttributedRatio-app-dev-os": 1,
          "AverageAttributedRatio-ip-app-dev-os": 0,
          "AverageAttributedRatio-cha": 5,
          "AverageAttributedRatio-ip-cha": 0,
          "AverageAttributedRatio-app-cha": 0,
          "AverageAttributedRatio-ip-app-cha": 0,
          "AverageAttributedRatio-dev-cha": 1,
          "AverageAttributedRatio-ip-dev-cha": 0,
          "AverageAttributedRatio-app-dev-cha": 2,
          "AverageAttributedRatio-ip-app-dev-cha": 0,
          "AverageAttributedRatio-os-cha": 1,
          "AverageAttributedRatio-ip-os-cha": 0,
          "AverageAttributedRatio-app-os-cha": 4,
          "AverageAttributedRatio-ip-app-os-cha": 0,
          "AverageAttributedRatio-dev-os-cha": 0,
          "AverageAttributedRatio-ip-dev-os-cha": 0,
          "AverageAttributedRatio-app-dev-os-cha": 0,
          "AverageAttributedRatio-ip-app-dev-os-cha": 0
        }
      }
    ],
    "average_train_auc": 0.9801850704095028,
    "average_valid_auc": 0.9699109757010207,
    "train_auc_std": 0.011711272051284529,
    "valid_auc_std": 0.008446769783215635,
    "average_train_time": 0.8858889579772949
  },
  "config": {
    "features": [
      "ip",
      "os",
      "app",
      "channel",
      "hour",
      "count",
      "future_click_count_10",
      "future_click_count_80",
      "next_click_time_delta",
      "prev_click_time_delta",
      "average_attributed_ratio"
    ],
    "model": {
      "name": "lightgbm",
      "model_params": {
        "boosting_type": "gbdt",
        "objective": "binary",
        "metric": "auc",
        "learning_rate": 0.1,
        "num_leaves": 255,
        "max_depth": 8,
        "min_child_samples": 100,
        "max_bin": 100,
        "subsample": 0.7,
        "subsample_freq": 1,
        "colsample_bytree": 0.7,
        "min_child_weight": 0,
        "subsample_for_bin": 200000,
        "min_split_gain": 0,
        "reg_alpha": 0,
        "reg_lambda": 0,
        "verbose": 0
      },
      "train_params": {
        "num_boost_round": 350,
        "early_stopping_rounds": 30
      }
    },
    "dataset": {
      "input_directory": "data/input/",
      "cache_directory": "data/working/",
      "files": {
        "train": "train.feather.small",
        "test": "old_test.feather.small"
      },
      "negative_down_sampling": {
        "enabled": true,
        "bagging_size": 5,
        "random_state": 114514
      }
    }
  }
}