{
  "training": {
    "trials": [
      {
        "train_auc": 0.9941027962556367,
        "valid_auc": 0.9846220233835578,
        "best_iteration": 576,
        "train_time": 436.3753397464752,
        "feature_importance": {
          "app": 3218,
          "hour": 3296,
          "n_channels": 908,
          "ip_app_count": 878,
          "ip_app_os_count": 1062,
          "FutureClickCount_600-ip": 530,
          "FutureClickCount_600-app": 495,
          "FutureClickCount_600-ip-app": 210,
          "FutureClickCount_600-dev": 289,
          "FutureClickCount_600-ip-dev": 476,
          "FutureClickCount_600-app-dev": 374,
          "FutureClickCount_600-ip-app-dev": 166,
          "FutureClickCount_600-os": 262,
          "FutureClickCount_600-ip-os": 396,
          "FutureClickCount_600-app-os": 490,
          "FutureClickCount_600-ip-app-os": 213,
          "FutureClickCount_600-dev-os": 651,
          "FutureClickCount_600-ip-dev-os": 368,
          "FutureClickCount_600-app-dev-os": 572,
          "FutureClickCount_600-ip-app-dev-os": 370,
          "FutureClickCount_600-cha": 471,
          "FutureClickCount_600-ip-cha": 138,
          "FutureClickCount_600-app-cha": 581,
          "FutureClickCount_600-ip-app-cha": 89,
          "FutureClickCount_600-dev-cha": 365,
          "FutureClickCount_600-ip-dev-cha": 93,
          "FutureClickCount_600-app-dev-cha": 383,
          "FutureClickCount_600-ip-app-dev-cha": 97,
          "FutureClickCount_600-os-cha": 283,
          "FutureClickCount_600-ip-os-cha": 84,
          "FutureClickCount_600-app-os-cha": 357,
          "FutureClickCount_600-ip-app-os-cha": 77,
          "FutureClickCount_600-dev-os-cha": 290,
          "FutureClickCount_600-ip-dev-os-cha": 85,
          "FutureClickCount_600-app-dev-os-cha": 322,
          "FutureClickCount_600-ip-app-dev-os-cha": 90,
          "FutureClickCount_4800-ip": 756,
          "FutureClickCount_4800-app": 321,
          "FutureClickCount_4800-ip-app": 311,
          "FutureClickCount_4800-dev": 92,
          "FutureClickCount_4800-ip-dev": 994,
          "FutureClickCount_4800-app-dev": 201,
          "FutureClickCount_4800-ip-app-dev": 278,
          "FutureClickCount_4800-os": 141,
          "FutureClickCount_4800-ip-os": 507,
          "FutureClickCount_4800-app-os": 315,
          "FutureClickCount_4800-ip-app-os": 349,
          "FutureClickCount_4800-dev-os": 220,
          "FutureClickCount_4800-ip-dev-os": 799,
          "FutureClickCount_4800-app-dev-os": 491,
          "FutureClickCount_4800-ip-app-dev-os": 390,
          "FutureClickCount_4800-cha": 302,
          "FutureClickCount_4800-ip-cha": 220,
          "FutureClickCount_4800-app-cha": 517,
          "FutureClickCount_4800-ip-app-cha": 190,
          "FutureClickCount_4800-dev-cha": 232,
          "FutureClickCount_4800-ip-dev-cha": 168,
          "FutureClickCount_4800-app-dev-cha": 304,
          "FutureClickCount_4800-ip-app-dev-cha": 118,
          "FutureClickCount_4800-os-cha": 284,
          "FutureClickCount_4800-ip-os-cha": 125,
          "FutureClickCount_4800-app-os-cha": 317,
          "FutureClickCount_4800-ip-app-os-cha": 106,
          "FutureClickCount_4800-dev-os-cha": 307,
          "FutureClickCount_4800-ip-dev-os-cha": 120,
          "FutureClickCount_4800-app-dev-os-cha": 334,
          "FutureClickCount_4800-ip-app-dev-os-cha": 93,
          "NextClickTimeDelta-ip": 751,
          "NextClickTimeDelta-app": 115,
          "NextClickTimeDelta-ip-app": 957,
          "NextClickTimeDelta-dev": 73,
          "NextClickTimeDelta-ip-dev": 485,
          "NextClickTimeDelta-app-dev": 97,
          "NextClickTimeDelta-ip-app-dev": 586,
          "NextClickTimeDelta-os": 122,
          "NextClickTimeDelta-ip-os": 615,
          "NextClickTimeDelta-app-os": 210,
          "NextClickTimeDelta-ip-app-os": 1426,
          "NextClickTimeDelta-dev-os": 79,
          "NextClickTimeDelta-ip-dev-os": 421,
          "NextClickTimeDelta-app-dev-os": 142,
          "NextClickTimeDelta-ip-app-dev-os": 2316,
          "NextClickTimeDelta-cha": 141,
          "NextClickTimeDelta-ip-cha": 501,
          "NextClickTimeDelta-app-cha": 194,
          "NextClickTimeDelta-ip-app-cha": 432,
          "NextClickTimeDelta-dev-cha": 116,
          "NextClickTimeDelta-ip-dev-cha": 331,
          "NextClickTimeDelta-app-dev-cha": 128,
          "NextClickTimeDelta-ip-app-dev-cha": 340,
          "NextClickTimeDelta-os-cha": 222,
          "NextClickTimeDelta-ip-os-cha": 357,
          "NextClickTimeDelta-app-os-cha": 267,
          "NextClickTimeDelta-ip-app-os-cha": 441,
          "NextClickTimeDelta-dev-os-cha": 199,
          "NextClickTimeDelta-ip-dev-os-cha": 301,
          "NextClickTimeDelta-app-dev-os-cha": 199,
          "NextClickTimeDelta-ip-app-dev-os-cha": 570,
          "PrevClickTimeDelta-ip": 610,
          "PrevClickTimeDelta-app": 126,
          "PrevClickTimeDelta-ip-app": 403,
          "PrevClickTimeDelta-dev": 46,
          "PrevClickTimeDelta-ip-dev": 390,
          "PrevClickTimeDelta-app-dev": 93,
          "PrevClickTimeDelta-ip-app-dev": 290,
          "PrevClickTimeDelta-os": 81,
          "PrevClickTimeDelta-ip-os": 528,
          "PrevClickTimeDelta-app-os": 228,
          "PrevClickTimeDelta-ip-app-os": 351,
          "PrevClickTimeDelta-dev-os": 81,
          "PrevClickTimeDelta-ip-dev-os": 325,
          "PrevClickTimeDelta-app-dev-os": 173,
          "PrevClickTimeDelta-ip-app-dev-os": 315,
          "PrevClickTimeDelta-cha": 116,
          "PrevClickTimeDelta-ip-cha": 404,
          "PrevClickTimeDelta-app-cha": 180,
          "PrevClickTimeDelta-ip-app-cha": 269,
          "PrevClickTimeDelta-dev-cha": 118,
          "PrevClickTimeDelta-ip-dev-cha": 249,
          "PrevClickTimeDelta-app-dev-cha": 120,
          "PrevClickTimeDelta-ip-app-dev-cha": 203,
          "PrevClickTimeDelta-os-cha": 265,
          "PrevClickTimeDelta-ip-os-cha": 232,
          "PrevClickTimeDelta-app-os-cha": 230,
          "PrevClickTimeDelta-ip-app-os-cha": 210,
          "PrevClickTimeDelta-dev-os-cha": 196,
          "PrevClickTimeDelta-ip-dev-os-cha": 150,
          "PrevClickTimeDelta-app-dev-os-cha": 225,
          "PrevClickTimeDelta-ip-app-dev-os-cha": 169,
          "AverageAttributedRatio-ip": 463,
          "AverageAttributedRatio-app": 426,
          "AverageAttributedRatio-ip-app": 329,
          "AverageAttributedRatio-dev": 660,
          "AverageAttributedRatio-ip-dev": 454,
          "AverageAttributedRatio-app-dev": 262,
          "AverageAttributedRatio-ip-app-dev": 483,
          "AverageAttributedRatio-os": 388,
          "AverageAttributedRatio-ip-os": 298,
          "AverageAttributedRatio-app-os": 367,
          "AverageAttributedRatio-ip-app-os": 140,
          "AverageAttributedRatio-dev-os": 335,
          "AverageAttributedRatio-ip-dev-os": 301,
          "AverageAttributedRatio-app-dev-os": 370,
          "AverageAttributedRatio-ip-app-dev-os": 117,
          "AverageAttributedRatio-cha": 316,
          "AverageAttributedRatio-ip-cha": 167,
          "AverageAttributedRatio-app-cha": 330,
          "AverageAttributedRatio-ip-app-cha": 112,
          "AverageAttributedRatio-dev-cha": 221,
          "AverageAttributedRatio-ip-dev-cha": 120,
          "AverageAttributedRatio-app-dev-cha": 312,
          "AverageAttributedRatio-ip-app-dev-cha": 140,
          "AverageAttributedRatio-os-cha": 332,
          "AverageAttributedRatio-ip-os-cha": 105,
          "AverageAttributedRatio-app-os-cha": 453,
          "AverageAttributedRatio-ip-app-os-cha": 60,
          "AverageAttributedRatio-dev-os-cha": 293,
          "AverageAttributedRatio-ip-dev-os-cha": 68,
          "AverageAttributedRatio-app-dev-os-cha": 392,
          "AverageAttributedRatio-ip-app-dev-os-cha": 57,
          "KomakiLDA5NoDevice-ip-app-0": 958,
          "KomakiLDA5NoDevice-ip-app-1": 959,
          "KomakiLDA5NoDevice-ip-app-2": 947,
          "KomakiLDA5NoDevice-ip-app-3": 603,
          "KomakiLDA5NoDevice-ip-app-4": 481,
          "KomakiLDA5NoDevice-ip-os-0": 862,
          "KomakiLDA5NoDevice-ip-os-1": 889,
          "KomakiLDA5NoDevice-ip-os-2": 623,
          "KomakiLDA5NoDevice-ip-os-3": 696,
          "KomakiLDA5NoDevice-ip-os-4": 849,
          "KomakiLDA5NoDevice-ip-channel-0": 922,
          "KomakiLDA5NoDevice-ip-channel-1": 705,
          "KomakiLDA5NoDevice-ip-channel-2": 923,
          "KomakiLDA5NoDevice-ip-channel-3": 1001,
          "KomakiLDA5NoDevice-ip-channel-4": 1057,
          "KomakiLDA5NoDevice-app-ip-0": 269,
          "KomakiLDA5NoDevice-app-ip-1": 197,
          "KomakiLDA5NoDevice-app-ip-2": 166,
          "KomakiLDA5NoDevice-app-ip-3": 203,
          "KomakiLDA5NoDevice-app-ip-4": 117,
          "KomakiLDA5NoDevice-app-os-0": 127,
          "KomakiLDA5NoDevice-app-os-1": 208,
          "KomakiLDA5NoDevice-app-os-2": 125,
          "KomakiLDA5NoDevice-app-os-3": 112,
          "KomakiLDA5NoDevice-app-os-4": 125,
          "KomakiLDA5NoDevice-app-channel-0": 126,
          "KomakiLDA5NoDevice-app-channel-1": 144,
          "KomakiLDA5NoDevice-app-channel-2": 205,
          "KomakiLDA5NoDevice-app-channel-3": 172,
          "KomakiLDA5NoDevice-app-channel-4": 78,
          "KomakiLDA5NoDevice-os-ip-0": 296,
          "KomakiLDA5NoDevice-os-ip-1": 190,
          "KomakiLDA5NoDevice-os-ip-2": 204,
          "KomakiLDA5NoDevice-os-ip-3": 139,
          "KomakiLDA5NoDevice-os-ip-4": 220,
          "KomakiLDA5NoDevice-os-app-0": 258,
          "KomakiLDA5NoDevice-os-app-1": 311,
          "KomakiLDA5NoDevice-os-app-2": 106,
          "KomakiLDA5NoDevice-os-app-3": 205,
          "KomakiLDA5NoDevice-os-app-4": 111,
          "KomakiLDA5NoDevice-os-channel-0": 266,
          "KomakiLDA5NoDevice-os-channel-1": 139,
          "KomakiLDA5NoDevice-os-channel-2": 224,
          "KomakiLDA5NoDevice-os-channel-3": 261,
          "KomakiLDA5NoDevice-os-channel-4": 135,
          "KomakiLDA5NoDevice-channel-ip-0": 222,
          "KomakiLDA5NoDevice-channel-ip-1": 273,
          "KomakiLDA5NoDevice-channel-ip-2": 225,
          "KomakiLDA5NoDevice-channel-ip-3": 299,
          "KomakiLDA5NoDevice-channel-ip-4": 202,
          "KomakiLDA5NoDevice-channel-app-0": 212,
          "KomakiLDA5NoDevice-channel-app-1": 187,
          "KomakiLDA5NoDevice-channel-app-2": 248,
          "KomakiLDA5NoDevice-channel-app-3": 218,
          "KomakiLDA5NoDevice-channel-app-4": 154,
          "KomakiLDA5NoDevice-channel-os-0": 243,
          "KomakiLDA5NoDevice-channel-os-1": 317,
          "KomakiLDA5NoDevice-channel-os-2": 319,
          "KomakiLDA5NoDevice-channel-os-3": 244,
          "KomakiLDA5NoDevice-channel-os-4": 261,
          "KomakiNMF5NoDevice-ip-app-0": 516,
          "KomakiNMF5NoDevice-ip-app-1": 944,
          "KomakiNMF5NoDevice-ip-app-2": 611,
          "KomakiNMF5NoDevice-ip-app-3": 510,
          "KomakiNMF5NoDevice-ip-app-4": 551,
          "KomakiNMF5NoDevice-ip-os-0": 769,
          "KomakiNMF5NoDevice-ip-os-1": 769,
          "KomakiNMF5NoDevice-ip-os-2": 659,
          "KomakiNMF5NoDevice-ip-os-3": 649,
          "KomakiNMF5NoDevice-ip-os-4": 627,
          "KomakiNMF5NoDevice-ip-channel-0": 659,
          "KomakiNMF5NoDevice-ip-channel-1": 1074,
          "KomakiNMF5NoDevice-ip-channel-2": 578,
          "KomakiNMF5NoDevice-ip-channel-3": 804,
          "KomakiNMF5NoDevice-ip-channel-4": 709,
          "KomakiNMF5NoDevice-app-ip-0": 120,
          "KomakiNMF5NoDevice-app-ip-1": 107,
          "KomakiNMF5NoDevice-app-ip-2": 113,
          "KomakiNMF5NoDevice-app-ip-3": 100,
          "KomakiNMF5NoDevice-app-ip-4": 77,
          "KomakiNMF5NoDevice-app-os-0": 52,
          "KomakiNMF5NoDevice-app-os-1": 90,
          "KomakiNMF5NoDevice-app-os-2": 73,
          "KomakiNMF5NoDevice-app-os-3": 21,
          "KomakiNMF5NoDevice-app-os-4": 35,
          "KomakiNMF5NoDevice-app-channel-0": 84,
          "KomakiNMF5NoDevice-app-channel-1": 106,
          "KomakiNMF5NoDevice-app-channel-2": 98,
          "KomakiNMF5NoDevice-app-channel-3": 131,
          "KomakiNMF5NoDevice-app-channel-4": 96,
          "KomakiNMF5NoDevice-os-ip-0": 120,
          "KomakiNMF5NoDevice-os-ip-1": 106,
          "KomakiNMF5NoDevice-os-ip-2": 114,
          "KomakiNMF5NoDevice-os-ip-3": 119,
          "KomakiNMF5NoDevice-os-ip-4": 107,
          "KomakiNMF5NoDevice-os-app-0": 64,
          "KomakiNMF5NoDevice-os-app-1": 25,
          "KomakiNMF5NoDevice-os-app-2": 101,
          "KomakiNMF5NoDevice-os-app-3": 199,
          "KomakiNMF5NoDevice-os-app-4": 108,
          "KomakiNMF5NoDevice-os-channel-0": 242,
          "KomakiNMF5NoDevice-os-channel-1": 114,
          "KomakiNMF5NoDevice-os-channel-2": 244,
          "KomakiNMF5NoDevice-os-channel-3": 216,
          "KomakiNMF5NoDevice-os-channel-4": 150,
          "KomakiNMF5NoDevice-channel-ip-0": 297,
          "KomakiNMF5NoDevice-channel-ip-1": 182,
          "KomakiNMF5NoDevice-channel-ip-2": 156,
          "KomakiNMF5NoDevice-channel-ip-3": 237,
          "KomakiNMF5NoDevice-channel-ip-4": 188,
          "KomakiNMF5NoDevice-channel-app-0": 116,
          "KomakiNMF5NoDevice-channel-app-1": 63,
          "KomakiNMF5NoDevice-channel-app-2": 107,
          "KomakiNMF5NoDevice-channel-app-3": 122,
          "KomakiNMF5NoDevice-channel-app-4": 187,
          "KomakiNMF5NoDevice-channel-os-0": 206,
          "KomakiNMF5NoDevice-channel-os-1": 76,
          "KomakiNMF5NoDevice-channel-os-2": 190,
          "KomakiNMF5NoDevice-channel-os-3": 99,
          "KomakiNMF5NoDevice-channel-os-4": 246,
          "KomakiPCA5NoDevice-ip-app-0": 885,
          "KomakiPCA5NoDevice-ip-app-1": 662,
          "KomakiPCA5NoDevice-ip-app-2": 735,
          "KomakiPCA5NoDevice-ip-app-3": 490,
          "KomakiPCA5NoDevice-ip-app-4": 809,
          "KomakiPCA5NoDevice-ip-os-0": 1005,
          "KomakiPCA5NoDevice-ip-os-1": 620,
          "KomakiPCA5NoDevice-ip-os-2": 648,
          "KomakiPCA5NoDevice-ip-os-3": 588,
          "KomakiPCA5NoDevice-ip-os-4": 711,
          "KomakiPCA5NoDevice-ip-channel-0": 995,
          "KomakiPCA5NoDevice-ip-channel-1": 720,
          "KomakiPCA5NoDevice-ip-channel-2": 623,
          "KomakiPCA5NoDevice-ip-channel-3": 616,
          "KomakiPCA5NoDevice-ip-channel-4": 724,
          "KomakiPCA5NoDevice-app-ip-0": 81,
          "KomakiPCA5NoDevice-app-ip-1": 86,
          "KomakiPCA5NoDevice-app-ip-2": 104,
          "KomakiPCA5NoDevice-app-ip-3": 138,
          "KomakiPCA5NoDevice-app-ip-4": 77,
          "KomakiPCA5NoDevice-app-os-0": 114,
          "KomakiPCA5NoDevice-app-os-1": 64,
          "KomakiPCA5NoDevice-app-os-2": 121,
          "KomakiPCA5NoDevice-app-os-3": 122,
          "KomakiPCA5NoDevice-app-os-4": 89,
          "KomakiPCA5NoDevice-app-channel-0": 105,
          "KomakiPCA5NoDevice-app-channel-1": 136,
          "KomakiPCA5NoDevice-app-channel-2": 89,
          "KomakiPCA5NoDevice-app-channel-3": 100,
          "KomakiPCA5NoDevice-app-channel-4": 127,
          "KomakiPCA5NoDevice-os-ip-0": 57,
          "KomakiPCA5NoDevice-os-ip-1": 100,
          "KomakiPCA5NoDevice-os-ip-2": 145,
          "KomakiPCA5NoDevice-os-ip-3": 128,
          "KomakiPCA5NoDevice-os-ip-4": 115,
          "KomakiPCA5NoDevice-os-app-0": 94,
          "KomakiPCA5NoDevice-os-app-1": 129,
          "KomakiPCA5NoDevice-os-app-2": 100,
          "KomakiPCA5NoDevice-os-app-3": 156,
          "KomakiPCA5NoDevice-os-app-4": 169,
          "KomakiPCA5NoDevice-os-channel-0": 146,
          "KomakiPCA5NoDevice-os-channel-1": 171,
          "KomakiPCA5NoDevice-os-channel-2": 106,
          "KomakiPCA5NoDevice-os-channel-3": 110,
          "KomakiPCA5NoDevice-os-channel-4": 132,
          "KomakiPCA5NoDevice-channel-ip-0": 225,
          "KomakiPCA5NoDevice-channel-ip-1": 210,
          "KomakiPCA5NoDevice-channel-ip-2": 210,
          "KomakiPCA5NoDevice-channel-ip-3": 189,
          "KomakiPCA5NoDevice-channel-ip-4": 223,
          "KomakiPCA5NoDevice-channel-app-0": 214,
          "KomakiPCA5NoDevice-channel-app-1": 138,
          "KomakiPCA5NoDevice-channel-app-2": 164,
          "KomakiPCA5NoDevice-channel-app-3": 140,
          "KomakiPCA5NoDevice-channel-app-4": 155,
          "KomakiPCA5NoDevice-channel-os-0": 162,
          "KomakiPCA5NoDevice-channel-os-1": 189,
          "KomakiPCA5NoDevice-channel-os-2": 168,
          "KomakiPCA5NoDevice-channel-os-3": 203,
          "KomakiPCA5NoDevice-channel-os-4": 203
        }
      },
      {
        "train_auc": 0.9938120498560921,
        "valid_auc": 0.9843477066859584,
        "best_iteration": 534,
        "train_time": 406.88769578933716,
        "feature_importance": {
          "app": 3181,
          "hour": 3166,
          "n_channels": 871,
          "ip_app_count": 882,
          "ip_app_os_count": 1027,
          "FutureClickCount_600-ip": 519,
          "FutureClickCount_600-app": 427,
          "FutureClickCount_600-ip-app": 204,
          "FutureClickCount_600-dev": 293,
          "FutureClickCount_600-ip-dev": 487,
          "FutureClickCount_600-app-dev": 369,
          "FutureClickCount_600-ip-app-dev": 185,
          "FutureClickCount_600-os": 230,
          "FutureClickCount_600-ip-os": 390,
          "FutureClickCount_600-app-os": 399,
          "FutureClickCount_600-ip-app-os": 246,
          "FutureClickCount_600-dev-os": 563,
          "FutureClickCount_600-ip-dev-os": 331,
          "FutureClickCount_600-app-dev-os": 591,
          "FutureClickCount_600-ip-app-dev-os": 374,
          "FutureClickCount_600-cha": 399,
          "FutureClickCount_600-ip-cha": 124,
          "FutureClickCount_600-app-cha": 525,
          "FutureClickCount_600-ip-app-cha": 80,
          "FutureClickCount_600-dev-cha": 347,
          "FutureClickCount_600-ip-dev-cha": 99,
          "FutureClickCount_600-app-dev-cha": 287,
          "FutureClickCount_600-ip-app-dev-cha": 89,
          "FutureClickCount_600-os-cha": 266,
          "FutureClickCount_600-ip-os-cha": 97,
          "FutureClickCount_600-app-os-cha": 307,
          "FutureClickCount_600-ip-app-os-cha": 69,
          "FutureClickCount_600-dev-os-cha": 277,
          "FutureClickCount_600-ip-dev-os-cha": 57,
          "FutureClickCount_600-app-dev-os-cha": 278,
          "FutureClickCount_600-ip-app-dev-os-cha": 72,
          "FutureClickCount_4800-ip": 767,
          "FutureClickCount_4800-app": 316,
          "FutureClickCount_4800-ip-app": 330,
          "FutureClickCount_4800-dev": 80,
          "FutureClickCount_4800-ip-dev": 998,
          "FutureClickCount_4800-app-dev": 167,
          "FutureClickCount_4800-ip-app-dev": 247,
          "FutureClickCount_4800-os": 104,
          "FutureClickCount_4800-ip-os": 449,
          "FutureClickCount_4800-app-os": 273,
          "FutureClickCount_4800-ip-app-os": 310,
          "FutureClickCount_4800-dev-os": 193,
          "FutureClickCount_4800-ip-dev-os": 731,
          "FutureClickCount_4800-app-dev-os": 439,
          "FutureClickCount_4800-ip-app-dev-os": 355,
          "FutureClickCount_4800-cha": 264,
          "FutureClickCount_4800-ip-cha": 195,
          "FutureClickCount_4800-app-cha": 475,
          "FutureClickCount_4800-ip-app-cha": 162,
          "FutureClickCount_4800-dev-cha": 203,
          "FutureClickCount_4800-ip-dev-cha": 166,
          "FutureClickCount_4800-app-dev-cha": 258,
          "FutureClickCount_4800-ip-app-dev-cha": 122,
          "FutureClickCount_4800-os-cha": 282,
          "FutureClickCount_4800-ip-os-cha": 101,
          "FutureClickCount_4800-app-os-cha": 320,
          "FutureClickCount_4800-ip-app-os-cha": 97,
          "FutureClickCount_4800-dev-os-cha": 288,
          "FutureClickCount_4800-ip-dev-os-cha": 105,
          "FutureClickCount_4800-app-dev-os-cha": 318,
          "FutureClickCount_4800-ip-app-dev-os-cha": 101,
          "NextClickTimeDelta-ip": 686,
          "NextClickTimeDelta-app": 101,
          "NextClickTimeDelta-ip-app": 925,
          "NextClickTimeDelta-dev": 66,
          "NextClickTimeDelta-ip-dev": 461,
          "NextClickTimeDelta-app-dev": 94,
          "NextClickTimeDelta-ip-app-dev": 481,
          "NextClickTimeDelta-os": 95,
          "NextClickTimeDelta-ip-os": 533,
          "NextClickTimeDelta-app-os": 170,
          "NextClickTimeDelta-ip-app-os": 1282,
          "NextClickTimeDelta-dev-os": 83,
          "NextClickTimeDelta-ip-dev-os": 404,
          "NextClickTimeDelta-app-dev-os": 140,
          "NextClickTimeDelta-ip-app-dev-os": 2210,
          "NextClickTimeDelta-cha": 137,
          "NextClickTimeDelta-ip-cha": 501,
          "NextClickTimeDelta-app-cha": 197,
          "NextClickTimeDelta-ip-app-cha": 420,
          "NextClickTimeDelta-dev-cha": 103,
          "NextClickTimeDelta-ip-dev-cha": 351,
          "NextClickTimeDelta-app-dev-cha": 135,
          "NextClickTimeDelta-ip-app-dev-cha": 328,
          "NextClickTimeDelta-os-cha": 258,
          "NextClickTimeDelta-ip-os-cha": 312,
          "NextClickTimeDelta-app-os-cha": 244,
          "NextClickTimeDelta-ip-app-os-cha": 441,
          "NextClickTimeDelta-dev-os-cha": 189,
          "NextClickTimeDelta-ip-dev-os-cha": 263,
          "NextClickTimeDelta-app-dev-os-cha": 205,
          "NextClickTimeDelta-ip-app-dev-os-cha": 478,
          "PrevClickTimeDelta-ip": 501,
          "PrevClickTimeDelta-app": 111,
          "PrevClickTimeDelta-ip-app": 356,
          "PrevClickTimeDelta-dev": 71,
          "PrevClickTimeDelta-ip-dev": 335,
          "PrevClickTimeDelta-app-dev": 100,
          "PrevClickTimeDelta-ip-app-dev": 249,
          "PrevClickTimeDelta-os": 124,
          "PrevClickTimeDelta-ip-os": 421,
          "PrevClickTimeDelta-app-os": 173,
          "PrevClickTimeDelta-ip-app-os": 334,
          "PrevClickTimeDelta-dev-os": 78,
          "PrevClickTimeDelta-ip-dev-os": 283,
          "PrevClickTimeDelta-app-dev-os": 164,
          "PrevClickTimeDelta-ip-app-dev-os": 274,
          "PrevClickTimeDelta-cha": 117,
          "PrevClickTimeDelta-ip-cha": 354,
          "PrevClickTimeDelta-app-cha": 146,
          "PrevClickTimeDelta-ip-app-cha": 269,
          "PrevClickTimeDelta-dev-cha": 112,
          "PrevClickTimeDelta-ip-dev-cha": 222,
          "PrevClickTimeDelta-app-dev-cha": 98,
          "PrevClickTimeDelta-ip-app-dev-cha": 227,
          "PrevClickTimeDelta-os-cha": 244,
          "PrevClickTimeDelta-ip-os-cha": 262,
          "PrevClickTimeDelta-app-os-cha": 236,
          "PrevClickTimeDelta-ip-app-os-cha": 211,
          "PrevClickTimeDelta-dev-os-cha": 194,
          "PrevClickTimeDelta-ip-dev-os-cha": 174,
          "PrevClickTimeDelta-app-dev-os-cha": 211,
          "PrevClickTimeDelta-ip-app-dev-os-cha": 158,
          "AverageAttributedRatio-ip": 433,
          "AverageAttributedRatio-app": 361,
          "AverageAttributedRatio-ip-app": 341,
          "AverageAttributedRatio-dev": 625,
          "AverageAttributedRatio-ip-dev": 419,
          "AverageAttributedRatio-app-dev": 263,
          "AverageAttributedRatio-ip-app-dev": 460,
          "AverageAttributedRatio-os": 348,
          "AverageAttributedRatio-ip-os": 307,
          "AverageAttributedRatio-app-os": 348,
          "AverageAttributedRatio-ip-app-os": 133,
          "AverageAttributedRatio-dev-os": 321,
          "AverageAttributedRatio-ip-dev-os": 257,
          "AverageAttributedRatio-app-dev-os": 363,
          "AverageAttributedRatio-ip-app-dev-os": 126,
          "AverageAttributedRatio-cha": 324,
          "AverageAttributedRatio-ip-cha": 166,
          "AverageAttributedRatio-app-cha": 296,
          "AverageAttributedRatio-ip-app-cha": 155,
          "AverageAttributedRatio-dev-cha": 213,
          "AverageAttributedRatio-ip-dev-cha": 160,
          "AverageAttributedRatio-app-dev-cha": 264,
          "AverageAttributedRatio-ip-app-dev-cha": 143,
          "AverageAttributedRatio-os-cha": 299,
          "AverageAttributedRatio-ip-os-cha": 90,
          "AverageAttributedRatio-app-os-cha": 381,
          "AverageAttributedRatio-ip-app-os-cha": 50,
          "AverageAttributedRatio-dev-os-cha": 246,
          "AverageAttributedRatio-ip-dev-os-cha": 58,
          "AverageAttributedRatio-app-dev-os-cha": 394,
          "AverageAttributedRatio-ip-app-dev-os-cha": 52,
          "KomakiLDA5NoDevice-ip-app-0": 923,
          "KomakiLDA5NoDevice-ip-app-1": 877,
          "KomakiLDA5NoDevice-ip-app-2": 1005,
          "KomakiLDA5NoDevice-ip-app-3": 602,
          "KomakiLDA5NoDevice-ip-app-4": 498,
          "KomakiLDA5NoDevice-ip-os-0": 872,
          "KomakiLDA5NoDevice-ip-os-1": 855,
          "KomakiLDA5NoDevice-ip-os-2": 493,
          "KomakiLDA5NoDevice-ip-os-3": 667,
          "KomakiLDA5NoDevice-ip-os-4": 747,
          "KomakiLDA5NoDevice-ip-channel-0": 829,
          "KomakiLDA5NoDevice-ip-channel-1": 712,
          "KomakiLDA5NoDevice-ip-channel-2": 893,
          "KomakiLDA5NoDevice-ip-channel-3": 914,
          "KomakiLDA5NoDevice-ip-channel-4": 924,
          "KomakiLDA5NoDevice-app-ip-0": 230,
          "KomakiLDA5NoDevice-app-ip-1": 219,
          "KomakiLDA5NoDevice-app-ip-2": 169,
          "KomakiLDA5NoDevice-app-ip-3": 211,
          "KomakiLDA5NoDevice-app-ip-4": 139,
          "KomakiLDA5NoDevice-app-os-0": 103,
          "KomakiLDA5NoDevice-app-os-1": 202,
          "KomakiLDA5NoDevice-app-os-2": 135,
          "KomakiLDA5NoDevice-app-os-3": 104,
          "KomakiLDA5NoDevice-app-os-4": 160,
          "KomakiLDA5NoDevice-app-channel-0": 126,
          "KomakiLDA5NoDevice-app-channel-1": 129,
          "KomakiLDA5NoDevice-app-channel-2": 204,
          "KomakiLDA5NoDevice-app-channel-3": 165,
          "KomakiLDA5NoDevice-app-channel-4": 76,
          "KomakiLDA5NoDevice-os-ip-0": 290,
          "KomakiLDA5NoDevice-os-ip-1": 150,
          "KomakiLDA5NoDevice-os-ip-2": 195,
          "KomakiLDA5NoDevice-os-ip-3": 158,
          "KomakiLDA5NoDevice-os-ip-4": 202,
          "KomakiLDA5NoDevice-os-app-0": 246,
          "KomakiLDA5NoDevice-os-app-1": 240,
          "KomakiLDA5NoDevice-os-app-2": 111,
          "KomakiLDA5NoDevice-os-app-3": 177,
          "KomakiLDA5NoDevice-os-app-4": 88,
          "KomakiLDA5NoDevice-os-channel-0": 210,
          "KomakiLDA5NoDevice-os-channel-1": 102,
          "KomakiLDA5NoDevice-os-channel-2": 198,
          "KomakiLDA5NoDevice-os-channel-3": 255,
          "KomakiLDA5NoDevice-os-channel-4": 162,
          "KomakiLDA5NoDevice-channel-ip-0": 200,
          "KomakiLDA5NoDevice-channel-ip-1": 241,
          "KomakiLDA5NoDevice-channel-ip-2": 193,
          "KomakiLDA5NoDevice-channel-ip-3": 254,
          "KomakiLDA5NoDevice-channel-ip-4": 187,
          "KomakiLDA5NoDevice-channel-app-0": 229,
          "KomakiLDA5NoDevice-channel-app-1": 213,
          "KomakiLDA5NoDevice-channel-app-2": 214,
          "KomakiLDA5NoDevice-channel-app-3": 209,
          "KomakiLDA5NoDevice-channel-app-4": 172,
          "KomakiLDA5NoDevice-channel-os-0": 226,
          "KomakiLDA5NoDevice-channel-os-1": 248,
          "KomakiLDA5NoDevice-channel-os-2": 234,
          "KomakiLDA5NoDevice-channel-os-3": 218,
          "KomakiLDA5NoDevice-channel-os-4": 223,
          "KomakiNMF5NoDevice-ip-app-0": 467,
          "KomakiNMF5NoDevice-ip-app-1": 927,
          "KomakiNMF5NoDevice-ip-app-2": 579,
          "KomakiNMF5NoDevice-ip-app-3": 450,
          "KomakiNMF5NoDevice-ip-app-4": 578,
          "KomakiNMF5NoDevice-ip-os-0": 706,
          "KomakiNMF5NoDevice-ip-os-1": 679,
          "KomakiNMF5NoDevice-ip-os-2": 642,
          "KomakiNMF5NoDevice-ip-os-3": 618,
          "KomakiNMF5NoDevice-ip-os-4": 612,
          "KomakiNMF5NoDevice-ip-channel-0": 604,
          "KomakiNMF5NoDevice-ip-channel-1": 1024,
          "KomakiNMF5NoDevice-ip-channel-2": 493,
          "KomakiNMF5NoDevice-ip-channel-3": 795,
          "KomakiNMF5NoDevice-ip-channel-4": 581,
          "KomakiNMF5NoDevice-app-ip-0": 134,
          "KomakiNMF5NoDevice-app-ip-1": 120,
          "KomakiNMF5NoDevice-app-ip-2": 94,
          "KomakiNMF5NoDevice-app-ip-3": 105,
          "KomakiNMF5NoDevice-app-ip-4": 62,
          "KomakiNMF5NoDevice-app-os-0": 36,
          "KomakiNMF5NoDevice-app-os-1": 89,
          "KomakiNMF5NoDevice-app-os-2": 77,
          "KomakiNMF5NoDevice-app-os-3": 32,
          "KomakiNMF5NoDevice-app-os-4": 49,
          "KomakiNMF5NoDevice-app-channel-0": 112,
          "KomakiNMF5NoDevice-app-channel-1": 82,
          "KomakiNMF5NoDevice-app-channel-2": 81,
          "KomakiNMF5NoDevice-app-channel-3": 118,
          "KomakiNMF5NoDevice-app-channel-4": 95,
          "KomakiNMF5NoDevice-os-ip-0": 114,
          "KomakiNMF5NoDevice-os-ip-1": 106,
          "KomakiNMF5NoDevice-os-ip-2": 141,
          "KomakiNMF5NoDevice-os-ip-3": 115,
          "KomakiNMF5NoDevice-os-ip-4": 92,
          "KomakiNMF5NoDevice-os-app-0": 65,
          "KomakiNMF5NoDevice-os-app-1": 12,
          "KomakiNMF5NoDevice-os-app-2": 75,
          "KomakiNMF5NoDevice-os-app-3": 150,
          "KomakiNMF5NoDevice-os-app-4": 109,
          "KomakiNMF5NoDevice-os-channel-0": 242,
          "KomakiNMF5NoDevice-os-channel-1": 106,
          "KomakiNMF5NoDevice-os-channel-2": 208,
          "KomakiNMF5NoDevice-os-channel-3": 177,
          "KomakiNMF5NoDevice-os-channel-4": 126,
          "KomakiNMF5NoDevice-channel-ip-0": 264,
          "KomakiNMF5NoDevice-channel-ip-1": 179,
          "KomakiNMF5NoDevice-channel-ip-2": 178,
          "KomakiNMF5NoDevice-channel-ip-3": 254,
          "KomakiNMF5NoDevice-channel-ip-4": 219,
          "KomakiNMF5NoDevice-channel-app-0": 97,
          "KomakiNMF5NoDevice-channel-app-1": 48,
          "KomakiNMF5NoDevice-channel-app-2": 104,
          "KomakiNMF5NoDevice-channel-app-3": 103,
          "KomakiNMF5NoDevice-channel-app-4": 165,
          "KomakiNMF5NoDevice-channel-os-0": 211,
          "KomakiNMF5NoDevice-channel-os-1": 80,
          "KomakiNMF5NoDevice-channel-os-2": 192,
          "KomakiNMF5NoDevice-channel-os-3": 118,
          "KomakiNMF5NoDevice-channel-os-4": 186,
          "KomakiPCA5NoDevice-ip-app-0": 761,
          "KomakiPCA5NoDevice-ip-app-1": 590,
          "KomakiPCA5NoDevice-ip-app-2": 646,
          "KomakiPCA5NoDevice-ip-app-3": 477,
          "KomakiPCA5NoDevice-ip-app-4": 839,
          "KomakiPCA5NoDevice-ip-os-0": 935,
          "KomakiPCA5NoDevice-ip-os-1": 593,
          "KomakiPCA5NoDevice-ip-os-2": 557,
          "KomakiPCA5NoDevice-ip-os-3": 552,
          "KomakiPCA5NoDevice-ip-os-4": 648,
          "KomakiPCA5NoDevice-ip-channel-0": 906,
          "KomakiPCA5NoDevice-ip-channel-1": 620,
          "KomakiPCA5NoDevice-ip-channel-2": 663,
          "KomakiPCA5NoDevice-ip-channel-3": 587,
          "KomakiPCA5NoDevice-ip-channel-4": 626,
          "KomakiPCA5NoDevice-app-ip-0": 89,
          "KomakiPCA5NoDevice-app-ip-1": 89,
          "KomakiPCA5NoDevice-app-ip-2": 89,
          "KomakiPCA5NoDevice-app-ip-3": 122,
          "KomakiPCA5NoDevice-app-ip-4": 80,
          "KomakiPCA5NoDevice-app-os-0": 110,
          "KomakiPCA5NoDevice-app-os-1": 66,
          "KomakiPCA5NoDevice-app-os-2": 112,
          "KomakiPCA5NoDevice-app-os-3": 102,
          "KomakiPCA5NoDevice-app-os-4": 115,
          "KomakiPCA5NoDevice-app-channel-0": 71,
          "KomakiPCA5NoDevice-app-channel-1": 126,
          "KomakiPCA5NoDevice-app-channel-2": 83,
          "KomakiPCA5NoDevice-app-channel-3": 81,
          "KomakiPCA5NoDevice-app-channel-4": 103,
          "KomakiPCA5NoDevice-os-ip-0": 63,
          "KomakiPCA5NoDevice-os-ip-1": 95,
          "KomakiPCA5NoDevice-os-ip-2": 125,
          "KomakiPCA5NoDevice-os-ip-3": 148,
          "KomakiPCA5NoDevice-os-ip-4": 116,
          "KomakiPCA5NoDevice-os-app-0": 117,
          "KomakiPCA5NoDevice-os-app-1": 92,
          "KomakiPCA5NoDevice-os-app-2": 70,
          "KomakiPCA5NoDevice-os-app-3": 147,
          "KomakiPCA5NoDevice-os-app-4": 190,
          "KomakiPCA5NoDevice-os-channel-0": 131,
          "KomakiPCA5NoDevice-os-channel-1": 177,
          "KomakiPCA5NoDevice-os-channel-2": 109,
          "KomakiPCA5NoDevice-os-channel-3": 101,
          "KomakiPCA5NoDevice-os-channel-4": 106,
          "KomakiPCA5NoDevice-channel-ip-0": 187,
          "KomakiPCA5NoDevice-channel-ip-1": 222,
          "KomakiPCA5NoDevice-channel-ip-2": 205,
          "KomakiPCA5NoDevice-channel-ip-3": 178,
          "KomakiPCA5NoDevice-channel-ip-4": 227,
          "KomakiPCA5NoDevice-channel-app-0": 213,
          "KomakiPCA5NoDevice-channel-app-1": 123,
          "KomakiPCA5NoDevice-channel-app-2": 151,
          "KomakiPCA5NoDevice-channel-app-3": 152,
          "KomakiPCA5NoDevice-channel-app-4": 128,
          "KomakiPCA5NoDevice-channel-os-0": 182,
          "KomakiPCA5NoDevice-channel-os-1": 171,
          "KomakiPCA5NoDevice-channel-os-2": 144,
          "KomakiPCA5NoDevice-channel-os-3": 146,
          "KomakiPCA5NoDevice-channel-os-4": 180
        }
      },
      {
        "train_auc": 0.9937049118786095,
        "valid_auc": 0.9843380225678112,
        "best_iteration": 527,
        "train_time": 403.995792388916,
        "feature_importance": {
          "app": 3041,
          "hour": 2935,
          "n_channels": 829,
          "ip_app_count": 824,
          "ip_app_os_count": 1072,
          "FutureClickCount_600-ip": 515,
          "FutureClickCount_600-app": 400,
          "FutureClickCount_600-ip-app": 212,
          "FutureClickCount_600-dev": 266,
          "FutureClickCount_600-ip-dev": 440,
          "FutureClickCount_600-app-dev": 360,
          "FutureClickCount_600-ip-app-dev": 151,
          "FutureClickCount_600-os": 268,
          "FutureClickCount_600-ip-os": 353,
          "FutureClickCount_600-app-os": 392,
          "FutureClickCount_600-ip-app-os": 219,
          "FutureClickCount_600-dev-os": 540,
          "FutureClickCount_600-ip-dev-os": 306,
          "FutureClickCount_600-app-dev-os": 598,
          "FutureClickCount_600-ip-app-dev-os": 355,
          "FutureClickCount_600-cha": 429,
          "FutureClickCount_600-ip-cha": 116,
          "FutureClickCount_600-app-cha": 532,
          "FutureClickCount_600-ip-app-cha": 92,
          "FutureClickCount_600-dev-cha": 285,
          "FutureClickCount_600-ip-dev-cha": 113,
          "FutureClickCount_600-app-dev-cha": 345,
          "FutureClickCount_600-ip-app-dev-cha": 99,
          "FutureClickCount_600-os-cha": 241,
          "FutureClickCount_600-ip-os-cha": 85,
          "FutureClickCount_600-app-os-cha": 313,
          "FutureClickCount_600-ip-app-os-cha": 94,
          "FutureClickCount_600-dev-os-cha": 298,
          "FutureClickCount_600-ip-dev-os-cha": 69,
          "FutureClickCount_600-app-dev-os-cha": 294,
          "FutureClickCount_600-ip-app-dev-os-cha": 78,
          "FutureClickCount_4800-ip": 706,
          "FutureClickCount_4800-app": 349,
          "FutureClickCount_4800-ip-app": 303,
          "FutureClickCount_4800-dev": 75,
          "FutureClickCount_4800-ip-dev": 894,
          "FutureClickCount_4800-app-dev": 201,
          "FutureClickCount_4800-ip-app-dev": 251,
          "FutureClickCount_4800-os": 123,
          "FutureClickCount_4800-ip-os": 449,
          "FutureClickCount_4800-app-os": 258,
          "FutureClickCount_4800-ip-app-os": 286,
          "FutureClickCount_4800-dev-os": 215,
          "FutureClickCount_4800-ip-dev-os": 732,
          "FutureClickCount_4800-app-dev-os": 441,
          "FutureClickCount_4800-ip-app-dev-os": 366,
          "FutureClickCount_4800-cha": 285,
          "FutureClickCount_4800-ip-cha": 201,
          "FutureClickCount_4800-app-cha": 523,
          "FutureClickCount_4800-ip-app-cha": 140,
          "FutureClickCount_4800-dev-cha": 204,
          "FutureClickCount_4800-ip-dev-cha": 147,
          "FutureClickCount_4800-app-dev-cha": 229,
          "FutureClickCount_4800-ip-app-dev-cha": 121,
          "FutureClickCount_4800-os-cha": 290,
          "FutureClickCount_4800-ip-os-cha": 129,
          "FutureClickCount_4800-app-os-cha": 276,
          "FutureClickCount_4800-ip-app-os-cha": 91,
          "FutureClickCount_4800-dev-os-cha": 284,
          "FutureClickCount_4800-ip-dev-os-cha": 99,
          "FutureClickCount_4800-app-dev-os-cha": 274,
          "FutureClickCount_4800-ip-app-dev-os-cha": 99,
          "NextClickTimeDelta-ip": 633,
          "NextClickTimeDelta-app": 104,
          "NextClickTimeDelta-ip-app": 897,
          "NextClickTimeDelta-dev": 66,
          "NextClickTimeDelta-ip-dev": 408,
          "NextClickTimeDelta-app-dev": 89,
          "NextClickTimeDelta-ip-app-dev": 479,
          "NextClickTimeDelta-os": 81,
          "NextClickTimeDelta-ip-os": 538,
          "NextClickTimeDelta-app-os": 196,
          "NextClickTimeDelta-ip-app-os": 1369,
          "NextClickTimeDelta-dev-os": 95,
          "NextClickTimeDelta-ip-dev-os": 403,
          "NextClickTimeDelta-app-dev-os": 134,
          "NextClickTimeDelta-ip-app-dev-os": 2190,
          "NextClickTimeDelta-cha": 109,
          "NextClickTimeDelta-ip-cha": 428,
          "NextClickTimeDelta-app-cha": 169,
          "NextClickTimeDelta-ip-app-cha": 365,
          "NextClickTimeDelta-dev-cha": 95,
          "NextClickTimeDelta-ip-dev-cha": 315,
          "NextClickTimeDelta-app-dev-cha": 126,
          "NextClickTimeDelta-ip-app-dev-cha": 325,
          "NextClickTimeDelta-os-cha": 210,
          "NextClickTimeDelta-ip-os-cha": 304,
          "NextClickTimeDelta-app-os-cha": 252,
          "NextClickTimeDelta-ip-app-os-cha": 385,
          "NextClickTimeDelta-dev-os-cha": 153,
          "NextClickTimeDelta-ip-dev-os-cha": 265,
          "NextClickTimeDelta-app-dev-os-cha": 166,
          "NextClickTimeDelta-ip-app-dev-os-cha": 494,
          "PrevClickTimeDelta-ip": 493,
          "PrevClickTimeDelta-app": 95,
          "PrevClickTimeDelta-ip-app": 374,
          "PrevClickTimeDelta-dev": 58,
          "PrevClickTimeDelta-ip-dev": 255,
          "PrevClickTimeDelta-app-dev": 78,
          "PrevClickTimeDelta-ip-app-dev": 227,
          "PrevClickTimeDelta-os": 80,
          "PrevClickTimeDelta-ip-os": 424,
          "PrevClickTimeDelta-app-os": 160,
          "PrevClickTimeDelta-ip-app-os": 293,
          "PrevClickTimeDelta-dev-os": 78,
          "PrevClickTimeDelta-ip-dev-os": 278,
          "PrevClickTimeDelta-app-dev-os": 162,
          "PrevClickTimeDelta-ip-app-dev-os": 303,
          "PrevClickTimeDelta-cha": 108,
          "PrevClickTimeDelta-ip-cha": 358,
          "PrevClickTimeDelta-app-cha": 152,
          "PrevClickTimeDelta-ip-app-cha": 285,
          "PrevClickTimeDelta-dev-cha": 105,
          "PrevClickTimeDelta-ip-dev-cha": 212,
          "PrevClickTimeDelta-app-dev-cha": 103,
          "PrevClickTimeDelta-ip-app-dev-cha": 178,
          "PrevClickTimeDelta-os-cha": 247,
          "PrevClickTimeDelta-ip-os-cha": 236,
          "PrevClickTimeDelta-app-os-cha": 230,
          "PrevClickTimeDelta-ip-app-os-cha": 199,
          "PrevClickTimeDelta-dev-os-cha": 165,
          "PrevClickTimeDelta-ip-dev-os-cha": 165,
          "PrevClickTimeDelta-app-dev-os-cha": 185,
          "PrevClickTimeDelta-ip-app-dev-os-cha": 124,
          "AverageAttributedRatio-ip": 419,
          "AverageAttributedRatio-app": 340,
          "AverageAttributedRatio-ip-app": 285,
          "AverageAttributedRatio-dev": 612,
          "AverageAttributedRatio-ip-dev": 395,
          "AverageAttributedRatio-app-dev": 304,
          "AverageAttributedRatio-ip-app-dev": 439,
          "AverageAttributedRatio-os": 358,
          "AverageAttributedRatio-ip-os": 292,
          "AverageAttributedRatio-app-os": 361,
          "AverageAttributedRatio-ip-app-os": 131,
          "AverageAttributedRatio-dev-os": 291,
          "AverageAttributedRatio-ip-dev-os": 269,
          "AverageAttributedRatio-app-dev-os": 313,
          "AverageAttributedRatio-ip-app-dev-os": 100,
          "AverageAttributedRatio-cha": 338,
          "AverageAttributedRatio-ip-cha": 178,
          "AverageAttributedRatio-app-cha": 286,
          "AverageAttributedRatio-ip-app-cha": 155,
          "AverageAttributedRatio-dev-cha": 225,
          "AverageAttributedRatio-ip-dev-cha": 134,
          "AverageAttributedRatio-app-dev-cha": 287,
          "AverageAttributedRatio-ip-app-dev-cha": 122,
          "AverageAttributedRatio-os-cha": 313,
          "AverageAttributedRatio-ip-os-cha": 86,
          "AverageAttributedRatio-app-os-cha": 428,
          "AverageAttributedRatio-ip-app-os-cha": 59,
          "AverageAttributedRatio-dev-os-cha": 274,
          "AverageAttributedRatio-ip-dev-os-cha": 77,
          "AverageAttributedRatio-app-dev-os-cha": 367,
          "AverageAttributedRatio-ip-app-dev-os-cha": 66,
          "KomakiLDA5NoDevice-ip-app-0": 923,
          "KomakiLDA5NoDevice-ip-app-1": 918,
          "KomakiLDA5NoDevice-ip-app-2": 949,
          "KomakiLDA5NoDevice-ip-app-3": 560,
          "KomakiLDA5NoDevice-ip-app-4": 447,
          "KomakiLDA5NoDevice-ip-os-0": 819,
          "KomakiLDA5NoDevice-ip-os-1": 822,
          "KomakiLDA5NoDevice-ip-os-2": 504,
          "KomakiLDA5NoDevice-ip-os-3": 643,
          "KomakiLDA5NoDevice-ip-os-4": 795,
          "KomakiLDA5NoDevice-ip-channel-0": 868,
          "KomakiLDA5NoDevice-ip-channel-1": 670,
          "KomakiLDA5NoDevice-ip-channel-2": 860,
          "KomakiLDA5NoDevice-ip-channel-3": 900,
          "KomakiLDA5NoDevice-ip-channel-4": 922,
          "KomakiLDA5NoDevice-app-ip-0": 232,
          "KomakiLDA5NoDevice-app-ip-1": 220,
          "KomakiLDA5NoDevice-app-ip-2": 198,
          "KomakiLDA5NoDevice-app-ip-3": 207,
          "KomakiLDA5NoDevice-app-ip-4": 131,
          "KomakiLDA5NoDevice-app-os-0": 116,
          "KomakiLDA5NoDevice-app-os-1": 186,
          "KomakiLDA5NoDevice-app-os-2": 109,
          "KomakiLDA5NoDevice-app-os-3": 112,
          "KomakiLDA5NoDevice-app-os-4": 144,
          "KomakiLDA5NoDevice-app-channel-0": 120,
          "KomakiLDA5NoDevice-app-channel-1": 141,
          "KomakiLDA5NoDevice-app-channel-2": 201,
          "KomakiLDA5NoDevice-app-channel-3": 154,
          "KomakiLDA5NoDevice-app-channel-4": 73,
          "KomakiLDA5NoDevice-os-ip-0": 310,
          "KomakiLDA5NoDevice-os-ip-1": 175,
          "KomakiLDA5NoDevice-os-ip-2": 211,
          "KomakiLDA5NoDevice-os-ip-3": 145,
          "KomakiLDA5NoDevice-os-ip-4": 204,
          "KomakiLDA5NoDevice-os-app-0": 283,
          "KomakiLDA5NoDevice-os-app-1": 266,
          "KomakiLDA5NoDevice-os-app-2": 98,
          "KomakiLDA5NoDevice-os-app-3": 185,
          "KomakiLDA5NoDevice-os-app-4": 106,
          "KomakiLDA5NoDevice-os-channel-0": 221,
          "KomakiLDA5NoDevice-os-channel-1": 108,
          "KomakiLDA5NoDevice-os-channel-2": 179,
          "KomakiLDA5NoDevice-os-channel-3": 244,
          "KomakiLDA5NoDevice-os-channel-4": 159,
          "KomakiLDA5NoDevice-channel-ip-0": 195,
          "KomakiLDA5NoDevice-channel-ip-1": 323,
          "KomakiLDA5NoDevice-channel-ip-2": 227,
          "KomakiLDA5NoDevice-channel-ip-3": 257,
          "KomakiLDA5NoDevice-channel-ip-4": 187,
          "KomakiLDA5NoDevice-channel-app-0": 210,
          "KomakiLDA5NoDevice-channel-app-1": 180,
          "KomakiLDA5NoDevice-channel-app-2": 205,
          "KomakiLDA5NoDevice-channel-app-3": 190,
          "KomakiLDA5NoDevice-channel-app-4": 180,
          "KomakiLDA5NoDevice-channel-os-0": 216,
          "KomakiLDA5NoDevice-channel-os-1": 257,
          "KomakiLDA5NoDevice-channel-os-2": 219,
          "KomakiLDA5NoDevice-channel-os-3": 200,
          "KomakiLDA5NoDevice-channel-os-4": 212,
          "KomakiNMF5NoDevice-ip-app-0": 411,
          "KomakiNMF5NoDevice-ip-app-1": 878,
          "KomakiNMF5NoDevice-ip-app-2": 660,
          "KomakiNMF5NoDevice-ip-app-3": 464,
          "KomakiNMF5NoDevice-ip-app-4": 538,
          "KomakiNMF5NoDevice-ip-os-0": 686,
          "KomakiNMF5NoDevice-ip-os-1": 645,
          "KomakiNMF5NoDevice-ip-os-2": 612,
          "KomakiNMF5NoDevice-ip-os-3": 573,
          "KomakiNMF5NoDevice-ip-os-4": 533,
          "KomakiNMF5NoDevice-ip-channel-0": 578,
          "KomakiNMF5NoDevice-ip-channel-1": 1007,
          "KomakiNMF5NoDevice-ip-channel-2": 542,
          "KomakiNMF5NoDevice-ip-channel-3": 703,
          "KomakiNMF5NoDevice-ip-channel-4": 604,
          "KomakiNMF5NoDevice-app-ip-0": 129,
          "KomakiNMF5NoDevice-app-ip-1": 126,
          "KomakiNMF5NoDevice-app-ip-2": 98,
          "KomakiNMF5NoDevice-app-ip-3": 116,
          "KomakiNMF5NoDevice-app-ip-4": 65,
          "KomakiNMF5NoDevice-app-os-0": 37,
          "KomakiNMF5NoDevice-app-os-1": 103,
          "KomakiNMF5NoDevice-app-os-2": 94,
          "KomakiNMF5NoDevice-app-os-3": 19,
          "KomakiNMF5NoDevice-app-os-4": 56,
          "KomakiNMF5NoDevice-app-channel-0": 104,
          "KomakiNMF5NoDevice-app-channel-1": 87,
          "KomakiNMF5NoDevice-app-channel-2": 93,
          "KomakiNMF5NoDevice-app-channel-3": 117,
          "KomakiNMF5NoDevice-app-channel-4": 83,
          "KomakiNMF5NoDevice-os-ip-0": 115,
          "KomakiNMF5NoDevice-os-ip-1": 117,
          "KomakiNMF5NoDevice-os-ip-2": 107,
          "KomakiNMF5NoDevice-os-ip-3": 94,
          "KomakiNMF5NoDevice-os-ip-4": 81,
          "KomakiNMF5NoDevice-os-app-0": 57,
          "KomakiNMF5NoDevice-os-app-1": 18,
          "KomakiNMF5NoDevice-os-app-2": 98,
          "KomakiNMF5NoDevice-os-app-3": 155,
          "KomakiNMF5NoDevice-os-app-4": 101,
          "KomakiNMF5NoDevice-os-channel-0": 248,
          "KomakiNMF5NoDevice-os-channel-1": 90,
          "KomakiNMF5NoDevice-os-channel-2": 246,
          "KomakiNMF5NoDevice-os-channel-3": 149,
          "KomakiNMF5NoDevice-os-channel-4": 147,
          "KomakiNMF5NoDevice-channel-ip-0": 256,
          "KomakiNMF5NoDevice-channel-ip-1": 154,
          "KomakiNMF5NoDevice-channel-ip-2": 160,
          "KomakiNMF5NoDevice-channel-ip-3": 200,
          "KomakiNMF5NoDevice-channel-ip-4": 209,
          "KomakiNMF5NoDevice-channel-app-0": 101,
          "KomakiNMF5NoDevice-channel-app-1": 45,
          "KomakiNMF5NoDevice-channel-app-2": 110,
          "KomakiNMF5NoDevice-channel-app-3": 104,
          "KomakiNMF5NoDevice-channel-app-4": 171,
          "KomakiNMF5NoDevice-channel-os-0": 220,
          "KomakiNMF5NoDevice-channel-os-1": 78,
          "KomakiNMF5NoDevice-channel-os-2": 184,
          "KomakiNMF5NoDevice-channel-os-3": 101,
          "KomakiNMF5NoDevice-channel-os-4": 189,
          "KomakiPCA5NoDevice-ip-app-0": 746,
          "KomakiPCA5NoDevice-ip-app-1": 637,
          "KomakiPCA5NoDevice-ip-app-2": 580,
          "KomakiPCA5NoDevice-ip-app-3": 466,
          "KomakiPCA5NoDevice-ip-app-4": 749,
          "KomakiPCA5NoDevice-ip-os-0": 997,
          "KomakiPCA5NoDevice-ip-os-1": 492,
          "KomakiPCA5NoDevice-ip-os-2": 626,
          "KomakiPCA5NoDevice-ip-os-3": 577,
          "KomakiPCA5NoDevice-ip-os-4": 587,
          "KomakiPCA5NoDevice-ip-channel-0": 900,
          "KomakiPCA5NoDevice-ip-channel-1": 674,
          "KomakiPCA5NoDevice-ip-channel-2": 638,
          "KomakiPCA5NoDevice-ip-channel-3": 569,
          "KomakiPCA5NoDevice-ip-channel-4": 669,
          "KomakiPCA5NoDevice-app-ip-0": 77,
          "KomakiPCA5NoDevice-app-ip-1": 93,
          "KomakiPCA5NoDevice-app-ip-2": 95,
          "KomakiPCA5NoDevice-app-ip-3": 124,
          "KomakiPCA5NoDevice-app-ip-4": 80,
          "KomakiPCA5NoDevice-app-os-0": 97,
          "KomakiPCA5NoDevice-app-os-1": 84,
          "KomakiPCA5NoDevice-app-os-2": 134,
          "KomakiPCA5NoDevice-app-os-3": 113,
          "KomakiPCA5NoDevice-app-os-4": 100,
          "KomakiPCA5NoDevice-app-channel-0": 91,
          "KomakiPCA5NoDevice-app-channel-1": 122,
          "KomakiPCA5NoDevice-app-channel-2": 76,
          "KomakiPCA5NoDevice-app-channel-3": 96,
          "KomakiPCA5NoDevice-app-channel-4": 109,
          "KomakiPCA5NoDevice-os-ip-0": 51,
          "KomakiPCA5NoDevice-os-ip-1": 97,
          "KomakiPCA5NoDevice-os-ip-2": 114,
          "KomakiPCA5NoDevice-os-ip-3": 134,
          "KomakiPCA5NoDevice-os-ip-4": 119,
          "KomakiPCA5NoDevice-os-app-0": 102,
          "KomakiPCA5NoDevice-os-app-1": 122,
          "KomakiPCA5NoDevice-os-app-2": 87,
          "KomakiPCA5NoDevice-os-app-3": 170,
          "KomakiPCA5NoDevice-os-app-4": 165,
          "KomakiPCA5NoDevice-os-channel-0": 124,
          "KomakiPCA5NoDevice-os-channel-1": 157,
          "KomakiPCA5NoDevice-os-channel-2": 102,
          "KomakiPCA5NoDevice-os-channel-3": 90,
          "KomakiPCA5NoDevice-os-channel-4": 104,
          "KomakiPCA5NoDevice-channel-ip-0": 200,
          "KomakiPCA5NoDevice-channel-ip-1": 214,
          "KomakiPCA5NoDevice-channel-ip-2": 175,
          "KomakiPCA5NoDevice-channel-ip-3": 180,
          "KomakiPCA5NoDevice-channel-ip-4": 233,
          "KomakiPCA5NoDevice-channel-app-0": 196,
          "KomakiPCA5NoDevice-channel-app-1": 136,
          "KomakiPCA5NoDevice-channel-app-2": 154,
          "KomakiPCA5NoDevice-channel-app-3": 133,
          "KomakiPCA5NoDevice-channel-app-4": 153,
          "KomakiPCA5NoDevice-channel-os-0": 154,
          "KomakiPCA5NoDevice-channel-os-1": 205,
          "KomakiPCA5NoDevice-channel-os-2": 127,
          "KomakiPCA5NoDevice-channel-os-3": 169,
          "KomakiPCA5NoDevice-channel-os-4": 145
        }
      },
      {
        "train_auc": 0.9953749558997701,
        "valid_auc": 0.9843898018914922,
        "best_iteration": 712,
        "train_time": 523.4118041992188,
        "feature_importance": {
          "app": 3894,
          "hour": 4246,
          "n_channels": 1087,
          "ip_app_count": 1131,
          "ip_app_os_count": 1210,
          "FutureClickCount_600-ip": 617,
          "FutureClickCount_600-app": 579,
          "FutureClickCount_600-ip-app": 281,
          "FutureClickCount_600-dev": 309,
          "FutureClickCount_600-ip-dev": 577,
          "FutureClickCount_600-app-dev": 479,
          "FutureClickCount_600-ip-app-dev": 243,
          "FutureClickCount_600-os": 374,
          "FutureClickCount_600-ip-os": 543,
          "FutureClickCount_600-app-os": 545,
          "FutureClickCount_600-ip-app-os": 275,
          "FutureClickCount_600-dev-os": 671,
          "FutureClickCount_600-ip-dev-os": 448,
          "FutureClickCount_600-app-dev-os": 667,
          "FutureClickCount_600-ip-app-dev-os": 385,
          "FutureClickCount_600-cha": 535,
          "FutureClickCount_600-ip-cha": 162,
          "FutureClickCount_600-app-cha": 665,
          "FutureClickCount_600-ip-app-cha": 130,
          "FutureClickCount_600-dev-cha": 446,
          "FutureClickCount_600-ip-dev-cha": 179,
          "FutureClickCount_600-app-dev-cha": 478,
          "FutureClickCount_600-ip-app-dev-cha": 118,
          "FutureClickCount_600-os-cha": 399,
          "FutureClickCount_600-ip-os-cha": 102,
          "FutureClickCount_600-app-os-cha": 418,
          "FutureClickCount_600-ip-app-os-cha": 82,
          "FutureClickCount_600-dev-os-cha": 415,
          "FutureClickCount_600-ip-dev-os-cha": 91,
          "FutureClickCount_600-app-dev-os-cha": 386,
          "FutureClickCount_600-ip-app-dev-os-cha": 83,
          "FutureClickCount_4800-ip": 921,
          "FutureClickCount_4800-app": 389,
          "FutureClickCount_4800-ip-app": 430,
          "FutureClickCount_4800-dev": 96,
          "FutureClickCount_4800-ip-dev": 1124,
          "FutureClickCount_4800-app-dev": 206,
          "FutureClickCount_4800-ip-app-dev": 372,
          "FutureClickCount_4800-os": 168,
          "FutureClickCount_4800-ip-os": 592,
          "FutureClickCount_4800-app-os": 387,
          "FutureClickCount_4800-ip-app-os": 381,
          "FutureClickCount_4800-dev-os": 218,
          "FutureClickCount_4800-ip-dev-os": 890,
          "FutureClickCount_4800-app-dev-os": 511,
          "FutureClickCount_4800-ip-app-dev-os": 413,
          "FutureClickCount_4800-cha": 391,
          "FutureClickCount_4800-ip-cha": 264,
          "FutureClickCount_4800-app-cha": 672,
          "FutureClickCount_4800-ip-app-cha": 222,
          "FutureClickCount_4800-dev-cha": 271,
          "FutureClickCount_4800-ip-dev-cha": 267,
          "FutureClickCount_4800-app-dev-cha": 381,
          "FutureClickCount_4800-ip-app-dev-cha": 226,
          "FutureClickCount_4800-os-cha": 358,
          "FutureClickCount_4800-ip-os-cha": 160,
          "FutureClickCount_4800-app-os-cha": 385,
          "FutureClickCount_4800-ip-app-os-cha": 130,
          "FutureClickCount_4800-dev-os-cha": 357,
          "FutureClickCount_4800-ip-dev-os-cha": 126,
          "FutureClickCount_4800-app-dev-os-cha": 377,
          "FutureClickCount_4800-ip-app-dev-os-cha": 153,
          "NextClickTimeDelta-ip": 781,
          "NextClickTimeDelta-app": 125,
          "NextClickTimeDelta-ip-app": 1084,
          "NextClickTimeDelta-dev": 89,
          "NextClickTimeDelta-ip-dev": 602,
          "NextClickTimeDelta-app-dev": 109,
          "NextClickTimeDelta-ip-app-dev": 723,
          "NextClickTimeDelta-os": 96,
          "NextClickTimeDelta-ip-os": 796,
          "NextClickTimeDelta-app-os": 284,
          "NextClickTimeDelta-ip-app-os": 1552,
          "NextClickTimeDelta-dev-os": 92,
          "NextClickTimeDelta-ip-dev-os": 523,
          "NextClickTimeDelta-app-dev-os": 205,
          "NextClickTimeDelta-ip-app-dev-os": 2515,
          "NextClickTimeDelta-cha": 190,
          "NextClickTimeDelta-ip-cha": 612,
          "NextClickTimeDelta-app-cha": 229,
          "NextClickTimeDelta-ip-app-cha": 548,
          "NextClickTimeDelta-dev-cha": 155,
          "NextClickTimeDelta-ip-dev-cha": 441,
          "NextClickTimeDelta-app-dev-cha": 182,
          "NextClickTimeDelta-ip-app-dev-cha": 428,
          "NextClickTimeDelta-os-cha": 305,
          "NextClickTimeDelta-ip-os-cha": 520,
          "NextClickTimeDelta-app-os-cha": 313,
          "NextClickTimeDelta-ip-app-os-cha": 551,
          "NextClickTimeDelta-dev-os-cha": 233,
          "NextClickTimeDelta-ip-dev-os-cha": 378,
          "NextClickTimeDelta-app-dev-os-cha": 307,
          "NextClickTimeDelta-ip-app-dev-os-cha": 548,
          "PrevClickTimeDelta-ip": 767,
          "PrevClickTimeDelta-app": 144,
          "PrevClickTimeDelta-ip-app": 590,
          "PrevClickTimeDelta-dev": 75,
          "PrevClickTimeDelta-ip-dev": 453,
          "PrevClickTimeDelta-app-dev": 100,
          "PrevClickTimeDelta-ip-app-dev": 391,
          "PrevClickTimeDelta-os": 132,
          "PrevClickTimeDelta-ip-os": 574,
          "PrevClickTimeDelta-app-os": 233,
          "PrevClickTimeDelta-ip-app-os": 486,
          "PrevClickTimeDelta-dev-os": 103,
          "PrevClickTimeDelta-ip-dev-os": 449,
          "PrevClickTimeDelta-app-dev-os": 228,
          "PrevClickTimeDelta-ip-app-dev-os": 405,
          "PrevClickTimeDelta-cha": 147,
          "PrevClickTimeDelta-ip-cha": 534,
          "PrevClickTimeDelta-app-cha": 209,
          "PrevClickTimeDelta-ip-app-cha": 387,
          "PrevClickTimeDelta-dev-cha": 175,
          "PrevClickTimeDelta-ip-dev-cha": 397,
          "PrevClickTimeDelta-app-dev-cha": 152,
          "PrevClickTimeDelta-ip-app-dev-cha": 310,
          "PrevClickTimeDelta-os-cha": 330,
          "PrevClickTimeDelta-ip-os-cha": 340,
          "PrevClickTimeDelta-app-os-cha": 292,
          "PrevClickTimeDelta-ip-app-os-cha": 317,
          "PrevClickTimeDelta-dev-os-cha": 243,
          "PrevClickTimeDelta-ip-dev-os-cha": 219,
          "PrevClickTimeDelta-app-dev-os-cha": 264,
          "PrevClickTimeDelta-ip-app-dev-os-cha": 224,
          "AverageAttributedRatio-ip": 650,
          "AverageAttributedRatio-app": 504,
          "AverageAttributedRatio-ip-app": 388,
          "AverageAttributedRatio-dev": 841,
          "AverageAttributedRatio-ip-dev": 552,
          "AverageAttributedRatio-app-dev": 364,
          "AverageAttributedRatio-ip-app-dev": 521,
          "AverageAttributedRatio-os": 521,
          "AverageAttributedRatio-ip-os": 377,
          "AverageAttributedRatio-app-os": 430,
          "AverageAttributedRatio-ip-app-os": 153,
          "AverageAttributedRatio-dev-os": 456,
          "AverageAttributedRatio-ip-dev-os": 410,
          "AverageAttributedRatio-app-dev-os": 422,
          "AverageAttributedRatio-ip-app-dev-os": 151,
          "AverageAttributedRatio-cha": 441,
          "AverageAttributedRatio-ip-cha": 252,
          "AverageAttributedRatio-app-cha": 389,
          "AverageAttributedRatio-ip-app-cha": 168,
          "AverageAttributedRatio-dev-cha": 309,
          "AverageAttributedRatio-ip-dev-cha": 153,
          "AverageAttributedRatio-app-dev-cha": 355,
          "AverageAttributedRatio-ip-app-dev-cha": 135,
          "AverageAttributedRatio-os-cha": 449,
          "AverageAttributedRatio-ip-os-cha": 106,
          "AverageAttributedRatio-app-os-cha": 507,
          "AverageAttributedRatio-ip-app-os-cha": 87,
          "AverageAttributedRatio-dev-os-cha": 328,
          "AverageAttributedRatio-ip-dev-os-cha": 89,
          "AverageAttributedRatio-app-dev-os-cha": 464,
          "AverageAttributedRatio-ip-app-dev-os-cha": 70,
          "KomakiLDA5NoDevice-ip-app-0": 1121,
          "KomakiLDA5NoDevice-ip-app-1": 1232,
          "KomakiLDA5NoDevice-ip-app-2": 1274,
          "KomakiLDA5NoDevice-ip-app-3": 750,
          "KomakiLDA5NoDevice-ip-app-4": 661,
          "KomakiLDA5NoDevice-ip-os-0": 1100,
          "KomakiLDA5NoDevice-ip-os-1": 1247,
          "KomakiLDA5NoDevice-ip-os-2": 740,
          "KomakiLDA5NoDevice-ip-os-3": 928,
          "KomakiLDA5NoDevice-ip-os-4": 1109,
          "KomakiLDA5NoDevice-ip-channel-0": 1205,
          "KomakiLDA5NoDevice-ip-channel-1": 953,
          "KomakiLDA5NoDevice-ip-channel-2": 1114,
          "KomakiLDA5NoDevice-ip-channel-3": 1154,
          "KomakiLDA5NoDevice-ip-channel-4": 1363,
          "KomakiLDA5NoDevice-app-ip-0": 265,
          "KomakiLDA5NoDevice-app-ip-1": 244,
          "KomakiLDA5NoDevice-app-ip-2": 200,
          "KomakiLDA5NoDevice-app-ip-3": 226,
          "KomakiLDA5NoDevice-app-ip-4": 174,
          "KomakiLDA5NoDevice-app-os-0": 159,
          "KomakiLDA5NoDevice-app-os-1": 225,
          "KomakiLDA5NoDevice-app-os-2": 130,
          "KomakiLDA5NoDevice-app-os-3": 126,
          "KomakiLDA5NoDevice-app-os-4": 168,
          "KomakiLDA5NoDevice-app-channel-0": 184,
          "KomakiLDA5NoDevice-app-channel-1": 170,
          "KomakiLDA5NoDevice-app-channel-2": 236,
          "KomakiLDA5NoDevice-app-channel-3": 172,
          "KomakiLDA5NoDevice-app-channel-4": 113,
          "KomakiLDA5NoDevice-os-ip-0": 384,
          "KomakiLDA5NoDevice-os-ip-1": 250,
          "KomakiLDA5NoDevice-os-ip-2": 279,
          "KomakiLDA5NoDevice-os-ip-3": 214,
          "KomakiLDA5NoDevice-os-ip-4": 247,
          "KomakiLDA5NoDevice-os-app-0": 316,
          "KomakiLDA5NoDevice-os-app-1": 327,
          "KomakiLDA5NoDevice-os-app-2": 125,
          "KomakiLDA5NoDevice-os-app-3": 228,
          "KomakiLDA5NoDevice-os-app-4": 133,
          "KomakiLDA5NoDevice-os-channel-0": 315,
          "KomakiLDA5NoDevice-os-channel-1": 127,
          "KomakiLDA5NoDevice-os-channel-2": 262,
          "KomakiLDA5NoDevice-os-channel-3": 276,
          "KomakiLDA5NoDevice-os-channel-4": 171,
          "KomakiLDA5NoDevice-channel-ip-0": 328,
          "KomakiLDA5NoDevice-channel-ip-1": 332,
          "KomakiLDA5NoDevice-channel-ip-2": 286,
          "KomakiLDA5NoDevice-channel-ip-3": 397,
          "KomakiLDA5NoDevice-channel-ip-4": 234,
          "KomakiLDA5NoDevice-channel-app-0": 275,
          "KomakiLDA5NoDevice-channel-app-1": 276,
          "KomakiLDA5NoDevice-channel-app-2": 302,
          "KomakiLDA5NoDevice-channel-app-3": 265,
          "KomakiLDA5NoDevice-channel-app-4": 224,
          "KomakiLDA5NoDevice-channel-os-0": 321,
          "KomakiLDA5NoDevice-channel-os-1": 291,
          "KomakiLDA5NoDevice-channel-os-2": 348,
          "KomakiLDA5NoDevice-channel-os-3": 283,
          "KomakiLDA5NoDevice-channel-os-4": 310,
          "KomakiNMF5NoDevice-ip-app-0": 648,
          "KomakiNMF5NoDevice-ip-app-1": 980,
          "KomakiNMF5NoDevice-ip-app-2": 824,
          "KomakiNMF5NoDevice-ip-app-3": 659,
          "KomakiNMF5NoDevice-ip-app-4": 742,
          "KomakiNMF5NoDevice-ip-os-0": 932,
          "KomakiNMF5NoDevice-ip-os-1": 859,
          "KomakiNMF5NoDevice-ip-os-2": 867,
          "KomakiNMF5NoDevice-ip-os-3": 824,
          "KomakiNMF5NoDevice-ip-os-4": 859,
          "KomakiNMF5NoDevice-ip-channel-0": 815,
          "KomakiNMF5NoDevice-ip-channel-1": 1232,
          "KomakiNMF5NoDevice-ip-channel-2": 705,
          "KomakiNMF5NoDevice-ip-channel-3": 932,
          "KomakiNMF5NoDevice-ip-channel-4": 935,
          "KomakiNMF5NoDevice-app-ip-0": 144,
          "KomakiNMF5NoDevice-app-ip-1": 159,
          "KomakiNMF5NoDevice-app-ip-2": 142,
          "KomakiNMF5NoDevice-app-ip-3": 131,
          "KomakiNMF5NoDevice-app-ip-4": 74,
          "KomakiNMF5NoDevice-app-os-0": 50,
          "KomakiNMF5NoDevice-app-os-1": 139,
          "KomakiNMF5NoDevice-app-os-2": 81,
          "KomakiNMF5NoDevice-app-os-3": 32,
          "KomakiNMF5NoDevice-app-os-4": 47,
          "KomakiNMF5NoDevice-app-channel-0": 115,
          "KomakiNMF5NoDevice-app-channel-1": 95,
          "KomakiNMF5NoDevice-app-channel-2": 145,
          "KomakiNMF5NoDevice-app-channel-3": 156,
          "KomakiNMF5NoDevice-app-channel-4": 87,
          "KomakiNMF5NoDevice-os-ip-0": 154,
          "KomakiNMF5NoDevice-os-ip-1": 151,
          "KomakiNMF5NoDevice-os-ip-2": 162,
          "KomakiNMF5NoDevice-os-ip-3": 166,
          "KomakiNMF5NoDevice-os-ip-4": 143,
          "KomakiNMF5NoDevice-os-app-0": 84,
          "KomakiNMF5NoDevice-os-app-1": 26,
          "KomakiNMF5NoDevice-os-app-2": 128,
          "KomakiNMF5NoDevice-os-app-3": 229,
          "KomakiNMF5NoDevice-os-app-4": 125,
          "KomakiNMF5NoDevice-os-channel-0": 292,
          "KomakiNMF5NoDevice-os-channel-1": 135,
          "KomakiNMF5NoDevice-os-channel-2": 294,
          "KomakiNMF5NoDevice-os-channel-3": 183,
          "KomakiNMF5NoDevice-os-channel-4": 161,
          "KomakiNMF5NoDevice-channel-ip-0": 361,
          "KomakiNMF5NoDevice-channel-ip-1": 238,
          "KomakiNMF5NoDevice-channel-ip-2": 211,
          "KomakiNMF5NoDevice-channel-ip-3": 267,
          "KomakiNMF5NoDevice-channel-ip-4": 282,
          "KomakiNMF5NoDevice-channel-app-0": 150,
          "KomakiNMF5NoDevice-channel-app-1": 58,
          "KomakiNMF5NoDevice-channel-app-2": 171,
          "KomakiNMF5NoDevice-channel-app-3": 153,
          "KomakiNMF5NoDevice-channel-app-4": 189,
          "KomakiNMF5NoDevice-channel-os-0": 262,
          "KomakiNMF5NoDevice-channel-os-1": 86,
          "KomakiNMF5NoDevice-channel-os-2": 257,
          "KomakiNMF5NoDevice-channel-os-3": 140,
          "KomakiNMF5NoDevice-channel-os-4": 266,
          "KomakiPCA5NoDevice-ip-app-0": 1037,
          "KomakiPCA5NoDevice-ip-app-1": 812,
          "KomakiPCA5NoDevice-ip-app-2": 986,
          "KomakiPCA5NoDevice-ip-app-3": 655,
          "KomakiPCA5NoDevice-ip-app-4": 1069,
          "KomakiPCA5NoDevice-ip-os-0": 1165,
          "KomakiPCA5NoDevice-ip-os-1": 833,
          "KomakiPCA5NoDevice-ip-os-2": 859,
          "KomakiPCA5NoDevice-ip-os-3": 765,
          "KomakiPCA5NoDevice-ip-os-4": 978,
          "KomakiPCA5NoDevice-ip-channel-0": 1150,
          "KomakiPCA5NoDevice-ip-channel-1": 878,
          "KomakiPCA5NoDevice-ip-channel-2": 854,
          "KomakiPCA5NoDevice-ip-channel-3": 850,
          "KomakiPCA5NoDevice-ip-channel-4": 885,
          "KomakiPCA5NoDevice-app-ip-0": 103,
          "KomakiPCA5NoDevice-app-ip-1": 98,
          "KomakiPCA5NoDevice-app-ip-2": 129,
          "KomakiPCA5NoDevice-app-ip-3": 144,
          "KomakiPCA5NoDevice-app-ip-4": 100,
          "KomakiPCA5NoDevice-app-os-0": 129,
          "KomakiPCA5NoDevice-app-os-1": 95,
          "KomakiPCA5NoDevice-app-os-2": 137,
          "KomakiPCA5NoDevice-app-os-3": 118,
          "KomakiPCA5NoDevice-app-os-4": 132,
          "KomakiPCA5NoDevice-app-channel-0": 110,
          "KomakiPCA5NoDevice-app-channel-1": 128,
          "KomakiPCA5NoDevice-app-channel-2": 96,
          "KomakiPCA5NoDevice-app-channel-3": 104,
          "KomakiPCA5NoDevice-app-channel-4": 118,
          "KomakiPCA5NoDevice-os-ip-0": 65,
          "KomakiPCA5NoDevice-os-ip-1": 136,
          "KomakiPCA5NoDevice-os-ip-2": 199,
          "KomakiPCA5NoDevice-os-ip-3": 206,
          "KomakiPCA5NoDevice-os-ip-4": 179,
          "KomakiPCA5NoDevice-os-app-0": 187,
          "KomakiPCA5NoDevice-os-app-1": 146,
          "KomakiPCA5NoDevice-os-app-2": 107,
          "KomakiPCA5NoDevice-os-app-3": 184,
          "KomakiPCA5NoDevice-os-app-4": 249,
          "KomakiPCA5NoDevice-os-channel-0": 202,
          "KomakiPCA5NoDevice-os-channel-1": 203,
          "KomakiPCA5NoDevice-os-channel-2": 141,
          "KomakiPCA5NoDevice-os-channel-3": 141,
          "KomakiPCA5NoDevice-os-channel-4": 144,
          "KomakiPCA5NoDevice-channel-ip-0": 337,
          "KomakiPCA5NoDevice-channel-ip-1": 269,
          "KomakiPCA5NoDevice-channel-ip-2": 255,
          "KomakiPCA5NoDevice-channel-ip-3": 238,
          "KomakiPCA5NoDevice-channel-ip-4": 332,
          "KomakiPCA5NoDevice-channel-app-0": 294,
          "KomakiPCA5NoDevice-channel-app-1": 198,
          "KomakiPCA5NoDevice-channel-app-2": 196,
          "KomakiPCA5NoDevice-channel-app-3": 200,
          "KomakiPCA5NoDevice-channel-app-4": 210,
          "KomakiPCA5NoDevice-channel-os-0": 216,
          "KomakiPCA5NoDevice-channel-os-1": 259,
          "KomakiPCA5NoDevice-channel-os-2": 210,
          "KomakiPCA5NoDevice-channel-os-3": 218,
          "KomakiPCA5NoDevice-channel-os-4": 237
        }
      },
      {
        "train_auc": 0.9941503861934015,
        "valid_auc": 0.984756730222936,
        "best_iteration": 558,
        "train_time": 421.05268692970276,
        "feature_importance": {
          "app": 3232,
          "hour": 3222,
          "n_channels": 931,
          "ip_app_count": 872,
          "ip_app_os_count": 1073,
          "FutureClickCount_600-ip": 531,
          "FutureClickCount_600-app": 434,
          "FutureClickCount_600-ip-app": 209,
          "FutureClickCount_600-dev": 238,
          "FutureClickCount_600-ip-dev": 450,
          "FutureClickCount_600-app-dev": 360,
          "FutureClickCount_600-ip-app-dev": 206,
          "FutureClickCount_600-os": 261,
          "FutureClickCount_600-ip-os": 396,
          "FutureClickCount_600-app-os": 447,
          "FutureClickCount_600-ip-app-os": 214,
          "FutureClickCount_600-dev-os": 575,
          "FutureClickCount_600-ip-dev-os": 373,
          "FutureClickCount_600-app-dev-os": 573,
          "FutureClickCount_600-ip-app-dev-os": 359,
          "FutureClickCount_600-cha": 437,
          "FutureClickCount_600-ip-cha": 148,
          "FutureClickCount_600-app-cha": 525,
          "FutureClickCount_600-ip-app-cha": 106,
          "FutureClickCount_600-dev-cha": 308,
          "FutureClickCount_600-ip-dev-cha": 118,
          "FutureClickCount_600-app-dev-cha": 296,
          "FutureClickCount_600-ip-app-dev-cha": 94,
          "FutureClickCount_600-os-cha": 272,
          "FutureClickCount_600-ip-os-cha": 94,
          "FutureClickCount_600-app-os-cha": 367,
          "FutureClickCount_600-ip-app-os-cha": 101,
          "FutureClickCount_600-dev-os-cha": 300,
          "FutureClickCount_600-ip-dev-os-cha": 64,
          "FutureClickCount_600-app-dev-os-cha": 327,
          "FutureClickCount_600-ip-app-dev-os-cha": 94,
          "FutureClickCount_4800-ip": 717,
          "FutureClickCount_4800-app": 327,
          "FutureClickCount_4800-ip-app": 342,
          "FutureClickCount_4800-dev": 71,
          "FutureClickCount_4800-ip-dev": 968,
          "FutureClickCount_4800-app-dev": 184,
          "FutureClickCount_4800-ip-app-dev": 241,
          "FutureClickCount_4800-os": 123,
          "FutureClickCount_4800-ip-os": 475,
          "FutureClickCount_4800-app-os": 309,
          "FutureClickCount_4800-ip-app-os": 316,
          "FutureClickCount_4800-dev-os": 205,
          "FutureClickCount_4800-ip-dev-os": 739,
          "FutureClickCount_4800-app-dev-os": 477,
          "FutureClickCount_4800-ip-app-dev-os": 379,
          "FutureClickCount_4800-cha": 347,
          "FutureClickCount_4800-ip-cha": 185,
          "FutureClickCount_4800-app-cha": 538,
          "FutureClickCount_4800-ip-app-cha": 154,
          "FutureClickCount_4800-dev-cha": 228,
          "FutureClickCount_4800-ip-dev-cha": 145,
          "FutureClickCount_4800-app-dev-cha": 290,
          "FutureClickCount_4800-ip-app-dev-cha": 154,
          "FutureClickCount_4800-os-cha": 269,
          "FutureClickCount_4800-ip-os-cha": 109,
          "FutureClickCount_4800-app-os-cha": 291,
          "FutureClickCount_4800-ip-app-os-cha": 113,
          "FutureClickCount_4800-dev-os-cha": 285,
          "FutureClickCount_4800-ip-dev-os-cha": 101,
          "FutureClickCount_4800-app-dev-os-cha": 309,
          "FutureClickCount_4800-ip-app-dev-os-cha": 84,
          "NextClickTimeDelta-ip": 680,
          "NextClickTimeDelta-app": 165,
          "NextClickTimeDelta-ip-app": 794,
          "NextClickTimeDelta-dev": 80,
          "NextClickTimeDelta-ip-dev": 411,
          "NextClickTimeDelta-app-dev": 112,
          "NextClickTimeDelta-ip-app-dev": 522,
          "NextClickTimeDelta-os": 94,
          "NextClickTimeDelta-ip-os": 636,
          "NextClickTimeDelta-app-os": 219,
          "NextClickTimeDelta-ip-app-os": 1419,
          "NextClickTimeDelta-dev-os": 115,
          "NextClickTimeDelta-ip-dev-os": 444,
          "NextClickTimeDelta-app-dev-os": 166,
          "NextClickTimeDelta-ip-app-dev-os": 2210,
          "NextClickTimeDelta-cha": 167,
          "NextClickTimeDelta-ip-cha": 476,
          "NextClickTimeDelta-app-cha": 222,
          "NextClickTimeDelta-ip-app-cha": 438,
          "NextClickTimeDelta-dev-cha": 115,
          "NextClickTimeDelta-ip-dev-cha": 339,
          "NextClickTimeDelta-app-dev-cha": 136,
          "NextClickTimeDelta-ip-app-dev-cha": 304,
          "NextClickTimeDelta-os-cha": 264,
          "NextClickTimeDelta-ip-os-cha": 327,
          "NextClickTimeDelta-app-os-cha": 254,
          "NextClickTimeDelta-ip-app-os-cha": 427,
          "NextClickTimeDelta-dev-os-cha": 164,
          "NextClickTimeDelta-ip-dev-os-cha": 313,
          "NextClickTimeDelta-app-dev-os-cha": 234,
          "NextClickTimeDelta-ip-app-dev-os-cha": 509,
          "PrevClickTimeDelta-ip": 564,
          "PrevClickTimeDelta-app": 112,
          "PrevClickTimeDelta-ip-app": 397,
          "PrevClickTimeDelta-dev": 54,
          "PrevClickTimeDelta-ip-dev": 333,
          "PrevClickTimeDelta-app-dev": 108,
          "PrevClickTimeDelta-ip-app-dev": 270,
          "PrevClickTimeDelta-os": 123,
          "PrevClickTimeDelta-ip-os": 449,
          "PrevClickTimeDelta-app-os": 166,
          "PrevClickTimeDelta-ip-app-os": 372,
          "PrevClickTimeDelta-dev-os": 66,
          "PrevClickTimeDelta-ip-dev-os": 313,
          "PrevClickTimeDelta-app-dev-os": 160,
          "PrevClickTimeDelta-ip-app-dev-os": 304,
          "PrevClickTimeDelta-cha": 129,
          "PrevClickTimeDelta-ip-cha": 393,
          "PrevClickTimeDelta-app-cha": 206,
          "PrevClickTimeDelta-ip-app-cha": 235,
          "PrevClickTimeDelta-dev-cha": 106,
          "PrevClickTimeDelta-ip-dev-cha": 244,
          "PrevClickTimeDelta-app-dev-cha": 125,
          "PrevClickTimeDelta-ip-app-dev-cha": 230,
          "PrevClickTimeDelta-os-cha": 238,
          "PrevClickTimeDelta-ip-os-cha": 274,
          "PrevClickTimeDelta-app-os-cha": 238,
          "PrevClickTimeDelta-ip-app-os-cha": 205,
          "PrevClickTimeDelta-dev-os-cha": 176,
          "PrevClickTimeDelta-ip-dev-os-cha": 164,
          "PrevClickTimeDelta-app-dev-os-cha": 174,
          "PrevClickTimeDelta-ip-app-dev-os-cha": 159,
          "AverageAttributedRatio-ip": 468,
          "AverageAttributedRatio-app": 378,
          "AverageAttributedRatio-ip-app": 346,
          "AverageAttributedRatio-dev": 615,
          "AverageAttributedRatio-ip-dev": 440,
          "AverageAttributedRatio-app-dev": 295,
          "AverageAttributedRatio-ip-app-dev": 428,
          "AverageAttributedRatio-os": 351,
          "AverageAttributedRatio-ip-os": 297,
          "AverageAttributedRatio-app-os": 325,
          "AverageAttributedRatio-ip-app-os": 130,
          "AverageAttributedRatio-dev-os": 322,
          "AverageAttributedRatio-ip-dev-os": 296,
          "AverageAttributedRatio-app-dev-os": 337,
          "AverageAttributedRatio-ip-app-dev-os": 122,
          "AverageAttributedRatio-cha": 345,
          "AverageAttributedRatio-ip-cha": 181,
          "AverageAttributedRatio-app-cha": 312,
          "AverageAttributedRatio-ip-app-cha": 131,
          "AverageAttributedRatio-dev-cha": 198,
          "AverageAttributedRatio-ip-dev-cha": 142,
          "AverageAttributedRatio-app-dev-cha": 279,
          "AverageAttributedRatio-ip-app-dev-cha": 107,
          "AverageAttributedRatio-os-cha": 312,
          "AverageAttributedRatio-ip-os-cha": 77,
          "AverageAttributedRatio-app-os-cha": 427,
          "AverageAttributedRatio-ip-app-os-cha": 64,
          "AverageAttributedRatio-dev-os-cha": 289,
          "AverageAttributedRatio-ip-dev-os-cha": 67,
          "AverageAttributedRatio-app-dev-os-cha": 388,
          "AverageAttributedRatio-ip-app-dev-os-cha": 49,
          "KomakiLDA5NoDevice-ip-app-0": 924,
          "KomakiLDA5NoDevice-ip-app-1": 913,
          "KomakiLDA5NoDevice-ip-app-2": 958,
          "KomakiLDA5NoDevice-ip-app-3": 564,
          "KomakiLDA5NoDevice-ip-app-4": 442,
          "KomakiLDA5NoDevice-ip-os-0": 862,
          "KomakiLDA5NoDevice-ip-os-1": 855,
          "KomakiLDA5NoDevice-ip-os-2": 486,
          "KomakiLDA5NoDevice-ip-os-3": 593,
          "KomakiLDA5NoDevice-ip-os-4": 805,
          "KomakiLDA5NoDevice-ip-channel-0": 826,
          "KomakiLDA5NoDevice-ip-channel-1": 664,
          "KomakiLDA5NoDevice-ip-channel-2": 890,
          "KomakiLDA5NoDevice-ip-channel-3": 935,
          "KomakiLDA5NoDevice-ip-channel-4": 991,
          "KomakiLDA5NoDevice-app-ip-0": 255,
          "KomakiLDA5NoDevice-app-ip-1": 209,
          "KomakiLDA5NoDevice-app-ip-2": 183,
          "KomakiLDA5NoDevice-app-ip-3": 216,
          "KomakiLDA5NoDevice-app-ip-4": 136,
          "KomakiLDA5NoDevice-app-os-0": 142,
          "KomakiLDA5NoDevice-app-os-1": 200,
          "KomakiLDA5NoDevice-app-os-2": 133,
          "KomakiLDA5NoDevice-app-os-3": 124,
          "KomakiLDA5NoDevice-app-os-4": 148,
          "KomakiLDA5NoDevice-app-channel-0": 130,
          "KomakiLDA5NoDevice-app-channel-1": 129,
          "KomakiLDA5NoDevice-app-channel-2": 192,
          "KomakiLDA5NoDevice-app-channel-3": 177,
          "KomakiLDA5NoDevice-app-channel-4": 73,
          "KomakiLDA5NoDevice-os-ip-0": 291,
          "KomakiLDA5NoDevice-os-ip-1": 198,
          "KomakiLDA5NoDevice-os-ip-2": 218,
          "KomakiLDA5NoDevice-os-ip-3": 179,
          "KomakiLDA5NoDevice-os-ip-4": 212,
          "KomakiLDA5NoDevice-os-app-0": 225,
          "KomakiLDA5NoDevice-os-app-1": 268,
          "KomakiLDA5NoDevice-os-app-2": 105,
          "KomakiLDA5NoDevice-os-app-3": 183,
          "KomakiLDA5NoDevice-os-app-4": 102,
          "KomakiLDA5NoDevice-os-channel-0": 247,
          "KomakiLDA5NoDevice-os-channel-1": 110,
          "KomakiLDA5NoDevice-os-channel-2": 210,
          "KomakiLDA5NoDevice-os-channel-3": 285,
          "KomakiLDA5NoDevice-os-channel-4": 183,
          "KomakiLDA5NoDevice-channel-ip-0": 191,
          "KomakiLDA5NoDevice-channel-ip-1": 287,
          "KomakiLDA5NoDevice-channel-ip-2": 171,
          "KomakiLDA5NoDevice-channel-ip-3": 264,
          "KomakiLDA5NoDevice-channel-ip-4": 207,
          "KomakiLDA5NoDevice-channel-app-0": 251,
          "KomakiLDA5NoDevice-channel-app-1": 177,
          "KomakiLDA5NoDevice-channel-app-2": 243,
          "KomakiLDA5NoDevice-channel-app-3": 201,
          "KomakiLDA5NoDevice-channel-app-4": 178,
          "KomakiLDA5NoDevice-channel-os-0": 201,
          "KomakiLDA5NoDevice-channel-os-1": 262,
          "KomakiLDA5NoDevice-channel-os-2": 238,
          "KomakiLDA5NoDevice-channel-os-3": 183,
          "KomakiLDA5NoDevice-channel-os-4": 248,
          "KomakiNMF5NoDevice-ip-app-0": 450,
          "KomakiNMF5NoDevice-ip-app-1": 859,
          "KomakiNMF5NoDevice-ip-app-2": 609,
          "KomakiNMF5NoDevice-ip-app-3": 468,
          "KomakiNMF5NoDevice-ip-app-4": 551,
          "KomakiNMF5NoDevice-ip-os-0": 728,
          "KomakiNMF5NoDevice-ip-os-1": 715,
          "KomakiNMF5NoDevice-ip-os-2": 624,
          "KomakiNMF5NoDevice-ip-os-3": 662,
          "KomakiNMF5NoDevice-ip-os-4": 613,
          "KomakiNMF5NoDevice-ip-channel-0": 648,
          "KomakiNMF5NoDevice-ip-channel-1": 1046,
          "KomakiNMF5NoDevice-ip-channel-2": 583,
          "KomakiNMF5NoDevice-ip-channel-3": 725,
          "KomakiNMF5NoDevice-ip-channel-4": 610,
          "KomakiNMF5NoDevice-app-ip-0": 117,
          "KomakiNMF5NoDevice-app-ip-1": 140,
          "KomakiNMF5NoDevice-app-ip-2": 130,
          "KomakiNMF5NoDevice-app-ip-3": 96,
          "KomakiNMF5NoDevice-app-ip-4": 68,
          "KomakiNMF5NoDevice-app-os-0": 46,
          "KomakiNMF5NoDevice-app-os-1": 128,
          "KomakiNMF5NoDevice-app-os-2": 79,
          "KomakiNMF5NoDevice-app-os-3": 26,
          "KomakiNMF5NoDevice-app-os-4": 47,
          "KomakiNMF5NoDevice-app-channel-0": 94,
          "KomakiNMF5NoDevice-app-channel-1": 92,
          "KomakiNMF5NoDevice-app-channel-2": 104,
          "KomakiNMF5NoDevice-app-channel-3": 92,
          "KomakiNMF5NoDevice-app-channel-4": 82,
          "KomakiNMF5NoDevice-os-ip-0": 110,
          "KomakiNMF5NoDevice-os-ip-1": 113,
          "KomakiNMF5NoDevice-os-ip-2": 88,
          "KomakiNMF5NoDevice-os-ip-3": 117,
          "KomakiNMF5NoDevice-os-ip-4": 102,
          "KomakiNMF5NoDevice-os-app-0": 79,
          "KomakiNMF5NoDevice-os-app-1": 14,
          "KomakiNMF5NoDevice-os-app-2": 94,
          "KomakiNMF5NoDevice-os-app-3": 182,
          "KomakiNMF5NoDevice-os-app-4": 102,
          "KomakiNMF5NoDevice-os-channel-0": 230,
          "KomakiNMF5NoDevice-os-channel-1": 111,
          "KomakiNMF5NoDevice-os-channel-2": 210,
          "KomakiNMF5NoDevice-os-channel-3": 190,
          "KomakiNMF5NoDevice-os-channel-4": 114,
          "KomakiNMF5NoDevice-channel-ip-0": 254,
          "KomakiNMF5NoDevice-channel-ip-1": 167,
          "KomakiNMF5NoDevice-channel-ip-2": 154,
          "KomakiNMF5NoDevice-channel-ip-3": 200,
          "KomakiNMF5NoDevice-channel-ip-4": 228,
          "KomakiNMF5NoDevice-channel-app-0": 131,
          "KomakiNMF5NoDevice-channel-app-1": 44,
          "KomakiNMF5NoDevice-channel-app-2": 106,
          "KomakiNMF5NoDevice-channel-app-3": 127,
          "KomakiNMF5NoDevice-channel-app-4": 150,
          "KomakiNMF5NoDevice-channel-os-0": 216,
          "KomakiNMF5NoDevice-channel-os-1": 67,
          "KomakiNMF5NoDevice-channel-os-2": 217,
          "KomakiNMF5NoDevice-channel-os-3": 110,
          "KomakiNMF5NoDevice-channel-os-4": 214,
          "KomakiPCA5NoDevice-ip-app-0": 817,
          "KomakiPCA5NoDevice-ip-app-1": 650,
          "KomakiPCA5NoDevice-ip-app-2": 635,
          "KomakiPCA5NoDevice-ip-app-3": 481,
          "KomakiPCA5NoDevice-ip-app-4": 748,
          "KomakiPCA5NoDevice-ip-os-0": 931,
          "KomakiPCA5NoDevice-ip-os-1": 538,
          "KomakiPCA5NoDevice-ip-os-2": 628,
          "KomakiPCA5NoDevice-ip-os-3": 527,
          "KomakiPCA5NoDevice-ip-os-4": 713,
          "KomakiPCA5NoDevice-ip-channel-0": 948,
          "KomakiPCA5NoDevice-ip-channel-1": 678,
          "KomakiPCA5NoDevice-ip-channel-2": 627,
          "KomakiPCA5NoDevice-ip-channel-3": 646,
          "KomakiPCA5NoDevice-ip-channel-4": 671,
          "KomakiPCA5NoDevice-app-ip-0": 74,
          "KomakiPCA5NoDevice-app-ip-1": 98,
          "KomakiPCA5NoDevice-app-ip-2": 92,
          "KomakiPCA5NoDevice-app-ip-3": 141,
          "KomakiPCA5NoDevice-app-ip-4": 98,
          "KomakiPCA5NoDevice-app-os-0": 125,
          "KomakiPCA5NoDevice-app-os-1": 72,
          "KomakiPCA5NoDevice-app-os-2": 116,
          "KomakiPCA5NoDevice-app-os-3": 125,
          "KomakiPCA5NoDevice-app-os-4": 68,
          "KomakiPCA5NoDevice-app-channel-0": 85,
          "KomakiPCA5NoDevice-app-channel-1": 124,
          "KomakiPCA5NoDevice-app-channel-2": 96,
          "KomakiPCA5NoDevice-app-channel-3": 106,
          "KomakiPCA5NoDevice-app-channel-4": 109,
          "KomakiPCA5NoDevice-os-ip-0": 51,
          "KomakiPCA5NoDevice-os-ip-1": 99,
          "KomakiPCA5NoDevice-os-ip-2": 119,
          "KomakiPCA5NoDevice-os-ip-3": 160,
          "KomakiPCA5NoDevice-os-ip-4": 138,
          "KomakiPCA5NoDevice-os-app-0": 130,
          "KomakiPCA5NoDevice-os-app-1": 120,
          "KomakiPCA5NoDevice-os-app-2": 76,
          "KomakiPCA5NoDevice-os-app-3": 145,
          "KomakiPCA5NoDevice-os-app-4": 171,
          "KomakiPCA5NoDevice-os-channel-0": 126,
          "KomakiPCA5NoDevice-os-channel-1": 167,
          "KomakiPCA5NoDevice-os-channel-2": 98,
          "KomakiPCA5NoDevice-os-channel-3": 98,
          "KomakiPCA5NoDevice-os-channel-4": 112,
          "KomakiPCA5NoDevice-channel-ip-0": 229,
          "KomakiPCA5NoDevice-channel-ip-1": 207,
          "KomakiPCA5NoDevice-channel-ip-2": 198,
          "KomakiPCA5NoDevice-channel-ip-3": 198,
          "KomakiPCA5NoDevice-channel-ip-4": 231,
          "KomakiPCA5NoDevice-channel-app-0": 203,
          "KomakiPCA5NoDevice-channel-app-1": 153,
          "KomakiPCA5NoDevice-channel-app-2": 128,
          "KomakiPCA5NoDevice-channel-app-3": 144,
          "KomakiPCA5NoDevice-channel-app-4": 147,
          "KomakiPCA5NoDevice-channel-os-0": 154,
          "KomakiPCA5NoDevice-channel-os-1": 177,
          "KomakiPCA5NoDevice-channel-os-2": 150,
          "KomakiPCA5NoDevice-channel-os-3": 158,
          "KomakiPCA5NoDevice-channel-os-4": 178
        }
      }
    ],
    "average_train_auc": 0.9942290200167019,
    "average_valid_auc": 0.9844908569503511,
    "train_auc_std": 0.0005973002962298302,
    "valid_auc_std": 0.00016849670731392728,
    "average_train_time": 438.34466381072997
  },
  "config": {
    "features": [
      "app",
      "hour",
      "count",
      "future_click_count_10",
      "future_click_count_80",
      "next_click_time_delta",
      "prev_click_time_delta",
      "average_attributed_ratio",
      "komaki_lda_5_no_device",
      "komaki_nmf_5_no_device",
      "komaki_pca_5_no_device"
    ],
    "model": {
      "name": "lightgbm",
      "model_params": {
        "boosting_type": "gbdt",
        "objective": "binary",
        "metric": "auc",
        "learning_rate": 0.03,
        "num_leaves": 255,
        "max_depth": 8,
        "min_child_samples": 10,
        "max_bin": 100,
        "subsample": 0.7,
        "subsample_freq": 1,
        "colsample_bytree": 0.7,
        "min_child_weight": 0,
        "subsample_for_bin": 200000,
        "min_split_gain": 0,
        "reg_alpha": 0,
        "reg_lambda": 0,
        "verbose": 0
      },
      "train_params": {
        "num_boost_round": 1000,
        "early_stopping_rounds": 30
      }
    },
    "dataset": {
      "input_directory": "data/input/",
      "cache_directory": "data/working/",
      "files": {
        "train": "train.feather",
        "test": "old_test.feather"
      },
      "negative_down_sampling": {
        "enabled": true,
        "bagging_size": 5,
        "random_state": 114514
      }
    },
    "test_hours": {
      "filter_validation": true,
      "train_weight": 2.0
    },
    "note": "53 + higher train weight for hours in test dataset (2.0)"
  }
}