{
  "training": {
    "trials": [
      {
        "train_auc": 0.9947952117983164,
        "valid_auc": 0.9849456750301879,
        "best_iteration": 700,
        "train_time": 272.86505937576294,
        "feature_importance": {
          "app": 3264,
          "hour": 3577,
          "n_channels": 774,
          "ip_app_count": 732,
          "ip_app_os_count": 974,
          "FutureClickCount_600-ip": 521,
          "FutureClickCount_600-app": 398,
          "FutureClickCount_600-ip-app": 184,
          "FutureClickCount_600-dev": 258,
          "FutureClickCount_600-ip-dev": 498,
          "FutureClickCount_600-app-dev": 343,
          "FutureClickCount_600-ip-app-dev": 201,
          "FutureClickCount_600-os": 238,
          "FutureClickCount_600-ip-os": 388,
          "FutureClickCount_600-app-os": 395,
          "FutureClickCount_600-ip-app-os": 226,
          "FutureClickCount_600-dev-os": 526,
          "FutureClickCount_600-ip-dev-os": 393,
          "FutureClickCount_600-app-dev-os": 539,
          "FutureClickCount_600-ip-app-dev-os": 302,
          "FutureClickCount_600-cha": 376,
          "FutureClickCount_600-ip-cha": 137,
          "FutureClickCount_600-app-cha": 661,
          "FutureClickCount_600-ip-app-cha": 99,
          "FutureClickCount_600-dev-cha": 361,
          "FutureClickCount_600-ip-dev-cha": 114,
          "FutureClickCount_600-app-dev-cha": 360,
          "FutureClickCount_600-ip-app-dev-cha": 88,
          "FutureClickCount_600-os-cha": 317,
          "FutureClickCount_600-ip-os-cha": 79,
          "FutureClickCount_600-app-os-cha": 348,
          "FutureClickCount_600-ip-app-os-cha": 80,
          "FutureClickCount_600-dev-os-cha": 311,
          "FutureClickCount_600-ip-dev-os-cha": 61,
          "FutureClickCount_600-app-dev-os-cha": 321,
          "FutureClickCount_600-ip-app-dev-os-cha": 86,
          "FutureClickCount_4800-ip": 696,
          "FutureClickCount_4800-app": 254,
          "FutureClickCount_4800-ip-app": 287,
          "FutureClickCount_4800-dev": 69,
          "FutureClickCount_4800-ip-dev": 1002,
          "FutureClickCount_4800-app-dev": 179,
          "FutureClickCount_4800-ip-app-dev": 294,
          "FutureClickCount_4800-os": 124,
          "FutureClickCount_4800-ip-os": 581,
          "FutureClickCount_4800-app-os": 323,
          "FutureClickCount_4800-ip-app-os": 286,
          "FutureClickCount_4800-dev-os": 234,
          "FutureClickCount_4800-ip-dev-os": 714,
          "FutureClickCount_4800-app-dev-os": 474,
          "FutureClickCount_4800-ip-app-dev-os": 345,
          "FutureClickCount_4800-cha": 291,
          "FutureClickCount_4800-ip-cha": 216,
          "FutureClickCount_4800-app-cha": 505,
          "FutureClickCount_4800-ip-app-cha": 193,
          "FutureClickCount_4800-dev-cha": 240,
          "FutureClickCount_4800-ip-dev-cha": 195,
          "FutureClickCount_4800-app-dev-cha": 339,
          "FutureClickCount_4800-ip-app-dev-cha": 172,
          "FutureClickCount_4800-os-cha": 298,
          "FutureClickCount_4800-ip-os-cha": 104,
          "FutureClickCount_4800-app-os-cha": 312,
          "FutureClickCount_4800-ip-app-os-cha": 101,
          "FutureClickCount_4800-dev-os-cha": 293,
          "FutureClickCount_4800-ip-dev-os-cha": 89,
          "FutureClickCount_4800-app-dev-os-cha": 371,
          "FutureClickCount_4800-ip-app-dev-os-cha": 96,
          "NextClickTimeDelta-ip": 739,
          "NextClickTimeDelta-app": 110,
          "NextClickTimeDelta-ip-app": 789,
          "NextClickTimeDelta-dev": 53,
          "NextClickTimeDelta-ip-dev": 573,
          "NextClickTimeDelta-app-dev": 76,
          "NextClickTimeDelta-ip-app-dev": 640,
          "NextClickTimeDelta-os": 92,
          "NextClickTimeDelta-ip-os": 638,
          "NextClickTimeDelta-app-os": 221,
          "NextClickTimeDelta-ip-app-os": 1223,
          "NextClickTimeDelta-dev-os": 84,
          "NextClickTimeDelta-ip-dev-os": 431,
          "NextClickTimeDelta-app-dev-os": 155,
          "NextClickTimeDelta-ip-app-dev-os": 2271,
          "NextClickTimeDelta-cha": 90,
          "NextClickTimeDelta-ip-cha": 510,
          "NextClickTimeDelta-app-cha": 177,
          "NextClickTimeDelta-ip-app-cha": 474,
          "NextClickTimeDelta-dev-cha": 113,
          "NextClickTimeDelta-ip-dev-cha": 422,
          "NextClickTimeDelta-app-dev-cha": 138,
          "NextClickTimeDelta-ip-app-dev-cha": 387,
          "NextClickTimeDelta-os-cha": 250,
          "NextClickTimeDelta-ip-os-cha": 413,
          "NextClickTimeDelta-app-os-cha": 269,
          "NextClickTimeDelta-ip-app-os-cha": 470,
          "NextClickTimeDelta-dev-os-cha": 177,
          "NextClickTimeDelta-ip-dev-os-cha": 344,
          "NextClickTimeDelta-app-dev-os-cha": 250,
          "NextClickTimeDelta-ip-app-dev-os-cha": 544,
          "PrevClickTimeDelta-ip": 589,
          "PrevClickTimeDelta-app": 107,
          "PrevClickTimeDelta-ip-app": 471,
          "PrevClickTimeDelta-dev": 50,
          "PrevClickTimeDelta-ip-dev": 397,
          "PrevClickTimeDelta-app-dev": 94,
          "PrevClickTimeDelta-ip-app-dev": 360,
          "PrevClickTimeDelta-os": 61,
          "PrevClickTimeDelta-ip-os": 538,
          "PrevClickTimeDelta-app-os": 194,
          "PrevClickTimeDelta-ip-app-os": 390,
          "PrevClickTimeDelta-dev-os": 76,
          "PrevClickTimeDelta-ip-dev-os": 343,
          "PrevClickTimeDelta-app-dev-os": 182,
          "PrevClickTimeDelta-ip-app-dev-os": 378,
          "PrevClickTimeDelta-cha": 113,
          "PrevClickTimeDelta-ip-cha": 400,
          "PrevClickTimeDelta-app-cha": 143,
          "PrevClickTimeDelta-ip-app-cha": 316,
          "PrevClickTimeDelta-dev-cha": 103,
          "PrevClickTimeDelta-ip-dev-cha": 304,
          "PrevClickTimeDelta-app-dev-cha": 136,
          "PrevClickTimeDelta-ip-app-dev-cha": 283,
          "PrevClickTimeDelta-os-cha": 257,
          "PrevClickTimeDelta-ip-os-cha": 314,
          "PrevClickTimeDelta-app-os-cha": 262,
          "PrevClickTimeDelta-ip-app-os-cha": 269,
          "PrevClickTimeDelta-dev-os-cha": 170,
          "PrevClickTimeDelta-ip-dev-os-cha": 233,
          "PrevClickTimeDelta-app-dev-os-cha": 233,
          "PrevClickTimeDelta-ip-app-dev-os-cha": 220,
          "AverageAttributedRatio-ip": 359,
          "AverageAttributedRatio-app": 270,
          "AverageAttributedRatio-ip-app": 192,
          "AverageAttributedRatio-dev": 514,
          "AverageAttributedRatio-ip-dev": 324,
          "AverageAttributedRatio-app-dev": 224,
          "AverageAttributedRatio-ip-app-dev": 210,
          "AverageAttributedRatio-os": 321,
          "AverageAttributedRatio-ip-os": 209,
          "AverageAttributedRatio-app-os": 239,
          "AverageAttributedRatio-ip-app-os": 84,
          "AverageAttributedRatio-dev-os": 300,
          "AverageAttributedRatio-ip-dev-os": 225,
          "AverageAttributedRatio-app-dev-os": 297,
          "AverageAttributedRatio-ip-app-dev-os": 51,
          "AverageAttributedRatio-cha": 240,
          "AverageAttributedRatio-ip-cha": 84,
          "AverageAttributedRatio-app-cha": 223,
          "AverageAttributedRatio-ip-app-cha": 66,
          "AverageAttributedRatio-dev-cha": 205,
          "AverageAttributedRatio-ip-dev-cha": 62,
          "AverageAttributedRatio-app-dev-cha": 184,
          "AverageAttributedRatio-ip-app-dev-cha": 60,
          "AverageAttributedRatio-os-cha": 221,
          "AverageAttributedRatio-ip-os-cha": 54,
          "AverageAttributedRatio-app-os-cha": 261,
          "AverageAttributedRatio-ip-app-os-cha": 31,
          "AverageAttributedRatio-dev-os-cha": 228,
          "AverageAttributedRatio-ip-dev-os-cha": 39,
          "AverageAttributedRatio-app-dev-os-cha": 247,
          "AverageAttributedRatio-ip-app-dev-os-cha": 28,
          "KomakiLDA10NoDevice_1-ip-os-0": 778,
          "KomakiLDA10NoDevice_1-ip-os-1": 598,
          "KomakiLDA10NoDevice_1-ip-os-2": 885,
          "KomakiLDA10NoDevice_1-ip-os-3": 800,
          "KomakiLDA10NoDevice_1-ip-os-4": 718,
          "KomakiLDA10NoDevice_1-ip-os-5": 955,
          "KomakiLDA10NoDevice_1-ip-os-6": 843,
          "KomakiLDA10NoDevice_1-ip-os-7": 767,
          "KomakiLDA10NoDevice_1-ip-os-8": 693,
          "KomakiLDA10NoDevice_1-ip-os-9": 861,
          "KomakiLDA10NoDevice_1-app-ip-0": 207,
          "KomakiLDA10NoDevice_1-app-ip-1": 180,
          "KomakiLDA10NoDevice_1-app-ip-2": 143,
          "KomakiLDA10NoDevice_1-app-ip-3": 172,
          "KomakiLDA10NoDevice_1-app-ip-4": 114,
          "KomakiLDA10NoDevice_1-app-ip-5": 134,
          "KomakiLDA10NoDevice_1-app-ip-6": 195,
          "KomakiLDA10NoDevice_1-app-ip-7": 120,
          "KomakiLDA10NoDevice_1-app-ip-8": 169,
          "KomakiLDA10NoDevice_1-app-ip-9": 119,
          "KomakiLDA10NoDevice_1-app-os-0": 127,
          "KomakiLDA10NoDevice_1-app-os-1": 99,
          "KomakiLDA10NoDevice_1-app-os-2": 78,
          "KomakiLDA10NoDevice_1-app-os-3": 168,
          "KomakiLDA10NoDevice_1-app-os-4": 138,
          "KomakiLDA10NoDevice_1-app-os-5": 148,
          "KomakiLDA10NoDevice_1-app-os-6": 102,
          "KomakiLDA10NoDevice_1-app-os-7": 96,
          "KomakiLDA10NoDevice_1-app-os-8": 107,
          "KomakiLDA10NoDevice_1-app-os-9": 84,
          "KomakiLDA10NoDevice_1-app-channel-0": 67,
          "KomakiLDA10NoDevice_1-app-channel-1": 129,
          "KomakiLDA10NoDevice_1-app-channel-2": 120,
          "KomakiLDA10NoDevice_1-app-channel-3": 54,
          "KomakiLDA10NoDevice_1-app-channel-4": 63,
          "KomakiLDA10NoDevice_1-app-channel-5": 46,
          "KomakiLDA10NoDevice_1-app-channel-6": 118,
          "KomakiLDA10NoDevice_1-app-channel-7": 89,
          "KomakiLDA10NoDevice_1-app-channel-8": 70,
          "KomakiLDA10NoDevice_1-app-channel-9": 59,
          "KomakiLDA10NoDevice_1-channel-ip-0": 275,
          "KomakiLDA10NoDevice_1-channel-ip-1": 280,
          "KomakiLDA10NoDevice_1-channel-ip-2": 229,
          "KomakiLDA10NoDevice_1-channel-ip-3": 243,
          "KomakiLDA10NoDevice_1-channel-ip-4": 244,
          "KomakiLDA10NoDevice_1-channel-ip-5": 121,
          "KomakiLDA10NoDevice_1-channel-ip-6": 197,
          "KomakiLDA10NoDevice_1-channel-ip-7": 211,
          "KomakiLDA10NoDevice_1-channel-ip-8": 197,
          "KomakiLDA10NoDevice_1-channel-ip-9": 57,
          "KomakiLDA10NoDevice_1-channel-os-0": 246,
          "KomakiLDA10NoDevice_1-channel-os-1": 173,
          "KomakiLDA10NoDevice_1-channel-os-2": 39,
          "KomakiLDA10NoDevice_1-channel-os-3": 246,
          "KomakiLDA10NoDevice_1-channel-os-4": 210,
          "KomakiLDA10NoDevice_1-channel-os-5": 299,
          "KomakiLDA10NoDevice_1-channel-os-6": 223,
          "KomakiLDA10NoDevice_1-channel-os-7": 204,
          "KomakiLDA10NoDevice_1-channel-os-8": 65,
          "KomakiLDA10NoDevice_1-channel-os-9": 41,
          "KomakiLDA10NoDevice_2-ip-app-0": 941,
          "KomakiLDA10NoDevice_2-ip-app-1": 760,
          "KomakiLDA10NoDevice_2-ip-app-2": 869,
          "KomakiLDA10NoDevice_2-ip-app-3": 1021,
          "KomakiLDA10NoDevice_2-ip-app-4": 1010,
          "KomakiLDA10NoDevice_2-ip-app-5": 601,
          "KomakiLDA10NoDevice_2-ip-app-6": 758,
          "KomakiLDA10NoDevice_2-ip-app-7": 839,
          "KomakiLDA10NoDevice_2-ip-app-8": 703,
          "KomakiLDA10NoDevice_2-ip-app-9": 817,
          "KomakiLDA10NoDevice_2-ip-channel-0": 874,
          "KomakiLDA10NoDevice_2-ip-channel-1": 847,
          "KomakiLDA10NoDevice_2-ip-channel-2": 845,
          "KomakiLDA10NoDevice_2-ip-channel-3": 800,
          "KomakiLDA10NoDevice_2-ip-channel-4": 766,
          "KomakiLDA10NoDevice_2-ip-channel-5": 852,
          "KomakiLDA10NoDevice_2-ip-channel-6": 878,
          "KomakiLDA10NoDevice_2-ip-channel-7": 815,
          "KomakiLDA10NoDevice_2-ip-channel-8": 837,
          "KomakiLDA10NoDevice_2-ip-channel-9": 832,
          "KomakiLDA10NoDevice_2-os-ip-0": 170,
          "KomakiLDA10NoDevice_2-os-ip-1": 184,
          "KomakiLDA10NoDevice_2-os-ip-2": 193,
          "KomakiLDA10NoDevice_2-os-ip-3": 145,
          "KomakiLDA10NoDevice_2-os-ip-4": 101,
          "KomakiLDA10NoDevice_2-os-ip-5": 131,
          "KomakiLDA10NoDevice_2-os-ip-6": 155,
          "KomakiLDA10NoDevice_2-os-ip-7": 109,
          "KomakiLDA10NoDevice_2-os-ip-8": 184,
          "KomakiLDA10NoDevice_2-os-ip-9": 145,
          "KomakiLDA10NoDevice_2-os-app-0": 214,
          "KomakiLDA10NoDevice_2-os-app-1": 61,
          "KomakiLDA10NoDevice_2-os-app-2": 56,
          "KomakiLDA10NoDevice_2-os-app-3": 204,
          "KomakiLDA10NoDevice_2-os-app-4": 9,
          "KomakiLDA10NoDevice_2-os-app-5": 150,
          "KomakiLDA10NoDevice_2-os-app-6": 62,
          "KomakiLDA10NoDevice_2-os-app-7": 154,
          "KomakiLDA10NoDevice_2-os-app-8": 113,
          "KomakiLDA10NoDevice_2-os-app-9": 142,
          "KomakiLDA10NoDevice_2-os-channel-0": 221,
          "KomakiLDA10NoDevice_2-os-channel-1": 247,
          "KomakiLDA10NoDevice_2-os-channel-2": 109,
          "KomakiLDA10NoDevice_2-os-channel-3": 105,
          "KomakiLDA10NoDevice_2-os-channel-4": 203,
          "KomakiLDA10NoDevice_2-os-channel-5": 187,
          "KomakiLDA10NoDevice_2-os-channel-6": 240,
          "KomakiLDA10NoDevice_2-os-channel-7": 217,
          "KomakiLDA10NoDevice_2-os-channel-8": 155,
          "KomakiLDA10NoDevice_2-os-channel-9": 143,
          "KomakiLDA10NoDevice_2-channel-app-0": 369,
          "KomakiLDA10NoDevice_2-channel-app-1": 118,
          "KomakiLDA10NoDevice_2-channel-app-2": 108,
          "KomakiLDA10NoDevice_2-channel-app-3": 206,
          "KomakiLDA10NoDevice_2-channel-app-4": 133,
          "KomakiLDA10NoDevice_2-channel-app-5": 123,
          "KomakiLDA10NoDevice_2-channel-app-6": 141,
          "KomakiLDA10NoDevice_2-channel-app-7": 167,
          "KomakiLDA10NoDevice_2-channel-app-8": 216,
          "KomakiLDA10NoDevice_2-channel-app-9": 198,
          "KomakiNMF5NoDevice-ip-app-0": 501,
          "KomakiNMF5NoDevice-ip-app-1": 855,
          "KomakiNMF5NoDevice-ip-app-2": 616,
          "KomakiNMF5NoDevice-ip-app-3": 505,
          "KomakiNMF5NoDevice-ip-app-4": 563,
          "KomakiNMF5NoDevice-ip-os-0": 627,
          "KomakiNMF5NoDevice-ip-os-1": 634,
          "KomakiNMF5NoDevice-ip-os-2": 620,
          "KomakiNMF5NoDevice-ip-os-3": 613,
          "KomakiNMF5NoDevice-ip-os-4": 683,
          "KomakiNMF5NoDevice-ip-channel-0": 598,
          "KomakiNMF5NoDevice-ip-channel-1": 897,
          "KomakiNMF5NoDevice-ip-channel-2": 648,
          "KomakiNMF5NoDevice-ip-channel-3": 758,
          "KomakiNMF5NoDevice-ip-channel-4": 601,
          "KomakiNMF5NoDevice-app-ip-0": 120,
          "KomakiNMF5NoDevice-app-ip-1": 137,
          "KomakiNMF5NoDevice-app-ip-2": 82,
          "KomakiNMF5NoDevice-app-ip-3": 106,
          "KomakiNMF5NoDevice-app-ip-4": 42,
          "KomakiNMF5NoDevice-app-os-0": 44,
          "KomakiNMF5NoDevice-app-os-1": 81,
          "KomakiNMF5NoDevice-app-os-2": 76,
          "KomakiNMF5NoDevice-app-os-3": 27,
          "KomakiNMF5NoDevice-app-os-4": 31,
          "KomakiNMF5NoDevice-app-channel-0": 89,
          "KomakiNMF5NoDevice-app-channel-1": 82,
          "KomakiNMF5NoDevice-app-channel-2": 103,
          "KomakiNMF5NoDevice-app-channel-3": 82,
          "KomakiNMF5NoDevice-app-channel-4": 87,
          "KomakiNMF5NoDevice-os-ip-0": 102,
          "KomakiNMF5NoDevice-os-ip-1": 108,
          "KomakiNMF5NoDevice-os-ip-2": 104,
          "KomakiNMF5NoDevice-os-ip-3": 143,
          "KomakiNMF5NoDevice-os-ip-4": 109,
          "KomakiNMF5NoDevice-os-app-0": 71,
          "KomakiNMF5NoDevice-os-app-1": 4,
          "KomakiNMF5NoDevice-os-app-2": 92,
          "KomakiNMF5NoDevice-os-app-3": 141,
          "KomakiNMF5NoDevice-os-app-4": 82,
          "KomakiNMF5NoDevice-os-channel-0": 179,
          "KomakiNMF5NoDevice-os-channel-1": 128,
          "KomakiNMF5NoDevice-os-channel-2": 183,
          "KomakiNMF5NoDevice-os-channel-3": 161,
          "KomakiNMF5NoDevice-os-channel-4": 166,
          "KomakiNMF5NoDevice-channel-ip-0": 244,
          "KomakiNMF5NoDevice-channel-ip-1": 184,
          "KomakiNMF5NoDevice-channel-ip-2": 191,
          "KomakiNMF5NoDevice-channel-ip-3": 213,
          "KomakiNMF5NoDevice-channel-ip-4": 246,
          "KomakiNMF5NoDevice-channel-app-0": 125,
          "KomakiNMF5NoDevice-channel-app-1": 40,
          "KomakiNMF5NoDevice-channel-app-2": 112,
          "KomakiNMF5NoDevice-channel-app-3": 74,
          "KomakiNMF5NoDevice-channel-app-4": 108,
          "KomakiNMF5NoDevice-channel-os-0": 211,
          "KomakiNMF5NoDevice-channel-os-1": 42,
          "KomakiNMF5NoDevice-channel-os-2": 191,
          "KomakiNMF5NoDevice-channel-os-3": 117,
          "KomakiNMF5NoDevice-channel-os-4": 244,
          "KomakiPCA5NoDevice-ip-app-0": 778,
          "KomakiPCA5NoDevice-ip-app-1": 733,
          "KomakiPCA5NoDevice-ip-app-2": 636,
          "KomakiPCA5NoDevice-ip-app-3": 460,
          "KomakiPCA5NoDevice-ip-app-4": 736,
          "KomakiPCA5NoDevice-ip-os-0": 768,
          "KomakiPCA5NoDevice-ip-os-1": 554,
          "KomakiPCA5NoDevice-ip-os-2": 621,
          "KomakiPCA5NoDevice-ip-os-3": 612,
          "KomakiPCA5NoDevice-ip-os-4": 780,
          "KomakiPCA5NoDevice-ip-channel-0": 873,
          "KomakiPCA5NoDevice-ip-channel-1": 684,
          "KomakiPCA5NoDevice-ip-channel-2": 648,
          "KomakiPCA5NoDevice-ip-channel-3": 721,
          "KomakiPCA5NoDevice-ip-channel-4": 622,
          "KomakiPCA5NoDevice-app-ip-0": 84,
          "KomakiPCA5NoDevice-app-ip-1": 90,
          "KomakiPCA5NoDevice-app-ip-2": 97,
          "KomakiPCA5NoDevice-app-ip-3": 134,
          "KomakiPCA5NoDevice-app-ip-4": 67,
          "KomakiPCA5NoDevice-app-os-0": 139,
          "KomakiPCA5NoDevice-app-os-1": 84,
          "KomakiPCA5NoDevice-app-os-2": 99,
          "KomakiPCA5NoDevice-app-os-3": 92,
          "KomakiPCA5NoDevice-app-os-4": 85,
          "KomakiPCA5NoDevice-app-channel-0": 98,
          "KomakiPCA5NoDevice-app-channel-1": 137,
          "KomakiPCA5NoDevice-app-channel-2": 102,
          "KomakiPCA5NoDevice-app-channel-3": 101,
          "KomakiPCA5NoDevice-app-channel-4": 96,
          "KomakiPCA5NoDevice-os-ip-0": 56,
          "KomakiPCA5NoDevice-os-ip-1": 132,
          "KomakiPCA5NoDevice-os-ip-2": 105,
          "KomakiPCA5NoDevice-os-ip-3": 173,
          "KomakiPCA5NoDevice-os-ip-4": 122,
          "KomakiPCA5NoDevice-os-app-0": 121,
          "KomakiPCA5NoDevice-os-app-1": 105,
          "KomakiPCA5NoDevice-os-app-2": 109,
          "KomakiPCA5NoDevice-os-app-3": 100,
          "KomakiPCA5NoDevice-os-app-4": 152,
          "KomakiPCA5NoDevice-os-channel-0": 123,
          "KomakiPCA5NoDevice-os-channel-1": 165,
          "KomakiPCA5NoDevice-os-channel-2": 113,
          "KomakiPCA5NoDevice-os-channel-3": 89,
          "KomakiPCA5NoDevice-os-channel-4": 105,
          "KomakiPCA5NoDevice-channel-ip-0": 229,
          "KomakiPCA5NoDevice-channel-ip-1": 224,
          "KomakiPCA5NoDevice-channel-ip-2": 214,
          "KomakiPCA5NoDevice-channel-ip-3": 168,
          "KomakiPCA5NoDevice-channel-ip-4": 237,
          "KomakiPCA5NoDevice-channel-app-0": 225,
          "KomakiPCA5NoDevice-channel-app-1": 143,
          "KomakiPCA5NoDevice-channel-app-2": 174,
          "KomakiPCA5NoDevice-channel-app-3": 141,
          "KomakiPCA5NoDevice-channel-app-4": 151,
          "KomakiPCA5NoDevice-channel-os-0": 184,
          "KomakiPCA5NoDevice-channel-os-1": 183,
          "KomakiPCA5NoDevice-channel-os-2": 128,
          "KomakiPCA5NoDevice-channel-os-3": 186,
          "KomakiPCA5NoDevice-channel-os-4": 177
        }
      },
      {
        "train_auc": 0.9945706606762191,
        "valid_auc": 0.9850009266050058,
        "best_iteration": 667,
        "train_time": 263.86866426467896,
        "feature_importance": {
          "app": 3025,
          "hour": 3350,
          "n_channels": 771,
          "ip_app_count": 804,
          "ip_app_os_count": 976,
          "FutureClickCount_600-ip": 491,
          "FutureClickCount_600-app": 456,
          "FutureClickCount_600-ip-app": 187,
          "FutureClickCount_600-dev": 230,
          "FutureClickCount_600-ip-dev": 519,
          "FutureClickCount_600-app-dev": 398,
          "FutureClickCount_600-ip-app-dev": 178,
          "FutureClickCount_600-os": 237,
          "FutureClickCount_600-ip-os": 364,
          "FutureClickCount_600-app-os": 426,
          "FutureClickCount_600-ip-app-os": 219,
          "FutureClickCount_600-dev-os": 550,
          "FutureClickCount_600-ip-dev-os": 366,
          "FutureClickCount_600-app-dev-os": 538,
          "FutureClickCount_600-ip-app-dev-os": 264,
          "FutureClickCount_600-cha": 463,
          "FutureClickCount_600-ip-cha": 130,
          "FutureClickCount_600-app-cha": 618,
          "FutureClickCount_600-ip-app-cha": 88,
          "FutureClickCount_600-dev-cha": 336,
          "FutureClickCount_600-ip-dev-cha": 141,
          "FutureClickCount_600-app-dev-cha": 384,
          "FutureClickCount_600-ip-app-dev-cha": 96,
          "FutureClickCount_600-os-cha": 308,
          "FutureClickCount_600-ip-os-cha": 81,
          "FutureClickCount_600-app-os-cha": 356,
          "FutureClickCount_600-ip-app-os-cha": 69,
          "FutureClickCount_600-dev-os-cha": 319,
          "FutureClickCount_600-ip-dev-os-cha": 57,
          "FutureClickCount_600-app-dev-os-cha": 301,
          "FutureClickCount_600-ip-app-dev-os-cha": 81,
          "FutureClickCount_4800-ip": 664,
          "FutureClickCount_4800-app": 229,
          "FutureClickCount_4800-ip-app": 304,
          "FutureClickCount_4800-dev": 72,
          "FutureClickCount_4800-ip-dev": 924,
          "FutureClickCount_4800-app-dev": 208,
          "FutureClickCount_4800-ip-app-dev": 271,
          "FutureClickCount_4800-os": 158,
          "FutureClickCount_4800-ip-os": 512,
          "FutureClickCount_4800-app-os": 304,
          "FutureClickCount_4800-ip-app-os": 258,
          "FutureClickCount_4800-dev-os": 225,
          "FutureClickCount_4800-ip-dev-os": 660,
          "FutureClickCount_4800-app-dev-os": 467,
          "FutureClickCount_4800-ip-app-dev-os": 330,
          "FutureClickCount_4800-cha": 303,
          "FutureClickCount_4800-ip-cha": 193,
          "FutureClickCount_4800-app-cha": 459,
          "FutureClickCount_4800-ip-app-cha": 155,
          "FutureClickCount_4800-dev-cha": 217,
          "FutureClickCount_4800-ip-dev-cha": 176,
          "FutureClickCount_4800-app-dev-cha": 335,
          "FutureClickCount_4800-ip-app-dev-cha": 149,
          "FutureClickCount_4800-os-cha": 290,
          "FutureClickCount_4800-ip-os-cha": 123,
          "FutureClickCount_4800-app-os-cha": 312,
          "FutureClickCount_4800-ip-app-os-cha": 128,
          "FutureClickCount_4800-dev-os-cha": 329,
          "FutureClickCount_4800-ip-dev-os-cha": 84,
          "FutureClickCount_4800-app-dev-os-cha": 317,
          "FutureClickCount_4800-ip-app-dev-os-cha": 119,
          "NextClickTimeDelta-ip": 693,
          "NextClickTimeDelta-app": 96,
          "NextClickTimeDelta-ip-app": 730,
          "NextClickTimeDelta-dev": 45,
          "NextClickTimeDelta-ip-dev": 460,
          "NextClickTimeDelta-app-dev": 77,
          "NextClickTimeDelta-ip-app-dev": 593,
          "NextClickTimeDelta-os": 72,
          "NextClickTimeDelta-ip-os": 621,
          "NextClickTimeDelta-app-os": 222,
          "NextClickTimeDelta-ip-app-os": 1198,
          "NextClickTimeDelta-dev-os": 88,
          "NextClickTimeDelta-ip-dev-os": 456,
          "NextClickTimeDelta-app-dev-os": 183,
          "NextClickTimeDelta-ip-app-dev-os": 2203,
          "NextClickTimeDelta-cha": 117,
          "NextClickTimeDelta-ip-cha": 541,
          "NextClickTimeDelta-app-cha": 190,
          "NextClickTimeDelta-ip-app-cha": 468,
          "NextClickTimeDelta-dev-cha": 111,
          "NextClickTimeDelta-ip-dev-cha": 370,
          "NextClickTimeDelta-app-dev-cha": 134,
          "NextClickTimeDelta-ip-app-dev-cha": 401,
          "NextClickTimeDelta-os-cha": 223,
          "NextClickTimeDelta-ip-os-cha": 355,
          "NextClickTimeDelta-app-os-cha": 303,
          "NextClickTimeDelta-ip-app-os-cha": 473,
          "NextClickTimeDelta-dev-os-cha": 203,
          "NextClickTimeDelta-ip-dev-os-cha": 311,
          "NextClickTimeDelta-app-dev-os-cha": 232,
          "NextClickTimeDelta-ip-app-dev-os-cha": 507,
          "PrevClickTimeDelta-ip": 534,
          "PrevClickTimeDelta-app": 98,
          "PrevClickTimeDelta-ip-app": 420,
          "PrevClickTimeDelta-dev": 57,
          "PrevClickTimeDelta-ip-dev": 385,
          "PrevClickTimeDelta-app-dev": 84,
          "PrevClickTimeDelta-ip-app-dev": 308,
          "PrevClickTimeDelta-os": 92,
          "PrevClickTimeDelta-ip-os": 458,
          "PrevClickTimeDelta-app-os": 167,
          "PrevClickTimeDelta-ip-app-os": 386,
          "PrevClickTimeDelta-dev-os": 64,
          "PrevClickTimeDelta-ip-dev-os": 344,
          "PrevClickTimeDelta-app-dev-os": 151,
          "PrevClickTimeDelta-ip-app-dev-os": 349,
          "PrevClickTimeDelta-cha": 101,
          "PrevClickTimeDelta-ip-cha": 370,
          "PrevClickTimeDelta-app-cha": 144,
          "PrevClickTimeDelta-ip-app-cha": 314,
          "PrevClickTimeDelta-dev-cha": 118,
          "PrevClickTimeDelta-ip-dev-cha": 269,
          "PrevClickTimeDelta-app-dev-cha": 114,
          "PrevClickTimeDelta-ip-app-dev-cha": 253,
          "PrevClickTimeDelta-os-cha": 273,
          "PrevClickTimeDelta-ip-os-cha": 281,
          "PrevClickTimeDelta-app-os-cha": 242,
          "PrevClickTimeDelta-ip-app-os-cha": 242,
          "PrevClickTimeDelta-dev-os-cha": 176,
          "PrevClickTimeDelta-ip-dev-os-cha": 203,
          "PrevClickTimeDelta-app-dev-os-cha": 214,
          "PrevClickTimeDelta-ip-app-dev-os-cha": 173,
          "AverageAttributedRatio-ip": 359,
          "AverageAttributedRatio-app": 248,
          "AverageAttributedRatio-ip-app": 183,
          "AverageAttributedRatio-dev": 475,
          "AverageAttributedRatio-ip-dev": 300,
          "AverageAttributedRatio-app-dev": 214,
          "AverageAttributedRatio-ip-app-dev": 216,
          "AverageAttributedRatio-os": 282,
          "AverageAttributedRatio-ip-os": 201,
          "AverageAttributedRatio-app-os": 247,
          "AverageAttributedRatio-ip-app-os": 76,
          "AverageAttributedRatio-dev-os": 307,
          "AverageAttributedRatio-ip-dev-os": 237,
          "AverageAttributedRatio-app-dev-os": 253,
          "AverageAttributedRatio-ip-app-dev-os": 65,
          "AverageAttributedRatio-cha": 281,
          "AverageAttributedRatio-ip-cha": 93,
          "AverageAttributedRatio-app-cha": 198,
          "AverageAttributedRatio-ip-app-cha": 77,
          "AverageAttributedRatio-dev-cha": 181,
          "AverageAttributedRatio-ip-dev-cha": 68,
          "AverageAttributedRatio-app-dev-cha": 198,
          "AverageAttributedRatio-ip-app-dev-cha": 68,
          "AverageAttributedRatio-os-cha": 224,
          "AverageAttributedRatio-ip-os-cha": 41,
          "AverageAttributedRatio-app-os-cha": 213,
          "AverageAttributedRatio-ip-app-os-cha": 39,
          "AverageAttributedRatio-dev-os-cha": 210,
          "AverageAttributedRatio-ip-dev-os-cha": 34,
          "AverageAttributedRatio-app-dev-os-cha": 235,
          "AverageAttributedRatio-ip-app-dev-os-cha": 25,
          "KomakiLDA10NoDevice_1-ip-os-0": 768,
          "KomakiLDA10NoDevice_1-ip-os-1": 579,
          "KomakiLDA10NoDevice_1-ip-os-2": 815,
          "KomakiLDA10NoDevice_1-ip-os-3": 746,
          "KomakiLDA10NoDevice_1-ip-os-4": 752,
          "KomakiLDA10NoDevice_1-ip-os-5": 869,
          "KomakiLDA10NoDevice_1-ip-os-6": 775,
          "KomakiLDA10NoDevice_1-ip-os-7": 711,
          "KomakiLDA10NoDevice_1-ip-os-8": 629,
          "KomakiLDA10NoDevice_1-ip-os-9": 722,
          "KomakiLDA10NoDevice_1-app-ip-0": 163,
          "KomakiLDA10NoDevice_1-app-ip-1": 192,
          "KomakiLDA10NoDevice_1-app-ip-2": 155,
          "KomakiLDA10NoDevice_1-app-ip-3": 155,
          "KomakiLDA10NoDevice_1-app-ip-4": 116,
          "KomakiLDA10NoDevice_1-app-ip-5": 82,
          "KomakiLDA10NoDevice_1-app-ip-6": 202,
          "KomakiLDA10NoDevice_1-app-ip-7": 139,
          "KomakiLDA10NoDevice_1-app-ip-8": 134,
          "KomakiLDA10NoDevice_1-app-ip-9": 106,
          "KomakiLDA10NoDevice_1-app-os-0": 168,
          "KomakiLDA10NoDevice_1-app-os-1": 98,
          "KomakiLDA10NoDevice_1-app-os-2": 92,
          "KomakiLDA10NoDevice_1-app-os-3": 157,
          "KomakiLDA10NoDevice_1-app-os-4": 133,
          "KomakiLDA10NoDevice_1-app-os-5": 152,
          "KomakiLDA10NoDevice_1-app-os-6": 99,
          "KomakiLDA10NoDevice_1-app-os-7": 87,
          "KomakiLDA10NoDevice_1-app-os-8": 93,
          "KomakiLDA10NoDevice_1-app-os-9": 84,
          "KomakiLDA10NoDevice_1-app-channel-0": 62,
          "KomakiLDA10NoDevice_1-app-channel-1": 117,
          "KomakiLDA10NoDevice_1-app-channel-2": 126,
          "KomakiLDA10NoDevice_1-app-channel-3": 67,
          "KomakiLDA10NoDevice_1-app-channel-4": 63,
          "KomakiLDA10NoDevice_1-app-channel-5": 54,
          "KomakiLDA10NoDevice_1-app-channel-6": 105,
          "KomakiLDA10NoDevice_1-app-channel-7": 102,
          "KomakiLDA10NoDevice_1-app-channel-8": 83,
          "KomakiLDA10NoDevice_1-app-channel-9": 79,
          "KomakiLDA10NoDevice_1-channel-ip-0": 290,
          "KomakiLDA10NoDevice_1-channel-ip-1": 270,
          "KomakiLDA10NoDevice_1-channel-ip-2": 196,
          "KomakiLDA10NoDevice_1-channel-ip-3": 236,
          "KomakiLDA10NoDevice_1-channel-ip-4": 193,
          "KomakiLDA10NoDevice_1-channel-ip-5": 136,
          "KomakiLDA10NoDevice_1-channel-ip-6": 163,
          "KomakiLDA10NoDevice_1-channel-ip-7": 196,
          "KomakiLDA10NoDevice_1-channel-ip-8": 193,
          "KomakiLDA10NoDevice_1-channel-ip-9": 44,
          "KomakiLDA10NoDevice_1-channel-os-0": 210,
          "KomakiLDA10NoDevice_1-channel-os-1": 130,
          "KomakiLDA10NoDevice_1-channel-os-2": 41,
          "KomakiLDA10NoDevice_1-channel-os-3": 194,
          "KomakiLDA10NoDevice_1-channel-os-4": 202,
          "KomakiLDA10NoDevice_1-channel-os-5": 298,
          "KomakiLDA10NoDevice_1-channel-os-6": 189,
          "KomakiLDA10NoDevice_1-channel-os-7": 175,
          "KomakiLDA10NoDevice_1-channel-os-8": 70,
          "KomakiLDA10NoDevice_1-channel-os-9": 41,
          "KomakiLDA10NoDevice_2-ip-app-0": 895,
          "KomakiLDA10NoDevice_2-ip-app-1": 694,
          "KomakiLDA10NoDevice_2-ip-app-2": 933,
          "KomakiLDA10NoDevice_2-ip-app-3": 1039,
          "KomakiLDA10NoDevice_2-ip-app-4": 1002,
          "KomakiLDA10NoDevice_2-ip-app-5": 607,
          "KomakiLDA10NoDevice_2-ip-app-6": 758,
          "KomakiLDA10NoDevice_2-ip-app-7": 856,
          "KomakiLDA10NoDevice_2-ip-app-8": 658,
          "KomakiLDA10NoDevice_2-ip-app-9": 780,
          "KomakiLDA10NoDevice_2-ip-channel-0": 798,
          "KomakiLDA10NoDevice_2-ip-channel-1": 868,
          "KomakiLDA10NoDevice_2-ip-channel-2": 780,
          "KomakiLDA10NoDevice_2-ip-channel-3": 816,
          "KomakiLDA10NoDevice_2-ip-channel-4": 695,
          "KomakiLDA10NoDevice_2-ip-channel-5": 846,
          "KomakiLDA10NoDevice_2-ip-channel-6": 764,
          "KomakiLDA10NoDevice_2-ip-channel-7": 730,
          "KomakiLDA10NoDevice_2-ip-channel-8": 805,
          "KomakiLDA10NoDevice_2-ip-channel-9": 852,
          "KomakiLDA10NoDevice_2-os-ip-0": 173,
          "KomakiLDA10NoDevice_2-os-ip-1": 172,
          "KomakiLDA10NoDevice_2-os-ip-2": 213,
          "KomakiLDA10NoDevice_2-os-ip-3": 185,
          "KomakiLDA10NoDevice_2-os-ip-4": 115,
          "KomakiLDA10NoDevice_2-os-ip-5": 139,
          "KomakiLDA10NoDevice_2-os-ip-6": 142,
          "KomakiLDA10NoDevice_2-os-ip-7": 131,
          "KomakiLDA10NoDevice_2-os-ip-8": 170,
          "KomakiLDA10NoDevice_2-os-ip-9": 136,
          "KomakiLDA10NoDevice_2-os-app-0": 227,
          "KomakiLDA10NoDevice_2-os-app-1": 73,
          "KomakiLDA10NoDevice_2-os-app-2": 57,
          "KomakiLDA10NoDevice_2-os-app-3": 209,
          "KomakiLDA10NoDevice_2-os-app-4": 5,
          "KomakiLDA10NoDevice_2-os-app-5": 154,
          "KomakiLDA10NoDevice_2-os-app-6": 49,
          "KomakiLDA10NoDevice_2-os-app-7": 162,
          "KomakiLDA10NoDevice_2-os-app-8": 148,
          "KomakiLDA10NoDevice_2-os-app-9": 156,
          "KomakiLDA10NoDevice_2-os-channel-0": 210,
          "KomakiLDA10NoDevice_2-os-channel-1": 193,
          "KomakiLDA10NoDevice_2-os-channel-2": 94,
          "KomakiLDA10NoDevice_2-os-channel-3": 106,
          "KomakiLDA10NoDevice_2-os-channel-4": 195,
          "KomakiLDA10NoDevice_2-os-channel-5": 235,
          "KomakiLDA10NoDevice_2-os-channel-6": 208,
          "KomakiLDA10NoDevice_2-os-channel-7": 172,
          "KomakiLDA10NoDevice_2-os-channel-8": 151,
          "KomakiLDA10NoDevice_2-os-channel-9": 118,
          "KomakiLDA10NoDevice_2-channel-app-0": 336,
          "KomakiLDA10NoDevice_2-channel-app-1": 116,
          "KomakiLDA10NoDevice_2-channel-app-2": 118,
          "KomakiLDA10NoDevice_2-channel-app-3": 158,
          "KomakiLDA10NoDevice_2-channel-app-4": 160,
          "KomakiLDA10NoDevice_2-channel-app-5": 98,
          "KomakiLDA10NoDevice_2-channel-app-6": 134,
          "KomakiLDA10NoDevice_2-channel-app-7": 154,
          "KomakiLDA10NoDevice_2-channel-app-8": 214,
          "KomakiLDA10NoDevice_2-channel-app-9": 188,
          "KomakiNMF5NoDevice-ip-app-0": 495,
          "KomakiNMF5NoDevice-ip-app-1": 776,
          "KomakiNMF5NoDevice-ip-app-2": 558,
          "KomakiNMF5NoDevice-ip-app-3": 477,
          "KomakiNMF5NoDevice-ip-app-4": 560,
          "KomakiNMF5NoDevice-ip-os-0": 616,
          "KomakiNMF5NoDevice-ip-os-1": 626,
          "KomakiNMF5NoDevice-ip-os-2": 640,
          "KomakiNMF5NoDevice-ip-os-3": 597,
          "KomakiNMF5NoDevice-ip-os-4": 654,
          "KomakiNMF5NoDevice-ip-channel-0": 557,
          "KomakiNMF5NoDevice-ip-channel-1": 927,
          "KomakiNMF5NoDevice-ip-channel-2": 591,
          "KomakiNMF5NoDevice-ip-channel-3": 715,
          "KomakiNMF5NoDevice-ip-channel-4": 573,
          "KomakiNMF5NoDevice-app-ip-0": 102,
          "KomakiNMF5NoDevice-app-ip-1": 107,
          "KomakiNMF5NoDevice-app-ip-2": 82,
          "KomakiNMF5NoDevice-app-ip-3": 105,
          "KomakiNMF5NoDevice-app-ip-4": 44,
          "KomakiNMF5NoDevice-app-os-0": 40,
          "KomakiNMF5NoDevice-app-os-1": 68,
          "KomakiNMF5NoDevice-app-os-2": 79,
          "KomakiNMF5NoDevice-app-os-3": 35,
          "KomakiNMF5NoDevice-app-os-4": 28,
          "KomakiNMF5NoDevice-app-channel-0": 73,
          "KomakiNMF5NoDevice-app-channel-1": 80,
          "KomakiNMF5NoDevice-app-channel-2": 94,
          "KomakiNMF5NoDevice-app-channel-3": 99,
          "KomakiNMF5NoDevice-app-channel-4": 66,
          "KomakiNMF5NoDevice-os-ip-0": 108,
          "KomakiNMF5NoDevice-os-ip-1": 115,
          "KomakiNMF5NoDevice-os-ip-2": 97,
          "KomakiNMF5NoDevice-os-ip-3": 131,
          "KomakiNMF5NoDevice-os-ip-4": 106,
          "KomakiNMF5NoDevice-os-app-0": 61,
          "KomakiNMF5NoDevice-os-app-1": 1,
          "KomakiNMF5NoDevice-os-app-2": 69,
          "KomakiNMF5NoDevice-os-app-3": 116,
          "KomakiNMF5NoDevice-os-app-4": 75,
          "KomakiNMF5NoDevice-os-channel-0": 196,
          "KomakiNMF5NoDevice-os-channel-1": 121,
          "KomakiNMF5NoDevice-os-channel-2": 213,
          "KomakiNMF5NoDevice-os-channel-3": 169,
          "KomakiNMF5NoDevice-os-channel-4": 130,
          "KomakiNMF5NoDevice-channel-ip-0": 217,
          "KomakiNMF5NoDevice-channel-ip-1": 176,
          "KomakiNMF5NoDevice-channel-ip-2": 170,
          "KomakiNMF5NoDevice-channel-ip-3": 245,
          "KomakiNMF5NoDevice-channel-ip-4": 225,
          "KomakiNMF5NoDevice-channel-app-0": 106,
          "KomakiNMF5NoDevice-channel-app-1": 41,
          "KomakiNMF5NoDevice-channel-app-2": 109,
          "KomakiNMF5NoDevice-channel-app-3": 81,
          "KomakiNMF5NoDevice-channel-app-4": 110,
          "KomakiNMF5NoDevice-channel-os-0": 225,
          "KomakiNMF5NoDevice-channel-os-1": 44,
          "KomakiNMF5NoDevice-channel-os-2": 184,
          "KomakiNMF5NoDevice-channel-os-3": 101,
          "KomakiNMF5NoDevice-channel-os-4": 199,
          "KomakiPCA5NoDevice-ip-app-0": 684,
          "KomakiPCA5NoDevice-ip-app-1": 577,
          "KomakiPCA5NoDevice-ip-app-2": 596,
          "KomakiPCA5NoDevice-ip-app-3": 463,
          "KomakiPCA5NoDevice-ip-app-4": 666,
          "KomakiPCA5NoDevice-ip-os-0": 767,
          "KomakiPCA5NoDevice-ip-os-1": 546,
          "KomakiPCA5NoDevice-ip-os-2": 629,
          "KomakiPCA5NoDevice-ip-os-3": 554,
          "KomakiPCA5NoDevice-ip-os-4": 718,
          "KomakiPCA5NoDevice-ip-channel-0": 813,
          "KomakiPCA5NoDevice-ip-channel-1": 649,
          "KomakiPCA5NoDevice-ip-channel-2": 556,
          "KomakiPCA5NoDevice-ip-channel-3": 741,
          "KomakiPCA5NoDevice-ip-channel-4": 598,
          "KomakiPCA5NoDevice-app-ip-0": 110,
          "KomakiPCA5NoDevice-app-ip-1": 80,
          "KomakiPCA5NoDevice-app-ip-2": 87,
          "KomakiPCA5NoDevice-app-ip-3": 107,
          "KomakiPCA5NoDevice-app-ip-4": 56,
          "KomakiPCA5NoDevice-app-os-0": 121,
          "KomakiPCA5NoDevice-app-os-1": 47,
          "KomakiPCA5NoDevice-app-os-2": 95,
          "KomakiPCA5NoDevice-app-os-3": 84,
          "KomakiPCA5NoDevice-app-os-4": 93,
          "KomakiPCA5NoDevice-app-channel-0": 106,
          "KomakiPCA5NoDevice-app-channel-1": 118,
          "KomakiPCA5NoDevice-app-channel-2": 101,
          "KomakiPCA5NoDevice-app-channel-3": 101,
          "KomakiPCA5NoDevice-app-channel-4": 90,
          "KomakiPCA5NoDevice-os-ip-0": 42,
          "KomakiPCA5NoDevice-os-ip-1": 121,
          "KomakiPCA5NoDevice-os-ip-2": 146,
          "KomakiPCA5NoDevice-os-ip-3": 162,
          "KomakiPCA5NoDevice-os-ip-4": 126,
          "KomakiPCA5NoDevice-os-app-0": 85,
          "KomakiPCA5NoDevice-os-app-1": 91,
          "KomakiPCA5NoDevice-os-app-2": 89,
          "KomakiPCA5NoDevice-os-app-3": 131,
          "KomakiPCA5NoDevice-os-app-4": 118,
          "KomakiPCA5NoDevice-os-channel-0": 124,
          "KomakiPCA5NoDevice-os-channel-1": 181,
          "KomakiPCA5NoDevice-os-channel-2": 118,
          "KomakiPCA5NoDevice-os-channel-3": 93,
          "KomakiPCA5NoDevice-os-channel-4": 109,
          "KomakiPCA5NoDevice-channel-ip-0": 241,
          "KomakiPCA5NoDevice-channel-ip-1": 239,
          "KomakiPCA5NoDevice-channel-ip-2": 201,
          "KomakiPCA5NoDevice-channel-ip-3": 161,
          "KomakiPCA5NoDevice-channel-ip-4": 217,
          "KomakiPCA5NoDevice-channel-app-0": 208,
          "KomakiPCA5NoDevice-channel-app-1": 121,
          "KomakiPCA5NoDevice-channel-app-2": 149,
          "KomakiPCA5NoDevice-channel-app-3": 154,
          "KomakiPCA5NoDevice-channel-app-4": 170,
          "KomakiPCA5NoDevice-channel-os-0": 219,
          "KomakiPCA5NoDevice-channel-os-1": 193,
          "KomakiPCA5NoDevice-channel-os-2": 116,
          "KomakiPCA5NoDevice-channel-os-3": 171,
          "KomakiPCA5NoDevice-channel-os-4": 161
        }
      },
      {
        "train_auc": 0.9944492238617145,
        "valid_auc": 0.9847921759403185,
        "best_iteration": 657,
        "train_time": 256.72804975509644,
        "feature_importance": {
          "app": 3065,
          "hour": 3340,
          "n_channels": 739,
          "ip_app_count": 691,
          "ip_app_os_count": 934,
          "FutureClickCount_600-ip": 460,
          "FutureClickCount_600-app": 416,
          "FutureClickCount_600-ip-app": 165,
          "FutureClickCount_600-dev": 267,
          "FutureClickCount_600-ip-dev": 506,
          "FutureClickCount_600-app-dev": 326,
          "FutureClickCount_600-ip-app-dev": 190,
          "FutureClickCount_600-os": 213,
          "FutureClickCount_600-ip-os": 409,
          "FutureClickCount_600-app-os": 373,
          "FutureClickCount_600-ip-app-os": 196,
          "FutureClickCount_600-dev-os": 540,
          "FutureClickCount_600-ip-dev-os": 318,
          "FutureClickCount_600-app-dev-os": 544,
          "FutureClickCount_600-ip-app-dev-os": 263,
          "FutureClickCount_600-cha": 409,
          "FutureClickCount_600-ip-cha": 97,
          "FutureClickCount_600-app-cha": 610,
          "FutureClickCount_600-ip-app-cha": 95,
          "FutureClickCount_600-dev-cha": 341,
          "FutureClickCount_600-ip-dev-cha": 109,
          "FutureClickCount_600-app-dev-cha": 385,
          "FutureClickCount_600-ip-app-dev-cha": 79,
          "FutureClickCount_600-os-cha": 295,
          "FutureClickCount_600-ip-os-cha": 78,
          "FutureClickCount_600-app-os-cha": 337,
          "FutureClickCount_600-ip-app-os-cha": 70,
          "FutureClickCount_600-dev-os-cha": 310,
          "FutureClickCount_600-ip-dev-os-cha": 71,
          "FutureClickCount_600-app-dev-os-cha": 288,
          "FutureClickCount_600-ip-app-dev-os-cha": 85,
          "FutureClickCount_4800-ip": 687,
          "FutureClickCount_4800-app": 321,
          "FutureClickCount_4800-ip-app": 298,
          "FutureClickCount_4800-dev": 62,
          "FutureClickCount_4800-ip-dev": 856,
          "FutureClickCount_4800-app-dev": 226,
          "FutureClickCount_4800-ip-app-dev": 222,
          "FutureClickCount_4800-os": 118,
          "FutureClickCount_4800-ip-os": 509,
          "FutureClickCount_4800-app-os": 321,
          "FutureClickCount_4800-ip-app-os": 259,
          "FutureClickCount_4800-dev-os": 236,
          "FutureClickCount_4800-ip-dev-os": 613,
          "FutureClickCount_4800-app-dev-os": 472,
          "FutureClickCount_4800-ip-app-dev-os": 318,
          "FutureClickCount_4800-cha": 276,
          "FutureClickCount_4800-ip-cha": 177,
          "FutureClickCount_4800-app-cha": 472,
          "FutureClickCount_4800-ip-app-cha": 144,
          "FutureClickCount_4800-dev-cha": 226,
          "FutureClickCount_4800-ip-dev-cha": 198,
          "FutureClickCount_4800-app-dev-cha": 323,
          "FutureClickCount_4800-ip-app-dev-cha": 143,
          "FutureClickCount_4800-os-cha": 283,
          "FutureClickCount_4800-ip-os-cha": 99,
          "FutureClickCount_4800-app-os-cha": 275,
          "FutureClickCount_4800-ip-app-os-cha": 116,
          "FutureClickCount_4800-dev-os-cha": 264,
          "FutureClickCount_4800-ip-dev-os-cha": 81,
          "FutureClickCount_4800-app-dev-os-cha": 343,
          "FutureClickCount_4800-ip-app-dev-os-cha": 106,
          "NextClickTimeDelta-ip": 673,
          "NextClickTimeDelta-app": 119,
          "NextClickTimeDelta-ip-app": 728,
          "NextClickTimeDelta-dev": 45,
          "NextClickTimeDelta-ip-dev": 500,
          "NextClickTimeDelta-app-dev": 59,
          "NextClickTimeDelta-ip-app-dev": 592,
          "NextClickTimeDelta-os": 67,
          "NextClickTimeDelta-ip-os": 583,
          "NextClickTimeDelta-app-os": 222,
          "NextClickTimeDelta-ip-app-os": 1212,
          "NextClickTimeDelta-dev-os": 117,
          "NextClickTimeDelta-ip-dev-os": 442,
          "NextClickTimeDelta-app-dev-os": 189,
          "NextClickTimeDelta-ip-app-dev-os": 2229,
          "NextClickTimeDelta-cha": 111,
          "NextClickTimeDelta-ip-cha": 475,
          "NextClickTimeDelta-app-cha": 154,
          "NextClickTimeDelta-ip-app-cha": 395,
          "NextClickTimeDelta-dev-cha": 102,
          "NextClickTimeDelta-ip-dev-cha": 327,
          "NextClickTimeDelta-app-dev-cha": 139,
          "NextClickTimeDelta-ip-app-dev-cha": 373,
          "NextClickTimeDelta-os-cha": 234,
          "NextClickTimeDelta-ip-os-cha": 355,
          "NextClickTimeDelta-app-os-cha": 289,
          "NextClickTimeDelta-ip-app-os-cha": 483,
          "NextClickTimeDelta-dev-os-cha": 172,
          "NextClickTimeDelta-ip-dev-os-cha": 324,
          "NextClickTimeDelta-app-dev-os-cha": 234,
          "NextClickTimeDelta-ip-app-dev-os-cha": 506,
          "PrevClickTimeDelta-ip": 532,
          "PrevClickTimeDelta-app": 107,
          "PrevClickTimeDelta-ip-app": 428,
          "PrevClickTimeDelta-dev": 54,
          "PrevClickTimeDelta-ip-dev": 361,
          "PrevClickTimeDelta-app-dev": 85,
          "PrevClickTimeDelta-ip-app-dev": 321,
          "PrevClickTimeDelta-os": 74,
          "PrevClickTimeDelta-ip-os": 442,
          "PrevClickTimeDelta-app-os": 172,
          "PrevClickTimeDelta-ip-app-os": 345,
          "PrevClickTimeDelta-dev-os": 74,
          "PrevClickTimeDelta-ip-dev-os": 307,
          "PrevClickTimeDelta-app-dev-os": 176,
          "PrevClickTimeDelta-ip-app-dev-os": 323,
          "PrevClickTimeDelta-cha": 118,
          "PrevClickTimeDelta-ip-cha": 364,
          "PrevClickTimeDelta-app-cha": 160,
          "PrevClickTimeDelta-ip-app-cha": 283,
          "PrevClickTimeDelta-dev-cha": 139,
          "PrevClickTimeDelta-ip-dev-cha": 269,
          "PrevClickTimeDelta-app-dev-cha": 122,
          "PrevClickTimeDelta-ip-app-dev-cha": 218,
          "PrevClickTimeDelta-os-cha": 227,
          "PrevClickTimeDelta-ip-os-cha": 279,
          "PrevClickTimeDelta-app-os-cha": 228,
          "PrevClickTimeDelta-ip-app-os-cha": 219,
          "PrevClickTimeDelta-dev-os-cha": 210,
          "PrevClickTimeDelta-ip-dev-os-cha": 208,
          "PrevClickTimeDelta-app-dev-os-cha": 220,
          "PrevClickTimeDelta-ip-app-dev-os-cha": 183,
          "AverageAttributedRatio-ip": 343,
          "AverageAttributedRatio-app": 257,
          "AverageAttributedRatio-ip-app": 187,
          "AverageAttributedRatio-dev": 468,
          "AverageAttributedRatio-ip-dev": 293,
          "AverageAttributedRatio-app-dev": 194,
          "AverageAttributedRatio-ip-app-dev": 190,
          "AverageAttributedRatio-os": 299,
          "AverageAttributedRatio-ip-os": 199,
          "AverageAttributedRatio-app-os": 204,
          "AverageAttributedRatio-ip-app-os": 74,
          "AverageAttributedRatio-dev-os": 274,
          "AverageAttributedRatio-ip-dev-os": 215,
          "AverageAttributedRatio-app-dev-os": 238,
          "AverageAttributedRatio-ip-app-dev-os": 42,
          "AverageAttributedRatio-cha": 223,
          "AverageAttributedRatio-ip-cha": 74,
          "AverageAttributedRatio-app-cha": 215,
          "AverageAttributedRatio-ip-app-cha": 86,
          "AverageAttributedRatio-dev-cha": 189,
          "AverageAttributedRatio-ip-dev-cha": 81,
          "AverageAttributedRatio-app-dev-cha": 174,
          "AverageAttributedRatio-ip-app-dev-cha": 44,
          "AverageAttributedRatio-os-cha": 217,
          "AverageAttributedRatio-ip-os-cha": 37,
          "AverageAttributedRatio-app-os-cha": 255,
          "AverageAttributedRatio-ip-app-os-cha": 44,
          "AverageAttributedRatio-dev-os-cha": 252,
          "AverageAttributedRatio-ip-dev-os-cha": 28,
          "AverageAttributedRatio-app-dev-os-cha": 242,
          "AverageAttributedRatio-ip-app-dev-os-cha": 34,
          "KomakiLDA10NoDevice_1-ip-os-0": 781,
          "KomakiLDA10NoDevice_1-ip-os-1": 558,
          "KomakiLDA10NoDevice_1-ip-os-2": 807,
          "KomakiLDA10NoDevice_1-ip-os-3": 799,
          "KomakiLDA10NoDevice_1-ip-os-4": 657,
          "KomakiLDA10NoDevice_1-ip-os-5": 848,
          "KomakiLDA10NoDevice_1-ip-os-6": 743,
          "KomakiLDA10NoDevice_1-ip-os-7": 689,
          "KomakiLDA10NoDevice_1-ip-os-8": 611,
          "KomakiLDA10NoDevice_1-ip-os-9": 780,
          "KomakiLDA10NoDevice_1-app-ip-0": 207,
          "KomakiLDA10NoDevice_1-app-ip-1": 198,
          "KomakiLDA10NoDevice_1-app-ip-2": 141,
          "KomakiLDA10NoDevice_1-app-ip-3": 144,
          "KomakiLDA10NoDevice_1-app-ip-4": 95,
          "KomakiLDA10NoDevice_1-app-ip-5": 107,
          "KomakiLDA10NoDevice_1-app-ip-6": 179,
          "KomakiLDA10NoDevice_1-app-ip-7": 118,
          "KomakiLDA10NoDevice_1-app-ip-8": 147,
          "KomakiLDA10NoDevice_1-app-ip-9": 86,
          "KomakiLDA10NoDevice_1-app-os-0": 162,
          "KomakiLDA10NoDevice_1-app-os-1": 90,
          "KomakiLDA10NoDevice_1-app-os-2": 94,
          "KomakiLDA10NoDevice_1-app-os-3": 147,
          "KomakiLDA10NoDevice_1-app-os-4": 147,
          "KomakiLDA10NoDevice_1-app-os-5": 139,
          "KomakiLDA10NoDevice_1-app-os-6": 117,
          "KomakiLDA10NoDevice_1-app-os-7": 103,
          "KomakiLDA10NoDevice_1-app-os-8": 92,
          "KomakiLDA10NoDevice_1-app-os-9": 101,
          "KomakiLDA10NoDevice_1-app-channel-0": 65,
          "KomakiLDA10NoDevice_1-app-channel-1": 114,
          "KomakiLDA10NoDevice_1-app-channel-2": 130,
          "KomakiLDA10NoDevice_1-app-channel-3": 56,
          "KomakiLDA10NoDevice_1-app-channel-4": 62,
          "KomakiLDA10NoDevice_1-app-channel-5": 60,
          "KomakiLDA10NoDevice_1-app-channel-6": 101,
          "KomakiLDA10NoDevice_1-app-channel-7": 99,
          "KomakiLDA10NoDevice_1-app-channel-8": 70,
          "KomakiLDA10NoDevice_1-app-channel-9": 63,
          "KomakiLDA10NoDevice_1-channel-ip-0": 262,
          "KomakiLDA10NoDevice_1-channel-ip-1": 236,
          "KomakiLDA10NoDevice_1-channel-ip-2": 222,
          "KomakiLDA10NoDevice_1-channel-ip-3": 246,
          "KomakiLDA10NoDevice_1-channel-ip-4": 229,
          "KomakiLDA10NoDevice_1-channel-ip-5": 133,
          "KomakiLDA10NoDevice_1-channel-ip-6": 181,
          "KomakiLDA10NoDevice_1-channel-ip-7": 182,
          "KomakiLDA10NoDevice_1-channel-ip-8": 217,
          "KomakiLDA10NoDevice_1-channel-ip-9": 48,
          "KomakiLDA10NoDevice_1-channel-os-0": 181,
          "KomakiLDA10NoDevice_1-channel-os-1": 149,
          "KomakiLDA10NoDevice_1-channel-os-2": 45,
          "KomakiLDA10NoDevice_1-channel-os-3": 215,
          "KomakiLDA10NoDevice_1-channel-os-4": 191,
          "KomakiLDA10NoDevice_1-channel-os-5": 303,
          "KomakiLDA10NoDevice_1-channel-os-6": 206,
          "KomakiLDA10NoDevice_1-channel-os-7": 149,
          "KomakiLDA10NoDevice_1-channel-os-8": 73,
          "KomakiLDA10NoDevice_1-channel-os-9": 37,
          "KomakiLDA10NoDevice_2-ip-app-0": 837,
          "KomakiLDA10NoDevice_2-ip-app-1": 684,
          "KomakiLDA10NoDevice_2-ip-app-2": 897,
          "KomakiLDA10NoDevice_2-ip-app-3": 962,
          "KomakiLDA10NoDevice_2-ip-app-4": 941,
          "KomakiLDA10NoDevice_2-ip-app-5": 580,
          "KomakiLDA10NoDevice_2-ip-app-6": 775,
          "KomakiLDA10NoDevice_2-ip-app-7": 855,
          "KomakiLDA10NoDevice_2-ip-app-8": 669,
          "KomakiLDA10NoDevice_2-ip-app-9": 752,
          "KomakiLDA10NoDevice_2-ip-channel-0": 778,
          "KomakiLDA10NoDevice_2-ip-channel-1": 865,
          "KomakiLDA10NoDevice_2-ip-channel-2": 781,
          "KomakiLDA10NoDevice_2-ip-channel-3": 761,
          "KomakiLDA10NoDevice_2-ip-channel-4": 784,
          "KomakiLDA10NoDevice_2-ip-channel-5": 818,
          "KomakiLDA10NoDevice_2-ip-channel-6": 772,
          "KomakiLDA10NoDevice_2-ip-channel-7": 777,
          "KomakiLDA10NoDevice_2-ip-channel-8": 838,
          "KomakiLDA10NoDevice_2-ip-channel-9": 864,
          "KomakiLDA10NoDevice_2-os-ip-0": 173,
          "KomakiLDA10NoDevice_2-os-ip-1": 170,
          "KomakiLDA10NoDevice_2-os-ip-2": 233,
          "KomakiLDA10NoDevice_2-os-ip-3": 180,
          "KomakiLDA10NoDevice_2-os-ip-4": 113,
          "KomakiLDA10NoDevice_2-os-ip-5": 151,
          "KomakiLDA10NoDevice_2-os-ip-6": 136,
          "KomakiLDA10NoDevice_2-os-ip-7": 130,
          "KomakiLDA10NoDevice_2-os-ip-8": 162,
          "KomakiLDA10NoDevice_2-os-ip-9": 119,
          "KomakiLDA10NoDevice_2-os-app-0": 260,
          "KomakiLDA10NoDevice_2-os-app-1": 64,
          "KomakiLDA10NoDevice_2-os-app-2": 45,
          "KomakiLDA10NoDevice_2-os-app-3": 178,
          "KomakiLDA10NoDevice_2-os-app-4": 10,
          "KomakiLDA10NoDevice_2-os-app-5": 141,
          "KomakiLDA10NoDevice_2-os-app-6": 45,
          "KomakiLDA10NoDevice_2-os-app-7": 129,
          "KomakiLDA10NoDevice_2-os-app-8": 104,
          "KomakiLDA10NoDevice_2-os-app-9": 155,
          "KomakiLDA10NoDevice_2-os-channel-0": 199,
          "KomakiLDA10NoDevice_2-os-channel-1": 195,
          "KomakiLDA10NoDevice_2-os-channel-2": 82,
          "KomakiLDA10NoDevice_2-os-channel-3": 81,
          "KomakiLDA10NoDevice_2-os-channel-4": 180,
          "KomakiLDA10NoDevice_2-os-channel-5": 209,
          "KomakiLDA10NoDevice_2-os-channel-6": 221,
          "KomakiLDA10NoDevice_2-os-channel-7": 202,
          "KomakiLDA10NoDevice_2-os-channel-8": 145,
          "KomakiLDA10NoDevice_2-os-channel-9": 85,
          "KomakiLDA10NoDevice_2-channel-app-0": 328,
          "KomakiLDA10NoDevice_2-channel-app-1": 116,
          "KomakiLDA10NoDevice_2-channel-app-2": 111,
          "KomakiLDA10NoDevice_2-channel-app-3": 191,
          "KomakiLDA10NoDevice_2-channel-app-4": 125,
          "KomakiLDA10NoDevice_2-channel-app-5": 110,
          "KomakiLDA10NoDevice_2-channel-app-6": 169,
          "KomakiLDA10NoDevice_2-channel-app-7": 149,
          "KomakiLDA10NoDevice_2-channel-app-8": 181,
          "KomakiLDA10NoDevice_2-channel-app-9": 169,
          "KomakiNMF5NoDevice-ip-app-0": 503,
          "KomakiNMF5NoDevice-ip-app-1": 833,
          "KomakiNMF5NoDevice-ip-app-2": 533,
          "KomakiNMF5NoDevice-ip-app-3": 500,
          "KomakiNMF5NoDevice-ip-app-4": 549,
          "KomakiNMF5NoDevice-ip-os-0": 583,
          "KomakiNMF5NoDevice-ip-os-1": 625,
          "KomakiNMF5NoDevice-ip-os-2": 634,
          "KomakiNMF5NoDevice-ip-os-3": 613,
          "KomakiNMF5NoDevice-ip-os-4": 635,
          "KomakiNMF5NoDevice-ip-channel-0": 561,
          "KomakiNMF5NoDevice-ip-channel-1": 866,
          "KomakiNMF5NoDevice-ip-channel-2": 564,
          "KomakiNMF5NoDevice-ip-channel-3": 706,
          "KomakiNMF5NoDevice-ip-channel-4": 594,
          "KomakiNMF5NoDevice-app-ip-0": 105,
          "KomakiNMF5NoDevice-app-ip-1": 120,
          "KomakiNMF5NoDevice-app-ip-2": 81,
          "KomakiNMF5NoDevice-app-ip-3": 80,
          "KomakiNMF5NoDevice-app-ip-4": 44,
          "KomakiNMF5NoDevice-app-os-0": 22,
          "KomakiNMF5NoDevice-app-os-1": 85,
          "KomakiNMF5NoDevice-app-os-2": 75,
          "KomakiNMF5NoDevice-app-os-3": 26,
          "KomakiNMF5NoDevice-app-os-4": 28,
          "KomakiNMF5NoDevice-app-channel-0": 78,
          "KomakiNMF5NoDevice-app-channel-1": 93,
          "KomakiNMF5NoDevice-app-channel-2": 88,
          "KomakiNMF5NoDevice-app-channel-3": 76,
          "KomakiNMF5NoDevice-app-channel-4": 73,
          "KomakiNMF5NoDevice-os-ip-0": 98,
          "KomakiNMF5NoDevice-os-ip-1": 123,
          "KomakiNMF5NoDevice-os-ip-2": 104,
          "KomakiNMF5NoDevice-os-ip-3": 115,
          "KomakiNMF5NoDevice-os-ip-4": 103,
          "KomakiNMF5NoDevice-os-app-0": 66,
          "KomakiNMF5NoDevice-os-app-1": 3,
          "KomakiNMF5NoDevice-os-app-2": 88,
          "KomakiNMF5NoDevice-os-app-3": 130,
          "KomakiNMF5NoDevice-os-app-4": 83,
          "KomakiNMF5NoDevice-os-channel-0": 193,
          "KomakiNMF5NoDevice-os-channel-1": 118,
          "KomakiNMF5NoDevice-os-channel-2": 204,
          "KomakiNMF5NoDevice-os-channel-3": 149,
          "KomakiNMF5NoDevice-os-channel-4": 146,
          "KomakiNMF5NoDevice-channel-ip-0": 221,
          "KomakiNMF5NoDevice-channel-ip-1": 164,
          "KomakiNMF5NoDevice-channel-ip-2": 177,
          "KomakiNMF5NoDevice-channel-ip-3": 194,
          "KomakiNMF5NoDevice-channel-ip-4": 219,
          "KomakiNMF5NoDevice-channel-app-0": 113,
          "KomakiNMF5NoDevice-channel-app-1": 52,
          "KomakiNMF5NoDevice-channel-app-2": 118,
          "KomakiNMF5NoDevice-channel-app-3": 91,
          "KomakiNMF5NoDevice-channel-app-4": 113,
          "KomakiNMF5NoDevice-channel-os-0": 196,
          "KomakiNMF5NoDevice-channel-os-1": 41,
          "KomakiNMF5NoDevice-channel-os-2": 166,
          "KomakiNMF5NoDevice-channel-os-3": 100,
          "KomakiNMF5NoDevice-channel-os-4": 212,
          "KomakiPCA5NoDevice-ip-app-0": 717,
          "KomakiPCA5NoDevice-ip-app-1": 592,
          "KomakiPCA5NoDevice-ip-app-2": 568,
          "KomakiPCA5NoDevice-ip-app-3": 458,
          "KomakiPCA5NoDevice-ip-app-4": 670,
          "KomakiPCA5NoDevice-ip-os-0": 744,
          "KomakiPCA5NoDevice-ip-os-1": 555,
          "KomakiPCA5NoDevice-ip-os-2": 583,
          "KomakiPCA5NoDevice-ip-os-3": 575,
          "KomakiPCA5NoDevice-ip-os-4": 667,
          "KomakiPCA5NoDevice-ip-channel-0": 857,
          "KomakiPCA5NoDevice-ip-channel-1": 707,
          "KomakiPCA5NoDevice-ip-channel-2": 637,
          "KomakiPCA5NoDevice-ip-channel-3": 718,
          "KomakiPCA5NoDevice-ip-channel-4": 602,
          "KomakiPCA5NoDevice-app-ip-0": 64,
          "KomakiPCA5NoDevice-app-ip-1": 89,
          "KomakiPCA5NoDevice-app-ip-2": 79,
          "KomakiPCA5NoDevice-app-ip-3": 121,
          "KomakiPCA5NoDevice-app-ip-4": 57,
          "KomakiPCA5NoDevice-app-os-0": 110,
          "KomakiPCA5NoDevice-app-os-1": 63,
          "KomakiPCA5NoDevice-app-os-2": 105,
          "KomakiPCA5NoDevice-app-os-3": 79,
          "KomakiPCA5NoDevice-app-os-4": 91,
          "KomakiPCA5NoDevice-app-channel-0": 82,
          "KomakiPCA5NoDevice-app-channel-1": 76,
          "KomakiPCA5NoDevice-app-channel-2": 88,
          "KomakiPCA5NoDevice-app-channel-3": 75,
          "KomakiPCA5NoDevice-app-channel-4": 85,
          "KomakiPCA5NoDevice-os-ip-0": 49,
          "KomakiPCA5NoDevice-os-ip-1": 124,
          "KomakiPCA5NoDevice-os-ip-2": 112,
          "KomakiPCA5NoDevice-os-ip-3": 121,
          "KomakiPCA5NoDevice-os-ip-4": 145,
          "KomakiPCA5NoDevice-os-app-0": 90,
          "KomakiPCA5NoDevice-os-app-1": 89,
          "KomakiPCA5NoDevice-os-app-2": 92,
          "KomakiPCA5NoDevice-os-app-3": 115,
          "KomakiPCA5NoDevice-os-app-4": 154,
          "KomakiPCA5NoDevice-os-channel-0": 139,
          "KomakiPCA5NoDevice-os-channel-1": 152,
          "KomakiPCA5NoDevice-os-channel-2": 121,
          "KomakiPCA5NoDevice-os-channel-3": 86,
          "KomakiPCA5NoDevice-os-channel-4": 84,
          "KomakiPCA5NoDevice-channel-ip-0": 207,
          "KomakiPCA5NoDevice-channel-ip-1": 216,
          "KomakiPCA5NoDevice-channel-ip-2": 171,
          "KomakiPCA5NoDevice-channel-ip-3": 169,
          "KomakiPCA5NoDevice-channel-ip-4": 215,
          "KomakiPCA5NoDevice-channel-app-0": 198,
          "KomakiPCA5NoDevice-channel-app-1": 130,
          "KomakiPCA5NoDevice-channel-app-2": 156,
          "KomakiPCA5NoDevice-channel-app-3": 136,
          "KomakiPCA5NoDevice-channel-app-4": 120,
          "KomakiPCA5NoDevice-channel-os-0": 192,
          "KomakiPCA5NoDevice-channel-os-1": 185,
          "KomakiPCA5NoDevice-channel-os-2": 131,
          "KomakiPCA5NoDevice-channel-os-3": 176,
          "KomakiPCA5NoDevice-channel-os-4": 145
        }
      },
      {
        "train_auc": 0.9945497038816944,
        "valid_auc": 0.9848485494490926,
        "best_iteration": 671,
        "train_time": 256.8536846637726,
        "feature_importance": {
          "app": 3060,
          "hour": 3395,
          "n_channels": 733,
          "ip_app_count": 742,
          "ip_app_os_count": 950,
          "FutureClickCount_600-ip": 485,
          "FutureClickCount_600-app": 451,
          "FutureClickCount_600-ip-app": 167,
          "FutureClickCount_600-dev": 235,
          "FutureClickCount_600-ip-dev": 524,
          "FutureClickCount_600-app-dev": 354,
          "FutureClickCount_600-ip-app-dev": 151,
          "FutureClickCount_600-os": 260,
          "FutureClickCount_600-ip-os": 343,
          "FutureClickCount_600-app-os": 424,
          "FutureClickCount_600-ip-app-os": 216,
          "FutureClickCount_600-dev-os": 540,
          "FutureClickCount_600-ip-dev-os": 359,
          "FutureClickCount_600-app-dev-os": 492,
          "FutureClickCount_600-ip-app-dev-os": 281,
          "FutureClickCount_600-cha": 455,
          "FutureClickCount_600-ip-cha": 125,
          "FutureClickCount_600-app-cha": 551,
          "FutureClickCount_600-ip-app-cha": 102,
          "FutureClickCount_600-dev-cha": 316,
          "FutureClickCount_600-ip-dev-cha": 114,
          "FutureClickCount_600-app-dev-cha": 368,
          "FutureClickCount_600-ip-app-dev-cha": 103,
          "FutureClickCount_600-os-cha": 285,
          "FutureClickCount_600-ip-os-cha": 79,
          "FutureClickCount_600-app-os-cha": 325,
          "FutureClickCount_600-ip-app-os-cha": 64,
          "FutureClickCount_600-dev-os-cha": 295,
          "FutureClickCount_600-ip-dev-os-cha": 62,
          "FutureClickCount_600-app-dev-os-cha": 305,
          "FutureClickCount_600-ip-app-dev-os-cha": 75,
          "FutureClickCount_4800-ip": 740,
          "FutureClickCount_4800-app": 274,
          "FutureClickCount_4800-ip-app": 276,
          "FutureClickCount_4800-dev": 54,
          "FutureClickCount_4800-ip-dev": 982,
          "FutureClickCount_4800-app-dev": 192,
          "FutureClickCount_4800-ip-app-dev": 247,
          "FutureClickCount_4800-os": 131,
          "FutureClickCount_4800-ip-os": 542,
          "FutureClickCount_4800-app-os": 329,
          "FutureClickCount_4800-ip-app-os": 215,
          "FutureClickCount_4800-dev-os": 223,
          "FutureClickCount_4800-ip-dev-os": 663,
          "FutureClickCount_4800-app-dev-os": 437,
          "FutureClickCount_4800-ip-app-dev-os": 291,
          "FutureClickCount_4800-cha": 329,
          "FutureClickCount_4800-ip-cha": 178,
          "FutureClickCount_4800-app-cha": 494,
          "FutureClickCount_4800-ip-app-cha": 163,
          "FutureClickCount_4800-dev-cha": 206,
          "FutureClickCount_4800-ip-dev-cha": 156,
          "FutureClickCount_4800-app-dev-cha": 347,
          "FutureClickCount_4800-ip-app-dev-cha": 136,
          "FutureClickCount_4800-os-cha": 290,
          "FutureClickCount_4800-ip-os-cha": 117,
          "FutureClickCount_4800-app-os-cha": 331,
          "FutureClickCount_4800-ip-app-os-cha": 94,
          "FutureClickCount_4800-dev-os-cha": 306,
          "FutureClickCount_4800-ip-dev-os-cha": 100,
          "FutureClickCount_4800-app-dev-os-cha": 355,
          "FutureClickCount_4800-ip-app-dev-os-cha": 98,
          "NextClickTimeDelta-ip": 659,
          "NextClickTimeDelta-app": 96,
          "NextClickTimeDelta-ip-app": 748,
          "NextClickTimeDelta-dev": 65,
          "NextClickTimeDelta-ip-dev": 489,
          "NextClickTimeDelta-app-dev": 101,
          "NextClickTimeDelta-ip-app-dev": 651,
          "NextClickTimeDelta-os": 65,
          "NextClickTimeDelta-ip-os": 599,
          "NextClickTimeDelta-app-os": 210,
          "NextClickTimeDelta-ip-app-os": 1202,
          "NextClickTimeDelta-dev-os": 82,
          "NextClickTimeDelta-ip-dev-os": 442,
          "NextClickTimeDelta-app-dev-os": 151,
          "NextClickTimeDelta-ip-app-dev-os": 2231,
          "NextClickTimeDelta-cha": 125,
          "NextClickTimeDelta-ip-cha": 507,
          "NextClickTimeDelta-app-cha": 154,
          "NextClickTimeDelta-ip-app-cha": 424,
          "NextClickTimeDelta-dev-cha": 113,
          "NextClickTimeDelta-ip-dev-cha": 377,
          "NextClickTimeDelta-app-dev-cha": 161,
          "NextClickTimeDelta-ip-app-dev-cha": 367,
          "NextClickTimeDelta-os-cha": 240,
          "NextClickTimeDelta-ip-os-cha": 379,
          "NextClickTimeDelta-app-os-cha": 287,
          "NextClickTimeDelta-ip-app-os-cha": 482,
          "NextClickTimeDelta-dev-os-cha": 190,
          "NextClickTimeDelta-ip-dev-os-cha": 374,
          "NextClickTimeDelta-app-dev-os-cha": 223,
          "NextClickTimeDelta-ip-app-dev-os-cha": 475,
          "PrevClickTimeDelta-ip": 586,
          "PrevClickTimeDelta-app": 99,
          "PrevClickTimeDelta-ip-app": 430,
          "PrevClickTimeDelta-dev": 60,
          "PrevClickTimeDelta-ip-dev": 360,
          "PrevClickTimeDelta-app-dev": 81,
          "PrevClickTimeDelta-ip-app-dev": 327,
          "PrevClickTimeDelta-os": 79,
          "PrevClickTimeDelta-ip-os": 509,
          "PrevClickTimeDelta-app-os": 191,
          "PrevClickTimeDelta-ip-app-os": 365,
          "PrevClickTimeDelta-dev-os": 65,
          "PrevClickTimeDelta-ip-dev-os": 344,
          "PrevClickTimeDelta-app-dev-os": 175,
          "PrevClickTimeDelta-ip-app-dev-os": 309,
          "PrevClickTimeDelta-cha": 115,
          "PrevClickTimeDelta-ip-cha": 416,
          "PrevClickTimeDelta-app-cha": 165,
          "PrevClickTimeDelta-ip-app-cha": 338,
          "PrevClickTimeDelta-dev-cha": 116,
          "PrevClickTimeDelta-ip-dev-cha": 249,
          "PrevClickTimeDelta-app-dev-cha": 141,
          "PrevClickTimeDelta-ip-app-dev-cha": 241,
          "PrevClickTimeDelta-os-cha": 220,
          "PrevClickTimeDelta-ip-os-cha": 271,
          "PrevClickTimeDelta-app-os-cha": 258,
          "PrevClickTimeDelta-ip-app-os-cha": 238,
          "PrevClickTimeDelta-dev-os-cha": 165,
          "PrevClickTimeDelta-ip-dev-os-cha": 191,
          "PrevClickTimeDelta-app-dev-os-cha": 217,
          "PrevClickTimeDelta-ip-app-dev-os-cha": 199,
          "AverageAttributedRatio-ip": 398,
          "AverageAttributedRatio-app": 250,
          "AverageAttributedRatio-ip-app": 197,
          "AverageAttributedRatio-dev": 507,
          "AverageAttributedRatio-ip-dev": 331,
          "AverageAttributedRatio-app-dev": 206,
          "AverageAttributedRatio-ip-app-dev": 217,
          "AverageAttributedRatio-os": 313,
          "AverageAttributedRatio-ip-os": 216,
          "AverageAttributedRatio-app-os": 272,
          "AverageAttributedRatio-ip-app-os": 78,
          "AverageAttributedRatio-dev-os": 320,
          "AverageAttributedRatio-ip-dev-os": 210,
          "AverageAttributedRatio-app-dev-os": 250,
          "AverageAttributedRatio-ip-app-dev-os": 61,
          "AverageAttributedRatio-cha": 243,
          "AverageAttributedRatio-ip-cha": 82,
          "AverageAttributedRatio-app-cha": 231,
          "AverageAttributedRatio-ip-app-cha": 78,
          "AverageAttributedRatio-dev-cha": 174,
          "AverageAttributedRatio-ip-dev-cha": 71,
          "AverageAttributedRatio-app-dev-cha": 158,
          "AverageAttributedRatio-ip-app-dev-cha": 52,
          "AverageAttributedRatio-os-cha": 263,
          "AverageAttributedRatio-ip-os-cha": 46,
          "AverageAttributedRatio-app-os-cha": 240,
          "AverageAttributedRatio-ip-app-os-cha": 41,
          "AverageAttributedRatio-dev-os-cha": 238,
          "AverageAttributedRatio-ip-dev-os-cha": 41,
          "AverageAttributedRatio-app-dev-os-cha": 264,
          "AverageAttributedRatio-ip-app-dev-os-cha": 35,
          "KomakiLDA10NoDevice_1-ip-os-0": 785,
          "KomakiLDA10NoDevice_1-ip-os-1": 587,
          "KomakiLDA10NoDevice_1-ip-os-2": 785,
          "KomakiLDA10NoDevice_1-ip-os-3": 792,
          "KomakiLDA10NoDevice_1-ip-os-4": 712,
          "KomakiLDA10NoDevice_1-ip-os-5": 842,
          "KomakiLDA10NoDevice_1-ip-os-6": 817,
          "KomakiLDA10NoDevice_1-ip-os-7": 663,
          "KomakiLDA10NoDevice_1-ip-os-8": 590,
          "KomakiLDA10NoDevice_1-ip-os-9": 851,
          "KomakiLDA10NoDevice_1-app-ip-0": 178,
          "KomakiLDA10NoDevice_1-app-ip-1": 179,
          "KomakiLDA10NoDevice_1-app-ip-2": 160,
          "KomakiLDA10NoDevice_1-app-ip-3": 159,
          "KomakiLDA10NoDevice_1-app-ip-4": 117,
          "KomakiLDA10NoDevice_1-app-ip-5": 104,
          "KomakiLDA10NoDevice_1-app-ip-6": 200,
          "KomakiLDA10NoDevice_1-app-ip-7": 138,
          "KomakiLDA10NoDevice_1-app-ip-8": 153,
          "KomakiLDA10NoDevice_1-app-ip-9": 120,
          "KomakiLDA10NoDevice_1-app-os-0": 163,
          "KomakiLDA10NoDevice_1-app-os-1": 118,
          "KomakiLDA10NoDevice_1-app-os-2": 72,
          "KomakiLDA10NoDevice_1-app-os-3": 163,
          "KomakiLDA10NoDevice_1-app-os-4": 151,
          "KomakiLDA10NoDevice_1-app-os-5": 131,
          "KomakiLDA10NoDevice_1-app-os-6": 112,
          "KomakiLDA10NoDevice_1-app-os-7": 99,
          "KomakiLDA10NoDevice_1-app-os-8": 95,
          "KomakiLDA10NoDevice_1-app-os-9": 97,
          "KomakiLDA10NoDevice_1-app-channel-0": 68,
          "KomakiLDA10NoDevice_1-app-channel-1": 137,
          "KomakiLDA10NoDevice_1-app-channel-2": 133,
          "KomakiLDA10NoDevice_1-app-channel-3": 64,
          "KomakiLDA10NoDevice_1-app-channel-4": 78,
          "KomakiLDA10NoDevice_1-app-channel-5": 74,
          "KomakiLDA10NoDevice_1-app-channel-6": 109,
          "KomakiLDA10NoDevice_1-app-channel-7": 104,
          "KomakiLDA10NoDevice_1-app-channel-8": 113,
          "KomakiLDA10NoDevice_1-app-channel-9": 66,
          "KomakiLDA10NoDevice_1-channel-ip-0": 265,
          "KomakiLDA10NoDevice_1-channel-ip-1": 257,
          "KomakiLDA10NoDevice_1-channel-ip-2": 244,
          "KomakiLDA10NoDevice_1-channel-ip-3": 236,
          "KomakiLDA10NoDevice_1-channel-ip-4": 249,
          "KomakiLDA10NoDevice_1-channel-ip-5": 113,
          "KomakiLDA10NoDevice_1-channel-ip-6": 190,
          "KomakiLDA10NoDevice_1-channel-ip-7": 224,
          "KomakiLDA10NoDevice_1-channel-ip-8": 190,
          "KomakiLDA10NoDevice_1-channel-ip-9": 41,
          "KomakiLDA10NoDevice_1-channel-os-0": 221,
          "KomakiLDA10NoDevice_1-channel-os-1": 158,
          "KomakiLDA10NoDevice_1-channel-os-2": 30,
          "KomakiLDA10NoDevice_1-channel-os-3": 231,
          "KomakiLDA10NoDevice_1-channel-os-4": 211,
          "KomakiLDA10NoDevice_1-channel-os-5": 267,
          "KomakiLDA10NoDevice_1-channel-os-6": 191,
          "KomakiLDA10NoDevice_1-channel-os-7": 194,
          "KomakiLDA10NoDevice_1-channel-os-8": 69,
          "KomakiLDA10NoDevice_1-channel-os-9": 37,
          "KomakiLDA10NoDevice_2-ip-app-0": 926,
          "KomakiLDA10NoDevice_2-ip-app-1": 721,
          "KomakiLDA10NoDevice_2-ip-app-2": 868,
          "KomakiLDA10NoDevice_2-ip-app-3": 963,
          "KomakiLDA10NoDevice_2-ip-app-4": 943,
          "KomakiLDA10NoDevice_2-ip-app-5": 592,
          "KomakiLDA10NoDevice_2-ip-app-6": 808,
          "KomakiLDA10NoDevice_2-ip-app-7": 860,
          "KomakiLDA10NoDevice_2-ip-app-8": 649,
          "KomakiLDA10NoDevice_2-ip-app-9": 807,
          "KomakiLDA10NoDevice_2-ip-channel-0": 790,
          "KomakiLDA10NoDevice_2-ip-channel-1": 890,
          "KomakiLDA10NoDevice_2-ip-channel-2": 796,
          "KomakiLDA10NoDevice_2-ip-channel-3": 786,
          "KomakiLDA10NoDevice_2-ip-channel-4": 697,
          "KomakiLDA10NoDevice_2-ip-channel-5": 831,
          "KomakiLDA10NoDevice_2-ip-channel-6": 778,
          "KomakiLDA10NoDevice_2-ip-channel-7": 754,
          "KomakiLDA10NoDevice_2-ip-channel-8": 886,
          "KomakiLDA10NoDevice_2-ip-channel-9": 816,
          "KomakiLDA10NoDevice_2-os-ip-0": 201,
          "KomakiLDA10NoDevice_2-os-ip-1": 176,
          "KomakiLDA10NoDevice_2-os-ip-2": 256,
          "KomakiLDA10NoDevice_2-os-ip-3": 134,
          "KomakiLDA10NoDevice_2-os-ip-4": 126,
          "KomakiLDA10NoDevice_2-os-ip-5": 138,
          "KomakiLDA10NoDevice_2-os-ip-6": 162,
          "KomakiLDA10NoDevice_2-os-ip-7": 140,
          "KomakiLDA10NoDevice_2-os-ip-8": 133,
          "KomakiLDA10NoDevice_2-os-ip-9": 117,
          "KomakiLDA10NoDevice_2-os-app-0": 225,
          "KomakiLDA10NoDevice_2-os-app-1": 60,
          "KomakiLDA10NoDevice_2-os-app-2": 45,
          "KomakiLDA10NoDevice_2-os-app-3": 201,
          "KomakiLDA10NoDevice_2-os-app-4": 9,
          "KomakiLDA10NoDevice_2-os-app-5": 146,
          "KomakiLDA10NoDevice_2-os-app-6": 51,
          "KomakiLDA10NoDevice_2-os-app-7": 164,
          "KomakiLDA10NoDevice_2-os-app-8": 129,
          "KomakiLDA10NoDevice_2-os-app-9": 150,
          "KomakiLDA10NoDevice_2-os-channel-0": 207,
          "KomakiLDA10NoDevice_2-os-channel-1": 228,
          "KomakiLDA10NoDevice_2-os-channel-2": 91,
          "KomakiLDA10NoDevice_2-os-channel-3": 113,
          "KomakiLDA10NoDevice_2-os-channel-4": 155,
          "KomakiLDA10NoDevice_2-os-channel-5": 216,
          "KomakiLDA10NoDevice_2-os-channel-6": 209,
          "KomakiLDA10NoDevice_2-os-channel-7": 197,
          "KomakiLDA10NoDevice_2-os-channel-8": 141,
          "KomakiLDA10NoDevice_2-os-channel-9": 111,
          "KomakiLDA10NoDevice_2-channel-app-0": 316,
          "KomakiLDA10NoDevice_2-channel-app-1": 114,
          "KomakiLDA10NoDevice_2-channel-app-2": 105,
          "KomakiLDA10NoDevice_2-channel-app-3": 198,
          "KomakiLDA10NoDevice_2-channel-app-4": 139,
          "KomakiLDA10NoDevice_2-channel-app-5": 108,
          "KomakiLDA10NoDevice_2-channel-app-6": 125,
          "KomakiLDA10NoDevice_2-channel-app-7": 146,
          "KomakiLDA10NoDevice_2-channel-app-8": 201,
          "KomakiLDA10NoDevice_2-channel-app-9": 199,
          "KomakiNMF5NoDevice-ip-app-0": 482,
          "KomakiNMF5NoDevice-ip-app-1": 759,
          "KomakiNMF5NoDevice-ip-app-2": 555,
          "KomakiNMF5NoDevice-ip-app-3": 500,
          "KomakiNMF5NoDevice-ip-app-4": 503,
          "KomakiNMF5NoDevice-ip-os-0": 667,
          "KomakiNMF5NoDevice-ip-os-1": 635,
          "KomakiNMF5NoDevice-ip-os-2": 632,
          "KomakiNMF5NoDevice-ip-os-3": 565,
          "KomakiNMF5NoDevice-ip-os-4": 635,
          "KomakiNMF5NoDevice-ip-channel-0": 602,
          "KomakiNMF5NoDevice-ip-channel-1": 838,
          "KomakiNMF5NoDevice-ip-channel-2": 561,
          "KomakiNMF5NoDevice-ip-channel-3": 667,
          "KomakiNMF5NoDevice-ip-channel-4": 614,
          "KomakiNMF5NoDevice-app-ip-0": 113,
          "KomakiNMF5NoDevice-app-ip-1": 129,
          "KomakiNMF5NoDevice-app-ip-2": 84,
          "KomakiNMF5NoDevice-app-ip-3": 93,
          "KomakiNMF5NoDevice-app-ip-4": 36,
          "KomakiNMF5NoDevice-app-os-0": 36,
          "KomakiNMF5NoDevice-app-os-1": 96,
          "KomakiNMF5NoDevice-app-os-2": 61,
          "KomakiNMF5NoDevice-app-os-3": 39,
          "KomakiNMF5NoDevice-app-os-4": 30,
          "KomakiNMF5NoDevice-app-channel-0": 71,
          "KomakiNMF5NoDevice-app-channel-1": 89,
          "KomakiNMF5NoDevice-app-channel-2": 84,
          "KomakiNMF5NoDevice-app-channel-3": 85,
          "KomakiNMF5NoDevice-app-channel-4": 76,
          "KomakiNMF5NoDevice-os-ip-0": 113,
          "KomakiNMF5NoDevice-os-ip-1": 120,
          "KomakiNMF5NoDevice-os-ip-2": 100,
          "KomakiNMF5NoDevice-os-ip-3": 122,
          "KomakiNMF5NoDevice-os-ip-4": 115,
          "KomakiNMF5NoDevice-os-app-0": 59,
          "KomakiNMF5NoDevice-os-app-1": 4,
          "KomakiNMF5NoDevice-os-app-2": 87,
          "KomakiNMF5NoDevice-os-app-3": 116,
          "KomakiNMF5NoDevice-os-app-4": 65,
          "KomakiNMF5NoDevice-os-channel-0": 192,
          "KomakiNMF5NoDevice-os-channel-1": 112,
          "KomakiNMF5NoDevice-os-channel-2": 201,
          "KomakiNMF5NoDevice-os-channel-3": 160,
          "KomakiNMF5NoDevice-os-channel-4": 127,
          "KomakiNMF5NoDevice-channel-ip-0": 226,
          "KomakiNMF5NoDevice-channel-ip-1": 171,
          "KomakiNMF5NoDevice-channel-ip-2": 170,
          "KomakiNMF5NoDevice-channel-ip-3": 239,
          "KomakiNMF5NoDevice-channel-ip-4": 236,
          "KomakiNMF5NoDevice-channel-app-0": 114,
          "KomakiNMF5NoDevice-channel-app-1": 37,
          "KomakiNMF5NoDevice-channel-app-2": 111,
          "KomakiNMF5NoDevice-channel-app-3": 84,
          "KomakiNMF5NoDevice-channel-app-4": 124,
          "KomakiNMF5NoDevice-channel-os-0": 196,
          "KomakiNMF5NoDevice-channel-os-1": 54,
          "KomakiNMF5NoDevice-channel-os-2": 188,
          "KomakiNMF5NoDevice-channel-os-3": 93,
          "KomakiNMF5NoDevice-channel-os-4": 247,
          "KomakiPCA5NoDevice-ip-app-0": 759,
          "KomakiPCA5NoDevice-ip-app-1": 588,
          "KomakiPCA5NoDevice-ip-app-2": 582,
          "KomakiPCA5NoDevice-ip-app-3": 490,
          "KomakiPCA5NoDevice-ip-app-4": 610,
          "KomakiPCA5NoDevice-ip-os-0": 745,
          "KomakiPCA5NoDevice-ip-os-1": 553,
          "KomakiPCA5NoDevice-ip-os-2": 631,
          "KomakiPCA5NoDevice-ip-os-3": 554,
          "KomakiPCA5NoDevice-ip-os-4": 742,
          "KomakiPCA5NoDevice-ip-channel-0": 768,
          "KomakiPCA5NoDevice-ip-channel-1": 644,
          "KomakiPCA5NoDevice-ip-channel-2": 648,
          "KomakiPCA5NoDevice-ip-channel-3": 793,
          "KomakiPCA5NoDevice-ip-channel-4": 618,
          "KomakiPCA5NoDevice-app-ip-0": 64,
          "KomakiPCA5NoDevice-app-ip-1": 86,
          "KomakiPCA5NoDevice-app-ip-2": 102,
          "KomakiPCA5NoDevice-app-ip-3": 116,
          "KomakiPCA5NoDevice-app-ip-4": 69,
          "KomakiPCA5NoDevice-app-os-0": 122,
          "KomakiPCA5NoDevice-app-os-1": 53,
          "KomakiPCA5NoDevice-app-os-2": 95,
          "KomakiPCA5NoDevice-app-os-3": 96,
          "KomakiPCA5NoDevice-app-os-4": 79,
          "KomakiPCA5NoDevice-app-channel-0": 102,
          "KomakiPCA5NoDevice-app-channel-1": 86,
          "KomakiPCA5NoDevice-app-channel-2": 94,
          "KomakiPCA5NoDevice-app-channel-3": 89,
          "KomakiPCA5NoDevice-app-channel-4": 101,
          "KomakiPCA5NoDevice-os-ip-0": 45,
          "KomakiPCA5NoDevice-os-ip-1": 104,
          "KomakiPCA5NoDevice-os-ip-2": 118,
          "KomakiPCA5NoDevice-os-ip-3": 159,
          "KomakiPCA5NoDevice-os-ip-4": 120,
          "KomakiPCA5NoDevice-os-app-0": 88,
          "KomakiPCA5NoDevice-os-app-1": 99,
          "KomakiPCA5NoDevice-os-app-2": 82,
          "KomakiPCA5NoDevice-os-app-3": 115,
          "KomakiPCA5NoDevice-os-app-4": 146,
          "KomakiPCA5NoDevice-os-channel-0": 131,
          "KomakiPCA5NoDevice-os-channel-1": 154,
          "KomakiPCA5NoDevice-os-channel-2": 90,
          "KomakiPCA5NoDevice-os-channel-3": 96,
          "KomakiPCA5NoDevice-os-channel-4": 94,
          "KomakiPCA5NoDevice-channel-ip-0": 213,
          "KomakiPCA5NoDevice-channel-ip-1": 213,
          "KomakiPCA5NoDevice-channel-ip-2": 182,
          "KomakiPCA5NoDevice-channel-ip-3": 187,
          "KomakiPCA5NoDevice-channel-ip-4": 250,
          "KomakiPCA5NoDevice-channel-app-0": 219,
          "KomakiPCA5NoDevice-channel-app-1": 147,
          "KomakiPCA5NoDevice-channel-app-2": 162,
          "KomakiPCA5NoDevice-channel-app-3": 147,
          "KomakiPCA5NoDevice-channel-app-4": 170,
          "KomakiPCA5NoDevice-channel-os-0": 190,
          "KomakiPCA5NoDevice-channel-os-1": 186,
          "KomakiPCA5NoDevice-channel-os-2": 126,
          "KomakiPCA5NoDevice-channel-os-3": 180,
          "KomakiPCA5NoDevice-channel-os-4": 175
        }
      },
      {
        "train_auc": 0.9943354874888425,
        "valid_auc": 0.9850079529531846,
        "best_iteration": 631,
        "train_time": 254.25921821594238,
        "feature_importance": {
          "app": 2896,
          "hour": 3261,
          "n_channels": 746,
          "ip_app_count": 674,
          "ip_app_os_count": 893,
          "FutureClickCount_600-ip": 412,
          "FutureClickCount_600-app": 429,
          "FutureClickCount_600-ip-app": 154,
          "FutureClickCount_600-dev": 237,
          "FutureClickCount_600-ip-dev": 485,
          "FutureClickCount_600-app-dev": 372,
          "FutureClickCount_600-ip-app-dev": 155,
          "FutureClickCount_600-os": 254,
          "FutureClickCount_600-ip-os": 396,
          "FutureClickCount_600-app-os": 403,
          "FutureClickCount_600-ip-app-os": 183,
          "FutureClickCount_600-dev-os": 521,
          "FutureClickCount_600-ip-dev-os": 395,
          "FutureClickCount_600-app-dev-os": 527,
          "FutureClickCount_600-ip-app-dev-os": 257,
          "FutureClickCount_600-cha": 401,
          "FutureClickCount_600-ip-cha": 113,
          "FutureClickCount_600-app-cha": 511,
          "FutureClickCount_600-ip-app-cha": 100,
          "FutureClickCount_600-dev-cha": 365,
          "FutureClickCount_600-ip-dev-cha": 93,
          "FutureClickCount_600-app-dev-cha": 306,
          "FutureClickCount_600-ip-app-dev-cha": 88,
          "FutureClickCount_600-os-cha": 255,
          "FutureClickCount_600-ip-os-cha": 90,
          "FutureClickCount_600-app-os-cha": 322,
          "FutureClickCount_600-ip-app-os-cha": 76,
          "FutureClickCount_600-dev-os-cha": 251,
          "FutureClickCount_600-ip-dev-os-cha": 57,
          "FutureClickCount_600-app-dev-os-cha": 255,
          "FutureClickCount_600-ip-app-dev-os-cha": 73,
          "FutureClickCount_4800-ip": 668,
          "FutureClickCount_4800-app": 243,
          "FutureClickCount_4800-ip-app": 255,
          "FutureClickCount_4800-dev": 90,
          "FutureClickCount_4800-ip-dev": 943,
          "FutureClickCount_4800-app-dev": 195,
          "FutureClickCount_4800-ip-app-dev": 276,
          "FutureClickCount_4800-os": 143,
          "FutureClickCount_4800-ip-os": 527,
          "FutureClickCount_4800-app-os": 297,
          "FutureClickCount_4800-ip-app-os": 245,
          "FutureClickCount_4800-dev-os": 203,
          "FutureClickCount_4800-ip-dev-os": 606,
          "FutureClickCount_4800-app-dev-os": 489,
          "FutureClickCount_4800-ip-app-dev-os": 310,
          "FutureClickCount_4800-cha": 288,
          "FutureClickCount_4800-ip-cha": 174,
          "FutureClickCount_4800-app-cha": 472,
          "FutureClickCount_4800-ip-app-cha": 139,
          "FutureClickCount_4800-dev-cha": 235,
          "FutureClickCount_4800-ip-dev-cha": 163,
          "FutureClickCount_4800-app-dev-cha": 307,
          "FutureClickCount_4800-ip-app-dev-cha": 137,
          "FutureClickCount_4800-os-cha": 242,
          "FutureClickCount_4800-ip-os-cha": 102,
          "FutureClickCount_4800-app-os-cha": 287,
          "FutureClickCount_4800-ip-app-os-cha": 92,
          "FutureClickCount_4800-dev-os-cha": 270,
          "FutureClickCount_4800-ip-dev-os-cha": 88,
          "FutureClickCount_4800-app-dev-os-cha": 324,
          "FutureClickCount_4800-ip-app-dev-os-cha": 93,
          "NextClickTimeDelta-ip": 629,
          "NextClickTimeDelta-app": 88,
          "NextClickTimeDelta-ip-app": 701,
          "NextClickTimeDelta-dev": 52,
          "NextClickTimeDelta-ip-dev": 489,
          "NextClickTimeDelta-app-dev": 77,
          "NextClickTimeDelta-ip-app-dev": 548,
          "NextClickTimeDelta-os": 75,
          "NextClickTimeDelta-ip-os": 569,
          "NextClickTimeDelta-app-os": 188,
          "NextClickTimeDelta-ip-app-os": 1174,
          "NextClickTimeDelta-dev-os": 83,
          "NextClickTimeDelta-ip-dev-os": 373,
          "NextClickTimeDelta-app-dev-os": 155,
          "NextClickTimeDelta-ip-app-dev-os": 2101,
          "NextClickTimeDelta-cha": 105,
          "NextClickTimeDelta-ip-cha": 448,
          "NextClickTimeDelta-app-cha": 185,
          "NextClickTimeDelta-ip-app-cha": 399,
          "NextClickTimeDelta-dev-cha": 84,
          "NextClickTimeDelta-ip-dev-cha": 347,
          "NextClickTimeDelta-app-dev-cha": 137,
          "NextClickTimeDelta-ip-app-dev-cha": 355,
          "NextClickTimeDelta-os-cha": 226,
          "NextClickTimeDelta-ip-os-cha": 367,
          "NextClickTimeDelta-app-os-cha": 269,
          "NextClickTimeDelta-ip-app-os-cha": 456,
          "NextClickTimeDelta-dev-os-cha": 177,
          "NextClickTimeDelta-ip-dev-os-cha": 361,
          "NextClickTimeDelta-app-dev-os-cha": 215,
          "NextClickTimeDelta-ip-app-dev-os-cha": 508,
          "PrevClickTimeDelta-ip": 520,
          "PrevClickTimeDelta-app": 87,
          "PrevClickTimeDelta-ip-app": 404,
          "PrevClickTimeDelta-dev": 64,
          "PrevClickTimeDelta-ip-dev": 367,
          "PrevClickTimeDelta-app-dev": 74,
          "PrevClickTimeDelta-ip-app-dev": 299,
          "PrevClickTimeDelta-os": 102,
          "PrevClickTimeDelta-ip-os": 479,
          "PrevClickTimeDelta-app-os": 160,
          "PrevClickTimeDelta-ip-app-os": 361,
          "PrevClickTimeDelta-dev-os": 78,
          "PrevClickTimeDelta-ip-dev-os": 307,
          "PrevClickTimeDelta-app-dev-os": 127,
          "PrevClickTimeDelta-ip-app-dev-os": 299,
          "PrevClickTimeDelta-cha": 88,
          "PrevClickTimeDelta-ip-cha": 363,
          "PrevClickTimeDelta-app-cha": 168,
          "PrevClickTimeDelta-ip-app-cha": 246,
          "PrevClickTimeDelta-dev-cha": 109,
          "PrevClickTimeDelta-ip-dev-cha": 257,
          "PrevClickTimeDelta-app-dev-cha": 124,
          "PrevClickTimeDelta-ip-app-dev-cha": 248,
          "PrevClickTimeDelta-os-cha": 244,
          "PrevClickTimeDelta-ip-os-cha": 247,
          "PrevClickTimeDelta-app-os-cha": 236,
          "PrevClickTimeDelta-ip-app-os-cha": 228,
          "PrevClickTimeDelta-dev-os-cha": 167,
          "PrevClickTimeDelta-ip-dev-os-cha": 191,
          "PrevClickTimeDelta-app-dev-os-cha": 218,
          "PrevClickTimeDelta-ip-app-dev-os-cha": 185,
          "AverageAttributedRatio-ip": 310,
          "AverageAttributedRatio-app": 226,
          "AverageAttributedRatio-ip-app": 181,
          "AverageAttributedRatio-dev": 452,
          "AverageAttributedRatio-ip-dev": 266,
          "AverageAttributedRatio-app-dev": 182,
          "AverageAttributedRatio-ip-app-dev": 210,
          "AverageAttributedRatio-os": 270,
          "AverageAttributedRatio-ip-os": 207,
          "AverageAttributedRatio-app-os": 226,
          "AverageAttributedRatio-ip-app-os": 66,
          "AverageAttributedRatio-dev-os": 262,
          "AverageAttributedRatio-ip-dev-os": 187,
          "AverageAttributedRatio-app-dev-os": 227,
          "AverageAttributedRatio-ip-app-dev-os": 54,
          "AverageAttributedRatio-cha": 230,
          "AverageAttributedRatio-ip-cha": 78,
          "AverageAttributedRatio-app-cha": 194,
          "AverageAttributedRatio-ip-app-cha": 58,
          "AverageAttributedRatio-dev-cha": 182,
          "AverageAttributedRatio-ip-dev-cha": 45,
          "AverageAttributedRatio-app-dev-cha": 187,
          "AverageAttributedRatio-ip-app-dev-cha": 59,
          "AverageAttributedRatio-os-cha": 234,
          "AverageAttributedRatio-ip-os-cha": 39,
          "AverageAttributedRatio-app-os-cha": 251,
          "AverageAttributedRatio-ip-app-os-cha": 31,
          "AverageAttributedRatio-dev-os-cha": 212,
          "AverageAttributedRatio-ip-dev-os-cha": 26,
          "AverageAttributedRatio-app-dev-os-cha": 228,
          "AverageAttributedRatio-ip-app-dev-os-cha": 31,
          "KomakiLDA10NoDevice_1-ip-os-0": 696,
          "KomakiLDA10NoDevice_1-ip-os-1": 563,
          "KomakiLDA10NoDevice_1-ip-os-2": 746,
          "KomakiLDA10NoDevice_1-ip-os-3": 804,
          "KomakiLDA10NoDevice_1-ip-os-4": 670,
          "KomakiLDA10NoDevice_1-ip-os-5": 775,
          "KomakiLDA10NoDevice_1-ip-os-6": 795,
          "KomakiLDA10NoDevice_1-ip-os-7": 661,
          "KomakiLDA10NoDevice_1-ip-os-8": 614,
          "KomakiLDA10NoDevice_1-ip-os-9": 790,
          "KomakiLDA10NoDevice_1-app-ip-0": 176,
          "KomakiLDA10NoDevice_1-app-ip-1": 171,
          "KomakiLDA10NoDevice_1-app-ip-2": 136,
          "KomakiLDA10NoDevice_1-app-ip-3": 147,
          "KomakiLDA10NoDevice_1-app-ip-4": 103,
          "KomakiLDA10NoDevice_1-app-ip-5": 93,
          "KomakiLDA10NoDevice_1-app-ip-6": 188,
          "KomakiLDA10NoDevice_1-app-ip-7": 120,
          "KomakiLDA10NoDevice_1-app-ip-8": 134,
          "KomakiLDA10NoDevice_1-app-ip-9": 118,
          "KomakiLDA10NoDevice_1-app-os-0": 142,
          "KomakiLDA10NoDevice_1-app-os-1": 99,
          "KomakiLDA10NoDevice_1-app-os-2": 98,
          "KomakiLDA10NoDevice_1-app-os-3": 137,
          "KomakiLDA10NoDevice_1-app-os-4": 143,
          "KomakiLDA10NoDevice_1-app-os-5": 132,
          "KomakiLDA10NoDevice_1-app-os-6": 91,
          "KomakiLDA10NoDevice_1-app-os-7": 91,
          "KomakiLDA10NoDevice_1-app-os-8": 97,
          "KomakiLDA10NoDevice_1-app-os-9": 111,
          "KomakiLDA10NoDevice_1-app-channel-0": 64,
          "KomakiLDA10NoDevice_1-app-channel-1": 133,
          "KomakiLDA10NoDevice_1-app-channel-2": 113,
          "KomakiLDA10NoDevice_1-app-channel-3": 57,
          "KomakiLDA10NoDevice_1-app-channel-4": 71,
          "KomakiLDA10NoDevice_1-app-channel-5": 65,
          "KomakiLDA10NoDevice_1-app-channel-6": 120,
          "KomakiLDA10NoDevice_1-app-channel-7": 103,
          "KomakiLDA10NoDevice_1-app-channel-8": 62,
          "KomakiLDA10NoDevice_1-app-channel-9": 56,
          "KomakiLDA10NoDevice_1-channel-ip-0": 244,
          "KomakiLDA10NoDevice_1-channel-ip-1": 211,
          "KomakiLDA10NoDevice_1-channel-ip-2": 205,
          "KomakiLDA10NoDevice_1-channel-ip-3": 229,
          "KomakiLDA10NoDevice_1-channel-ip-4": 222,
          "KomakiLDA10NoDevice_1-channel-ip-5": 108,
          "KomakiLDA10NoDevice_1-channel-ip-6": 166,
          "KomakiLDA10NoDevice_1-channel-ip-7": 219,
          "KomakiLDA10NoDevice_1-channel-ip-8": 201,
          "KomakiLDA10NoDevice_1-channel-ip-9": 47,
          "KomakiLDA10NoDevice_1-channel-os-0": 186,
          "KomakiLDA10NoDevice_1-channel-os-1": 151,
          "KomakiLDA10NoDevice_1-channel-os-2": 40,
          "KomakiLDA10NoDevice_1-channel-os-3": 209,
          "KomakiLDA10NoDevice_1-channel-os-4": 196,
          "KomakiLDA10NoDevice_1-channel-os-5": 292,
          "KomakiLDA10NoDevice_1-channel-os-6": 187,
          "KomakiLDA10NoDevice_1-channel-os-7": 156,
          "KomakiLDA10NoDevice_1-channel-os-8": 69,
          "KomakiLDA10NoDevice_1-channel-os-9": 34,
          "KomakiLDA10NoDevice_2-ip-app-0": 766,
          "KomakiLDA10NoDevice_2-ip-app-1": 598,
          "KomakiLDA10NoDevice_2-ip-app-2": 869,
          "KomakiLDA10NoDevice_2-ip-app-3": 916,
          "KomakiLDA10NoDevice_2-ip-app-4": 951,
          "KomakiLDA10NoDevice_2-ip-app-5": 568,
          "KomakiLDA10NoDevice_2-ip-app-6": 732,
          "KomakiLDA10NoDevice_2-ip-app-7": 858,
          "KomakiLDA10NoDevice_2-ip-app-8": 565,
          "KomakiLDA10NoDevice_2-ip-app-9": 779,
          "KomakiLDA10NoDevice_2-ip-channel-0": 774,
          "KomakiLDA10NoDevice_2-ip-channel-1": 802,
          "KomakiLDA10NoDevice_2-ip-channel-2": 796,
          "KomakiLDA10NoDevice_2-ip-channel-3": 771,
          "KomakiLDA10NoDevice_2-ip-channel-4": 713,
          "KomakiLDA10NoDevice_2-ip-channel-5": 762,
          "KomakiLDA10NoDevice_2-ip-channel-6": 759,
          "KomakiLDA10NoDevice_2-ip-channel-7": 760,
          "KomakiLDA10NoDevice_2-ip-channel-8": 758,
          "KomakiLDA10NoDevice_2-ip-channel-9": 769,
          "KomakiLDA10NoDevice_2-os-ip-0": 189,
          "KomakiLDA10NoDevice_2-os-ip-1": 164,
          "KomakiLDA10NoDevice_2-os-ip-2": 189,
          "KomakiLDA10NoDevice_2-os-ip-3": 142,
          "KomakiLDA10NoDevice_2-os-ip-4": 107,
          "KomakiLDA10NoDevice_2-os-ip-5": 137,
          "KomakiLDA10NoDevice_2-os-ip-6": 154,
          "KomakiLDA10NoDevice_2-os-ip-7": 123,
          "KomakiLDA10NoDevice_2-os-ip-8": 164,
          "KomakiLDA10NoDevice_2-os-ip-9": 105,
          "KomakiLDA10NoDevice_2-os-app-0": 229,
          "KomakiLDA10NoDevice_2-os-app-1": 59,
          "KomakiLDA10NoDevice_2-os-app-2": 45,
          "KomakiLDA10NoDevice_2-os-app-3": 219,
          "KomakiLDA10NoDevice_2-os-app-4": 10,
          "KomakiLDA10NoDevice_2-os-app-5": 148,
          "KomakiLDA10NoDevice_2-os-app-6": 29,
          "KomakiLDA10NoDevice_2-os-app-7": 161,
          "KomakiLDA10NoDevice_2-os-app-8": 117,
          "KomakiLDA10NoDevice_2-os-app-9": 149,
          "KomakiLDA10NoDevice_2-os-channel-0": 218,
          "KomakiLDA10NoDevice_2-os-channel-1": 246,
          "KomakiLDA10NoDevice_2-os-channel-2": 78,
          "KomakiLDA10NoDevice_2-os-channel-3": 93,
          "KomakiLDA10NoDevice_2-os-channel-4": 179,
          "KomakiLDA10NoDevice_2-os-channel-5": 220,
          "KomakiLDA10NoDevice_2-os-channel-6": 230,
          "KomakiLDA10NoDevice_2-os-channel-7": 182,
          "KomakiLDA10NoDevice_2-os-channel-8": 137,
          "KomakiLDA10NoDevice_2-os-channel-9": 125,
          "KomakiLDA10NoDevice_2-channel-app-0": 323,
          "KomakiLDA10NoDevice_2-channel-app-1": 112,
          "KomakiLDA10NoDevice_2-channel-app-2": 107,
          "KomakiLDA10NoDevice_2-channel-app-3": 195,
          "KomakiLDA10NoDevice_2-channel-app-4": 134,
          "KomakiLDA10NoDevice_2-channel-app-5": 88,
          "KomakiLDA10NoDevice_2-channel-app-6": 140,
          "KomakiLDA10NoDevice_2-channel-app-7": 146,
          "KomakiLDA10NoDevice_2-channel-app-8": 202,
          "KomakiLDA10NoDevice_2-channel-app-9": 178,
          "KomakiNMF5NoDevice-ip-app-0": 437,
          "KomakiNMF5NoDevice-ip-app-1": 716,
          "KomakiNMF5NoDevice-ip-app-2": 570,
          "KomakiNMF5NoDevice-ip-app-3": 444,
          "KomakiNMF5NoDevice-ip-app-4": 482,
          "KomakiNMF5NoDevice-ip-os-0": 595,
          "KomakiNMF5NoDevice-ip-os-1": 588,
          "KomakiNMF5NoDevice-ip-os-2": 503,
          "KomakiNMF5NoDevice-ip-os-3": 598,
          "KomakiNMF5NoDevice-ip-os-4": 605,
          "KomakiNMF5NoDevice-ip-channel-0": 580,
          "KomakiNMF5NoDevice-ip-channel-1": 790,
          "KomakiNMF5NoDevice-ip-channel-2": 564,
          "KomakiNMF5NoDevice-ip-channel-3": 627,
          "KomakiNMF5NoDevice-ip-channel-4": 579,
          "KomakiNMF5NoDevice-app-ip-0": 106,
          "KomakiNMF5NoDevice-app-ip-1": 128,
          "KomakiNMF5NoDevice-app-ip-2": 103,
          "KomakiNMF5NoDevice-app-ip-3": 107,
          "KomakiNMF5NoDevice-app-ip-4": 48,
          "KomakiNMF5NoDevice-app-os-0": 51,
          "KomakiNMF5NoDevice-app-os-1": 73,
          "KomakiNMF5NoDevice-app-os-2": 53,
          "KomakiNMF5NoDevice-app-os-3": 26,
          "KomakiNMF5NoDevice-app-os-4": 16,
          "KomakiNMF5NoDevice-app-channel-0": 82,
          "KomakiNMF5NoDevice-app-channel-1": 84,
          "KomakiNMF5NoDevice-app-channel-2": 86,
          "KomakiNMF5NoDevice-app-channel-3": 74,
          "KomakiNMF5NoDevice-app-channel-4": 56,
          "KomakiNMF5NoDevice-os-ip-0": 95,
          "KomakiNMF5NoDevice-os-ip-1": 128,
          "KomakiNMF5NoDevice-os-ip-2": 112,
          "KomakiNMF5NoDevice-os-ip-3": 131,
          "KomakiNMF5NoDevice-os-ip-4": 101,
          "KomakiNMF5NoDevice-os-app-0": 83,
          "KomakiNMF5NoDevice-os-app-1": 4,
          "KomakiNMF5NoDevice-os-app-2": 87,
          "KomakiNMF5NoDevice-os-app-3": 131,
          "KomakiNMF5NoDevice-os-app-4": 85,
          "KomakiNMF5NoDevice-os-channel-0": 163,
          "KomakiNMF5NoDevice-os-channel-1": 96,
          "KomakiNMF5NoDevice-os-channel-2": 185,
          "KomakiNMF5NoDevice-os-channel-3": 158,
          "KomakiNMF5NoDevice-os-channel-4": 134,
          "KomakiNMF5NoDevice-channel-ip-0": 203,
          "KomakiNMF5NoDevice-channel-ip-1": 167,
          "KomakiNMF5NoDevice-channel-ip-2": 184,
          "KomakiNMF5NoDevice-channel-ip-3": 211,
          "KomakiNMF5NoDevice-channel-ip-4": 218,
          "KomakiNMF5NoDevice-channel-app-0": 122,
          "KomakiNMF5NoDevice-channel-app-1": 29,
          "KomakiNMF5NoDevice-channel-app-2": 105,
          "KomakiNMF5NoDevice-channel-app-3": 81,
          "KomakiNMF5NoDevice-channel-app-4": 106,
          "KomakiNMF5NoDevice-channel-os-0": 165,
          "KomakiNMF5NoDevice-channel-os-1": 47,
          "KomakiNMF5NoDevice-channel-os-2": 189,
          "KomakiNMF5NoDevice-channel-os-3": 106,
          "KomakiNMF5NoDevice-channel-os-4": 207,
          "KomakiPCA5NoDevice-ip-app-0": 672,
          "KomakiPCA5NoDevice-ip-app-1": 565,
          "KomakiPCA5NoDevice-ip-app-2": 518,
          "KomakiPCA5NoDevice-ip-app-3": 407,
          "KomakiPCA5NoDevice-ip-app-4": 622,
          "KomakiPCA5NoDevice-ip-os-0": 713,
          "KomakiPCA5NoDevice-ip-os-1": 492,
          "KomakiPCA5NoDevice-ip-os-2": 558,
          "KomakiPCA5NoDevice-ip-os-3": 573,
          "KomakiPCA5NoDevice-ip-os-4": 675,
          "KomakiPCA5NoDevice-ip-channel-0": 822,
          "KomakiPCA5NoDevice-ip-channel-1": 656,
          "KomakiPCA5NoDevice-ip-channel-2": 599,
          "KomakiPCA5NoDevice-ip-channel-3": 668,
          "KomakiPCA5NoDevice-ip-channel-4": 565,
          "KomakiPCA5NoDevice-app-ip-0": 75,
          "KomakiPCA5NoDevice-app-ip-1": 69,
          "KomakiPCA5NoDevice-app-ip-2": 100,
          "KomakiPCA5NoDevice-app-ip-3": 119,
          "KomakiPCA5NoDevice-app-ip-4": 50,
          "KomakiPCA5NoDevice-app-os-0": 113,
          "KomakiPCA5NoDevice-app-os-1": 60,
          "KomakiPCA5NoDevice-app-os-2": 105,
          "KomakiPCA5NoDevice-app-os-3": 114,
          "KomakiPCA5NoDevice-app-os-4": 78,
          "KomakiPCA5NoDevice-app-channel-0": 94,
          "KomakiPCA5NoDevice-app-channel-1": 108,
          "KomakiPCA5NoDevice-app-channel-2": 86,
          "KomakiPCA5NoDevice-app-channel-3": 87,
          "KomakiPCA5NoDevice-app-channel-4": 92,
          "KomakiPCA5NoDevice-os-ip-0": 51,
          "KomakiPCA5NoDevice-os-ip-1": 109,
          "KomakiPCA5NoDevice-os-ip-2": 101,
          "KomakiPCA5NoDevice-os-ip-3": 151,
          "KomakiPCA5NoDevice-os-ip-4": 115,
          "KomakiPCA5NoDevice-os-app-0": 97,
          "KomakiPCA5NoDevice-os-app-1": 88,
          "KomakiPCA5NoDevice-os-app-2": 94,
          "KomakiPCA5NoDevice-os-app-3": 118,
          "KomakiPCA5NoDevice-os-app-4": 128,
          "KomakiPCA5NoDevice-os-channel-0": 119,
          "KomakiPCA5NoDevice-os-channel-1": 168,
          "KomakiPCA5NoDevice-os-channel-2": 102,
          "KomakiPCA5NoDevice-os-channel-3": 87,
          "KomakiPCA5NoDevice-os-channel-4": 108,
          "KomakiPCA5NoDevice-channel-ip-0": 180,
          "KomakiPCA5NoDevice-channel-ip-1": 200,
          "KomakiPCA5NoDevice-channel-ip-2": 157,
          "KomakiPCA5NoDevice-channel-ip-3": 174,
          "KomakiPCA5NoDevice-channel-ip-4": 206,
          "KomakiPCA5NoDevice-channel-app-0": 210,
          "KomakiPCA5NoDevice-channel-app-1": 137,
          "KomakiPCA5NoDevice-channel-app-2": 160,
          "KomakiPCA5NoDevice-channel-app-3": 124,
          "KomakiPCA5NoDevice-channel-app-4": 146,
          "KomakiPCA5NoDevice-channel-os-0": 184,
          "KomakiPCA5NoDevice-channel-os-1": 185,
          "KomakiPCA5NoDevice-channel-os-2": 108,
          "KomakiPCA5NoDevice-channel-os-3": 153,
          "KomakiPCA5NoDevice-channel-os-4": 178
        }
      }
    ],
    "average_train_auc": 0.9945400575413574,
    "average_valid_auc": 0.9849190559955578,
    "train_auc_std": 0.00015246833266812775,
    "valid_auc_std": 8.530388066587449e-05,
    "average_train_time": 260.91493525505064
  },
  "config": {
    "features": [
      "app",
      "hour",
      "count",
      "future_click_count_10",
      "future_click_count_80",
      "next_click_time_delta",
      "prev_click_time_delta",
      "average_attributed_ratio",
      "komaki_lda_10_no_device_1",
      "komaki_lda_10_no_device_2",
      "komaki_nmf_5_no_device",
      "komaki_pca_5_no_device"
    ],
    "model": {
      "name": "lightgbm",
      "model_params": {
        "boosting_type": "gbdt",
        "objective": "binary",
        "metric": "auc",
        "learning_rate": 0.03,
        "num_leaves": 255,
        "max_depth": 8,
        "min_child_samples": 20,
        "max_bin": 100,
        "subsample": 0.7,
        "subsample_freq": 1,
        "colsample_bytree": 0.7,
        "min_child_weight": 0,
        "subsample_for_bin": 200000,
        "min_split_gain": 0,
        "reg_alpha": 0,
        "reg_lambda": 0,
        "verbose": 0
      },
      "train_params": {
        "num_boost_round": 1000,
        "early_stopping_rounds": 30
      }
    },
    "dataset": {
      "input_directory": "data/input/",
      "cache_directory": "data/working/",
      "files": {
        "train": "train.feather",
        "test": "old_test.feather"
      },
      "negative_down_sampling": {
        "enabled": true,
        "bagging_size": 5
      }
    },
    "rank_average": true,
    "note": "62 with min_child_samples = 20"
  }
}