{
  "training": {
    "trials": [
      {
        "train_auc": 0.9942999116081231,
        "valid_auc": 0.9847317285146333,
        "best_iteration": 568,
        "train_time": 547.4885132312775,
        "feature_importance": {
          "os": 2727,
          "app": 2539,
          "channel": 5029,
          "hour": 3768,
          "n_channels": 854,
          "ip_app_count": 810,
          "ip_app_os_count": 889,
          "FutureClickCount_600-ip": 503,
          "FutureClickCount_600-app": 369,
          "FutureClickCount_600-ip-app": 148,
          "FutureClickCount_600-dev": 253,
          "FutureClickCount_600-ip-dev": 495,
          "FutureClickCount_600-app-dev": 350,
          "FutureClickCount_600-ip-app-dev": 147,
          "FutureClickCount_600-os": 289,
          "FutureClickCount_600-ip-os": 373,
          "FutureClickCount_600-app-os": 424,
          "FutureClickCount_600-ip-app-os": 209,
          "FutureClickCount_600-dev-os": 568,
          "FutureClickCount_600-ip-dev-os": 329,
          "FutureClickCount_600-app-dev-os": 521,
          "FutureClickCount_600-ip-app-dev-os": 335,
          "FutureClickCount_600-cha": 429,
          "FutureClickCount_600-ip-cha": 97,
          "FutureClickCount_600-app-cha": 552,
          "FutureClickCount_600-ip-app-cha": 91,
          "FutureClickCount_600-dev-cha": 287,
          "FutureClickCount_600-ip-dev-cha": 104,
          "FutureClickCount_600-app-dev-cha": 326,
          "FutureClickCount_600-ip-app-dev-cha": 73,
          "FutureClickCount_600-os-cha": 311,
          "FutureClickCount_600-ip-os-cha": 69,
          "FutureClickCount_600-app-os-cha": 255,
          "FutureClickCount_600-ip-app-os-cha": 47,
          "FutureClickCount_600-dev-os-cha": 271,
          "FutureClickCount_600-ip-dev-os-cha": 59,
          "FutureClickCount_600-app-dev-os-cha": 326,
          "FutureClickCount_600-ip-app-dev-os-cha": 107,
          "FutureClickCount_4800-ip": 706,
          "FutureClickCount_4800-app": 263,
          "FutureClickCount_4800-ip-app": 255,
          "FutureClickCount_4800-dev": 81,
          "FutureClickCount_4800-ip-dev": 1074,
          "FutureClickCount_4800-app-dev": 151,
          "FutureClickCount_4800-ip-app-dev": 242,
          "FutureClickCount_4800-os": 150,
          "FutureClickCount_4800-ip-os": 482,
          "FutureClickCount_4800-app-os": 314,
          "FutureClickCount_4800-ip-app-os": 316,
          "FutureClickCount_4800-dev-os": 229,
          "FutureClickCount_4800-ip-dev-os": 690,
          "FutureClickCount_4800-app-dev-os": 445,
          "FutureClickCount_4800-ip-app-dev-os": 336,
          "FutureClickCount_4800-cha": 271,
          "FutureClickCount_4800-ip-cha": 184,
          "FutureClickCount_4800-app-cha": 437,
          "FutureClickCount_4800-ip-app-cha": 148,
          "FutureClickCount_4800-dev-cha": 181,
          "FutureClickCount_4800-ip-dev-cha": 158,
          "FutureClickCount_4800-app-dev-cha": 246,
          "FutureClickCount_4800-ip-app-dev-cha": 135,
          "FutureClickCount_4800-os-cha": 231,
          "FutureClickCount_4800-ip-os-cha": 83,
          "FutureClickCount_4800-app-os-cha": 273,
          "FutureClickCount_4800-ip-app-os-cha": 101,
          "FutureClickCount_4800-dev-os-cha": 301,
          "FutureClickCount_4800-ip-dev-os-cha": 89,
          "FutureClickCount_4800-app-dev-os-cha": 321,
          "FutureClickCount_4800-ip-app-dev-os-cha": 90,
          "NextClickTimeDelta-ip": 623,
          "NextClickTimeDelta-app": 87,
          "NextClickTimeDelta-ip-app": 833,
          "NextClickTimeDelta-dev": 52,
          "NextClickTimeDelta-ip-dev": 461,
          "NextClickTimeDelta-app-dev": 79,
          "NextClickTimeDelta-ip-app-dev": 570,
          "NextClickTimeDelta-os": 89,
          "NextClickTimeDelta-ip-os": 469,
          "NextClickTimeDelta-app-os": 188,
          "NextClickTimeDelta-ip-app-os": 1402,
          "NextClickTimeDelta-dev-os": 87,
          "NextClickTimeDelta-ip-dev-os": 414,
          "NextClickTimeDelta-app-dev-os": 157,
          "NextClickTimeDelta-ip-app-dev-os": 2373,
          "NextClickTimeDelta-cha": 101,
          "NextClickTimeDelta-ip-cha": 474,
          "NextClickTimeDelta-app-cha": 170,
          "NextClickTimeDelta-ip-app-cha": 417,
          "NextClickTimeDelta-dev-cha": 91,
          "NextClickTimeDelta-ip-dev-cha": 381,
          "NextClickTimeDelta-app-dev-cha": 106,
          "NextClickTimeDelta-ip-app-dev-cha": 346,
          "NextClickTimeDelta-os-cha": 240,
          "NextClickTimeDelta-ip-os-cha": 324,
          "NextClickTimeDelta-app-os-cha": 243,
          "NextClickTimeDelta-ip-app-os-cha": 476,
          "NextClickTimeDelta-dev-os-cha": 188,
          "NextClickTimeDelta-ip-dev-os-cha": 258,
          "NextClickTimeDelta-app-dev-os-cha": 208,
          "NextClickTimeDelta-ip-app-dev-os-cha": 534,
          "PrevClickTimeDelta-ip": 539,
          "PrevClickTimeDelta-app": 107,
          "PrevClickTimeDelta-ip-app": 412,
          "PrevClickTimeDelta-dev": 57,
          "PrevClickTimeDelta-ip-dev": 368,
          "PrevClickTimeDelta-app-dev": 61,
          "PrevClickTimeDelta-ip-app-dev": 302,
          "PrevClickTimeDelta-os": 74,
          "PrevClickTimeDelta-ip-os": 439,
          "PrevClickTimeDelta-app-os": 139,
          "PrevClickTimeDelta-ip-app-os": 343,
          "PrevClickTimeDelta-dev-os": 79,
          "PrevClickTimeDelta-ip-dev-os": 282,
          "PrevClickTimeDelta-app-dev-os": 118,
          "PrevClickTimeDelta-ip-app-dev-os": 341,
          "PrevClickTimeDelta-cha": 100,
          "PrevClickTimeDelta-ip-cha": 345,
          "PrevClickTimeDelta-app-cha": 161,
          "PrevClickTimeDelta-ip-app-cha": 272,
          "PrevClickTimeDelta-dev-cha": 88,
          "PrevClickTimeDelta-ip-dev-cha": 261,
          "PrevClickTimeDelta-app-dev-cha": 114,
          "PrevClickTimeDelta-ip-app-dev-cha": 226,
          "PrevClickTimeDelta-os-cha": 204,
          "PrevClickTimeDelta-ip-os-cha": 244,
          "PrevClickTimeDelta-app-os-cha": 232,
          "PrevClickTimeDelta-ip-app-os-cha": 196,
          "PrevClickTimeDelta-dev-os-cha": 193,
          "PrevClickTimeDelta-ip-dev-os-cha": 171,
          "PrevClickTimeDelta-app-dev-os-cha": 215,
          "PrevClickTimeDelta-ip-app-dev-os-cha": 166,
          "AverageAttributedRatio-ip": 401,
          "AverageAttributedRatio-app": 315,
          "AverageAttributedRatio-ip-app": 316,
          "AverageAttributedRatio-dev": 617,
          "AverageAttributedRatio-ip-dev": 439,
          "AverageAttributedRatio-app-dev": 276,
          "AverageAttributedRatio-ip-app-dev": 402,
          "AverageAttributedRatio-os": 369,
          "AverageAttributedRatio-ip-os": 264,
          "AverageAttributedRatio-app-os": 278,
          "AverageAttributedRatio-ip-app-os": 111,
          "AverageAttributedRatio-dev-os": 306,
          "AverageAttributedRatio-ip-dev-os": 300,
          "AverageAttributedRatio-app-dev-os": 321,
          "AverageAttributedRatio-ip-app-dev-os": 96,
          "AverageAttributedRatio-cha": 248,
          "AverageAttributedRatio-ip-cha": 131,
          "AverageAttributedRatio-app-cha": 265,
          "AverageAttributedRatio-ip-app-cha": 109,
          "AverageAttributedRatio-dev-cha": 180,
          "AverageAttributedRatio-ip-dev-cha": 111,
          "AverageAttributedRatio-app-dev-cha": 252,
          "AverageAttributedRatio-ip-app-dev-cha": 127,
          "AverageAttributedRatio-os-cha": 251,
          "AverageAttributedRatio-ip-os-cha": 79,
          "AverageAttributedRatio-app-os-cha": 354,
          "AverageAttributedRatio-ip-app-os-cha": 60,
          "AverageAttributedRatio-dev-os-cha": 258,
          "AverageAttributedRatio-ip-dev-os-cha": 77,
          "AverageAttributedRatio-app-dev-os-cha": 359,
          "AverageAttributedRatio-ip-app-dev-os-cha": 35,
          "KomakiLDA5NoDevice-ip-app-0": 889,
          "KomakiLDA5NoDevice-ip-app-1": 905,
          "KomakiLDA5NoDevice-ip-app-2": 986,
          "KomakiLDA5NoDevice-ip-app-3": 659,
          "KomakiLDA5NoDevice-ip-app-4": 499,
          "KomakiLDA5NoDevice-ip-os-0": 872,
          "KomakiLDA5NoDevice-ip-os-1": 850,
          "KomakiLDA5NoDevice-ip-os-2": 580,
          "KomakiLDA5NoDevice-ip-os-3": 717,
          "KomakiLDA5NoDevice-ip-os-4": 786,
          "KomakiLDA5NoDevice-ip-channel-0": 874,
          "KomakiLDA5NoDevice-ip-channel-1": 710,
          "KomakiLDA5NoDevice-ip-channel-2": 959,
          "KomakiLDA5NoDevice-ip-channel-3": 888,
          "KomakiLDA5NoDevice-ip-channel-4": 1031,
          "KomakiLDA5NoDevice-app-ip-0": 182,
          "KomakiLDA5NoDevice-app-ip-1": 160,
          "KomakiLDA5NoDevice-app-ip-2": 124,
          "KomakiLDA5NoDevice-app-ip-3": 141,
          "KomakiLDA5NoDevice-app-ip-4": 114,
          "KomakiLDA5NoDevice-app-os-0": 87,
          "KomakiLDA5NoDevice-app-os-1": 128,
          "KomakiLDA5NoDevice-app-os-2": 125,
          "KomakiLDA5NoDevice-app-os-3": 77,
          "KomakiLDA5NoDevice-app-os-4": 133,
          "KomakiLDA5NoDevice-app-channel-0": 93,
          "KomakiLDA5NoDevice-app-channel-1": 141,
          "KomakiLDA5NoDevice-app-channel-2": 149,
          "KomakiLDA5NoDevice-app-channel-3": 145,
          "KomakiLDA5NoDevice-app-channel-4": 85,
          "KomakiLDA5NoDevice-os-ip-0": 188,
          "KomakiLDA5NoDevice-os-ip-1": 163,
          "KomakiLDA5NoDevice-os-ip-2": 130,
          "KomakiLDA5NoDevice-os-ip-3": 136,
          "KomakiLDA5NoDevice-os-ip-4": 154,
          "KomakiLDA5NoDevice-os-app-0": 232,
          "KomakiLDA5NoDevice-os-app-1": 212,
          "KomakiLDA5NoDevice-os-app-2": 79,
          "KomakiLDA5NoDevice-os-app-3": 146,
          "KomakiLDA5NoDevice-os-app-4": 61,
          "KomakiLDA5NoDevice-os-channel-0": 198,
          "KomakiLDA5NoDevice-os-channel-1": 114,
          "KomakiLDA5NoDevice-os-channel-2": 158,
          "KomakiLDA5NoDevice-os-channel-3": 229,
          "KomakiLDA5NoDevice-os-channel-4": 132,
          "KomakiLDA5NoDevice-channel-ip-0": 152,
          "KomakiLDA5NoDevice-channel-ip-1": 136,
          "KomakiLDA5NoDevice-channel-ip-2": 122,
          "KomakiLDA5NoDevice-channel-ip-3": 185,
          "KomakiLDA5NoDevice-channel-ip-4": 128,
          "KomakiLDA5NoDevice-channel-app-0": 138,
          "KomakiLDA5NoDevice-channel-app-1": 91,
          "KomakiLDA5NoDevice-channel-app-2": 122,
          "KomakiLDA5NoDevice-channel-app-3": 111,
          "KomakiLDA5NoDevice-channel-app-4": 121,
          "KomakiLDA5NoDevice-channel-os-0": 106,
          "KomakiLDA5NoDevice-channel-os-1": 143,
          "KomakiLDA5NoDevice-channel-os-2": 169,
          "KomakiLDA5NoDevice-channel-os-3": 135,
          "KomakiLDA5NoDevice-channel-os-4": 124,
          "KomakiNMF5NoDevice-ip-app-0": 551,
          "KomakiNMF5NoDevice-ip-app-1": 882,
          "KomakiNMF5NoDevice-ip-app-2": 595,
          "KomakiNMF5NoDevice-ip-app-3": 527,
          "KomakiNMF5NoDevice-ip-app-4": 615,
          "KomakiNMF5NoDevice-ip-os-0": 795,
          "KomakiNMF5NoDevice-ip-os-1": 713,
          "KomakiNMF5NoDevice-ip-os-2": 625,
          "KomakiNMF5NoDevice-ip-os-3": 644,
          "KomakiNMF5NoDevice-ip-os-4": 639,
          "KomakiNMF5NoDevice-ip-channel-0": 594,
          "KomakiNMF5NoDevice-ip-channel-1": 1045,
          "KomakiNMF5NoDevice-ip-channel-2": 632,
          "KomakiNMF5NoDevice-ip-channel-3": 716,
          "KomakiNMF5NoDevice-ip-channel-4": 667,
          "KomakiNMF5NoDevice-app-ip-0": 81,
          "KomakiNMF5NoDevice-app-ip-1": 123,
          "KomakiNMF5NoDevice-app-ip-2": 88,
          "KomakiNMF5NoDevice-app-ip-3": 92,
          "KomakiNMF5NoDevice-app-ip-4": 48,
          "KomakiNMF5NoDevice-app-os-0": 38,
          "KomakiNMF5NoDevice-app-os-1": 75,
          "KomakiNMF5NoDevice-app-os-2": 68,
          "KomakiNMF5NoDevice-app-os-3": 25,
          "KomakiNMF5NoDevice-app-os-4": 34,
          "KomakiNMF5NoDevice-app-channel-0": 79,
          "KomakiNMF5NoDevice-app-channel-1": 76,
          "KomakiNMF5NoDevice-app-channel-2": 89,
          "KomakiNMF5NoDevice-app-channel-3": 105,
          "KomakiNMF5NoDevice-app-channel-4": 73,
          "KomakiNMF5NoDevice-os-ip-0": 88,
          "KomakiNMF5NoDevice-os-ip-1": 101,
          "KomakiNMF5NoDevice-os-ip-2": 83,
          "KomakiNMF5NoDevice-os-ip-3": 105,
          "KomakiNMF5NoDevice-os-ip-4": 63,
          "KomakiNMF5NoDevice-os-app-0": 49,
          "KomakiNMF5NoDevice-os-app-1": 8,
          "KomakiNMF5NoDevice-os-app-2": 72,
          "KomakiNMF5NoDevice-os-app-3": 128,
          "KomakiNMF5NoDevice-os-app-4": 58,
          "KomakiNMF5NoDevice-os-channel-0": 133,
          "KomakiNMF5NoDevice-os-channel-1": 91,
          "KomakiNMF5NoDevice-os-channel-2": 157,
          "KomakiNMF5NoDevice-os-channel-3": 84,
          "KomakiNMF5NoDevice-os-channel-4": 107,
          "KomakiNMF5NoDevice-channel-ip-0": 131,
          "KomakiNMF5NoDevice-channel-ip-1": 96,
          "KomakiNMF5NoDevice-channel-ip-2": 112,
          "KomakiNMF5NoDevice-channel-ip-3": 160,
          "KomakiNMF5NoDevice-channel-ip-4": 99,
          "KomakiNMF5NoDevice-channel-app-0": 59,
          "KomakiNMF5NoDevice-channel-app-1": 28,
          "KomakiNMF5NoDevice-channel-app-2": 67,
          "KomakiNMF5NoDevice-channel-app-3": 58,
          "KomakiNMF5NoDevice-channel-app-4": 69,
          "KomakiNMF5NoDevice-channel-os-0": 153,
          "KomakiNMF5NoDevice-channel-os-1": 35,
          "KomakiNMF5NoDevice-channel-os-2": 114,
          "KomakiNMF5NoDevice-channel-os-3": 71,
          "KomakiNMF5NoDevice-channel-os-4": 126,
          "KomakiPCA5NoDevice-ip-app-0": 826,
          "KomakiPCA5NoDevice-ip-app-1": 651,
          "KomakiPCA5NoDevice-ip-app-2": 630,
          "KomakiPCA5NoDevice-ip-app-3": 496,
          "KomakiPCA5NoDevice-ip-app-4": 699,
          "KomakiPCA5NoDevice-ip-os-0": 950,
          "KomakiPCA5NoDevice-ip-os-1": 612,
          "KomakiPCA5NoDevice-ip-os-2": 562,
          "KomakiPCA5NoDevice-ip-os-3": 597,
          "KomakiPCA5NoDevice-ip-os-4": 665,
          "KomakiPCA5NoDevice-ip-channel-0": 954,
          "KomakiPCA5NoDevice-ip-channel-1": 722,
          "KomakiPCA5NoDevice-ip-channel-2": 683,
          "KomakiPCA5NoDevice-ip-channel-3": 663,
          "KomakiPCA5NoDevice-ip-channel-4": 705,
          "KomakiPCA5NoDevice-app-ip-0": 58,
          "KomakiPCA5NoDevice-app-ip-1": 56,
          "KomakiPCA5NoDevice-app-ip-2": 72,
          "KomakiPCA5NoDevice-app-ip-3": 115,
          "KomakiPCA5NoDevice-app-ip-4": 72,
          "KomakiPCA5NoDevice-app-os-0": 91,
          "KomakiPCA5NoDevice-app-os-1": 61,
          "KomakiPCA5NoDevice-app-os-2": 117,
          "KomakiPCA5NoDevice-app-os-3": 111,
          "KomakiPCA5NoDevice-app-os-4": 82,
          "KomakiPCA5NoDevice-app-channel-0": 76,
          "KomakiPCA5NoDevice-app-channel-1": 98,
          "KomakiPCA5NoDevice-app-channel-2": 77,
          "KomakiPCA5NoDevice-app-channel-3": 76,
          "KomakiPCA5NoDevice-app-channel-4": 89,
          "KomakiPCA5NoDevice-os-ip-0": 34,
          "KomakiPCA5NoDevice-os-ip-1": 72,
          "KomakiPCA5NoDevice-os-ip-2": 83,
          "KomakiPCA5NoDevice-os-ip-3": 97,
          "KomakiPCA5NoDevice-os-ip-4": 82,
          "KomakiPCA5NoDevice-os-app-0": 91,
          "KomakiPCA5NoDevice-os-app-1": 81,
          "KomakiPCA5NoDevice-os-app-2": 65,
          "KomakiPCA5NoDevice-os-app-3": 142,
          "KomakiPCA5NoDevice-os-app-4": 114,
          "KomakiPCA5NoDevice-os-channel-0": 98,
          "KomakiPCA5NoDevice-os-channel-1": 118,
          "KomakiPCA5NoDevice-os-channel-2": 105,
          "KomakiPCA5NoDevice-os-channel-3": 73,
          "KomakiPCA5NoDevice-os-channel-4": 84,
          "KomakiPCA5NoDevice-channel-ip-0": 125,
          "KomakiPCA5NoDevice-channel-ip-1": 80,
          "KomakiPCA5NoDevice-channel-ip-2": 142,
          "KomakiPCA5NoDevice-channel-ip-3": 113,
          "KomakiPCA5NoDevice-channel-ip-4": 148,
          "KomakiPCA5NoDevice-channel-app-0": 97,
          "KomakiPCA5NoDevice-channel-app-1": 69,
          "KomakiPCA5NoDevice-channel-app-2": 89,
          "KomakiPCA5NoDevice-channel-app-3": 74,
          "KomakiPCA5NoDevice-channel-app-4": 70,
          "KomakiPCA5NoDevice-channel-os-0": 92,
          "KomakiPCA5NoDevice-channel-os-1": 97,
          "KomakiPCA5NoDevice-channel-os-2": 58,
          "KomakiPCA5NoDevice-channel-os-3": 101,
          "KomakiPCA5NoDevice-channel-os-4": 102,
          "ItemUserLDA_0": 64,
          "ItemUserLDA_1": 56,
          "ItemUserLDA_2": 15,
          "ItemUserLDA_3": 36,
          "ItemUserLDA_4": 5,
          "ItemUserLDA_5": 32,
          "ItemUserLDA_6": 1,
          "ItemUserLDA_7": 1,
          "ItemUserLDA_8": 40,
          "ItemUserLDA_9": 5,
          "ItemUserLDA_10": 76,
          "ItemUserLDA_11": 2,
          "ItemUserLDA_12": 1,
          "ItemUserLDA_13": 37,
          "ItemUserLDA_14": 46,
          "ItemUserLDA_15": 15,
          "ItemUserLDA_16": 62,
          "ItemUserLDA_17": 37,
          "ItemUserLDA_18": 13,
          "ItemUserLDA_19": 40,
          "ItemUserLDA_20": 31,
          "ItemUserLDA_21": 9,
          "ItemUserLDA_22": 0,
          "ItemUserLDA_23": 31,
          "ItemUserLDA_24": 90,
          "ItemUserLDA_25": 43,
          "ItemUserLDA_26": 63,
          "ItemUserLDA_27": 60,
          "ItemUserLDA_28": 1,
          "ItemUserLDA_29": 25,
          "UserItemLDA_0": 211,
          "UserItemLDA_1": 108,
          "UserItemLDA_2": 86,
          "UserItemLDA_3": 55,
          "UserItemLDA_4": 170,
          "UserItemLDA_5": 25,
          "UserItemLDA_6": 35,
          "UserItemLDA_7": 44,
          "UserItemLDA_8": 89,
          "UserItemLDA_9": 153,
          "UserItemLDA_10": 73,
          "UserItemLDA_11": 42,
          "UserItemLDA_12": 143,
          "UserItemLDA_13": 142,
          "UserItemLDA_14": 105,
          "UserItemLDA_15": 69,
          "UserItemLDA_16": 54,
          "UserItemLDA_17": 127,
          "UserItemLDA_18": 58,
          "UserItemLDA_19": 98,
          "UserItemLDA_20": 77,
          "UserItemLDA_21": 199,
          "UserItemLDA_22": 164,
          "UserItemLDA_23": 90,
          "UserItemLDA_24": 50,
          "UserItemLDA_25": 32,
          "UserItemLDA_26": 25,
          "UserItemLDA_27": 93,
          "UserItemLDA_28": 59,
          "UserItemLDA_29": 5
        }
      },
      {
        "train_auc": 0.99427264614602,
        "valid_auc": 0.9846654565584821,
        "best_iteration": 572,
        "train_time": 552.8355641365051,
        "feature_importance": {
          "os": 2859,
          "app": 2523,
          "channel": 5126,
          "hour": 3988,
          "n_channels": 883,
          "ip_app_count": 878,
          "ip_app_os_count": 944,
          "FutureClickCount_600-ip": 474,
          "FutureClickCount_600-app": 353,
          "FutureClickCount_600-ip-app": 175,
          "FutureClickCount_600-dev": 248,
          "FutureClickCount_600-ip-dev": 514,
          "FutureClickCount_600-app-dev": 341,
          "FutureClickCount_600-ip-app-dev": 156,
          "FutureClickCount_600-os": 264,
          "FutureClickCount_600-ip-os": 381,
          "FutureClickCount_600-app-os": 357,
          "FutureClickCount_600-ip-app-os": 253,
          "FutureClickCount_600-dev-os": 531,
          "FutureClickCount_600-ip-dev-os": 345,
          "FutureClickCount_600-app-dev-os": 528,
          "FutureClickCount_600-ip-app-dev-os": 300,
          "FutureClickCount_600-cha": 373,
          "FutureClickCount_600-ip-cha": 120,
          "FutureClickCount_600-app-cha": 501,
          "FutureClickCount_600-ip-app-cha": 75,
          "FutureClickCount_600-dev-cha": 290,
          "FutureClickCount_600-ip-dev-cha": 95,
          "FutureClickCount_600-app-dev-cha": 370,
          "FutureClickCount_600-ip-app-dev-cha": 75,
          "FutureClickCount_600-os-cha": 271,
          "FutureClickCount_600-ip-os-cha": 71,
          "FutureClickCount_600-app-os-cha": 306,
          "FutureClickCount_600-ip-app-os-cha": 63,
          "FutureClickCount_600-dev-os-cha": 291,
          "FutureClickCount_600-ip-dev-os-cha": 66,
          "FutureClickCount_600-app-dev-os-cha": 282,
          "FutureClickCount_600-ip-app-dev-os-cha": 89,
          "FutureClickCount_4800-ip": 749,
          "FutureClickCount_4800-app": 254,
          "FutureClickCount_4800-ip-app": 256,
          "FutureClickCount_4800-dev": 83,
          "FutureClickCount_4800-ip-dev": 1035,
          "FutureClickCount_4800-app-dev": 188,
          "FutureClickCount_4800-ip-app-dev": 239,
          "FutureClickCount_4800-os": 157,
          "FutureClickCount_4800-ip-os": 517,
          "FutureClickCount_4800-app-os": 340,
          "FutureClickCount_4800-ip-app-os": 280,
          "FutureClickCount_4800-dev-os": 207,
          "FutureClickCount_4800-ip-dev-os": 655,
          "FutureClickCount_4800-app-dev-os": 418,
          "FutureClickCount_4800-ip-app-dev-os": 394,
          "FutureClickCount_4800-cha": 285,
          "FutureClickCount_4800-ip-cha": 187,
          "FutureClickCount_4800-app-cha": 455,
          "FutureClickCount_4800-ip-app-cha": 126,
          "FutureClickCount_4800-dev-cha": 178,
          "FutureClickCount_4800-ip-dev-cha": 161,
          "FutureClickCount_4800-app-dev-cha": 239,
          "FutureClickCount_4800-ip-app-dev-cha": 127,
          "FutureClickCount_4800-os-cha": 307,
          "FutureClickCount_4800-ip-os-cha": 110,
          "FutureClickCount_4800-app-os-cha": 334,
          "FutureClickCount_4800-ip-app-os-cha": 109,
          "FutureClickCount_4800-dev-os-cha": 317,
          "FutureClickCount_4800-ip-dev-os-cha": 75,
          "FutureClickCount_4800-app-dev-os-cha": 315,
          "FutureClickCount_4800-ip-app-dev-os-cha": 105,
          "NextClickTimeDelta-ip": 645,
          "NextClickTimeDelta-app": 93,
          "NextClickTimeDelta-ip-app": 856,
          "NextClickTimeDelta-dev": 49,
          "NextClickTimeDelta-ip-dev": 455,
          "NextClickTimeDelta-app-dev": 85,
          "NextClickTimeDelta-ip-app-dev": 495,
          "NextClickTimeDelta-os": 92,
          "NextClickTimeDelta-ip-os": 543,
          "NextClickTimeDelta-app-os": 171,
          "NextClickTimeDelta-ip-app-os": 1319,
          "NextClickTimeDelta-dev-os": 85,
          "NextClickTimeDelta-ip-dev-os": 431,
          "NextClickTimeDelta-app-dev-os": 146,
          "NextClickTimeDelta-ip-app-dev-os": 2310,
          "NextClickTimeDelta-cha": 109,
          "NextClickTimeDelta-ip-cha": 521,
          "NextClickTimeDelta-app-cha": 186,
          "NextClickTimeDelta-ip-app-cha": 409,
          "NextClickTimeDelta-dev-cha": 100,
          "NextClickTimeDelta-ip-dev-cha": 362,
          "NextClickTimeDelta-app-dev-cha": 125,
          "NextClickTimeDelta-ip-app-dev-cha": 332,
          "NextClickTimeDelta-os-cha": 251,
          "NextClickTimeDelta-ip-os-cha": 314,
          "NextClickTimeDelta-app-os-cha": 299,
          "NextClickTimeDelta-ip-app-os-cha": 439,
          "NextClickTimeDelta-dev-os-cha": 213,
          "NextClickTimeDelta-ip-dev-os-cha": 309,
          "NextClickTimeDelta-app-dev-os-cha": 239,
          "NextClickTimeDelta-ip-app-dev-os-cha": 505,
          "PrevClickTimeDelta-ip": 533,
          "PrevClickTimeDelta-app": 104,
          "PrevClickTimeDelta-ip-app": 437,
          "PrevClickTimeDelta-dev": 59,
          "PrevClickTimeDelta-ip-dev": 322,
          "PrevClickTimeDelta-app-dev": 88,
          "PrevClickTimeDelta-ip-app-dev": 256,
          "PrevClickTimeDelta-os": 121,
          "PrevClickTimeDelta-ip-os": 476,
          "PrevClickTimeDelta-app-os": 158,
          "PrevClickTimeDelta-ip-app-os": 372,
          "PrevClickTimeDelta-dev-os": 51,
          "PrevClickTimeDelta-ip-dev-os": 312,
          "PrevClickTimeDelta-app-dev-os": 153,
          "PrevClickTimeDelta-ip-app-dev-os": 300,
          "PrevClickTimeDelta-cha": 114,
          "PrevClickTimeDelta-ip-cha": 306,
          "PrevClickTimeDelta-app-cha": 143,
          "PrevClickTimeDelta-ip-app-cha": 275,
          "PrevClickTimeDelta-dev-cha": 103,
          "PrevClickTimeDelta-ip-dev-cha": 247,
          "PrevClickTimeDelta-app-dev-cha": 109,
          "PrevClickTimeDelta-ip-app-dev-cha": 256,
          "PrevClickTimeDelta-os-cha": 217,
          "PrevClickTimeDelta-ip-os-cha": 239,
          "PrevClickTimeDelta-app-os-cha": 236,
          "PrevClickTimeDelta-ip-app-os-cha": 204,
          "PrevClickTimeDelta-dev-os-cha": 171,
          "PrevClickTimeDelta-ip-dev-os-cha": 184,
          "PrevClickTimeDelta-app-dev-os-cha": 230,
          "PrevClickTimeDelta-ip-app-dev-os-cha": 163,
          "AverageAttributedRatio-ip": 465,
          "AverageAttributedRatio-app": 348,
          "AverageAttributedRatio-ip-app": 345,
          "AverageAttributedRatio-dev": 585,
          "AverageAttributedRatio-ip-dev": 427,
          "AverageAttributedRatio-app-dev": 304,
          "AverageAttributedRatio-ip-app-dev": 396,
          "AverageAttributedRatio-os": 342,
          "AverageAttributedRatio-ip-os": 276,
          "AverageAttributedRatio-app-os": 285,
          "AverageAttributedRatio-ip-app-os": 128,
          "AverageAttributedRatio-dev-os": 339,
          "AverageAttributedRatio-ip-dev-os": 299,
          "AverageAttributedRatio-app-dev-os": 358,
          "AverageAttributedRatio-ip-app-dev-os": 111,
          "AverageAttributedRatio-cha": 274,
          "AverageAttributedRatio-ip-cha": 162,
          "AverageAttributedRatio-app-cha": 284,
          "AverageAttributedRatio-ip-app-cha": 132,
          "AverageAttributedRatio-dev-cha": 184,
          "AverageAttributedRatio-ip-dev-cha": 143,
          "AverageAttributedRatio-app-dev-cha": 244,
          "AverageAttributedRatio-ip-app-dev-cha": 106,
          "AverageAttributedRatio-os-cha": 248,
          "AverageAttributedRatio-ip-os-cha": 56,
          "AverageAttributedRatio-app-os-cha": 326,
          "AverageAttributedRatio-ip-app-os-cha": 54,
          "AverageAttributedRatio-dev-os-cha": 279,
          "AverageAttributedRatio-ip-dev-os-cha": 50,
          "AverageAttributedRatio-app-dev-os-cha": 322,
          "AverageAttributedRatio-ip-app-dev-os-cha": 41,
          "KomakiLDA5NoDevice-ip-app-0": 898,
          "KomakiLDA5NoDevice-ip-app-1": 930,
          "KomakiLDA5NoDevice-ip-app-2": 963,
          "KomakiLDA5NoDevice-ip-app-3": 642,
          "KomakiLDA5NoDevice-ip-app-4": 503,
          "KomakiLDA5NoDevice-ip-os-0": 796,
          "KomakiLDA5NoDevice-ip-os-1": 878,
          "KomakiLDA5NoDevice-ip-os-2": 604,
          "KomakiLDA5NoDevice-ip-os-3": 744,
          "KomakiLDA5NoDevice-ip-os-4": 772,
          "KomakiLDA5NoDevice-ip-channel-0": 827,
          "KomakiLDA5NoDevice-ip-channel-1": 706,
          "KomakiLDA5NoDevice-ip-channel-2": 956,
          "KomakiLDA5NoDevice-ip-channel-3": 993,
          "KomakiLDA5NoDevice-ip-channel-4": 1017,
          "KomakiLDA5NoDevice-app-ip-0": 192,
          "KomakiLDA5NoDevice-app-ip-1": 150,
          "KomakiLDA5NoDevice-app-ip-2": 128,
          "KomakiLDA5NoDevice-app-ip-3": 163,
          "KomakiLDA5NoDevice-app-ip-4": 118,
          "KomakiLDA5NoDevice-app-os-0": 100,
          "KomakiLDA5NoDevice-app-os-1": 124,
          "KomakiLDA5NoDevice-app-os-2": 104,
          "KomakiLDA5NoDevice-app-os-3": 83,
          "KomakiLDA5NoDevice-app-os-4": 143,
          "KomakiLDA5NoDevice-app-channel-0": 97,
          "KomakiLDA5NoDevice-app-channel-1": 163,
          "KomakiLDA5NoDevice-app-channel-2": 148,
          "KomakiLDA5NoDevice-app-channel-3": 150,
          "KomakiLDA5NoDevice-app-channel-4": 94,
          "KomakiLDA5NoDevice-os-ip-0": 175,
          "KomakiLDA5NoDevice-os-ip-1": 142,
          "KomakiLDA5NoDevice-os-ip-2": 151,
          "KomakiLDA5NoDevice-os-ip-3": 131,
          "KomakiLDA5NoDevice-os-ip-4": 164,
          "KomakiLDA5NoDevice-os-app-0": 261,
          "KomakiLDA5NoDevice-os-app-1": 187,
          "KomakiLDA5NoDevice-os-app-2": 95,
          "KomakiLDA5NoDevice-os-app-3": 174,
          "KomakiLDA5NoDevice-os-app-4": 70,
          "KomakiLDA5NoDevice-os-channel-0": 154,
          "KomakiLDA5NoDevice-os-channel-1": 89,
          "KomakiLDA5NoDevice-os-channel-2": 160,
          "KomakiLDA5NoDevice-os-channel-3": 223,
          "KomakiLDA5NoDevice-os-channel-4": 148,
          "KomakiLDA5NoDevice-channel-ip-0": 136,
          "KomakiLDA5NoDevice-channel-ip-1": 142,
          "KomakiLDA5NoDevice-channel-ip-2": 105,
          "KomakiLDA5NoDevice-channel-ip-3": 143,
          "KomakiLDA5NoDevice-channel-ip-4": 114,
          "KomakiLDA5NoDevice-channel-app-0": 129,
          "KomakiLDA5NoDevice-channel-app-1": 109,
          "KomakiLDA5NoDevice-channel-app-2": 98,
          "KomakiLDA5NoDevice-channel-app-3": 121,
          "KomakiLDA5NoDevice-channel-app-4": 116,
          "KomakiLDA5NoDevice-channel-os-0": 133,
          "KomakiLDA5NoDevice-channel-os-1": 134,
          "KomakiLDA5NoDevice-channel-os-2": 158,
          "KomakiLDA5NoDevice-channel-os-3": 142,
          "KomakiLDA5NoDevice-channel-os-4": 114,
          "KomakiNMF5NoDevice-ip-app-0": 521,
          "KomakiNMF5NoDevice-ip-app-1": 894,
          "KomakiNMF5NoDevice-ip-app-2": 667,
          "KomakiNMF5NoDevice-ip-app-3": 453,
          "KomakiNMF5NoDevice-ip-app-4": 669,
          "KomakiNMF5NoDevice-ip-os-0": 817,
          "KomakiNMF5NoDevice-ip-os-1": 711,
          "KomakiNMF5NoDevice-ip-os-2": 655,
          "KomakiNMF5NoDevice-ip-os-3": 654,
          "KomakiNMF5NoDevice-ip-os-4": 648,
          "KomakiNMF5NoDevice-ip-channel-0": 568,
          "KomakiNMF5NoDevice-ip-channel-1": 1119,
          "KomakiNMF5NoDevice-ip-channel-2": 601,
          "KomakiNMF5NoDevice-ip-channel-3": 799,
          "KomakiNMF5NoDevice-ip-channel-4": 676,
          "KomakiNMF5NoDevice-app-ip-0": 80,
          "KomakiNMF5NoDevice-app-ip-1": 106,
          "KomakiNMF5NoDevice-app-ip-2": 86,
          "KomakiNMF5NoDevice-app-ip-3": 105,
          "KomakiNMF5NoDevice-app-ip-4": 58,
          "KomakiNMF5NoDevice-app-os-0": 47,
          "KomakiNMF5NoDevice-app-os-1": 68,
          "KomakiNMF5NoDevice-app-os-2": 58,
          "KomakiNMF5NoDevice-app-os-3": 34,
          "KomakiNMF5NoDevice-app-os-4": 45,
          "KomakiNMF5NoDevice-app-channel-0": 71,
          "KomakiNMF5NoDevice-app-channel-1": 73,
          "KomakiNMF5NoDevice-app-channel-2": 81,
          "KomakiNMF5NoDevice-app-channel-3": 99,
          "KomakiNMF5NoDevice-app-channel-4": 65,
          "KomakiNMF5NoDevice-os-ip-0": 87,
          "KomakiNMF5NoDevice-os-ip-1": 83,
          "KomakiNMF5NoDevice-os-ip-2": 90,
          "KomakiNMF5NoDevice-os-ip-3": 94,
          "KomakiNMF5NoDevice-os-ip-4": 89,
          "KomakiNMF5NoDevice-os-app-0": 44,
          "KomakiNMF5NoDevice-os-app-1": 0,
          "KomakiNMF5NoDevice-os-app-2": 67,
          "KomakiNMF5NoDevice-os-app-3": 116,
          "KomakiNMF5NoDevice-os-app-4": 56,
          "KomakiNMF5NoDevice-os-channel-0": 133,
          "KomakiNMF5NoDevice-os-channel-1": 83,
          "KomakiNMF5NoDevice-os-channel-2": 148,
          "KomakiNMF5NoDevice-os-channel-3": 117,
          "KomakiNMF5NoDevice-os-channel-4": 113,
          "KomakiNMF5NoDevice-channel-ip-0": 140,
          "KomakiNMF5NoDevice-channel-ip-1": 79,
          "KomakiNMF5NoDevice-channel-ip-2": 107,
          "KomakiNMF5NoDevice-channel-ip-3": 139,
          "KomakiNMF5NoDevice-channel-ip-4": 121,
          "KomakiNMF5NoDevice-channel-app-0": 70,
          "KomakiNMF5NoDevice-channel-app-1": 29,
          "KomakiNMF5NoDevice-channel-app-2": 57,
          "KomakiNMF5NoDevice-channel-app-3": 51,
          "KomakiNMF5NoDevice-channel-app-4": 66,
          "KomakiNMF5NoDevice-channel-os-0": 135,
          "KomakiNMF5NoDevice-channel-os-1": 33,
          "KomakiNMF5NoDevice-channel-os-2": 118,
          "KomakiNMF5NoDevice-channel-os-3": 62,
          "KomakiNMF5NoDevice-channel-os-4": 138,
          "KomakiPCA5NoDevice-ip-app-0": 848,
          "KomakiPCA5NoDevice-ip-app-1": 682,
          "KomakiPCA5NoDevice-ip-app-2": 711,
          "KomakiPCA5NoDevice-ip-app-3": 527,
          "KomakiPCA5NoDevice-ip-app-4": 751,
          "KomakiPCA5NoDevice-ip-os-0": 958,
          "KomakiPCA5NoDevice-ip-os-1": 575,
          "KomakiPCA5NoDevice-ip-os-2": 579,
          "KomakiPCA5NoDevice-ip-os-3": 565,
          "KomakiPCA5NoDevice-ip-os-4": 724,
          "KomakiPCA5NoDevice-ip-channel-0": 874,
          "KomakiPCA5NoDevice-ip-channel-1": 691,
          "KomakiPCA5NoDevice-ip-channel-2": 670,
          "KomakiPCA5NoDevice-ip-channel-3": 662,
          "KomakiPCA5NoDevice-ip-channel-4": 704,
          "KomakiPCA5NoDevice-app-ip-0": 55,
          "KomakiPCA5NoDevice-app-ip-1": 55,
          "KomakiPCA5NoDevice-app-ip-2": 83,
          "KomakiPCA5NoDevice-app-ip-3": 98,
          "KomakiPCA5NoDevice-app-ip-4": 63,
          "KomakiPCA5NoDevice-app-os-0": 100,
          "KomakiPCA5NoDevice-app-os-1": 59,
          "KomakiPCA5NoDevice-app-os-2": 89,
          "KomakiPCA5NoDevice-app-os-3": 76,
          "KomakiPCA5NoDevice-app-os-4": 108,
          "KomakiPCA5NoDevice-app-channel-0": 67,
          "KomakiPCA5NoDevice-app-channel-1": 91,
          "KomakiPCA5NoDevice-app-channel-2": 75,
          "KomakiPCA5NoDevice-app-channel-3": 93,
          "KomakiPCA5NoDevice-app-channel-4": 96,
          "KomakiPCA5NoDevice-os-ip-0": 40,
          "KomakiPCA5NoDevice-os-ip-1": 84,
          "KomakiPCA5NoDevice-os-ip-2": 93,
          "KomakiPCA5NoDevice-os-ip-3": 121,
          "KomakiPCA5NoDevice-os-ip-4": 89,
          "KomakiPCA5NoDevice-os-app-0": 96,
          "KomakiPCA5NoDevice-os-app-1": 72,
          "KomakiPCA5NoDevice-os-app-2": 57,
          "KomakiPCA5NoDevice-os-app-3": 122,
          "KomakiPCA5NoDevice-os-app-4": 137,
          "KomakiPCA5NoDevice-os-channel-0": 112,
          "KomakiPCA5NoDevice-os-channel-1": 133,
          "KomakiPCA5NoDevice-os-channel-2": 87,
          "KomakiPCA5NoDevice-os-channel-3": 70,
          "KomakiPCA5NoDevice-os-channel-4": 85,
          "KomakiPCA5NoDevice-channel-ip-0": 115,
          "KomakiPCA5NoDevice-channel-ip-1": 96,
          "KomakiPCA5NoDevice-channel-ip-2": 105,
          "KomakiPCA5NoDevice-channel-ip-3": 111,
          "KomakiPCA5NoDevice-channel-ip-4": 131,
          "KomakiPCA5NoDevice-channel-app-0": 90,
          "KomakiPCA5NoDevice-channel-app-1": 78,
          "KomakiPCA5NoDevice-channel-app-2": 78,
          "KomakiPCA5NoDevice-channel-app-3": 68,
          "KomakiPCA5NoDevice-channel-app-4": 66,
          "KomakiPCA5NoDevice-channel-os-0": 94,
          "KomakiPCA5NoDevice-channel-os-1": 75,
          "KomakiPCA5NoDevice-channel-os-2": 74,
          "KomakiPCA5NoDevice-channel-os-3": 92,
          "KomakiPCA5NoDevice-channel-os-4": 94,
          "ItemUserLDA_0": 54,
          "ItemUserLDA_1": 39,
          "ItemUserLDA_2": 15,
          "ItemUserLDA_3": 47,
          "ItemUserLDA_4": 2,
          "ItemUserLDA_5": 43,
          "ItemUserLDA_6": 1,
          "ItemUserLDA_7": 1,
          "ItemUserLDA_8": 24,
          "ItemUserLDA_9": 7,
          "ItemUserLDA_10": 75,
          "ItemUserLDA_11": 2,
          "ItemUserLDA_12": 2,
          "ItemUserLDA_13": 34,
          "ItemUserLDA_14": 41,
          "ItemUserLDA_15": 38,
          "ItemUserLDA_16": 52,
          "ItemUserLDA_17": 36,
          "ItemUserLDA_18": 14,
          "ItemUserLDA_19": 37,
          "ItemUserLDA_20": 26,
          "ItemUserLDA_21": 9,
          "ItemUserLDA_22": 0,
          "ItemUserLDA_23": 30,
          "ItemUserLDA_24": 101,
          "ItemUserLDA_25": 19,
          "ItemUserLDA_26": 44,
          "ItemUserLDA_27": 76,
          "ItemUserLDA_28": 0,
          "ItemUserLDA_29": 36,
          "UserItemLDA_0": 224,
          "UserItemLDA_1": 109,
          "UserItemLDA_2": 79,
          "UserItemLDA_3": 41,
          "UserItemLDA_4": 172,
          "UserItemLDA_5": 33,
          "UserItemLDA_6": 47,
          "UserItemLDA_7": 43,
          "UserItemLDA_8": 55,
          "UserItemLDA_9": 172,
          "UserItemLDA_10": 79,
          "UserItemLDA_11": 46,
          "UserItemLDA_12": 153,
          "UserItemLDA_13": 182,
          "UserItemLDA_14": 86,
          "UserItemLDA_15": 55,
          "UserItemLDA_16": 44,
          "UserItemLDA_17": 84,
          "UserItemLDA_18": 85,
          "UserItemLDA_19": 86,
          "UserItemLDA_20": 87,
          "UserItemLDA_21": 254,
          "UserItemLDA_22": 167,
          "UserItemLDA_23": 101,
          "UserItemLDA_24": 60,
          "UserItemLDA_25": 13,
          "UserItemLDA_26": 25,
          "UserItemLDA_27": 82,
          "UserItemLDA_28": 67,
          "UserItemLDA_29": 1
        }
      },
      {
        "train_auc": 0.993963265896414,
        "valid_auc": 0.9844882843047719,
        "best_iteration": 544,
        "train_time": 526.9855337142944,
        "feature_importance": {
          "os": 2627,
          "app": 2389,
          "channel": 4928,
          "hour": 3688,
          "n_channels": 847,
          "ip_app_count": 830,
          "ip_app_os_count": 917,
          "FutureClickCount_600-ip": 446,
          "FutureClickCount_600-app": 354,
          "FutureClickCount_600-ip-app": 164,
          "FutureClickCount_600-dev": 263,
          "FutureClickCount_600-ip-dev": 439,
          "FutureClickCount_600-app-dev": 342,
          "FutureClickCount_600-ip-app-dev": 135,
          "FutureClickCount_600-os": 253,
          "FutureClickCount_600-ip-os": 343,
          "FutureClickCount_600-app-os": 386,
          "FutureClickCount_600-ip-app-os": 215,
          "FutureClickCount_600-dev-os": 549,
          "FutureClickCount_600-ip-dev-os": 303,
          "FutureClickCount_600-app-dev-os": 513,
          "FutureClickCount_600-ip-app-dev-os": 315,
          "FutureClickCount_600-cha": 371,
          "FutureClickCount_600-ip-cha": 103,
          "FutureClickCount_600-app-cha": 519,
          "FutureClickCount_600-ip-app-cha": 70,
          "FutureClickCount_600-dev-cha": 288,
          "FutureClickCount_600-ip-dev-cha": 101,
          "FutureClickCount_600-app-dev-cha": 298,
          "FutureClickCount_600-ip-app-dev-cha": 76,
          "FutureClickCount_600-os-cha": 239,
          "FutureClickCount_600-ip-os-cha": 76,
          "FutureClickCount_600-app-os-cha": 273,
          "FutureClickCount_600-ip-app-os-cha": 77,
          "FutureClickCount_600-dev-os-cha": 287,
          "FutureClickCount_600-ip-dev-os-cha": 88,
          "FutureClickCount_600-app-dev-os-cha": 278,
          "FutureClickCount_600-ip-app-dev-os-cha": 88,
          "FutureClickCount_4800-ip": 689,
          "FutureClickCount_4800-app": 271,
          "FutureClickCount_4800-ip-app": 252,
          "FutureClickCount_4800-dev": 73,
          "FutureClickCount_4800-ip-dev": 1039,
          "FutureClickCount_4800-app-dev": 168,
          "FutureClickCount_4800-ip-app-dev": 208,
          "FutureClickCount_4800-os": 156,
          "FutureClickCount_4800-ip-os": 461,
          "FutureClickCount_4800-app-os": 260,
          "FutureClickCount_4800-ip-app-os": 283,
          "FutureClickCount_4800-dev-os": 235,
          "FutureClickCount_4800-ip-dev-os": 664,
          "FutureClickCount_4800-app-dev-os": 432,
          "FutureClickCount_4800-ip-app-dev-os": 349,
          "FutureClickCount_4800-cha": 270,
          "FutureClickCount_4800-ip-cha": 169,
          "FutureClickCount_4800-app-cha": 434,
          "FutureClickCount_4800-ip-app-cha": 135,
          "FutureClickCount_4800-dev-cha": 203,
          "FutureClickCount_4800-ip-dev-cha": 177,
          "FutureClickCount_4800-app-dev-cha": 222,
          "FutureClickCount_4800-ip-app-dev-cha": 111,
          "FutureClickCount_4800-os-cha": 252,
          "FutureClickCount_4800-ip-os-cha": 93,
          "FutureClickCount_4800-app-os-cha": 273,
          "FutureClickCount_4800-ip-app-os-cha": 91,
          "FutureClickCount_4800-dev-os-cha": 300,
          "FutureClickCount_4800-ip-dev-os-cha": 87,
          "FutureClickCount_4800-app-dev-os-cha": 309,
          "FutureClickCount_4800-ip-app-dev-os-cha": 98,
          "NextClickTimeDelta-ip": 550,
          "NextClickTimeDelta-app": 99,
          "NextClickTimeDelta-ip-app": 781,
          "NextClickTimeDelta-dev": 55,
          "NextClickTimeDelta-ip-dev": 502,
          "NextClickTimeDelta-app-dev": 69,
          "NextClickTimeDelta-ip-app-dev": 522,
          "NextClickTimeDelta-os": 64,
          "NextClickTimeDelta-ip-os": 486,
          "NextClickTimeDelta-app-os": 159,
          "NextClickTimeDelta-ip-app-os": 1323,
          "NextClickTimeDelta-dev-os": 95,
          "NextClickTimeDelta-ip-dev-os": 396,
          "NextClickTimeDelta-app-dev-os": 156,
          "NextClickTimeDelta-ip-app-dev-os": 2249,
          "NextClickTimeDelta-cha": 100,
          "NextClickTimeDelta-ip-cha": 421,
          "NextClickTimeDelta-app-cha": 159,
          "NextClickTimeDelta-ip-app-cha": 396,
          "NextClickTimeDelta-dev-cha": 102,
          "NextClickTimeDelta-ip-dev-cha": 341,
          "NextClickTimeDelta-app-dev-cha": 142,
          "NextClickTimeDelta-ip-app-dev-cha": 317,
          "NextClickTimeDelta-os-cha": 201,
          "NextClickTimeDelta-ip-os-cha": 285,
          "NextClickTimeDelta-app-os-cha": 259,
          "NextClickTimeDelta-ip-app-os-cha": 429,
          "NextClickTimeDelta-dev-os-cha": 164,
          "NextClickTimeDelta-ip-dev-os-cha": 271,
          "NextClickTimeDelta-app-dev-os-cha": 238,
          "NextClickTimeDelta-ip-app-dev-os-cha": 494,
          "PrevClickTimeDelta-ip": 471,
          "PrevClickTimeDelta-app": 88,
          "PrevClickTimeDelta-ip-app": 368,
          "PrevClickTimeDelta-dev": 61,
          "PrevClickTimeDelta-ip-dev": 341,
          "PrevClickTimeDelta-app-dev": 69,
          "PrevClickTimeDelta-ip-app-dev": 219,
          "PrevClickTimeDelta-os": 64,
          "PrevClickTimeDelta-ip-os": 439,
          "PrevClickTimeDelta-app-os": 142,
          "PrevClickTimeDelta-ip-app-os": 360,
          "PrevClickTimeDelta-dev-os": 86,
          "PrevClickTimeDelta-ip-dev-os": 248,
          "PrevClickTimeDelta-app-dev-os": 146,
          "PrevClickTimeDelta-ip-app-dev-os": 259,
          "PrevClickTimeDelta-cha": 100,
          "PrevClickTimeDelta-ip-cha": 326,
          "PrevClickTimeDelta-app-cha": 153,
          "PrevClickTimeDelta-ip-app-cha": 255,
          "PrevClickTimeDelta-dev-cha": 103,
          "PrevClickTimeDelta-ip-dev-cha": 237,
          "PrevClickTimeDelta-app-dev-cha": 103,
          "PrevClickTimeDelta-ip-app-dev-cha": 186,
          "PrevClickTimeDelta-os-cha": 168,
          "PrevClickTimeDelta-ip-os-cha": 196,
          "PrevClickTimeDelta-app-os-cha": 229,
          "PrevClickTimeDelta-ip-app-os-cha": 190,
          "PrevClickTimeDelta-dev-os-cha": 138,
          "PrevClickTimeDelta-ip-dev-os-cha": 156,
          "PrevClickTimeDelta-app-dev-os-cha": 193,
          "PrevClickTimeDelta-ip-app-dev-os-cha": 136,
          "AverageAttributedRatio-ip": 401,
          "AverageAttributedRatio-app": 256,
          "AverageAttributedRatio-ip-app": 304,
          "AverageAttributedRatio-dev": 520,
          "AverageAttributedRatio-ip-dev": 421,
          "AverageAttributedRatio-app-dev": 254,
          "AverageAttributedRatio-ip-app-dev": 395,
          "AverageAttributedRatio-os": 340,
          "AverageAttributedRatio-ip-os": 226,
          "AverageAttributedRatio-app-os": 282,
          "AverageAttributedRatio-ip-app-os": 111,
          "AverageAttributedRatio-dev-os": 293,
          "AverageAttributedRatio-ip-dev-os": 282,
          "AverageAttributedRatio-app-dev-os": 343,
          "AverageAttributedRatio-ip-app-dev-os": 82,
          "AverageAttributedRatio-cha": 252,
          "AverageAttributedRatio-ip-cha": 129,
          "AverageAttributedRatio-app-cha": 237,
          "AverageAttributedRatio-ip-app-cha": 120,
          "AverageAttributedRatio-dev-cha": 154,
          "AverageAttributedRatio-ip-dev-cha": 131,
          "AverageAttributedRatio-app-dev-cha": 229,
          "AverageAttributedRatio-ip-app-dev-cha": 92,
          "AverageAttributedRatio-os-cha": 244,
          "AverageAttributedRatio-ip-os-cha": 55,
          "AverageAttributedRatio-app-os-cha": 319,
          "AverageAttributedRatio-ip-app-os-cha": 46,
          "AverageAttributedRatio-dev-os-cha": 273,
          "AverageAttributedRatio-ip-dev-os-cha": 59,
          "AverageAttributedRatio-app-dev-os-cha": 358,
          "AverageAttributedRatio-ip-app-dev-os-cha": 52,
          "KomakiLDA5NoDevice-ip-app-0": 837,
          "KomakiLDA5NoDevice-ip-app-1": 906,
          "KomakiLDA5NoDevice-ip-app-2": 901,
          "KomakiLDA5NoDevice-ip-app-3": 583,
          "KomakiLDA5NoDevice-ip-app-4": 517,
          "KomakiLDA5NoDevice-ip-os-0": 778,
          "KomakiLDA5NoDevice-ip-os-1": 845,
          "KomakiLDA5NoDevice-ip-os-2": 546,
          "KomakiLDA5NoDevice-ip-os-3": 677,
          "KomakiLDA5NoDevice-ip-os-4": 770,
          "KomakiLDA5NoDevice-ip-channel-0": 776,
          "KomakiLDA5NoDevice-ip-channel-1": 677,
          "KomakiLDA5NoDevice-ip-channel-2": 961,
          "KomakiLDA5NoDevice-ip-channel-3": 816,
          "KomakiLDA5NoDevice-ip-channel-4": 918,
          "KomakiLDA5NoDevice-app-ip-0": 187,
          "KomakiLDA5NoDevice-app-ip-1": 119,
          "KomakiLDA5NoDevice-app-ip-2": 157,
          "KomakiLDA5NoDevice-app-ip-3": 161,
          "KomakiLDA5NoDevice-app-ip-4": 91,
          "KomakiLDA5NoDevice-app-os-0": 108,
          "KomakiLDA5NoDevice-app-os-1": 129,
          "KomakiLDA5NoDevice-app-os-2": 95,
          "KomakiLDA5NoDevice-app-os-3": 64,
          "KomakiLDA5NoDevice-app-os-4": 119,
          "KomakiLDA5NoDevice-app-channel-0": 96,
          "KomakiLDA5NoDevice-app-channel-1": 124,
          "KomakiLDA5NoDevice-app-channel-2": 143,
          "KomakiLDA5NoDevice-app-channel-3": 147,
          "KomakiLDA5NoDevice-app-channel-4": 90,
          "KomakiLDA5NoDevice-os-ip-0": 198,
          "KomakiLDA5NoDevice-os-ip-1": 149,
          "KomakiLDA5NoDevice-os-ip-2": 143,
          "KomakiLDA5NoDevice-os-ip-3": 145,
          "KomakiLDA5NoDevice-os-ip-4": 177,
          "KomakiLDA5NoDevice-os-app-0": 222,
          "KomakiLDA5NoDevice-os-app-1": 167,
          "KomakiLDA5NoDevice-os-app-2": 72,
          "KomakiLDA5NoDevice-os-app-3": 161,
          "KomakiLDA5NoDevice-os-app-4": 72,
          "KomakiLDA5NoDevice-os-channel-0": 143,
          "KomakiLDA5NoDevice-os-channel-1": 103,
          "KomakiLDA5NoDevice-os-channel-2": 127,
          "KomakiLDA5NoDevice-os-channel-3": 193,
          "KomakiLDA5NoDevice-os-channel-4": 109,
          "KomakiLDA5NoDevice-channel-ip-0": 116,
          "KomakiLDA5NoDevice-channel-ip-1": 163,
          "KomakiLDA5NoDevice-channel-ip-2": 107,
          "KomakiLDA5NoDevice-channel-ip-3": 160,
          "KomakiLDA5NoDevice-channel-ip-4": 118,
          "KomakiLDA5NoDevice-channel-app-0": 119,
          "KomakiLDA5NoDevice-channel-app-1": 87,
          "KomakiLDA5NoDevice-channel-app-2": 110,
          "KomakiLDA5NoDevice-channel-app-3": 101,
          "KomakiLDA5NoDevice-channel-app-4": 123,
          "KomakiLDA5NoDevice-channel-os-0": 123,
          "KomakiLDA5NoDevice-channel-os-1": 143,
          "KomakiLDA5NoDevice-channel-os-2": 142,
          "KomakiLDA5NoDevice-channel-os-3": 120,
          "KomakiLDA5NoDevice-channel-os-4": 113,
          "KomakiNMF5NoDevice-ip-app-0": 540,
          "KomakiNMF5NoDevice-ip-app-1": 868,
          "KomakiNMF5NoDevice-ip-app-2": 628,
          "KomakiNMF5NoDevice-ip-app-3": 461,
          "KomakiNMF5NoDevice-ip-app-4": 569,
          "KomakiNMF5NoDevice-ip-os-0": 736,
          "KomakiNMF5NoDevice-ip-os-1": 672,
          "KomakiNMF5NoDevice-ip-os-2": 572,
          "KomakiNMF5NoDevice-ip-os-3": 649,
          "KomakiNMF5NoDevice-ip-os-4": 579,
          "KomakiNMF5NoDevice-ip-channel-0": 559,
          "KomakiNMF5NoDevice-ip-channel-1": 973,
          "KomakiNMF5NoDevice-ip-channel-2": 578,
          "KomakiNMF5NoDevice-ip-channel-3": 744,
          "KomakiNMF5NoDevice-ip-channel-4": 589,
          "KomakiNMF5NoDevice-app-ip-0": 63,
          "KomakiNMF5NoDevice-app-ip-1": 109,
          "KomakiNMF5NoDevice-app-ip-2": 101,
          "KomakiNMF5NoDevice-app-ip-3": 108,
          "KomakiNMF5NoDevice-app-ip-4": 45,
          "KomakiNMF5NoDevice-app-os-0": 24,
          "KomakiNMF5NoDevice-app-os-1": 88,
          "KomakiNMF5NoDevice-app-os-2": 75,
          "KomakiNMF5NoDevice-app-os-3": 29,
          "KomakiNMF5NoDevice-app-os-4": 48,
          "KomakiNMF5NoDevice-app-channel-0": 66,
          "KomakiNMF5NoDevice-app-channel-1": 75,
          "KomakiNMF5NoDevice-app-channel-2": 87,
          "KomakiNMF5NoDevice-app-channel-3": 105,
          "KomakiNMF5NoDevice-app-channel-4": 48,
          "KomakiNMF5NoDevice-os-ip-0": 71,
          "KomakiNMF5NoDevice-os-ip-1": 92,
          "KomakiNMF5NoDevice-os-ip-2": 84,
          "KomakiNMF5NoDevice-os-ip-3": 86,
          "KomakiNMF5NoDevice-os-ip-4": 84,
          "KomakiNMF5NoDevice-os-app-0": 58,
          "KomakiNMF5NoDevice-os-app-1": 2,
          "KomakiNMF5NoDevice-os-app-2": 73,
          "KomakiNMF5NoDevice-os-app-3": 122,
          "KomakiNMF5NoDevice-os-app-4": 57,
          "KomakiNMF5NoDevice-os-channel-0": 135,
          "KomakiNMF5NoDevice-os-channel-1": 72,
          "KomakiNMF5NoDevice-os-channel-2": 168,
          "KomakiNMF5NoDevice-os-channel-3": 82,
          "KomakiNMF5NoDevice-os-channel-4": 94,
          "KomakiNMF5NoDevice-channel-ip-0": 114,
          "KomakiNMF5NoDevice-channel-ip-1": 94,
          "KomakiNMF5NoDevice-channel-ip-2": 109,
          "KomakiNMF5NoDevice-channel-ip-3": 115,
          "KomakiNMF5NoDevice-channel-ip-4": 90,
          "KomakiNMF5NoDevice-channel-app-0": 72,
          "KomakiNMF5NoDevice-channel-app-1": 26,
          "KomakiNMF5NoDevice-channel-app-2": 51,
          "KomakiNMF5NoDevice-channel-app-3": 47,
          "KomakiNMF5NoDevice-channel-app-4": 77,
          "KomakiNMF5NoDevice-channel-os-0": 117,
          "KomakiNMF5NoDevice-channel-os-1": 30,
          "KomakiNMF5NoDevice-channel-os-2": 129,
          "KomakiNMF5NoDevice-channel-os-3": 55,
          "KomakiNMF5NoDevice-channel-os-4": 129,
          "KomakiPCA5NoDevice-ip-app-0": 784,
          "KomakiPCA5NoDevice-ip-app-1": 663,
          "KomakiPCA5NoDevice-ip-app-2": 607,
          "KomakiPCA5NoDevice-ip-app-3": 445,
          "KomakiPCA5NoDevice-ip-app-4": 687,
          "KomakiPCA5NoDevice-ip-os-0": 921,
          "KomakiPCA5NoDevice-ip-os-1": 566,
          "KomakiPCA5NoDevice-ip-os-2": 586,
          "KomakiPCA5NoDevice-ip-os-3": 507,
          "KomakiPCA5NoDevice-ip-os-4": 665,
          "KomakiPCA5NoDevice-ip-channel-0": 920,
          "KomakiPCA5NoDevice-ip-channel-1": 713,
          "KomakiPCA5NoDevice-ip-channel-2": 658,
          "KomakiPCA5NoDevice-ip-channel-3": 628,
          "KomakiPCA5NoDevice-ip-channel-4": 658,
          "KomakiPCA5NoDevice-app-ip-0": 70,
          "KomakiPCA5NoDevice-app-ip-1": 44,
          "KomakiPCA5NoDevice-app-ip-2": 65,
          "KomakiPCA5NoDevice-app-ip-3": 114,
          "KomakiPCA5NoDevice-app-ip-4": 57,
          "KomakiPCA5NoDevice-app-os-0": 80,
          "KomakiPCA5NoDevice-app-os-1": 60,
          "KomakiPCA5NoDevice-app-os-2": 107,
          "KomakiPCA5NoDevice-app-os-3": 84,
          "KomakiPCA5NoDevice-app-os-4": 98,
          "KomakiPCA5NoDevice-app-channel-0": 62,
          "KomakiPCA5NoDevice-app-channel-1": 99,
          "KomakiPCA5NoDevice-app-channel-2": 81,
          "KomakiPCA5NoDevice-app-channel-3": 117,
          "KomakiPCA5NoDevice-app-channel-4": 81,
          "KomakiPCA5NoDevice-os-ip-0": 39,
          "KomakiPCA5NoDevice-os-ip-1": 97,
          "KomakiPCA5NoDevice-os-ip-2": 76,
          "KomakiPCA5NoDevice-os-ip-3": 100,
          "KomakiPCA5NoDevice-os-ip-4": 127,
          "KomakiPCA5NoDevice-os-app-0": 92,
          "KomakiPCA5NoDevice-os-app-1": 78,
          "KomakiPCA5NoDevice-os-app-2": 75,
          "KomakiPCA5NoDevice-os-app-3": 154,
          "KomakiPCA5NoDevice-os-app-4": 127,
          "KomakiPCA5NoDevice-os-channel-0": 88,
          "KomakiPCA5NoDevice-os-channel-1": 110,
          "KomakiPCA5NoDevice-os-channel-2": 71,
          "KomakiPCA5NoDevice-os-channel-3": 77,
          "KomakiPCA5NoDevice-os-channel-4": 71,
          "KomakiPCA5NoDevice-channel-ip-0": 85,
          "KomakiPCA5NoDevice-channel-ip-1": 97,
          "KomakiPCA5NoDevice-channel-ip-2": 106,
          "KomakiPCA5NoDevice-channel-ip-3": 77,
          "KomakiPCA5NoDevice-channel-ip-4": 117,
          "KomakiPCA5NoDevice-channel-app-0": 103,
          "KomakiPCA5NoDevice-channel-app-1": 72,
          "KomakiPCA5NoDevice-channel-app-2": 83,
          "KomakiPCA5NoDevice-channel-app-3": 76,
          "KomakiPCA5NoDevice-channel-app-4": 75,
          "KomakiPCA5NoDevice-channel-os-0": 99,
          "KomakiPCA5NoDevice-channel-os-1": 88,
          "KomakiPCA5NoDevice-channel-os-2": 68,
          "KomakiPCA5NoDevice-channel-os-3": 89,
          "KomakiPCA5NoDevice-channel-os-4": 106,
          "ItemUserLDA_0": 46,
          "ItemUserLDA_1": 46,
          "ItemUserLDA_2": 15,
          "ItemUserLDA_3": 45,
          "ItemUserLDA_4": 4,
          "ItemUserLDA_5": 36,
          "ItemUserLDA_6": 5,
          "ItemUserLDA_7": 0,
          "ItemUserLDA_8": 41,
          "ItemUserLDA_9": 6,
          "ItemUserLDA_10": 55,
          "ItemUserLDA_11": 4,
          "ItemUserLDA_12": 0,
          "ItemUserLDA_13": 36,
          "ItemUserLDA_14": 40,
          "ItemUserLDA_15": 13,
          "ItemUserLDA_16": 49,
          "ItemUserLDA_17": 31,
          "ItemUserLDA_18": 6,
          "ItemUserLDA_19": 52,
          "ItemUserLDA_20": 23,
          "ItemUserLDA_21": 15,
          "ItemUserLDA_22": 0,
          "ItemUserLDA_23": 32,
          "ItemUserLDA_24": 76,
          "ItemUserLDA_25": 43,
          "ItemUserLDA_26": 51,
          "ItemUserLDA_27": 75,
          "ItemUserLDA_28": 1,
          "ItemUserLDA_29": 35,
          "UserItemLDA_0": 190,
          "UserItemLDA_1": 104,
          "UserItemLDA_2": 79,
          "UserItemLDA_3": 44,
          "UserItemLDA_4": 157,
          "UserItemLDA_5": 23,
          "UserItemLDA_6": 47,
          "UserItemLDA_7": 46,
          "UserItemLDA_8": 73,
          "UserItemLDA_9": 154,
          "UserItemLDA_10": 68,
          "UserItemLDA_11": 28,
          "UserItemLDA_12": 160,
          "UserItemLDA_13": 197,
          "UserItemLDA_14": 104,
          "UserItemLDA_15": 50,
          "UserItemLDA_16": 32,
          "UserItemLDA_17": 83,
          "UserItemLDA_18": 85,
          "UserItemLDA_19": 96,
          "UserItemLDA_20": 78,
          "UserItemLDA_21": 209,
          "UserItemLDA_22": 188,
          "UserItemLDA_23": 91,
          "UserItemLDA_24": 96,
          "UserItemLDA_25": 7,
          "UserItemLDA_26": 16,
          "UserItemLDA_27": 71,
          "UserItemLDA_28": 41,
          "UserItemLDA_29": 3
        }
      },
      {
        "train_auc": 0.9931845538274704,
        "valid_auc": 0.9845233985646924,
        "best_iteration": 472,
        "train_time": 483.3928110599518,
        "feature_importance": {
          "os": 2340,
          "app": 2171,
          "channel": 4187,
          "hour": 3197,
          "n_channels": 751,
          "ip_app_count": 747,
          "ip_app_os_count": 850,
          "FutureClickCount_600-ip": 374,
          "FutureClickCount_600-app": 348,
          "FutureClickCount_600-ip-app": 158,
          "FutureClickCount_600-dev": 235,
          "FutureClickCount_600-ip-dev": 405,
          "FutureClickCount_600-app-dev": 296,
          "FutureClickCount_600-ip-app-dev": 131,
          "FutureClickCount_600-os": 206,
          "FutureClickCount_600-ip-os": 296,
          "FutureClickCount_600-app-os": 319,
          "FutureClickCount_600-ip-app-os": 193,
          "FutureClickCount_600-dev-os": 453,
          "FutureClickCount_600-ip-dev-os": 296,
          "FutureClickCount_600-app-dev-os": 464,
          "FutureClickCount_600-ip-app-dev-os": 310,
          "FutureClickCount_600-cha": 332,
          "FutureClickCount_600-ip-cha": 78,
          "FutureClickCount_600-app-cha": 436,
          "FutureClickCount_600-ip-app-cha": 73,
          "FutureClickCount_600-dev-cha": 205,
          "FutureClickCount_600-ip-dev-cha": 75,
          "FutureClickCount_600-app-dev-cha": 239,
          "FutureClickCount_600-ip-app-dev-cha": 79,
          "FutureClickCount_600-os-cha": 179,
          "FutureClickCount_600-ip-os-cha": 44,
          "FutureClickCount_600-app-os-cha": 219,
          "FutureClickCount_600-ip-app-os-cha": 52,
          "FutureClickCount_600-dev-os-cha": 207,
          "FutureClickCount_600-ip-dev-os-cha": 40,
          "FutureClickCount_600-app-dev-os-cha": 261,
          "FutureClickCount_600-ip-app-dev-os-cha": 66,
          "FutureClickCount_4800-ip": 647,
          "FutureClickCount_4800-app": 251,
          "FutureClickCount_4800-ip-app": 204,
          "FutureClickCount_4800-dev": 61,
          "FutureClickCount_4800-ip-dev": 1041,
          "FutureClickCount_4800-app-dev": 161,
          "FutureClickCount_4800-ip-app-dev": 167,
          "FutureClickCount_4800-os": 123,
          "FutureClickCount_4800-ip-os": 383,
          "FutureClickCount_4800-app-os": 275,
          "FutureClickCount_4800-ip-app-os": 226,
          "FutureClickCount_4800-dev-os": 184,
          "FutureClickCount_4800-ip-dev-os": 599,
          "FutureClickCount_4800-app-dev-os": 401,
          "FutureClickCount_4800-ip-app-dev-os": 321,
          "FutureClickCount_4800-cha": 251,
          "FutureClickCount_4800-ip-cha": 138,
          "FutureClickCount_4800-app-cha": 379,
          "FutureClickCount_4800-ip-app-cha": 89,
          "FutureClickCount_4800-dev-cha": 139,
          "FutureClickCount_4800-ip-dev-cha": 105,
          "FutureClickCount_4800-app-dev-cha": 211,
          "FutureClickCount_4800-ip-app-dev-cha": 100,
          "FutureClickCount_4800-os-cha": 199,
          "FutureClickCount_4800-ip-os-cha": 72,
          "FutureClickCount_4800-app-os-cha": 242,
          "FutureClickCount_4800-ip-app-os-cha": 79,
          "FutureClickCount_4800-dev-os-cha": 246,
          "FutureClickCount_4800-ip-dev-os-cha": 69,
          "FutureClickCount_4800-app-dev-os-cha": 257,
          "FutureClickCount_4800-ip-app-dev-os-cha": 66,
          "NextClickTimeDelta-ip": 496,
          "NextClickTimeDelta-app": 80,
          "NextClickTimeDelta-ip-app": 682,
          "NextClickTimeDelta-dev": 44,
          "NextClickTimeDelta-ip-dev": 421,
          "NextClickTimeDelta-app-dev": 67,
          "NextClickTimeDelta-ip-app-dev": 510,
          "NextClickTimeDelta-os": 66,
          "NextClickTimeDelta-ip-os": 450,
          "NextClickTimeDelta-app-os": 120,
          "NextClickTimeDelta-ip-app-os": 1214,
          "NextClickTimeDelta-dev-os": 71,
          "NextClickTimeDelta-ip-dev-os": 326,
          "NextClickTimeDelta-app-dev-os": 119,
          "NextClickTimeDelta-ip-app-dev-os": 2241,
          "NextClickTimeDelta-cha": 102,
          "NextClickTimeDelta-ip-cha": 330,
          "NextClickTimeDelta-app-cha": 141,
          "NextClickTimeDelta-ip-app-cha": 299,
          "NextClickTimeDelta-dev-cha": 88,
          "NextClickTimeDelta-ip-dev-cha": 307,
          "NextClickTimeDelta-app-dev-cha": 90,
          "NextClickTimeDelta-ip-app-dev-cha": 256,
          "NextClickTimeDelta-os-cha": 173,
          "NextClickTimeDelta-ip-os-cha": 287,
          "NextClickTimeDelta-app-os-cha": 258,
          "NextClickTimeDelta-ip-app-os-cha": 356,
          "NextClickTimeDelta-dev-os-cha": 170,
          "NextClickTimeDelta-ip-dev-os-cha": 222,
          "NextClickTimeDelta-app-dev-os-cha": 190,
          "NextClickTimeDelta-ip-app-dev-os-cha": 424,
          "PrevClickTimeDelta-ip": 507,
          "PrevClickTimeDelta-app": 81,
          "PrevClickTimeDelta-ip-app": 343,
          "PrevClickTimeDelta-dev": 44,
          "PrevClickTimeDelta-ip-dev": 256,
          "PrevClickTimeDelta-app-dev": 53,
          "PrevClickTimeDelta-ip-app-dev": 177,
          "PrevClickTimeDelta-os": 78,
          "PrevClickTimeDelta-ip-os": 360,
          "PrevClickTimeDelta-app-os": 136,
          "PrevClickTimeDelta-ip-app-os": 288,
          "PrevClickTimeDelta-dev-os": 67,
          "PrevClickTimeDelta-ip-dev-os": 232,
          "PrevClickTimeDelta-app-dev-os": 122,
          "PrevClickTimeDelta-ip-app-dev-os": 223,
          "PrevClickTimeDelta-cha": 88,
          "PrevClickTimeDelta-ip-cha": 267,
          "PrevClickTimeDelta-app-cha": 114,
          "PrevClickTimeDelta-ip-app-cha": 182,
          "PrevClickTimeDelta-dev-cha": 91,
          "PrevClickTimeDelta-ip-dev-cha": 201,
          "PrevClickTimeDelta-app-dev-cha": 116,
          "PrevClickTimeDelta-ip-app-dev-cha": 181,
          "PrevClickTimeDelta-os-cha": 167,
          "PrevClickTimeDelta-ip-os-cha": 169,
          "PrevClickTimeDelta-app-os-cha": 191,
          "PrevClickTimeDelta-ip-app-os-cha": 156,
          "PrevClickTimeDelta-dev-os-cha": 170,
          "PrevClickTimeDelta-ip-dev-os-cha": 148,
          "PrevClickTimeDelta-app-dev-os-cha": 168,
          "PrevClickTimeDelta-ip-app-dev-os-cha": 135,
          "AverageAttributedRatio-ip": 419,
          "AverageAttributedRatio-app": 267,
          "AverageAttributedRatio-ip-app": 286,
          "AverageAttributedRatio-dev": 446,
          "AverageAttributedRatio-ip-dev": 346,
          "AverageAttributedRatio-app-dev": 259,
          "AverageAttributedRatio-ip-app-dev": 393,
          "AverageAttributedRatio-os": 262,
          "AverageAttributedRatio-ip-os": 217,
          "AverageAttributedRatio-app-os": 228,
          "AverageAttributedRatio-ip-app-os": 91,
          "AverageAttributedRatio-dev-os": 224,
          "AverageAttributedRatio-ip-dev-os": 232,
          "AverageAttributedRatio-app-dev-os": 301,
          "AverageAttributedRatio-ip-app-dev-os": 103,
          "AverageAttributedRatio-cha": 214,
          "AverageAttributedRatio-ip-cha": 116,
          "AverageAttributedRatio-app-cha": 237,
          "AverageAttributedRatio-ip-app-cha": 84,
          "AverageAttributedRatio-dev-cha": 149,
          "AverageAttributedRatio-ip-dev-cha": 112,
          "AverageAttributedRatio-app-dev-cha": 203,
          "AverageAttributedRatio-ip-app-dev-cha": 90,
          "AverageAttributedRatio-os-cha": 215,
          "AverageAttributedRatio-ip-os-cha": 41,
          "AverageAttributedRatio-app-os-cha": 265,
          "AverageAttributedRatio-ip-app-os-cha": 38,
          "AverageAttributedRatio-dev-os-cha": 220,
          "AverageAttributedRatio-ip-dev-os-cha": 57,
          "AverageAttributedRatio-app-dev-os-cha": 303,
          "AverageAttributedRatio-ip-app-dev-os-cha": 27,
          "KomakiLDA5NoDevice-ip-app-0": 742,
          "KomakiLDA5NoDevice-ip-app-1": 754,
          "KomakiLDA5NoDevice-ip-app-2": 787,
          "KomakiLDA5NoDevice-ip-app-3": 470,
          "KomakiLDA5NoDevice-ip-app-4": 403,
          "KomakiLDA5NoDevice-ip-os-0": 591,
          "KomakiLDA5NoDevice-ip-os-1": 720,
          "KomakiLDA5NoDevice-ip-os-2": 431,
          "KomakiLDA5NoDevice-ip-os-3": 551,
          "KomakiLDA5NoDevice-ip-os-4": 574,
          "KomakiLDA5NoDevice-ip-channel-0": 709,
          "KomakiLDA5NoDevice-ip-channel-1": 598,
          "KomakiLDA5NoDevice-ip-channel-2": 789,
          "KomakiLDA5NoDevice-ip-channel-3": 715,
          "KomakiLDA5NoDevice-ip-channel-4": 823,
          "KomakiLDA5NoDevice-app-ip-0": 168,
          "KomakiLDA5NoDevice-app-ip-1": 129,
          "KomakiLDA5NoDevice-app-ip-2": 110,
          "KomakiLDA5NoDevice-app-ip-3": 135,
          "KomakiLDA5NoDevice-app-ip-4": 107,
          "KomakiLDA5NoDevice-app-os-0": 102,
          "KomakiLDA5NoDevice-app-os-1": 110,
          "KomakiLDA5NoDevice-app-os-2": 80,
          "KomakiLDA5NoDevice-app-os-3": 81,
          "KomakiLDA5NoDevice-app-os-4": 107,
          "KomakiLDA5NoDevice-app-channel-0": 91,
          "KomakiLDA5NoDevice-app-channel-1": 91,
          "KomakiLDA5NoDevice-app-channel-2": 122,
          "KomakiLDA5NoDevice-app-channel-3": 132,
          "KomakiLDA5NoDevice-app-channel-4": 91,
          "KomakiLDA5NoDevice-os-ip-0": 171,
          "KomakiLDA5NoDevice-os-ip-1": 120,
          "KomakiLDA5NoDevice-os-ip-2": 146,
          "KomakiLDA5NoDevice-os-ip-3": 96,
          "KomakiLDA5NoDevice-os-ip-4": 133,
          "KomakiLDA5NoDevice-os-app-0": 214,
          "KomakiLDA5NoDevice-os-app-1": 167,
          "KomakiLDA5NoDevice-os-app-2": 67,
          "KomakiLDA5NoDevice-os-app-3": 148,
          "KomakiLDA5NoDevice-os-app-4": 56,
          "KomakiLDA5NoDevice-os-channel-0": 174,
          "KomakiLDA5NoDevice-os-channel-1": 64,
          "KomakiLDA5NoDevice-os-channel-2": 130,
          "KomakiLDA5NoDevice-os-channel-3": 219,
          "KomakiLDA5NoDevice-os-channel-4": 101,
          "KomakiLDA5NoDevice-channel-ip-0": 125,
          "KomakiLDA5NoDevice-channel-ip-1": 122,
          "KomakiLDA5NoDevice-channel-ip-2": 94,
          "KomakiLDA5NoDevice-channel-ip-3": 128,
          "KomakiLDA5NoDevice-channel-ip-4": 87,
          "KomakiLDA5NoDevice-channel-app-0": 109,
          "KomakiLDA5NoDevice-channel-app-1": 86,
          "KomakiLDA5NoDevice-channel-app-2": 103,
          "KomakiLDA5NoDevice-channel-app-3": 75,
          "KomakiLDA5NoDevice-channel-app-4": 107,
          "KomakiLDA5NoDevice-channel-os-0": 108,
          "KomakiLDA5NoDevice-channel-os-1": 105,
          "KomakiLDA5NoDevice-channel-os-2": 121,
          "KomakiLDA5NoDevice-channel-os-3": 100,
          "KomakiLDA5NoDevice-channel-os-4": 90,
          "KomakiNMF5NoDevice-ip-app-0": 407,
          "KomakiNMF5NoDevice-ip-app-1": 728,
          "KomakiNMF5NoDevice-ip-app-2": 465,
          "KomakiNMF5NoDevice-ip-app-3": 422,
          "KomakiNMF5NoDevice-ip-app-4": 497,
          "KomakiNMF5NoDevice-ip-os-0": 601,
          "KomakiNMF5NoDevice-ip-os-1": 528,
          "KomakiNMF5NoDevice-ip-os-2": 497,
          "KomakiNMF5NoDevice-ip-os-3": 530,
          "KomakiNMF5NoDevice-ip-os-4": 473,
          "KomakiNMF5NoDevice-ip-channel-0": 471,
          "KomakiNMF5NoDevice-ip-channel-1": 880,
          "KomakiNMF5NoDevice-ip-channel-2": 444,
          "KomakiNMF5NoDevice-ip-channel-3": 595,
          "KomakiNMF5NoDevice-ip-channel-4": 554,
          "KomakiNMF5NoDevice-app-ip-0": 54,
          "KomakiNMF5NoDevice-app-ip-1": 93,
          "KomakiNMF5NoDevice-app-ip-2": 77,
          "KomakiNMF5NoDevice-app-ip-3": 86,
          "KomakiNMF5NoDevice-app-ip-4": 47,
          "KomakiNMF5NoDevice-app-os-0": 44,
          "KomakiNMF5NoDevice-app-os-1": 73,
          "KomakiNMF5NoDevice-app-os-2": 58,
          "KomakiNMF5NoDevice-app-os-3": 28,
          "KomakiNMF5NoDevice-app-os-4": 25,
          "KomakiNMF5NoDevice-app-channel-0": 61,
          "KomakiNMF5NoDevice-app-channel-1": 55,
          "KomakiNMF5NoDevice-app-channel-2": 77,
          "KomakiNMF5NoDevice-app-channel-3": 103,
          "KomakiNMF5NoDevice-app-channel-4": 55,
          "KomakiNMF5NoDevice-os-ip-0": 72,
          "KomakiNMF5NoDevice-os-ip-1": 77,
          "KomakiNMF5NoDevice-os-ip-2": 70,
          "KomakiNMF5NoDevice-os-ip-3": 66,
          "KomakiNMF5NoDevice-os-ip-4": 61,
          "KomakiNMF5NoDevice-os-app-0": 50,
          "KomakiNMF5NoDevice-os-app-1": 5,
          "KomakiNMF5NoDevice-os-app-2": 65,
          "KomakiNMF5NoDevice-os-app-3": 88,
          "KomakiNMF5NoDevice-os-app-4": 67,
          "KomakiNMF5NoDevice-os-channel-0": 110,
          "KomakiNMF5NoDevice-os-channel-1": 59,
          "KomakiNMF5NoDevice-os-channel-2": 135,
          "KomakiNMF5NoDevice-os-channel-3": 62,
          "KomakiNMF5NoDevice-os-channel-4": 73,
          "KomakiNMF5NoDevice-channel-ip-0": 120,
          "KomakiNMF5NoDevice-channel-ip-1": 78,
          "KomakiNMF5NoDevice-channel-ip-2": 100,
          "KomakiNMF5NoDevice-channel-ip-3": 126,
          "KomakiNMF5NoDevice-channel-ip-4": 90,
          "KomakiNMF5NoDevice-channel-app-0": 47,
          "KomakiNMF5NoDevice-channel-app-1": 15,
          "KomakiNMF5NoDevice-channel-app-2": 36,
          "KomakiNMF5NoDevice-channel-app-3": 66,
          "KomakiNMF5NoDevice-channel-app-4": 54,
          "KomakiNMF5NoDevice-channel-os-0": 72,
          "KomakiNMF5NoDevice-channel-os-1": 42,
          "KomakiNMF5NoDevice-channel-os-2": 93,
          "KomakiNMF5NoDevice-channel-os-3": 61,
          "KomakiNMF5NoDevice-channel-os-4": 113,
          "KomakiPCA5NoDevice-ip-app-0": 651,
          "KomakiPCA5NoDevice-ip-app-1": 551,
          "KomakiPCA5NoDevice-ip-app-2": 575,
          "KomakiPCA5NoDevice-ip-app-3": 377,
          "KomakiPCA5NoDevice-ip-app-4": 575,
          "KomakiPCA5NoDevice-ip-os-0": 783,
          "KomakiPCA5NoDevice-ip-os-1": 446,
          "KomakiPCA5NoDevice-ip-os-2": 452,
          "KomakiPCA5NoDevice-ip-os-3": 414,
          "KomakiPCA5NoDevice-ip-os-4": 514,
          "KomakiPCA5NoDevice-ip-channel-0": 772,
          "KomakiPCA5NoDevice-ip-channel-1": 580,
          "KomakiPCA5NoDevice-ip-channel-2": 492,
          "KomakiPCA5NoDevice-ip-channel-3": 532,
          "KomakiPCA5NoDevice-ip-channel-4": 582,
          "KomakiPCA5NoDevice-app-ip-0": 62,
          "KomakiPCA5NoDevice-app-ip-1": 50,
          "KomakiPCA5NoDevice-app-ip-2": 92,
          "KomakiPCA5NoDevice-app-ip-3": 66,
          "KomakiPCA5NoDevice-app-ip-4": 57,
          "KomakiPCA5NoDevice-app-os-0": 88,
          "KomakiPCA5NoDevice-app-os-1": 59,
          "KomakiPCA5NoDevice-app-os-2": 75,
          "KomakiPCA5NoDevice-app-os-3": 79,
          "KomakiPCA5NoDevice-app-os-4": 94,
          "KomakiPCA5NoDevice-app-channel-0": 61,
          "KomakiPCA5NoDevice-app-channel-1": 61,
          "KomakiPCA5NoDevice-app-channel-2": 63,
          "KomakiPCA5NoDevice-app-channel-3": 87,
          "KomakiPCA5NoDevice-app-channel-4": 78,
          "KomakiPCA5NoDevice-os-ip-0": 38,
          "KomakiPCA5NoDevice-os-ip-1": 49,
          "KomakiPCA5NoDevice-os-ip-2": 95,
          "KomakiPCA5NoDevice-os-ip-3": 90,
          "KomakiPCA5NoDevice-os-ip-4": 68,
          "KomakiPCA5NoDevice-os-app-0": 89,
          "KomakiPCA5NoDevice-os-app-1": 56,
          "KomakiPCA5NoDevice-os-app-2": 50,
          "KomakiPCA5NoDevice-os-app-3": 119,
          "KomakiPCA5NoDevice-os-app-4": 129,
          "KomakiPCA5NoDevice-os-channel-0": 86,
          "KomakiPCA5NoDevice-os-channel-1": 111,
          "KomakiPCA5NoDevice-os-channel-2": 88,
          "KomakiPCA5NoDevice-os-channel-3": 62,
          "KomakiPCA5NoDevice-os-channel-4": 90,
          "KomakiPCA5NoDevice-channel-ip-0": 98,
          "KomakiPCA5NoDevice-channel-ip-1": 68,
          "KomakiPCA5NoDevice-channel-ip-2": 97,
          "KomakiPCA5NoDevice-channel-ip-3": 70,
          "KomakiPCA5NoDevice-channel-ip-4": 123,
          "KomakiPCA5NoDevice-channel-app-0": 75,
          "KomakiPCA5NoDevice-channel-app-1": 68,
          "KomakiPCA5NoDevice-channel-app-2": 82,
          "KomakiPCA5NoDevice-channel-app-3": 66,
          "KomakiPCA5NoDevice-channel-app-4": 80,
          "KomakiPCA5NoDevice-channel-os-0": 74,
          "KomakiPCA5NoDevice-channel-os-1": 90,
          "KomakiPCA5NoDevice-channel-os-2": 67,
          "KomakiPCA5NoDevice-channel-os-3": 87,
          "KomakiPCA5NoDevice-channel-os-4": 85,
          "ItemUserLDA_0": 67,
          "ItemUserLDA_1": 37,
          "ItemUserLDA_2": 13,
          "ItemUserLDA_3": 52,
          "ItemUserLDA_4": 5,
          "ItemUserLDA_5": 42,
          "ItemUserLDA_6": 0,
          "ItemUserLDA_7": 0,
          "ItemUserLDA_8": 23,
          "ItemUserLDA_9": 6,
          "ItemUserLDA_10": 62,
          "ItemUserLDA_11": 4,
          "ItemUserLDA_12": 0,
          "ItemUserLDA_13": 34,
          "ItemUserLDA_14": 45,
          "ItemUserLDA_15": 19,
          "ItemUserLDA_16": 43,
          "ItemUserLDA_17": 34,
          "ItemUserLDA_18": 5,
          "ItemUserLDA_19": 45,
          "ItemUserLDA_20": 49,
          "ItemUserLDA_21": 11,
          "ItemUserLDA_22": 0,
          "ItemUserLDA_23": 30,
          "ItemUserLDA_24": 90,
          "ItemUserLDA_25": 30,
          "ItemUserLDA_26": 18,
          "ItemUserLDA_27": 71,
          "ItemUserLDA_28": 3,
          "ItemUserLDA_29": 21,
          "UserItemLDA_0": 147,
          "UserItemLDA_1": 92,
          "UserItemLDA_2": 61,
          "UserItemLDA_3": 33,
          "UserItemLDA_4": 144,
          "UserItemLDA_5": 17,
          "UserItemLDA_6": 27,
          "UserItemLDA_7": 37,
          "UserItemLDA_8": 44,
          "UserItemLDA_9": 132,
          "UserItemLDA_10": 75,
          "UserItemLDA_11": 26,
          "UserItemLDA_12": 116,
          "UserItemLDA_13": 184,
          "UserItemLDA_14": 63,
          "UserItemLDA_15": 39,
          "UserItemLDA_16": 45,
          "UserItemLDA_17": 76,
          "UserItemLDA_18": 60,
          "UserItemLDA_19": 78,
          "UserItemLDA_20": 82,
          "UserItemLDA_21": 159,
          "UserItemLDA_22": 134,
          "UserItemLDA_23": 58,
          "UserItemLDA_24": 57,
          "UserItemLDA_25": 9,
          "UserItemLDA_26": 23,
          "UserItemLDA_27": 56,
          "UserItemLDA_28": 51,
          "UserItemLDA_29": 0
        }
      },
      {
        "train_auc": 0.9941761668230485,
        "valid_auc": 0.9847110238846847,
        "best_iteration": 552,
        "train_time": 529.3616063594818,
        "feature_importance": {
          "os": 2665,
          "app": 2398,
          "channel": 4905,
          "hour": 3743,
          "n_channels": 905,
          "ip_app_count": 796,
          "ip_app_os_count": 935,
          "FutureClickCount_600-ip": 430,
          "FutureClickCount_600-app": 380,
          "FutureClickCount_600-ip-app": 161,
          "FutureClickCount_600-dev": 264,
          "FutureClickCount_600-ip-dev": 430,
          "FutureClickCount_600-app-dev": 315,
          "FutureClickCount_600-ip-app-dev": 158,
          "FutureClickCount_600-os": 270,
          "FutureClickCount_600-ip-os": 359,
          "FutureClickCount_600-app-os": 378,
          "FutureClickCount_600-ip-app-os": 186,
          "FutureClickCount_600-dev-os": 542,
          "FutureClickCount_600-ip-dev-os": 339,
          "FutureClickCount_600-app-dev-os": 502,
          "FutureClickCount_600-ip-app-dev-os": 308,
          "FutureClickCount_600-cha": 402,
          "FutureClickCount_600-ip-cha": 108,
          "FutureClickCount_600-app-cha": 486,
          "FutureClickCount_600-ip-app-cha": 66,
          "FutureClickCount_600-dev-cha": 302,
          "FutureClickCount_600-ip-dev-cha": 86,
          "FutureClickCount_600-app-dev-cha": 325,
          "FutureClickCount_600-ip-app-dev-cha": 76,
          "FutureClickCount_600-os-cha": 250,
          "FutureClickCount_600-ip-os-cha": 71,
          "FutureClickCount_600-app-os-cha": 305,
          "FutureClickCount_600-ip-app-os-cha": 55,
          "FutureClickCount_600-dev-os-cha": 275,
          "FutureClickCount_600-ip-dev-os-cha": 62,
          "FutureClickCount_600-app-dev-os-cha": 254,
          "FutureClickCount_600-ip-app-dev-os-cha": 84,
          "FutureClickCount_4800-ip": 716,
          "FutureClickCount_4800-app": 272,
          "FutureClickCount_4800-ip-app": 260,
          "FutureClickCount_4800-dev": 76,
          "FutureClickCount_4800-ip-dev": 1033,
          "FutureClickCount_4800-app-dev": 167,
          "FutureClickCount_4800-ip-app-dev": 225,
          "FutureClickCount_4800-os": 161,
          "FutureClickCount_4800-ip-os": 477,
          "FutureClickCount_4800-app-os": 287,
          "FutureClickCount_4800-ip-app-os": 282,
          "FutureClickCount_4800-dev-os": 177,
          "FutureClickCount_4800-ip-dev-os": 649,
          "FutureClickCount_4800-app-dev-os": 464,
          "FutureClickCount_4800-ip-app-dev-os": 312,
          "FutureClickCount_4800-cha": 266,
          "FutureClickCount_4800-ip-cha": 156,
          "FutureClickCount_4800-app-cha": 459,
          "FutureClickCount_4800-ip-app-cha": 128,
          "FutureClickCount_4800-dev-cha": 198,
          "FutureClickCount_4800-ip-dev-cha": 143,
          "FutureClickCount_4800-app-dev-cha": 213,
          "FutureClickCount_4800-ip-app-dev-cha": 131,
          "FutureClickCount_4800-os-cha": 273,
          "FutureClickCount_4800-ip-os-cha": 89,
          "FutureClickCount_4800-app-os-cha": 284,
          "FutureClickCount_4800-ip-app-os-cha": 93,
          "FutureClickCount_4800-dev-os-cha": 305,
          "FutureClickCount_4800-ip-dev-os-cha": 87,
          "FutureClickCount_4800-app-dev-os-cha": 309,
          "FutureClickCount_4800-ip-app-dev-os-cha": 74,
          "NextClickTimeDelta-ip": 621,
          "NextClickTimeDelta-app": 81,
          "NextClickTimeDelta-ip-app": 769,
          "NextClickTimeDelta-dev": 56,
          "NextClickTimeDelta-ip-dev": 494,
          "NextClickTimeDelta-app-dev": 90,
          "NextClickTimeDelta-ip-app-dev": 588,
          "NextClickTimeDelta-os": 90,
          "NextClickTimeDelta-ip-os": 518,
          "NextClickTimeDelta-app-os": 165,
          "NextClickTimeDelta-ip-app-os": 1393,
          "NextClickTimeDelta-dev-os": 102,
          "NextClickTimeDelta-ip-dev-os": 415,
          "NextClickTimeDelta-app-dev-os": 147,
          "NextClickTimeDelta-ip-app-dev-os": 2345,
          "NextClickTimeDelta-cha": 100,
          "NextClickTimeDelta-ip-cha": 427,
          "NextClickTimeDelta-app-cha": 193,
          "NextClickTimeDelta-ip-app-cha": 422,
          "NextClickTimeDelta-dev-cha": 86,
          "NextClickTimeDelta-ip-dev-cha": 344,
          "NextClickTimeDelta-app-dev-cha": 123,
          "NextClickTimeDelta-ip-app-dev-cha": 305,
          "NextClickTimeDelta-os-cha": 205,
          "NextClickTimeDelta-ip-os-cha": 313,
          "NextClickTimeDelta-app-os-cha": 255,
          "NextClickTimeDelta-ip-app-os-cha": 490,
          "NextClickTimeDelta-dev-os-cha": 177,
          "NextClickTimeDelta-ip-dev-os-cha": 289,
          "NextClickTimeDelta-app-dev-os-cha": 211,
          "NextClickTimeDelta-ip-app-dev-os-cha": 446,
          "PrevClickTimeDelta-ip": 515,
          "PrevClickTimeDelta-app": 78,
          "PrevClickTimeDelta-ip-app": 351,
          "PrevClickTimeDelta-dev": 50,
          "PrevClickTimeDelta-ip-dev": 321,
          "PrevClickTimeDelta-app-dev": 62,
          "PrevClickTimeDelta-ip-app-dev": 262,
          "PrevClickTimeDelta-os": 103,
          "PrevClickTimeDelta-ip-os": 446,
          "PrevClickTimeDelta-app-os": 155,
          "PrevClickTimeDelta-ip-app-os": 374,
          "PrevClickTimeDelta-dev-os": 67,
          "PrevClickTimeDelta-ip-dev-os": 300,
          "PrevClickTimeDelta-app-dev-os": 129,
          "PrevClickTimeDelta-ip-app-dev-os": 327,
          "PrevClickTimeDelta-cha": 111,
          "PrevClickTimeDelta-ip-cha": 320,
          "PrevClickTimeDelta-app-cha": 163,
          "PrevClickTimeDelta-ip-app-cha": 250,
          "PrevClickTimeDelta-dev-cha": 91,
          "PrevClickTimeDelta-ip-dev-cha": 229,
          "PrevClickTimeDelta-app-dev-cha": 103,
          "PrevClickTimeDelta-ip-app-dev-cha": 236,
          "PrevClickTimeDelta-os-cha": 214,
          "PrevClickTimeDelta-ip-os-cha": 229,
          "PrevClickTimeDelta-app-os-cha": 203,
          "PrevClickTimeDelta-ip-app-os-cha": 192,
          "PrevClickTimeDelta-dev-os-cha": 186,
          "PrevClickTimeDelta-ip-dev-os-cha": 172,
          "PrevClickTimeDelta-app-dev-os-cha": 201,
          "PrevClickTimeDelta-ip-app-dev-os-cha": 146,
          "AverageAttributedRatio-ip": 413,
          "AverageAttributedRatio-app": 300,
          "AverageAttributedRatio-ip-app": 291,
          "AverageAttributedRatio-dev": 536,
          "AverageAttributedRatio-ip-dev": 348,
          "AverageAttributedRatio-app-dev": 239,
          "AverageAttributedRatio-ip-app-dev": 385,
          "AverageAttributedRatio-os": 323,
          "AverageAttributedRatio-ip-os": 268,
          "AverageAttributedRatio-app-os": 308,
          "AverageAttributedRatio-ip-app-os": 132,
          "AverageAttributedRatio-dev-os": 291,
          "AverageAttributedRatio-ip-dev-os": 266,
          "AverageAttributedRatio-app-dev-os": 328,
          "AverageAttributedRatio-ip-app-dev-os": 113,
          "AverageAttributedRatio-cha": 239,
          "AverageAttributedRatio-ip-cha": 151,
          "AverageAttributedRatio-app-cha": 230,
          "AverageAttributedRatio-ip-app-cha": 104,
          "AverageAttributedRatio-dev-cha": 179,
          "AverageAttributedRatio-ip-dev-cha": 106,
          "AverageAttributedRatio-app-dev-cha": 207,
          "AverageAttributedRatio-ip-app-dev-cha": 109,
          "AverageAttributedRatio-os-cha": 240,
          "AverageAttributedRatio-ip-os-cha": 61,
          "AverageAttributedRatio-app-os-cha": 365,
          "AverageAttributedRatio-ip-app-os-cha": 43,
          "AverageAttributedRatio-dev-os-cha": 262,
          "AverageAttributedRatio-ip-dev-os-cha": 53,
          "AverageAttributedRatio-app-dev-os-cha": 320,
          "AverageAttributedRatio-ip-app-dev-os-cha": 40,
          "KomakiLDA5NoDevice-ip-app-0": 822,
          "KomakiLDA5NoDevice-ip-app-1": 895,
          "KomakiLDA5NoDevice-ip-app-2": 947,
          "KomakiLDA5NoDevice-ip-app-3": 641,
          "KomakiLDA5NoDevice-ip-app-4": 469,
          "KomakiLDA5NoDevice-ip-os-0": 795,
          "KomakiLDA5NoDevice-ip-os-1": 842,
          "KomakiLDA5NoDevice-ip-os-2": 551,
          "KomakiLDA5NoDevice-ip-os-3": 673,
          "KomakiLDA5NoDevice-ip-os-4": 765,
          "KomakiLDA5NoDevice-ip-channel-0": 778,
          "KomakiLDA5NoDevice-ip-channel-1": 703,
          "KomakiLDA5NoDevice-ip-channel-2": 900,
          "KomakiLDA5NoDevice-ip-channel-3": 878,
          "KomakiLDA5NoDevice-ip-channel-4": 992,
          "KomakiLDA5NoDevice-app-ip-0": 177,
          "KomakiLDA5NoDevice-app-ip-1": 126,
          "KomakiLDA5NoDevice-app-ip-2": 134,
          "KomakiLDA5NoDevice-app-ip-3": 169,
          "KomakiLDA5NoDevice-app-ip-4": 101,
          "KomakiLDA5NoDevice-app-os-0": 118,
          "KomakiLDA5NoDevice-app-os-1": 115,
          "KomakiLDA5NoDevice-app-os-2": 87,
          "KomakiLDA5NoDevice-app-os-3": 95,
          "KomakiLDA5NoDevice-app-os-4": 141,
          "KomakiLDA5NoDevice-app-channel-0": 100,
          "KomakiLDA5NoDevice-app-channel-1": 106,
          "KomakiLDA5NoDevice-app-channel-2": 120,
          "KomakiLDA5NoDevice-app-channel-3": 146,
          "KomakiLDA5NoDevice-app-channel-4": 77,
          "KomakiLDA5NoDevice-os-ip-0": 187,
          "KomakiLDA5NoDevice-os-ip-1": 167,
          "KomakiLDA5NoDevice-os-ip-2": 152,
          "KomakiLDA5NoDevice-os-ip-3": 114,
          "KomakiLDA5NoDevice-os-ip-4": 161,
          "KomakiLDA5NoDevice-os-app-0": 215,
          "KomakiLDA5NoDevice-os-app-1": 191,
          "KomakiLDA5NoDevice-os-app-2": 76,
          "KomakiLDA5NoDevice-os-app-3": 165,
          "KomakiLDA5NoDevice-os-app-4": 83,
          "KomakiLDA5NoDevice-os-channel-0": 163,
          "KomakiLDA5NoDevice-os-channel-1": 88,
          "KomakiLDA5NoDevice-os-channel-2": 143,
          "KomakiLDA5NoDevice-os-channel-3": 237,
          "KomakiLDA5NoDevice-os-channel-4": 145,
          "KomakiLDA5NoDevice-channel-ip-0": 115,
          "KomakiLDA5NoDevice-channel-ip-1": 129,
          "KomakiLDA5NoDevice-channel-ip-2": 106,
          "KomakiLDA5NoDevice-channel-ip-3": 150,
          "KomakiLDA5NoDevice-channel-ip-4": 110,
          "KomakiLDA5NoDevice-channel-app-0": 121,
          "KomakiLDA5NoDevice-channel-app-1": 82,
          "KomakiLDA5NoDevice-channel-app-2": 102,
          "KomakiLDA5NoDevice-channel-app-3": 94,
          "KomakiLDA5NoDevice-channel-app-4": 110,
          "KomakiLDA5NoDevice-channel-os-0": 135,
          "KomakiLDA5NoDevice-channel-os-1": 151,
          "KomakiLDA5NoDevice-channel-os-2": 162,
          "KomakiLDA5NoDevice-channel-os-3": 110,
          "KomakiLDA5NoDevice-channel-os-4": 115,
          "KomakiNMF5NoDevice-ip-app-0": 484,
          "KomakiNMF5NoDevice-ip-app-1": 857,
          "KomakiNMF5NoDevice-ip-app-2": 612,
          "KomakiNMF5NoDevice-ip-app-3": 446,
          "KomakiNMF5NoDevice-ip-app-4": 586,
          "KomakiNMF5NoDevice-ip-os-0": 687,
          "KomakiNMF5NoDevice-ip-os-1": 692,
          "KomakiNMF5NoDevice-ip-os-2": 590,
          "KomakiNMF5NoDevice-ip-os-3": 663,
          "KomakiNMF5NoDevice-ip-os-4": 607,
          "KomakiNMF5NoDevice-ip-channel-0": 578,
          "KomakiNMF5NoDevice-ip-channel-1": 1019,
          "KomakiNMF5NoDevice-ip-channel-2": 587,
          "KomakiNMF5NoDevice-ip-channel-3": 725,
          "KomakiNMF5NoDevice-ip-channel-4": 632,
          "KomakiNMF5NoDevice-app-ip-0": 66,
          "KomakiNMF5NoDevice-app-ip-1": 120,
          "KomakiNMF5NoDevice-app-ip-2": 118,
          "KomakiNMF5NoDevice-app-ip-3": 98,
          "KomakiNMF5NoDevice-app-ip-4": 43,
          "KomakiNMF5NoDevice-app-os-0": 32,
          "KomakiNMF5NoDevice-app-os-1": 73,
          "KomakiNMF5NoDevice-app-os-2": 68,
          "KomakiNMF5NoDevice-app-os-3": 33,
          "KomakiNMF5NoDevice-app-os-4": 32,
          "KomakiNMF5NoDevice-app-channel-0": 73,
          "KomakiNMF5NoDevice-app-channel-1": 70,
          "KomakiNMF5NoDevice-app-channel-2": 91,
          "KomakiNMF5NoDevice-app-channel-3": 91,
          "KomakiNMF5NoDevice-app-channel-4": 62,
          "KomakiNMF5NoDevice-os-ip-0": 74,
          "KomakiNMF5NoDevice-os-ip-1": 89,
          "KomakiNMF5NoDevice-os-ip-2": 75,
          "KomakiNMF5NoDevice-os-ip-3": 112,
          "KomakiNMF5NoDevice-os-ip-4": 73,
          "KomakiNMF5NoDevice-os-app-0": 65,
          "KomakiNMF5NoDevice-os-app-1": 4,
          "KomakiNMF5NoDevice-os-app-2": 55,
          "KomakiNMF5NoDevice-os-app-3": 115,
          "KomakiNMF5NoDevice-os-app-4": 61,
          "KomakiNMF5NoDevice-os-channel-0": 108,
          "KomakiNMF5NoDevice-os-channel-1": 83,
          "KomakiNMF5NoDevice-os-channel-2": 148,
          "KomakiNMF5NoDevice-os-channel-3": 105,
          "KomakiNMF5NoDevice-os-channel-4": 101,
          "KomakiNMF5NoDevice-channel-ip-0": 124,
          "KomakiNMF5NoDevice-channel-ip-1": 100,
          "KomakiNMF5NoDevice-channel-ip-2": 116,
          "KomakiNMF5NoDevice-channel-ip-3": 110,
          "KomakiNMF5NoDevice-channel-ip-4": 133,
          "KomakiNMF5NoDevice-channel-app-0": 81,
          "KomakiNMF5NoDevice-channel-app-1": 18,
          "KomakiNMF5NoDevice-channel-app-2": 47,
          "KomakiNMF5NoDevice-channel-app-3": 48,
          "KomakiNMF5NoDevice-channel-app-4": 75,
          "KomakiNMF5NoDevice-channel-os-0": 138,
          "KomakiNMF5NoDevice-channel-os-1": 28,
          "KomakiNMF5NoDevice-channel-os-2": 137,
          "KomakiNMF5NoDevice-channel-os-3": 75,
          "KomakiNMF5NoDevice-channel-os-4": 116,
          "KomakiPCA5NoDevice-ip-app-0": 725,
          "KomakiPCA5NoDevice-ip-app-1": 592,
          "KomakiPCA5NoDevice-ip-app-2": 580,
          "KomakiPCA5NoDevice-ip-app-3": 460,
          "KomakiPCA5NoDevice-ip-app-4": 683,
          "KomakiPCA5NoDevice-ip-os-0": 883,
          "KomakiPCA5NoDevice-ip-os-1": 551,
          "KomakiPCA5NoDevice-ip-os-2": 609,
          "KomakiPCA5NoDevice-ip-os-3": 536,
          "KomakiPCA5NoDevice-ip-os-4": 597,
          "KomakiPCA5NoDevice-ip-channel-0": 871,
          "KomakiPCA5NoDevice-ip-channel-1": 615,
          "KomakiPCA5NoDevice-ip-channel-2": 601,
          "KomakiPCA5NoDevice-ip-channel-3": 635,
          "KomakiPCA5NoDevice-ip-channel-4": 698,
          "KomakiPCA5NoDevice-app-ip-0": 68,
          "KomakiPCA5NoDevice-app-ip-1": 66,
          "KomakiPCA5NoDevice-app-ip-2": 73,
          "KomakiPCA5NoDevice-app-ip-3": 117,
          "KomakiPCA5NoDevice-app-ip-4": 73,
          "KomakiPCA5NoDevice-app-os-0": 81,
          "KomakiPCA5NoDevice-app-os-1": 68,
          "KomakiPCA5NoDevice-app-os-2": 103,
          "KomakiPCA5NoDevice-app-os-3": 94,
          "KomakiPCA5NoDevice-app-os-4": 85,
          "KomakiPCA5NoDevice-app-channel-0": 79,
          "KomakiPCA5NoDevice-app-channel-1": 89,
          "KomakiPCA5NoDevice-app-channel-2": 91,
          "KomakiPCA5NoDevice-app-channel-3": 109,
          "KomakiPCA5NoDevice-app-channel-4": 99,
          "KomakiPCA5NoDevice-os-ip-0": 41,
          "KomakiPCA5NoDevice-os-ip-1": 68,
          "KomakiPCA5NoDevice-os-ip-2": 68,
          "KomakiPCA5NoDevice-os-ip-3": 93,
          "KomakiPCA5NoDevice-os-ip-4": 98,
          "KomakiPCA5NoDevice-os-app-0": 88,
          "KomakiPCA5NoDevice-os-app-1": 78,
          "KomakiPCA5NoDevice-os-app-2": 53,
          "KomakiPCA5NoDevice-os-app-3": 126,
          "KomakiPCA5NoDevice-os-app-4": 110,
          "KomakiPCA5NoDevice-os-channel-0": 87,
          "KomakiPCA5NoDevice-os-channel-1": 124,
          "KomakiPCA5NoDevice-os-channel-2": 74,
          "KomakiPCA5NoDevice-os-channel-3": 71,
          "KomakiPCA5NoDevice-os-channel-4": 97,
          "KomakiPCA5NoDevice-channel-ip-0": 96,
          "KomakiPCA5NoDevice-channel-ip-1": 86,
          "KomakiPCA5NoDevice-channel-ip-2": 109,
          "KomakiPCA5NoDevice-channel-ip-3": 90,
          "KomakiPCA5NoDevice-channel-ip-4": 131,
          "KomakiPCA5NoDevice-channel-app-0": 83,
          "KomakiPCA5NoDevice-channel-app-1": 75,
          "KomakiPCA5NoDevice-channel-app-2": 76,
          "KomakiPCA5NoDevice-channel-app-3": 66,
          "KomakiPCA5NoDevice-channel-app-4": 70,
          "KomakiPCA5NoDevice-channel-os-0": 93,
          "KomakiPCA5NoDevice-channel-os-1": 95,
          "KomakiPCA5NoDevice-channel-os-2": 68,
          "KomakiPCA5NoDevice-channel-os-3": 82,
          "KomakiPCA5NoDevice-channel-os-4": 109,
          "ItemUserLDA_0": 50,
          "ItemUserLDA_1": 73,
          "ItemUserLDA_2": 13,
          "ItemUserLDA_3": 48,
          "ItemUserLDA_4": 4,
          "ItemUserLDA_5": 50,
          "ItemUserLDA_6": 0,
          "ItemUserLDA_7": 0,
          "ItemUserLDA_8": 25,
          "ItemUserLDA_9": 14,
          "ItemUserLDA_10": 44,
          "ItemUserLDA_11": 4,
          "ItemUserLDA_12": 0,
          "ItemUserLDA_13": 36,
          "ItemUserLDA_14": 43,
          "ItemUserLDA_15": 26,
          "ItemUserLDA_16": 48,
          "ItemUserLDA_17": 48,
          "ItemUserLDA_18": 10,
          "ItemUserLDA_19": 48,
          "ItemUserLDA_20": 32,
          "ItemUserLDA_21": 11,
          "ItemUserLDA_22": 0,
          "ItemUserLDA_23": 26,
          "ItemUserLDA_24": 88,
          "ItemUserLDA_25": 29,
          "ItemUserLDA_26": 48,
          "ItemUserLDA_27": 70,
          "ItemUserLDA_28": 2,
          "ItemUserLDA_29": 24,
          "UserItemLDA_0": 239,
          "UserItemLDA_1": 107,
          "UserItemLDA_2": 80,
          "UserItemLDA_3": 59,
          "UserItemLDA_4": 150,
          "UserItemLDA_5": 24,
          "UserItemLDA_6": 38,
          "UserItemLDA_7": 49,
          "UserItemLDA_8": 82,
          "UserItemLDA_9": 136,
          "UserItemLDA_10": 82,
          "UserItemLDA_11": 29,
          "UserItemLDA_12": 156,
          "UserItemLDA_13": 153,
          "UserItemLDA_14": 99,
          "UserItemLDA_15": 58,
          "UserItemLDA_16": 39,
          "UserItemLDA_17": 88,
          "UserItemLDA_18": 63,
          "UserItemLDA_19": 76,
          "UserItemLDA_20": 98,
          "UserItemLDA_21": 235,
          "UserItemLDA_22": 186,
          "UserItemLDA_23": 87,
          "UserItemLDA_24": 62,
          "UserItemLDA_25": 17,
          "UserItemLDA_26": 24,
          "UserItemLDA_27": 81,
          "UserItemLDA_28": 47,
          "UserItemLDA_29": 0
        }
      }
    ],
    "average_train_auc": 0.9939793088602151,
    "average_valid_auc": 0.9846239783654529,
    "train_auc_std": 0.0004146031551980861,
    "valid_auc_std": 9.943503606760729e-05,
    "average_train_time": 528.0128057003021
  },
  "config": {
    "features": [
      "os",
      "app",
      "channel",
      "hour",
      "count",
      "future_click_count_10",
      "future_click_count_80",
      "next_click_time_delta",
      "prev_click_time_delta",
      "average_attributed_ratio",
      "komaki_lda_5_no_device",
      "komaki_nmf_5_no_device",
      "komaki_pca_5_no_device",
      "item_user_lda_30",
      "user_item_lda_30"
    ],
    "model": {
      "name": "lightgbm",
      "model_params": {
        "boosting_type": "gbdt",
        "objective": "binary",
        "metric": "auc",
        "learning_rate": 0.03,
        "num_leaves": 255,
        "max_depth": 8,
        "min_child_samples": 20,
        "max_bin": 100,
        "subsample": 0.7,
        "subsample_freq": 1,
        "colsample_bytree": 0.7,
        "min_child_weight": 0,
        "subsample_for_bin": 200000,
        "min_split_gain": 0,
        "reg_alpha": 0,
        "reg_lambda": 0,
        "verbose": 0
      },
      "train_params": {
        "num_boost_round": 1000,
        "early_stopping_rounds": 30
      }
    },
    "dataset": {
      "input_directory": "data/input/",
      "cache_directory": "data/working/",
      "files": {
        "train": "train.feather",
        "test": "old_test.feather"
      },
      "negative_down_sampling": {
        "enabled": true,
        "bagging_size": 5,
        "random_state": 114514
      }
    },
    "note": "39 + 40"
  }
}