{
  "training": {
    "trials": [
      {
        "train_auc": 0.9939977456043076,
        "valid_auc": 0.9847254535094813,
        "best_iteration": 628,
        "train_time": 401.49947118759155,
        "feature_importance": {
          "app": 3355,
          "hour": 3813,
          "n_channels": 1067,
          "ip_app_count": 1319,
          "ip_app_os_count": 1302,
          "FutureClickCount_600-ip": 691,
          "FutureClickCount_600-app": 607,
          "FutureClickCount_600-ip-app": 208,
          "FutureClickCount_600-dev": 298,
          "FutureClickCount_600-ip-dev": 605,
          "FutureClickCount_600-app-dev": 455,
          "FutureClickCount_600-ip-app-dev": 208,
          "FutureClickCount_600-os": 464,
          "FutureClickCount_600-ip-os": 436,
          "FutureClickCount_600-app-os": 516,
          "FutureClickCount_600-ip-app-os": 235,
          "FutureClickCount_600-dev-os": 815,
          "FutureClickCount_600-ip-dev-os": 472,
          "FutureClickCount_600-app-dev-os": 596,
          "FutureClickCount_600-ip-app-dev-os": 353,
          "FutureClickCount_600-cha": 607,
          "FutureClickCount_600-ip-cha": 136,
          "FutureClickCount_600-app-cha": 776,
          "FutureClickCount_600-ip-app-cha": 122,
          "FutureClickCount_600-dev-cha": 437,
          "FutureClickCount_600-ip-dev-cha": 114,
          "FutureClickCount_600-app-dev-cha": 467,
          "FutureClickCount_600-ip-app-dev-cha": 110,
          "FutureClickCount_600-os-cha": 353,
          "FutureClickCount_600-ip-os-cha": 110,
          "FutureClickCount_600-app-os-cha": 415,
          "FutureClickCount_600-ip-app-os-cha": 92,
          "FutureClickCount_600-dev-os-cha": 400,
          "FutureClickCount_600-ip-dev-os-cha": 104,
          "FutureClickCount_600-app-dev-os-cha": 386,
          "FutureClickCount_600-ip-app-dev-os-cha": 117,
          "FutureClickCount_4800-ip": 1043,
          "FutureClickCount_4800-app": 441,
          "FutureClickCount_4800-ip-app": 343,
          "FutureClickCount_4800-dev": 123,
          "FutureClickCount_4800-ip-dev": 1171,
          "FutureClickCount_4800-app-dev": 248,
          "FutureClickCount_4800-ip-app-dev": 332,
          "FutureClickCount_4800-os": 204,
          "FutureClickCount_4800-ip-os": 675,
          "FutureClickCount_4800-app-os": 391,
          "FutureClickCount_4800-ip-app-os": 314,
          "FutureClickCount_4800-dev-os": 351,
          "FutureClickCount_4800-ip-dev-os": 760,
          "FutureClickCount_4800-app-dev-os": 600,
          "FutureClickCount_4800-ip-app-dev-os": 414,
          "FutureClickCount_4800-cha": 406,
          "FutureClickCount_4800-ip-cha": 266,
          "FutureClickCount_4800-app-cha": 645,
          "FutureClickCount_4800-ip-app-cha": 228,
          "FutureClickCount_4800-dev-cha": 296,
          "FutureClickCount_4800-ip-dev-cha": 238,
          "FutureClickCount_4800-app-dev-cha": 420,
          "FutureClickCount_4800-ip-app-dev-cha": 163,
          "FutureClickCount_4800-os-cha": 423,
          "FutureClickCount_4800-ip-os-cha": 124,
          "FutureClickCount_4800-app-os-cha": 428,
          "FutureClickCount_4800-ip-app-os-cha": 131,
          "FutureClickCount_4800-dev-os-cha": 341,
          "FutureClickCount_4800-ip-dev-os-cha": 109,
          "FutureClickCount_4800-app-dev-os-cha": 360,
          "FutureClickCount_4800-ip-app-dev-os-cha": 109,
          "NextClickTimeDelta-ip": 866,
          "NextClickTimeDelta-app": 209,
          "NextClickTimeDelta-ip-app": 1067,
          "NextClickTimeDelta-dev": 89,
          "NextClickTimeDelta-ip-dev": 645,
          "NextClickTimeDelta-app-dev": 140,
          "NextClickTimeDelta-ip-app-dev": 696,
          "NextClickTimeDelta-os": 137,
          "NextClickTimeDelta-ip-os": 698,
          "NextClickTimeDelta-app-os": 256,
          "NextClickTimeDelta-ip-app-os": 1514,
          "NextClickTimeDelta-dev-os": 116,
          "NextClickTimeDelta-ip-dev-os": 513,
          "NextClickTimeDelta-app-dev-os": 251,
          "NextClickTimeDelta-ip-app-dev-os": 2619,
          "NextClickTimeDelta-cha": 140,
          "NextClickTimeDelta-ip-cha": 599,
          "NextClickTimeDelta-app-cha": 261,
          "NextClickTimeDelta-ip-app-cha": 526,
          "NextClickTimeDelta-dev-cha": 147,
          "NextClickTimeDelta-ip-dev-cha": 434,
          "NextClickTimeDelta-app-dev-cha": 164,
          "NextClickTimeDelta-ip-app-dev-cha": 431,
          "NextClickTimeDelta-os-cha": 328,
          "NextClickTimeDelta-ip-os-cha": 472,
          "NextClickTimeDelta-app-os-cha": 392,
          "NextClickTimeDelta-ip-app-os-cha": 554,
          "NextClickTimeDelta-dev-os-cha": 261,
          "NextClickTimeDelta-ip-dev-os-cha": 386,
          "NextClickTimeDelta-app-dev-os-cha": 290,
          "NextClickTimeDelta-ip-app-dev-os-cha": 605,
          "PrevClickTimeDelta-ip": 804,
          "PrevClickTimeDelta-app": 170,
          "PrevClickTimeDelta-ip-app": 536,
          "PrevClickTimeDelta-dev": 96,
          "PrevClickTimeDelta-ip-dev": 482,
          "PrevClickTimeDelta-app-dev": 120,
          "PrevClickTimeDelta-ip-app-dev": 404,
          "PrevClickTimeDelta-os": 128,
          "PrevClickTimeDelta-ip-os": 679,
          "PrevClickTimeDelta-app-os": 274,
          "PrevClickTimeDelta-ip-app-os": 452,
          "PrevClickTimeDelta-dev-os": 120,
          "PrevClickTimeDelta-ip-dev-os": 390,
          "PrevClickTimeDelta-app-dev-os": 202,
          "PrevClickTimeDelta-ip-app-dev-os": 340,
          "PrevClickTimeDelta-cha": 151,
          "PrevClickTimeDelta-ip-cha": 527,
          "PrevClickTimeDelta-app-cha": 251,
          "PrevClickTimeDelta-ip-app-cha": 362,
          "PrevClickTimeDelta-dev-cha": 148,
          "PrevClickTimeDelta-ip-dev-cha": 270,
          "PrevClickTimeDelta-app-dev-cha": 159,
          "PrevClickTimeDelta-ip-app-dev-cha": 277,
          "PrevClickTimeDelta-os-cha": 320,
          "PrevClickTimeDelta-ip-os-cha": 298,
          "PrevClickTimeDelta-app-os-cha": 302,
          "PrevClickTimeDelta-ip-app-os-cha": 249,
          "PrevClickTimeDelta-dev-os-cha": 244,
          "PrevClickTimeDelta-ip-dev-os-cha": 234,
          "PrevClickTimeDelta-app-dev-os-cha": 289,
          "PrevClickTimeDelta-ip-app-dev-os-cha": 187,
          "AverageAttributedRatio-ip": 498,
          "AverageAttributedRatio-app": 514,
          "AverageAttributedRatio-ip-app": 393,
          "AverageAttributedRatio-dev": 771,
          "AverageAttributedRatio-ip-dev": 535,
          "AverageAttributedRatio-app-dev": 334,
          "AverageAttributedRatio-ip-app-dev": 504,
          "AverageAttributedRatio-os": 540,
          "AverageAttributedRatio-ip-os": 356,
          "AverageAttributedRatio-app-os": 451,
          "AverageAttributedRatio-ip-app-os": 136,
          "AverageAttributedRatio-dev-os": 418,
          "AverageAttributedRatio-ip-dev-os": 334,
          "AverageAttributedRatio-app-dev-os": 474,
          "AverageAttributedRatio-ip-app-dev-os": 113,
          "AverageAttributedRatio-cha": 443,
          "AverageAttributedRatio-ip-cha": 189,
          "AverageAttributedRatio-app-cha": 407,
          "AverageAttributedRatio-ip-app-cha": 138,
          "AverageAttributedRatio-dev-cha": 316,
          "AverageAttributedRatio-ip-dev-cha": 148,
          "AverageAttributedRatio-app-dev-cha": 361,
          "AverageAttributedRatio-ip-app-dev-cha": 159,
          "AverageAttributedRatio-os-cha": 410,
          "AverageAttributedRatio-ip-os-cha": 124,
          "AverageAttributedRatio-app-os-cha": 540,
          "AverageAttributedRatio-ip-app-os-cha": 73,
          "AverageAttributedRatio-dev-os-cha": 378,
          "AverageAttributedRatio-ip-dev-os-cha": 89,
          "AverageAttributedRatio-app-dev-os-cha": 466,
          "AverageAttributedRatio-ip-app-dev-os-cha": 62,
          "KomakiNMF5NoDevice-ip-app-0": 852,
          "KomakiNMF5NoDevice-ip-app-1": 1238,
          "KomakiNMF5NoDevice-ip-app-2": 1021,
          "KomakiNMF5NoDevice-ip-app-3": 816,
          "KomakiNMF5NoDevice-ip-app-4": 855,
          "KomakiNMF5NoDevice-ip-os-0": 1109,
          "KomakiNMF5NoDevice-ip-os-1": 946,
          "KomakiNMF5NoDevice-ip-os-2": 941,
          "KomakiNMF5NoDevice-ip-os-3": 942,
          "KomakiNMF5NoDevice-ip-os-4": 1024,
          "KomakiNMF5NoDevice-ip-channel-0": 947,
          "KomakiNMF5NoDevice-ip-channel-1": 1249,
          "KomakiNMF5NoDevice-ip-channel-2": 881,
          "KomakiNMF5NoDevice-ip-channel-3": 1058,
          "KomakiNMF5NoDevice-ip-channel-4": 978,
          "KomakiNMF5NoDevice-app-ip-0": 276,
          "KomakiNMF5NoDevice-app-ip-1": 266,
          "KomakiNMF5NoDevice-app-ip-2": 279,
          "KomakiNMF5NoDevice-app-ip-3": 265,
          "KomakiNMF5NoDevice-app-ip-4": 171,
          "KomakiNMF5NoDevice-app-os-0": 99,
          "KomakiNMF5NoDevice-app-os-1": 205,
          "KomakiNMF5NoDevice-app-os-2": 161,
          "KomakiNMF5NoDevice-app-os-3": 57,
          "KomakiNMF5NoDevice-app-os-4": 67,
          "KomakiNMF5NoDevice-app-channel-0": 129,
          "KomakiNMF5NoDevice-app-channel-1": 161,
          "KomakiNMF5NoDevice-app-channel-2": 192,
          "KomakiNMF5NoDevice-app-channel-3": 162,
          "KomakiNMF5NoDevice-app-channel-4": 181,
          "KomakiNMF5NoDevice-os-ip-0": 301,
          "KomakiNMF5NoDevice-os-ip-1": 218,
          "KomakiNMF5NoDevice-os-ip-2": 183,
          "KomakiNMF5NoDevice-os-ip-3": 209,
          "KomakiNMF5NoDevice-os-ip-4": 159,
          "KomakiNMF5NoDevice-os-app-0": 161,
          "KomakiNMF5NoDevice-os-app-1": 23,
          "KomakiNMF5NoDevice-os-app-2": 208,
          "KomakiNMF5NoDevice-os-app-3": 372,
          "KomakiNMF5NoDevice-os-app-4": 178,
          "KomakiNMF5NoDevice-os-channel-0": 378,
          "KomakiNMF5NoDevice-os-channel-1": 191,
          "KomakiNMF5NoDevice-os-channel-2": 465,
          "KomakiNMF5NoDevice-os-channel-3": 264,
          "KomakiNMF5NoDevice-os-channel-4": 258,
          "KomakiNMF5NoDevice-channel-ip-0": 423,
          "KomakiNMF5NoDevice-channel-ip-1": 257,
          "KomakiNMF5NoDevice-channel-ip-2": 336,
          "KomakiNMF5NoDevice-channel-ip-3": 400,
          "KomakiNMF5NoDevice-channel-ip-4": 353,
          "KomakiNMF5NoDevice-channel-app-0": 186,
          "KomakiNMF5NoDevice-channel-app-1": 114,
          "KomakiNMF5NoDevice-channel-app-2": 224,
          "KomakiNMF5NoDevice-channel-app-3": 188,
          "KomakiNMF5NoDevice-channel-app-4": 209,
          "KomakiNMF5NoDevice-channel-os-0": 387,
          "KomakiNMF5NoDevice-channel-os-1": 123,
          "KomakiNMF5NoDevice-channel-os-2": 363,
          "KomakiNMF5NoDevice-channel-os-3": 191,
          "KomakiNMF5NoDevice-channel-os-4": 366,
          "KomakiPCA5NoDevice-ip-app-0": 1343,
          "KomakiPCA5NoDevice-ip-app-1": 1237,
          "KomakiPCA5NoDevice-ip-app-2": 956,
          "KomakiPCA5NoDevice-ip-app-3": 685,
          "KomakiPCA5NoDevice-ip-app-4": 1342,
          "KomakiPCA5NoDevice-ip-os-0": 1409,
          "KomakiPCA5NoDevice-ip-os-1": 836,
          "KomakiPCA5NoDevice-ip-os-2": 916,
          "KomakiPCA5NoDevice-ip-os-3": 908,
          "KomakiPCA5NoDevice-ip-os-4": 965,
          "KomakiPCA5NoDevice-ip-channel-0": 1400,
          "KomakiPCA5NoDevice-ip-channel-1": 1099,
          "KomakiPCA5NoDevice-ip-channel-2": 1047,
          "KomakiPCA5NoDevice-ip-channel-3": 948,
          "KomakiPCA5NoDevice-ip-channel-4": 1072,
          "KomakiPCA5NoDevice-app-ip-0": 184,
          "KomakiPCA5NoDevice-app-ip-1": 179,
          "KomakiPCA5NoDevice-app-ip-2": 218,
          "KomakiPCA5NoDevice-app-ip-3": 200,
          "KomakiPCA5NoDevice-app-ip-4": 178,
          "KomakiPCA5NoDevice-app-os-0": 276,
          "KomakiPCA5NoDevice-app-os-1": 142,
          "KomakiPCA5NoDevice-app-os-2": 161,
          "KomakiPCA5NoDevice-app-os-3": 172,
          "KomakiPCA5NoDevice-app-os-4": 190,
          "KomakiPCA5NoDevice-app-channel-0": 171,
          "KomakiPCA5NoDevice-app-channel-1": 233,
          "KomakiPCA5NoDevice-app-channel-2": 175,
          "KomakiPCA5NoDevice-app-channel-3": 141,
          "KomakiPCA5NoDevice-app-channel-4": 217,
          "KomakiPCA5NoDevice-os-ip-0": 119,
          "KomakiPCA5NoDevice-os-ip-1": 189,
          "KomakiPCA5NoDevice-os-ip-2": 195,
          "KomakiPCA5NoDevice-os-ip-3": 224,
          "KomakiPCA5NoDevice-os-ip-4": 208,
          "KomakiPCA5NoDevice-os-app-0": 271,
          "KomakiPCA5NoDevice-os-app-1": 181,
          "KomakiPCA5NoDevice-os-app-2": 167,
          "KomakiPCA5NoDevice-os-app-3": 380,
          "KomakiPCA5NoDevice-os-app-4": 304,
          "KomakiPCA5NoDevice-os-channel-0": 184,
          "KomakiPCA5NoDevice-os-channel-1": 304,
          "KomakiPCA5NoDevice-os-channel-2": 190,
          "KomakiPCA5NoDevice-os-channel-3": 194,
          "KomakiPCA5NoDevice-os-channel-4": 226,
          "KomakiPCA5NoDevice-channel-ip-0": 363,
          "KomakiPCA5NoDevice-channel-ip-1": 381,
          "KomakiPCA5NoDevice-channel-ip-2": 288,
          "KomakiPCA5NoDevice-channel-ip-3": 247,
          "KomakiPCA5NoDevice-channel-ip-4": 364,
          "KomakiPCA5NoDevice-channel-app-0": 339,
          "KomakiPCA5NoDevice-channel-app-1": 225,
          "KomakiPCA5NoDevice-channel-app-2": 196,
          "KomakiPCA5NoDevice-channel-app-3": 238,
          "KomakiPCA5NoDevice-channel-app-4": 232,
          "KomakiPCA5NoDevice-channel-os-0": 292,
          "KomakiPCA5NoDevice-channel-os-1": 311,
          "KomakiPCA5NoDevice-channel-os-2": 249,
          "KomakiPCA5NoDevice-channel-os-3": 254,
          "KomakiPCA5NoDevice-channel-os-4": 329
        }
      },
      {
        "train_auc": 0.9936699992109508,
        "valid_auc": 0.9846510321155502,
        "best_iteration": 587,
        "train_time": 375.1213538646698,
        "feature_importance": {
          "app": 3387,
          "hour": 3648,
          "n_channels": 1079,
          "ip_app_count": 1270,
          "ip_app_os_count": 1272,
          "FutureClickCount_600-ip": 644,
          "FutureClickCount_600-app": 603,
          "FutureClickCount_600-ip-app": 234,
          "FutureClickCount_600-dev": 299,
          "FutureClickCount_600-ip-dev": 616,
          "FutureClickCount_600-app-dev": 443,
          "FutureClickCount_600-ip-app-dev": 163,
          "FutureClickCount_600-os": 425,
          "FutureClickCount_600-ip-os": 445,
          "FutureClickCount_600-app-os": 530,
          "FutureClickCount_600-ip-app-os": 231,
          "FutureClickCount_600-dev-os": 759,
          "FutureClickCount_600-ip-dev-os": 425,
          "FutureClickCount_600-app-dev-os": 616,
          "FutureClickCount_600-ip-app-dev-os": 362,
          "FutureClickCount_600-cha": 543,
          "FutureClickCount_600-ip-cha": 166,
          "FutureClickCount_600-app-cha": 695,
          "FutureClickCount_600-ip-app-cha": 104,
          "FutureClickCount_600-dev-cha": 402,
          "FutureClickCount_600-ip-dev-cha": 105,
          "FutureClickCount_600-app-dev-cha": 422,
          "FutureClickCount_600-ip-app-dev-cha": 105,
          "FutureClickCount_600-os-cha": 381,
          "FutureClickCount_600-ip-os-cha": 90,
          "FutureClickCount_600-app-os-cha": 388,
          "FutureClickCount_600-ip-app-os-cha": 75,
          "FutureClickCount_600-dev-os-cha": 411,
          "FutureClickCount_600-ip-dev-os-cha": 94,
          "FutureClickCount_600-app-dev-os-cha": 346,
          "FutureClickCount_600-ip-app-dev-os-cha": 78,
          "FutureClickCount_4800-ip": 975,
          "FutureClickCount_4800-app": 359,
          "FutureClickCount_4800-ip-app": 388,
          "FutureClickCount_4800-dev": 94,
          "FutureClickCount_4800-ip-dev": 1171,
          "FutureClickCount_4800-app-dev": 231,
          "FutureClickCount_4800-ip-app-dev": 335,
          "FutureClickCount_4800-os": 195,
          "FutureClickCount_4800-ip-os": 621,
          "FutureClickCount_4800-app-os": 399,
          "FutureClickCount_4800-ip-app-os": 281,
          "FutureClickCount_4800-dev-os": 320,
          "FutureClickCount_4800-ip-dev-os": 722,
          "FutureClickCount_4800-app-dev-os": 553,
          "FutureClickCount_4800-ip-app-dev-os": 432,
          "FutureClickCount_4800-cha": 397,
          "FutureClickCount_4800-ip-cha": 221,
          "FutureClickCount_4800-app-cha": 655,
          "FutureClickCount_4800-ip-app-cha": 202,
          "FutureClickCount_4800-dev-cha": 274,
          "FutureClickCount_4800-ip-dev-cha": 245,
          "FutureClickCount_4800-app-dev-cha": 349,
          "FutureClickCount_4800-ip-app-dev-cha": 149,
          "FutureClickCount_4800-os-cha": 395,
          "FutureClickCount_4800-ip-os-cha": 130,
          "FutureClickCount_4800-app-os-cha": 390,
          "FutureClickCount_4800-ip-app-os-cha": 164,
          "FutureClickCount_4800-dev-os-cha": 347,
          "FutureClickCount_4800-ip-dev-os-cha": 91,
          "FutureClickCount_4800-app-dev-os-cha": 411,
          "FutureClickCount_4800-ip-app-dev-os-cha": 128,
          "NextClickTimeDelta-ip": 764,
          "NextClickTimeDelta-app": 171,
          "NextClickTimeDelta-ip-app": 1051,
          "NextClickTimeDelta-dev": 78,
          "NextClickTimeDelta-ip-dev": 591,
          "NextClickTimeDelta-app-dev": 123,
          "NextClickTimeDelta-ip-app-dev": 658,
          "NextClickTimeDelta-os": 116,
          "NextClickTimeDelta-ip-os": 664,
          "NextClickTimeDelta-app-os": 245,
          "NextClickTimeDelta-ip-app-os": 1401,
          "NextClickTimeDelta-dev-os": 111,
          "NextClickTimeDelta-ip-dev-os": 475,
          "NextClickTimeDelta-app-dev-os": 214,
          "NextClickTimeDelta-ip-app-dev-os": 2542,
          "NextClickTimeDelta-cha": 162,
          "NextClickTimeDelta-ip-cha": 625,
          "NextClickTimeDelta-app-cha": 269,
          "NextClickTimeDelta-ip-app-cha": 553,
          "NextClickTimeDelta-dev-cha": 160,
          "NextClickTimeDelta-ip-dev-cha": 462,
          "NextClickTimeDelta-app-dev-cha": 182,
          "NextClickTimeDelta-ip-app-dev-cha": 351,
          "NextClickTimeDelta-os-cha": 288,
          "NextClickTimeDelta-ip-os-cha": 388,
          "NextClickTimeDelta-app-os-cha": 380,
          "NextClickTimeDelta-ip-app-os-cha": 510,
          "NextClickTimeDelta-dev-os-cha": 236,
          "NextClickTimeDelta-ip-dev-os-cha": 335,
          "NextClickTimeDelta-app-dev-os-cha": 256,
          "NextClickTimeDelta-ip-app-dev-os-cha": 560,
          "PrevClickTimeDelta-ip": 626,
          "PrevClickTimeDelta-app": 149,
          "PrevClickTimeDelta-ip-app": 519,
          "PrevClickTimeDelta-dev": 90,
          "PrevClickTimeDelta-ip-dev": 382,
          "PrevClickTimeDelta-app-dev": 119,
          "PrevClickTimeDelta-ip-app-dev": 324,
          "PrevClickTimeDelta-os": 141,
          "PrevClickTimeDelta-ip-os": 601,
          "PrevClickTimeDelta-app-os": 245,
          "PrevClickTimeDelta-ip-app-os": 406,
          "PrevClickTimeDelta-dev-os": 102,
          "PrevClickTimeDelta-ip-dev-os": 364,
          "PrevClickTimeDelta-app-dev-os": 207,
          "PrevClickTimeDelta-ip-app-dev-os": 319,
          "PrevClickTimeDelta-cha": 160,
          "PrevClickTimeDelta-ip-cha": 483,
          "PrevClickTimeDelta-app-cha": 217,
          "PrevClickTimeDelta-ip-app-cha": 318,
          "PrevClickTimeDelta-dev-cha": 160,
          "PrevClickTimeDelta-ip-dev-cha": 284,
          "PrevClickTimeDelta-app-dev-cha": 119,
          "PrevClickTimeDelta-ip-app-dev-cha": 276,
          "PrevClickTimeDelta-os-cha": 340,
          "PrevClickTimeDelta-ip-os-cha": 265,
          "PrevClickTimeDelta-app-os-cha": 284,
          "PrevClickTimeDelta-ip-app-os-cha": 250,
          "PrevClickTimeDelta-dev-os-cha": 220,
          "PrevClickTimeDelta-ip-dev-os-cha": 232,
          "PrevClickTimeDelta-app-dev-os-cha": 276,
          "PrevClickTimeDelta-ip-app-dev-os-cha": 202,
          "AverageAttributedRatio-ip": 497,
          "AverageAttributedRatio-app": 522,
          "AverageAttributedRatio-ip-app": 420,
          "AverageAttributedRatio-dev": 763,
          "AverageAttributedRatio-ip-dev": 516,
          "AverageAttributedRatio-app-dev": 353,
          "AverageAttributedRatio-ip-app-dev": 489,
          "AverageAttributedRatio-os": 439,
          "AverageAttributedRatio-ip-os": 355,
          "AverageAttributedRatio-app-os": 379,
          "AverageAttributedRatio-ip-app-os": 141,
          "AverageAttributedRatio-dev-os": 409,
          "AverageAttributedRatio-ip-dev-os": 329,
          "AverageAttributedRatio-app-dev-os": 479,
          "AverageAttributedRatio-ip-app-dev-os": 119,
          "AverageAttributedRatio-cha": 437,
          "AverageAttributedRatio-ip-cha": 186,
          "AverageAttributedRatio-app-cha": 381,
          "AverageAttributedRatio-ip-app-cha": 176,
          "AverageAttributedRatio-dev-cha": 294,
          "AverageAttributedRatio-ip-dev-cha": 173,
          "AverageAttributedRatio-app-dev-cha": 321,
          "AverageAttributedRatio-ip-app-dev-cha": 163,
          "AverageAttributedRatio-os-cha": 403,
          "AverageAttributedRatio-ip-os-cha": 105,
          "AverageAttributedRatio-app-os-cha": 451,
          "AverageAttributedRatio-ip-app-os-cha": 67,
          "AverageAttributedRatio-dev-os-cha": 332,
          "AverageAttributedRatio-ip-dev-os-cha": 73,
          "AverageAttributedRatio-app-dev-os-cha": 483,
          "AverageAttributedRatio-ip-app-dev-os-cha": 66,
          "KomakiNMF5NoDevice-ip-app-0": 793,
          "KomakiNMF5NoDevice-ip-app-1": 1207,
          "KomakiNMF5NoDevice-ip-app-2": 951,
          "KomakiNMF5NoDevice-ip-app-3": 762,
          "KomakiNMF5NoDevice-ip-app-4": 855,
          "KomakiNMF5NoDevice-ip-os-0": 1083,
          "KomakiNMF5NoDevice-ip-os-1": 913,
          "KomakiNMF5NoDevice-ip-os-2": 958,
          "KomakiNMF5NoDevice-ip-os-3": 845,
          "KomakiNMF5NoDevice-ip-os-4": 1014,
          "KomakiNMF5NoDevice-ip-channel-0": 857,
          "KomakiNMF5NoDevice-ip-channel-1": 1177,
          "KomakiNMF5NoDevice-ip-channel-2": 754,
          "KomakiNMF5NoDevice-ip-channel-3": 1043,
          "KomakiNMF5NoDevice-ip-channel-4": 899,
          "KomakiNMF5NoDevice-app-ip-0": 279,
          "KomakiNMF5NoDevice-app-ip-1": 242,
          "KomakiNMF5NoDevice-app-ip-2": 215,
          "KomakiNMF5NoDevice-app-ip-3": 271,
          "KomakiNMF5NoDevice-app-ip-4": 172,
          "KomakiNMF5NoDevice-app-os-0": 106,
          "KomakiNMF5NoDevice-app-os-1": 198,
          "KomakiNMF5NoDevice-app-os-2": 147,
          "KomakiNMF5NoDevice-app-os-3": 66,
          "KomakiNMF5NoDevice-app-os-4": 71,
          "KomakiNMF5NoDevice-app-channel-0": 143,
          "KomakiNMF5NoDevice-app-channel-1": 171,
          "KomakiNMF5NoDevice-app-channel-2": 202,
          "KomakiNMF5NoDevice-app-channel-3": 179,
          "KomakiNMF5NoDevice-app-channel-4": 138,
          "KomakiNMF5NoDevice-os-ip-0": 244,
          "KomakiNMF5NoDevice-os-ip-1": 186,
          "KomakiNMF5NoDevice-os-ip-2": 156,
          "KomakiNMF5NoDevice-os-ip-3": 160,
          "KomakiNMF5NoDevice-os-ip-4": 148,
          "KomakiNMF5NoDevice-os-app-0": 166,
          "KomakiNMF5NoDevice-os-app-1": 23,
          "KomakiNMF5NoDevice-os-app-2": 196,
          "KomakiNMF5NoDevice-os-app-3": 355,
          "KomakiNMF5NoDevice-os-app-4": 190,
          "KomakiNMF5NoDevice-os-channel-0": 348,
          "KomakiNMF5NoDevice-os-channel-1": 178,
          "KomakiNMF5NoDevice-os-channel-2": 343,
          "KomakiNMF5NoDevice-os-channel-3": 266,
          "KomakiNMF5NoDevice-os-channel-4": 209,
          "KomakiNMF5NoDevice-channel-ip-0": 396,
          "KomakiNMF5NoDevice-channel-ip-1": 254,
          "KomakiNMF5NoDevice-channel-ip-2": 334,
          "KomakiNMF5NoDevice-channel-ip-3": 446,
          "KomakiNMF5NoDevice-channel-ip-4": 341,
          "KomakiNMF5NoDevice-channel-app-0": 213,
          "KomakiNMF5NoDevice-channel-app-1": 100,
          "KomakiNMF5NoDevice-channel-app-2": 187,
          "KomakiNMF5NoDevice-channel-app-3": 205,
          "KomakiNMF5NoDevice-channel-app-4": 205,
          "KomakiNMF5NoDevice-channel-os-0": 450,
          "KomakiNMF5NoDevice-channel-os-1": 130,
          "KomakiNMF5NoDevice-channel-os-2": 297,
          "KomakiNMF5NoDevice-channel-os-3": 155,
          "KomakiNMF5NoDevice-channel-os-4": 296,
          "KomakiPCA5NoDevice-ip-app-0": 1337,
          "KomakiPCA5NoDevice-ip-app-1": 1070,
          "KomakiPCA5NoDevice-ip-app-2": 981,
          "KomakiPCA5NoDevice-ip-app-3": 695,
          "KomakiPCA5NoDevice-ip-app-4": 1221,
          "KomakiPCA5NoDevice-ip-os-0": 1213,
          "KomakiPCA5NoDevice-ip-os-1": 841,
          "KomakiPCA5NoDevice-ip-os-2": 896,
          "KomakiPCA5NoDevice-ip-os-3": 865,
          "KomakiPCA5NoDevice-ip-os-4": 899,
          "KomakiPCA5NoDevice-ip-channel-0": 1259,
          "KomakiPCA5NoDevice-ip-channel-1": 1050,
          "KomakiPCA5NoDevice-ip-channel-2": 979,
          "KomakiPCA5NoDevice-ip-channel-3": 940,
          "KomakiPCA5NoDevice-ip-channel-4": 970,
          "KomakiPCA5NoDevice-app-ip-0": 166,
          "KomakiPCA5NoDevice-app-ip-1": 163,
          "KomakiPCA5NoDevice-app-ip-2": 200,
          "KomakiPCA5NoDevice-app-ip-3": 202,
          "KomakiPCA5NoDevice-app-ip-4": 138,
          "KomakiPCA5NoDevice-app-os-0": 256,
          "KomakiPCA5NoDevice-app-os-1": 132,
          "KomakiPCA5NoDevice-app-os-2": 146,
          "KomakiPCA5NoDevice-app-os-3": 192,
          "KomakiPCA5NoDevice-app-os-4": 180,
          "KomakiPCA5NoDevice-app-channel-0": 183,
          "KomakiPCA5NoDevice-app-channel-1": 230,
          "KomakiPCA5NoDevice-app-channel-2": 147,
          "KomakiPCA5NoDevice-app-channel-3": 130,
          "KomakiPCA5NoDevice-app-channel-4": 194,
          "KomakiPCA5NoDevice-os-ip-0": 89,
          "KomakiPCA5NoDevice-os-ip-1": 189,
          "KomakiPCA5NoDevice-os-ip-2": 194,
          "KomakiPCA5NoDevice-os-ip-3": 242,
          "KomakiPCA5NoDevice-os-ip-4": 185,
          "KomakiPCA5NoDevice-os-app-0": 266,
          "KomakiPCA5NoDevice-os-app-1": 133,
          "KomakiPCA5NoDevice-os-app-2": 134,
          "KomakiPCA5NoDevice-os-app-3": 368,
          "KomakiPCA5NoDevice-os-app-4": 299,
          "KomakiPCA5NoDevice-os-channel-0": 181,
          "KomakiPCA5NoDevice-os-channel-1": 310,
          "KomakiPCA5NoDevice-os-channel-2": 188,
          "KomakiPCA5NoDevice-os-channel-3": 169,
          "KomakiPCA5NoDevice-os-channel-4": 212,
          "KomakiPCA5NoDevice-channel-ip-0": 393,
          "KomakiPCA5NoDevice-channel-ip-1": 375,
          "KomakiPCA5NoDevice-channel-ip-2": 261,
          "KomakiPCA5NoDevice-channel-ip-3": 294,
          "KomakiPCA5NoDevice-channel-ip-4": 352,
          "KomakiPCA5NoDevice-channel-app-0": 302,
          "KomakiPCA5NoDevice-channel-app-1": 195,
          "KomakiPCA5NoDevice-channel-app-2": 213,
          "KomakiPCA5NoDevice-channel-app-3": 231,
          "KomakiPCA5NoDevice-channel-app-4": 233,
          "KomakiPCA5NoDevice-channel-os-0": 276,
          "KomakiPCA5NoDevice-channel-os-1": 323,
          "KomakiPCA5NoDevice-channel-os-2": 221,
          "KomakiPCA5NoDevice-channel-os-3": 272,
          "KomakiPCA5NoDevice-channel-os-4": 279
        }
      },
      {
        "train_auc": 0.993892556004893,
        "valid_auc": 0.9844551147881169,
        "best_iteration": 612,
        "train_time": 394.2817702293396,
        "feature_importance": {
          "app": 3443,
          "hour": 3757,
          "n_channels": 1088,
          "ip_app_count": 1381,
          "ip_app_os_count": 1347,
          "FutureClickCount_600-ip": 663,
          "FutureClickCount_600-app": 636,
          "FutureClickCount_600-ip-app": 252,
          "FutureClickCount_600-dev": 307,
          "FutureClickCount_600-ip-dev": 634,
          "FutureClickCount_600-app-dev": 486,
          "FutureClickCount_600-ip-app-dev": 202,
          "FutureClickCount_600-os": 462,
          "FutureClickCount_600-ip-os": 442,
          "FutureClickCount_600-app-os": 506,
          "FutureClickCount_600-ip-app-os": 250,
          "FutureClickCount_600-dev-os": 771,
          "FutureClickCount_600-ip-dev-os": 460,
          "FutureClickCount_600-app-dev-os": 656,
          "FutureClickCount_600-ip-app-dev-os": 390,
          "FutureClickCount_600-cha": 535,
          "FutureClickCount_600-ip-cha": 152,
          "FutureClickCount_600-app-cha": 687,
          "FutureClickCount_600-ip-app-cha": 137,
          "FutureClickCount_600-dev-cha": 421,
          "FutureClickCount_600-ip-dev-cha": 145,
          "FutureClickCount_600-app-dev-cha": 453,
          "FutureClickCount_600-ip-app-dev-cha": 116,
          "FutureClickCount_600-os-cha": 393,
          "FutureClickCount_600-ip-os-cha": 116,
          "FutureClickCount_600-app-os-cha": 416,
          "FutureClickCount_600-ip-app-os-cha": 104,
          "FutureClickCount_600-dev-os-cha": 408,
          "FutureClickCount_600-ip-dev-os-cha": 116,
          "FutureClickCount_600-app-dev-os-cha": 394,
          "FutureClickCount_600-ip-app-dev-os-cha": 94,
          "FutureClickCount_4800-ip": 1043,
          "FutureClickCount_4800-app": 405,
          "FutureClickCount_4800-ip-app": 394,
          "FutureClickCount_4800-dev": 102,
          "FutureClickCount_4800-ip-dev": 1135,
          "FutureClickCount_4800-app-dev": 280,
          "FutureClickCount_4800-ip-app-dev": 334,
          "FutureClickCount_4800-os": 205,
          "FutureClickCount_4800-ip-os": 688,
          "FutureClickCount_4800-app-os": 405,
          "FutureClickCount_4800-ip-app-os": 322,
          "FutureClickCount_4800-dev-os": 368,
          "FutureClickCount_4800-ip-dev-os": 760,
          "FutureClickCount_4800-app-dev-os": 592,
          "FutureClickCount_4800-ip-app-dev-os": 401,
          "FutureClickCount_4800-cha": 374,
          "FutureClickCount_4800-ip-cha": 243,
          "FutureClickCount_4800-app-cha": 649,
          "FutureClickCount_4800-ip-app-cha": 199,
          "FutureClickCount_4800-dev-cha": 292,
          "FutureClickCount_4800-ip-dev-cha": 215,
          "FutureClickCount_4800-app-dev-cha": 348,
          "FutureClickCount_4800-ip-app-dev-cha": 160,
          "FutureClickCount_4800-os-cha": 414,
          "FutureClickCount_4800-ip-os-cha": 137,
          "FutureClickCount_4800-app-os-cha": 400,
          "FutureClickCount_4800-ip-app-os-cha": 139,
          "FutureClickCount_4800-dev-os-cha": 354,
          "FutureClickCount_4800-ip-dev-os-cha": 139,
          "FutureClickCount_4800-app-dev-os-cha": 379,
          "FutureClickCount_4800-ip-app-dev-os-cha": 112,
          "NextClickTimeDelta-ip": 851,
          "NextClickTimeDelta-app": 173,
          "NextClickTimeDelta-ip-app": 1045,
          "NextClickTimeDelta-dev": 84,
          "NextClickTimeDelta-ip-dev": 572,
          "NextClickTimeDelta-app-dev": 120,
          "NextClickTimeDelta-ip-app-dev": 677,
          "NextClickTimeDelta-os": 113,
          "NextClickTimeDelta-ip-os": 722,
          "NextClickTimeDelta-app-os": 284,
          "NextClickTimeDelta-ip-app-os": 1543,
          "NextClickTimeDelta-dev-os": 109,
          "NextClickTimeDelta-ip-dev-os": 495,
          "NextClickTimeDelta-app-dev-os": 217,
          "NextClickTimeDelta-ip-app-dev-os": 2576,
          "NextClickTimeDelta-cha": 144,
          "NextClickTimeDelta-ip-cha": 636,
          "NextClickTimeDelta-app-cha": 242,
          "NextClickTimeDelta-ip-app-cha": 493,
          "NextClickTimeDelta-dev-cha": 138,
          "NextClickTimeDelta-ip-dev-cha": 451,
          "NextClickTimeDelta-app-dev-cha": 157,
          "NextClickTimeDelta-ip-app-dev-cha": 362,
          "NextClickTimeDelta-os-cha": 307,
          "NextClickTimeDelta-ip-os-cha": 424,
          "NextClickTimeDelta-app-os-cha": 389,
          "NextClickTimeDelta-ip-app-os-cha": 547,
          "NextClickTimeDelta-dev-os-cha": 249,
          "NextClickTimeDelta-ip-dev-os-cha": 354,
          "NextClickTimeDelta-app-dev-os-cha": 287,
          "NextClickTimeDelta-ip-app-dev-os-cha": 626,
          "PrevClickTimeDelta-ip": 640,
          "PrevClickTimeDelta-app": 159,
          "PrevClickTimeDelta-ip-app": 494,
          "PrevClickTimeDelta-dev": 82,
          "PrevClickTimeDelta-ip-dev": 405,
          "PrevClickTimeDelta-app-dev": 104,
          "PrevClickTimeDelta-ip-app-dev": 347,
          "PrevClickTimeDelta-os": 112,
          "PrevClickTimeDelta-ip-os": 570,
          "PrevClickTimeDelta-app-os": 270,
          "PrevClickTimeDelta-ip-app-os": 446,
          "PrevClickTimeDelta-dev-os": 123,
          "PrevClickTimeDelta-ip-dev-os": 363,
          "PrevClickTimeDelta-app-dev-os": 262,
          "PrevClickTimeDelta-ip-app-dev-os": 375,
          "PrevClickTimeDelta-cha": 132,
          "PrevClickTimeDelta-ip-cha": 547,
          "PrevClickTimeDelta-app-cha": 218,
          "PrevClickTimeDelta-ip-app-cha": 372,
          "PrevClickTimeDelta-dev-cha": 162,
          "PrevClickTimeDelta-ip-dev-cha": 327,
          "PrevClickTimeDelta-app-dev-cha": 153,
          "PrevClickTimeDelta-ip-app-dev-cha": 290,
          "PrevClickTimeDelta-os-cha": 319,
          "PrevClickTimeDelta-ip-os-cha": 306,
          "PrevClickTimeDelta-app-os-cha": 316,
          "PrevClickTimeDelta-ip-app-os-cha": 257,
          "PrevClickTimeDelta-dev-os-cha": 241,
          "PrevClickTimeDelta-ip-dev-os-cha": 230,
          "PrevClickTimeDelta-app-dev-os-cha": 261,
          "PrevClickTimeDelta-ip-app-dev-os-cha": 163,
          "AverageAttributedRatio-ip": 562,
          "AverageAttributedRatio-app": 488,
          "AverageAttributedRatio-ip-app": 389,
          "AverageAttributedRatio-dev": 802,
          "AverageAttributedRatio-ip-dev": 558,
          "AverageAttributedRatio-app-dev": 411,
          "AverageAttributedRatio-ip-app-dev": 479,
          "AverageAttributedRatio-os": 499,
          "AverageAttributedRatio-ip-os": 345,
          "AverageAttributedRatio-app-os": 415,
          "AverageAttributedRatio-ip-app-os": 145,
          "AverageAttributedRatio-dev-os": 409,
          "AverageAttributedRatio-ip-dev-os": 332,
          "AverageAttributedRatio-app-dev-os": 449,
          "AverageAttributedRatio-ip-app-dev-os": 107,
          "AverageAttributedRatio-cha": 411,
          "AverageAttributedRatio-ip-cha": 214,
          "AverageAttributedRatio-app-cha": 412,
          "AverageAttributedRatio-ip-app-cha": 180,
          "AverageAttributedRatio-dev-cha": 285,
          "AverageAttributedRatio-ip-dev-cha": 157,
          "AverageAttributedRatio-app-dev-cha": 360,
          "AverageAttributedRatio-ip-app-dev-cha": 171,
          "AverageAttributedRatio-os-cha": 420,
          "AverageAttributedRatio-ip-os-cha": 100,
          "AverageAttributedRatio-app-os-cha": 532,
          "AverageAttributedRatio-ip-app-os-cha": 78,
          "AverageAttributedRatio-dev-os-cha": 382,
          "AverageAttributedRatio-ip-dev-os-cha": 70,
          "AverageAttributedRatio-app-dev-os-cha": 438,
          "AverageAttributedRatio-ip-app-dev-os-cha": 62,
          "KomakiNMF5NoDevice-ip-app-0": 881,
          "KomakiNMF5NoDevice-ip-app-1": 1255,
          "KomakiNMF5NoDevice-ip-app-2": 1023,
          "KomakiNMF5NoDevice-ip-app-3": 777,
          "KomakiNMF5NoDevice-ip-app-4": 900,
          "KomakiNMF5NoDevice-ip-os-0": 1063,
          "KomakiNMF5NoDevice-ip-os-1": 915,
          "KomakiNMF5NoDevice-ip-os-2": 948,
          "KomakiNMF5NoDevice-ip-os-3": 878,
          "KomakiNMF5NoDevice-ip-os-4": 899,
          "KomakiNMF5NoDevice-ip-channel-0": 922,
          "KomakiNMF5NoDevice-ip-channel-1": 1258,
          "KomakiNMF5NoDevice-ip-channel-2": 842,
          "KomakiNMF5NoDevice-ip-channel-3": 1098,
          "KomakiNMF5NoDevice-ip-channel-4": 962,
          "KomakiNMF5NoDevice-app-ip-0": 293,
          "KomakiNMF5NoDevice-app-ip-1": 234,
          "KomakiNMF5NoDevice-app-ip-2": 307,
          "KomakiNMF5NoDevice-app-ip-3": 276,
          "KomakiNMF5NoDevice-app-ip-4": 160,
          "KomakiNMF5NoDevice-app-os-0": 86,
          "KomakiNMF5NoDevice-app-os-1": 234,
          "KomakiNMF5NoDevice-app-os-2": 157,
          "KomakiNMF5NoDevice-app-os-3": 45,
          "KomakiNMF5NoDevice-app-os-4": 73,
          "KomakiNMF5NoDevice-app-channel-0": 111,
          "KomakiNMF5NoDevice-app-channel-1": 173,
          "KomakiNMF5NoDevice-app-channel-2": 180,
          "KomakiNMF5NoDevice-app-channel-3": 164,
          "KomakiNMF5NoDevice-app-channel-4": 141,
          "KomakiNMF5NoDevice-os-ip-0": 269,
          "KomakiNMF5NoDevice-os-ip-1": 205,
          "KomakiNMF5NoDevice-os-ip-2": 170,
          "KomakiNMF5NoDevice-os-ip-3": 190,
          "KomakiNMF5NoDevice-os-ip-4": 150,
          "KomakiNMF5NoDevice-os-app-0": 150,
          "KomakiNMF5NoDevice-os-app-1": 20,
          "KomakiNMF5NoDevice-os-app-2": 250,
          "KomakiNMF5NoDevice-os-app-3": 345,
          "KomakiNMF5NoDevice-os-app-4": 199,
          "KomakiNMF5NoDevice-os-channel-0": 362,
          "KomakiNMF5NoDevice-os-channel-1": 200,
          "KomakiNMF5NoDevice-os-channel-2": 411,
          "KomakiNMF5NoDevice-os-channel-3": 250,
          "KomakiNMF5NoDevice-os-channel-4": 264,
          "KomakiNMF5NoDevice-channel-ip-0": 426,
          "KomakiNMF5NoDevice-channel-ip-1": 241,
          "KomakiNMF5NoDevice-channel-ip-2": 350,
          "KomakiNMF5NoDevice-channel-ip-3": 429,
          "KomakiNMF5NoDevice-channel-ip-4": 320,
          "KomakiNMF5NoDevice-channel-app-0": 159,
          "KomakiNMF5NoDevice-channel-app-1": 100,
          "KomakiNMF5NoDevice-channel-app-2": 174,
          "KomakiNMF5NoDevice-channel-app-3": 210,
          "KomakiNMF5NoDevice-channel-app-4": 220,
          "KomakiNMF5NoDevice-channel-os-0": 403,
          "KomakiNMF5NoDevice-channel-os-1": 140,
          "KomakiNMF5NoDevice-channel-os-2": 277,
          "KomakiNMF5NoDevice-channel-os-3": 152,
          "KomakiNMF5NoDevice-channel-os-4": 336,
          "KomakiPCA5NoDevice-ip-app-0": 1323,
          "KomakiPCA5NoDevice-ip-app-1": 1191,
          "KomakiPCA5NoDevice-ip-app-2": 973,
          "KomakiPCA5NoDevice-ip-app-3": 696,
          "KomakiPCA5NoDevice-ip-app-4": 1364,
          "KomakiPCA5NoDevice-ip-os-0": 1310,
          "KomakiPCA5NoDevice-ip-os-1": 850,
          "KomakiPCA5NoDevice-ip-os-2": 903,
          "KomakiPCA5NoDevice-ip-os-3": 854,
          "KomakiPCA5NoDevice-ip-os-4": 896,
          "KomakiPCA5NoDevice-ip-channel-0": 1339,
          "KomakiPCA5NoDevice-ip-channel-1": 1246,
          "KomakiPCA5NoDevice-ip-channel-2": 1097,
          "KomakiPCA5NoDevice-ip-channel-3": 981,
          "KomakiPCA5NoDevice-ip-channel-4": 1085,
          "KomakiPCA5NoDevice-app-ip-0": 163,
          "KomakiPCA5NoDevice-app-ip-1": 165,
          "KomakiPCA5NoDevice-app-ip-2": 197,
          "KomakiPCA5NoDevice-app-ip-3": 229,
          "KomakiPCA5NoDevice-app-ip-4": 173,
          "KomakiPCA5NoDevice-app-os-0": 261,
          "KomakiPCA5NoDevice-app-os-1": 161,
          "KomakiPCA5NoDevice-app-os-2": 169,
          "KomakiPCA5NoDevice-app-os-3": 202,
          "KomakiPCA5NoDevice-app-os-4": 170,
          "KomakiPCA5NoDevice-app-channel-0": 172,
          "KomakiPCA5NoDevice-app-channel-1": 231,
          "KomakiPCA5NoDevice-app-channel-2": 133,
          "KomakiPCA5NoDevice-app-channel-3": 132,
          "KomakiPCA5NoDevice-app-channel-4": 200,
          "KomakiPCA5NoDevice-os-ip-0": 116,
          "KomakiPCA5NoDevice-os-ip-1": 196,
          "KomakiPCA5NoDevice-os-ip-2": 165,
          "KomakiPCA5NoDevice-os-ip-3": 215,
          "KomakiPCA5NoDevice-os-ip-4": 202,
          "KomakiPCA5NoDevice-os-app-0": 278,
          "KomakiPCA5NoDevice-os-app-1": 155,
          "KomakiPCA5NoDevice-os-app-2": 137,
          "KomakiPCA5NoDevice-os-app-3": 357,
          "KomakiPCA5NoDevice-os-app-4": 318,
          "KomakiPCA5NoDevice-os-channel-0": 207,
          "KomakiPCA5NoDevice-os-channel-1": 268,
          "KomakiPCA5NoDevice-os-channel-2": 184,
          "KomakiPCA5NoDevice-os-channel-3": 167,
          "KomakiPCA5NoDevice-os-channel-4": 196,
          "KomakiPCA5NoDevice-channel-ip-0": 391,
          "KomakiPCA5NoDevice-channel-ip-1": 343,
          "KomakiPCA5NoDevice-channel-ip-2": 299,
          "KomakiPCA5NoDevice-channel-ip-3": 285,
          "KomakiPCA5NoDevice-channel-ip-4": 340,
          "KomakiPCA5NoDevice-channel-app-0": 330,
          "KomakiPCA5NoDevice-channel-app-1": 218,
          "KomakiPCA5NoDevice-channel-app-2": 237,
          "KomakiPCA5NoDevice-channel-app-3": 216,
          "KomakiPCA5NoDevice-channel-app-4": 228,
          "KomakiPCA5NoDevice-channel-os-0": 324,
          "KomakiPCA5NoDevice-channel-os-1": 333,
          "KomakiPCA5NoDevice-channel-os-2": 228,
          "KomakiPCA5NoDevice-channel-os-3": 262,
          "KomakiPCA5NoDevice-channel-os-4": 282
        }
      },
      {
        "train_auc": 0.9938934321986871,
        "valid_auc": 0.9844359707544214,
        "best_iteration": 620,
        "train_time": 398.0319685935974,
        "feature_importance": {
          "app": 3472,
          "hour": 3921,
          "n_channels": 1127,
          "ip_app_count": 1385,
          "ip_app_os_count": 1358,
          "FutureClickCount_600-ip": 674,
          "FutureClickCount_600-app": 629,
          "FutureClickCount_600-ip-app": 230,
          "FutureClickCount_600-dev": 295,
          "FutureClickCount_600-ip-dev": 625,
          "FutureClickCount_600-app-dev": 468,
          "FutureClickCount_600-ip-app-dev": 241,
          "FutureClickCount_600-os": 477,
          "FutureClickCount_600-ip-os": 465,
          "FutureClickCount_600-app-os": 538,
          "FutureClickCount_600-ip-app-os": 265,
          "FutureClickCount_600-dev-os": 819,
          "FutureClickCount_600-ip-dev-os": 444,
          "FutureClickCount_600-app-dev-os": 690,
          "FutureClickCount_600-ip-app-dev-os": 371,
          "FutureClickCount_600-cha": 601,
          "FutureClickCount_600-ip-cha": 148,
          "FutureClickCount_600-app-cha": 712,
          "FutureClickCount_600-ip-app-cha": 137,
          "FutureClickCount_600-dev-cha": 440,
          "FutureClickCount_600-ip-dev-cha": 123,
          "FutureClickCount_600-app-dev-cha": 469,
          "FutureClickCount_600-ip-app-dev-cha": 112,
          "FutureClickCount_600-os-cha": 400,
          "FutureClickCount_600-ip-os-cha": 86,
          "FutureClickCount_600-app-os-cha": 445,
          "FutureClickCount_600-ip-app-os-cha": 88,
          "FutureClickCount_600-dev-os-cha": 419,
          "FutureClickCount_600-ip-dev-os-cha": 82,
          "FutureClickCount_600-app-dev-os-cha": 391,
          "FutureClickCount_600-ip-app-dev-os-cha": 85,
          "FutureClickCount_4800-ip": 1076,
          "FutureClickCount_4800-app": 434,
          "FutureClickCount_4800-ip-app": 341,
          "FutureClickCount_4800-dev": 107,
          "FutureClickCount_4800-ip-dev": 1233,
          "FutureClickCount_4800-app-dev": 259,
          "FutureClickCount_4800-ip-app-dev": 310,
          "FutureClickCount_4800-os": 196,
          "FutureClickCount_4800-ip-os": 713,
          "FutureClickCount_4800-app-os": 452,
          "FutureClickCount_4800-ip-app-os": 293,
          "FutureClickCount_4800-dev-os": 304,
          "FutureClickCount_4800-ip-dev-os": 729,
          "FutureClickCount_4800-app-dev-os": 588,
          "FutureClickCount_4800-ip-app-dev-os": 444,
          "FutureClickCount_4800-cha": 369,
          "FutureClickCount_4800-ip-cha": 236,
          "FutureClickCount_4800-app-cha": 664,
          "FutureClickCount_4800-ip-app-cha": 230,
          "FutureClickCount_4800-dev-cha": 301,
          "FutureClickCount_4800-ip-dev-cha": 233,
          "FutureClickCount_4800-app-dev-cha": 368,
          "FutureClickCount_4800-ip-app-dev-cha": 173,
          "FutureClickCount_4800-os-cha": 379,
          "FutureClickCount_4800-ip-os-cha": 157,
          "FutureClickCount_4800-app-os-cha": 424,
          "FutureClickCount_4800-ip-app-os-cha": 126,
          "FutureClickCount_4800-dev-os-cha": 366,
          "FutureClickCount_4800-ip-dev-os-cha": 124,
          "FutureClickCount_4800-app-dev-os-cha": 400,
          "FutureClickCount_4800-ip-app-dev-os-cha": 120,
          "NextClickTimeDelta-ip": 830,
          "NextClickTimeDelta-app": 162,
          "NextClickTimeDelta-ip-app": 1035,
          "NextClickTimeDelta-dev": 83,
          "NextClickTimeDelta-ip-dev": 627,
          "NextClickTimeDelta-app-dev": 135,
          "NextClickTimeDelta-ip-app-dev": 664,
          "NextClickTimeDelta-os": 106,
          "NextClickTimeDelta-ip-os": 754,
          "NextClickTimeDelta-app-os": 289,
          "NextClickTimeDelta-ip-app-os": 1477,
          "NextClickTimeDelta-dev-os": 135,
          "NextClickTimeDelta-ip-dev-os": 553,
          "NextClickTimeDelta-app-dev-os": 233,
          "NextClickTimeDelta-ip-app-dev-os": 2605,
          "NextClickTimeDelta-cha": 195,
          "NextClickTimeDelta-ip-cha": 601,
          "NextClickTimeDelta-app-cha": 230,
          "NextClickTimeDelta-ip-app-cha": 499,
          "NextClickTimeDelta-dev-cha": 157,
          "NextClickTimeDelta-ip-dev-cha": 467,
          "NextClickTimeDelta-app-dev-cha": 176,
          "NextClickTimeDelta-ip-app-dev-cha": 389,
          "NextClickTimeDelta-os-cha": 355,
          "NextClickTimeDelta-ip-os-cha": 451,
          "NextClickTimeDelta-app-os-cha": 387,
          "NextClickTimeDelta-ip-app-os-cha": 539,
          "NextClickTimeDelta-dev-os-cha": 248,
          "NextClickTimeDelta-ip-dev-os-cha": 365,
          "NextClickTimeDelta-app-dev-os-cha": 353,
          "NextClickTimeDelta-ip-app-dev-os-cha": 570,
          "PrevClickTimeDelta-ip": 684,
          "PrevClickTimeDelta-app": 176,
          "PrevClickTimeDelta-ip-app": 490,
          "PrevClickTimeDelta-dev": 84,
          "PrevClickTimeDelta-ip-dev": 456,
          "PrevClickTimeDelta-app-dev": 95,
          "PrevClickTimeDelta-ip-app-dev": 385,
          "PrevClickTimeDelta-os": 140,
          "PrevClickTimeDelta-ip-os": 622,
          "PrevClickTimeDelta-app-os": 249,
          "PrevClickTimeDelta-ip-app-os": 438,
          "PrevClickTimeDelta-dev-os": 93,
          "PrevClickTimeDelta-ip-dev-os": 378,
          "PrevClickTimeDelta-app-dev-os": 203,
          "PrevClickTimeDelta-ip-app-dev-os": 396,
          "PrevClickTimeDelta-cha": 167,
          "PrevClickTimeDelta-ip-cha": 595,
          "PrevClickTimeDelta-app-cha": 235,
          "PrevClickTimeDelta-ip-app-cha": 382,
          "PrevClickTimeDelta-dev-cha": 160,
          "PrevClickTimeDelta-ip-dev-cha": 353,
          "PrevClickTimeDelta-app-dev-cha": 170,
          "PrevClickTimeDelta-ip-app-dev-cha": 281,
          "PrevClickTimeDelta-os-cha": 324,
          "PrevClickTimeDelta-ip-os-cha": 320,
          "PrevClickTimeDelta-app-os-cha": 334,
          "PrevClickTimeDelta-ip-app-os-cha": 267,
          "PrevClickTimeDelta-dev-os-cha": 286,
          "PrevClickTimeDelta-ip-dev-os-cha": 226,
          "PrevClickTimeDelta-app-dev-os-cha": 305,
          "PrevClickTimeDelta-ip-app-dev-os-cha": 192,
          "AverageAttributedRatio-ip": 570,
          "AverageAttributedRatio-app": 481,
          "AverageAttributedRatio-ip-app": 388,
          "AverageAttributedRatio-dev": 823,
          "AverageAttributedRatio-ip-dev": 551,
          "AverageAttributedRatio-app-dev": 350,
          "AverageAttributedRatio-ip-app-dev": 530,
          "AverageAttributedRatio-os": 477,
          "AverageAttributedRatio-ip-os": 380,
          "AverageAttributedRatio-app-os": 466,
          "AverageAttributedRatio-ip-app-os": 148,
          "AverageAttributedRatio-dev-os": 436,
          "AverageAttributedRatio-ip-dev-os": 400,
          "AverageAttributedRatio-app-dev-os": 456,
          "AverageAttributedRatio-ip-app-dev-os": 107,
          "AverageAttributedRatio-cha": 461,
          "AverageAttributedRatio-ip-cha": 214,
          "AverageAttributedRatio-app-cha": 424,
          "AverageAttributedRatio-ip-app-cha": 144,
          "AverageAttributedRatio-dev-cha": 265,
          "AverageAttributedRatio-ip-dev-cha": 142,
          "AverageAttributedRatio-app-dev-cha": 361,
          "AverageAttributedRatio-ip-app-dev-cha": 115,
          "AverageAttributedRatio-os-cha": 432,
          "AverageAttributedRatio-ip-os-cha": 105,
          "AverageAttributedRatio-app-os-cha": 464,
          "AverageAttributedRatio-ip-app-os-cha": 67,
          "AverageAttributedRatio-dev-os-cha": 362,
          "AverageAttributedRatio-ip-dev-os-cha": 81,
          "AverageAttributedRatio-app-dev-os-cha": 461,
          "AverageAttributedRatio-ip-app-dev-os-cha": 51,
          "KomakiNMF5NoDevice-ip-app-0": 831,
          "KomakiNMF5NoDevice-ip-app-1": 1205,
          "KomakiNMF5NoDevice-ip-app-2": 1091,
          "KomakiNMF5NoDevice-ip-app-3": 784,
          "KomakiNMF5NoDevice-ip-app-4": 864,
          "KomakiNMF5NoDevice-ip-os-0": 1129,
          "KomakiNMF5NoDevice-ip-os-1": 893,
          "KomakiNMF5NoDevice-ip-os-2": 975,
          "KomakiNMF5NoDevice-ip-os-3": 870,
          "KomakiNMF5NoDevice-ip-os-4": 966,
          "KomakiNMF5NoDevice-ip-channel-0": 950,
          "KomakiNMF5NoDevice-ip-channel-1": 1197,
          "KomakiNMF5NoDevice-ip-channel-2": 819,
          "KomakiNMF5NoDevice-ip-channel-3": 1035,
          "KomakiNMF5NoDevice-ip-channel-4": 957,
          "KomakiNMF5NoDevice-app-ip-0": 286,
          "KomakiNMF5NoDevice-app-ip-1": 271,
          "KomakiNMF5NoDevice-app-ip-2": 250,
          "KomakiNMF5NoDevice-app-ip-3": 248,
          "KomakiNMF5NoDevice-app-ip-4": 191,
          "KomakiNMF5NoDevice-app-os-0": 82,
          "KomakiNMF5NoDevice-app-os-1": 203,
          "KomakiNMF5NoDevice-app-os-2": 146,
          "KomakiNMF5NoDevice-app-os-3": 72,
          "KomakiNMF5NoDevice-app-os-4": 89,
          "KomakiNMF5NoDevice-app-channel-0": 123,
          "KomakiNMF5NoDevice-app-channel-1": 174,
          "KomakiNMF5NoDevice-app-channel-2": 188,
          "KomakiNMF5NoDevice-app-channel-3": 201,
          "KomakiNMF5NoDevice-app-channel-4": 132,
          "KomakiNMF5NoDevice-os-ip-0": 277,
          "KomakiNMF5NoDevice-os-ip-1": 226,
          "KomakiNMF5NoDevice-os-ip-2": 158,
          "KomakiNMF5NoDevice-os-ip-3": 203,
          "KomakiNMF5NoDevice-os-ip-4": 158,
          "KomakiNMF5NoDevice-os-app-0": 164,
          "KomakiNMF5NoDevice-os-app-1": 16,
          "KomakiNMF5NoDevice-os-app-2": 238,
          "KomakiNMF5NoDevice-os-app-3": 376,
          "KomakiNMF5NoDevice-os-app-4": 224,
          "KomakiNMF5NoDevice-os-channel-0": 392,
          "KomakiNMF5NoDevice-os-channel-1": 204,
          "KomakiNMF5NoDevice-os-channel-2": 457,
          "KomakiNMF5NoDevice-os-channel-3": 285,
          "KomakiNMF5NoDevice-os-channel-4": 226,
          "KomakiNMF5NoDevice-channel-ip-0": 468,
          "KomakiNMF5NoDevice-channel-ip-1": 235,
          "KomakiNMF5NoDevice-channel-ip-2": 336,
          "KomakiNMF5NoDevice-channel-ip-3": 457,
          "KomakiNMF5NoDevice-channel-ip-4": 326,
          "KomakiNMF5NoDevice-channel-app-0": 194,
          "KomakiNMF5NoDevice-channel-app-1": 80,
          "KomakiNMF5NoDevice-channel-app-2": 171,
          "KomakiNMF5NoDevice-channel-app-3": 203,
          "KomakiNMF5NoDevice-channel-app-4": 230,
          "KomakiNMF5NoDevice-channel-os-0": 418,
          "KomakiNMF5NoDevice-channel-os-1": 144,
          "KomakiNMF5NoDevice-channel-os-2": 309,
          "KomakiNMF5NoDevice-channel-os-3": 171,
          "KomakiNMF5NoDevice-channel-os-4": 329,
          "KomakiPCA5NoDevice-ip-app-0": 1222,
          "KomakiPCA5NoDevice-ip-app-1": 1133,
          "KomakiPCA5NoDevice-ip-app-2": 1051,
          "KomakiPCA5NoDevice-ip-app-3": 767,
          "KomakiPCA5NoDevice-ip-app-4": 1285,
          "KomakiPCA5NoDevice-ip-os-0": 1294,
          "KomakiPCA5NoDevice-ip-os-1": 838,
          "KomakiPCA5NoDevice-ip-os-2": 914,
          "KomakiPCA5NoDevice-ip-os-3": 846,
          "KomakiPCA5NoDevice-ip-os-4": 933,
          "KomakiPCA5NoDevice-ip-channel-0": 1418,
          "KomakiPCA5NoDevice-ip-channel-1": 1127,
          "KomakiPCA5NoDevice-ip-channel-2": 1100,
          "KomakiPCA5NoDevice-ip-channel-3": 998,
          "KomakiPCA5NoDevice-ip-channel-4": 1045,
          "KomakiPCA5NoDevice-app-ip-0": 166,
          "KomakiPCA5NoDevice-app-ip-1": 164,
          "KomakiPCA5NoDevice-app-ip-2": 264,
          "KomakiPCA5NoDevice-app-ip-3": 217,
          "KomakiPCA5NoDevice-app-ip-4": 141,
          "KomakiPCA5NoDevice-app-os-0": 260,
          "KomakiPCA5NoDevice-app-os-1": 143,
          "KomakiPCA5NoDevice-app-os-2": 184,
          "KomakiPCA5NoDevice-app-os-3": 196,
          "KomakiPCA5NoDevice-app-os-4": 171,
          "KomakiPCA5NoDevice-app-channel-0": 149,
          "KomakiPCA5NoDevice-app-channel-1": 213,
          "KomakiPCA5NoDevice-app-channel-2": 137,
          "KomakiPCA5NoDevice-app-channel-3": 139,
          "KomakiPCA5NoDevice-app-channel-4": 189,
          "KomakiPCA5NoDevice-os-ip-0": 107,
          "KomakiPCA5NoDevice-os-ip-1": 208,
          "KomakiPCA5NoDevice-os-ip-2": 215,
          "KomakiPCA5NoDevice-os-ip-3": 215,
          "KomakiPCA5NoDevice-os-ip-4": 216,
          "KomakiPCA5NoDevice-os-app-0": 296,
          "KomakiPCA5NoDevice-os-app-1": 163,
          "KomakiPCA5NoDevice-os-app-2": 160,
          "KomakiPCA5NoDevice-os-app-3": 362,
          "KomakiPCA5NoDevice-os-app-4": 317,
          "KomakiPCA5NoDevice-os-channel-0": 204,
          "KomakiPCA5NoDevice-os-channel-1": 320,
          "KomakiPCA5NoDevice-os-channel-2": 217,
          "KomakiPCA5NoDevice-os-channel-3": 156,
          "KomakiPCA5NoDevice-os-channel-4": 201,
          "KomakiPCA5NoDevice-channel-ip-0": 378,
          "KomakiPCA5NoDevice-channel-ip-1": 358,
          "KomakiPCA5NoDevice-channel-ip-2": 291,
          "KomakiPCA5NoDevice-channel-ip-3": 291,
          "KomakiPCA5NoDevice-channel-ip-4": 403,
          "KomakiPCA5NoDevice-channel-app-0": 321,
          "KomakiPCA5NoDevice-channel-app-1": 239,
          "KomakiPCA5NoDevice-channel-app-2": 241,
          "KomakiPCA5NoDevice-channel-app-3": 226,
          "KomakiPCA5NoDevice-channel-app-4": 278,
          "KomakiPCA5NoDevice-channel-os-0": 283,
          "KomakiPCA5NoDevice-channel-os-1": 370,
          "KomakiPCA5NoDevice-channel-os-2": 243,
          "KomakiPCA5NoDevice-channel-os-3": 229,
          "KomakiPCA5NoDevice-channel-os-4": 274
        }
      },
      {
        "train_auc": 0.9940224948533926,
        "valid_auc": 0.9846260516803369,
        "best_iteration": 623,
        "train_time": 396.5354344844818,
        "feature_importance": {
          "app": 3380,
          "hour": 3916,
          "n_channels": 1176,
          "ip_app_count": 1335,
          "ip_app_os_count": 1319,
          "FutureClickCount_600-ip": 710,
          "FutureClickCount_600-app": 576,
          "FutureClickCount_600-ip-app": 218,
          "FutureClickCount_600-dev": 272,
          "FutureClickCount_600-ip-dev": 591,
          "FutureClickCount_600-app-dev": 413,
          "FutureClickCount_600-ip-app-dev": 212,
          "FutureClickCount_600-os": 449,
          "FutureClickCount_600-ip-os": 481,
          "FutureClickCount_600-app-os": 558,
          "FutureClickCount_600-ip-app-os": 243,
          "FutureClickCount_600-dev-os": 732,
          "FutureClickCount_600-ip-dev-os": 473,
          "FutureClickCount_600-app-dev-os": 630,
          "FutureClickCount_600-ip-app-dev-os": 338,
          "FutureClickCount_600-cha": 575,
          "FutureClickCount_600-ip-cha": 157,
          "FutureClickCount_600-app-cha": 688,
          "FutureClickCount_600-ip-app-cha": 120,
          "FutureClickCount_600-dev-cha": 440,
          "FutureClickCount_600-ip-dev-cha": 132,
          "FutureClickCount_600-app-dev-cha": 446,
          "FutureClickCount_600-ip-app-dev-cha": 97,
          "FutureClickCount_600-os-cha": 377,
          "FutureClickCount_600-ip-os-cha": 106,
          "FutureClickCount_600-app-os-cha": 430,
          "FutureClickCount_600-ip-app-os-cha": 106,
          "FutureClickCount_600-dev-os-cha": 374,
          "FutureClickCount_600-ip-dev-os-cha": 102,
          "FutureClickCount_600-app-dev-os-cha": 350,
          "FutureClickCount_600-ip-app-dev-os-cha": 102,
          "FutureClickCount_4800-ip": 1020,
          "FutureClickCount_4800-app": 451,
          "FutureClickCount_4800-ip-app": 415,
          "FutureClickCount_4800-dev": 98,
          "FutureClickCount_4800-ip-dev": 1159,
          "FutureClickCount_4800-app-dev": 254,
          "FutureClickCount_4800-ip-app-dev": 302,
          "FutureClickCount_4800-os": 212,
          "FutureClickCount_4800-ip-os": 699,
          "FutureClickCount_4800-app-os": 440,
          "FutureClickCount_4800-ip-app-os": 299,
          "FutureClickCount_4800-dev-os": 336,
          "FutureClickCount_4800-ip-dev-os": 774,
          "FutureClickCount_4800-app-dev-os": 585,
          "FutureClickCount_4800-ip-app-dev-os": 420,
          "FutureClickCount_4800-cha": 402,
          "FutureClickCount_4800-ip-cha": 251,
          "FutureClickCount_4800-app-cha": 698,
          "FutureClickCount_4800-ip-app-cha": 179,
          "FutureClickCount_4800-dev-cha": 299,
          "FutureClickCount_4800-ip-dev-cha": 233,
          "FutureClickCount_4800-app-dev-cha": 375,
          "FutureClickCount_4800-ip-app-dev-cha": 178,
          "FutureClickCount_4800-os-cha": 365,
          "FutureClickCount_4800-ip-os-cha": 169,
          "FutureClickCount_4800-app-os-cha": 427,
          "FutureClickCount_4800-ip-app-os-cha": 114,
          "FutureClickCount_4800-dev-os-cha": 370,
          "FutureClickCount_4800-ip-dev-os-cha": 127,
          "FutureClickCount_4800-app-dev-os-cha": 398,
          "FutureClickCount_4800-ip-app-dev-os-cha": 96,
          "NextClickTimeDelta-ip": 869,
          "NextClickTimeDelta-app": 163,
          "NextClickTimeDelta-ip-app": 1027,
          "NextClickTimeDelta-dev": 93,
          "NextClickTimeDelta-ip-dev": 569,
          "NextClickTimeDelta-app-dev": 159,
          "NextClickTimeDelta-ip-app-dev": 699,
          "NextClickTimeDelta-os": 149,
          "NextClickTimeDelta-ip-os": 784,
          "NextClickTimeDelta-app-os": 269,
          "NextClickTimeDelta-ip-app-os": 1466,
          "NextClickTimeDelta-dev-os": 128,
          "NextClickTimeDelta-ip-dev-os": 492,
          "NextClickTimeDelta-app-dev-os": 218,
          "NextClickTimeDelta-ip-app-dev-os": 2560,
          "NextClickTimeDelta-cha": 193,
          "NextClickTimeDelta-ip-cha": 615,
          "NextClickTimeDelta-app-cha": 280,
          "NextClickTimeDelta-ip-app-cha": 480,
          "NextClickTimeDelta-dev-cha": 147,
          "NextClickTimeDelta-ip-dev-cha": 514,
          "NextClickTimeDelta-app-dev-cha": 192,
          "NextClickTimeDelta-ip-app-dev-cha": 433,
          "NextClickTimeDelta-os-cha": 343,
          "NextClickTimeDelta-ip-os-cha": 419,
          "NextClickTimeDelta-app-os-cha": 385,
          "NextClickTimeDelta-ip-app-os-cha": 502,
          "NextClickTimeDelta-dev-os-cha": 220,
          "NextClickTimeDelta-ip-dev-os-cha": 414,
          "NextClickTimeDelta-app-dev-os-cha": 295,
          "NextClickTimeDelta-ip-app-dev-os-cha": 615,
          "PrevClickTimeDelta-ip": 685,
          "PrevClickTimeDelta-app": 165,
          "PrevClickTimeDelta-ip-app": 529,
          "PrevClickTimeDelta-dev": 88,
          "PrevClickTimeDelta-ip-dev": 481,
          "PrevClickTimeDelta-app-dev": 105,
          "PrevClickTimeDelta-ip-app-dev": 348,
          "PrevClickTimeDelta-os": 167,
          "PrevClickTimeDelta-ip-os": 569,
          "PrevClickTimeDelta-app-os": 269,
          "PrevClickTimeDelta-ip-app-os": 473,
          "PrevClickTimeDelta-dev-os": 110,
          "PrevClickTimeDelta-ip-dev-os": 375,
          "PrevClickTimeDelta-app-dev-os": 209,
          "PrevClickTimeDelta-ip-app-dev-os": 379,
          "PrevClickTimeDelta-cha": 171,
          "PrevClickTimeDelta-ip-cha": 481,
          "PrevClickTimeDelta-app-cha": 243,
          "PrevClickTimeDelta-ip-app-cha": 313,
          "PrevClickTimeDelta-dev-cha": 154,
          "PrevClickTimeDelta-ip-dev-cha": 334,
          "PrevClickTimeDelta-app-dev-cha": 169,
          "PrevClickTimeDelta-ip-app-dev-cha": 268,
          "PrevClickTimeDelta-os-cha": 331,
          "PrevClickTimeDelta-ip-os-cha": 299,
          "PrevClickTimeDelta-app-os-cha": 299,
          "PrevClickTimeDelta-ip-app-os-cha": 270,
          "PrevClickTimeDelta-dev-os-cha": 252,
          "PrevClickTimeDelta-ip-dev-os-cha": 209,
          "PrevClickTimeDelta-app-dev-os-cha": 225,
          "PrevClickTimeDelta-ip-app-dev-os-cha": 200,
          "AverageAttributedRatio-ip": 551,
          "AverageAttributedRatio-app": 497,
          "AverageAttributedRatio-ip-app": 437,
          "AverageAttributedRatio-dev": 740,
          "AverageAttributedRatio-ip-dev": 524,
          "AverageAttributedRatio-app-dev": 374,
          "AverageAttributedRatio-ip-app-dev": 462,
          "AverageAttributedRatio-os": 480,
          "AverageAttributedRatio-ip-os": 370,
          "AverageAttributedRatio-app-os": 429,
          "AverageAttributedRatio-ip-app-os": 151,
          "AverageAttributedRatio-dev-os": 390,
          "AverageAttributedRatio-ip-dev-os": 359,
          "AverageAttributedRatio-app-dev-os": 438,
          "AverageAttributedRatio-ip-app-dev-os": 118,
          "AverageAttributedRatio-cha": 430,
          "AverageAttributedRatio-ip-cha": 186,
          "AverageAttributedRatio-app-cha": 414,
          "AverageAttributedRatio-ip-app-cha": 184,
          "AverageAttributedRatio-dev-cha": 286,
          "AverageAttributedRatio-ip-dev-cha": 167,
          "AverageAttributedRatio-app-dev-cha": 331,
          "AverageAttributedRatio-ip-app-dev-cha": 134,
          "AverageAttributedRatio-os-cha": 398,
          "AverageAttributedRatio-ip-os-cha": 105,
          "AverageAttributedRatio-app-os-cha": 543,
          "AverageAttributedRatio-ip-app-os-cha": 66,
          "AverageAttributedRatio-dev-os-cha": 421,
          "AverageAttributedRatio-ip-dev-os-cha": 69,
          "AverageAttributedRatio-app-dev-os-cha": 473,
          "AverageAttributedRatio-ip-app-dev-os-cha": 58,
          "KomakiNMF5NoDevice-ip-app-0": 764,
          "KomakiNMF5NoDevice-ip-app-1": 1177,
          "KomakiNMF5NoDevice-ip-app-2": 1019,
          "KomakiNMF5NoDevice-ip-app-3": 802,
          "KomakiNMF5NoDevice-ip-app-4": 804,
          "KomakiNMF5NoDevice-ip-os-0": 1117,
          "KomakiNMF5NoDevice-ip-os-1": 1042,
          "KomakiNMF5NoDevice-ip-os-2": 892,
          "KomakiNMF5NoDevice-ip-os-3": 935,
          "KomakiNMF5NoDevice-ip-os-4": 1007,
          "KomakiNMF5NoDevice-ip-channel-0": 963,
          "KomakiNMF5NoDevice-ip-channel-1": 1212,
          "KomakiNMF5NoDevice-ip-channel-2": 809,
          "KomakiNMF5NoDevice-ip-channel-3": 1058,
          "KomakiNMF5NoDevice-ip-channel-4": 897,
          "KomakiNMF5NoDevice-app-ip-0": 278,
          "KomakiNMF5NoDevice-app-ip-1": 296,
          "KomakiNMF5NoDevice-app-ip-2": 263,
          "KomakiNMF5NoDevice-app-ip-3": 262,
          "KomakiNMF5NoDevice-app-ip-4": 161,
          "KomakiNMF5NoDevice-app-os-0": 101,
          "KomakiNMF5NoDevice-app-os-1": 223,
          "KomakiNMF5NoDevice-app-os-2": 169,
          "KomakiNMF5NoDevice-app-os-3": 57,
          "KomakiNMF5NoDevice-app-os-4": 80,
          "KomakiNMF5NoDevice-app-channel-0": 134,
          "KomakiNMF5NoDevice-app-channel-1": 174,
          "KomakiNMF5NoDevice-app-channel-2": 190,
          "KomakiNMF5NoDevice-app-channel-3": 166,
          "KomakiNMF5NoDevice-app-channel-4": 156,
          "KomakiNMF5NoDevice-os-ip-0": 243,
          "KomakiNMF5NoDevice-os-ip-1": 226,
          "KomakiNMF5NoDevice-os-ip-2": 147,
          "KomakiNMF5NoDevice-os-ip-3": 241,
          "KomakiNMF5NoDevice-os-ip-4": 150,
          "KomakiNMF5NoDevice-os-app-0": 172,
          "KomakiNMF5NoDevice-os-app-1": 11,
          "KomakiNMF5NoDevice-os-app-2": 234,
          "KomakiNMF5NoDevice-os-app-3": 362,
          "KomakiNMF5NoDevice-os-app-4": 251,
          "KomakiNMF5NoDevice-os-channel-0": 340,
          "KomakiNMF5NoDevice-os-channel-1": 197,
          "KomakiNMF5NoDevice-os-channel-2": 401,
          "KomakiNMF5NoDevice-os-channel-3": 297,
          "KomakiNMF5NoDevice-os-channel-4": 261,
          "KomakiNMF5NoDevice-channel-ip-0": 441,
          "KomakiNMF5NoDevice-channel-ip-1": 279,
          "KomakiNMF5NoDevice-channel-ip-2": 302,
          "KomakiNMF5NoDevice-channel-ip-3": 391,
          "KomakiNMF5NoDevice-channel-ip-4": 334,
          "KomakiNMF5NoDevice-channel-app-0": 207,
          "KomakiNMF5NoDevice-channel-app-1": 80,
          "KomakiNMF5NoDevice-channel-app-2": 203,
          "KomakiNMF5NoDevice-channel-app-3": 245,
          "KomakiNMF5NoDevice-channel-app-4": 224,
          "KomakiNMF5NoDevice-channel-os-0": 389,
          "KomakiNMF5NoDevice-channel-os-1": 120,
          "KomakiNMF5NoDevice-channel-os-2": 353,
          "KomakiNMF5NoDevice-channel-os-3": 176,
          "KomakiNMF5NoDevice-channel-os-4": 342,
          "KomakiPCA5NoDevice-ip-app-0": 1371,
          "KomakiPCA5NoDevice-ip-app-1": 1188,
          "KomakiPCA5NoDevice-ip-app-2": 976,
          "KomakiPCA5NoDevice-ip-app-3": 664,
          "KomakiPCA5NoDevice-ip-app-4": 1302,
          "KomakiPCA5NoDevice-ip-os-0": 1259,
          "KomakiPCA5NoDevice-ip-os-1": 830,
          "KomakiPCA5NoDevice-ip-os-2": 913,
          "KomakiPCA5NoDevice-ip-os-3": 866,
          "KomakiPCA5NoDevice-ip-os-4": 934,
          "KomakiPCA5NoDevice-ip-channel-0": 1316,
          "KomakiPCA5NoDevice-ip-channel-1": 1110,
          "KomakiPCA5NoDevice-ip-channel-2": 1065,
          "KomakiPCA5NoDevice-ip-channel-3": 896,
          "KomakiPCA5NoDevice-ip-channel-4": 1058,
          "KomakiPCA5NoDevice-app-ip-0": 175,
          "KomakiPCA5NoDevice-app-ip-1": 173,
          "KomakiPCA5NoDevice-app-ip-2": 224,
          "KomakiPCA5NoDevice-app-ip-3": 218,
          "KomakiPCA5NoDevice-app-ip-4": 176,
          "KomakiPCA5NoDevice-app-os-0": 264,
          "KomakiPCA5NoDevice-app-os-1": 130,
          "KomakiPCA5NoDevice-app-os-2": 178,
          "KomakiPCA5NoDevice-app-os-3": 202,
          "KomakiPCA5NoDevice-app-os-4": 144,
          "KomakiPCA5NoDevice-app-channel-0": 159,
          "KomakiPCA5NoDevice-app-channel-1": 210,
          "KomakiPCA5NoDevice-app-channel-2": 170,
          "KomakiPCA5NoDevice-app-channel-3": 167,
          "KomakiPCA5NoDevice-app-channel-4": 195,
          "KomakiPCA5NoDevice-os-ip-0": 126,
          "KomakiPCA5NoDevice-os-ip-1": 207,
          "KomakiPCA5NoDevice-os-ip-2": 195,
          "KomakiPCA5NoDevice-os-ip-3": 243,
          "KomakiPCA5NoDevice-os-ip-4": 200,
          "KomakiPCA5NoDevice-os-app-0": 321,
          "KomakiPCA5NoDevice-os-app-1": 179,
          "KomakiPCA5NoDevice-os-app-2": 152,
          "KomakiPCA5NoDevice-os-app-3": 356,
          "KomakiPCA5NoDevice-os-app-4": 315,
          "KomakiPCA5NoDevice-os-channel-0": 218,
          "KomakiPCA5NoDevice-os-channel-1": 334,
          "KomakiPCA5NoDevice-os-channel-2": 195,
          "KomakiPCA5NoDevice-os-channel-3": 155,
          "KomakiPCA5NoDevice-os-channel-4": 205,
          "KomakiPCA5NoDevice-channel-ip-0": 385,
          "KomakiPCA5NoDevice-channel-ip-1": 362,
          "KomakiPCA5NoDevice-channel-ip-2": 315,
          "KomakiPCA5NoDevice-channel-ip-3": 293,
          "KomakiPCA5NoDevice-channel-ip-4": 369,
          "KomakiPCA5NoDevice-channel-app-0": 295,
          "KomakiPCA5NoDevice-channel-app-1": 205,
          "KomakiPCA5NoDevice-channel-app-2": 232,
          "KomakiPCA5NoDevice-channel-app-3": 258,
          "KomakiPCA5NoDevice-channel-app-4": 247,
          "KomakiPCA5NoDevice-channel-os-0": 298,
          "KomakiPCA5NoDevice-channel-os-1": 297,
          "KomakiPCA5NoDevice-channel-os-2": 251,
          "KomakiPCA5NoDevice-channel-os-3": 282,
          "KomakiPCA5NoDevice-channel-os-4": 268
        }
      }
    ],
    "average_train_auc": 0.9938952455744461,
    "average_valid_auc": 0.9845787245695814,
    "train_auc_std": 0.00012445487656006116,
    "valid_auc_std": 0.00011371512497208432,
    "average_train_time": 393.09399967193605
  },
  "config": {
    "features": [
      "app",
      "hour",
      "count",
      "future_click_count_10",
      "future_click_count_80",
      "next_click_time_delta",
      "prev_click_time_delta",
      "average_attributed_ratio",
      "komaki_nmf_5_no_device",
      "komaki_pca_5_no_device"
    ],
    "model": {
      "name": "lightgbm",
      "model_params": {
        "boosting_type": "gbdt",
        "objective": "binary",
        "metric": "auc",
        "learning_rate": 0.03,
        "num_leaves": 255,
        "max_depth": 8,
        "min_child_samples": 10,
        "max_bin": 100,
        "subsample": 0.7,
        "subsample_freq": 1,
        "colsample_bytree": 0.7,
        "min_child_weight": 0,
        "subsample_for_bin": 200000,
        "min_split_gain": 0,
        "reg_alpha": 0,
        "reg_lambda": 0,
        "verbose": 0
      },
      "train_params": {
        "num_boost_round": 1000,
        "early_stopping_rounds": 30
      }
    },
    "dataset": {
      "input_directory": "data/input/",
      "cache_directory": "data/working/",
      "validation_ratio": 0.33333333333,
      "full_data_train": true,
      "files": {
        "train": "train.feather",
        "test": "old_test.feather"
      },
      "negative_down_sampling": {
        "enabled": true,
        "bagging_size": 5,
        "random_state": 114514
      }
    },
    "note": "47 - LDA"
  }
}