{
  "training": {
    "trials": [
      {
        "train_auc": 0.9907388503993142,
        "valid_auc": 0.9836751363275047,
        "best_iteration": 309,
        "train_time": 205.9651598930359,
        "feature_importance": {
          "ip": 1784,
          "os": 832,
          "app": 1189,
          "channel": 1587,
          "hour": 1292,
          "n_channels": 844,
          "ip_app_count": 775,
          "ip_app_os_count": 730,
          "zero-minute": 17,
          "FutureClickCount_600-ip": 468,
          "FutureClickCount_600-app": 283,
          "FutureClickCount_600-ip-app": 144,
          "FutureClickCount_600-dev": 214,
          "FutureClickCount_600-ip-dev": 328,
          "FutureClickCount_600-app-dev": 278,
          "FutureClickCount_600-ip-app-dev": 88,
          "FutureClickCount_600-os": 185,
          "FutureClickCount_600-ip-os": 277,
          "FutureClickCount_600-app-os": 264,
          "FutureClickCount_600-ip-app-os": 158,
          "FutureClickCount_600-dev-os": 558,
          "FutureClickCount_600-ip-dev-os": 217,
          "FutureClickCount_600-app-dev-os": 396,
          "FutureClickCount_600-ip-app-dev-os": 286,
          "FutureClickCount_600-cha": 303,
          "FutureClickCount_600-ip-cha": 95,
          "FutureClickCount_600-app-cha": 451,
          "FutureClickCount_600-ip-app-cha": 52,
          "FutureClickCount_600-dev-cha": 215,
          "FutureClickCount_600-ip-dev-cha": 55,
          "FutureClickCount_600-app-dev-cha": 232,
          "FutureClickCount_600-ip-app-dev-cha": 41,
          "FutureClickCount_600-os-cha": 185,
          "FutureClickCount_600-ip-os-cha": 52,
          "FutureClickCount_600-app-os-cha": 223,
          "FutureClickCount_600-ip-app-os-cha": 38,
          "FutureClickCount_600-dev-os-cha": 174,
          "FutureClickCount_600-ip-dev-os-cha": 56,
          "FutureClickCount_600-app-dev-os-cha": 175,
          "FutureClickCount_600-ip-app-dev-os-cha": 82,
          "FutureClickCount_4800-ip": 878,
          "FutureClickCount_4800-app": 246,
          "FutureClickCount_4800-ip-app": 213,
          "FutureClickCount_4800-dev": 72,
          "FutureClickCount_4800-ip-dev": 799,
          "FutureClickCount_4800-app-dev": 133,
          "FutureClickCount_4800-ip-app-dev": 164,
          "FutureClickCount_4800-os": 133,
          "FutureClickCount_4800-ip-os": 301,
          "FutureClickCount_4800-app-os": 272,
          "FutureClickCount_4800-ip-app-os": 245,
          "FutureClickCount_4800-dev-os": 182,
          "FutureClickCount_4800-ip-dev-os": 499,
          "FutureClickCount_4800-app-dev-os": 360,
          "FutureClickCount_4800-ip-app-dev-os": 258,
          "FutureClickCount_4800-cha": 176,
          "FutureClickCount_4800-ip-cha": 154,
          "FutureClickCount_4800-app-cha": 386,
          "FutureClickCount_4800-ip-app-cha": 114,
          "FutureClickCount_4800-dev-cha": 144,
          "FutureClickCount_4800-ip-dev-cha": 118,
          "FutureClickCount_4800-app-dev-cha": 195,
          "FutureClickCount_4800-ip-app-dev-cha": 55,
          "FutureClickCount_4800-os-cha": 201,
          "FutureClickCount_4800-ip-os-cha": 59,
          "FutureClickCount_4800-app-os-cha": 204,
          "FutureClickCount_4800-ip-app-os-cha": 50,
          "FutureClickCount_4800-dev-os-cha": 194,
          "FutureClickCount_4800-ip-dev-os-cha": 69,
          "FutureClickCount_4800-app-dev-os-cha": 223,
          "FutureClickCount_4800-ip-app-dev-os-cha": 49,
          "NextClickTimeDelta-ip": 446,
          "NextClickTimeDelta-app": 72,
          "NextClickTimeDelta-ip-app": 632,
          "NextClickTimeDelta-dev": 46,
          "NextClickTimeDelta-ip-dev": 350,
          "NextClickTimeDelta-app-dev": 69,
          "NextClickTimeDelta-ip-app-dev": 379,
          "NextClickTimeDelta-os": 68,
          "NextClickTimeDelta-ip-os": 434,
          "NextClickTimeDelta-app-os": 138,
          "NextClickTimeDelta-ip-app-os": 1185,
          "NextClickTimeDelta-dev-os": 67,
          "NextClickTimeDelta-ip-dev-os": 280,
          "NextClickTimeDelta-app-dev-os": 113,
          "NextClickTimeDelta-ip-app-dev-os": 2065,
          "NextClickTimeDelta-cha": 78,
          "NextClickTimeDelta-ip-cha": 353,
          "NextClickTimeDelta-app-cha": 110,
          "NextClickTimeDelta-ip-app-cha": 332,
          "NextClickTimeDelta-dev-cha": 55,
          "NextClickTimeDelta-ip-dev-cha": 164,
          "NextClickTimeDelta-app-dev-cha": 79,
          "NextClickTimeDelta-ip-app-dev-cha": 218,
          "NextClickTimeDelta-os-cha": 128,
          "NextClickTimeDelta-ip-os-cha": 253,
          "NextClickTimeDelta-app-os-cha": 149,
          "NextClickTimeDelta-ip-app-os-cha": 354,
          "NextClickTimeDelta-dev-os-cha": 124,
          "NextClickTimeDelta-ip-dev-os-cha": 201,
          "NextClickTimeDelta-app-dev-os-cha": 124,
          "NextClickTimeDelta-ip-app-dev-os-cha": 372,
          "PrevClickTimeDelta-ip": 410,
          "PrevClickTimeDelta-app": 77,
          "PrevClickTimeDelta-ip-app": 283,
          "PrevClickTimeDelta-dev": 49,
          "PrevClickTimeDelta-ip-dev": 252,
          "PrevClickTimeDelta-app-dev": 56,
          "PrevClickTimeDelta-ip-app-dev": 201,
          "PrevClickTimeDelta-os": 60,
          "PrevClickTimeDelta-ip-os": 294,
          "PrevClickTimeDelta-app-os": 114,
          "PrevClickTimeDelta-ip-app-os": 246,
          "PrevClickTimeDelta-dev-os": 54,
          "PrevClickTimeDelta-ip-dev-os": 187,
          "PrevClickTimeDelta-app-dev-os": 97,
          "PrevClickTimeDelta-ip-app-dev-os": 165,
          "PrevClickTimeDelta-cha": 73,
          "PrevClickTimeDelta-ip-cha": 250,
          "PrevClickTimeDelta-app-cha": 114,
          "PrevClickTimeDelta-ip-app-cha": 172,
          "PrevClickTimeDelta-dev-cha": 67,
          "PrevClickTimeDelta-ip-dev-cha": 157,
          "PrevClickTimeDelta-app-dev-cha": 71,
          "PrevClickTimeDelta-ip-app-dev-cha": 138,
          "PrevClickTimeDelta-os-cha": 121,
          "PrevClickTimeDelta-ip-os-cha": 152,
          "PrevClickTimeDelta-app-os-cha": 178,
          "PrevClickTimeDelta-ip-app-os-cha": 135,
          "PrevClickTimeDelta-dev-os-cha": 141,
          "PrevClickTimeDelta-ip-dev-os-cha": 102,
          "PrevClickTimeDelta-app-dev-os-cha": 101,
          "PrevClickTimeDelta-ip-app-dev-os-cha": 72,
          "AverageAttributedRatio-ip": 233,
          "AverageAttributedRatio-app": 270,
          "AverageAttributedRatio-ip-app": 228,
          "AverageAttributedRatio-dev": 330,
          "AverageAttributedRatio-ip-dev": 180,
          "AverageAttributedRatio-app-dev": 187,
          "AverageAttributedRatio-ip-app-dev": 285,
          "AverageAttributedRatio-os": 214,
          "AverageAttributedRatio-ip-os": 153,
          "AverageAttributedRatio-app-os": 242,
          "AverageAttributedRatio-ip-app-os": 65,
          "AverageAttributedRatio-dev-os": 154,
          "AverageAttributedRatio-ip-dev-os": 129,
          "AverageAttributedRatio-app-dev-os": 311,
          "AverageAttributedRatio-ip-app-dev-os": 60,
          "AverageAttributedRatio-cha": 194,
          "AverageAttributedRatio-ip-cha": 82,
          "AverageAttributedRatio-app-cha": 237,
          "AverageAttributedRatio-ip-app-cha": 73,
          "AverageAttributedRatio-dev-cha": 111,
          "AverageAttributedRatio-ip-dev-cha": 60,
          "AverageAttributedRatio-app-dev-cha": 177,
          "AverageAttributedRatio-ip-app-dev-cha": 56,
          "AverageAttributedRatio-os-cha": 198,
          "AverageAttributedRatio-ip-os-cha": 42,
          "AverageAttributedRatio-app-os-cha": 287,
          "AverageAttributedRatio-ip-app-os-cha": 33,
          "AverageAttributedRatio-dev-os-cha": 158,
          "AverageAttributedRatio-ip-dev-os-cha": 35,
          "AverageAttributedRatio-app-dev-os-cha": 259,
          "AverageAttributedRatio-ip-app-dev-os-cha": 18,
          "KomakiLDA5NoDevice-ip-app-0": 961,
          "KomakiLDA5NoDevice-ip-app-1": 810,
          "KomakiLDA5NoDevice-ip-app-2": 595,
          "KomakiLDA5NoDevice-ip-app-3": 455,
          "KomakiLDA5NoDevice-ip-app-4": 431,
          "KomakiLDA5NoDevice-ip-os-0": 463,
          "KomakiLDA5NoDevice-ip-os-1": 524,
          "KomakiLDA5NoDevice-ip-os-2": 529,
          "KomakiLDA5NoDevice-ip-os-3": 414,
          "KomakiLDA5NoDevice-ip-os-4": 356,
          "KomakiLDA5NoDevice-ip-channel-0": 445,
          "KomakiLDA5NoDevice-ip-channel-1": 581,
          "KomakiLDA5NoDevice-ip-channel-2": 547,
          "KomakiLDA5NoDevice-ip-channel-3": 611,
          "KomakiLDA5NoDevice-ip-channel-4": 793,
          "KomakiLDA5NoDevice-app-ip-0": 308,
          "KomakiLDA5NoDevice-app-ip-1": 205,
          "KomakiLDA5NoDevice-app-ip-2": 191,
          "KomakiLDA5NoDevice-app-ip-3": 312,
          "KomakiLDA5NoDevice-app-ip-4": 171,
          "KomakiLDA5NoDevice-app-os-0": 164,
          "KomakiLDA5NoDevice-app-os-1": 278,
          "KomakiLDA5NoDevice-app-os-2": 171,
          "KomakiLDA5NoDevice-app-os-3": 172,
          "KomakiLDA5NoDevice-app-os-4": 343,
          "KomakiLDA5NoDevice-app-channel-0": 185,
          "KomakiLDA5NoDevice-app-channel-1": 191,
          "KomakiLDA5NoDevice-app-channel-2": 217,
          "KomakiLDA5NoDevice-app-channel-3": 228,
          "KomakiLDA5NoDevice-app-channel-4": 117,
          "KomakiLDA5NoDevice-os-ip-0": 241,
          "KomakiLDA5NoDevice-os-ip-1": 160,
          "KomakiLDA5NoDevice-os-ip-2": 155,
          "KomakiLDA5NoDevice-os-ip-3": 143,
          "KomakiLDA5NoDevice-os-ip-4": 142,
          "KomakiLDA5NoDevice-os-app-0": 247,
          "KomakiLDA5NoDevice-os-app-1": 212,
          "KomakiLDA5NoDevice-os-app-2": 163,
          "KomakiLDA5NoDevice-os-app-3": 229,
          "KomakiLDA5NoDevice-os-app-4": 147,
          "KomakiLDA5NoDevice-os-channel-0": 258,
          "KomakiLDA5NoDevice-os-channel-1": 155,
          "KomakiLDA5NoDevice-os-channel-2": 187,
          "KomakiLDA5NoDevice-os-channel-3": 197,
          "KomakiLDA5NoDevice-os-channel-4": 149,
          "KomakiLDA5NoDevice-channel-ip-0": 198,
          "KomakiLDA5NoDevice-channel-ip-1": 211,
          "KomakiLDA5NoDevice-channel-ip-2": 197,
          "KomakiLDA5NoDevice-channel-ip-3": 209,
          "KomakiLDA5NoDevice-channel-ip-4": 197,
          "KomakiLDA5NoDevice-channel-app-0": 191,
          "KomakiLDA5NoDevice-channel-app-1": 162,
          "KomakiLDA5NoDevice-channel-app-2": 175,
          "KomakiLDA5NoDevice-channel-app-3": 179,
          "KomakiLDA5NoDevice-channel-app-4": 173,
          "KomakiLDA5NoDevice-channel-os-0": 177,
          "KomakiLDA5NoDevice-channel-os-1": 225,
          "KomakiLDA5NoDevice-channel-os-2": 192,
          "KomakiLDA5NoDevice-channel-os-3": 184,
          "KomakiLDA5NoDevice-channel-os-4": 154
        }
      },
      {
        "train_auc": 0.991881047253159,
        "valid_auc": 0.9837633024747874,
        "best_iteration": 430,
        "train_time": 243.99129247665405,
        "feature_importance": {
          "ip": 2380,
          "os": 1031,
          "app": 1359,
          "channel": 1985,
          "hour": 1480,
          "n_channels": 1097,
          "ip_app_count": 946,
          "ip_app_os_count": 890,
          "zero-minute": 19,
          "FutureClickCount_600-ip": 684,
          "FutureClickCount_600-app": 426,
          "FutureClickCount_600-ip-app": 254,
          "FutureClickCount_600-dev": 241,
          "FutureClickCount_600-ip-dev": 480,
          "FutureClickCount_600-app-dev": 420,
          "FutureClickCount_600-ip-app-dev": 148,
          "FutureClickCount_600-os": 282,
          "FutureClickCount_600-ip-os": 379,
          "FutureClickCount_600-app-os": 338,
          "FutureClickCount_600-ip-app-os": 241,
          "FutureClickCount_600-dev-os": 613,
          "FutureClickCount_600-ip-dev-os": 253,
          "FutureClickCount_600-app-dev-os": 545,
          "FutureClickCount_600-ip-app-dev-os": 292,
          "FutureClickCount_600-cha": 316,
          "FutureClickCount_600-ip-cha": 146,
          "FutureClickCount_600-app-cha": 501,
          "FutureClickCount_600-ip-app-cha": 94,
          "FutureClickCount_600-dev-cha": 283,
          "FutureClickCount_600-ip-dev-cha": 92,
          "FutureClickCount_600-app-dev-cha": 324,
          "FutureClickCount_600-ip-app-dev-cha": 79,
          "FutureClickCount_600-os-cha": 246,
          "FutureClickCount_600-ip-os-cha": 74,
          "FutureClickCount_600-app-os-cha": 273,
          "FutureClickCount_600-ip-app-os-cha": 76,
          "FutureClickCount_600-dev-os-cha": 280,
          "FutureClickCount_600-ip-dev-os-cha": 56,
          "FutureClickCount_600-app-dev-os-cha": 247,
          "FutureClickCount_600-ip-app-dev-os-cha": 76,
          "FutureClickCount_4800-ip": 1012,
          "FutureClickCount_4800-app": 260,
          "FutureClickCount_4800-ip-app": 359,
          "FutureClickCount_4800-dev": 95,
          "FutureClickCount_4800-ip-dev": 952,
          "FutureClickCount_4800-app-dev": 180,
          "FutureClickCount_4800-ip-app-dev": 237,
          "FutureClickCount_4800-os": 145,
          "FutureClickCount_4800-ip-os": 401,
          "FutureClickCount_4800-app-os": 299,
          "FutureClickCount_4800-ip-app-os": 278,
          "FutureClickCount_4800-dev-os": 218,
          "FutureClickCount_4800-ip-dev-os": 596,
          "FutureClickCount_4800-app-dev-os": 422,
          "FutureClickCount_4800-ip-app-dev-os": 310,
          "FutureClickCount_4800-cha": 277,
          "FutureClickCount_4800-ip-cha": 230,
          "FutureClickCount_4800-app-cha": 509,
          "FutureClickCount_4800-ip-app-cha": 194,
          "FutureClickCount_4800-dev-cha": 203,
          "FutureClickCount_4800-ip-dev-cha": 188,
          "FutureClickCount_4800-app-dev-cha": 226,
          "FutureClickCount_4800-ip-app-dev-cha": 133,
          "FutureClickCount_4800-os-cha": 229,
          "FutureClickCount_4800-ip-os-cha": 120,
          "FutureClickCount_4800-app-os-cha": 299,
          "FutureClickCount_4800-ip-app-os-cha": 93,
          "FutureClickCount_4800-dev-os-cha": 268,
          "FutureClickCount_4800-ip-dev-os-cha": 99,
          "FutureClickCount_4800-app-dev-os-cha": 256,
          "FutureClickCount_4800-ip-app-dev-os-cha": 87,
          "NextClickTimeDelta-ip": 641,
          "NextClickTimeDelta-app": 99,
          "NextClickTimeDelta-ip-app": 789,
          "NextClickTimeDelta-dev": 47,
          "NextClickTimeDelta-ip-dev": 494,
          "NextClickTimeDelta-app-dev": 83,
          "NextClickTimeDelta-ip-app-dev": 476,
          "NextClickTimeDelta-os": 71,
          "NextClickTimeDelta-ip-os": 605,
          "NextClickTimeDelta-app-os": 168,
          "NextClickTimeDelta-ip-app-os": 1341,
          "NextClickTimeDelta-dev-os": 82,
          "NextClickTimeDelta-ip-dev-os": 350,
          "NextClickTimeDelta-app-dev-os": 129,
          "NextClickTimeDelta-ip-app-dev-os": 2103,
          "NextClickTimeDelta-cha": 108,
          "NextClickTimeDelta-ip-cha": 551,
          "NextClickTimeDelta-app-cha": 155,
          "NextClickTimeDelta-ip-app-cha": 477,
          "NextClickTimeDelta-dev-cha": 92,
          "NextClickTimeDelta-ip-dev-cha": 280,
          "NextClickTimeDelta-app-dev-cha": 122,
          "NextClickTimeDelta-ip-app-dev-cha": 324,
          "NextClickTimeDelta-os-cha": 188,
          "NextClickTimeDelta-ip-os-cha": 357,
          "NextClickTimeDelta-app-os-cha": 210,
          "NextClickTimeDelta-ip-app-os-cha": 453,
          "NextClickTimeDelta-dev-os-cha": 169,
          "NextClickTimeDelta-ip-dev-os-cha": 251,
          "NextClickTimeDelta-app-dev-os-cha": 197,
          "NextClickTimeDelta-ip-app-dev-os-cha": 434,
          "PrevClickTimeDelta-ip": 468,
          "PrevClickTimeDelta-app": 90,
          "PrevClickTimeDelta-ip-app": 416,
          "PrevClickTimeDelta-dev": 77,
          "PrevClickTimeDelta-ip-dev": 329,
          "PrevClickTimeDelta-app-dev": 84,
          "PrevClickTimeDelta-ip-app-dev": 246,
          "PrevClickTimeDelta-os": 104,
          "PrevClickTimeDelta-ip-os": 469,
          "PrevClickTimeDelta-app-os": 122,
          "PrevClickTimeDelta-ip-app-os": 377,
          "PrevClickTimeDelta-dev-os": 71,
          "PrevClickTimeDelta-ip-dev-os": 269,
          "PrevClickTimeDelta-app-dev-os": 130,
          "PrevClickTimeDelta-ip-app-dev-os": 242,
          "PrevClickTimeDelta-cha": 112,
          "PrevClickTimeDelta-ip-cha": 372,
          "PrevClickTimeDelta-app-cha": 143,
          "PrevClickTimeDelta-ip-app-cha": 288,
          "PrevClickTimeDelta-dev-cha": 92,
          "PrevClickTimeDelta-ip-dev-cha": 219,
          "PrevClickTimeDelta-app-dev-cha": 95,
          "PrevClickTimeDelta-ip-app-dev-cha": 210,
          "PrevClickTimeDelta-os-cha": 219,
          "PrevClickTimeDelta-ip-os-cha": 223,
          "PrevClickTimeDelta-app-os-cha": 212,
          "PrevClickTimeDelta-ip-app-os-cha": 188,
          "PrevClickTimeDelta-dev-os-cha": 148,
          "PrevClickTimeDelta-ip-dev-os-cha": 155,
          "PrevClickTimeDelta-app-dev-os-cha": 152,
          "PrevClickTimeDelta-ip-app-dev-os-cha": 121,
          "AverageAttributedRatio-ip": 316,
          "AverageAttributedRatio-app": 374,
          "AverageAttributedRatio-ip-app": 263,
          "AverageAttributedRatio-dev": 467,
          "AverageAttributedRatio-ip-dev": 293,
          "AverageAttributedRatio-app-dev": 268,
          "AverageAttributedRatio-ip-app-dev": 335,
          "AverageAttributedRatio-os": 292,
          "AverageAttributedRatio-ip-os": 205,
          "AverageAttributedRatio-app-os": 335,
          "AverageAttributedRatio-ip-app-os": 98,
          "AverageAttributedRatio-dev-os": 255,
          "AverageAttributedRatio-ip-dev-os": 187,
          "AverageAttributedRatio-app-dev-os": 374,
          "AverageAttributedRatio-ip-app-dev-os": 71,
          "AverageAttributedRatio-cha": 279,
          "AverageAttributedRatio-ip-cha": 136,
          "AverageAttributedRatio-app-cha": 325,
          "AverageAttributedRatio-ip-app-cha": 115,
          "AverageAttributedRatio-dev-cha": 198,
          "AverageAttributedRatio-ip-dev-cha": 112,
          "AverageAttributedRatio-app-dev-cha": 252,
          "AverageAttributedRatio-ip-app-dev-cha": 79,
          "AverageAttributedRatio-os-cha": 257,
          "AverageAttributedRatio-ip-os-cha": 55,
          "AverageAttributedRatio-app-os-cha": 334,
          "AverageAttributedRatio-ip-app-os-cha": 30,
          "AverageAttributedRatio-dev-os-cha": 231,
          "AverageAttributedRatio-ip-dev-os-cha": 36,
          "AverageAttributedRatio-app-dev-os-cha": 358,
          "AverageAttributedRatio-ip-app-dev-os-cha": 28,
          "KomakiLDA5NoDevice-ip-app-0": 1100,
          "KomakiLDA5NoDevice-ip-app-1": 1060,
          "KomakiLDA5NoDevice-ip-app-2": 739,
          "KomakiLDA5NoDevice-ip-app-3": 594,
          "KomakiLDA5NoDevice-ip-app-4": 552,
          "KomakiLDA5NoDevice-ip-os-0": 629,
          "KomakiLDA5NoDevice-ip-os-1": 653,
          "KomakiLDA5NoDevice-ip-os-2": 655,
          "KomakiLDA5NoDevice-ip-os-3": 547,
          "KomakiLDA5NoDevice-ip-os-4": 432,
          "KomakiLDA5NoDevice-ip-channel-0": 557,
          "KomakiLDA5NoDevice-ip-channel-1": 684,
          "KomakiLDA5NoDevice-ip-channel-2": 728,
          "KomakiLDA5NoDevice-ip-channel-3": 732,
          "KomakiLDA5NoDevice-ip-channel-4": 859,
          "KomakiLDA5NoDevice-app-ip-0": 397,
          "KomakiLDA5NoDevice-app-ip-1": 308,
          "KomakiLDA5NoDevice-app-ip-2": 277,
          "KomakiLDA5NoDevice-app-ip-3": 401,
          "KomakiLDA5NoDevice-app-ip-4": 261,
          "KomakiLDA5NoDevice-app-os-0": 264,
          "KomakiLDA5NoDevice-app-os-1": 366,
          "KomakiLDA5NoDevice-app-os-2": 230,
          "KomakiLDA5NoDevice-app-os-3": 223,
          "KomakiLDA5NoDevice-app-os-4": 374,
          "KomakiLDA5NoDevice-app-channel-0": 260,
          "KomakiLDA5NoDevice-app-channel-1": 272,
          "KomakiLDA5NoDevice-app-channel-2": 303,
          "KomakiLDA5NoDevice-app-channel-3": 285,
          "KomakiLDA5NoDevice-app-channel-4": 181,
          "KomakiLDA5NoDevice-os-ip-0": 236,
          "KomakiLDA5NoDevice-os-ip-1": 268,
          "KomakiLDA5NoDevice-os-ip-2": 224,
          "KomakiLDA5NoDevice-os-ip-3": 232,
          "KomakiLDA5NoDevice-os-ip-4": 255,
          "KomakiLDA5NoDevice-os-app-0": 312,
          "KomakiLDA5NoDevice-os-app-1": 285,
          "KomakiLDA5NoDevice-os-app-2": 198,
          "KomakiLDA5NoDevice-os-app-3": 255,
          "KomakiLDA5NoDevice-os-app-4": 169,
          "KomakiLDA5NoDevice-os-channel-0": 316,
          "KomakiLDA5NoDevice-os-channel-1": 177,
          "KomakiLDA5NoDevice-os-channel-2": 206,
          "KomakiLDA5NoDevice-os-channel-3": 268,
          "KomakiLDA5NoDevice-os-channel-4": 211,
          "KomakiLDA5NoDevice-channel-ip-0": 240,
          "KomakiLDA5NoDevice-channel-ip-1": 341,
          "KomakiLDA5NoDevice-channel-ip-2": 288,
          "KomakiLDA5NoDevice-channel-ip-3": 296,
          "KomakiLDA5NoDevice-channel-ip-4": 257,
          "KomakiLDA5NoDevice-channel-app-0": 268,
          "KomakiLDA5NoDevice-channel-app-1": 238,
          "KomakiLDA5NoDevice-channel-app-2": 245,
          "KomakiLDA5NoDevice-channel-app-3": 240,
          "KomakiLDA5NoDevice-channel-app-4": 245,
          "KomakiLDA5NoDevice-channel-os-0": 287,
          "KomakiLDA5NoDevice-channel-os-1": 298,
          "KomakiLDA5NoDevice-channel-os-2": 315,
          "KomakiLDA5NoDevice-channel-os-3": 282,
          "KomakiLDA5NoDevice-channel-os-4": 208
        }
      },
      {
        "train_auc": 0.9917921480992467,
        "valid_auc": 0.9835110493646013,
        "best_iteration": 430,
        "train_time": 246.69320154190063,
        "feature_importance": {
          "ip": 2418,
          "os": 1031,
          "app": 1415,
          "channel": 1952,
          "hour": 1439,
          "n_channels": 1093,
          "ip_app_count": 975,
          "ip_app_os_count": 950,
          "zero-minute": 26,
          "FutureClickCount_600-ip": 678,
          "FutureClickCount_600-app": 382,
          "FutureClickCount_600-ip-app": 199,
          "FutureClickCount_600-dev": 258,
          "FutureClickCount_600-ip-dev": 478,
          "FutureClickCount_600-app-dev": 411,
          "FutureClickCount_600-ip-app-dev": 152,
          "FutureClickCount_600-os": 315,
          "FutureClickCount_600-ip-os": 351,
          "FutureClickCount_600-app-os": 347,
          "FutureClickCount_600-ip-app-os": 193,
          "FutureClickCount_600-dev-os": 667,
          "FutureClickCount_600-ip-dev-os": 280,
          "FutureClickCount_600-app-dev-os": 528,
          "FutureClickCount_600-ip-app-dev-os": 323,
          "FutureClickCount_600-cha": 324,
          "FutureClickCount_600-ip-cha": 114,
          "FutureClickCount_600-app-cha": 525,
          "FutureClickCount_600-ip-app-cha": 102,
          "FutureClickCount_600-dev-cha": 279,
          "FutureClickCount_600-ip-dev-cha": 98,
          "FutureClickCount_600-app-dev-cha": 321,
          "FutureClickCount_600-ip-app-dev-cha": 84,
          "FutureClickCount_600-os-cha": 267,
          "FutureClickCount_600-ip-os-cha": 55,
          "FutureClickCount_600-app-os-cha": 286,
          "FutureClickCount_600-ip-app-os-cha": 53,
          "FutureClickCount_600-dev-os-cha": 290,
          "FutureClickCount_600-ip-dev-os-cha": 62,
          "FutureClickCount_600-app-dev-os-cha": 263,
          "FutureClickCount_600-ip-app-dev-os-cha": 86,
          "FutureClickCount_4800-ip": 1044,
          "FutureClickCount_4800-app": 282,
          "FutureClickCount_4800-ip-app": 308,
          "FutureClickCount_4800-dev": 66,
          "FutureClickCount_4800-ip-dev": 885,
          "FutureClickCount_4800-app-dev": 196,
          "FutureClickCount_4800-ip-app-dev": 303,
          "FutureClickCount_4800-os": 162,
          "FutureClickCount_4800-ip-os": 392,
          "FutureClickCount_4800-app-os": 365,
          "FutureClickCount_4800-ip-app-os": 247,
          "FutureClickCount_4800-dev-os": 228,
          "FutureClickCount_4800-ip-dev-os": 587,
          "FutureClickCount_4800-app-dev-os": 429,
          "FutureClickCount_4800-ip-app-dev-os": 289,
          "FutureClickCount_4800-cha": 273,
          "FutureClickCount_4800-ip-cha": 237,
          "FutureClickCount_4800-app-cha": 522,
          "FutureClickCount_4800-ip-app-cha": 170,
          "FutureClickCount_4800-dev-cha": 214,
          "FutureClickCount_4800-ip-dev-cha": 163,
          "FutureClickCount_4800-app-dev-cha": 257,
          "FutureClickCount_4800-ip-app-dev-cha": 126,
          "FutureClickCount_4800-os-cha": 268,
          "FutureClickCount_4800-ip-os-cha": 99,
          "FutureClickCount_4800-app-os-cha": 264,
          "FutureClickCount_4800-ip-app-os-cha": 89,
          "FutureClickCount_4800-dev-os-cha": 235,
          "FutureClickCount_4800-ip-dev-os-cha": 92,
          "FutureClickCount_4800-app-dev-os-cha": 274,
          "FutureClickCount_4800-ip-app-dev-os-cha": 75,
          "NextClickTimeDelta-ip": 596,
          "NextClickTimeDelta-app": 92,
          "NextClickTimeDelta-ip-app": 870,
          "NextClickTimeDelta-dev": 43,
          "NextClickTimeDelta-ip-dev": 455,
          "NextClickTimeDelta-app-dev": 71,
          "NextClickTimeDelta-ip-app-dev": 487,
          "NextClickTimeDelta-os": 69,
          "NextClickTimeDelta-ip-os": 585,
          "NextClickTimeDelta-app-os": 171,
          "NextClickTimeDelta-ip-app-os": 1370,
          "NextClickTimeDelta-dev-os": 88,
          "NextClickTimeDelta-ip-dev-os": 365,
          "NextClickTimeDelta-app-dev-os": 139,
          "NextClickTimeDelta-ip-app-dev-os": 2222,
          "NextClickTimeDelta-cha": 83,
          "NextClickTimeDelta-ip-cha": 498,
          "NextClickTimeDelta-app-cha": 131,
          "NextClickTimeDelta-ip-app-cha": 404,
          "NextClickTimeDelta-dev-cha": 68,
          "NextClickTimeDelta-ip-dev-cha": 290,
          "NextClickTimeDelta-app-dev-cha": 103,
          "NextClickTimeDelta-ip-app-dev-cha": 268,
          "NextClickTimeDelta-os-cha": 166,
          "NextClickTimeDelta-ip-os-cha": 384,
          "NextClickTimeDelta-app-os-cha": 254,
          "NextClickTimeDelta-ip-app-os-cha": 429,
          "NextClickTimeDelta-dev-os-cha": 175,
          "NextClickTimeDelta-ip-dev-os-cha": 265,
          "NextClickTimeDelta-app-dev-os-cha": 195,
          "NextClickTimeDelta-ip-app-dev-os-cha": 437,
          "PrevClickTimeDelta-ip": 487,
          "PrevClickTimeDelta-app": 80,
          "PrevClickTimeDelta-ip-app": 407,
          "PrevClickTimeDelta-dev": 47,
          "PrevClickTimeDelta-ip-dev": 295,
          "PrevClickTimeDelta-app-dev": 78,
          "PrevClickTimeDelta-ip-app-dev": 249,
          "PrevClickTimeDelta-os": 72,
          "PrevClickTimeDelta-ip-os": 457,
          "PrevClickTimeDelta-app-os": 136,
          "PrevClickTimeDelta-ip-app-os": 356,
          "PrevClickTimeDelta-dev-os": 80,
          "PrevClickTimeDelta-ip-dev-os": 243,
          "PrevClickTimeDelta-app-dev-os": 124,
          "PrevClickTimeDelta-ip-app-dev-os": 239,
          "PrevClickTimeDelta-cha": 73,
          "PrevClickTimeDelta-ip-cha": 382,
          "PrevClickTimeDelta-app-cha": 152,
          "PrevClickTimeDelta-ip-app-cha": 285,
          "PrevClickTimeDelta-dev-cha": 109,
          "PrevClickTimeDelta-ip-dev-cha": 247,
          "PrevClickTimeDelta-app-dev-cha": 99,
          "PrevClickTimeDelta-ip-app-dev-cha": 182,
          "PrevClickTimeDelta-os-cha": 155,
          "PrevClickTimeDelta-ip-os-cha": 258,
          "PrevClickTimeDelta-app-os-cha": 191,
          "PrevClickTimeDelta-ip-app-os-cha": 212,
          "PrevClickTimeDelta-dev-os-cha": 140,
          "PrevClickTimeDelta-ip-dev-os-cha": 126,
          "PrevClickTimeDelta-app-dev-os-cha": 168,
          "PrevClickTimeDelta-ip-app-dev-os-cha": 148,
          "AverageAttributedRatio-ip": 311,
          "AverageAttributedRatio-app": 350,
          "AverageAttributedRatio-ip-app": 266,
          "AverageAttributedRatio-dev": 465,
          "AverageAttributedRatio-ip-dev": 303,
          "AverageAttributedRatio-app-dev": 323,
          "AverageAttributedRatio-ip-app-dev": 345,
          "AverageAttributedRatio-os": 328,
          "AverageAttributedRatio-ip-os": 200,
          "AverageAttributedRatio-app-os": 343,
          "AverageAttributedRatio-ip-app-os": 84,
          "AverageAttributedRatio-dev-os": 243,
          "AverageAttributedRatio-ip-dev-os": 192,
          "AverageAttributedRatio-app-dev-os": 376,
          "AverageAttributedRatio-ip-app-dev-os": 78,
          "AverageAttributedRatio-cha": 268,
          "AverageAttributedRatio-ip-cha": 116,
          "AverageAttributedRatio-app-cha": 331,
          "AverageAttributedRatio-ip-app-cha": 108,
          "AverageAttributedRatio-dev-cha": 196,
          "AverageAttributedRatio-ip-dev-cha": 100,
          "AverageAttributedRatio-app-dev-cha": 243,
          "AverageAttributedRatio-ip-app-dev-cha": 107,
          "AverageAttributedRatio-os-cha": 263,
          "AverageAttributedRatio-ip-os-cha": 47,
          "AverageAttributedRatio-app-os-cha": 358,
          "AverageAttributedRatio-ip-app-os-cha": 51,
          "AverageAttributedRatio-dev-os-cha": 255,
          "AverageAttributedRatio-ip-dev-os-cha": 53,
          "AverageAttributedRatio-app-dev-os-cha": 329,
          "AverageAttributedRatio-ip-app-dev-os-cha": 23,
          "KomakiLDA5NoDevice-ip-app-0": 1119,
          "KomakiLDA5NoDevice-ip-app-1": 1008,
          "KomakiLDA5NoDevice-ip-app-2": 789,
          "KomakiLDA5NoDevice-ip-app-3": 592,
          "KomakiLDA5NoDevice-ip-app-4": 608,
          "KomakiLDA5NoDevice-ip-os-0": 616,
          "KomakiLDA5NoDevice-ip-os-1": 680,
          "KomakiLDA5NoDevice-ip-os-2": 687,
          "KomakiLDA5NoDevice-ip-os-3": 508,
          "KomakiLDA5NoDevice-ip-os-4": 505,
          "KomakiLDA5NoDevice-ip-channel-0": 606,
          "KomakiLDA5NoDevice-ip-channel-1": 692,
          "KomakiLDA5NoDevice-ip-channel-2": 745,
          "KomakiLDA5NoDevice-ip-channel-3": 756,
          "KomakiLDA5NoDevice-ip-channel-4": 885,
          "KomakiLDA5NoDevice-app-ip-0": 374,
          "KomakiLDA5NoDevice-app-ip-1": 311,
          "KomakiLDA5NoDevice-app-ip-2": 270,
          "KomakiLDA5NoDevice-app-ip-3": 379,
          "KomakiLDA5NoDevice-app-ip-4": 220,
          "KomakiLDA5NoDevice-app-os-0": 265,
          "KomakiLDA5NoDevice-app-os-1": 356,
          "KomakiLDA5NoDevice-app-os-2": 208,
          "KomakiLDA5NoDevice-app-os-3": 233,
          "KomakiLDA5NoDevice-app-os-4": 367,
          "KomakiLDA5NoDevice-app-channel-0": 271,
          "KomakiLDA5NoDevice-app-channel-1": 280,
          "KomakiLDA5NoDevice-app-channel-2": 284,
          "KomakiLDA5NoDevice-app-channel-3": 253,
          "KomakiLDA5NoDevice-app-channel-4": 143,
          "KomakiLDA5NoDevice-os-ip-0": 323,
          "KomakiLDA5NoDevice-os-ip-1": 232,
          "KomakiLDA5NoDevice-os-ip-2": 217,
          "KomakiLDA5NoDevice-os-ip-3": 166,
          "KomakiLDA5NoDevice-os-ip-4": 215,
          "KomakiLDA5NoDevice-os-app-0": 264,
          "KomakiLDA5NoDevice-os-app-1": 290,
          "KomakiLDA5NoDevice-os-app-2": 200,
          "KomakiLDA5NoDevice-os-app-3": 241,
          "KomakiLDA5NoDevice-os-app-4": 200,
          "KomakiLDA5NoDevice-os-channel-0": 297,
          "KomakiLDA5NoDevice-os-channel-1": 224,
          "KomakiLDA5NoDevice-os-channel-2": 170,
          "KomakiLDA5NoDevice-os-channel-3": 214,
          "KomakiLDA5NoDevice-os-channel-4": 197,
          "KomakiLDA5NoDevice-channel-ip-0": 225,
          "KomakiLDA5NoDevice-channel-ip-1": 294,
          "KomakiLDA5NoDevice-channel-ip-2": 299,
          "KomakiLDA5NoDevice-channel-ip-3": 299,
          "KomakiLDA5NoDevice-channel-ip-4": 260,
          "KomakiLDA5NoDevice-channel-app-0": 280,
          "KomakiLDA5NoDevice-channel-app-1": 235,
          "KomakiLDA5NoDevice-channel-app-2": 278,
          "KomakiLDA5NoDevice-channel-app-3": 235,
          "KomakiLDA5NoDevice-channel-app-4": 268,
          "KomakiLDA5NoDevice-channel-os-0": 273,
          "KomakiLDA5NoDevice-channel-os-1": 284,
          "KomakiLDA5NoDevice-channel-os-2": 293,
          "KomakiLDA5NoDevice-channel-os-3": 260,
          "KomakiLDA5NoDevice-channel-os-4": 231
        }
      },
      {
        "train_auc": 0.9918833754634143,
        "valid_auc": 0.9836556844433251,
        "best_iteration": 430,
        "train_time": 242.31141877174377,
        "feature_importance": {
          "ip": 2426,
          "os": 988,
          "app": 1300,
          "channel": 2010,
          "hour": 1514,
          "n_channels": 1030,
          "ip_app_count": 968,
          "ip_app_os_count": 894,
          "zero-minute": 23,
          "FutureClickCount_600-ip": 658,
          "FutureClickCount_600-app": 428,
          "FutureClickCount_600-ip-app": 202,
          "FutureClickCount_600-dev": 250,
          "FutureClickCount_600-ip-dev": 475,
          "FutureClickCount_600-app-dev": 415,
          "FutureClickCount_600-ip-app-dev": 158,
          "FutureClickCount_600-os": 243,
          "FutureClickCount_600-ip-os": 340,
          "FutureClickCount_600-app-os": 331,
          "FutureClickCount_600-ip-app-os": 214,
          "FutureClickCount_600-dev-os": 647,
          "FutureClickCount_600-ip-dev-os": 298,
          "FutureClickCount_600-app-dev-os": 538,
          "FutureClickCount_600-ip-app-dev-os": 330,
          "FutureClickCount_600-cha": 356,
          "FutureClickCount_600-ip-cha": 114,
          "FutureClickCount_600-app-cha": 485,
          "FutureClickCount_600-ip-app-cha": 103,
          "FutureClickCount_600-dev-cha": 276,
          "FutureClickCount_600-ip-dev-cha": 81,
          "FutureClickCount_600-app-dev-cha": 291,
          "FutureClickCount_600-ip-app-dev-cha": 79,
          "FutureClickCount_600-os-cha": 267,
          "FutureClickCount_600-ip-os-cha": 64,
          "FutureClickCount_600-app-os-cha": 277,
          "FutureClickCount_600-ip-app-os-cha": 61,
          "FutureClickCount_600-dev-os-cha": 283,
          "FutureClickCount_600-ip-dev-os-cha": 59,
          "FutureClickCount_600-app-dev-os-cha": 261,
          "FutureClickCount_600-ip-app-dev-os-cha": 61,
          "FutureClickCount_4800-ip": 1018,
          "FutureClickCount_4800-app": 272,
          "FutureClickCount_4800-ip-app": 329,
          "FutureClickCount_4800-dev": 74,
          "FutureClickCount_4800-ip-dev": 977,
          "FutureClickCount_4800-app-dev": 170,
          "FutureClickCount_4800-ip-app-dev": 261,
          "FutureClickCount_4800-os": 168,
          "FutureClickCount_4800-ip-os": 443,
          "FutureClickCount_4800-app-os": 311,
          "FutureClickCount_4800-ip-app-os": 254,
          "FutureClickCount_4800-dev-os": 210,
          "FutureClickCount_4800-ip-dev-os": 575,
          "FutureClickCount_4800-app-dev-os": 464,
          "FutureClickCount_4800-ip-app-dev-os": 308,
          "FutureClickCount_4800-cha": 277,
          "FutureClickCount_4800-ip-cha": 233,
          "FutureClickCount_4800-app-cha": 455,
          "FutureClickCount_4800-ip-app-cha": 159,
          "FutureClickCount_4800-dev-cha": 203,
          "FutureClickCount_4800-ip-dev-cha": 191,
          "FutureClickCount_4800-app-dev-cha": 232,
          "FutureClickCount_4800-ip-app-dev-cha": 116,
          "FutureClickCount_4800-os-cha": 228,
          "FutureClickCount_4800-ip-os-cha": 103,
          "FutureClickCount_4800-app-os-cha": 265,
          "FutureClickCount_4800-ip-app-os-cha": 86,
          "FutureClickCount_4800-dev-os-cha": 270,
          "FutureClickCount_4800-ip-dev-os-cha": 87,
          "FutureClickCount_4800-app-dev-os-cha": 272,
          "FutureClickCount_4800-ip-app-dev-os-cha": 95,
          "NextClickTimeDelta-ip": 549,
          "NextClickTimeDelta-app": 102,
          "NextClickTimeDelta-ip-app": 810,
          "NextClickTimeDelta-dev": 51,
          "NextClickTimeDelta-ip-dev": 472,
          "NextClickTimeDelta-app-dev": 80,
          "NextClickTimeDelta-ip-app-dev": 510,
          "NextClickTimeDelta-os": 63,
          "NextClickTimeDelta-ip-os": 592,
          "NextClickTimeDelta-app-os": 167,
          "NextClickTimeDelta-ip-app-os": 1347,
          "NextClickTimeDelta-dev-os": 60,
          "NextClickTimeDelta-ip-dev-os": 343,
          "NextClickTimeDelta-app-dev-os": 162,
          "NextClickTimeDelta-ip-app-dev-os": 2183,
          "NextClickTimeDelta-cha": 137,
          "NextClickTimeDelta-ip-cha": 524,
          "NextClickTimeDelta-app-cha": 137,
          "NextClickTimeDelta-ip-app-cha": 377,
          "NextClickTimeDelta-dev-cha": 84,
          "NextClickTimeDelta-ip-dev-cha": 258,
          "NextClickTimeDelta-app-dev-cha": 110,
          "NextClickTimeDelta-ip-app-dev-cha": 321,
          "NextClickTimeDelta-os-cha": 157,
          "NextClickTimeDelta-ip-os-cha": 400,
          "NextClickTimeDelta-app-os-cha": 221,
          "NextClickTimeDelta-ip-app-os-cha": 420,
          "NextClickTimeDelta-dev-os-cha": 184,
          "NextClickTimeDelta-ip-dev-os-cha": 244,
          "NextClickTimeDelta-app-dev-os-cha": 163,
          "NextClickTimeDelta-ip-app-dev-os-cha": 436,
          "PrevClickTimeDelta-ip": 568,
          "PrevClickTimeDelta-app": 82,
          "PrevClickTimeDelta-ip-app": 450,
          "PrevClickTimeDelta-dev": 50,
          "PrevClickTimeDelta-ip-dev": 349,
          "PrevClickTimeDelta-app-dev": 84,
          "PrevClickTimeDelta-ip-app-dev": 278,
          "PrevClickTimeDelta-os": 73,
          "PrevClickTimeDelta-ip-os": 466,
          "PrevClickTimeDelta-app-os": 156,
          "PrevClickTimeDelta-ip-app-os": 313,
          "PrevClickTimeDelta-dev-os": 61,
          "PrevClickTimeDelta-ip-dev-os": 261,
          "PrevClickTimeDelta-app-dev-os": 127,
          "PrevClickTimeDelta-ip-app-dev-os": 244,
          "PrevClickTimeDelta-cha": 91,
          "PrevClickTimeDelta-ip-cha": 361,
          "PrevClickTimeDelta-app-cha": 139,
          "PrevClickTimeDelta-ip-app-cha": 251,
          "PrevClickTimeDelta-dev-cha": 87,
          "PrevClickTimeDelta-ip-dev-cha": 234,
          "PrevClickTimeDelta-app-dev-cha": 111,
          "PrevClickTimeDelta-ip-app-dev-cha": 189,
          "PrevClickTimeDelta-os-cha": 176,
          "PrevClickTimeDelta-ip-os-cha": 259,
          "PrevClickTimeDelta-app-os-cha": 211,
          "PrevClickTimeDelta-ip-app-os-cha": 202,
          "PrevClickTimeDelta-dev-os-cha": 183,
          "PrevClickTimeDelta-ip-dev-os-cha": 167,
          "PrevClickTimeDelta-app-dev-os-cha": 154,
          "PrevClickTimeDelta-ip-app-dev-os-cha": 149,
          "AverageAttributedRatio-ip": 311,
          "AverageAttributedRatio-app": 360,
          "AverageAttributedRatio-ip-app": 312,
          "AverageAttributedRatio-dev": 455,
          "AverageAttributedRatio-ip-dev": 317,
          "AverageAttributedRatio-app-dev": 298,
          "AverageAttributedRatio-ip-app-dev": 335,
          "AverageAttributedRatio-os": 321,
          "AverageAttributedRatio-ip-os": 220,
          "AverageAttributedRatio-app-os": 336,
          "AverageAttributedRatio-ip-app-os": 96,
          "AverageAttributedRatio-dev-os": 246,
          "AverageAttributedRatio-ip-dev-os": 182,
          "AverageAttributedRatio-app-dev-os": 332,
          "AverageAttributedRatio-ip-app-dev-os": 59,
          "AverageAttributedRatio-cha": 256,
          "AverageAttributedRatio-ip-cha": 132,
          "AverageAttributedRatio-app-cha": 313,
          "AverageAttributedRatio-ip-app-cha": 96,
          "AverageAttributedRatio-dev-cha": 195,
          "AverageAttributedRatio-ip-dev-cha": 86,
          "AverageAttributedRatio-app-dev-cha": 272,
          "AverageAttributedRatio-ip-app-dev-cha": 62,
          "AverageAttributedRatio-os-cha": 258,
          "AverageAttributedRatio-ip-os-cha": 55,
          "AverageAttributedRatio-app-os-cha": 333,
          "AverageAttributedRatio-ip-app-os-cha": 36,
          "AverageAttributedRatio-dev-os-cha": 223,
          "AverageAttributedRatio-ip-dev-os-cha": 35,
          "AverageAttributedRatio-app-dev-os-cha": 345,
          "AverageAttributedRatio-ip-app-dev-os-cha": 26,
          "KomakiLDA5NoDevice-ip-app-0": 1127,
          "KomakiLDA5NoDevice-ip-app-1": 926,
          "KomakiLDA5NoDevice-ip-app-2": 792,
          "KomakiLDA5NoDevice-ip-app-3": 608,
          "KomakiLDA5NoDevice-ip-app-4": 548,
          "KomakiLDA5NoDevice-ip-os-0": 546,
          "KomakiLDA5NoDevice-ip-os-1": 679,
          "KomakiLDA5NoDevice-ip-os-2": 699,
          "KomakiLDA5NoDevice-ip-os-3": 563,
          "KomakiLDA5NoDevice-ip-os-4": 504,
          "KomakiLDA5NoDevice-ip-channel-0": 592,
          "KomakiLDA5NoDevice-ip-channel-1": 725,
          "KomakiLDA5NoDevice-ip-channel-2": 748,
          "KomakiLDA5NoDevice-ip-channel-3": 777,
          "KomakiLDA5NoDevice-ip-channel-4": 877,
          "KomakiLDA5NoDevice-app-ip-0": 425,
          "KomakiLDA5NoDevice-app-ip-1": 282,
          "KomakiLDA5NoDevice-app-ip-2": 264,
          "KomakiLDA5NoDevice-app-ip-3": 380,
          "KomakiLDA5NoDevice-app-ip-4": 269,
          "KomakiLDA5NoDevice-app-os-0": 219,
          "KomakiLDA5NoDevice-app-os-1": 335,
          "KomakiLDA5NoDevice-app-os-2": 237,
          "KomakiLDA5NoDevice-app-os-3": 198,
          "KomakiLDA5NoDevice-app-os-4": 387,
          "KomakiLDA5NoDevice-app-channel-0": 264,
          "KomakiLDA5NoDevice-app-channel-1": 272,
          "KomakiLDA5NoDevice-app-channel-2": 265,
          "KomakiLDA5NoDevice-app-channel-3": 287,
          "KomakiLDA5NoDevice-app-channel-4": 197,
          "KomakiLDA5NoDevice-os-ip-0": 288,
          "KomakiLDA5NoDevice-os-ip-1": 252,
          "KomakiLDA5NoDevice-os-ip-2": 233,
          "KomakiLDA5NoDevice-os-ip-3": 186,
          "KomakiLDA5NoDevice-os-ip-4": 226,
          "KomakiLDA5NoDevice-os-app-0": 301,
          "KomakiLDA5NoDevice-os-app-1": 297,
          "KomakiLDA5NoDevice-os-app-2": 175,
          "KomakiLDA5NoDevice-os-app-3": 244,
          "KomakiLDA5NoDevice-os-app-4": 187,
          "KomakiLDA5NoDevice-os-channel-0": 325,
          "KomakiLDA5NoDevice-os-channel-1": 151,
          "KomakiLDA5NoDevice-os-channel-2": 194,
          "KomakiLDA5NoDevice-os-channel-3": 247,
          "KomakiLDA5NoDevice-os-channel-4": 196,
          "KomakiLDA5NoDevice-channel-ip-0": 244,
          "KomakiLDA5NoDevice-channel-ip-1": 335,
          "KomakiLDA5NoDevice-channel-ip-2": 286,
          "KomakiLDA5NoDevice-channel-ip-3": 325,
          "KomakiLDA5NoDevice-channel-ip-4": 282,
          "KomakiLDA5NoDevice-channel-app-0": 304,
          "KomakiLDA5NoDevice-channel-app-1": 216,
          "KomakiLDA5NoDevice-channel-app-2": 249,
          "KomakiLDA5NoDevice-channel-app-3": 206,
          "KomakiLDA5NoDevice-channel-app-4": 239,
          "KomakiLDA5NoDevice-channel-os-0": 298,
          "KomakiLDA5NoDevice-channel-os-1": 315,
          "KomakiLDA5NoDevice-channel-os-2": 310,
          "KomakiLDA5NoDevice-channel-os-3": 266,
          "KomakiLDA5NoDevice-channel-os-4": 240
        }
      },
      {
        "train_auc": 0.9919817556377213,
        "valid_auc": 0.9838131454680968,
        "best_iteration": 430,
        "train_time": 254.43311643600464,
        "feature_importance": {
          "ip": 2434,
          "os": 965,
          "app": 1328,
          "channel": 2038,
          "hour": 1511,
          "n_channels": 1029,
          "ip_app_count": 984,
          "ip_app_os_count": 921,
          "zero-minute": 14,
          "FutureClickCount_600-ip": 620,
          "FutureClickCount_600-app": 401,
          "FutureClickCount_600-ip-app": 200,
          "FutureClickCount_600-dev": 275,
          "FutureClickCount_600-ip-dev": 469,
          "FutureClickCount_600-app-dev": 412,
          "FutureClickCount_600-ip-app-dev": 149,
          "FutureClickCount_600-os": 267,
          "FutureClickCount_600-ip-os": 347,
          "FutureClickCount_600-app-os": 334,
          "FutureClickCount_600-ip-app-os": 203,
          "FutureClickCount_600-dev-os": 616,
          "FutureClickCount_600-ip-dev-os": 277,
          "FutureClickCount_600-app-dev-os": 529,
          "FutureClickCount_600-ip-app-dev-os": 319,
          "FutureClickCount_600-cha": 402,
          "FutureClickCount_600-ip-cha": 107,
          "FutureClickCount_600-app-cha": 533,
          "FutureClickCount_600-ip-app-cha": 90,
          "FutureClickCount_600-dev-cha": 280,
          "FutureClickCount_600-ip-dev-cha": 106,
          "FutureClickCount_600-app-dev-cha": 300,
          "FutureClickCount_600-ip-app-dev-cha": 74,
          "FutureClickCount_600-os-cha": 254,
          "FutureClickCount_600-ip-os-cha": 53,
          "FutureClickCount_600-app-os-cha": 301,
          "FutureClickCount_600-ip-app-os-cha": 62,
          "FutureClickCount_600-dev-os-cha": 275,
          "FutureClickCount_600-ip-dev-os-cha": 61,
          "FutureClickCount_600-app-dev-os-cha": 278,
          "FutureClickCount_600-ip-app-dev-os-cha": 66,
          "FutureClickCount_4800-ip": 1056,
          "FutureClickCount_4800-app": 277,
          "FutureClickCount_4800-ip-app": 354,
          "FutureClickCount_4800-dev": 85,
          "FutureClickCount_4800-ip-dev": 924,
          "FutureClickCount_4800-app-dev": 203,
          "FutureClickCount_4800-ip-app-dev": 223,
          "FutureClickCount_4800-os": 153,
          "FutureClickCount_4800-ip-os": 441,
          "FutureClickCount_4800-app-os": 328,
          "FutureClickCount_4800-ip-app-os": 273,
          "FutureClickCount_4800-dev-os": 221,
          "FutureClickCount_4800-ip-dev-os": 578,
          "FutureClickCount_4800-app-dev-os": 436,
          "FutureClickCount_4800-ip-app-dev-os": 296,
          "FutureClickCount_4800-cha": 241,
          "FutureClickCount_4800-ip-cha": 207,
          "FutureClickCount_4800-app-cha": 517,
          "FutureClickCount_4800-ip-app-cha": 146,
          "FutureClickCount_4800-dev-cha": 199,
          "FutureClickCount_4800-ip-dev-cha": 199,
          "FutureClickCount_4800-app-dev-cha": 232,
          "FutureClickCount_4800-ip-app-dev-cha": 124,
          "FutureClickCount_4800-os-cha": 273,
          "FutureClickCount_4800-ip-os-cha": 112,
          "FutureClickCount_4800-app-os-cha": 285,
          "FutureClickCount_4800-ip-app-os-cha": 93,
          "FutureClickCount_4800-dev-os-cha": 233,
          "FutureClickCount_4800-ip-dev-os-cha": 109,
          "FutureClickCount_4800-app-dev-os-cha": 244,
          "FutureClickCount_4800-ip-app-dev-os-cha": 68,
          "NextClickTimeDelta-ip": 630,
          "NextClickTimeDelta-app": 101,
          "NextClickTimeDelta-ip-app": 805,
          "NextClickTimeDelta-dev": 56,
          "NextClickTimeDelta-ip-dev": 461,
          "NextClickTimeDelta-app-dev": 83,
          "NextClickTimeDelta-ip-app-dev": 481,
          "NextClickTimeDelta-os": 91,
          "NextClickTimeDelta-ip-os": 610,
          "NextClickTimeDelta-app-os": 169,
          "NextClickTimeDelta-ip-app-os": 1368,
          "NextClickTimeDelta-dev-os": 92,
          "NextClickTimeDelta-ip-dev-os": 396,
          "NextClickTimeDelta-app-dev-os": 114,
          "NextClickTimeDelta-ip-app-dev-os": 2194,
          "NextClickTimeDelta-cha": 113,
          "NextClickTimeDelta-ip-cha": 507,
          "NextClickTimeDelta-app-cha": 165,
          "NextClickTimeDelta-ip-app-cha": 410,
          "NextClickTimeDelta-dev-cha": 88,
          "NextClickTimeDelta-ip-dev-cha": 298,
          "NextClickTimeDelta-app-dev-cha": 121,
          "NextClickTimeDelta-ip-app-dev-cha": 272,
          "NextClickTimeDelta-os-cha": 171,
          "NextClickTimeDelta-ip-os-cha": 360,
          "NextClickTimeDelta-app-os-cha": 197,
          "NextClickTimeDelta-ip-app-os-cha": 480,
          "NextClickTimeDelta-dev-os-cha": 177,
          "NextClickTimeDelta-ip-dev-os-cha": 260,
          "NextClickTimeDelta-app-dev-os-cha": 150,
          "NextClickTimeDelta-ip-app-dev-os-cha": 403,
          "PrevClickTimeDelta-ip": 489,
          "PrevClickTimeDelta-app": 93,
          "PrevClickTimeDelta-ip-app": 396,
          "PrevClickTimeDelta-dev": 49,
          "PrevClickTimeDelta-ip-dev": 338,
          "PrevClickTimeDelta-app-dev": 65,
          "PrevClickTimeDelta-ip-app-dev": 268,
          "PrevClickTimeDelta-os": 104,
          "PrevClickTimeDelta-ip-os": 482,
          "PrevClickTimeDelta-app-os": 154,
          "PrevClickTimeDelta-ip-app-os": 352,
          "PrevClickTimeDelta-dev-os": 46,
          "PrevClickTimeDelta-ip-dev-os": 244,
          "PrevClickTimeDelta-app-dev-os": 137,
          "PrevClickTimeDelta-ip-app-dev-os": 224,
          "PrevClickTimeDelta-cha": 66,
          "PrevClickTimeDelta-ip-cha": 368,
          "PrevClickTimeDelta-app-cha": 143,
          "PrevClickTimeDelta-ip-app-cha": 248,
          "PrevClickTimeDelta-dev-cha": 76,
          "PrevClickTimeDelta-ip-dev-cha": 257,
          "PrevClickTimeDelta-app-dev-cha": 104,
          "PrevClickTimeDelta-ip-app-dev-cha": 183,
          "PrevClickTimeDelta-os-cha": 163,
          "PrevClickTimeDelta-ip-os-cha": 188,
          "PrevClickTimeDelta-app-os-cha": 164,
          "PrevClickTimeDelta-ip-app-os-cha": 228,
          "PrevClickTimeDelta-dev-os-cha": 145,
          "PrevClickTimeDelta-ip-dev-os-cha": 165,
          "PrevClickTimeDelta-app-dev-os-cha": 168,
          "PrevClickTimeDelta-ip-app-dev-os-cha": 154,
          "AverageAttributedRatio-ip": 302,
          "AverageAttributedRatio-app": 340,
          "AverageAttributedRatio-ip-app": 274,
          "AverageAttributedRatio-dev": 468,
          "AverageAttributedRatio-ip-dev": 285,
          "AverageAttributedRatio-app-dev": 302,
          "AverageAttributedRatio-ip-app-dev": 328,
          "AverageAttributedRatio-os": 288,
          "AverageAttributedRatio-ip-os": 199,
          "AverageAttributedRatio-app-os": 327,
          "AverageAttributedRatio-ip-app-os": 106,
          "AverageAttributedRatio-dev-os": 237,
          "AverageAttributedRatio-ip-dev-os": 182,
          "AverageAttributedRatio-app-dev-os": 338,
          "AverageAttributedRatio-ip-app-dev-os": 66,
          "AverageAttributedRatio-cha": 290,
          "AverageAttributedRatio-ip-cha": 144,
          "AverageAttributedRatio-app-cha": 307,
          "AverageAttributedRatio-ip-app-cha": 98,
          "AverageAttributedRatio-dev-cha": 141,
          "AverageAttributedRatio-ip-dev-cha": 105,
          "AverageAttributedRatio-app-dev-cha": 242,
          "AverageAttributedRatio-ip-app-dev-cha": 76,
          "AverageAttributedRatio-os-cha": 262,
          "AverageAttributedRatio-ip-os-cha": 43,
          "AverageAttributedRatio-app-os-cha": 400,
          "AverageAttributedRatio-ip-app-os-cha": 43,
          "AverageAttributedRatio-dev-os-cha": 216,
          "AverageAttributedRatio-ip-dev-os-cha": 45,
          "AverageAttributedRatio-app-dev-os-cha": 344,
          "AverageAttributedRatio-ip-app-dev-os-cha": 31,
          "KomakiLDA5NoDevice-ip-app-0": 1063,
          "KomakiLDA5NoDevice-ip-app-1": 941,
          "KomakiLDA5NoDevice-ip-app-2": 782,
          "KomakiLDA5NoDevice-ip-app-3": 615,
          "KomakiLDA5NoDevice-ip-app-4": 565,
          "KomakiLDA5NoDevice-ip-os-0": 595,
          "KomakiLDA5NoDevice-ip-os-1": 660,
          "KomakiLDA5NoDevice-ip-os-2": 698,
          "KomakiLDA5NoDevice-ip-os-3": 538,
          "KomakiLDA5NoDevice-ip-os-4": 501,
          "KomakiLDA5NoDevice-ip-channel-0": 550,
          "KomakiLDA5NoDevice-ip-channel-1": 721,
          "KomakiLDA5NoDevice-ip-channel-2": 743,
          "KomakiLDA5NoDevice-ip-channel-3": 768,
          "KomakiLDA5NoDevice-ip-channel-4": 881,
          "KomakiLDA5NoDevice-app-ip-0": 397,
          "KomakiLDA5NoDevice-app-ip-1": 267,
          "KomakiLDA5NoDevice-app-ip-2": 267,
          "KomakiLDA5NoDevice-app-ip-3": 390,
          "KomakiLDA5NoDevice-app-ip-4": 252,
          "KomakiLDA5NoDevice-app-os-0": 255,
          "KomakiLDA5NoDevice-app-os-1": 329,
          "KomakiLDA5NoDevice-app-os-2": 259,
          "KomakiLDA5NoDevice-app-os-3": 251,
          "KomakiLDA5NoDevice-app-os-4": 323,
          "KomakiLDA5NoDevice-app-channel-0": 281,
          "KomakiLDA5NoDevice-app-channel-1": 290,
          "KomakiLDA5NoDevice-app-channel-2": 275,
          "KomakiLDA5NoDevice-app-channel-3": 279,
          "KomakiLDA5NoDevice-app-channel-4": 166,
          "KomakiLDA5NoDevice-os-ip-0": 315,
          "KomakiLDA5NoDevice-os-ip-1": 268,
          "KomakiLDA5NoDevice-os-ip-2": 232,
          "KomakiLDA5NoDevice-os-ip-3": 203,
          "KomakiLDA5NoDevice-os-ip-4": 224,
          "KomakiLDA5NoDevice-os-app-0": 279,
          "KomakiLDA5NoDevice-os-app-1": 304,
          "KomakiLDA5NoDevice-os-app-2": 233,
          "KomakiLDA5NoDevice-os-app-3": 170,
          "KomakiLDA5NoDevice-os-app-4": 158,
          "KomakiLDA5NoDevice-os-channel-0": 343,
          "KomakiLDA5NoDevice-os-channel-1": 191,
          "KomakiLDA5NoDevice-os-channel-2": 184,
          "KomakiLDA5NoDevice-os-channel-3": 278,
          "KomakiLDA5NoDevice-os-channel-4": 235,
          "KomakiLDA5NoDevice-channel-ip-0": 233,
          "KomakiLDA5NoDevice-channel-ip-1": 292,
          "KomakiLDA5NoDevice-channel-ip-2": 272,
          "KomakiLDA5NoDevice-channel-ip-3": 312,
          "KomakiLDA5NoDevice-channel-ip-4": 251,
          "KomakiLDA5NoDevice-channel-app-0": 288,
          "KomakiLDA5NoDevice-channel-app-1": 263,
          "KomakiLDA5NoDevice-channel-app-2": 272,
          "KomakiLDA5NoDevice-channel-app-3": 228,
          "KomakiLDA5NoDevice-channel-app-4": 233,
          "KomakiLDA5NoDevice-channel-os-0": 293,
          "KomakiLDA5NoDevice-channel-os-1": 308,
          "KomakiLDA5NoDevice-channel-os-2": 304,
          "KomakiLDA5NoDevice-channel-os-3": 257,
          "KomakiLDA5NoDevice-channel-os-4": 245
        }
      }
    ],
    "average_train_auc": 0.991655435370571,
    "average_valid_auc": 0.983683663615663,
    "train_auc_std": 0.00046220357072595435,
    "valid_auc_std": 0.0001036910086651361,
    "average_train_time": 238.6788378238678
  },
  "config": {
    "features": [
      "ip",
      "os",
      "app",
      "channel",
      "hour",
      "count",
      "zero-minute",
      "future_click_count_10",
      "future_click_count_80",
      "next_click_time_delta",
      "prev_click_time_delta",
      "average_attributed_ratio",
      "komaki_lda_5_no_device"
    ],
    "model": {
      "name": "lightgbm",
      "model_params": {
        "boosting_type": "gbdt",
        "objective": "binary",
        "metric": "auc",
        "learning_rate": 0.03,
        "num_leaves": 255,
        "max_depth": 8,
        "min_child_samples": 10,
        "max_bin": 100,
        "subsample": 0.7,
        "subsample_freq": 1,
        "colsample_bytree": 0.7,
        "min_child_weight": 0,
        "subsample_for_bin": 200000,
        "min_split_gain": 0,
        "reg_alpha": 0,
        "reg_lambda": 0,
        "verbose": 0
      },
      "train_params": {
        "num_boost_round": 1000,
        "early_stopping_rounds": 30
      }
    },
    "dataset": {
      "input_directory": "data/input/",
      "cache_directory": "data/working/",
      "validation_ratio": 0.33333333333,
      "full_data_train": true,
      "files": {
        "train": "train.feather",
        "test": "old_test.feather"
      },
      "negative_down_sampling": {
        "enabled": true,
        "bagging_size": 5,
        "random_state": 114514
      }
    },
    "note": "29 + is-zero-minute"
  }
}