{
  "features": [
    "app",
    "hour",
    "count",
    "duplicated_row_index_diff",
    "future_click_count_10",
    "future_click_count_80",
    "next_click_time_delta",
    "prev_click_time_delta",
    "average_attributed_ratio",
    "komaki_lda_10_no_device_1",
    "komaki_lda_10_no_device_2",
    "komaki_nmf_5_no_device",
    "komaki_pca_5_no_device"
  ],
  "model": {
    "name": "lightgbm",
    "model_params": {
      "boosting_type": "gbdt",
      "objective": "binary",
      "metric": "auc",
      "learning_rate": 0.03,
      "num_leaves": 255,
      "max_depth": 8,
      "min_child_samples": 50,
      "subsample": 0.8,
      "subsample_freq": 1,
      "colsample_bytree": 0.7,
      "min_child_weight": 0,
      "subsample_for_bin": 1000000,
      "min_split_gain": 0,
      "reg_lambda": 0,
      "verbose": 0
    },
    "train_params": {
      "num_boost_round": 2000,
      "early_stopping_rounds": 30
    }
  },
  "dataset": {
    "input_directory": "data/input/",
    "cache_directory": "data/working/",
    "files": {
      "train": "train.feather",
      "test": "old_test.feather"
    },
    "negative_down_sampling": {
      "enabled": true,
      "bagging_size": 5
    }
  },
  "rank_average": true,
  "note": "71 with subsample = 0.8"
}